raw_affiliation_string,works,previously_assigned_to,previously_assigned_ids,previously_counted_via_lineage
Plymouth#N#        University,305,,,no
"Plymouth University Peninsula Schools of Medicine and Dentistry, Plymouth, UK",91,Peninsula College of Medicine and Dentistry,I85788879,no
"Peninsula Dental School, Plymouth, UK",58,Peninsula College of Medicine and Dentistry,I85788879,no
Plymouth University Peninsula Schools of Medicine and Dentistry,46,Peninsula College of Medicine and Dentistry,I85788879,no
"Peninsula Dental School, Plymouth, United Kingdom",28,Peninsula College of Medicine and Dentistry,I85788879,no
"Peninsula Medical School, Universities of Exeter and Plymouth",28,Peninsula College of Medicine and Dentistry,I85788879,no
"Plymouth University Peninsula Schools of Medicine and Dentistry, Plymouth, United Kingdom",25,Peninsula College of Medicine and Dentistry,I85788879,no
"Plymouth University, Peninsula Schools of Medicine and Dentistry, Plymouth, UK",25,,,no
"Peninsula Schools of Medicine and Dentistry, Plymouth University, Plymouth, UK",24,,,no
"Plymouth University Peninsula School of Medicine and Dentistry, Plymouth, UK",18,,,no
"Plymouth University Peninsula School of Medicine and Dentistry, Cornwall, UK",17,Peninsula College of Medicine and Dentistry,I85788879,no
Plymouth University Peninsula Schools of Medicine and Dentistry Plymouth UK,16,Peninsula College of Medicine and Dentistry,I85788879,no
"School of Geography, Earth and Environmental Sciences [Plymouth]",16,,,no
Universities of Exeter and Plymouth,15,Phillips Exeter Academy,I2800015558,no
Universities of Exeter & Plymouth,14,Phillips Exeter Academy,I2800015558,no
"Faculty of Maritime Studies, Plymouth Polytechnic",12,California Maritime Academy,I230604491,no
"Jesus College, University of Oxford, UK,Plymouth University, UK",12,University of Oxford,I40120149,no
"Lecturer, Plymouth College of Further Education",12,Arts University Plymouth,I2801530513,no
Peninsula Medical School Universities of Exeter and Plymouth,12,Peninsula College of Medicine and Dentistry,I85788879,no
"Plymouth University Peninsula Schools of Medicine and Dentistry; Peninsula Dental School; The John Bull Building, Tamar Science Park, Plymouth UK PL6 8BU",12,Peninsula College of Medicine and Dentistry,I85788879,no
"Institute of Clinical Education, Peninsula Medical School, Plymouth, UK",11,Peninsula College of Medicine and Dentistry,I85788879,no
"Peninsula Clinical Trials Unit, Plymouth University Peninsula Schools of Medicine and Dentistry, Plymouth, UK",11,Peninsula College of Medicine and Dentistry,I85788879,no
"Plymouth University, USA",11,Plymouth State University,I89312276,no
Plymouth Business School,10,,,no
Plymouth University at Strode College,9,Strode College,I2800426086,no
"Primary Care Group, Plymouth University Peninsula Schools of Medicine and Dentistry, Plymouth, UK",9,Peninsula College of Medicine and Dentistry,I85788879,no
"School of Biomedical and Healthcare Sciences, Plymouth University Peninsula Schools of Medicine and Dentistry, Plymouth, UK",9,,,no
"Department of Electrical and Computer Engineering, University of California, San Diego, and The Centre for Maritime and Coastal Systems, University of Plymouth",8,University of California San Diego,I36258959,no
"Department of Environmental Sciences, Polytechnic South West, Plymouth, UK",8,,,no
"MLA College, Plymouth, UK",8,Arts University Plymouth,I2801530513,no
"Peninsula Medical School, Plymouth University, Plymouth, UK",8,,,no
"School of Architecture, Plymouth Polytechnic",8,,,no
"Clinical Neurology Research Group, Plymouth University Peninsula Schools of Medicine and Dentistry, Plymouth, UK",7,,,no
"Department of Endocrinology and Metabolism, Peninsula Medical School, Plymouth, UK",7,Peninsula College of Medicine and Dentistry,I85788879,no
"Department of Psychology, Plymouth Polytechnic",7,,,no
"Institute of Translational and Stratified Medicine, Plymouth University Peninsula Schools of Medicine and Dentistry, Plymouth, UK",7,,,no
"Peninsula Dental School, Plymouth University Peninsula Schools of Medicine and Dentistry, Plymouth, UK",7,Peninsula College of Medicine and Dentistry,I85788879,no
Peninsula Schools of Medicine and Dentistry Plymouth University Plymouth UK,7,Peninsula College of Medicine and Dentistry,I85788879,no
Plymouth U,7,,,no
"Plymouth University Peninsula Schools of Medicine and Dentistry, UK",7,Peninsula College of Medicine and Dentistry,I85788879,no
"Plymouth University Peninsula Schools of Medicine and Dentistry; The John Bull Building, Tamar Science Park, Research Way Plymouth UK PL6 8BU",7,,,no
"Primary Care Group, Plymouth University Peninsula Schools of Medicine and Dentistry, Plymouth, Devon, UK",7,Peninsula College of Medicine and Dentistry,I85788879,no
"Respiratory Research Unit, Peninsula Medical School, Plymouth, UK",7,Peninsula College of Medicine and Dentistry,I85788879,no
"Department of Electrical & Electronic Engineering, Plymouth Polytechnic, Plymouth, UK",6,,,no
Department of Psychology Plymouth Polytechnic,6,,,no
Faculty of Arts and Humanities Plymouth Institute of Education,6,,,no
"John Graymore Chemistry Laboratories, Department of Environmental Sciences, Plymouth Polytechnic, Plymouth PL4 8AA, Devon, England",6,Plymouth Marine Laboratory,I2802566253,no
"Peninsula CLAHRC, National Institute for Health Research, Peninsula Medical School, Plymouth University, Plymouth, PL4 8AA",6,National Institute for Health and Care Research,I34931013,no
"Peninsula Medical School, Plymouth University, Plymouth, United Kingdom",6,,,no
"Plymouth University Peninsula Schools of Medicine and Dentistry, Plymouth, Devon, UK",6,Peninsula College of Medicine and Dentistry,I85788879,no
Plymouth University and University Hospitals Plymouth,6,University Hospitals Plymouth NHS Trust,I4210166818,no
"Senior Lecturer in Philosophy, Polytechnic South West, Plymouth, UK",6,,,no
"Series editor; Plymouth Institute of Education, Plymouth University",6,,,no
"University College of St Mark & St John, Plymouth",6,Plymouth Marjon University,I4210132580,no
University of the Philippines Open University / Plymouth University,6,University of the Philippines Open University,I97002122,no
"Centre for Clinical Trials and Population Studies, Plymouth University Peninsula Schools of Medicine and Dentistry, Plymouth, UK",5,,,no
"Centre for Robotics and Neural Systems, Cognition Institute, Plymouth University, U.K",5,,,no
"Department of Biological Sciences, Plymouth Polytechnic, Drake Circus, Plymouth PL4 8AA",5,Plymouth Marine Laboratory,I2802566253,no
"Department of Biological Sciences, Plymouth Polytechnic, Drake Circus, Plymouth, Devon PL4 8AA, UK",5,Plymouth Marine Laboratory,I2802566253,no
"Department of Biological Sciences, Plymouth Polytechnic, Plymouth, England",5,,,no
"Department of Environmental Sciences, Polytechnic South West, Plymouth, PL4 8AA, UK",5,Plymouth Marine Laboratory,I2802566253,no
"Department of Psychology, Plymouth Polytechnic, Plymouth PL4 8AA, UK",5,Plymouth Marine Laboratory,I2802566253,no
"Dept. of Mathematics and Statistics, Plymouth, Devon, UK",5,,,no
"Faculty of Social Science, Plymouth Polytechnic, UK",5,,,no
"Institute of Biomedical and Clinical Science, Peninsula Medical School, Plymouth, UK",5,Peninsula College of Medicine and Dentistry,I85788879,no
"Peninsula Medical School, Universities of Plymouth and Exeter, Plymouth, UK",5,Peninsula College of Medicine and Dentistry,I85788879,no
Plymouth Univ,5,,,no
Plymouth University Peninsula School of Medicine and Dentistry,5,Peninsula College of Medicine and Dentistry,I85788879,no
"Plymouth University Peninsula Schools of Medicine & Dentistry, Plymouth, United Kingdom;",5,Peninsula College of Medicine and Dentistry,I85788879,no
University College Plymouth St Mark and St John,5,Plymouth Marjon University,I4210132580,no
"University College of St Mark and St John, Plymouth",5,Plymouth Marjon University,I4210132580,no
"Consultant Dietitian in Inherited Metabolic Disorders, Birmingham Children's Hospital and Honorary Professor of Paediatric Dietetics, Plymouth University, Birmingham Children's Hospital NHS Trust, Steelhouse Lane, Birmingham B4 6NH",4,Birmingham Children's Hospital,I4210100347,no
"Department of Agriculture Food and Land Use, Seale - Hayne Faculty, Plymouth University, Newton Abbot, Devon, TQ12 6NQ, U.K",4,,,no
"Department of Biological Sciences, Plymouth Polytechnic, Drake Circus, Plymouth, PL4 8AA",4,Plymouth Marine Laboratory,I2802566253,no
"Department of Biological Sciences, Plymouth Polytechnic, Plymouth PL4 8AA",4,Plymouth Marine Laboratory,I2802566253,no
"Department of Biological Sciences, Polytechnic South West, Plymouth, England",4,,,no
"Department of Biological Sciences, Polytechnic South West, Plymouth, U.K",4,,,no
"Department of Communication Engineering, Plymouth Polytechnic, Plymouth, UK",4,,,no
"Department of Endocrinology and Metabolism, Peninsula Medical School, Plymouth Campus, Plymouth, UK",4,Peninsula College of Medicine and Dentistry,I85788879,no
"Department of Endocrinology and Metabolism, Plymouth University Peninsula Schools of Medicine and Dentistry, Plymouth, UK",4,Peninsula College of Medicine and Dentistry,I85788879,no
"Department of Haematology, Plymouth University Peninsula Schools of Medicine and Dentistry, Plymouth, UK",4,,,no
"Department of Psychology, Plymouth Polytechnic, Drake Circus, Plymouth PL4 8AA, UK",4,Plymouth Marine Laboratory,I2802566253,no
"Department of Psychology, Plymouth Polytechnic, England",4,,,no
"Dept. of Mathematics and Statistics, Polytechnic South West, Plymouth, Devon, PL4 8AA, UK",4,,,no
"Marine Institute, Plymouth University, Drake Circus, Plymouth, United Kingdom",4,,,no
"Medicine, Peninsula Medical School, Plymouth, GBR",4,Peninsula College of Medicine and Dentistry,I85788879,no
Peninsula Dental School; Plymouth University Peninsula Schools of Medicine and Dentistry; Plymouth UK,4,Peninsula College of Medicine and Dentistry,I85788879,no
"Peninsula Medical School Plymouth, UK",4,Peninsula College of Medicine and Dentistry,I85788879,no
"Peninsula Medical School, Plymouth",4,Peninsula College of Medicine and Dentistry,I85788879,no
"Peninsula Medical School, Plymouth, Devon, UK",4,Peninsula College of Medicine and Dentistry,I85788879,no
"Peninsula School of Medicine and Dentistry, Plymouth University, Plymouth, United Kingdom",4,,,no
"Plymouth Polytech., UK",4,,,no
"Plymouth University Peninsula School of Medicine, Plymouth, UK",4,,,no
"Plymouth University Peninsula Schools of Medicine and Dentistry, Plymouth",4,Peninsula College of Medicine and Dentistry,I85788879,no
"Primary Care Research, Peninsula Medical School, Universities of Exeter and Plymouth, Plymouth, United Kingdom",4,Peninsula College of Medicine and Dentistry,I85788879,no
"School of Biomedical & Healthcare Sciences, Plymouth University Peninsula Schools of Medicine and Dentistry, Plymouth, UK",4,Peninsula College of Medicine and Dentistry,I85788879,no
University College Plymouth St Mark & St John,4,Plymouth Marjon University,I4210132580,no
"University of Plymouth, USA",4,Plymouth State University,I89312276,no
Acheson Research Laboratory Chemistry Department Technical College Plymouth,3,,,no
"Acheson Research Laboratory, Chemistry Dept., College of Technology, Plymouth",3,William V. S. Tubman University,I4210112489,no
"Anaesthesia Research Group, Peninsula Medical School, Plymouth, United Kingdom",3,Peninsula College of Medicine and Dentistry,I85788879,no
"Centre for Marine and Coastal Policy Research, Marine Institute, Plymouth University, Drake Circus, Plymouth, Devon PL4 8AA, UK",3,,,no
"Clinical Neurobiology, Institute of Biomedical and Clinical Science, Peninsula Medical School, Plymouth, UK",3,Peninsula College of Medicine and Dentistry,I85788879,no
"Community and Primary Care Research Group, Plymouth University Peninsula Schools of Medicine & Dentistry, Plymouth, United Kingdom",3,Peninsula College of Medicine and Dentistry,I85788879,no
"Department of Biological Sciences, Plymouth Polytechnic, Devon, England",3,,,no
"Department of Biological Sciences, Plymouth Polytechnic, Drake Circus, Plymouth PL4 8AA, UK",3,Plymouth Marine Laboratory,I2802566253,no
"Department of Biological Sciences, Plymouth Polytechnic, Plymouth PL4 8AA, UK",3,Plymouth Marine Laboratory,I2802566253,no
"Department of Biological Sciences, Plymouth Polytechnic, Plymouth, UK",3,Plymouth Marine Laboratory,I2802566253,no
"Department of Biological Sciences, Polytechnic South West, Drake Circus, Plymouth, PL4 8AA",3,,,no
"Department of Biological Sciences, Polytechnic South West, Plymouth, UK",3,,,no
"Department of Communication Engineering, Plymouth Polytechnic, Plymouth, Devon, UK",3,,,no
"Department of Electrical & Electronic Engineering, Plymouth Polytechnic, Drake Circus, PL4 8AA, Plymouth, Devon, UK",3,Plymouth Marine Laboratory,I2802566253,no
"Department of Endocrinology & Metabolism, Peninsula Medical School, Plymouth Campus, Plymouth, UK",3,Peninsula College of Medicine and Dentistry,I85788879,no
"Department of Endocrinology & Metabolism, Peninsula Medical School, Plymouth Campus, UK",3,Peninsula College of Medicine and Dentistry,I85788879,no
"Department of Endocrinology and Metabolism, Peninsula Medical School, Plymouth, U.K",3,Peninsula College of Medicine and Dentistry,I85788879,no
"Department of Environmental Sciences, Plymouth Polytechnic, Drake Circus, Plymouth PL4 8AA",3,Plymouth Marine Laboratory,I2802566253,no
"Department of Environmental Sciences, Plymouth Polytechnic, Drake Circus, Plymouth PL4 8AA Great Britain",3,Plymouth Marine Laboratory,I2802566253,no
"Department of Environmental Sciences, Plymouth Polytechnic, Drake Circus, Plymouth, Devon, PL4 8AA, UK",3,Plymouth Marine Laboratory,I2802566253,no
"Department of Environmental Sciences, Polytechnic South West, Drake Circus, Plymouth, PL4 8AA, UK",3,,,no
"Department of Geographical Sciences, University of Plymouth USA",3,Plymouth State University,I89312276,no
"Department of Geological Sciences, Plymouth Polytechnic, Drake Circus, Plymouth PL4 8AA, U.K",3,Plymouth Marine Laboratory,I2802566253,no
"Department of Geological Sciences, Plymouth Polytechnic, Drake Circus, Plymouth PL4 8AA, UK",3,Plymouth Marine Laboratory,I2802566253,no
"Department of Mathematics & Statistics, Plymouth Polytechnic, Drake Circus, PL4 8AA, Plymouth, Devon, UK",3,Plymouth Marine Laboratory,I2802566253,no
"Department of Primary Care, Peninsula Medical School, Plymouth, UK",3,Peninsula College of Medicine and Dentistry,I85788879,no
"Department of Psychology, Plymouth Polytechnic, Plymouth, UK",3,,,no
"Department of Sociology and Politics, Plymouth Polytechnic, Plymouth, England",3,,,no
Honorary Professor in Early Childhood Studies at the Plymouth University Institute of Education,3,,,no
"Institute of Biomedical and Clinical Science, Peninsula Medical School, Research Way, Plymouth PL6 8BU, UK",3,Peninsula College of Medicine and Dentistry,I85788879,no
"Institute of Clinical Education, Peninsula Medical School, Tamar Science Park, ITTC Building, Davy Road, Plymouth PL6 8BX, UK",3,Peninsula College of Medicine and Dentistry,I85788879,no
"Institute of Marine Studies, Plymouth Polytechnic",3,Plymouth Marine Laboratory,I2802566253,no
"Institute of Marine Studies, Plymouth Polytechnic, Plymouth PL4 8AA, U.K",3,Plymouth Marine Laboratory,I2802566253,no
Marine Institute Plymouth University Drake Circus Plymouth PL4 8AA UK,3,,,no
"Marine Institute, Plymouth University, Drake Circus, Plymouth PL4 8AA, United Kingdom",3,,,no
"Marine Institute, Plymouth University, Plymouth, Devon, United Kingdom",3,,,no
"Marine Institute, Plymouth University, Plymouth, United Kingdom",3,,,no
"Navigation School, Plymouth",3,Institute of Navigation,I4210161360,no
"Peninsula CLAHRC, National Institute for Health Research, Peninsula Medical School, Plymouth University, Plymouth, PL4 8AA, UK",3,National Institute for Health and Care Research,I34931013,no
"Peninsula Dental School, Plymouth University, Plymouth, United Kingdom",3,,,no
"Peninsula Medical School, Plymouth Campus, UK",3,Peninsula College of Medicine and Dentistry,I85788879,no
"Peninsula Medical School, Plymouth PL6 8BU, UK",3,Peninsula College of Medicine and Dentistry,I85788879,no
"Peninsula Medical School, Plymouth PL6 8BX",3,Peninsula College of Medicine and Dentistry,I85788879,no
"Peninsula Medical School, Plymouth, UK,",3,Peninsula College of Medicine and Dentistry,I85788879,no
"Peninsula Medical School, Universities of Plymouth and Exeter, UK",3,Peninsula College of Medicine and Dentistry,I85788879,no
Peninsula School of Medicine and Dentistry Plymouth United Kingdom,3,Peninsula College of Medicine and Dentistry,I85788879,no
"Peninsula Schools of Medicine and Dentistry, Plymouth University, Plymouth, Devon, UK",3,,,no
"Peninsula Schools of Medicine and Dentistry, Plymouth University, Plymouth, United Kingdom",3,,,no
"Plymouth Business School, Devon, Plymouth, UK",3,,,no
"Plymouth College of Further Education, UK",3,Arts University Plymouth,I2801530513,no
Plymouth Institute of Education,3,,,no
"Plymouth Institute of Education, Plymouth, UK",3,,,no
"Plymouth Polytechnic, Drake Circus",3,Plymouth Marine Laboratory,I2802566253,no
Plymouth Univ. at Britannia Royal Naval College (United Kingdom),3,Britannia Royal Naval College,I4210133766,no
"Plymouth University Peninsula Schools of Medicine and Dentistry, Devon, UK",3,Peninsula College of Medicine and Dentistry,I85788879,no
"Plymouth University Peninsula Schools of Medicine and Dentistry, Portland Square, Drake Circus, Plymouth, Devon PL4 8AA, UK",3,,,no
"Plymouth University Peninsula Schools of Medicine and Dentistry, UK,",3,Peninsula College of Medicine and Dentistry,I85788879,no
"Plymouth University Peninsula Schools of Medicine and Dentistry, United Kingdom",3,Peninsula College of Medicine and Dentistry,I85788879,no
"Plymouth University Peninsula Schools of Medicine and Dentistry; Primary Care; 25 Room N32, ITTC Building Tamar Science Park Plymouth UK PL6 8BX",3,Peninsula College of Medicine and Dentistry,I85788879,no
Plymouth University and Edge Hill University,3,Edge Hill University,I165525304,no
"School of Behavioural and Social Science, Plymouth Polytechnic, Plymouth, England",3,,,no
School of Biological Sciences [Plymouth],3,,,no
"School of Earth, Ocean and Environmental Sciences [Plymouth]",3,,,no
"School of Environmental Sciences, Plymouth Polytechnic, Drake Circus, Plymouth PL4 8AA",3,Plymouth Marine Laboratory,I2802566253,no
"School of Environmental Sciences, Plymouth Polytechnic, Plymouth, PL4 8AA, England",3,Plymouth Marine Laboratory,I2802566253,no
School of Marine Science and Engineering Plymouth University#TAB#,3,,,no
School of Psychology Plymouth University,3,,,no
"Senior Lecturer in Philosophy, Plymouth Polytechnic",3,,,no
"University College Plymouth St Mark & St John, Plymouth",3,Plymouth Marjon University,I4210132580,no
"University College Plymouth St Mark & St John, UK",3,Plymouth Marjon University,I4210132580,no
"University of Plymoth, UK",3,,,no
"#N# 1Plymouth University, UK",2,Universities UK,I185658715,no
"(Plymouth Business School, Drake Circus, Plymouth, Devon, UK)",2,,,no
"(Plymouth Graduate School of Management , Plymouth University, Plymouth, UK)",2,St Petersburg University,I172901346,no
"1Plymouth University Peninsula Schools of Medicine and Dentistry, Devon, UK",2,,,no
"ADVANCED COMPOSITES MANUFACTURING CENTRE Department of Mechanical Engineering Polytechnic South West Drake Circus Plymouth PL4 8AA, UK",2,,,no
Acheson Research Laboratory Chemistry Dept. Technical College Plymouth,2,,,no
"Acheson Research Laboratory, Chemistry Department, College of Technology, Plymouth",2,William V. S. Tubman University,I4210112489,no
"Aquaculture and Fish Nutrition Research Group, School of Biological Sciences, CARS, Plymouth University, UK; Kerbala University, Iraq",2,,,no
"Associate Professor and Deputy Director of Assessment, Collaboration for the Advancement of Medical Education Research and Assessment (CAMERA), Plymouth University Peninsula Schools of Medicine and Dentistry, Devon PL4 8AA",2,,,no
Associate Professor in Midwifery Plymouth University,2,,,no
"Associate Professor of International Relations, Head of the British Foreign Policy Working Group, British, School of Government, Plymouth University, UK",2,,,no
"Bachelor of Dental Surgery, Peninsula Dental School, Plymouth, UK",2,Peninsula College of Medicine and Dentistry,I85788879,no
"Biomedical Engineering Department, Al-Khawarizmi College of Engineering, University of Baghdad, Baghdad, Iraq; Centre for Robotics and Neural System (CRNS), Cognitive Institute, Plymouth University, Plymouth PL4 8AA, UK",2,University of Baghdad,I135120706,no
"Bridie Kent is a member of the Cochrane Nursing Care Field (CNCF) and Professor in Leadership in Nursing, Plymouth University, Hepworth House, Drake Circus, Plymouth, PL4 8AA, the United Kingdom ()",2,,,no
"Bristol Clinical Psychology Training Course, Universities of Plymouth and Exeter, UK",2,,,no
"Bristol Clinical Psychology Training Programme , Universities of Plymouth and Exeter , UK",2,,,no
"Bristol Clinical Psychology Training Programme, Universities of Plymouth and Exeter, UK",2,Peninsula College of Medicine and Dentistry,I85788879,no
"Centre for Clinical Trials & Population Studies, Plymouth University Peninsula Schools of Medicine & Dentistry, Plymouth, UK",2,,,no
"Centre for Robotics and Neural Systems, The Cognition Institute, Plymouth University, U.K",2,,,no
"Centre for Security, Communications and Network Research, Plymouth, United Kingdom",2,,,no
"Clinical Neurobiology, Institute of Biomedical and Clinical Science, Peninsula Medical School, The John Bull Building, Tamar Science Park, Research Way, Plymouth PL6 8BU, UK;",2,Peninsula College of Medicine and Dentistry,I85788879,no
"Clinical Neurology Research Group, Plymouth University Peninsula Schools of Medicine and Dentistry, Plymouth, United Kingdom",2,,,no
"Clinical Neurology Research Group, Plymouth University Peninsula Schools of Medicine and Dentistry, UK",2,,,no
"Clinical Research Fellow, Plymouth University Peninsula Schools of Medicine and Dentistry, Plymouth, United Kingdom",2,Peninsula College of Medicine and Dentistry,I85788879,no
"Clinical Trials and Population Studies, Plymouth University Peninsula Schools of Medicine and Dentistry, Plymouth, UK",2,,,no
"CogNovo, University of the Philippines Open University, Plymouth University",2,University of the Philippines Open University,I97002122,no
"Cognition Institute , Plymouth University , UK",2,Cambridge Cognition (United Kingdom),I4210118385,no
"Community and Primary Care Research Group (CPCRG), ITTC Building, Davy Road, Plymouth Science Park, Derriford, Plymouth PL6 8BX, UK",2,,,no
"Cornwall Intellectual Disability Equitable Research (CIDER), Threemilestone Industrial Estate, Cornwall, TR4 9LD, Truro, UK. Rohit.shankar@plymouth.ac.uk",2,,,no
DCorresponding author. Email: atappin@plymouth.ac.uk,2,,,no
DEPARTMENT OF ELECTRICAL ENGINEERING CITY OF PLYMOUTH COLLEGE OF TECHNOLOGY,2,Plymouth City Council,I4210096019,no
"Department of Applied Social Science, Polytechnic South West, Plymouth",2,,,no
"Department of Applied Social Science, Polytechnic South West, Plymouth, UK",2,,,no
"Department of Applied Social Studies, 15 Portland Villas, Polytechnic South West, Drake Circus, Plymouth, Devon PL4 8AA UK",2,,,no
"Department of Architecture, Plymouth Polytechnic",2,,,no
"Department of Biological Sciences, Faculty of Science, Plymouth Polytechnic, Plymouth, UK",2,,,no
"Department of Biological Sciences, Plymouth Polytechnic, Devon, UK",2,,,no
"Department of Biological Sciences, Plymouth Polytechnic, Drake Circus, PL4 8AA, Plymouth, UK",2,Plymouth Marine Laboratory,I2802566253,no
"Department of Biological Sciences, Plymouth Polytechnic, Drake Circus, Plymouth, Devon",2,Plymouth Marine Laboratory,I2802566253,no
"Department of Biological Sciences, Plymouth Polytechnic, Drake Circus, Plymouth, Devon, PL4 8AA Great Britain",2,Plymouth Marine Laboratory,I2802566253,no
"Department of Biological Sciences, Plymouth Polytechnic, England",2,,,no
"Department of Biological Sciences, Plymouth Polytechnic, Plymouth PL4 8AA, England",2,Plymouth Marine Laboratory,I2802566253,no
"Department of Biological Sciences, Plymouth Polytechnic, Plymouth, Devon, U.K",2,Plymouth Marine Laboratory,I2802566253,no
"Department of Biological Sciences, Plymouth Polytechnic, Plymouth, PL4 8AA, UK",2,Plymouth Marine Laboratory,I2802566253,no
"Department of Biological Sciences, Plymouth Polytechnic, Plymouth, U.K",2,Plymouth Marine Laboratory | Plymouth State University,I2802566253 I89312276,no
"Department of Biological Sciences, Plymouth Polytechnic, UK",2,,,no
"Department of Biological Sciences, Plymouth PolytechnicDrake Circus, Plymouth, PL4 8AA, UK",2,,,no
"Department of Biological Sciences, Polytechnic South West, Drake Circus, Plymouth PL4 8AA, U.K",2,,,no
"Department of Biological Sciences, Polytechnic South West, Plymouth PL4 8AA, UK",2,,,no
"Department of Biology, Plymouth Polytechnic, Drake Circus, Plymouth, Devon PL4 8AA",2,Plymouth Marine Laboratory,I2802566253,no
"Department of Chemistry and Biology, Plymouth College of Technology",2,Arts University Plymouth,I2801530513,no
"Department of Clinical Neurosciences, Peninsula Medical School, Plymouth, United Kingdom",2,Peninsula College of Medicine and Dentistry,I85788879,no
"Department of Communication Engineering, Plymouth Polytechnic",2,,,no
"Department of Electrical and Electronic Engineering, Plymouth Polytechnic, England",2,,,no
"Department of Electrical and Electronic Engineering, Plymouth Polytechnic, UK",2,,,no
"Department of Electrical and Electronic Engineering, Polytechnic South West, Plymouth, UK",2,,,no
"Department of Endocrinology & Metabolism, Peninsula Medical School, Plymouth campus, Plymouth, UK",2,Peninsula College of Medicine and Dentistry,I85788879,no
"Department of Endocrinology & Metabolism, Peninsula Medical School, Plymouth campus, UK",2,Peninsula College of Medicine and Dentistry,I85788879,no
"Department of Endocrinology and Metabolism, Peninsula Medical School, Plymouth, United Kingdom",2,Peninsula College of Medicine and Dentistry,I85788879,no
"Department of Endocrinology and Metabolism, Plymouth University Peninsula School of Medicine and Dentistry, Plymouth, UK",2,,,no
"Department of Environmental Sciences , Plymouth Polytechnic , Plymouth, Devon, U.K",2,Plymouth Marine Laboratory,I2802566253,no
"Department of Environmental Sciences, Plymouth Polytechnic",2,,,no
"Department of Environmental Sciences, Plymouth Polytechnic, Drake Circus, Plymouth PL4 8AA, United Kingdom",2,Plymouth Marine Laboratory,I2802566253,no
"Department of Environmental Sciences, Plymouth Polytechnic, Drake Circus, Plymouth, Devon PL4 8AA Great Britain",2,Plymouth Marine Laboratory,I2802566253,no
"Department of Environmental Sciences, Plymouth Polytechnic, Drake Circus, Plymouth, Devon, UK",2,Plymouth Marine Laboratory,I2802566253,no
"Department of Environmental Sciences, Plymouth Polytechnic, Drake Circus, Plymouth, PL4 8AA, UK",2,Plymouth Marine Laboratory,I2802566253,no
"Department of Environmental Sciences, Plymouth Polytechnic, Plymouth Great Britain",2,Plymouth Marine Laboratory,I2802566253,no
"Department of Environmental Sciences, Plymouth Polytechnic, Plymouth, Devon, U.K",2,Plymouth Marine Laboratory,I2802566253,no
"Department of Environmental Sciences, Plymouth Polytechnic, Plymouth, Devon, UK",2,,,no
"Department of Environmental Sciences, Plymouth Polytechnic, Plymouth, U.K",2,Plymouth Marine Laboratory | Plymouth State University,I2802566253 I89312276,no
"Department of Environmental Sciences, Plymouth Polytechnic, Plymouth, UK",2,,,no
"Department of Environmental Sciences, Polytechnic South West, Drake Circus, Plymouth PL4 8AA UK",2,,,no
"Department of Environmental Sciences, Polytechnic South West, Plymouth PL4 8AA UK",2,Plymouth Marine Laboratory,I2802566253,no
"Department of Geographical Sciences, Plymouth Polytechnic",2,,,no
"Department of Geographical Sciences, Plymouth Polytechnic, Drake Circus, Plymouth PL4 8AA, England",2,Plymouth Marine Laboratory,I2802566253,no
"Department of Geological Sciences, Polytechnic South West, Drake Circus, Plymouth, Devon PL4 8AA",2,,,no
"Department of Geological Sciences, Polytechnic South West, Drake Circus, Plymouth, Devon, PL4 8AA, UK",2,,,no
"Department of Geological Sciences, Polytechnic South West, Drake Circus, Plymouth, UK",2,,,no
"Department of Marine Science, Plymouth Polytechnic, Plymouth PL4 8AA, U.K",2,Plymouth Marine Laboratory,I2802566253,no
"Department of Marine Sciences, Plymouth Polytechnic, Plymouth, PL4 8AA, U.K",2,Plymouth Marine Laboratory,I2802566253,no
"Department of Mathematical Sciences, Plymouth Polytechnic, Plymouth, Devon, England",2,,,no
"Department of Mathematics and Statistics, Plymouth Polytechnic",2,,,no
"Department of Mathematics and Statistics, Polytechnic South West, Plymouth, Devon, UK",2,,,no
"Department of Mathematics, Statistics and Computing, Plymouth Polytechnic, Plymouth, Devonshire PL4 8AA United Kingdom",2,Plymouth Marine Laboratory,I2802566253,no
"Department of Mechanical Engineering, Plymouth Polytechnic, Plymouth, UK",2,,,no
"Department of Medicine, Plymouth University Peninsula School of Medicine, Plymouth, England",2,,,no
"Department of Medicine, Plymouth University Peninsula School of Medicine, Plymouth, UK",2,,,no
"Department of Pharmacy, Level 5, Peninsula Medical School, Plymouth, United Kingdom",2,Peninsula College of Medicine and Dentistry,I85788879,no
"Department of Psychology , Plymouth Polytechnic",2,,,no
"Department of Psychology , Plymouth Polytechnic , Drake Circus, Plymouth, PL4 8AA, UK",2,Plymouth Marine Laboratory,I2802566253,no
"Department of Psychology Polytechnic South West, Human Assessment Laboratory, Plymouth, UK",2,,,no
"Department of Psychology, Plymouth Polytechnic, Drake Circus, PL4 8AA, Plymouth, Devon, England",2,Plymouth Marine Laboratory,I2802566253,no
"Department of Psychology, Plymouth Polytechnic, Drake Circus, Plymouth PL4 8AA",2,Plymouth Marine Laboratory,I2802566253,no
"Department of Psychology, Plymouth Polytechnic, Drake Circus, Plymouth, Devon, PL4 8AA, England",2,Plymouth Marine Laboratory,I2802566253,no
"Department of Psychology, Plymouth Polytechnic, Drake Circus, Plymouth, Devon, UK",2,Plymouth Marine Laboratory,I2802566253,no
"Department of Psychology, Plymouth Polytechnic, Drake Circus, Plymouth, PL4 8AA, UK",2,Plymouth Marine Laboratory,I2802566253,no
"Department of Psychology, Plymouth Polytechnic, Drake Circus, Plymouth, UK",2,Plymouth Marine Laboratory,I2802566253,no
"Department of Psychology, Plymouth Polytechnic, PL4 8AA, Plymouth",2,Plymouth Marine Laboratory,I2802566253,no
"Department of Psychology, Plymouth Polytechnic, PL4 8AA, Plymouth, England",2,Plymouth Marine Laboratory,I2802566253,no
"Department of Psychology, Plymouth Polytechnic, PL4 8AA, Plymouth, UK",2,Plymouth Marine Laboratory,I2802566253,no
"Department of Psychology, Plymouth Polytechnic, Plymouth",2,Plymouth Marine Laboratory,I2802566253,no
"Department of Psychology, Plymouth Polytechnic, Plymouth PL4 8AA, England",2,Plymouth Marine Laboratory,I2802566253,no
"Department of Psychology, Plymouth Polytechnic, Plymouth, Devon, UK",2,,,no
"Department of Psychology, Plymouth Polytechnic, Plymouth, England",2,,,no
"Department of Psychology, Plymouth Polytechnic, Plymouth, PL4 8AA, England",2,Plymouth Marine Laboratory,I2802566253,no
"Department of Psychology, Polytechnic South West, Drake Circus, PL4 8AA, Plymouth, Devon, England",2,,,no
"Department of Psychology, Polytechnic South West, Drake Circus, Plymouth, England",2,,,no
"Department of Psychology, Polytechnic South West, Drake Circus, Plymouth, UK",2,,,no
"Department of Psychology, Polytechnic South West, PL4 8AA, Drake Circus, Plymouth, UK",2,,,no
"Department of Psychology, Polytechnic South West, Plymouth PL4 8AA, UK",2,,,no
"Department of Psychology, Polytechnic South West, Plymouth, Devon, U.K",2,,,no
"Department of Psychology, Polytechnic South West, Plymouth, Devon, UK",2,,,no
"Department of Psychology, Polytechnic South West, Plymouth, UK",2,,,no
"Department of Social Work, Health and Community Studies, Plymouth Polytechnic",2,,,no
"Dept. Environmental Sciences, Polytechnic South West, Plymouth, PL4 8AA, UK",2,,,no
"Dept. of Architecture, Plymouth Polytechnic; and Design Innovations Research",2,,,no
"Dept. of Comput., Polytech. South West, Plymouth, UK",2,,,no
"Dept. of Electr. & Electron. Eng., Polytech. South West, Plymouth, UK",2,,,no
"Dept. of Electr. & Electron. Eng., R. Naval Eng. Coll., Plymouth, UK",2,,,no
"Dept. of Math. & Stat., Plymouth Polytech., UK",2,Plymouth City Council,I4210096019,no
"Derriford Hospital, Plymouth PL6 8DH, UK Centre for Clinical Trials and Population Studies, Plymouth University Peninsula Schools of Medicine and Dentistry, Plymouth, UK",2,Derriford Hospital,I2802723752,no
"Dr. Raul Martin, School of Health Professions, Faculty of Health and Human Sciences, Plymouth University, Peninsula Allied Health Centre, Derriford Road, Plymouth, PL6 8BH, UK and Optometry Research Group, IOBA Eye Institute, School of Optometry (University of Valladolid), Valladolid, Spain. E-mail: [email protected]",2,Universidad de Valladolid,I108103353,no
"Editorial Office, Medical Education, Plymouth, UK",2,,,no
"Education, Plymouth Institute of Education, Plymouth University",2,,,no
Email: hannah.drayson@plymouth.ac.uk,2,,,no
"Emergency Department, Derriford Hospital, Plymouth, UK Centre for Clinical Trials and Population Studies, Plymouth University Peninsula Schools of Medicine and Dentistry, Plymouth, UK",2,Derriford Hospital,I2802723752,no
"Emergency Department, Derriford Hospital, Plymouth, UK Centre for Clinical Trials and Population Studies, Plymouth University Peninsula Schools of Medicine and Dentistry, Plymouth, UK Academic Department of Military Emergency Medicine, Royal Centre for Defence Medicine (Research & Academia), Medical Directorate, Birmingham, UK",2,Derriford Hospital | Royal Centre for Defence Medicine,I2802723752 I4405273129,no
Faculty of Arts & Humanities Plymouth Institute of Education,2,Arts University Plymouth,I2801530513,no
"Faculty of Environmental Science and Engineering, Babes-Bolyai University, Cluj-Napoca, Romania; Consolidated Radioisotope Facility, Plymouth University, Plymouth, UK",2,Babeș-Bolyai University,I3125347698,no
"Faculty of Health, Peninsula Medical School, Plymouth, UK",2,Peninsula College of Medicine and Dentistry,I85788879,no
"Faculty of Medicine and Dentistry, Institute of Translational and Stratified Medicine, Plymouth",2,,,no
"Former lecturer, Health Services Research; professor of Oral Health Services Research, director of Postgraduate Education and Research, Peninsula Dental School, Plymouth, United Kingdom",2,Peninsula College of Medicine and Dentistry,I85788879,no
"Haematology, Peninsula School of Medicine, Plymouth, UK",2,Peninsula College of Medicine and Dentistry,I85788879,no
"Head of Library, University College Plymouth St. Mark & St. John",2,,,no
"Hepatology Research Group, Plymouth University Peninsula Schools of Medicine and Dentistry, Plymouth, UK",2,,,no
"Hepatology and Molecular Medicine Research Groups, Peninsula Medical School, Plymouth, United Kingdom",2,Peninsula College of Medicine and Dentistry,I85788879,no
"Honorary University Fellow, Peninsula Medical School, Universities of Plymouth and Exeter, UK",2,Peninsula College of Medicine and Dentistry,I85788879,no
ICorresponding author. Email: louise.firth@plymouth.ac.uk,2,,,no
Independent prescribing adviser working sessionally with three PCTs in Somerset. He teaches on Bournemouth University's nurse practitioner course and Plymouth University's nurse prescribing course,2,Bournemouth University,I9300472,no
"Institute of Biomedical and Clinical Science, Peninsula Medical School, Plymouth PL6 8BU, U.K",2,Peninsula College of Medicine and Dentistry,I85788879,no
"Institute of Biomedical and Clinical Science, Peninsula Medical School, Room N32, ITTC Building, Tamar Science Park, Plymouth PL6 8BX, UK",2,Peninsula College of Medicine and Dentistry,I85788879,no
Institute of Clinical Education Peninsula Medical School Plymouth UK,2,Peninsula College of Medicine and Dentistry,I85788879,no
"Institute of Clinical Education, Peninsula Medical School, Plymouth, UK. charlotte.rees@pms.ac.uk",2,Peninsula College of Medicine and Dentistry,I85788879,no
"Institute of Clinical Education, Peninsula Medical School, Tamar Science Park, ITTC Building, Davy Road, Plymouth PL6 8BX, UK. charlotte.rees@pms.ac.uk",2,Peninsula College of Medicine and Dentistry,I85788879,no
"Institute of Marine Studies, Plymouth Polytechnic, Drake Circus, Plymouth PL4 8AA, U.K",2,Plymouth Marine Laboratory,I2802566253,no
"Institute of Marine Studies, Polytechnic South West, Drake Circus, Plymouth PL4 8AA, U.K",2,Plymouth Marine Laboratory,I2802566253,no
"Institute of Marine Studies, Polytechnic South West, Plymouth PL4 8AA, U.K",2,Plymouth Marine Laboratory,I2802566253,no
"Institute of Marine Studies, Polytechnic South West, Plymouth, UK",2,Plymouth Marine Laboratory,I2802566253,no
Institute of Translational and Stratified Medicine Plymouth University Peninsula Schools of Medicine &amp; Dentistry Plymouth UK,2,Peninsula College of Medicine and Dentistry,I85788879,no
Institute of Translational and Stratified Medicine Plymouth University Peninsula Schools of Medicine and Dentistry  Plymouth UK,2,,,no
"Investigations on Teaching with Microcomputers as an Aid, College of St Mark and St John, Plymouth, England",2,Plymouth Marjon University,I4210132580,no
"John Graymore Chemical Laboratories, School of Environmental Sciences, Plymouth Polytechnic, Drake Circus, Plymouth, Devon, U.K",2,Plymouth Marine Laboratory,I2802566253,no
"John Graymore Chemistry Laboratories, Department of Environmental Sciences, Plymouth Polytechnic, Plymouth PL4 8AA, Devon, England, U.K",2,Plymouth Marine Laboratory,I2802566253,no
"John Graymore Chemistry Laboratories, Department of Environmental Sciences, Plymouth Polytechnic, Plymouth, PL4 8AA, Devon, England",2,Plymouth Marine Laboratory,I2802566253,no
"John Graymore Chemistry Laboratories, Plymouth Polytechnic, Plymouth, PL48AA, England",2,Plymouth Marine Laboratory,I2802566253,no
"John Graymore Chemistry Laboratories, School of Environmental Sciences, Plymouth Polytechnic, Plymouth PL4 8AA, England",2,Plymouth Marine Laboratory,I2802566253,no
"Learning Resources Centre, Plymouth Polytechnic",2,,,no
"Lecturer in Early Childhood Studies, Plymouth Institute of Education (Faculty of Arts & Humanities), Plymouth University",2,,,no
"Marine Biology & Ecology Research Centre, Marine Institute, Plymouth University, Plymouth, United Kingdom",2,,,no
"Marine Biology and Ecology Research Centre, Marine Institute, Plymouth University, Drake Circus, Plymouth, Devon PL4 8AA, UK",2,,,no
"Marine Biology and Ecology Research Centre, Marine Institute, School of Marine Science and Engineering, Plymouth University, Drake Circus, Plymouth PL4 8AA, UK",2,,,no
"Marine Biology and Ecology Research Centre, Marine Institute, School of Marine Science and Engineering, Plymouth University, Plymouth, United Kingdom",2,,,no
"Medical School, Plymouth University Peninsula Medical School, Plymouth, UK",2,,,no
"Medical Statistics Group, Plymouth University Peninsula Schools of Medicine and Dentistry, Plymouth, UK",2,Peninsula College of Medicine and Dentistry,I85788879,no
"Medical Statistics, Plymouth University Peninsula Schools of Medicine & Dentistry, Plymouth, UK",2,Peninsula College of Medicine and Dentistry,I85788879,no
"Molecular Medicine Research Group, Institute of Biomedical and Clinical Science, Peninsula Medical School, Plymouth, UK",2,Peninsula College of Medicine and Dentistry,I85788879,no
"Molecular Medicine Research Group, Institute of Biomedical and Clinical Science, Peninsula Medical School, Plymouth, UK. e.stenhouse@pms.ac.uk",2,Peninsula College of Medicine and Dentistry,I85788879,no
"Molecular Medicine Research Group, Peninsula Medical School, Plymouth, UK",2,Peninsula College of Medicine and Dentistry,I85788879,no
Peninsula Clinical Trials Unit; Plymouth University Peninsula Schools of Medicine and Dentistry; Plymouth UK,2,Peninsula College of Medicine and Dentistry,I85788879,no
Peninsula Dental School Plymouth University Plymouth Devon United Kingdom,2,Peninsula College of Medicine and Dentistry,I85788879,no
Peninsula Dental School Plymouth University Plymouth UK,2,,,no
"Peninsula Dental School, Plymouth University",2,Peninsula College of Medicine and Dentistry,I85788879,no
"Peninsula Dental School, Plymouth University, Plymouth, England",2,,,no
"Peninsula Dental School, Plymouth University, United Kingdom",2,,,no
"Peninsula Dental School, Plymouth, United Kingdom. ewen.mccoll@plymouth.ac.uk",2,Peninsula College of Medicine and Dentistry,I85788879,no
"Peninsula Medical School , Plymouth , UK",2,Peninsula College of Medicine and Dentistry,I85788879,no
Peninsula Medical School Universities of Plymouth and Exeter Plymouth United‐Kingdom,2,Peninsula College of Medicine and Dentistry,I85788879,no
"Peninsula Medical School, Plymouth PL6 8BU",2,Peninsula College of Medicine and Dentistry,I85788879,no
"Peninsula Medical School, Plymouth University Peninsula Schools of Medicine and Dentistry, Plymouth, UK",2,Peninsula College of Medicine and Dentistry,I85788879,no
"Peninsula Medical School, Plymouth, UK. paul.bradley@pms.ac.uk",2,Peninsula College of Medicine and Dentistry,I85788879,no
"Peninsula School of Medicine and Dentistry, Plymouth University, Plymouth,  United Kingdom",2,,,no
"Peninsula Schools of Medicine & Dentistry, Plymouth Univerisity, Plymouth, United Kingdom",2,Peninsula College of Medicine and Dentistry,I85788879,no
Peninsula Schools of Medicine and Dentistry Plymouth University Plymouth Devon United Kingdom,2,Peninsula College of Medicine and Dentistry,I85788879,no
"Peninsula Schools of Medicine and Dentistry, Medical Statistics Group, Plymouth, United Kingdom",2,Peninsula College of Medicine and Dentistry,I85788879,no
"Peninsula Schools of Medicine and Dentistry, NIHR Research Design Service, Plymouth, United Kingdom",2,Peninsula College of Medicine and Dentistry,I85788879,no
Peninsula Schools of Medicine and Dentistry; Plymouth University; Plymouth; UK,2,Peninsula College of Medicine and Dentistry,I85788879,no
"Penninsula Medical School, Plymouth, UK",2,,,no
"Petroleum and Environmental Geochemistry Group, Department of Environmental Sciences, Polytechnic South West, Drake Circus, Plymouth, PL4 8AA, UK",2,,,no
"Plymouth Analytical Chemistry Research Unit, Department of Environmental Sciences, Polytechnic South West, Drake Circus, Plymouth PL4 8AA, United Kingdom",2,Plymouth Marine Laboratory,I2802566253,no
"Plymouth Business School, Plymouth Polytechnic",2,,,no
"Plymouth Business School, Room 102, Mast House, 24 Sutton Road, Plymouth, Devon, PL4 0HJ, UK",2,,,no
"Plymouth Business School, Room 209, Mast House, Drake Circus, Plymouth, Devon, PL4 8AA, UK",2,,,no
"Plymouth Engineering Design Centre, University of Plymouth, USA",2,Plymouth State University,I89312276,no
Plymouth Postgraduate Medical School,2,,,no
"Plymouth School of Podiatry, Plymouth, UK",2,,,no
"Plymouth University Institute of Health and Community, Peninsula Alllied Health Centre, Plymouth, UK",2,,,no
Plymouth University Peninsula Dental School,2,Peninsula College of Medicine and Dentistry,I85788879,no
Plymouth University Peninsula Medical School,2,Peninsula College of Medicine and Dentistry,I85788879,no
"Plymouth University Peninsula Medical School, Truro, UK",2,Peninsula College of Medicine and Dentistry,I85788879,no
"Plymouth University Peninsula School of Dentistry, Plymouth, UK",2,,,no
Plymouth University Peninsula School of Medicine and Dentistry Plymouth UK,2,,,no
"Plymouth University Peninsula School of Medicine and Dentistry, 1 Davy Rd (N21), Plymouth P6 8BX, UK",2,,,no
"Plymouth University Peninsula School of Medicine and Dentistry, Plymouth, Devon, UK",2,Peninsula College of Medicine and Dentistry,I85788879,no
"Plymouth University Peninsula School of Medicine, Plymouth, United Kingdom",2,Peninsula College of Medicine and Dentistry,I85788879,no
"Plymouth University Peninsula Schools of Medicine & Dentistry, Plymouth, UK",2,Peninsula College of Medicine and Dentistry,I85788879,no
Plymouth University Peninsula Schools of Medicine &amp; Dentistry Plymouth UK,2,Peninsula College of Medicine and Dentistry,I85788879,no
"Plymouth University Peninsula Schools of Medicine and Dentistry (C.O.H.), Plymouth, United Kingdom",2,Peninsula College of Medicine and Dentistry,I85788879,no
Plymouth University Peninsula Schools of Medicine and Dentistry Plymouth  United Kingdom,2,Peninsula College of Medicine and Dentistry,I85788879,no
Plymouth University Peninsula Schools of Medicine and Dentistry Plymouth Devon UK,2,Peninsula College of Medicine and Dentistry,I85788879,no
Plymouth University Peninsula Schools of Medicine and Dentistry Plymouth United Kingdom,2,Peninsula College of Medicine and Dentistry,I85788879,no
"Plymouth University Peninsula Schools of Medicine and Dentistry,",2,Peninsula College of Medicine and Dentistry,I85788879,no
"Plymouth University Peninsula Schools of Medicine and Dentistry, John Bull Building, Plymouth, PL6 8BU, UK",2,,,no
"Plymouth University Peninsula Schools of Medicine and Dentistry, Plymouth PL4 8AA, UK",2,,,no
"Plymouth University Peninsula Schools of Medicine and Dentistry, Plymouth, Devon, PL6 8BU, UK",2,Peninsula College of Medicine and Dentistry,I85788879,no
"Plymouth University Peninsula Schools of Medicine and Dentistry, Plymouth, Devon, United Kingdom",2,Peninsula College of Medicine and Dentistry,I85788879,no
"Plymouth University Peninsula Schools of Medicine and Dentistry, Plymouth, PL6 8BU, UK",2,Peninsula College of Medicine and Dentistry,I85788879,no
"Plymouth University Peninsula Schools of Medicine and Dentistry, Plymouth, United Kingdom,",2,Peninsula College of Medicine and Dentistry,I85788879,no
"Plymouth University Peninsula Schools of Medicine and Dentistry, Plymouth, United Kingdom;",2,Peninsula College of Medicine and Dentistry,I85788879,no
Plymouth University and University Hospital Plymouth,2,University Hospitals Plymouth NHS Trust,I4210166818,no
"Plymouth University, Hillards Farm, High Street, Curry Rivel, Critical Change Consultants for Higher Education, Langport, Somerset, TA10 0EY, UK",2,,,no
"Plymouth University, Peninsula Schools of Medicine and Dentistry, Plymouth University Hospitals NHS Trust, Devon, UK",2,University Hospitals Plymouth NHS Trust,I4210166818,no
"Plymouth University, Peninsula Schools of Medicine and Dentistry, Plymouth, United Kingdom",2,Peninsula College of Medicine and Dentistry,I85788879,no
"Primary Care, Peninsula Medical School, Plymouth, UK",2,Peninsula College of Medicine and Dentistry,I85788879,no
"Report by: Hannah Downing, Medical Student1Search checked by: Laura Cottey, Academic Clinical Fellow, Emergency Medicine2Institution:1Plymouth University; 2Derriford Hospital, Plymouth",2,Derriford Hospital,I2802723752,no
"Research Unit, Peninsula Medical School, Plymouth",2,Peninsula College of Medicine and Dentistry,I85788879,no
Royal College of Art / Plymouth University,2,Arts University Plymouth | Royal College of Art,I2801530513 I165526535,no
"Sch. of Electron., Commun. & Electr. Eng., Polytech. South West, Plymouth, UK",2,,,no
"School of Automation, Beijing Institute of Technology, Beijing 100081, China; School of Computing and Mathematics, Plymouth University, Plymouth PL4 8AA, UK",2,Beijing Institute of Technology,I125839683,no
"School of Behavioural and Social Science, Plymouth Polytechnic",2,,,no
"School of Biological and Marine Sciences, Marine Institute, Plymouth University, Drake Circus, Plymouth, United Kingdom",2,,,no
"School of Biomedical & Healthcare Sciences, Plymouth University Peninsula Schools of Medicine and Dentistry, Plymouth, United Kingdom",2,Peninsula College of Medicine and Dentistry,I85788879,no
"School of Biomedical and Healthcare Science, Plymouth University Peninsula Schools of Medicine and Dentistry, Plymouth, United Kingdom",2,Peninsula College of Medicine and Dentistry,I85788879,no
School of Biomedical and Healthcare Sciences Plymouth University Peninsula Schools of Medicine and Dentistry Plymouth UK,2,Peninsula College of Medicine and Dentistry,I85788879,no
"School of Biomedical and Healthcare Sciences, Plymouth University Peninsula Schools of Medicine and Dentistry,",2,Peninsula College of Medicine and Dentistry,I85788879,no
"School of Biomedical and Healthcare Sciences, Plymouth University Peninsula Schools of Medicine and Dentistry, Plymouth, England",2,Peninsula College of Medicine and Dentistry,I85788879,no
"School of Electronic Communication and Electrical Engineering, Polytechnic South West, Plymouth, UK",2,,,no
"School of Electronic, Communication & Electrical Engineering, Polytechnic South West, Plymouth, Devon, UK",2,,,no
"School of Electronic, Communication and Electrical Engineering, Polytechnic South West, Drake Circus, Plymouth, WDevon PL4 8AA, UK",2,,,no
"School of Engineering Science, Plymouth Polytechnic, Plymouth, Devon, UK",2,,,no
"School of Engng. Sci., Plymouth Polytech., Plymouth, UK",2,,,no
"School of Environmental Sciences, Plymouth Polytechnic",2,,,no
"School of Environmental Sciences, Plymouth Polytechnic, Drake Circus, Plymouth, Devon PL4 8AA",2,Plymouth Marine Laboratory,I2802566253,no
"School of Environmental Sciences, Plymouth Polytechnic, Drake Circus, Plymouth, Devon, England",2,Plymouth Marine Laboratory,I2802566253,no
"School of Environmental Sciences, Plymouth Polytechnic, Drake Circus, Plymouth, PL4 8AA",2,Plymouth Marine Laboratory,I2802566253,no
"School of Environmental Sciences, Plymouth Polytechnic, Plymouth PL4 8AA",2,Plymouth Marine Laboratory,I2802566253,no
"School of Environmental Sciences, Plymouth Polytechnic, Plymouth, Devon",2,Plymouth Marine Laboratory,I2802566253,no
"School of Environmental Sciences, Plymouth Polytechnic, Plymouth, U.K",2,Plymouth Marine Laboratory | Plymouth State University,I2802566253 I89312276,no
"School of Experimental Sciences Plymouth Polytechnic, Plymouth, Devon, U.K",2,Plymouth Marine Laboratory,I2802566253,no
"School of Marine Science and Engineering (Marine Institute, Drake Circus, Plymouth PL4 8AA, United Kingdom - United Kingdom)",2,Plymouth Marine Laboratory,I2802566253,no
"School of Marine Science and Engineering, Faculty of Science and Technology, Drake Circus, Plymouth, Devon PL4 8AA, United Kingdom",2,,,no
"School of Maritime Studies, Plymouth Polytechnic, Plymouth, UK",2,Plymouth Marine Laboratory,I2802566253,no
"School of Mathematical Sciences, Plymouth Polytechnic",2,,,no
"School of Mathematical Sciences, Plymouth Polytechnic, Plymouth PL4 8AA, Devon",2,Plymouth Marine Laboratory,I2802566253,no
"School of Nursing and Midwifery, Monash University, McMahons Road, Frankston, Victoria, Australia; Plymouth University/Royal Devon and Exeter Hospital Clinical School, Drake Circus, Plymouth, Devon PL4 8AA, United Kingdom",2,,,no
"Senior Lecturer (sport policy) and Programme Leader, University College Plymouth, St. Mark & St. John, UK",2,,,no
"South West Liver Unit and Plymouth University Peninsula Schools of Medicine and Dentistry, Plymouth, UK",2,Peninsula College of Medicine and Dentistry,I85788879,no
"South West Peninsula Postgraduate Medical Education, School of Ophthalmology, The Raleigh Building, Plymouth Science Park, Plymouth PL6 8BY, UK",2,Peninsula College of Medicine and Dentistry,I85788879,no
"The John Graymore Chemistry Laboratories, College of Technology, Plymouth",2,William V. S. Tubman University,I4210112489,no
"The Peninsula Medical School, Plymouth, UK",2,Peninsula College of Medicine and Dentistry,I85788879,no
"Univ Plymouth, Sch Math & Stat, Drake Circus, Plymouth PL4 8AA, Devon, England and Univ Tokyo, Inst Nucl Study, Tanashi, Tokyo 188, Japan",2,,,no
Universities of Plymouth and Exeter,2,Phillips Exeter Academy,I2800015558,no
University College Plymouth St. Mark and St. John,2,,,no
"University College Plymouth, St. Mark & St. John",2,,,no
"William Day Planetarium, Plymouth Polytechnic",2,,,no
"Woodlands Research Group, Department of Environmental Sciences , Plymouth Polytechnic , Drake Circus, Plymouth , Devon , PL4 8AA",2,,,no
a   Department of Psychology Plymouth Polytechnic,2,,,no
"a  Plymouth Polytechnic , England",2,University Hospitals Plymouth NHS Trust,I4210166818,no
"a Plymouth Polytechnic , England",2,Portsmouth College,I3129963184,no
"professor of Oral Health Services Research, director of Postgraduate Education and Research, Peninsula Dental School, Plymouth, United Kingdom",2,Peninsula College of Medicine and Dentistry,I85788879,no
"#N# 2Plymouth University Peninsula Schools Medicine & Dentistry, University Medicine, Level 7 Derriford Hospital, Crownhill, Plymouth, Devon, UK",1,Derriford Hospital,I2802723752,no
"#N# 4Plymouth University Peninsula Schools Medicine and Dentistry, Plymouth, Devon, UK",1,,,no
"#N# 4Plymouth University, UK",1,Universities UK,I185658715,no
"#N#1Plymouth University Peninsula Schools of Medicine and Dentistry, Devon, UK",1,Peninsula College of Medicine and Dentistry,I85788879,no
"#N#2Peninsulla Medical School, Plymouth, UK",1,,,no
"'s Independent Alcohol Support (WIAS) and Visiting Fellow , Plymouth University",1,,,no
"(Department of Computing, Plymouth Polytechnic, Plymouth, PL4 8AA)",1,Plymouth Marine Laboratory,I2802566253,no
"(Institute of Marine Studies, Plymouth Polytechnic)",1,Plymouth Marine Laboratory,I2802566253,no
"(Lehigh University), Dan Charman (Uni-versity of Plymouth), and Bas van Geel (University of Amsterdam)",1,Lehigh University | University of Amsterdam,I186143895 I887064364,no
"(Ph.D. Pennsylvania State University) is an Assistant Professor of Logistics at the Fisher College of Business, The Ohio State University. He also holds a B.Sc. in Maritime Business and Transport from the University of Plymouth in the United Kingdom. He has ten years of experience as a deck officer in the Merchant Marine. His primary research interests include strategies for utilizing information for effective supply chain management, and transportation management in global supply chains",1,,,no
"(School of Business, Plymouth University, Plymouth, UK and Faculdade de Economia, Administração e Contabilidade (FEA-USP), Universidade do São Paulo, São Paulo, Brazil)",1,Universidade de São Paulo,I17974374,no
"(Senior Lecturer, Plymouth Business School, Plymouth Polytechnic)",1,,,no
"(Senior Lecturer, Plymouth Polytechnic Business School)",1,,,no
"(Senior Lecturer, University College of St Mark and St John, Plymouth, UK.)",1,Plymouth Marjon University,I4210132580,no
"(Undergraduate Placement Student at Plymouth Teaching Primary Care Trust, Plymouth, UK)",1,,,no
"(University College Plymouth St Mark and St John, Plymouth, UK)",1,Plymouth Marjon University,I4210132580,no
(mattrill@plymouth.ac.uk),1,,,no
") Clinical Trial and Population Studies, Plymouth University Peninsula Schools of Medicine, Plymouth, UK",1,Peninsula College of Medicine and Dentistry,I85788879,no
"**Centre for Biomedical Research, Plymouth University Peninsula Schools of Medicine and Dentistry, Plymouth",1,,,no
"**Dept. of Continuing Education, Polytechnic SW, Drake Circus, Plymouth PL4 8AA, UK",1,,,no
"**Plymouth Business School, Polytechnic South West, Plymouth, U.K",1,Plymouth Marine Laboratory | Plymouth State University,I2802566253 I89312276,no
*Corresponding author. E-mail: janet.richardson@plymouth.ac.uk,1,,,no
"*Department of Biological Sciences, Plymouth Polytechnic, Drake Circus, Plymouth, PL4 8AA",1,Plymouth Marine Laboratory,I2802566253,no
"*Department of Biological Sciences, Polytechnic South West, Drake Circus, Plymouth, PL 8AA",1,,,no
"*Department of Geology, Plymouth Polytechnic, Drake Circus, Plymouth, Devon PL4 8AA, England",1,Plymouth Marine Laboratory,I2802566253,no
"*School of Electronic, Communication and Electrical Engineering, Polytechnic South West, Plymouth, U.K",1,,,no
"*School of Environmental Sciences, Plymouth Polytechnic",1,,,no
"*West England Eye Unit, Exeter, United Kingdom, †Department of Mathematics and Statistics, Plymouth University, United Kingdom",1,,,no
", College of Medicine and Dentistry, Universies of Plymouth and Exeter, Plymouth, United Kingdom",1,Peninsula College of Medicine and Dentistry,I85788879,no
", MSc, Peninsula Schools of Medicine & Dentistry (PUPSMD), Plymouth University, Plymouth, UK",1,Peninsula College of Medicine and Dentistry,I85788879,no
", PhD, MRCPsych, Peninsula Schools of Medicine & Dentistry (PUPSMD), Plymouth University, Plymouth, UK",1,Peninsula College of Medicine and Dentistry,I85788879,no
". CAMERA, Plymouth University Peninsula Medical School,",1,,,no
". Dartmouth Centre for Sea Power and Strategy , Plymouth University at Britannia Royal Naval College , Dartmouth , TQ6 0HJ , UK;",1,Britannia Royal Naval College,I4210133766,no
". Dartmouth Centre for Sea Power and Strategy, Plymouth University at Britannia Royal Naval College, Dartmouth, TQ6 0HJ, UK;",1,Britannia Royal Naval College,I4210133766,no
". Department of Animal Science , Plymouth University in partnership with Duchy College , Stoke Climsland , Callington , Cornwall PL17 8PB , England",1,Duchy College,I2800161985,no
". Department of Animal Science, Plymouth University in partnership with Duchy College, Stoke Climsland, Callington, Cornwall PL17 8PB, England",1,Duchy College,I2800161985,no
". Medical School, Peninsula Medical School, Plymouth, GBR",1,Peninsula College of Medicine and Dentistry,I85788879,no
". Medicine, Peninsula Medical School, Plymouth, GBR",1,Peninsula College of Medicine and Dentistry,I85788879,no
". Plymouth University Peninsula Medical School,",1,Peninsula College of Medicine and Dentistry,I85788879,no
". Plymouth University, Peninsula School of Medicine,",1,,,no
". School of Medicine, Peninsula School of Medicine, Plymouth, GBR",1,Peninsula College of Medicine and Dentistry,I85788879,no
1 The Newcastle upon Tyne Business School 2University of Plymouth,1,Newcastle University,I84884186,no
"1 Department of Biological Sciences, Polytechnic South West, Drake Circus, Plymouth PL4 8AA, England",1,,,no
"1 Plymouth University Peninsula Schools of Medicine and Dentistry, Plymouth, Devon, PL6 8BU, UK",1,Peninsula College of Medicine and Dentistry,I85788879,no
"1 Royal Devon and Exeter NHS Foundation Trust, Exeter, Devon, United Kingdom2 Faculty of Health and Human Sciences, Plymouth University, Devon, United Kingdom3 National Institute for Health Research Collaboration for Leadership in Applied Health Research and Care (NIHR CLAHRC) South West Peninsula (PenCLAHRC), Centre for Clinical Trials and Population Studies, Plymouth University, United Kingdom4 The Centre for Innovations in Health and Social Care (Plymouth University): an Affiliate Centre of the Joanna Briggs Institute",1,,,no
1 The Newcastle upon Tyne Business School 2University of Plymouth,1,Newcastle University,I84884186,no
"1.South Devon Healthcare NHS Foundation Trust ; Plymouth University#R##N#2.Centre for Health and Social Care Innovation, Plymouth University: An Affiliated Centre of The Joanna Briggs Institute",1,,,no
"12 Plymouth University Peninsula Schools of Medicine and Dentistry, Plymouth, UK",1,Peninsula College of Medicine and Dentistry,I85788879,no
"1A-STEM, College of Engineering, Swansea University, Swansea, UNITED KINGDOM; 2Medical Research Council Epidemiology Unit, Princess of Wales Hospital, Ely, UNITED KINGDOM; 3Children's Health and Exercise Research Centre, Sport and Health Sciences, College of Life and Environmental Sciences, University of Exeter, Exeter, UNITED KINGDOM; 4Bishop Burton College, Beverly, UNITED KINGDOM; and 5Centre for Research in Translational Biomedicine, School of Biomedical and Healthcare Sciences, Plymouth University, Plymouth, UNITED KINGDOM",1,University of Exeter,I23923803,no
"1Department Nursing Research, Princess Margaret Hospital for Children, School of Nursing, Midwifery & Paramedicine, Faculty of Health Sciences, Curtin University, Perth, WA, Australia. 2Princess Margaret Hospital for Children, Child & Adolescent Health Services, Perth, WA, Australia. 3Department of Nursing and Midwifery Education and Research and Neonatal Clinical Care Unit, King Edward Memorial Hospital, Women and Newborn Health Service, Perth, WA, Australia. 4School of Nursing and Midwifery, Faculty of Health and Human Sciences, Plymouth University, Plymouth, United Kingdom",1,Princess Margaret Hospital for Children | Curtin University,I2800419323 I205640436,no
"1Hepatology Research Group, Plymouth University Peninsula Schools of Medicine and Dentistry",1,Peninsula College of Medicine and Dentistry,I85788879,no
"1Institute of Health Research, University of Exeter Medical School, Exeter, UNITED KINGDOM; 2Sport and Health Science, College of Life and Environmental Sciences, University of Exeter, Exeter, UNITED KINGDOM; and 3Department of Endocrinology and Metabolism, Peninsula Schools of Medicine and Dentistry, Plymouth University Plymouth, UNITED KINGDOM",1,Peninsula College of Medicine and Dentistry | University of Exeter,I85788879 I23923803,no
"1Marine Biology and Ecology Research Centre, School of Biomedical and Biological Sciences, Plymouth",1,,,no
"1Medical School, Peninsula Medical School, Plymouth, UK",1,Peninsula College of Medicine and Dentistry,I85788879,no
"1Nursing Department, Children's Hospital of Fudan University, Shanghai, People's Republic of China. 2Neonatal Intensive Care Unit, Children's Hospital of Fudan University, Shanghai, People's Republic of China. 3Department of Information, Children's Hospital of Fudan University, Shanghai, People's Republic of China. 4School of Nursing and Midwifery, Faculty of Health, Education and Society, Plymouth University, Plymouth, United Kingdom. 5School of Nursing and Midwifery, Faculty Health Science, Curtin University, Perth, Australia. 6Department of Pediatrics, Intensive Care Neonatology, Erasmus MC-Sophia Children's Hospital, Rotterdam, The Netherlands",1,Children's Hospital of Fudan University | Curtin University,I4210159329 I205640436,no
"1PICU and Children's Nursing Research Unit, Alder Hey Children's NHS FT, Liverpool, United Kingdom. 2University of Central Lancashire, School of Health, Preston, United Kingdom. 3Intensive Care Neonatology, Wilhelmina Children's Hospital, University Medical Centre, Utrecht, The Netherlands. 4Intensive Care Neonatology, Emma Children's Hospital, Academic Medical Center, Amsterdam, The Netherlands. 5School of Nursing and Midwifery, Faculty of Health, Education and Society, Plymouth University, Plymouth, United Kingdom. 6School of Nursing and Midwifery, Faculty of Health Science, Curtin University, Perth, WA, Australia. 7Department of Pediatrics, Intensive Care Neonatology, Erasmus MC-Sophia Children's Hospital, Rotterdam, The Netherlands",1,Wilhelmina Children's Hospital | Curtin University,I4210162850 I205640436,no
"1Plymouth University Penisnula Schools of Medicine and Dentistry, Plymouth, United Kingdom;",1,,,no
"1Royal Cornwall Hospitals NHS Trust, United Kingdom; 2Centre for Innovations in Health and Social Care: an Affiliate Center of the Joanna Briggs Institute; Plymouth University, United Kingdom",1,Royal Cornwall Hospital | Royal Cornwall Hospital Trust,I2799759729 I2799477489,no
"1School of Nursing and Midwifery, Plymouth University, United Kingdom 2University of Exeter Medical School, University of Exeter, United Kingdom 3School of Health Professions, Plymouth University, United Kingdom 4Center for Health and Social Care Innovation (Plymouth University): an Affiliate Center of the Joanna Briggs Institute 5Collaboration for Leadership in Applied Health Research and Care, South West Peninsula (PenCLARHC), The National Institute for Health Research (NIHR), United Kingdom",1,Peninsula College of Medicine and Dentistry,I85788879,no
"1] Faculty of Health and Human Sciences, Plymouth University, Plymouth, UK [2] Clinical Genetics Clinic, The Cyprus Institute of Neurology and Genetics, Nicosia, Cyprus",1,Cyprus Institute of Neurology and Genetics,I55905543,no
"1] Institute for Coastal Marine Environment (IAMC), National Research Council (CNR), Via L. Vaccara n 61, Mazara del Vallo (TP), 91026, Italy [2] Marine Institute, Plymouth University, Level 3, Marine Building, Drake Circus, Plymouth, PL4 8AA",1,Institute for Coastal Marine Environment,I4210088381,no
"1] Liver Research Group, Institute of Cellular Medicine, Medical School, Newcastle University, Newcastle upon Tyne NE2 4HH, UK [2] Institute of Translational and Stratified Medicine, Plymouth University, Plymouth PL4 8AA, UK",1,Newcastle University,I84884186,no
"1] MRC Centre for Neuropsychiatric Genetics and Genomics, Institute of Psychological Medicine and Clinical Neurosciences, Cardiff University, Cardiff, UK [2] School of Biomedical and Biological Sciences, Plymouth University, Plymouth, UK",1,Cardiff University,I79510175,no
"1] Marine Biology and Ecology Research Centre, Plymouth University, UK [2] IRD, Unite 227 CoReus2, Noumea, New Caledonia",1,Institut de Recherche pour le Développement,I4210107956,no
"1] Plymouth University, Marine Biology and Ecology Research Centre, Plymouth PL4 8AA, UK [2] Université du Québec à Rimouski, Département de Biologie, Chimie et Géographie, Rimouski, Québec, G5L 3A1, Canada",1,Université du Québec à Rimouski,I182451676,no
"1] Program in Placebo Studies and Therapeutic Encounter, Beth Israel Deaconess Medical Center/Harvard Medical School, Boston, MA, USA [2] School of Psychology, Plymouth University, Plymouth, UK",1,Beth Israel Deaconess Medical Center | Beth Israel Deaconess Hospital,I1316535847 I2801337628,no
"2  Plymouth University Peninsula Schools of Medicine and Dentistry, Plymouth PL4 8AA, UK",1,,,no
"2National Institute for Health Research (NIHR) Collaboration for Leadership in Applied Health Research and Care South West Peninsula, Plymouth University Peninsula Schools of Medicine and Dentistry, ITTC building, Tamar Science Park, Drake Circus, Plymouth, Devon PL4 8AA UK",1,Peninsula College of Medicine and Dentistry,I85788879,no
2Plymouth University,1,,,no
2University College Plymouth St. Mark & St. John,1,,,no
"2University College Plymouth St. Mark and St. John, United Kingdom",1,Plymouth Marjon University,I4210132580,no
"3PenCTU, Statistics, Plymouth, United Kingdom",1,,,no
4 richard.perkins@plymouth.ac.uk,1,,,no
"4Peninsula Clinical Trials Unit (PenCTU), Plymouth University Peninsula Schools of Medicine and Dentistry, Room N16, Plymouth Science Park, Plymouth, PL6 8BX UK",1,Peninsula College of Medicine and Dentistry,I85788879,no
"5University of Plymouth, Peninsula Clinical Trials Unit, Plymouth, United Kingdom",1,Peninsula College of Medicine and Dentistry,I85788879,no
"<sup>a</sup>School of Computing and Mathematics, Plymouth University, Plymouth, <sup>b</sup>Harris Birthright Research Centre of Fetal Medicine, King’s College Hospital, and <sup>c</sup>Department of Fetal Medicine, University College Hospital, London, and <sup>d</sup>Department of Fetal Medicine, Medway Maritime Hospital, Gillingham, UK",1,King's College Hospital | Medway Maritime Hospital | University College Hospital | University College London,I4210153400 I4210113145 I1289784979 I45129253,no
"A. M. Razmadze Mathematical Institute Laboratory of Information Technologies, , Dubna, 141980, Russia, School of Mathematics and Statistics, , Plymouth PL4 8AA, United Kingdom, and Department of Theoretical Physics, , Tbilisi, GE-0193, Georgia",1,,,no
"ADRIAN FREEMAN MMedSci FRCGP, is Associate Professor & Director of Assessments at Peninsula Medical School, UK. Plymouth University",1,Peninsula College of Medicine and Dentistry,I85788879,no
"ADVANCED COMPOSITES MANUFACTURING CENTRE Department of Mechanical Engineering Plymouth Polytechnic Drake Circus Plymouth P14 8AA, UK",1,Plymouth Marine Laboratory,I2802566253,no
"AVIVA RAHMANI exhibits and publishes internationally. She is an affiliate with the Institute for Arctic and Alpine Research at the University of Colorado at Boulder and gained her PhD, with the thesis ""Trigger Point Theory as Aesthetic Activism,"" from the University of Plymouth, U.K., in a crossover between environmental sciences, technology and studio art. Rahmani received her BFA and MFA at the California Institute of the Arts with a double major in electronic music and media",1,Institute of Arctic and Alpine Research,I182286215,no
"Academic Clinical Fellow, Plymouth University Peninsula Dental School,",1,Peninsula College of Medicine and Dentistry,I85788879,no
Acheson Research Laboratory Technical College Plymouth,1,,,no
"Acheson Research Laboratory, Chemistry Dept., Technical College, Plymouth",1,,,no
"Acupuncture in Medicine, Peninsula Medical School, Plymouth, UK",1,Peninsula College of Medicine and Dentistry,I85788879,no
Address for correspondence:#R##N##R##N#Dr Emma Corrigan#R##N##R##N#Plymouth Excellence Cluster & Community Psychology Service#R##N##R##N#Pounds House#R##N##R##N#162 Outland Road#R##N##R##N#Plymouth PL2 3PX#R##N##R##N#UK#R##N##R##N#Email: emma.corrigan@plymouth.gov.uk,1,,,no
"Advanced Composites Manufacturing Centre, Department of Mechanical Engineering, Plymouth Polytechnic, Drake Circus, Plymouth PL4 8AA, UK",1,,,no
"Advanced Composites Manufacturing Centre, Polytechnic South West, Plymouth, Devon PL48AA, UK",1,,,no
"Alexis Kirke is a composer, film-maker and researcher in computer music at Plymouth University, UK. This article is based on a paper he gave during a 2013 conference at Goldsmiths, University of London",1,Goldsmiths University of London,I55521800,no
"All based at the RSS Centre for Statistical Education, Plymouth University",1,,,no
"Anaesthesia Research Group, Peninsula Medical School, Plymouth, UK",1,Peninsula College of Medicine and Dentistry,I85788879,no
"Anaesthesia Research Group, Peninsula Medical School, Plymouth, UK, and",1,Peninsula College of Medicine and Dentistry,I85788879,no
"Anaesthesia Research Group, Peninsula Medical School, The John Bull Building, Tamar Science Park, Drake Circus, Plymouth PL6 8BU, UK",1,,,no
"Anaesthesia Research Group, Peninsula Medical School, The John Bull Building, Tamar Science Park, Drake Circus, Plymouth PL6 8BU, and Department of Anaesthesia, Northwick Park Hospital, Harrow, UK. robert.sneyd@pms.ac.uk",1,,,no
"Applied Food Research group, University of Plymouth, Department of Agriculture and Food Studies , USA",1,,,no
"Applied Research in Geomatics, Atmosphere, Nature and Space, Plymouth, U.K",1,,,no
"Assessment, Collaboration for the Advancement of Medical Education Research and Assessment (CAMERA), Plymouth University Peninsula Schools of Medicine and Dentistry, Devon PL4 8AA",1,,,no
"Assistant Technology Librarian, Plymouth Polytechnic Library, Plymouth, UK",1,Plymouth City Council,I4210096019,no
"Associate Lecturer at Plymouth University, Optometry, School of Health Professions, Peninsula Al-lied Health Centre, PL6 8BU, UK,",1,,,no
"Associate Professor and Deputy Director of Assessment, Collaboration for the Advancement of Medical Education Research and Assessment (CAMERA), Plymouth University Peninsula Schools of Medicine and Dentistry, Devon",1,Center for Assessment,I4210122545,no
"Associate Professor in Finance, Fellow of the Higher Education Academy, Plymouth Business School, Drake Circus, Devon, Plymouth, UK",1,Higher Education Academy,I68879011,no
"Associate Professor of Applied and Clinical Psychology University of Plymouth, United Kingdom Associate Professor of Education Institute for Pedagogy University of South-East Norway",1,,,no
"Associate Professor, Early Childhood Studies, Plymouth Institute of Education, Plymouth University",1,,,no
"Associate Professor, Peninsula School of Medicine, Plymouth",1,Peninsula College of Medicine and Dentistry,I85788879,no
"Associate Professor/Consultant in Oral Surgery, Peninsula Dental School, Plymouth University,",1,Peninsula College of Medicine and Dentistry,I85788879,no
"Associate Research Fellow, College of St Mark and St John, Plymouth",1,Plymouth Marjon University,I4210132580,no
"Associate professor and honorary nurse consultant, Plymouth University Peninsula Schools of Medicine and Dentistry (PUPSMD), and Pool Health Centre, Redruth",1,Peninsula College of Medicine and Dentistry,I85788879,no
"Associate professor of clinical diabetes, consultant in diabetes, PUPSMD and Plymouth University",1,Diabetes Australia,I2799803081,no
"Aston Brain Centre, Aston University, Birmingham, West Midlands, UK; School of Psychology, Plymouth University, Devon, UK",1,Aston University,I169199633,no
"Author Affiliations: Visiting Fellow (Mr Punshon), School of Health and Social Care, London South Bank University; Professor in Clinical Nursing (Critical Care) (Prof Endacott), Plymouth University/Royal Devon and Exeter Hospital Clinical School; Senior Urology Nurse Specialist and BAUN President (Ms Aslett), Basingstoke and North Hampshire Foundation Trust, Hampshire; Urology & Continence Nurse Specialist (Ms Brocksom), St James's University Hospital, Leeds; Lead urology clinical nurse specialist/prostate cancer advanced nurse practitioner (Ms Fleure), Guy's and St Thomas' NHS Foundation Trust; Workforce Analyst (Ms Howdle), Mouchel Management Consulting Limited and Centre for Workforce Intelligence; Head of Outreach (Ms Masterton), Prostate Cancer UK; Research Assistant (Ms O'Connor), Centre for Health and Social Care Innovation, Plymouth University; Consultant (Mr Swift), Mouchel Management Consulting Limited and Centre for Workforce Intelligence; Lead, Cardiovascular, End of Life C",1,,,no
"Author Brennan is with Massey Univ., Inst. of Food Nutrition and Human Health, Palmerston North, New Zealand. Authors Brennan and Tudorica are with Plymouth Univ., School of Biological Sciences, Plymouth, U.K",1,Massey University,I51158804,no
"Author Symons and Brennan are with Univ, of Plymouth, Applied Food Research Group, Newton Abbot, Devon, TQ12 6NQ, United Kingdom. Author Brennan is with Inst. of Food, Nutrition and Human Health, Massey Univ., Palmerston North, New Zealand",1,Massey University,I51158804,no
"Authors Fonseca, Zumalacárregui, Fernández-Diez, Caro, and Mateo are with Dept. of Food Hygiene and Technology, Univ. of León, Campus Vegazana s/n, 24071 León, Spain. Author Kuri is with Food, Health and Nutrition, School of Biomedical and Biological Sciences, Univ. of Plymouth, Drake Circus, Plymouth PL4 8AA, U.K. Author Osorio is with UCD School of Agriculture, Food Science and Veterinary Medicine, Univ. College Dublin, Dublin 4, Ireland. Author Salvá is with Dept. of Food and Agricultural Products Technology, Univ. Nacional Agraria La Molina – UNALM, Av. La Molina s/n, Lima 12, Peru",1,Universidad de León,I8833935,no
"Authors Martín-Sánchez, Navarro, and Pérez-Álvarez are with Industrialización de Productos de Origen Animal (IPOA), Grupo 1 UMH, Grupo REVIV, Generalitat Valenciana, Dept. de Tecnología Agroalimentaria, Escuela Politécnica Superior de Orihuela, Univ. Miguel Hernández, Carretera de Beniel, km 3,2, Orihuela, 03312, Alicante, Spain. Authors Martín-Sánchez and Kuri are with Food and Nutrition, School of Biological Sciences, Univ. of Plymouth, Drake Circus, Plymouth, PL4 8AA, U.K",1,Universitat de Miguel Hernández d'Elx,I111262870,no
BCorresponding author. Email: pworsfold@plymouth.ac.uk,1,,,no
"BDS (Hons), MFDS, M PROS, FDS (Rest Dent) RCSEd, MSc, PGCME, FHEA, Associate Postgraduate Dental Dean (DCT) Wales, Consultant in Restorative Dentistry, Musgrove Park Hospital, Taunton; Associate Professor for Restorative Dentistry, Plymouth University",1,Musgrove Park Hospital,I2800820451,no
"BDS, MSc, Dip FFGDP (UK), Dip MGDS (RCSEng), Dip MFDS (RCSEng), PGCMEd, MOD, General Dental Practitioner, Plymouth",1,Peninsula College of Medicine and Dentistry,I85788879,no
"Background in fine art, completed her PhD in art history at the University of Plymouth in 2009, focused on the British constructivist artist Marlow Moss",1,,,no
"Bank nurse at Trailfinders travel clinic, bank staff nurse at Royal Cornwall Hospitals Trust and clinical demonstrator at Plymouth University",1,Royal Cornwall Hospital,I2799759729,no
"Behavioural and Social Science, Plymouth Polytechnic",1,,,no
"Bibire Baykeens Plymouth University Peninsula Schools of Medicine and Dentistry, UK",1,Peninsula College of Medicine and Dentistry,I85788879,no
"Big Data Centre for Environment and Health (BERTHA), Aarhus University, Denmark; School of Geography, Earth and Environmental Sciences, University of Plymouth, UK; School of Geography and Ocean Science, Nanjing University, China",1,,,no
"Biogeochemistry Research Centre, SoGEES, Plymouth University, Plymouth, Devon PL4 8AA, UK; Marine Ecology and Chemistry, Scottish Association for Marine Science, Oban PA37 1QA, UK",1,Marine Biological Association of the United Kingdom | Plymouth Marine Laboratory,I114472154 I2802566253,no
"Biological Sciences, Plymouth Polytechnic, Plymouth, U.K",1,Plymouth Marine Laboratory | Plymouth State University,I2802566253 I89312276,no
"Biology and Biochemistry, Plymouth, England",1,,,no
"Biomedical Engineering Department, Al-Khwarizmi College of Engineering, University of Baghdad, Iraq; Centre for Robotics and Neural Systems (CRNS), Cognitive Institute, Plymouth University, PL4 8AA, United Kingdom",1,,,no
"Biomedical Engineering Department, Al-Khwarizmi College of Engineering, University of Baghdad, Iraq; Centre for Robotics and Neural Systems (CRNS), Cognitive Institute, School of Engineering, Computing and Mathematics, Plymouth University, UK",1,University of Baghdad,I135120706,no
"Biomedical Engineering Department, University of Baghdad, Iraq. He is also a visiting research fellow at the Centre for Robotics and NeuralSystems (CRNS), Cognitive Institute, Plymouth University, UK",1,University of Baghdad,I135120706,no
"Biomedical Research Foundation, Academy of Athens, Athens, Greece School of Biomedical & Healthcare Sciences, Plymouth University Peninsula Schools of Medicine and Dentistry, Plymouth, UK",1,Academy of Athens | Peninsula College of Medicine and Dentistry,I206127235 I85788879,no
"Biomedical Research Group, Postgraduate Medical School, Plymouth, UK",1,,,no
"Brain Language Laboratory, Department of Philosophy and Humanities, WE4, Freie Universität Berlin, Habelschwerdter Allee 45, 14195 Berlin, Germany; Centre for Robotics and Neural Systems (CRNS), University of Plymouth, A311 Portland Square Building, PL4 8AA Plymouth, Devon, United Kingdom",1,,,no
"Brain Language Laboratory, Department of Philosophy, Freie Universität Berlin, Berlin, Germany; School of Computing and Mathematics, Plymouth University, Plymouth, UK. Electronic address: M.Garagnani@fu-berlin.de",1,Freie Universität Berlin,I75951250,no
"Bristol Doctoral Clinical Psychology Training Programme, Universities of Plymouth and Exeter, UK. Bennett@uwe.ac.uk <Bennett@uwe.ac.uk>",1,,,no
"Bristol Doctorate in Clinical Psychology, Plymouth University , Bristol, England",1,,,no
"British Antarctic Survey, Madingley Road, High Cross, Cambridge, Cambridgeshire, CB3 0ET, UK; Marine Biology and Ecology Research Centre, Plymouth University, Drake Circus, Plymouth, Devon, PL4 8AA, UK",1,British Antarctic Survey,I1319328641,no
"British Heart Foundation Centre of Cardiovascular Science, University of Edinburgh, Edinburgh, Scotland (M.N.M., A.B., E.T., A.R.C., M.D., J.D.H., J.C., C.T., R.W., A.G., M.R.D., N.L.M., D.E.N., M.C.W.); Usher Institute, University of Edinburgh, Edinburgh, Scotland (A.G., N.L.M.); University Hospital Plymouth, Plymouth, England (C.R.); Faculty of Medicine, University of Southampton, Southampton, England (N.C.); University Hospital Southampton, Southampton, England (N.C.); Department of Cardiology, Milton Keynes University Hospital, School of Sciences and Medicine, University of Buckingham, Buckingham, England (A.K.); Torbay and South Devon NHS Foundation Trust, Torquay, England (D.F.); Departments of Medicine and Biomedical Sciences, Cedars-Sinai Medical Center, Los Angeles, Calif (P.J.S., D.D.); and Edinburgh Imaging, Queen's Medical Research Institute University of Edinburgh, Edinburgh, Scotland (D.E.N., M.C.W.)",1,British Heart Foundation | University of Southampton,I32003884 I43439940,no
"CIM Institute, Plymouth Polytechnic, Drake Circus, Plymouth PL4 8AA, UK",1,Plymouth Marine Laboratory,I2802566253,no
"CNR-ISMAR (Institute of Marine Sciences, National Research Council of Italy), Forte S. Teresa, 19032 Pozzuolo di Lerici, SP Italy ; Centre for Marine and Coastal Policy Research, Marine Institute, Plymouth University, Plymouth, PL4 8AA UK",1,Istituto di Scienze Marine del Consiglio Nazionale delle Ricerche,I4210114340,no
"Cardiovascular disease and diabetes mellitus programme, Postgraduate Peninsula Health Institute, Peninsula Medical School, Plymouth. enquiries@petafenn.com",1,Peninsula Health,I4210120624,no
Center for Biomedical Research Translational and Stratified Medicine Plymouth University Peninsula Schools of Medicine and Dentistry Plymouth UK,1,,,no
"Center for Research in Translational Biomedicine, Biomedical and Healthcare Sciences, Plymouth University Peninsula Schools of Medicine and Dentistry, Plymouth, United Kingdom",1,,,no
"Center for Robotics and Neural Systems, P1ymouth University, UK",1,,,no
"Center for Robotics and Neural Systems, Plymouth University, Plymouth, U.K.; College of Automation and Electronic Engineering, Qingdao University of Science and Technology, Qindgao, China",1,Qingdao University of Science and Technology,I143413998,no
"Center for Security, Communications and Network Research, Plymouth University, Plymouth, UK and College of Computer and Information Sciences, Princess Nourah Bint Abdulrahman University, Riyadh, Saudi Arabia",1,Princess Nourah bint Abdulrahman University,I106778892,no
"Center for Security, Communications and Network Research, Plymouth University, Plymouth, UK and Security Research Institute, Edith Cowan University, Western Australia",1,Edith Cowan University,I12079687,no
"Center for Security, Communications and Network Research, Plymouth University, Plymouth, UK and Security Research Institute, Edith Cowan University, Western Australia, Australia",1,Edith Cowan University,I12079687,no
"Center for advanced inquiry in the interactive arts (CAiiA), Planetary Collegium, Plymouth University, England",1,,,no
"Centre for Behaviour and Evolution, Institute of Neuroscience and Newcastle University Institute of Ageing, Newcastle University, Newcastle upon Tyne, U.K. ; School of Biological Sciences, Plymouth University, Plymouth, U.K",1,Newcastle University,I84884186,no
"Centre for Biomedical Research, Plymouth University Peninsula Schools of Medicine and Dentistry, Plymouth",1,,,no
"Centre for Biomedical Research, Translational and Stratified Medicine, Peninsula Schools of Medicine & Dentistry, Plymouth, UK",1,Peninsula College of Medicine and Dentistry,I85788879,no
"Centre for Biostatistics, Bioinformatics and Biomarkers, Peninsula School of Medicine and Dentistry, Plymouth, UK",1,Peninsula College of Medicine and Dentistry,I85788879,no
"Centre for Biostatistics, Bioinformatics and Biomarkers, Plymouth University Peninsula Schools of Medicine and Dentistry, Plymouth, UK jasonesmith@nhs.net",1,Peninsula College of Medicine and Dentistry,I85788879,no
"Centre for Clinical Trials and Health Research – Primary Care Group, Plymouth University Peninsula Schools of Medicine and Dentistry, Derriford, UK",1,Peninsula College of Medicine and Dentistry,I85788879,no
"Centre for Clinical Trials and Health Research, Plymouth University Peninsula Schools of Medicine and Dentistry, Plymouth, UK; Institute of Health Services Research, University of Exeter Medical School, Exeter, UK",1,Peninsula College of Medicine and Dentistry,I85788879,no
"Centre for Clinical Trials and Population Research, Plymouth University Peninsula Schools of Medicine and Dentistry, Plymouth, UK",1,,,no
"Centre for Clinical Trials and Population ResearchPlymouth University Peninsula School of Medicine and DentistryPlymouth, United Kingdom",1,,,no
"Centre for Clinical Trials and Population Studies, Plymouth University Peninsula Schools of Medicine and Dentistry, Plymouth",1,Peninsula College of Medicine and Dentistry,I85788879,no
"Centre for Clinical Trials and Population Studies, Plymouth University Peninsula Schools of Medicine and Dentistry, Plymouth, UK; Institute for Health and Human Development, University of East London, London, UK",1,University of East London,I157227730,no
"Centre for Clinical Trials and Population Studies, Plymouth University Peninsula Schools of Medicine and Dentistry, Plymouth, United Kingdom",1,,,no
Centre for Clinical Trials and Population Studies; Plymouth University Peninsula Schools of Medicine and Dentistry; Plymouth UK,1,,,no
"Centre for Emotions and Health, Dalhousie University, Halifax, Nova Scotia, Canada2National Institute for Health Research Collaboration for Leadership in Applied Health Research and Care South West Peninsula, Plymouth University Peninsula Schools of Medicine and Dentistry, Plymouth, England",1,Dalhousie University | National Institute for Health and Care Research,I129902397 I34931013,no
"Centre for Emotions and Health, Dalhousie University, Halifax, Nova Scotia, Canada; National Institute for Health Research Collaboration for Leadership in Applied Health Research and Care South West Peninsula, Plymouth University Peninsula Schools of Medicine and Dentistry, Plymouth, England",1,Peninsula College of Medicine and Dentistry,I85788879,no
"Centre for Environment, Fisheries and Aquaculture Science, Pakefield Rd, Lowestoft NR33 0HT, UK; Marine Biology & Ecology Research Centre, Marine Institute, Plymouth University, Plymouth PL4 8AA, UK",1,"Centre for Environment, Fisheries and Aquaculture Science",I1332124652,no
"Centre for Health & Environmental Statistics, Room 301, ITTC Building, Tamar Science Park, Plymouth, Devon PL6 8BX, United Kingdom",1,,,no
"Centre for Health Statistics, Peninsula Schools of Medicine and Dentistry, Plymouth, England",1,Peninsula College of Medicine and Dentistry,I85788879,no
"Centre for Health Statistics, Peninsula Schools of Medicine and Dentistry, Room 302, Tamar Science Park, Plymouth, PL68BX, England",1,Peninsula College of Medicine and Dentistry,I85788879,no
"Centre for Health Statistics, Tamar Science Park, Davy Road, Plymouth, Devon PL6 8BX, UK",1,Plymouth Marine Laboratory,I2802566253,no
"Centre for Innovations in Health and Social Care, Plymouth, England, UK",1,Centre for Sustainable Healthcare,I4210140215,no
"Centre for International Language Teacher Education (CILTE) , University College Plymouth St Mark & St John , Plymouth, UK",1,Plymouth Marjon University,I4210132580,no
"Centre for International Language Teacher Education (CILTE), University College Plymouth St Mark & St John, Plymouth, UK",1,Plymouth Marjon University,I4210132580,no
"Centre for International Language Teacher Education , University College Plymouth , St Mark & St John, Plymouth , UK",1,Plymouth Marjon University,I4210132580,no
Centre for International Language Teacher Education University College Plymouth St Mark & St John,1,Plymouth Marjon University,I4210132580,no
"Centre for International Language Teacher Education, University College Plymouth, St Mark & St John, Plymouth, UK",1,Plymouth Marjon University,I4210132580,no
"Centre for Marine and Coastal Policy Research Plymouth University Portland Square, Drake Circus Plymouth UK PL4 8AA",1,University of Portland,I71578702,no
"Centre for Marine and Coastal Policy Research, Marine Institute and School of Marine Science and Engineering, Plymouth University, Drake Circus, Plymouth, Devon PL4 8AA, United Kingdom",1,,,no
"Centre for Marine and Coastal Policy Research, Marine Institute, Plymouth University, Drake Circus, Plymouth, Devon PL4 8AA, UK; School of Ocean Sciences, Bangor University, Menai Bridge, Anglesey LL59 5AB, UK. Electronic address: m.sciberras@bangor.ac.uk",1,Bangor University,I161548249,no
"Centre for Marine and Coastal Policy Research, Plymouth",1,,,no
"Centre for Marine and Coastal Policy Research, Plymouth University, Drake Circus, Plymouth PL4 8AA, UK; RSPB Centre for Conservation Science, RSPB, The Lodge, Sandy, Bedfordshire SG19 2DL, UK. Electronic address: rebecca.jefferson@rspb.org.uk",1,Royal Society for the Protection of Birds,I135070504,no
"Centre for Marine and Coastal Policy Research, Plymouth University, Drake Circus, Plymouth PL4 8AA, UK; United Nations Environment Programme - World Conservation Monitoring Centre, Huntington Road, Cambridge CB3 0DL, UK",1,UN Environment Programme World Conservation Monitoring Centre,I164576550,no
"Centre for Marine and Coastal Policy Research, The Marine Institute, Marine Building, Plymouth University, Plymouth, Devon, United Kingdom",1,,,no
"Centre for Medical Statistics & Bioinformatics, Peninsula Schools of Medicine and Dentistry, Plymouth, UK",1,Peninsula College of Medicine and Dentistry,I85788879,no
"Centre for Medical Statistics and Bioinformatics, Peninsula Schools of Medicine & Dentistry, Plymouth University, Plymouth, United Kingdom",1,,,no
"Centre for Medical Statistics and Bioinformatics, Plymouth University Peninsula Schools of Medicine and Dentistry, Plymouth, UK",1,Peninsula College of Medicine and Dentistry,I85788879,no
"Centre for Medical Stats & Bioinformatics, Peninsula Schools of Medicine and Dentistry, Tamar Science Park, Plymouth, Devon PL6 8BX, United Kingdom",1,Peninsula College of Medicine and Dentistry,I85788879,no
Centre for Modern Languages University of Plymottrth,1,,,no
"Centre for Molecular and Biomolecular Informatics, Radboud Institute for Molecular Life Sciences, Radboudumc, P.O. Box 9101, 6500 HB, Nijmegen, The Netherlands; School of Biomedical & Healthcare Sciences, Plymouth University Peninsula Schools of Medicine and Dentistry, Portland Square, Plymouth, PL4 8AA, UK",1,Radboud University Nijmegen | Radboud Institute for Molecular Life Sciences | Radboud University Medical Center,I145872427 I4210109357 I2802934949,no
"Centre for Neural and Adaptive Systems, School of Computing, Plymouth, UK",1,,,no
Centre for Research in Earth SciencesPlymouth UniversityPlymouth UK,1,,,no
"Centre for Robotics and Neural Systems (CRNS), Cognitive Institute, Plymouth University, United Kingdom",1,,,no
"Centre for Robotics and Neural Systems, Plymouth University, Plymouth, United Kingdom; Interactive Intelligence Group, Delft University of Technology, Delft, the Netherlands",1,Delft University of Technology,I98358874,no
"Centre for Robotics and Neural Systems, Plymouth University, UK; Donders Institute for Brain, Cognition, and Behaviour, Radboud University Nijmegen, Netherlands. Electronic address: s.thill@donders.ru.nl",1,Radboud University Nijmegen,I145872427,no
"Centre for Robotics and Neural Systems, Plymouth University, United Kingdom and IDLab—imec, Ghent University, Belgium",1,Ghent University,I32597200,no
"Centre for Robotics and Neural Systems, School of Computing and Mathematics, Plymouth University Plymouth, UK ; Facoltà di Ingegneria e Architettura, Università degli Studi di Enna ""Kore"" Enna, Italy",1,Università degli Studi di Enna Kore,I246010334,no
"Centre for Security, Commun. & Network Res., Plymouth, UK",1,,,no
"Centre for Security, Communications and Network Research, Plymouth University, Plymouth, U.K, Computer Sciences and Information Technology College, Majmaah University, Al Majma’ah and Saudi Arabia, --- Select a Country ---",1,Majmaah University,I195631090,no
"Centre for Security, Communications and Network Research, Plymouth University, Plymouth, U.K, Security Research Institute, Edith Cowan University, Perth andWestern Australia, --- Select a Country ---",1,Edith Cowan University,I12079687,no
"Centre for Security, Communications and Network Research, Plymouth University, Plymouth, U.K, Security Research Institute, Edith Cowan University, Perth,Western Australia, Centre for Research in Information and Cyber Security, Nelson Mandela University, Port Elizabeth and South Africa, --- Select a Country ---",1,Nelson Mandela University | Edith Cowan University,I99712911 I12079687,no
"Centre for Security, Communications and Network Research, Plymouth University, Plymouth, U.K., College of Education for Pure Science, University of Baghdad, Baghdad and Iraq, --- Select a Country ---",1,University of Baghdad,I135120706,no
"Centre for Security, Communications and Network Research, Plymouth University, Plymouth, U.K., Computer Sciences and Information Technology College, Majmaah University, Majmaah and Saudi Arabia, --- Select a Country ---",1,Majmaah University,I195631090,no
"Centre for Security, Communications and Network Research, Plymouth University, Plymouth, U.K., School of Computing, University of Portsmouth, Portsmouth and U.K., --- Select a Country ---",1,University of Portsmouth,I63072094,no
"Centre for Security, Communications and Network Research, Plymouth University, Plymouth, U.K., Security Research Institute, Edith Cowan University Perth Western Australia and Australia, --- Select a Country ---",1,Edith Cowan University,I12079687,no
"Centre for Security, Communications and Network Research, Plymouth University, Plymouth, U.K., Security Research Institute, Edith Cowan University, Perth, Western Australia and Australia, --- Select a Country ---",1,Edith Cowan University,I12079687,no
"Centre for Security, Communications and Network Research, Plymouth University, Plymouth, UK and Computer Sciences and Information Technology College, Majmaah University, Majmaah, Saudi Arabia",1,Majmaah University,I195631090,no
"Centre for Security, Communications and Network Research, Plymouth University, Plymouth, UK and Security Research Institute, Edith Cowan University, Perth, Western Australia",1,Edith Cowan University,I12079687,no
"Centre for Security, Communications and Network Research, Plymouth University, Plymouth, UK and Security Research Institute, Edith Cowan University, Perth, Western Australia and Centre for Research in Information and Cyber Security, Nelson Mandela Metropolitan University, Port Elizabeth, South Africa",1,Nelson Mandela University | Edith Cowan University,I99712911 I12079687,no
"Centre for Security, Communications and Network Research, Plymouth University, Plymouth, UK,#R##N##R##N#Computer Science Department, Science College, Diyala University, Diyala, Iraq",1,University of Diyala,I78277041,no
"Centre for Security, Communications and Network Research, Plymouth University, Plymouth, UKSecurity Research Institute, Edith Cowan University, Perth, Australia",1,Edith Cowan University,I12079687,no
"Centre for Security, Communications and Network Research, Plymouth University, Security Research Institute, Edith Cowan University",1,Edith Cowan University,I12079687,no
"Centre for Security, Communications and Network Research, Plymouth University, UK; and Faculty of Computer Science, University of Applied Sciences Darmstadt, Germany",1,,,no
"Centre for Teaching Mechanics , Plymouth Polytechnic , Drake Circus, Plymouth, England",1,,,no
"Centre for Teaching Mechanics , Polytechnic South‐West , Drake Circus, Plymouth PL4 8AA, England",1,,,no
"Centre for Teaching Mechanics Polytechnic South West, Plymouth",1,,,no
"Centre for Teaching Mechanics, Plymouth Polytechnic",1,,,no
"Centre for Teaching Mechanics, Polytechnic South West, Plymouth",1,,,no
"Centre for Teaching Mechanics, Polytechnic South‐West, Drake Circus, Plymouth PL4 8AA, England",1,,,no
"Centre for Teaching MechanicsPolytechnic South West, Plymouth",1,,,no
"Centre for Theoretical and Computational Neuroscience, University of Plymouth, Hungary",1,,,no
"Centre for observation of Air–Sea Interactions and fluXes (CASIX), Plymouth, UK",1,,,no
"Centre for the Study of Local Elections , Plymouth Polytechnic",1,,,no
"Centre for the Study of Local Elections, Plymouth Polytechnic",1,,,no
"Centre of Biostatistics, Bioinformatics and Biomarkers, Plymouth University Peninsula Schools of Medicine and Dentistry, Plymouth, Devon, UK",1,,,no
"Chair of Clinical Neuroscience Peninsula Medical School Room N16 ITTC building 1 Tamar Science Park, 1 Davy Road Derriford, Plymouth, PL6 8BX, UK",1,,,no
"Chair, European Board of Medical Genetics, Plymouth University, UK",1,,,no
"Chairman of Jonsmod, Department of Mathematics & Statistics, Polytechnic South West Drake Circus, PL4 8AA, Plymouth, UK",1,,,no
"Chairman of Jonsmod, Department of Mathematics & Statistics, Polytechnic South West, Drake Circus, PL4 8AA, Plymouth, UK",1,,,no
"Chemistry Division, Department of Environmental Sciences, Plymouth Polytechnic, Drake Circus, PL4 8AA, Plymouth, UK",1,Plymouth Marine Laboratory,I2802566253,no
"Chemistry Division, Department of Environmental Sciences, Plymouth Polytechnic, Plymouth, UK",1,Plymouth Marine Laboratory,I2802566253,no
"Children's Speech and Language Service, Cumberland Centre, Devonport Plymouth. mcooper@plymouth.ac.uk",1,,,no
"Chris Humphries FRCEM PGDip(MedTox) DRCOG DLM is a doctor in Academic Emergency Medicine and a Clinical Research Fellow in Clinical Toxicology at the University of Edinburgh, UK. Competing interests: CH has received reimbursement of expenses for speaking at Royal College of Emergency Medicine conferences and Clinical Toxicology study days, and payment for lectures delivered at the University of Plymouth as a visiting lecturer (Mental Health and Clinical Toxicology). His salary is funded by the Medical Research Council Michael Eddleston ScD FRCPE FRSE is Professor of Clinical Toxicology at the University of Edinburgh and Honorary Consultant Physician at Edinburgh Royal Infirmary, UK. His research interests include the management and prevention of pesticide self-poisoning and clinical pharmacology of antidotes for poisoning. Competing interests: ME has advised on the medical management of poisoned patients in medico-legal cases, for both claimant and defendant, over the last 5 years as a medical expert from the National Poisons Information Service James Dear PhD FRCP is Professor of Clinical Pharmacology at the University of Edinburgh and Consultant Toxicologist at the NHS Lothian and the National Poisons Information Service, UK. Competing interests: JD was the Chief Investigator on the POP Trial of calmangafodipir funded by Egetis Therapeutics",1,University of Edinburgh,I98677209,no
"Christopher JG Green MBBCh FRCA FFPMRCA is a Consultant Anaesthetist and Pain Physician at University Hospital Plymouth, Plymouth, UK. Conflicts of interest: none declared Somnath Bagchi MBBS MD FRCA FFPMRCA is a Consultant Anaesthetist and Pain Physician at University Hospital Plymouth, Plymouth, UK. Conflicts of interest: none declared",1,Plymouth Hospital,I4210163658,no
"Clinical Education Research Group, Peninsula Medical School, Plymouth, UK",1,Peninsula College of Medicine and Dentistry,I85788879,no
"Clinical Education Research, Peninsula Medical School, Plymouth, UK",1,Peninsula College of Medicine and Dentistry,I85788879,no
"Clinical Education, Peninsula Schools of Medicine and Dentistry, Plymouth, UK",1,Peninsula College of Medicine and Dentistry,I85788879,no
"Clinical Lead and Consultant in Prosthodontics, Peninsula Dental School, University of Plymouth, Plymouth, United Kingdom. bdj.news@springernature.com",1,Peninsula College of Medicine and Dentistry,I85788879,no
"Clinical Lecturer in Dental Education, Peninsula Dental School, Plymouth University",1,Peninsula College of Medicine and Dentistry,I85788879,no
"Clinical Lecturer in Evidence Based Dentistry, Plymouth University Peninsula Dental School,",1,Peninsula College of Medicine and Dentistry,I85788879,no
"Clinical Neurobiology, Inst. Biomedical and Clinical Science, Peninsula Medical School, Plymouth, UK",1,Peninsula College of Medicine and Dentistry,I85788879,no
"Clinical Neurobiology, Inst. Biomedical and Clinical Science, Peninsula Medical School, The John Bull Building, Tamar Science Park, Research Way, Plymouth PL6 8BU, UK",1,Peninsula College of Medicine and Dentistry,I85788879,no
"Clinical Neurobiology, Inst. Biomedical and Clinical Science, Peninsula Medical School, The John Bull Building, Tamar Science Park, Research Way, Plymouth PL6 8BU, UK. Oliver.Hanemann@pms.ac.uk",1,Peninsula College of Medicine and Dentistry,I85788879,no
"Clinical Neurobiology, Inst. Biomedical and Clinical Science, Peninsula Medical School, The John Bull Building, Tamar Science Park, Research Way, Plymouth, PL6 8BU, UK. Oliver.Hanemann@pms.ac.uk",1,Peninsula College of Medicine and Dentistry,I85788879,no
"Clinical Neurobiology, Institute of Biomedical and Clinical Science, Peninsula Medical School, The John Bull Building, Tamar Science Park, Research Way, Plymouth PL6 8BU, UK",1,Peninsula College of Medicine and Dentistry,I85788879,no
"Clinical Neurobiology, Institute of Clinical and Biomedical Science, Peninsula Medical School, Plymouth, UK",1,Peninsula College of Medicine and Dentistry,I85788879,no
"Clinical Neurobiology, Peninsula Medical School, The John Bull Building, Tamar Science Park, Research Way, Plymouth, PL6 8BU, UK",1,Peninsula College of Medicine and Dentistry,I85788879,no
"Clinical Neurobiology, Peninsula Medical School, The John Bull Building, Tamar Science Park, Research Way, Plymouth, PL6 8BU, UK. oliver.hanemann@pms.ac.uk",1,Peninsula College of Medicine and Dentistry,I85788879,no
"Clinical Neurology Research Group, ITTC Building, Tamar Science Park, Plymouth, PL6 8BX, UK",1,,,no
"Clinical Neurology Research Group, Peninsula College of Medicine and Surgery, Plymouth, Devon, UK",1,Peninsula College of Medicine and Dentistry,I85788879,no
"Clinical Neurology Research Group, Peninsula Medical School, Plymouth, UK",1,Peninsula College of Medicine and Dentistry,I85788879,no
"Clinical Neurology Research Group, Peninsula Medical School, Plymouth, United Kingdom",1,Peninsula College of Medicine and Dentistry,I85788879,no
"Clinical Neurology Research Group, Plymouth University Peninsula Schools of Medicine and Dentistry, Room N13, ITTC Building 1, Davy Road, Tamar Science Park, Plymouth, PL6 8BX, UK",1,,,no
"Clinical Neurology Research Group, Plymouth University Peninsula Schools of Medicine and Dentistry, Tamar Science Park, Plymouth PL6 8BX, UK",1,,,no
"Clinical Neurology Research Group, Room N16 ITTC Building, Plymouth University Peninsula Schools of Medicine and Dentistry, Tamar Science Park, Davy Road, Plymouth, United Kingdom",1,,,no
"Clinical Neurology Research Unit, Peninsula Medical School, Plymouth, UK",1,Peninsula College of Medicine and Dentistry,I85788879,no
"Clinical Neurology Research, Plymouth University Peninsula Schools of Medicine and Dentistry, Plymouth, Devon, UK",1,,,no
"Clinical Neurology and Health Measurement, Plymouth University Peninsula Schools of Medicine and Dentistry, Plymouth, UK",1,Peninsula College of Medicine and Dentistry,I85788879,no
"Clinical Psychology Teaching Unit, Peninsula Allied Health Centre, Derriford Road, Plymouth, UK",1,,,no
"Clinical Research Fellow, Plymouth University Peninsula School of Medicine and Dentistry, Plymouth, UK",1,,,no
"Clinical Research Fellow, Plymouth University Peninsula Schools of Medicine and Dentistry, Plymouth, UK",1,Peninsula College of Medicine and Dentistry,I85788879,no
"Clinical Research Fellow, Primary Care Respiratory Research Unit, Peninsula Medical School, Plymouth",1,,,no
"Clinical Research Methodology Unit, Peninsula Medical School, Clinical Research Methodology Unit, ITTC Building, Tamar Science Park, Plymouth, Devon PL6 8BX, UK",1,Peninsula College of Medicine and Dentistry,I85788879,no
"Clinical School, Musgrove Park Hospital, Taunton and Somerset NHS Foundation Trust, Taunton, UK; School of Nursing and Midwifery, Faculty of Health and Human Sciences, Plymouth University, Plymouth, UK",1,Musgrove Park Hospital | Taunton & Somerset NHS Foundation Trust,I2800820451 I4210122580,no
"Clinical Skills Peninsula Medical School, Plymouth, UK",1,Peninsula College of Medicine and Dentistry | Deleted Institution,I85788879 I4389424196,no
"Clinical Teaching Unit Department of Psychology, Plymouth Polytechnic, UK",1,,,no
"Clinical Teaching Unit, Department of Psychology, Plymouth Polytechnic, Drake Circus, Plymouth",1,Plymouth Marine Laboratory,I2802566253,no
"Clinical Teaching Unit, Department of Psychology, Plymouth Polytechnic, Drake Circus, Plymouth PL4 8AA, UK",1,Plymouth Marine Laboratory,I2802566253,no
"Clinical Trial and Population Studies Department, Plymouth University Peninsula Schools of Medicine and Dentistry, 1 Davy Road, Plymouth, PL6 8BX, UK",1,,,no
"Clinical Trials & Health Research, Peninsula School of Medicine and Dentistry, Plymouth University, Plymouth, Grande-Bretagne",1,,,no
"Clinical Trials and Health Research, Peninsula Schools of Medicine and Dentistry, ITTC, Drake Circus, PL4 8AA, Plymouth, England",1,Peninsula College of Medicine and Dentistry,I85788879,no
"Clinical Trials and Population Studies, Peninsula School for Medicine and Dentistry, Plymouth University, Plymouth, United Kingdom",1,,,no
"Clinical Trials and Population studies, Plymouth University Peninsula schools of Medicine and Dentistry, Plymouth, UK;",1,,,no
"Co-ordinator, Geological Hazards Assessment, Mitigation and Information Unit, Department of Geological Sciences, Polytechnic South West, Plymouth, UK",1,,,no
"Cochrane Priority Setting Methods Group, United Kingdom; Evidence Based Dentistry, Peninsula Dental School, Plymouth University, Plymouth, UK",1,Peninsula College of Medicine and Dentistry,I85788879,no
"Cognition Institute, Plymouth University, Devon, UK",1,,,no
"Collaboration for the Advancement of Medical Education Research and Assessment, Plymouth University Peninsula Schools of Medicine & Dentistry, Plymouth, Devon, UK",1,,,no
"College of St Mark and St John Plymouth Worked in various areas of ELT in Europe, the Middle East, the Far East, and Australia. He was Adviser to the British Council Romania's Language Centres project, which saw the creation of five regional English Teaching Centres. He is now Academic and Centre Administrator at the College of St Mark and St John, Plymouth, UK",1,Plymouth Marjon University,I4210132580,no
"College of St Mark and St JohnPlymouth Worked in various areas of ELT in Europe, the Middle East, the Far East, and Australia. He was Adviser to the British Council Romania's Language Centres project, which saw the creation of five regional English Teaching Centres. He is now Academic and Centre Administrator at the College of St Mark and St John, Plymouth, UK",1,Plymouth Marjon University,I4210132580,no
"College of Technology , Plymouth , Devon",1,Plymouth Marine Laboratory | Plymouth Hospital,I2802566253 I4210163658,no
"College of Technology, Plymouth, Devon, Great Britain",1,,,no
Collegium of Plymouth University,1,Plymouth State University,I89312276,no
"Cologne School of Optometry, Cologne, Germany (SB), and School of Health Professions, Plymouth, United Kingdom (CP), and",1,,,no
"Communication Engineering in the School of Electrical Engineering, Plymouth Polytechnic, Plymouth, Devon, UK",1,Plymouth Marine Laboratory,I2802566253,no
"Community Learning Disabilities Team, Livewell Southwest CIC, Plymouth, UK",1,,,no
"Community and Primary Care Research Group, Clinical Trails and Population Studies, Peninsula School of Medicine and Dentistry, Room N14, ITTC Building, Plymouth Science Park, Derriford, Plymouth, Devon, PL6 8BX, United Kingdom",1,Peninsula College of Medicine and Dentistry,I85788879,no
"Community and Primary Care Research Group, Peninsula Schools of Medicine and Dentistry, Plymouth University, UK",1,Peninsula College of Medicine and Dentistry,I85788879,no
"Community and Primary Care Research Group, Plymouth University Peninsula Schools of Medicine and Dentistry, PLYMOUTH, UK",1,,,no
"Community and Primary Care research group, Plymouth University Peninsula Schools of Medicine & Dentistry, Plymouth, UK",1,Peninsula College of Medicine and Dentistry,I85788879,no
"Community and Primary Care research group, Plymouth University Peninsula Schools of Medicine & Dentistry, Plymouth, United Kingdom",1,Peninsula College of Medicine and Dentistry,I85788879,no
"Comparative Neuroendocrinology Research Group, Schools of Clinical Medicine, Plymouth, England",1,,,no
"Computing, Plymouth Polytechnic, Drake Circus, Plymouth, PL4 8AA, Devon, UK",1,Plymouth Marine Laboratory,I2802566253,no
"Consultant in Emergency Medicine, Derriford Hospital, Plymouth PL6 8DH, Honorary Professor in the Centre for Clinical Trials and Population Studies, Plymouth University Peninsula Schools of Medicine and Dentistry, Plymouth, and Defence Professor of Emergency Medicine in the Academic Department of Military Emergency Medicine, Royal Centre for Defence Medicine (Research and Academia), Medical Directorate, Birmingham",1,Derriford Hospital | Royal Centre for Defence Medicine,I2802723752 I4405273129,no
"Consultant in Restorative Dentistry, Musgrove Park Hospital, Taunton, UK; Associate Professor, Restorative Dentistry, Plymouth University Peninsula School of Dentistry, Plymouth, UK",1,Peninsula College of Medicine and Dentistry,I85788879,no
"Core Trainee in Psychiatry, Peninsula Postgraduate Medical Education, Plymouth, UK",1,Peninsula College of Medicine and Dentistry,I85788879,no
"Course Leader, The Learning Institute, Plymouth, UK",1,,,no
"Critical Change Consultants for Higher Education Langport, Plymouth University, Somerset, UK",1,,,no
"DAVID BRISTOW, PhD, is vice dean of Medical Educationat Plymouth University Peninsula Schools of Medicne and Dentistry",1,,,no
DCorresponding author. Email: lgimbert@plymouth.ac.uk,1,,,no
DCorresponding author. Email: pworsfold@plymouth.ac.uk,1,,,no
DCorresponding author. Email: william.blake@plymouth.ac.uk,1,,,no
"DEPARTMENT OF BIOLOGICAL SCIENCES, PLYMOUTH POLYTECHNIC PLYMOUTH, DEVON, PL4 8AA, ENGLAND",1,Plymouth Marine Laboratory,I2802566253,no
"DMAD - Marine Mammal Research Association, University of Plymouth, Antalya, Turkey",1,Antalya IVF,I4210163979,no
"David Strang (artist), Centre for Media, Art & Design Research, School of Art and Media, Plymouth University, PL4 8AA, U.K",1,,,no
"DeTao Node of the Planetary Collegium, Plymouth University",1,,,no
"Dean of School, Plymouth",1,,,no
"Dean of the Plymouth Business School , Plymouth Polytechnic , UK",1,,,no
"Dean of the Plymouth Business School, Plymouth Polytechnic , Drake Circus, Plymouth , Devon , PL4 8AA",1,Plymouth Marine Laboratory,I2802566253,no
"Dean of the Plymouth Business School, Plymouth Polytechnic, Drake Circus, Plymouth, Devon, PL4 8AA",1,Plymouth Marine Laboratory,I2802566253,no
"Dean of the Plymouth Business School, Plymouth Polytechnic, UK",1,Plymouth Marine Laboratory,I2802566253,no
"Dean, Peninsula Dental School, John Bull Building, Tamar Science Park, Research Way, Derriford, PL6 8BU, Plymouth",1,,,no
"Dean, Peninsula Dental School, The John Bull Building, Tamar Science Park, Research Way, PL6 8BU, Plymouth",1,Peninsula College of Medicine and Dentistry,I85788879,no
"Deborah Robinson (artist), Centre for Media, Art & Design Research, School of Art and Media, Plymouth University, PL4 8AA, U.K",1,,,no
"Dental Public Health, Public Health Academic Consultant, Plymouth University Peninsula Schools of Medicine and Dentistry",1,Peninsula College of Medicine and Dentistry,I85788879,no
"Dental Students, Peninsula Dental School, Universities of Plymouth and Exeter",1,Peninsula College of Medicine and Dentistry,I85788879,no
"Dentistry, Plymouth University Peninsula School of Medicine, Cornwall, United Kingdom",1,Peninsula College of Medicine and Dentistry,I85788879,no
"Dep. Biol. Sci., Plymouth Polytechnic, Plymouth, Devon, U. K",1,Plymouth Marine Laboratory,I2802566253,no
"Dep. Environ. Sci., Plymouth Polytech., Plymouth PL4 8AA, UK",1,,,no
"Dep. Environm. Sci., Plymouth Polytechn., Plymouth PL4 8AA",1,Plymouth Marine Laboratory,I2802566253,no
"Departamento de Física Teórica, Atómica y Óptica, Universidad de Valladolid; Instituto Universitario de Oftalmobiología Aplicada, Universidad de Valladolid; School of Optometry, IOBA Eye Institute, University of Valladolid, 47011 Valladolid, Spain; Faculty of Health and Human Sciences, Plymouth University, PL6 8BH Plymouth, United Kingdom",1,Universidad de Valladolid,I108103353,no
"Department Endocrinology and Metabolism, Plymouth University Peninsula School of Medicine and Dentistry, Plymouth, UK",1,,,no
"Department Endocrinology and Metabolism, University Medicine, Peninsula Medical School, Plymouth, UK",1,Peninsula College of Medicine and Dentistry,I85788879,no
"Department Endocrinology and Metabolism, University Medicine, Peninsula Medical School, Plymouth, UK. t.wilkin@pms.ac.uk",1,Peninsula College of Medicine and Dentistry,I85788879,no
"Department Theoretical Neuroscience, Bernstein-Center for Computational Neuroscience, Central Institute of Mental Health, Medical Faculty Mannheim/Heidelberg University Mannheim, Germany ; Faculty of Science and Environment, School of Computing and Mathematics, Plymouth University Plymouth, UK",1,Bernstein Center for Computational Neuroscience Heidelberg-Mannheim | Heidelberg University | University Hospital Heidelberg,I4210109659 I223822909 I2802164966,no
"Department of Accounting and Finance, Cookworthy building, Room 229-b, Plymouth Business School, Plymouth PL4 8AA, UK",1,,,no
"Department of Accounting, Economics and Finance, Cookworthy building, Room 229b, Plymouth Business School, Plymouth PL4 8AA, the UK",1,,,no
"Department of Anaesthesia, Derriford Hospital, Plymouth Hospitals NHS Trust, Peninsula Schools of Medicine and Dentistry, Plymouth University, Plymouth, UK",1,Derriford Hospital | University Hospitals Plymouth NHS Trust,I2802723752 I4210166818,no
"Department of Anaesthesia, Derriford Hospital, Plymouth Hospitals NHS Trust; Peninsula Schools of Medicine and Dentistry, Plymouth University, Plymouth, United Kingdom",1,Derriford Hospital | University Hospitals Plymouth NHS Trust,I2802723752 I4210166818,no
"Department of Anaesthesia, Peninsula University, Plymouth, UK",1,Peninsula College of Medicine and Dentistry,I85788879,no
"Department of Anaesthesia, Plymouth University Peninsula Schools of Medicine and Dentistry, Plymouth, UK",1,,,no
"Department of Applied Social Science , Polytechnic South West , Plymouth",1,,,no
"Department of Applied Social Science, Polytechnic South West Plymouth, UK",1,,,no
"Department of Applied Social Science, Polytechnic South West, PL 4 8 AA, Plymouth, Plymouth, UK",1,,,no
"Department of Applied Social Science, Polytechnic South West, PL4 8AA, Plymouth, Devon, UK",1,,,no
"Department of Applied Social Science, Polytechnic South West, Plymouth PL4 8AA",1,,,no
"Department of Applied Social Science, Polytechnic South WestPlymouth, UK",1,,,no
"Department of Architecture , Plymouth Polytechnic ,",1,,,no
"Department of Behavioural and Social Sciences, Plymouth Polytechnic, Devon, U.K",1,,,no
"Department of Biological Science, Faculty of Science, Plymouth Polytechnic, Drake Circus, Plymouth PL4 8AA, Devon, UK",1,Plymouth Marine Laboratory,I2802566253,no
"Department of Biological Sciences , Plymouth Polytechnic , Drake Circus , Plymouth , PL4 8AA , UK",1,Plymouth Marine Laboratory,I2802566253,no
"Department of Biological Sciences , Plymouth Polytechnic , Drake Circus, Plymouth, Devon, PL4 8AA, United Kingdom",1,Plymouth Marine Laboratory,I2802566253,no
"Department of Biological Sciences , Plymouth Polytechnic , Drake Circus, Plymouth, PL4 8AA",1,Plymouth Marine Laboratory,I2802566253,no
"Department of Biological Sciences , Polytechnic South West , Drake Circus , Plymouth , PL4 8AA , England",1,,,no
"Department of Biological Sciences , Polytechnic South West , Drake Circus, Plymouth, Devon, PL48AA",1,Plymouth Marine Laboratory,I2802566253,no
"Department of Biological Sciences , Polytechnic South West , Drake Circus, Plymouth, PL4 8AA",1,,,no
"Department of Biological Sciences Plymouth Polytechnic Devon, UK",1,,,no
"Department of Biological Sciences Plymouth Polytechnic Drake Circus, Plymouth PL4 8AA, UK",1,Plymouth Marine Laboratory,I2802566253,no
"Department of Biological Sciences Plymouth Polytechnic Plymouth, UK",1,,,no
"Department of Biological Sciences Plymouth Polytechnic, Drake Circus Plymouth, Devon UK",1,Plymouth Marine Laboratory,I2802566253,no
"Department of Biological Sciences Polytechnic South West Plymouth PL4 8AA, UK",1,,,no
"Department of Biological Sciences, Drake Circus, Plymouth PL4 8AA, UK",1,,,no
"Department of Biological Sciences, Faculty of Science, Plymouth Polytechnic, Drake Circus, PL4 8AA, Plymouth, Devon, UK",1,Plymouth Marine Laboratory,I2802566253,no
"Department of Biological Sciences, Faculty of Science, Plymouth Polytechnic, Plymouth, Devon",1,Plymouth Marine Laboratory,I2802566253,no
"Department of Biological Sciences, Faculty of Science, Plymouth Polytechnic, Plymouth, Devon, U.K",1,Plymouth Marine Laboratory | Plymouth State University,I2802566253 I89312276,no
"Department of Biological Sciences, Plymouth Polytechnic, Drake Circus, Plymouth PL4 8A.4, United Kingdom",1,Plymouth Marine Laboratory,I2802566253,no
"Department of Biological Sciences, Plymouth Polytechnic, Drake Circus, Plymouth PL4 8AA, Devon",1,Plymouth Marine Laboratory,I2802566253,no
"Department of Biological Sciences, Plymouth Polytechnic, Drake Circus, Plymouth PL4 8AA, Devon, UK",1,Plymouth Marine Laboratory,I2802566253,no
"Department of Biological Sciences, Plymouth Polytechnic, Drake Circus, Plymouth PL4 8AA, England",1,Plymouth Marine Laboratory,I2802566253,no
"Department of Biological Sciences, Plymouth Polytechnic, Drake Circus, Plymouth PL4 8AA, United Kingdom",1,Plymouth Marine Laboratory,I2802566253,no
"Department of Biological Sciences, Plymouth Polytechnic, Drake Circus, Plymouth, Devon PL4 8AA Great Britain",1,Plymouth Marine Laboratory,I2802566253,no
"Department of Biological Sciences, Plymouth Polytechnic, Drake Circus, Plymouth, Devon PlL4 8AA, UK, Telephone: (0752) 221312",1,Plymouth Marine Laboratory,I2802566253,no
"Department of Biological Sciences, Plymouth Polytechnic, Drake Circus, Plymouth, Devon, PL4 8AA",1,Plymouth Marine Laboratory,I2802566253,no
"Department of Biological Sciences, Plymouth Polytechnic, Drake Circus, Plymouth, PL 8AA",1,Plymouth Marine Laboratory,I2802566253,no
"Department of Biological Sciences, Plymouth Polytechnic, Drake Circus, Plymouth, PL4 8AA, Devon, UK",1,Plymouth Marine Laboratory,I2802566253,no
"Department of Biological Sciences, Plymouth Polytechnic, Drake Circus, Plymouth, PL4 8AA; Department of Natural History, Royal Scottish Museum, Chambers Street, Edinburgh, EH1 1JF; Michaelmas Cottage, The Green, Elstead, Surrey, GU8 6HA",1,,,no
"Department of Biological Sciences, Plymouth Polytechnic, Drake CircusPlymouth PL4 8AA, UK",1,Plymouth Marine Laboratory,I2802566253,no
"Department of Biological Sciences, Plymouth Polytechnic, Drakes Circus, Plymouth, Devon",1,Plymouth Marine Laboratory,I2802566253,no
"Department of Biological Sciences, Plymouth Polytechnic, Plymouth PL 4 8AA",1,Plymouth Marine Laboratory,I2802566253,no
"Department of Biological Sciences, Plymouth Polytechnic, Plymouth PL4 8 A A, U.K",1,Plymouth Marine Laboratory | Plymouth State University,I2802566253 I89312276,no
"Department of Biological Sciences, Plymouth Polytechnic, Plymouth PL4 8AA, Devon, UK",1,Plymouth Marine Laboratory,I2802566253,no
"Department of Biological Sciences, Plymouth Polytechnic, Plymouth, Devon",1,Plymouth Marine Laboratory,I2802566253,no
"Department of Biological Sciences, Plymouth Polytechnic, Plymouth, Devon PL4 8AA, UK",1,Plymouth Marine Laboratory,I2802566253,no
"Department of Biological Sciences, Plymouth Polytechnic, Plymouth, Devon, England",1,,,no
"Department of Biological Sciences, Plymouth Polytechnic, Plymouth, Devon, PL4 8 AA, UK",1,,,no
"Department of Biological Sciences, Plymouth Polytechnic, Plymouth, Devon, PL4 8AA, UK",1,Plymouth Marine Laboratory,I2802566253,no
"Department of Biological Sciences, Plymouth Polytechnic, Plymouth, Devon, UK",1,,,no
"Department of Biological Sciences, Plymouth Polytechnic, Plymouth, PL4 BAA, UK",1,Plymouth Marine Laboratory,I2802566253,no
"Department of Biological Sciences, Plymouth Polytechnic, U.K",1,,,no
"Department of Biological Sciences, Plymouth PolytechnicDrake Circus, Plymouth, PL4 8AA",1,,,no
"Department of Biological Sciences, Polytechnic South West, Drake Circus, PL4 8AA, Plymouth, Devon, England",1,,,no
"Department of Biological Sciences, Polytechnic South West, Drake Circus, PL4 8AA, Plymouth, Devon, United Kingdom",1,Plymouth Marine Laboratory,I2802566253,no
"Department of Biological Sciences, Polytechnic South West, Drake Circus, Plymouth",1,,,no
"Department of Biological Sciences, Polytechnic South West, Drake Circus, Plymouth PL4 8 AA, U.K",1,,,no
"Department of Biological Sciences, Polytechnic South West, Drake Circus, Plymouth PL4 8AA, Devon, U.K",1,,,no
"Department of Biological Sciences, Polytechnic South West, Drake Circus, Plymouth PL4 8AA, UK",1,,,no
"Department of Biological Sciences, Polytechnic South West, Drake Circus, Plymouth, Devon PL4 8 A A, U.K",1,,,no
"Department of Biological Sciences, Polytechnic South West, Drake Circus, Plymouth, Devon PL48AA, U.K",1,,,no
"Department of Biological Sciences, Polytechnic South West, Drake Circus, Plymouth, Devon, PL48AA",1,,,no
"Department of Biological Sciences, Polytechnic South West, Drake Circus, Plymouth, Devon, UK",1,Plymouth Marine Laboratory,I2802566253,no
"Department of Biological Sciences, Polytechnic South West, Drake Circus, Plymouth, PL 8AA",1,,,no
"Department of Biological Sciences, Polytechnic South West, Drake Circus, Plymouth, PL4 8AA, UK",1,,,no
"Department of Biological Sciences, Polytechnic South West, Plymouth PL4 8AA",1,,,no
"Department of Biological Sciences, Polytechnic South West, Plymouth, PL4 8AA",1,,,no
"Department of Biological Sciences, Polytechnic Southwest, Drake Circus, Plymouth PL4 8AA, U.K",1,,,no
"Department of Biological Sciences. University of Plynlouth, 6 Queen Anne Terrace, North Hill. Plymouth PL4 8AA, United Kingdom",1,,,no
"Department of Biomedical Sciences, Peninsula Dental School Portland Square C406, Drake Circus, Plymouth PL4 8AA United Kingdom,",1,Peninsula College of Medicine and Dentistry,I85788879,no
"Department of Cariology, Endodontology and Operative Dentistry, Peking University School and Hospital of Stomatology, 22 South Zhongguancun Avenue, Haidian District, Beijing, P.R. China; Peninsula Dental School, Plymouth University Peninsula Schools of Medicine and Dentistry, 16 Research Way, Plymouth, UK",1,Peninsula College of Medicine and Dentistry,I85788879,no
"Department of Chemistry and Biology, College of Technology, Plymouth",1,Arts University Plymouth,I2801530513,no
"Department of Chemistry and Biology, Plymouth College of Technology1",1,Arts University Plymouth,I2801530513,no
"Department of Civil Engineering, Plymouth Polytechnic",1,,,no
"Department of Civil Engineering, Plymouth Polytechnic, PL4 OEX, Plymouth",1,Plymouth Marine Laboratory,I2802566253,no
"Department of Civil Engineering, Plymouth Polytechnic, Plymouth",1,Plymouth Marine Laboratory,I2802566253,no
"Department of Civil Engineering, Plymouth Polytechnic, Plymouth (England)",1,,,no
"Department of Civil Engineering, Plymouth Polytechnic, Plymouth, PL4 0EX Great Britain",1,Plymouth Marine Laboratory,I2802566253,no
"Department of Clinical Education, Plymouth University Peninsula Schools of Medicine and Dentistry, Plymouth, UK",1,Peninsula College of Medicine and Dentistry,I85788879,no
"Department of Clinical Education, Plymouth University Peninsula Schools of Medicine and Dentistry, Plymouth, UK; Department of Family Medicine, University of Pretoria, Pretoria, South Africa;",1,Peninsula College of Medicine and Dentistry | University of Pretoria,I85788879 I69552723,no
"Department of Clinical Haematology, Plymouth University Peninsula Schools of Medicine and Dentistry, Plymouth, United Kingdom;",1,,,no
Department of Clinical Neurobiology Plymouth University Peninsula Schools of Medicine and Dentistry Plymouth UK,1,Peninsula College of Medicine and Dentistry,I85788879,no
"Department of Clinical Neurobiology, Institute of Biomedical and Clinical Science, Peninsula Medical School, Plymouth, United Kingdom",1,Peninsula College of Medicine and Dentistry,I85788879,no
"Department of Clinical Neurobiology, Institute of Biomedical and Clinical Science, Peninsula Medical School, Tamar Science Park, Research Way, Plymouth, United Kingdom",1,Peninsula College of Medicine and Dentistry,I85788879,no
"Department of Clinical Neurobiology, Peninsula Medical School, The John Bull Building, Tamar Science Park, Plymouth, PL6 8BU, UK",1,Peninsula College of Medicine and Dentistry,I85788879,no
"Department of Clinical Neurobiology, Peninsula Medical School, The John Bull Building, Tamar Science Park, Research Way, Plymouth PL6 8BU, UK",1,Peninsula College of Medicine and Dentistry,I85788879,no
"Department of Clinical Neurobiology, Plymouth University Peninsula Schools of Medicine and Dentistry, Plymouth, UK",1,,,no
"Department of Clinical Neuroscience , Peninsula Medical School , Room N16 ITTC Building , Tamar Science Park , Davy Road , Plymouth , Devon PL6 8BX , UK",1,Peninsula College of Medicine and Dentistry,I85788879,no
"Department of Clinical Neuroscience, Peninsula Medical School, Plymouth, Devon, UK",1,Peninsula College of Medicine and Dentistry,I85788879,no
"Department of Clinical Neuroscience, Peninsula Medical School, Plymouth, UK",1,Peninsula College of Medicine and Dentistry,I85788879,no
"Department of Clinical Neuroscience, Peninsula Medical School, Plymouth, United Kingdom",1,Peninsula College of Medicine and Dentistry,I85788879,no
"Department of Clinical Neuroscience, Peninsula Medical School, Tamar Science Park, Plymouth, UK",1,Peninsula College of Medicine and Dentistry,I85788879,no
"Department of Clinical Psychology, General Hospital/Visiting Research Fellow, Department of Psychology Polytechnic South West, Plymouth, UK",1,,,no
"Department of Clinical Trials and Health Research: Translational & Stratified Medicine, Plymouth",1,,,no
"Department of Clinical Trials and Health Research: Translational & Stratified Medicine, Plymouth University Peninsula Schools of Medicine and Dentistry, UK",1,,,no
"Department of Communication Engineering Plymouth Polytechnic Plymouth, Devon, England",1,University Hospitals Plymouth NHS Trust,I4210166818,no
"Department of Communication Engineering, Faculty of Technology, Plymouth Polytechnic, Drake Circus, Plymouth, Devon PL4 8AA, UK",1,Plymouth Marine Laboratory,I2802566253,no
"Department of Communication Engineering, Plymouth Polytechnic, Drake Circus, PL4 8AA, Plymouth, Devon, England",1,Plymouth Marine Laboratory,I2802566253,no
"Department of Communication Engineering, Plymouth Polytechnic, Plymouth, Devon PL4 8AA, UK",1,,,no
"Department of Communication Engineering, Plymouth Polytechnic, Plymouth, England",1,,,no
"Department of Communication Engineering, Plymouth Polytechnic, Plymouth, WDevon PL4 8AA, UK",1,Plymouth Marine Laboratory,I2802566253,no
"Department of Communications Engineering, Plymouth Polytechnic, Plymouth, UK",1,,,no
"Department of Computing , Polytechnic South West , Drake Circus, Plymouth , Devon , PL4- 8AA",1,Plymouth Marine Laboratory,I2802566253,no
"Department of Computing, Centre for World Class Manufacturing, Polytechnic South West, Plymouth, UK",1,,,no
"Department of Computing, Plymouth Polytechnic, Drake Circus, PL4 8AA, Plymouth, UK",1,Plymouth Marine Laboratory,I2802566253,no
"Department of Computing, Plymouth Polytechnic, Plymouth, Devon PL4 8AA, UK",1,Plymouth Marine Laboratory,I2802566253,no
"Department of Computing, Plymouth Polytechnic, Plymouth, Devon, UK",1,,,no
"Department of Computing, Plymouth Polytechnic, Plymouth, PL4 8AA",1,Plymouth Marine Laboratory,I2802566253,no
"Department of Computing, Plymouth Polytechnic, Plymouth, PL4 8AA, UK",1,Plymouth Marine Laboratory,I2802566253,no
"Department of Computing, Plymouth Polytechnic, UK",1,,,no
"Department of Computing, Polytechnic South West, Plymouth, UK",1,,,no
"Department of Dentistry, Radboud University Medical Center, Radboud Institute for Health Sciences, Nijmegen, The Netherlands; Department of Restorative Dentistry & Dental Traumatology, King's College Hospital, Dental Institute, Denmark Hill, London SE5 9RW; Peninsula Dental School, Faculty of Health, Plymouth University, Plymouth, PL4 8AA. Electronic address: a.alani@nhs.net",1,Radboud University Nijmegen | Radboud University Medical Center,I145872427 I2802934949,no
"Department of Dentistry, Radboud University Medical Center, Radboud Institute for Health Sciences, Nijmegen, the Netherlands; Department of Restorative Dentistry & Dental Traumatology, King's College Hospital, Dental Institute, Denmark Hill, London SE5 9RW, United Kingdom; Peninsula Dental School, Faculty of Health, Plymouth University, Plymouth, PL4 8AA, United Kingdom. Electronic address: aws.alani@radboudumc.nl",1,Radboud University Nijmegen | Radboud University Medical Center | Radboud Institute for Molecular Life Sciences,I145872427 I2802934949 I4210109357,no
"Department of Economics , Plymouth Business School",1,,,no
"Department of Economics , Plymouth Polytechnic, Plymouth , Devon, PL4 8AA, UK",1,Plymouth Marine Laboratory,I2802566253,no
"Department of Education, University of Bath and Plymouth Institute of Education, Unversity of Plymouth",1,University of Bath,I51601045,no
"Department of Electrical & Electronic Engineering, Plymouth Polytechnic, Devon, UK",1,,,no
"Department of Electrical & Electronic Engineering, Polytechnic South West, Plymouth, Devon, UK",1,,,no
"Department of Electrical &amp; Electronic Engineering, Plymouth Polytechnic Drake Circus, Plymouth, WDevon PL4 8AA, UK",1,Plymouth Marine Laboratory,I2802566253,no
"Department of Electrical &amp; Electronic Engineering, Polytechnic South West, Drake Circus, Plymouth, WDevon PL4 8AA, UK",1,,,no
Department of Electrical Engineering at the City of Plymouth College of Technology,1,,,no
"Department of Electrical Engineering, Plymouth Polytechnic, Plymouth, UK",1,,,no
"Department of Electrical Engineering, Plymouth Polytechnic, Plymouth, United Kingdom",1,,,no
"Department of Electrical and Communication Engineering, Polytechnic South West, Drake Circus, Plymouth, Devon PL4 8AA, U.K",1,,,no
"Department of Electrical and Electronic Engineering, Plymouth Polytechnic",1,,,no
"Department of Electrical and Electronic Engineering, Plymouth Polytechnic, Devon, UK",1,,,no
"Department of Electrical and Electronic Engineering, Plymouth Polytechnic, Drake Circus, Plymouth, Devon PL4 8AA, UK",1,Plymouth Marine Laboratory,I2802566253,no
"Department of Electrical and Electronic Engineering, Plymouth Polytechnic, Plymouth, Devon, UK",1,,,no
"Department of Electrical and Electronic Engineering, Plymouth Polytechnic,Plymouth, Devon PL4 8AA, UK",1,Plymouth Marine Laboratory,I2802566253,no
"Department of Endocrinology & Metabolism, Peninsula Medical School, Plymouth Campus, UK. alison.jeffery@pms.ac.uk",1,Peninsula College of Medicine and Dentistry,I85788879,no
"Department of Endocrinology & Metabolism, Peninsula Medical School, Plymouth campus, Plymouth, UK. devasenan.devendra@uchsc.edu",1,Peninsula College of Medicine and Dentistry,I85788879,no
"Department of Endocrinology & Metabolism, Peninsula Medical School, Plymouth campus, and",1,Peninsula College of Medicine and Dentistry,I85788879,no
"Department of Endocrinology & Metabolism, Peninsula Medical School, Plymouth, Devon, UK. T.Wilkin@pms.ac.uk",1,Peninsula College of Medicine and Dentistry,I85788879,no
Department of Endocrinology & Metabolism; Peninsula Medical School; Plymouth campus Plymouth UK,1,Peninsula College of Medicine and Dentistry,I85788879,no
Department of Endocrinology &amp; Metabolism Peninsula Medical School  Plymouth Campus UK,1,Peninsula College of Medicine and Dentistry,I85788879,no
"Department of Endocrinology and Metabolism , Peninsula Medical School , Plymouth Campus , Plymouth , UK",1,Peninsula College of Medicine and Dentistry,I85788879,no
Department of Endocrinology and Metabolism Plymouth University Peninsula Schools of Medicine and Dentistry  Plymouth UK,1,Peninsula College of Medicine and Dentistry,I85788879,no
"Department of Endocrinology and Metabolism, Peninsula Medical School (B.S.M., L.D.V., T.J.W.), Plymouth, United Kingdom PL6 80H",1,Peninsula College of Medicine and Dentistry,I85788879,no
"Department of Endocrinology and Metabolism, Peninsula Medical School (Plymouth Campus), Plymouth, UK",1,Peninsula College of Medicine and Dentistry,I85788879,no
"Department of Endocrinology and Metabolism, Peninsula Medical School (Plymouth Campus), UK",1,Peninsula College of Medicine and Dentistry,I85788879,no
"Department of Endocrinology and Metabolism, Peninsula Medical School, Plymouth Campus, Plymouth, U.K",1,Peninsula College of Medicine and Dentistry,I85788879,no
"Department of Endocrinology and Metabolism, Peninsula Medical School, Plymouth campus, Plymouth, UK",1,Peninsula College of Medicine and Dentistry,I85788879,no
"Department of Endocrinology and Metabolism, Peninsula Medical School, Plymouth campus, UK",1,Peninsula College of Medicine and Dentistry,I85788879,no
"Department of Endocrinology and Metabolism, Peninsula Medical School, Plymouth, Devon, PL6 8DH, UK",1,Peninsula College of Medicine and Dentistry,I85788879,no
"Department of Endocrinology and Metabolism, Peninsula Medical School, Plymouth, Devon, UK",1,Peninsula College of Medicine and Dentistry,I85788879,no
"Department of Endocrinology and Metabolism, Peninsula Medical School, Plymouth, UK. T.Wilkin@pms.ac.uk",1,Peninsula College of Medicine and Dentistry,I85788879,no
"Department of Endocrinology and Metabolism, Peninsula Schools of Medicine and Dentistry, Plymouth University Plymouth, UNITED KINGDOM",1,,,no
"Department of Endocrinology and Metabolism, Plymouth University Peninsula Schools of Medicine and Dentistry; Plymouth UK",1,Peninsula College of Medicine and Dentistry,I85788879,no
"Department of Endocrinology and Metabolism, The Peninsula Medical School, Plymouth Campus, Plymouth, UK",1,Peninsula College of Medicine and Dentistry,I85788879,no
"Department of Endocrinology, Peninsula Medical School, Plymouth, United Kingdom",1,Peninsula College of Medicine and Dentistry,I85788879,no
"Department of Energy and Procurement, GSM London, Plymouth University, London SE1 4LG, UK",1,,,no
"Department of Environmenal Sciences, Polytechnic South-West, Plymouth, Devon PL4 8AA, UK",1,Plymouth Marine Laboratory,I2802566253,no
"Department of Environment studies, plymouth polutechnic, plymouth, Devon",1,,,no
"Department of Environmental Science , Polytechnic South West , Drake Circus, Plymouth, Devon, PL4 8AA, United Kingdom",1,Plymouth Marine Laboratory,I2802566253,no
"Department of Environmental Science The Polytechnic Plymouth , U.K",1,,,no
"Department of Environmental Science The Polytechnic Plymouth, U.K",1,,,no
"Department of Environmental Science, Chemistry Division, Polytechnic South West, PlymouthUK",1,,,no
"Department of Environmental Science, Plymouth Polytechnic, Drake Circus, United Kingdom",1,,,no
"Department of Environmental Science, Plymouth Polytechnic, Plymouth, Devon PL4 8AA, UK",1,Plymouth Marine Laboratory,I2802566253,no
"Department of Environmental Science, Plymouth Polytechnic, Plymouth, U.K",1,Plymouth Marine Laboratory | Plymouth State University,I2802566253 I89312276,no
"Department of Environmental Science, Plymouth Polytechnic, Plymouth, UK",1,,,no
"Department of Environmental Science, Polytechnic South West, Plymouth",1,,,no
"Department of Environmental Science, Polytechnic South West, Plymouth PL4 8AA, Devon, U.K",1,Plymouth Marine Laboratory,I2802566253,no
"Department of Environmental Science, Polytechnic South West, Plymouth, UK",1,,,no
"Department of Environmental Sciences , Plymouth Polytechnic , Drake Circus, Plymouth , Devon , PL4 8AA , UK",1,Plymouth Marine Laboratory,I2802566253,no
"Department of Environmental Sciences , Plymouth Polytechnic , Drake Circus, Plymouth, PL4 8AA, United Kingdom",1,Plymouth Marine Laboratory,I2802566253,no
"Department of Environmental Sciences , Plymouth Polytechnic , Plymouth, Devon, PL4 8AA",1,Plymouth Marine Laboratory,I2802566253,no
"Department of Environmental Sciences , Plymouth Polytechnic , Plymouth, PL4 8AA, England, UK",1,Plymouth Marine Laboratory,I2802566253,no
"Department of Environmental Sciences , Plymouth Polytechnic , Plymouth, PL4 8AA, U.K",1,Plymouth Marine Laboratory,I2802566253,no
"Department of Environmental Sciences , Plymouth Polytechnic , Plymouth, PL4 8AA, UK",1,Plymouth Marine Laboratory,I2802566253,no
"Department of Environmental Sciences , Polytechnic South West , Drake Circus, Plymouth, Devon, PL4 8AA, UK",1,Plymouth Marine Laboratory,I2802566253,no
"Department of Environmental Sciences , Polytechnic South West , Drake Circus, Plymouth, PL4 8AA, (UK)",1,,,no
"Department of Environmental Sciences , Polytechnic South West , Drake Circus, Plymouth, PL4 8AA, UK",1,,,no
"Department of Environmental Sciences , Polytechnic South West , Plymouth, UK",1,,,no
Department of Environmental Sciences Plymouth Polytechnic Drake Circus Plymouth PL4 8AA,1,,,no
"Department of Environmental Sciences Plymouth Polytechnic Plymouth, England",1,,,no
"Department of Environmental Sciences, Faculty of Science, Plymouth Polytechnic, Drake Circus, Plymouth, Devon PL4 8AA, England",1,Plymouth Marine Laboratory,I2802566253,no
"Department of Environmental Sciences, Faculty of Science, Room 504, Plymouth Polytechnic, Drake Circus, Plymouth, Devon PL4 8AA, England",1,Plymouth Marine Laboratory,I2802566253,no
"Department of Environmental Sciences, Plymouth Polytechnic Drake Circus, Plymouth PL4 8AA",1,Plymouth Marine Laboratory,I2802566253,no
"Department of Environmental Sciences, Plymouth Polytechnic Plymouth, Devon, UK",1,Plymouth Marine Laboratory,I2802566253,no
"Department of Environmental Sciences, Plymouth Polytechnic, Devon; the 2Pathology Department,",1,Plymouth Marine Laboratory,I2802566253,no
"Department of Environmental Sciences, Plymouth Polytechnic, Drake Circus , Plymouth , PL4 8AA , England",1,Plymouth Marine Laboratory,I2802566253,no
"Department of Environmental Sciences, Plymouth Polytechnic, Drake Circus, PL4 8AA, Plymouth, Devon, England",1,Plymouth Marine Laboratory,I2802566253,no
"Department of Environmental Sciences, Plymouth Polytechnic, Drake Circus, Plymouth PL4",1,Plymouth Marine Laboratory,I2802566253,no
"Department of Environmental Sciences, Plymouth Polytechnic, Drake Circus, Plymouth PL4 8AA (Gt. Britain)",1,Plymouth Marine Laboratory,I2802566253,no
"Department of Environmental Sciences, Plymouth Polytechnic, Drake Circus, Plymouth PL4 8AA Gt. Britain",1,Plymouth Marine Laboratory,I2802566253,no
"Department of Environmental Sciences, Plymouth Polytechnic, Drake Circus, Plymouth PLA 8AA Great Britain",1,Plymouth Marine Laboratory,I2802566253,no
"Department of Environmental Sciences, Plymouth Polytechnic, Drake Circus, Plymouth, Devon",1,Plymouth Marine Laboratory,I2802566253,no
"Department of Environmental Sciences, Plymouth Polytechnic, Drake Circus, Plymouth, Devon PL4 8AA",1,Plymouth Marine Laboratory,I2802566253,no
"Department of Environmental Sciences, Plymouth Polytechnic, Drake Circus, Plymouth, Devon PL4 8AA Gt. Britain",1,Plymouth Marine Laboratory,I2802566253,no
"Department of Environmental Sciences, Plymouth Polytechnic, Drake Circus, Plymouth, Devon PL4 8AA UK",1,Plymouth Marine Laboratory,I2802566253,no
"Department of Environmental Sciences, Plymouth Polytechnic, Drake Circus, Plymouth, Devon PL4 8AA United Kingdom",1,Plymouth Marine Laboratory,I2802566253,no
"Department of Environmental Sciences, Plymouth Polytechnic, Drake Circus, Plymouth, Devon PL4 8AA, UK",1,Plymouth Marine Laboratory,I2802566253,no
"Department of Environmental Sciences, Plymouth Polytechnic, Drake Circus, Plymouth, Devon PL4 8AA, United Kingdom",1,Plymouth Marine Laboratory,I2802566253,no
"Department of Environmental Sciences, Plymouth Polytechnic, Drake Circus, Plymouth, Devon, PL4 8AA, United Kingdom",1,Plymouth Marine Laboratory,I2802566253,no
"Department of Environmental Sciences, Plymouth Polytechnic, Drake Circus, Plymouth, UK",1,Plymouth Marine Laboratory,I2802566253,no
"Department of Environmental Sciences, Plymouth Polytechnic, Drake Circuss, Plymouth, Devon PL4 8AA United Kingdom",1,Plymouth Marine Laboratory,I2802566253,no
"Department of Environmental Sciences, Plymouth Polytechnic, Drake's Circus, Plymouth",1,Plymouth Marine Laboratory,I2802566253,no
"Department of Environmental Sciences, Plymouth Polytechnic, PL4 8AA, Plymouth, Devon, England",1,Plymouth Marine Laboratory,I2802566253,no
"Department of Environmental Sciences, Plymouth Polytechnic, PL4 8AA, Plymouth, U.K",1,Plymouth Marine Laboratory,I2802566253,no
"Department of Environmental Sciences, Plymouth Polytechnic, Plymouth PL4 8AA, UK",1,Plymouth Marine Laboratory,I2802566253,no
"Department of Environmental Sciences, Plymouth Polytechnic, Plymouth PL4 8AA, United Kingdom",1,Plymouth Marine Laboratory,I2802566253,no
"Department of Environmental Sciences, Plymouth Polytechnic, Plymouth, Devon U.K",1,Plymouth Marine Laboratory,I2802566253,no
"Department of Environmental Sciences, Plymouth Polytechnic, Plymouth, Devon UK",1,,,no
"Department of Environmental Sciences, Plymouth Polytechnic, Plymouth, Devon, Great Britain",1,Plymouth Marine Laboratory,I2802566253,no
"Department of Environmental Sciences, Plymouth Polytechnic, Plymouth, DevonUK",1,Plymouth Marine Laboratory,I2802566253,no
"Department of Environmental Sciences, Plymouth Polytechnic, Plymouth, England",1,,,no
"Department of Environmental Sciences, Plymouth Polytechnic, Plymouth, PL4 8AA, U.K",1,Plymouth Marine Laboratory,I2802566253,no
"Department of Environmental Sciences, Plymouth PolytechnicDrake Circus, Plymouth PL4 8AA",1,Plymouth Marine Laboratory,I2802566253,no
"Department of Environmental Sciences, Plymouth PolytechnicPlymouth, Devon, UK",1,,,no
"Department of Environmental Sciences, Polytechnic South West, Drake Circus, Plymouth PL4 8AA U.K",1,,,no
"Department of Environmental Sciences, Polytechnic South West, Drake Circus, Plymouth PL4 8AA, England",1,,,no
"Department of Environmental Sciences, Polytechnic South West, Drake Circus, Plymouth PL4 8AA, U.K",1,,,no
"Department of Environmental Sciences, Polytechnic South West, Drake Circus, Plymouth, Devon PL4 8AA UK",1,Plymouth Marine Laboratory,I2802566253,no
"Department of Environmental Sciences, Polytechnic South West, Drake Circus, Plymouth, Devon PL4 8AA, UK",1,Plymouth Marine Laboratory,I2802566253,no
"Department of Environmental Sciences, Polytechnic South West, Drake Circus, Plymouth, Devon, PL4 8AA, UK",1,,,no
"Department of Environmental Sciences, Polytechnic South West, Drake Circus, Plymouth, PL4 8AA, (UK)",1,,,no
"Department of Environmental Sciences, Polytechnic South West, PL4 8AA, Plymouth, UK",1,Plymouth Marine Laboratory,I2802566253,no
"Department of Environmental Sciences, Polytechnic South West, Plymouth",1,,,no
"Department of Environmental Sciences, Polytechnic South West, Plymouth (UK)",1,,,no
"Department of Environmental Sciences, Polytechnic South West, Plymouth PL4 8AA U.K",1,,,no
"Department of Environmental Sciences, Polytechnic South West, Plymouth, Devon",1,Plymouth Marine Laboratory,I2802566253,no
"Department of Environmental Sciences, Polytechnic South West, Plymouth, Devon PL4 8AA, UK",1,Plymouth Marine Laboratory,I2802566253,no
"Department of Environmental Sciences, Polytechnic South West, Plymouth, Devon, PL4 8AA, United Kingdom",1,Plymouth Marine Laboratory,I2802566253,no
"Department of Environmental Sciences, Polytechnic South West, Plymouth, Devon, UK",1,Plymouth Marine Laboratory,I2802566253,no
"Department of Environmental Sciences, Polytechnic South West, Plymouth, U.K",1,,,no
"Department of Environmental Sciences, Polytechnic South West, Plymouth;",1,,,no
"Department of Environmental Sciences, Polytechnic South West, PlymouthUK",1,,,no
"Department of Finance, Plymouth University, Plymouth, UK and Umm al-Qura College of Business, Mecca, Saudi Arabia",1,Umm al-Qura University,I199693650,no
"Department of General Practice and Primary Care, Peninsula Medical School, Plymouth, PL6 8BU, UK",1,Peninsula College of Medicine and Dentistry,I85788879,no
"Department of General Practice and Primary Care, Peninsula Medical School, Universities of Exeter and Plymouth, Institute of Health and Social Care, ITTC Building, Tamar Science Park, Plymouth PL6 8BX, UK",1,Peninsula College of Medicine and Dentistry,I85788879,no
"Department of General Practice and Primary Care, Plymouth University Peninsula Schools of Medicine and Dentistry, Plymouth, UK",1,Peninsula College of Medicine and Dentistry,I85788879,no
"Department of Geographical Science Plymouth Polytechnic, Drake Circus, PL48AA, Plymouth, Devon, England",1,Plymouth Marine Laboratory,I2802566253,no
"Department of Geographical Science Plymouth Polytechnic, Plymouth, England",1,,,no
"Department of Geographical Science, Polytechnic South West, Drake Circus, Plymouth, Devon, PL4 8AA, UK",1,Plymouth Marine Laboratory,I2802566253,no
"Department of Geographical Sciences Plymouth Polytechnic, Plymouth PL4 8AA, UK",1,Plymouth Marine Laboratory,I2802566253,no
"Department of Geographical Sciences , Plymouth Polytechnic , Drake Circus,  Plymouth ,  PL4 8AA ,  England",1,Plymouth Marine Laboratory,I2802566253,no
"Department of Geographical Sciences , Plymouth Polytechnic , Drake Circus, Plymouth , PL4 8AA , England",1,Plymouth Marine Laboratory,I2802566253,no
"Department of Geographical Sciences Plymouth Polytechnic , United Kingdom",1,,,no
"Department of Geographical Sciences Plymouth Polytechnic, UK",1,,,no
"Department of Geographical Sciences Plymouth Polytechnic, United Kingdom Housing the Elderly in South West England",1,,,no
"Department of Geographical Sciences, Plymouth Polytechnic Drake Circus, PL4 8AA, Plymouth, Devon, England",1,Plymouth Marine Laboratory,I2802566253,no
"Department of Geographical Sciences, Plymouth Polytechnic U.K",1,,,no
"Department of Geographical Sciences, Plymouth Polytechnic UK",1,,,no
"Department of Geographical Sciences, Plymouth Polytechnic, Drake Circus, PL4 8AA, Plymouth, Devon, England",1,Plymouth Marine Laboratory,I2802566253,no
"Department of Geographical Sciences, Plymouth Polytechnic, Drake Circus, Plymouth PL4 8AA, UK",1,Plymouth Marine Laboratory,I2802566253,no
"Department of Geographical Sciences, Plymouth Polytechnic, Drake Circus, Plymouth, Devon PL4 8AA Gt. Britain",1,Plymouth Marine Laboratory,I2802566253,no
"Department of Geographical Sciences, Plymouth Polytechnic, Drake Circus, Plymouth, Devon PL4 8AA, England",1,Plymouth Marine Laboratory,I2802566253,no
"Department of Geographical Sciences, Plymouth Polytechnic, Drake Circus, Plymouth, Devon PL4 8AA, UK",1,Plymouth Marine Laboratory,I2802566253,no
"Department of Geographical Sciences, Plymouth Polytechnic, Drake Circus, Plymouth, Devon, PL4 8AA, UK",1,Plymouth Marine Laboratory,I2802566253,no
"Department of Geographical Sciences, Plymouth Polytechnic, Drake Circus, Plymouth, England",1,Plymouth Marine Laboratory,I2802566253,no
"Department of Geographical Sciences, Plymouth Polytechnic, PL4 8AA, Drake Circus, Plymouth, Devon, England",1,Plymouth Marine Laboratory,I2802566253,no
"Department of Geographical Sciences, Plymouth Polytechnic, Plymouth PL4 8AA",1,Plymouth Marine Laboratory,I2802566253,no
"Department of Geographical Sciences, Plymouth Polytechnic, Plymouth PL4 8AA, Devon, England",1,Plymouth Marine Laboratory,I2802566253,no
"Department of Geographical Sciences, Plymouth Polytechnic, Plymouth PL4 8AA, U.K",1,Plymouth Marine Laboratory,I2802566253,no
"Department of Geographical Sciences, Plymouth Polytechnic, Plymouth PL4 8AA, UK",1,Plymouth Marine Laboratory,I2802566253,no
"Department of Geographical Sciences, Plymouth Polytechnic, Plymouth, Devon PL4 8AA",1,Plymouth Marine Laboratory,I2802566253,no
"Department of Geographical Sciences, Plymouth Polytechnic, Plymouth, Devon PL4 8AA, England",1,Plymouth Marine Laboratory,I2802566253,no
"Department of Geographical Sciences, Plymouth Polytechnic, Plymouth, Devon PL4 8AA, U.K",1,Plymouth Marine Laboratory,I2802566253,no
"Department of Geographical Sciences, Plymouth Polytechnic, Plymouth, Devon, England",1,,,no
"Department of Geographical Sciences, Plymouth Polytechnic, Plymouth, Devon, PL48AA, England",1,Plymouth Marine Laboratory,I2802566253,no
"Department of Geographical Sciences, Plymouth Polytechnic, Plymouth, England",1,,,no
"Department of Geographical Sciences, Plymouth Polytechnic, Plymouth, PL4 8AA, England",1,Plymouth Marine Laboratory,I2802566253,no
"Department of Geographical Sciences, Plymouth Polytechnic, Plymouth, PL4 8AA, U.K",1,Plymouth Marine Laboratory,I2802566253,no
"Department of Geographical Sciences, Plymouth Polytechnic, UK",1,,,no
"Department of Geographical Sciences, Polytechnic South West, Drake Circus, Plymouth PL4 8AA, UK",1,,,no
"Department of Geographical Sciences, Polytechnic South West, Drake Circus, Plymouth, PL4 8AA, England",1,,,no
"Department of Geographical Sciences, Polytechnic South West, Plymouth PL4 8AA UK",1,,,no
"Department of Geographical Sciences, Polytechnic South West, Plymouth PL4 8AA, UK",1,,,no
"Department of Geographical Sciences, Polytechnic South West, Plymouth U.K",1,,,no
"Department of Geographical Sciences, Polytechnic South West, Plymouth, Devon PL4 8AA, UK",1,,,no
"Department of Geographical Studies , Polytechnic South West , Plymouth",1,,,no
"Department of Geographical Studies, Polytechnic South West, Plymouth",1,,,no
"Department of Geography , Royal Holloway University of London Jon Shaw , School of Geography, Earth and Environmental Sciences , Plymouth University Paul Simpson , School of Geography, Earth and Environmental Sciences , Plymouth University",1,,,no
"Department of Geography, Plymouth Polytechnic, Plymouth PL4 8AA, England",1,,,no
"Department of Geological Sciences Plymouth Polytechnic, Drake Circus, Plymouth PL4 8AA, UK",1,Plymouth Marine Laboratory,I2802566253,no
"Department of Geological Sciences Plymouth Polytechnic, Plymouth PL4 8AA, UK",1,,,no
"Department of Geological Sciences , Plymouth Polytechnic , Plymouth",1,Plymouth Marine Laboratory,I2802566253,no
"Department of Geological Sciences , Plymouth Polytechnic and",1,,,no
"Department of Geological Sciences , Polytechnic South West , Drake Circus, Plymouth, Devon, PL4 8AA, UK",1,,,no
"Department of Geological Sciences Polytechnic South West Drake Circus Plymouth Devon, PL4 8A, UK",1,,,no
"Department of Geological Sciences#N#Plymouth Polytechnic, Drake Circus, Plymouth PL4 8AA, UK",1,Plymouth Marine Laboratory,I2802566253,no
"Department of Geological Sciences, Plymouth Polytechnic",1,Plymouth Marine Laboratory,I2802566253,no
"Department of Geological Sciences, Plymouth Polytechnic Drake Circus, Plymouth, Devon, PL4 8AA, UK",1,Plymouth Marine Laboratory,I2802566253,no
"Department of Geological Sciences, Plymouth Polytechnic Plymouth PL4 8AA, UK",1,,,no
"Department of Geological Sciences, Plymouth Polytechnic and",1,,,no
"Department of Geological Sciences, Plymouth Polytechnic, Drake Circus Plymouth, Devon PL4 8AA, UK",1,Plymouth Marine Laboratory,I2802566253,no
"Department of Geological Sciences, Plymouth Polytechnic, Drake Circus, PL4 8AA, Plymouth, UK",1,Plymouth Marine Laboratory,I2802566253,no
"Department of Geological Sciences, Plymouth Polytechnic, Drake Circus, Plymouth, Devon PL4 8AA",1,Plymouth Marine Laboratory,I2802566253,no
"Department of Geological Sciences, Plymouth Polytechnic, Drake Circus, Plymouth, Devon PL4 8AA, England",1,Plymouth Marine Laboratory,I2802566253,no
"Department of Geological Sciences, Plymouth Polytechnic, Drake Circus, Plymouth, Devon PL4 8AA, United Kingdom",1,Plymouth Marine Laboratory,I2802566253,no
"Department of Geological Sciences, Plymouth Polytechnic, Drake Circus, Plymouth, Devon, PL4 8AA",1,Plymouth Marine Laboratory,I2802566253,no
"Department of Geological Sciences, Plymouth Polytechnic, Drake Circus, Plymouth, UK",1,Plymouth Marine Laboratory,I2802566253,no
"Department of Geological Sciences, Plymouth Polytechnic, PL4 8AA, Plymouth, Devon, England",1,Plymouth Marine Laboratory,I2802566253,no
"Department of Geological Sciences, Plymouth Polytechnic, PL4 8AA, Plymouth, England",1,Plymouth Marine Laboratory,I2802566253,no
"Department of Geological Sciences, Plymouth Polytechnic, Plymouth",1,Plymouth Marine Laboratory,I2802566253,no
"Department of Geological Sciences, Plymouth Polytechnic, Plymouth PL4 8AA, UK",1,,,no
"Department of Geological Sciences, Plymouth Polytechnic, Plymouth, England",1,,,no
"Department of Geological Sciences, Plymouth Polytechnic, Plymouth, PL4 8AA, England",1,Plymouth Marine Laboratory,I2802566253,no
"Department of Geological Sciences, Polytechnic South West, Drake Circus, PL4 8AA, Plymouth, Devon, UK",1,,,no
"Department of Geological Sciences, Polytechnic South West, Drake Circus, PL4 8AA, Plymouth, Devon, United Kingdom",1,,,no
"Department of Geological Sciences, Polytechnic South West, Drake Circus, PL4 8AA, Plymouth, UK",1,,,no
"Department of Geological Sciences, Polytechnic South West, Drake Circus, Plymouth PL4 8AA U.K",1,,,no
"Department of Geological Sciences, Polytechnic South West, Drake Circus, Plymouth PL4 8AA, Devon, U.K",1,,,no
"Department of Geological Sciences, Polytechnic South West, Drake Circus, Plymouth PL4 8AA, Devon, UK",1,,,no
"Department of Geological Sciences, Polytechnic South West, Drake Circus, Plymouth PL4 8AA, U.K",1,,,no
"Department of Geological Sciences, Polytechnic South West, Drake Circus, Plymouth, Devon, PL4 8 AA, UK",1,,,no
"Department of Geological Sciences, Polytechnic South West, Drake Circus, Plymouth, PL4 8AA, UK",1,,,no
"Department of Geological Sciences, Polytechnic South West, Plymouth PL4 8AA, England",1,,,no
"Department of Geological Sciences, Polytechnic South West, Plymouth PL4 8AA, UK",1,,,no
"Department of Geological Sciences, Polytechnic South West, Plymouth, Devon, PL4 8AA England",1,Plymouth Marine Laboratory,I2802566253,no
"Department of Geological Sciences, Polytechnic South West, Plymouth, England",1,,,no
"Department of Geological Sciences, Polytechnic South West, Plymouth, UK",1,,,no
"Department of Geology Polytechnic South West, Plymouth PL4 8AA, UK",1,,,no
"Department of Geology, Plymouth Polytechnic, Drake Circus, Plymouth, PL4 8AA, England",1,Plymouth Marine Laboratory,I2802566253,no
"Department of Geology, Plymouth Polytechnic, Plymouth PL4 8AA, England",1,Plymouth Marine Laboratory,I2802566253,no
"Department of Geology, Plymouth Polytechnic, Plymouth, Devon PL4 8AA, England",1,,,no
"Department of Geology, Plymouth Polytechnic, Plymouth, Devon, United Kingdom",1,,,no
"Department of HPB Surgery, Plymouth Hospitals NHS Trust, Plymouth, PL6 8DH, UK; Peninsula Schools of Medicine and Dentistry, Plymouth University, Plymouth, Devon, PL6 8BU, UK. Electronic address: david.stell@nhs.net",1,University Hospitals Plymouth NHS Trust | Plymouth Hospital,I4210166818 I4210163658,no
"Department of HPB Surgery, Plymouth Hospitals NHS Trust, Plymouth, PL6 8DH, UK; Peninsula Schools of Medicine and Dentistry, Plymouth University, Plymouth, Devon, PL6 8BU, UK. Electronic address: matthew.wiggans1@nhs.net",1,University Hospitals Plymouth NHS Trust | Plymouth Hospital,I4210166818 I4210163658,no
Department of Haematology Derriford Hospital and Plymouth University Medical School  Plymouth United Kingdom,1,Derriford Hospital,I2802723752,no
"Department of Haematology, Derriford Hospital and Plymouth University Medical School, Plymouth, UK",1,Derriford Hospital,I2802723752,no
"Department of Haematology, Derriford Hospital and Plymouth University Medical School, Plymouth, United Kingdom",1,Derriford Hospital,I2802723752,no
"Department of Haematology, Plymouth University Medical School and Derriford Hospital, Plymouth, UK",1,Derriford Hospital,I2802723752,no
"Department of Haematology, Plymouth University Peninsula Schools of Medicine and Dentistry and Derriford Hospital, Plymouth, United Kingdom;",1,Derriford Hospital,I2802723752,no
"Department of Language and Cognition , University College Plymouth St",1,,,no
"Department of Leisure and Education , University College Plymouth St Mark and St John , Plymouth , UK",1,Plymouth Marjon University,I4210132580,no
"Department of Leisure and Education, University College Plymouth St Mark and St John, Plymouth, UK",1,Plymouth Marjon University,I4210132580,no
"Department of Linguistics and Communication Sciences, Faculty of Health, Education and Welfare, University College Plymouth St. Mark and St. John",1,Plymouth Marjon University,I4210132580,no
"Department of Management, Plymouth University, Plymouth, UK and Sadat University, Sadat City, Egypt",1,University of Sadat City,I338016083,no
"Department of Marine Science , Plymouth Polytechnic , Plymouth, Devon, PL4 8AA, England",1,Plymouth Marine Laboratory,I2802566253,no
"Department of Marine Science , Plymouth Polytechnic , Plymouth, Devon, PL4 8AA, U.K",1,Plymouth Marine Laboratory,I2802566253,no
"Department of Marine Science and Technology, Plymouth Polytechnic",1,Plymouth Marine Laboratory,I2802566253,no
"Department of Marine Science, Faculty of Maritime Studies, Plymouth Polytechnic, Plymouth PL4 8AA, Devon Great Britain",1,Plymouth Marine Laboratory,I2802566253,no
"Department of Marine Science, Faculty of Maritime Studies, Plymouth Polytechnic, Plymouth PL4 8AA, Great Britain",1,Plymouth Marine Laboratory | California Maritime Academy,I2802566253 I230604491,no
"Department of Marine Science, Plymouth Polytechnic, Drake Circus, Plymouth PL4 3DH, U.K",1,Plymouth Marine Laboratory,I2802566253,no
"Department of Marine Science, Plymouth Polytechnic, Plymouth PL4 8AA, Devon, U.K",1,Plymouth Marine Laboratory,I2802566253,no
"Department of Marine Science, Plymouth Polytechnic, Plymouth PL4 8AA, England",1,Plymouth Marine Laboratory,I2802566253,no
"Department of Marine Science, Plymouth Polytechnic, Plymouth, Devon United Kingdom",1,Plymouth Marine Laboratory,I2802566253,no
"Department of Marine Science, Plymouth Polytechnic, Plymouth, Devon, PL4 8AA, England",1,Plymouth Marine Laboratory,I2802566253,no
"Department of Marine Science, Plymouth Polytechnic, Plymouth, Devon, PL4 8AA, U.K",1,Plymouth Marine Laboratory,I2802566253,no
"Department of Marine Science, Plymouth Polytechnic, Plymouth, Devon, PL4 8AA, U.K. ; Department of Environmental Sciences, Plymouth Polytechnic, Plymouth, Devon, PL4 8AA",1,Plymouth Marine Laboratory,I2802566253,no
"Department of Marine Science, Plymouth Polytechnic, Plymouth, PL4 8AA, U.K",1,Plymouth Marine Laboratory,I2802566253,no
"Department of Marine Science, Plymouth Polytechnic, U.K",1,Plymouth Marine Laboratory,I2802566253,no
"Department of Mathematical and Physical Sciences, Plymouth Polytechnic, PL4 8AA, Plymouth, UK",1,Plymouth Marine Laboratory,I2802566253,no
"Department of Mathematical and Physical Sciences, Plymouth Polytechnic, Plymouth Great Britain",1,Plymouth Marine Laboratory,I2802566253,no
"Department of Mathematical and Physical Sciences, Plymouth Polytechnic, Plymouth PL4 8AA",1,Plymouth Marine Laboratory,I2802566253,no
"Department of Mathematical and Physical Sciences, Plymouth Polytechnic, Plymouth, UK",1,Plymouth Marine Laboratory,I2802566253,no
"Department of Mathematics & Statistics, Plymouth Polytechnic, Plymouth, Devon, UK",1,,,no
"Department of Mathematics & Statistics, Plymouth Polytechnic, Plymouth, U.K",1,Plymouth State University | Plymouth Marine Laboratory,I89312276 I2802566253,no
"Department of Mathematics & Statistics, Plymouth Polytechnic, Plymouth, UK",1,,,no
"Department of Mathematics & Statistics, Plymouth PolytechnicPlymouth PL4 8AA, UK",1,Plymouth Marine Laboratory,I2802566253,no
"Department of Mathematics & Statistics, Polytechnic South West Drake Circus, Plymouth, UK",1,,,no
"Department of Mathematics , Plymouth Polytechnic , Drake Circus, Plymouth, Devon",1,Plymouth Marine Laboratory,I2802566253,no
"Department of Mathematics , Statistics & Computing Plymouth Polytechnic , Plymouth , PL4 8AA",1,Plymouth Marine Laboratory,I2802566253,no
"Department of Mathematics Statistics and Computing, Plymouth Polytechnic, Plymouth, UK",1,,,no
"Department of Mathematics and Computing, Plymouth Polytechnic, Plymouth, United Kingdom",1,,,no
"Department of Mathematics and Statistics , Plymouth Polytechnic , Drake Circus, Plymouth PL4 8AA, England",1,Plymouth Marine Laboratory,I2802566253,no
"Department of Mathematics and Statistics , Plymouth Polytechnic , Drake Circus, Plymouth, Plymouth, PL4 8AA",1,Plymouth Marine Laboratory,I2802566253,no
"Department of Mathematics and Statistics , Polytechnic South West , Drake Circus, Plymouth, PL4 8AA, U.K",1,,,no
Department of Mathematics and Statistics Polytechnic South West Drake Circus Plymouth PL4 8AA U.K,1,,,no
"Department of Mathematics and Statistics, Plymouth Polytechnic Drake Circus, PL4 8AA, Plymouth, England",1,Plymouth Marine Laboratory,I2802566253,no
"Department of Mathematics and Statistics, Plymouth Polytechnic Drake Circus, Plymouth, England",1,Plymouth Marine Laboratory,I2802566253,no
"Department of Mathematics and Statistics, Plymouth Polytechnic, Drake Circus, Plymouth PL4 8AA, UK",1,Plymouth Marine Laboratory,I2802566253,no
"Department of Mathematics and Statistics, Plymouth Polytechnic, Drake Circus, Plymouth PL4 8AA, United Kingdom",1,Plymouth Marine Laboratory,I2802566253,no
"Department of Mathematics and Statistics, Plymouth Polytechnic, Drake Circus, Plymouth, Devon, England",1,Plymouth Marine Laboratory,I2802566253,no
"Department of Mathematics and Statistics, Plymouth Polytechnic, Drake Circus, Plymouth, Plymouth, PL4 8AA",1,Plymouth Marine Laboratory,I2802566253,no
"Department of Mathematics and Statistics, Plymouth Polytechnic, Drake Circus, Plymouth, United Kingdom",1,Plymouth Marine Laboratory,I2802566253,no
"Department of Mathematics and Statistics, Plymouth Polytechnic, Plymouth PL4 8AA, UK",1,,,no
"Department of Mathematics and Statistics, Plymouth Polytechnic, Plymouth, England",1,,,no
"Department of Mathematics and Statistics, Polytechnic South West Drake Circus, Plymouth PL4 8AA",1,,,no
"Department of Mathematics and Statistics, Polytechnic South West Drake Circus, Plymouth PL4 8AA, UK",1,,,no
"Department of Mathematics and Statistics, Polytechnic South West, Drake Circus, PL4 8AA, Plymouth, England",1,,,no
"Department of Mathematics and Statistics, Polytechnic South West, Drake Circus, Plymouth PL4 8AA, U.K",1,,,no
"Department of Mathematics and Statistics, Polytechnic South West, Drake Circus, Plymouth, Devon PL4 8AA, U.K",1,,,no
"Department of Mathematics and Statistics, Polytechnic South West, Drake Circus, Plymouth, Devon, PL4 8AA, UK",1,,,no
"Department of Mathematics and Statistics, Polytechnic South West, Drake Circus, Plymouth, PL4 8AA, U.K",1,,,no
"Department of Mathematics and Statistics, Polytechnic South West, PL4 8AA, Plymouth",1,,,no
"Department of Mathematics and Statistics, Polytechnic South West, Plymouth PL4 8AA, Devon, United Kingdom",1,Plymouth Marine Laboratory,I2802566253,no
"Department of Mathematics and Statistics, Polytechnic South West, Plymouth,",1,,,no
"Department of Mathematics and Statistics, Polytechnic South West, Plymouth, England",1,,,no
"Department of Mathematics and Statistics, Polytechnic South West, Plymouth, U.K",1,,,no
"Department of Mathematics and Statistics, Polytechnic South WestDrake Circus, Plymouth PL4 8AA",1,,,no
"Department of Mathematics and Statistics, Polytechnic South WestDrake Circus, Plymouth PL4 8AA, UK",1,,,no
"Department of Mathematics, Plymouth Polytechnic, Plymouth PL4 8AA, Devon, U.K",1,Plymouth Marine Laboratory,I2802566253,no
"Department of Mathematics, Plymouth Polytechnic, Plymouth PL4 8AA, UK",1,Plymouth Marine Laboratory,I2802566253,no
"Department of Mathematics, Plymouth Polytechnic, Plymouth, Devon PL4 8AA Great Britain",1,Plymouth Marine Laboratory,I2802566253,no
"Department of Mathematics, Plymouth Polytechnic, Plymouth, Devon, England",1,,,no
"Department of Mathematics, Plymouth Polytechnic, Plymouth, UK",1,,,no
"Department of Mathematics, Statistics & Computing Plymouth Polytechnic, Plymouth, PL4 8AA",1,Plymouth Marine Laboratory,I2802566253,no
"Department of Mathematics, Statistics & Computing, Plymouth Polytechnic, Drake Circus, PL4 8AA, Plymouth, Devon, England",1,Plymouth Marine Laboratory,I2802566253,no
"Department of Mathematics, Statistics & Computing, Plymouth Polytechnic, Drake Circus, Plymouth, England",1,Plymouth Marine Laboratory,I2802566253,no
"Department of Mathematics, Statistics Computing, Plymouth Polytechnic, Drake Circus, Plymouth PL4 8AA, Devon, UK",1,Plymouth Marine Laboratory,I2802566253,no
"Department of Mathematics, Statistics and Computing Plymouth Polytechnic, Plymouth, Devon, England",1,,,no
"Department of Mathematics, Statistics and Computing Plymouth Polytechnic, Plymouth, England",1,,,no
"Department of Mathematics, Statistics and Computing, Faculty of Technology, Plymouth Polytechnic, Drake Circus, Plymouth, PL4 8AA, UK",1,Plymouth Marine Laboratory,I2802566253,no
"Department of Mathematics, Statistics and Computing, Plymouth Polytechnic, Drake Circus, Plymouth, Devon, PL4 8AA, UK",1,Plymouth Marine Laboratory,I2802566253,no
"Department of Mathematics, Statistics and Computing, Plymouth Polytechnic, Drake Circus, Plymouth, England",1,Plymouth Marine Laboratory,I2802566253,no
"Department of Mathematics, Statistics and Computing, Plymouth Polytechnic, Plymouth, Devon, UK",1,,,no
"Department of Mathematics, Statistics and Computing, Plymouth Polytechnic, Plymouth, UK",1,,,no
"Department of Mathematics, Statistics, and Computing, Plymouth Polytechnic",1,,,no
"Department of Mathematics, Statistics, and Computing, Plymouth Polytechnic, Plymouth, Devon PL4 8AA, England",1,Plymouth Marine Laboratory,I2802566253,no
"Department of Mathematics, Statistics, and Computing, Plymouth Polytechnic, Plymouth, Devon, UK",1,,,no
"Department of Mechanical Engineering, Plymouth Polytechnic",1,,,no
"Department of Mechanical Engineering, Plymouth Polytechnic, Drake Circus, Plymouth",1,Plymouth Marine Laboratory,I2802566253,no
"Department of Mechanical Engineering, Plymouth Polytechnic, Drake Circus, Plymouth, Devon, England",1,Plymouth Marine Laboratory,I2802566253,no
"Department of Mechanical Engineering, Plymouth Polytechnic, Drake Circus, Plymouth, PL4 8AA, UK and previously at",1,Plymouth Marine Laboratory,I2802566253,no
"Department of Mechanical Engineering, Plymouth Polytechnic, England",1,,,no
"Department of Mechanical Engineering, Plymouth Polytechnic, Plymouth, Devon, UK",1,,,no
"Department of Mechanical Engineering, Plymouth Polytechnic, Plymouth, England",1,,,no
"Department of Mechanical Engineering, Plymouth Polytechnic, Plymouth, PL4 8AA",1,Plymouth Marine Laboratory,I2802566253,no
"Department of Mechanical Engineering, Plymouth Polytechnic, UK",1,,,no
"Department of Mechanical Engineering, Polytechnic South West, Plymouth, Devon, U.K",1,,,no
"Department of Mechanical Engineering, Polytechnic South West, Plymouth, U.K",1,,,no
"Department of Medical Oncology, Kortrijk Cancer Centre, AZ Groeninge, Kortrijk, Belgium;; Medical Technology Research Centre (MTRC), School of Allied Health and Social CareLife Sciences, Faculty of Science and Engineering Health, Medicine and Social Care, Anglia Ruskin University, Chelmsford Cambridge, UK; School of Nursing and Midwifery, Faculty of Health, University of Plymouth, Plymouth, UK",1,,,no
"Department of Medical Statistics, Plymouth University Peninsula Schools of Medicine and Dentistry, Plymouth, UK",1,Peninsula College of Medicine and Dentistry,I85788879,no
Department of Medical Statistics; Plymouth University Peninsula Schools of Medicine and Dentistry; Plymouth UK,1,Peninsula College of Medicine and Dentistry,I85788879,no
"Department of Medicine, Plymouth Postgraduate Medical SchoolPlymouth, UK",1,Plymouth Hospital,I4210163658,no
"Department of Medicine, Plymouth University Peninsula School of Medicine, Plymouth, England, UK",1,,,no
"Department of Medicine, The Peninsula Medical School, Plymouth Campus, U.K",1,Peninsula College of Medicine and Dentistry,I85788879,no
"Department of Molecular Medicine, Peninsula Medical School, Plymouth, U.K",1,Peninsula College of Medicine and Dentistry,I85788879,no
"Department of Molecular Medicine, Plymouth Postgraduate Medical School and",1,,,no
"Department of Molecular Medicine, Plymouth Postgraduate Medical School, Derriford, England",1,Derriford Hospital,I2802723752,no
"Department of Molecular Medicine, Plymouth Postgraduate Medical School, ITTC, Tamar Science Park, Davy Road, Plymouth PL6 8BX, UK",1,Plymouth Hospital | Plymouth Marine Laboratory,I4210163658 I2802566253,no
"Department of Molecular Medicine, Plymouth Postgraduate Medical School, Tamar Science Park, ITTC Building, Plymouth PL6 8BX, UK",1,Plymouth Hospital,I4210163658,no
"Department of Molecular Medicine, Plymouth Postgraduate Medical School, Tamar Science Park, ITTC Building, Plymouth PL6 8BX, UK and",1,,,no
"Department of Molecular Medicine, Plymouth Postgraduate Medical School, Tamar Science Park, Plymouth PL6 8BX, UK",1,Plymouth Marine Laboratory,I2802566253,no
"Department of Molecular Medicine, Plymouth Postgraduate Medical School, Tamar Science Park, Plymouth, PL6-8BX, UK",1,Plymouth Marine Laboratory,I2802566253,no
"Department of Molecular Medicine, Plymouth Postgraduate Medical School, Tamar Science Park, Plymouth, United Kingdom. ademaine@plymouth.ac.uk",1,Plymouth Marine Laboratory,I2802566253,no
"Department of Nephrology, RIMLS, RIHS, Radboud University Medical Center, Nijmegen, The Netherlands; School of Biomedical and Healthcare Sciences, Plymouth University, Plymouth, UK",1,Radboud University Nijmegen | Radboud University Medical Center,I145872427 I2802934949,no
"Department of Obstetrics, Postgraduate Medical School, Plymouth, UK",1,Plymouth Hospital,I4210163658,no
"Department of Ophthalmology, Cheltenham General Hospital, Gloucestershire Hospitals NHS Foundation Trust, Gloucestershire, United Kingdom; School of Health Professions, Plymouth University, Plymouth, United Kingdom",1,Gloucestershire Hospitals NHS Foundation Trust,I2802266942,no
"Department of Oral and Maxillofacial Surgery , Plymouth University Peninsula Schools of Medicine and Dentistry , United Kingdom",1,Peninsula College of Medicine and Dentistry,I85788879,no
"Department of Paediatrics, Derriford Hospital, Plymouth PL6 8DH Email: harry.baumer{at}phnt.swest.nhs.uk, bDepartment of Statistics, Plymouth University, Drake Circus, Plymouth",1,Derriford Hospital,I2802723752,no
"Department of Philosophy, Plymouth Polytechnic, UK",1,,,no
"Department of Physics , Plymouth College of Technology , Plymouth",1,Arts University Plymouth,I2801530513,no
"Department of Physics, Plymouth College of Technology",1,Arts University Plymouth,I2801530513,no
"Department of Physics, Plymouth College of Technology,",1,Arts University Plymouth,I2801530513,no
"Department of Primary Care, Peninsula Medical School, 1 Davy Road, Plymouth, UK",1,Peninsula College of Medicine and Dentistry,I85788879,no
"Department of Primary Care, Peninsula Medical School, N21 ITTC Building, Tamar Science Park, Plymouth PL6 8BX, UK",1,Peninsula College of Medicine and Dentistry,I85788879,no
"Department of Primary Care, Peninsula Medical School, N21 ITTC Building, Tamar Science Park, Plymouth PL6 8BX, UK. Adrian.white@pms.ac.uk",1,Peninsula College of Medicine and Dentistry,I85788879,no
"Department of Primary Care, Plymouth University Peninsula Schools of Medicine and Dentistry, N21 ITTC Building, Tamar Science Park, Plymouth PL6 8BX, UK. Adrian.white@pms.ac.uk",1,,,no
"Department of Primary Care, Plymouth University Peninsula Schools of Medicine and Dentistry, Plymouth, UK",1,Peninsula College of Medicine and Dentistry,I85788879,no
"Department of Psychology , Plymouth Polytechnic , Drake Circus, Plymouth, Devon, PL4 8AA, England",1,Plymouth Marine Laboratory,I2802566253,no
"Department of Psychology , Plymouth Polytechnic , Drake Circus, Plymouth, PL4 8AA, England",1,Plymouth Marine Laboratory,I2802566253,no
Department of Psychology Plymouth Polytechnic Plymouth PL4 8AA,1,,,no
"Department of Psychology Polytechnic Southwest Drakes Circus Plymouth, PL4 8AA, United Kingdom",1,,,no
"Department of Psychology, Drake Circus, Plymouth PL4 8AA, UK",1,,,no
"Department of Psychology, Faculty of Human Sciences, Polytechnic South West, Plymouth, Devon, England",1,,,no
"Department of Psychology, Plymouth Polytechnic , Plymouth, PL4 8AA, England",1,Plymouth Marine Laboratory,I2802566253,no
"Department of Psychology, Plymouth Polytechnic Drake Circus, Plymouth PL4 8AA, England",1,Plymouth Marine Laboratory,I2802566253,no
"Department of Psychology, Plymouth Polytechnic Drake Circus, Plymouth, Devon, England",1,Plymouth Marine Laboratory,I2802566253,no
"Department of Psychology, Plymouth Polytechnic, Drake Circus, Devon PL4 8AA, Plymouth, Devon, England",1,Plymouth Marine Laboratory,I2802566253,no
"Department of Psychology, Plymouth Polytechnic, Drake Circus, PL4 8AA, Plymouth, Devon, UK",1,Plymouth Marine Laboratory,I2802566253,no
"Department of Psychology, Plymouth Polytechnic, Drake Circus, Plymouth, Devon, PL48 AA, England",1,Plymouth Marine Laboratory,I2802566253,no
"Department of Psychology, Plymouth Polytechnic, Drake Circus, Plymouth, England",1,Plymouth Marine Laboratory,I2802566253,no
"Department of Psychology, Plymouth Polytechnic, Drake Circus, Plymouth, PL4 8AA, Devon",1,Plymouth Marine Laboratory,I2802566253,no
"Department of Psychology, Plymouth Polytechnic, PLA 8AA, Plymouth, Devon, England",1,,,no
"Department of Psychology, Plymouth Polytechnic, Plymouth Devon, England",1,,,no
"Department of Psychology, Plymouth Polytechnic, Plymouth U.K",1,Plymouth Marine Laboratory | Plymouth State University,I2802566253 I89312276,no
"Department of Psychology, Plymouth Polytechnic, Plymouth, Devon",1,Plymouth Marine Laboratory,I2802566253,no
"Department of Psychology, Plymouth Polytechnic, Plymouth, Devon PL4",1,Plymouth Marine Laboratory,I2802566253,no
"Department of Psychology, Plymouth Polytechnic, Plymouth, Devon, PL4 8AA, England",1,,,no
"Department of Psychology, Plymouth Polytechnic, Plymouth, PL4 8AA",1,Plymouth Marine Laboratory,I2802566253,no
"Department of Psychology, Plymouth Polytechnic, Plymouth, U.K",1,Plymouth Marine Laboratory | Plymouth State University,I2802566253 I89312276,no
"Department of Psychology, Plymouth Polytechnic, U.K",1,,,no
"Department of Psychology, Plymouth State College, Plymouth",1,Plymouth State University,I89312276,no
"Department of Psychology, Polytechnic South West , Plymouth, U.K",1,,,no
"Department of Psychology, Polytechnic South West Plymouth, England",1,,,no
"Department of Psychology, Polytechnic South West, Plymouth PL4 8AA, England, Electronic mail:",1,,,no
"Department of Psychology, Polytechnic South West, Plymouth PL4 8AA, England, Electronic mail: p02165@prime-a.poly-south-west.ac.uk",1,,,no
"Department of Psychology, Polytechnic South West, Plymouth UK",1,,,no
"Department of Psychology, Polytechnic South West, Plymouth, Devon PL4 8AA, England",1,Plymouth Marine Laboratory,I2802566253,no
"Department of Psychology, Polytechnic South West, Plymouth, Devon PL4 8AA, England, Electronic mail: @prime-a.poly-south-west.ac.uk",1,,,no
"Department of Psychology, Polytechnic South West, Plymouth, Devon PL4 8AA, U.K",1,Plymouth Marine Laboratory,I2802566253,no
"Department of Psychology, Polytechnic South West, Plymouth, Devon, England",1,Plymouth Marine Laboratory,I2802566253,no
"Department of Psychology, Polytechnic South West, Plymouth, U.K",1,,,no
"Department of Psychology, Sapienza University of Rome, Rome, Italy (Dr Fida), Faculty of Health & Human Sciences, School of Nursing and Midwifery, Plymouth University, United Kingdom (Dr Latour)",1,Sapienza University of Rome,I861853513,no
"Department of Psychology, University of York; Laurence White, School of Psychology, Plymouth University; Sven L. Mattys, Department of Psychology, University of York",1,University of York,I52099693,no
"Department of Psychotherapy , Plymouth PCT , Ridgeview, Station Road, Plympton PL7 2AU E-mail: john.wright@plymouth.ac.uk",1,Plymouth Hospital,I4210163658,no
"Department of Psychotherapy, Plymouth PCT, Ridgeview, Station Road, Plympton PL7 2AU E-mail: john.wright@plymouth.ac.uk",1,,,no
"Department of Shipping and Transport , Institute of Marine Studies , Polytechnic South West, Drake Circus, Plymouth , Devon , PL4 8AA , UK",1,,,no
"Department of Shipping and Transport , Plymouth Polytechnic , Drake Circus, Plymouth, Devon, PL4 8AA, UK",1,,,no
"Department of Shipping and Transport , Plymouth Polytechnic , England",1,,,no
"Department of Shipping and Transport , Plymouth Polytechnic , Plymouth, UKPL4 8AA",1,Plymouth Marine Laboratory,I2802566253,no
"Department of Shipping and Transport , Polytechnic South West , Drake Circus, Plymouth, Devon, PL4 8AA, U.K",1,,,no
"Department of Shipping and Transport, Institute of Marine Studies, Polytechnic South West, Drake Circus, Plymouth, Devon, PL4 8AA, UK",1,Plymouth Marine Laboratory,I2802566253,no
"Department of Shipping and Transport, Plymouth Polytechnic, England",1,,,no
"Department of Shipping and Transport, Plymouth Polytechnic, Plymouth, UKPL4 8AA",1,Plymouth Marine Laboratory,I2802566253,no
"Department of Shipping and Transport, Plymouth Polytechnic, UK",1,,,no
"Department of Shipping and Transport, Polytechnic South West, Drake Circus, PL48AA, Plymouth, UK",1,,,no
"Department of Social & Political Studies , Plymouth Polytechnic , Plymouth, PL4 8AA, United Kingdom",1,,,no
"Department of Social Sciences , University College of St Mark and St John , Plymouth, UK",1,Plymouth Marjon University,I4210132580,no
"Department of Social Sciences, University College of St Mark and St John, Plymouth, UK",1,Plymouth Marjon University,I4210132580,no
"Department of Social Work, Health & Community Studies Plymouth Polytechnic",1,,,no
"Department of Social and Political Studies, Plymouth Polytechnic Drake Circus, PLA 8AA, Plymouth, Devon, UK",1,Plymouth Marine Laboratory,I2802566253,no
"Department of Social and Political Studies, Plymouth Polytechnic, Drake Circus, Plymouth, Devon, UK",1,Plymouth Marine Laboratory,I2802566253,no
"Department of Social and Political Studies, Plymouth Polytechnic, PL4 8AA, England",1,,,no
"Department of Social and Political Studies, Polytechnic South West Plymouth",1,,,no
"Department of Social and Political Studies, Polytechnic South West, Plymouth, U.K",1,,,no
"Department of Sociology, Plymouth Polytechnic, England",1,,,no
Department of SociologyUniversity of PlymouthPlymouthUK,1,,,no
"Department of Speech and Language Therapy, Plymouth Hospital NHS Trust, and Department of Linguistics and Communication Sciences, Faculty of Education, Health, and Welfare, University College Plymouth, Plymouth, UK. mbosclark@marjon.ac.uk",1,University Hospitals Plymouth NHS Trust | Plymouth Hospital,I4210166818 I4210163658,no
"Department of Statistics, University of Phymouth, UK",1,Falmouth University,I189486483,no
"Department of Strategic Studies and International Affairs, Plymouth University at the Britannia Royal Naval College, Dartmouth, Devon, UK",1,Britannia Royal Naval College,I4210133766,no
"Department of Surgery, Plymouth Postgraduate Medical School, Plymouth, UK",1,Plymouth Hospital,I4210163658,no
"Department of Surgery, Plymouth Postgraduate Medical School, UK. drmarkmantle@hotmail.com",1,,,no
"Department of Surgery, Postgraduate Medical School, Plymouth, England",1,Plymouth Hospital,I4210163658,no
"Department of Surgery, Postgraduate Medical School, Plymouth, United Kingdom (ANK)",1,Plymouth Hospital,I4210163658,no
"Department of Theoretical Neuroscience, Bernstein Center for Computational Neuroscience, Central Institute of Mental Health, Medical Faculty Mannheim/Heidelberg University, D-68159 Mannheim, Germany, and School of Computing and Mathematics, Faculty of Science and Environment, Plymouth University, Plymouth, PL4 8AA, United Kingdom",1,Bernstein Center for Computational Neuroscience Heidelberg-Mannheim | Heidelberg University | University Hospital Heidelberg,I4210109659 I223822909 I2802164966,no
"Department of Theoretical, Atomic and Optical Physics, University of Valladolid, Valladolid, Spain; Faculty of Health and Human Sciences, Plymouth University, Plymouth, United Kingdom; Optometry Research Group, IOBA Eye Institute, Campus Miguel Delibes, Valladolid, Spain; University Institute of Applied Ophthalmobiology (IOBA), Valladolid, Spain",1,Universidad de Valladolid,I108103353,no
"Department of University Medicine (D.D., B.F., S.J.H., T.J.W.), Peninsula Medical School, Plymouth PL6 8DH, United Kingdom",1,Peninsula College of Medicine and Dentistry,I85788879,no
"Department of Urogynecology, Plymouth University Peninsula Schools of Medicine and Dentistry, Plymouth, Devon, UK",1,,,no
"Department: Marine Biogeochemistry and Observations, Plymouth, United Kingdom",1,Plymouth Marine Laboratory,I2802566253,no
"Departments Molecular Medicine and Surgery, Plymouth Postgraduate Medical School, PL4 8AA, Plymouth, UK",1,Plymouth Hospital,I4210163658,no
"Departments of Endocrinology and Metabolism, Peninsula Medical School, Plymouth, UK",1,Peninsula College of Medicine and Dentistry,I85788879,no
"Departments of Environmental Science and Marine Science, Institute of Marine Studies, Plymouth Polytechnic, Plymouth P L4 8 A A, UK",1,Plymouth Marine Laboratory,I2802566253,no
"Departments of aEmergency bClinical Biochemistry, Derriford Hospital cCentre for Biostatistics, Bioinformatics and Biomarkers, Plymouth University, Plymouth dAcademic Department of Military Emergency Medicine, Royal Centre for Defence Medicine (Research & Academia), Medical Directorate, Joint Medical Command, Birmingham, UK",1,Derriford Hospital | Royal Centre for Defence Medicine,I2802723752 I4405273129,no
"Dept of Chemistry and Biology , Plymouth College of Technology",1,Arts University Plymouth,I2801530513,no
"Dept of Chemistry and Biology, Plymouth College of Technology",1,Arts University Plymouth,I2801530513,no
"Dept of Computing, Polytechnic South-West, Plymouth, PL4 8AA, UK",1,,,no
"Dept of Psychology, Polytechnic South West, Drake Circus, Plymouth, UK",1,,,no
"Dept of Psychology, Polytechnic South West, PL4 8AA, Drake Circus, Plymouth, Devon, UK",1,,,no
"Dept of Soc. & Polit. Studies, Plymouth Polytechnic, PLYMOUTH PL4 8AA, UK",1,,,no
"Dept. Biol. Sci., Plymouth Polytechnic, Drake Circus, Plymouth PL4 8AA, UK",1,Plymouth Marine Laboratory,I2802566253,no
"Dept. Environmental Sciences, Polytechnic South West, Plymouth, UK",1,,,no
"Dept. Geol. Sci., Polytechnic South West, Drake Circus, Plymouth, Devon, PL4 8AA, England, UK",1,,,no
"Dept. of Architecture, Plymouth Polytechnic",1,,,no
"Dept. of Biological Sciences, Plymouth Polytechnic, Plymouth PL4 8AA, Devon, U.K",1,Plymouth Marine Laboratory,I2802566253,no
"Dept. of Biological Sciences, Plymouth Polytechnic, Plymouth, Devon, PL4 8AA, England",1,,,no
"Dept. of Chemistry and Biology , Plymouth College of Technology",1,Arts University Plymouth,I2801530513,no
"Dept. of Chemistry and Biology , Plymouth Technical College",1,,,no
"Dept. of Chemistry and Biology, Plymouth College of Technology",1,Arts University Plymouth | Plymouth Hospital,I2801530513 I4210163658,no
"Dept. of Chemistry and Biology, Plymouth Technical College",1,Plymouth Marine Laboratory,I2802566253,no
"Dept. of Civil and Environmental Engineering, Univ. of Maine, Orono, ME 04669; formerly, Centre for Coastal Dynamics and Engineering, School of Marine Science and Engineering, Univ. of Plymouth, Drake Circus, Devon, PL4 8AA, UK",1,,,no
"Dept. of Clinical Neuroscience, Peninsula Medical School, Room N16 ITTC Building, Tamar Science Park, Davy Road, Plymouth, Devon, PL6 8BX, UK",1,Peninsula College of Medicine and Dentistry,I85788879,no
"Dept. of Clinical Neuroscience, Peninsula Medical School, Room N16 ITTC Building, Tamar Science Park, Plymouth, PL6 8BX, UK",1,Peninsula College of Medicine and Dentistry,I85788879,no
"Dept. of Electr. & Electron. Eng., Plymouth Polytech, UK",1,Plymouth Marine Laboratory,I2802566253,no
"Dept. of Electr. & Electron. Eng., Plymouth Polytech., UK",1,Plymouth Marine Laboratory,I2802566253,no
"Dept. of Electr. & Electron. Eng., Plymouth, UK",1,Plymouth Hospital,I4210163658,no
"Dept. of Electr. & Electron., Plymouth Polytech., UK",1,,,no
"Dept. of Electrical Engng., Plymouth Polytech., Plymouth, UK",1,,,no
"Dept. of Electrical and Electronic Engineering, Plymouth Polytechnic, Plymouth, UK",1,,,no
"Dept. of Environ. Sci., Plymouth Polytech., UK",1,,,no
"Dept. of Environmental Science, Plymouth Polytechnic, Plymouth PL4 8AA England",1,Plymouth Marine Laboratory,I2802566253,no
"Dept. of Environmental Sciences, Polytechnic Southwest, Plymouth, PL4 8AA, UK",1,,,no
"Dept. of Environmental Sciences, Polytechnic Southwest, Plymouth, UK",1,,,no
"Dept. of Geogr., College of St. Mark and St. John, PL6 8BH, Plymouth, UK",1,Plymouth Marjon University,I4210132580,no
"Dept. of Geogr., College of St. Mark and St. John, Plymouth, UK",1,Plymouth Marjon University,I4210132580,no
"Dept. of Geography, Plymouth Polytechnic, Plymouth, PL4 8AA, UK",1,,,no
"Dept. of Geological Sciences, Polytechnic Southwest, Plymouth, PL4 8AA, UK",1,,,no
"Dept. of Geological Sciences, Polytechnic Southwest, Plymouth, UK",1,,,no
"Dept. of Marine Science, Plymouth Polytechnic, Plymouth PL4 8AA England",1,Plymouth Marine Laboratory,I2802566253,no
"Dept. of Math. & Stat., Polytech. South West, Plymouth, UK",1,,,no
"Dept. of Math., Stat. & Comput., Plymouth Polytech., UK",1,,,no
"Dept. of Mathematics, Plymouth Polytechnic, Plymouth, Devon, England",1,,,no
"Dept. of Mathematics, Plymouth Polytechnic, Plymouth, England",1,,,no
"Dept. of Psychol., Polytech. South West, Plymouth, UK",1,,,no
"Dept. of Social and Political Sciences, Plymouth Polytechnic, Drake Circus, Plymouth, Devon, PL 4 8AA, United Kingdom",1,Plymouth Marine Laboratory,I2802566253,no
"Dept. of Social and Political Studies, Plymouth Polytechnic, U.K",1,,,no
"Dept. of Sport and Health Science, University College Plymouth St. Mark & St. John, Plymouth, United Kingdom",1,Plymouth Marjon University,I4210132580,no
"Deputy Director of Assessment, Collaboration for the Advancement of Medical Education Research and Assessment (CAMERA), Peninsula Schools of Medicine & Dentistry, Plymouth University, Devon PL4 8AA",1,,,no
"Derriford Hospital, Plymouth Hospitals NHS Trust and Peninsula Schools of Medicine and Dentistry, Plymouth University",1,Derriford Hospital,I2802723752,no
"Developmental Disabilities Research & Education Group, Plymouth Postgraduate Medical School, UK",1,,,no
"Developmental Disabilities Research & Education Group, Plymouth Postgraduate Medical School, UK. stephen.brown@cornwall.nhs.uk",1,,,no
"Digital Graphics and Interactive Media, Plymouth College of Art, Plymouth, UK",1,Arts University Plymouth,I2801530513,no
"Dipartimento di Scienze Mediche e Chirurgiche, Università di Bologna, Italy; School of Nursing and Midwifery, Faculty of Health, Education and Society, Plymouth University, United Kingdom. Electronic address: leagodino@gmail.com",1,University of Bologna,I9360294,no
"Dipartimento di Scienze della Terra, Università di Firenze, Firenze, Italy;School of Geography, Earth and Environmental Sciences, Plymouth University, Plymouth, UK",1,University of Florence,I45084792,no
"Director of Clinical Dentistry/Deputy Head of Peninsula Dental School, Plymouth",1,Peninsula College of Medicine and Dentistry,I85788879,no
"Director of Clinical Dentistry/Deputy Head of School, Peninsula Dental School, Plymouth",1,Peninsula College of Medicine and Dentistry,I85788879,no
"Director of Clinical Skills , Peninsula Medical School , Universities of Plymouth and Exeter , UK, Floor Mary Newman Building ,",1,Peninsula College of Medicine and Dentistry,I85788879,no
"Director of Clinical Skills, Peninsula Medical School, Universities of Plymouth and Exeter, UK,",1,Peninsula College of Medicine and Dentistry,I85788879,no
"Director of Nursing Studies, South West College of Health Studies, Plymouth, U.K",1,,,no
"Director of Professional Studies in the Plymouth Business School, Drake Circus, Plymouth PL7 2AR",1,,,no
"Director of Small Group Learning, Professionalism and Social Engagement in the Peninsula Schools of Medicine & Dentistry, Plymouth University, Devon",1,Peninsula College of Medicine and Dentistry,I85788879,no
"Director of Undergraduate Dental Studies, Plymouth University,",1,,,no
"Director of the Local Government Chronicle Elections Centre , Polytechnic South West , Plymouth",1,,,no
"Director of the Local Government Chronicle Elections Centre, Polytechnic South West, Plymouth; Principal Lecturer in Public Administration",1,,,no
"Director of the Small Group Learning, Professionalism and Social Engagement programmes at Plymouth University Peninsula Medical School, UK",1,Peninsula College of Medicine and Dentistry,I85788879,no
"Director, Postgraduate Education and Research, Peninsula Dental School, Plymouth, United Kingdom",1,Peninsula College of Medicine and Dentistry,I85788879,no
"Director, Postgraduate Education and Research, Peninsula Dental School, Plymouth, United Kingdom; professor, Oral Health Services Research, Peninsula Dental School, Plymouth, United Kingdom",1,Peninsula College of Medicine and Dentistry,I85788879,no
"Directorate of Anaesthesia, Derriford Hospital, Plymouth, UK; Plymouth University, Peninsula Schools of Medicine and Dentistry, Plymouth, UK",1,Derriford Hospital,I2802723752,no
"Division of Biotechnology, Biomedical Research Foundation, Academy of Athens, Athens, Greece; School of Biomedical and Healthcare Sciences, Plymouth University, Plymouth, United Kingdom; and",1,Academy of Athens | Biomedical Research Foundation of the Academy of Athens,I206127235 I4210093138,no
"Division of Optometry and Visual Science, School of Health Sciences, City, University of London, London, United Kingdom 2Eye and Vision Research Group, Institute of Health and Community, Plymouth University, Plymouth, United Kingdom",1,"City, University of London",I180825142,no
"Doctorate Programme in Clinical Psychology, 4th Floor, Rolle Building, Drake Circus, Plymouth, PL4 8AA, UK",1,,,no
"Dr Cano is an Associate Professor at Plymouth University Peninsula School of Medicine and Dentistry in Plymouth, England",1,Peninsula College of Medicine and Dentistry,I85788879,no
"Dr Cano is an Associate Professor at Plymouth University Peninsula School of Medicine and Dentistry in Plymouth, United Kingdom",1,,,no
"Dr. Sabel is a fellow in medical education, London Deanery, London, England. Dr. Archer is National Institute for Health Research career development fellow, clinical senior lecturer, and director, Collaboration for the Advancement in Medical Education Research and Assessment, Plymouth University Peninsula Schools of Medicine and Dentistry, Plymouth, England",1,,,no
"Dr. Stefan Cano, PhD, Clinical Neurology Research Group, Plymouth University Peninsula Schools of Medicine and Dentistry, Room N16 ITTC Building, Tamar Science Park, Davy Road, Plymouth, Devon PL6 8BX, UK, Tel.: +44 1752 315272, Fax: +44 1752 315254, E-mail: stefan.cano@pcmd.ac.uk",1,Peninsula College of Medicine and Dentistry,I85788879,no
"Drake Circus, Plymouth Polytechnic, Plymouth, Devon, England",1,Plymouth Marine Laboratory,I2802566253,no
ECorresponding author. Email: pworsfold@plymouth.ac.uk,1,,,no
ECorresponding author. Email: robert.puschendorf@plymouth.ac.uk,1,,,no
"ENT Department, University Hospitals Plymouth NHS Trust, Peninsula Schools of Medicine and Dentistry, Plymouth University, Plymouth, UK",1,University Hospitals Plymouth NHS Trust,I4210166818,no
"ENT Department,Plymouth Hospitals NHS Trust, andPeninsula Schools of Medicine and Dentistry,Plymouth University,UK",1,University Hospitals Plymouth NHS Trust,I4210166818,no
"Early Years, Exeter College in partnership with Plymouth University, Plymouth, UK",1,,,no
"EarlyBird Diabetes Study, Peninsula Medical School, Plymouth Campus, UK",1,Peninsula College of Medicine and Dentistry,I85788879,no
"Earth Observation and Geoinformatics Division, National Institute for Space Research, Av. dos Astronautas, 1758 - São José dos Campos, 12245–970 São Paulo, Brazil; School of Geography, Earth and Environmental Sciences, Plymouth University, Devon PL4 8AA, UK",1,Instituto Nacional de Pesquisas Espaciais,I80849659,no
"Ecotoxicology Laboratory, Davy Building (404), Drake Circus, 2Plymouth Environmental Research Centre, Plymouth, Devon, U.K",1,,,no
"Ecotoxicology Research and Innovation Centre, School of Biological Sciences, Plymouth University, Plymouth, UK; School of Life Sciences, Heriot-Watt University, Edinburgh, UK; Department of Forestry Wildlife and Fisheries, and Center for Environmental Biotechnology, The University of Tennessee, Knoxville, TN, USA",1,University of Tennessee at Knoxville | Department of Forestry,I75027704 I4210155820,no
"Ecotoxicology Research and Innovation Centre, School of Biomedical and Biological Sciences, Plymouth University, Devon, UK; Department of Environmental Chemistry, Faculty of Environmental Technology, Institute of Chemical Technology, Prague, Czech Republic",1,,,no
"Ecotoxicology Research and Innovation Centre, School of Biomedical and Biological Sciences, Plymouth University, Devon, UK; Laboratory of Animal Ecophysiology and Aquatic Ecotoxicology, National Autonomous University of Mexico, Mexico City, Mexico",1,Universidad Nacional Autónoma de México,I8961855,no
"EditorTor and Smith WestCollege of Health Studies,Plymouth",1,Smith Family,I2801167990,no
"Editorial Office, Medical Education, Plymouth, UK. julie.brice@pms.ac.uk",1,,,no
"Eduardo Miranda (professor of computer music), Interdisciplinary Centre for Computer Music Research, School of Humanities and Performing Arts, Plymouth University, U.K",1,,,no
Education (MA) graduate from the University of Plymouth,1,Plymouth State University,I89312276,no
"Education and Standards, Plymouth CAST,",1,,,no
Education at Plymouth University; Mid Devon Community Family Trust,1,University Hospitals Plymouth NHS Trust,I4210166818,no
"Education at University College Plymouth , St Mark and St John",1,Plymouth Marjon University,I4210132580,no
Email: p.fox{at}plymouth.ac.uk and,1,,,no
"Endocrine Pharmacology Group, Institute of Biomedical and Clinical Science, Peninsula Medical School, Plymouth, UK",1,Peninsula College of Medicine and Dentistry,I85788879,no
"Endocrine Pharmacology Group, Institute of Biomedical and Clinical Science, Peninsula Medical School, Room N32, ITTC Building, Tamar Science Park, Plymouth, Devon PL6 8BX, UK",1,Peninsula College of Medicine and Dentistry,I85788879,no
"Endocrinology and Metabolism, Peninsula Medical School, Plymouth Campus, Plymouth, U.K",1,Peninsula College of Medicine and Dentistry,I85788879,no
"Environment and Human Health Unit, Peninsula Medical School, Plymouth PL6 8BU, UK",1,Peninsula College of Medicine and Dentistry,I85788879,no
"Eye and Vision research group, Plymouth, United Kingdom",1,,,no
"FGPN, GP Unit, Faculty of Health Education & Society, and Practice Nurse Lead, Plymouth",1,,,no
"Fac. of Technol., Polytech. South West, Plymouth, UK",1,,,no
"Faculty of Arts, School of Architecture&Design, Plymouth, UK",1,,,no
"Faculty of Business, Room 303, Cookworthy Building, Drake Circus, Plymouth, PL4 8AA Devon, UK",1,,,no
"Faculty of Education , Health and Welfare, University College Plymouth , St Mark & St John, Plymouth, UK",1,,,no
"Faculty of Health & Human Sciences, Plymouth University, Knowledge Spa, Royal Cornwall Hospital Trust, Truro TR1 3HD, United Kingdom",1,Royal Cornwall Hospital Trust,I2799477489,no
"Faculty of Health & Human Sciences, Plymouth University, Knowledge Spa, Royal Cornwall Hospital Trust, Truro TR1 3HD, United Kingdom. Electronic address: caroline.jamison@plymouth.ac.uk",1,Royal Cornwall Hospital Trust | Royal Cornwall Hospital,I2799477489 I2799759729,no
"Faculty of Health Education and Society Plymouth University Truro Cornwall, UK",1,Cornwall Council,I2800071053,no
Faculty of Health Peninsula Medical School  Plymouth UK,1,Peninsula College of Medicine and Dentistry,I85788879,no
Faculty of Health and Human Sciences Peninsula Schools of Medicine and Dentistry  Plymouth UK,1,Peninsula College of Medicine and Dentistry,I85788879,no
"Faculty of Health and Human Sciences Plymouth University, Peninsula Allied Health Centre  Derriford Rd, Derriford Plymouth PL68BH UK",1,Derriford Hospital,I2802723752,no
"Faculty of Health and Human Sciences, Peninsula Schools of Medicine and Dentistry, Plymouth, UK",1,Peninsula College of Medicine and Dentistry,I85788879,no
Faculty of Health and Human SciencesPlymouth UniversityPlymouthUK,1,,,no
"Faculty of Health and Social Work, Drake Circus, Plymouth, UK",1,,,no
"Faculty of Health, Community and Primary Care Research Group, Plymouth Institute of Health Research,",1,,,no
"Faculty of Health, Drake Circus, Plymouth PL4 8AA, UK",1,,,no
"Faculty of Health, Education and Society Plymouth University  Truro Cornwall UK",1,,,no
"Faculty of Health, Education and Society, Somerset Centre, Plymouth University, Somerset, Taunton, UK",1,Taunton & Somerset NHS Foundation Trust,I4210122580,no
"Faculty of Health, Education and Society, Somerset Centre, Plymouth University, Taunton, Somerset, UK",1,Taunton & Somerset NHS Foundation Trust,I4210122580,no
"Faculty of Health, Medical Statistics Group, Room N15, Plymouth Science Park, Plymouth, PL6 8BX, England",1,,,no
"Faculty of Health, Peninsula Medical School, Plymouth University, Plymouth, United Kingdom",1,,,no
"Faculty of Health, Peninsula Medical and Dentistry Schools, Plymouth, UK",1,Peninsula College of Medicine and Dentistry,I85788879,no
"Faculty of Health, Plymouth University Peninsula Medical School, Plymouth, United Kingdom",1,,,no
"Faculty of Health: Medicine, Dentistry and Human Sciences Plymouth Institute of Education",1,,,no
"Faculty of Health: Medicine, Dentistry and Human Sciences Plymouth University Peninsula Schools of Medicine and Dentistry, Plymouth, UK",1,,,no
"Faculty of Maritime Studies , Plymouth Polytechnic , Drake Circus, Plymouth, PL4 8AA",1,Plymouth Marine Laboratory,I2802566253,no
"Faculty of Medicine and Dentistry, Plymouth University, Plymouth, Devon, UK; The Co-Innovation Center of Neuroregeneration, Nantong University, Nantong, Jiangsu Province; School of Pharmacy, Hubei University of Science and Technology, Xianning, Hubei Province, China",1,,,no
"Faculty of Medicine and Health Sciences, School of Health Sciences, The University of Nottingham; and Nottingham Children's Hospital and Neonatal Services, Family Health Division, Nottingham University Hospitals NHS Trust, Nottingham, United Kingdom Faculty of Health and Human Sciences, School of Nursing and Midwifery, Plymouth University, Plymouth, United Kingdom; and Faculty of Health Sciences, School of Nursing and Midwifery, Curtin University, Perth, Western Australia, Australia",1,Curtin University,I205640436,no
"Faculty of Science , Plymouth Polytechnic , Drake Circus, Plymouth , Devon , PL4 8AA",1,Plymouth Marine Laboratory,I2802566253,no
"Faculty of Science, Department of Environmental Sciences, Plymouth Polytechnic, Drake Circus, PL4 8 AA, Plymouth, Devon, England",1,Plymouth Marine Laboratory,I2802566253,no
"Faculty of Science, Department of Environmental Sciences, Plymouth Polytechnic, Plymouth, England",1,,,no
Faculty of Social Science Plymouth Polytechnic,1,,,no
"Faculty of Social Science Plymouth Polytechnic Plymouth, Devon",1,,,no
"Faculty of Social Science, Plymouth Polytechnic",1,,,no
"Faculty of Social Sciences and Humanities, College of St Mark and St John, Derriford Road, Plymouth PL6 8BH",1,Plymouth Marjon University | Derriford Hospital,I4210132580 I2802723752,no
"Faculty of Sport, Health and Fitness, City College Plymouth",1,,,no
"Faculty of Sport, Health and Fitness, City College Plymouth, Plymouth, United Kingdom;",1,Plymouth City Council,I4210096019,no
"Faculty of Sport, Media and Creative Arts, University College Plymouth, United Kingdom",1,University for the Creative Arts,I65106266,no
"Faculty of Technology, Department of Communication Engineering, Plymouth Polytechmic, Drake Circus, Plymouth, Devon PL4 8AA, UK",1,,,no
"Faculty of Technology, Department of Communication Engineering, Plymouth Polytechmic, Drake Circus, Plymouth, Devon PL4 8AA, UK#TAB#",1,,,no
"Faculty of Technology, Department of Communication Engineering, Plymouth Polytechnic, Drake Circus, Plymouth, Devon PL4 8AA, UK",1,Plymouth Marine Laboratory,I2802566253,no
"Faculty of Technology, Department of Communication Engineering, Polytechnic South West, Plymouth, UK",1,,,no
"Faculty of Tourism and Hotels, Fayoum University, Egypt ; School of Tourism and Hospitality, Plymouth University, UK",1,Fayoum University,I66513531,no
"Fine Arts Academy of Urbino, NABA and Plymouth University",1,,,no
"Fiona Williams, Plymouth Polytechnic",1,Williams (United States),I267592682,no
"Fish Disease Research Unit, Department of Biological Sciences, Polytechnic South West, Plymouth, PL4 8AA, U.K",1,,,no
"Fish Feed Technology Unit, Department of Biological Sciences, Plymouth Polytechnic, Drake Circus, Plymouth, Devon, PL4 8AA Great Britain",1,Plymouth Marine Laboratory,I2802566253,no
"Fish Feed Technology/ Nutrition Unit, Department of Biological Sciences, Polytechnic South West, Plymouth, Devon, England",1,,,no
"Fish Feed Technology/Nutrition Unit, Department of Biological Sciences, Polytechnic South West (Plymouth Campus), Drake Circus, Plymouth, Devon PL4 8AA Great Britain",1,Plymouth Marine Laboratory,I2802566253,no
For further information please contact: Alan Williams Email:  Web: www.plymouth.ac.uk,1,,,no
"Foundation Dean and Professor of Dental Public Health, Public Health Academic Consultant, Plymouth University, Peninsula Schools of Medicine and Dentistry",1,Peninsula College of Medicine and Dentistry,I85788879,no
"Foundation Dean, Peninsula Dental School and Honorary Academic Director of Dental Public Health, Plymouth University Peninsula Schools of Medicine & Dentistry,",1,Peninsula College of Medicine and Dentistry,I85788879,no
"Foundation Dean, Peninsula Dental School, Peninsula Dental School, Plymouth University, Portland Square, Drake Circus, Plymouth, Devon, PL4 8AA",1,Peninsula College of Medicine and Dentistry,I85788879,no
"Foundation Dean, Peninsula Dental School, Peninsula Dental School, Plymouth University, Portland Square, Drake Circus, Plymouth, PL4 8AA, Devon",1,Peninsula College of Medicine and Dentistry,I85788879,no
"Fraser Reid and Brian Champness are Senior Lecturers in the Department of Psychology, Plymouth Polytechnic, Drake Circus, Plymouth, Devon PL4 8AA",1,,,no
"From Peninsula Medical School (Drs. Fox, Carroll, and Zajicek), Plymouth",1,,,no
"From Plymouth University (C.O.H.), Peninsula Schools of Medicine and Dentistry, The Institute of Translational and Stratified Medicine, Plymouth, UK; Department of Neurology (J.O.B.), Johns Hopkins University Medical School, Baltimore, MD; Department of Pediatrics (F.P.N.) and Department of Pediatrics, School of Medicine (K.R., M.F.), Indiana University; Tailored Therapeutics (F.P.N.), Eli Lilly and Company, Indianapolis, IN; Department of Pathology (A.S.-R.), Neuro-oncology (S.R.P.), Massachusetts",1,Indiana University – Purdue University Indianapolis | Johns Hopkins University | Peninsula College of Medicine and Dentistry | Eli Lilly (United States),I55769427 I145311948 I85788879 I168537998,no
"From Plymouth University Peninsula Schools of Medicine and Dentistry (J.H.), Devon, UK; Acorda Therapeutics Inc. (A.R.B.), Ardsley, NY; University of Rochester Medical Center (A.G.), Rochester, NY; Biogen Idec (F.L.), Maidenhead, UK; and Biogen Idec (N.P.), Zug, Switzerland",1,,,no
"From University Medicine, Peninsula Medical School, Plymouth, U.K",1,Peninsula College of Medicine and Dentistry,I85788879,no
"From the Collaboration for the Advancement of Medical Education Research and Assessment, Plymouth University Peninsula Schools of Medicine and Dentistry (T.C. E.G., A.C.), Plymouth, UK; Masanga Mentor Ebola Initiative (N.E.M.); and The MENTOR Initiative (R.J.A.), Monrovia, Liberia",1,The MENTOR Initiative,I4405272397,no
"From the College of Technology , Plymouth , Devon",1,Plymouth Marine Laboratory | Plymouth Hospital,I2802566253 I4210163658,no
"From the College of Technology, Plymouth, Devon",1,,,no
"From the Departamento de Física Teórica, Atómica y Óptica (Ortiz-Toquero, Rodriguez, Martin), the Optometry Research Group, Instituto Universitario de Oftalmobiología Aplicada Eye Institute, the School of Optometry (Ortiz-Toquero, Zuñiga, Rodriguez, de Juan, Martin), University of Valladolid, Valladolid, and the Department of Ophthalmology (de Juan), Ramón y Cajal University Hospital, Madrid, Spain; the Faculty of Health and Human Sciences (Martin), Plymouth University, Plymouth, United Kingdom",1,Universidad de Valladolid,I108103353,no
"From the Departamento de Física Teórica, Atómica y Óptica (Ortiz-Toquero, Rodriguez, Martin), the Optometry Research Group, Instituto Universitario de Oftalmobiología Aplicada Eye Institute, the School of Optometry (Ortiz-Toquero, Zuñiga, Rodriguez, de Juan, Martin), University of Valladolid, Valladolid, and the Department of Ophthalmology (de Juan), Ramón y Cajal University Hospital, Madrid, Spain; the Faculty of Health and Human Sciences (Martin), Plymouth University, Plymouth, United Kingdom. Electronic address: raul@ioba.med.uva.es",1,Universidad de Valladolid,I108103353,no
"From the Department of Anesthesiology (R.R.M., R.D.), and the Department of Anesthesiology, Jackson Memorial Hospital (D.B.H.), Miller School of Medicine, and Music Engineering Technology Program, Frost School of Music (C.L.B.), University of Miami, Miami, Florida; and the Cognition Institute, Plymouth University, United Kingdom (J.R.E.)",1,Jackson Memorial Hospital,I2802864460,no
"From the Department of Endocrinology & Metabolism, Peninsula Medical School (Plymouth Campus), Plymouth, U.K",1,Peninsula College of Medicine and Dentistry,I85788879,no
"From the Institute of Biomedical Sciences, Plymouth Campus, Peninsula Medical School, Plymouth, U.K",1,Peninsula College of Medicine and Dentistry,I85788879,no
"From the Peninsula Medical School, Plymouth, United Kingdom",1,Peninsula College of Medicine and Dentistry,I85788879,no
"From the School of Medicine, Health Policy and Practice, University of East Anglia, Norwich, United Kingdom (LH, KA, LJH, SF-T); the PenTAG, Peninsula Medical School, Universities of Plymouth and Exeter, Exeter, United Kingdom (KA); the Institute of Food Research, Norwich Research Park, Colney, Norwich, United Kingdom (LJH); and the Department of Pediatrics, University of Pécs, Pécs, Hungary (TD)",1,Peninsula College of Medicine and Dentistry,I85788879,no
"From the Sections of Ophthalmology and 7Peninsula Medical School, Plymouth, United Kingdom;",1,Peninsula College of Medicine and Dentistry,I85788879,no
"From the SensoriMotor Laboratory (P. Campbell and Dr. Harris), Centre for Theoretical and Computational Neuroscience, Plymouth University, and Audiology Department (P. Campbell), Derriford Hospital, Plymouth, and Metabolic Medicine Unit (Dr. Vellodi), Great Ormond Street Hospital, London, UK",1,Derriford Hospital,I2802723752,no
"GF15, PAHC, College of St Mark & St John, Plymouth University, Devon, United Kingdom",1,Plymouth Marjon University,I4210132580,no
"Geological Hazards Assessment, Mitigation and Information Unit, Department of Geological Sciences, Polytechnic South West, Plymouth, UK",1,,,no
"Geological Hazards Assessment, Mitigation and Information Unit, Polytechnic South West, Plymouth, UK",1,,,no
"Geological Sciences, Plymouth Polytechnic",1,,,no
"Geological Sciences, The University, Plymouth, England",1,,,no
"Geology Division, Department of Environmental Sciences, Plymouth Polytechnic, Drake Circus, Plymouth PL4 8AA, Great Britain",1,Plymouth Marine Laboratory,I2802566253,no
"Geology Division, Plymouth Polytechnic Plymouth PL4 8AA",1,Plymouth Marine Laboratory,I2802566253,no
"Geology Division, Plymouth Polytechnic Plymouth PL4 8AA",1,Plymouth Marine Laboratory,I2802566253,no
"Geology Division, Plymouth Polytechnic, Drake Circus, Plymouth PL4 8AA United Kingdom",1,Plymouth Marine Laboratory,I2802566253,no
"Geology Division, Plymouth Polytechnic, Drake Circus, Plymouth, Devon PL1 8AA England",1,Plymouth Marine Laboratory,I2802566253,no
"Geology Division, Plymouth Polytechnic, Plymouth PL4 8AA, U.K",1,Plymouth Marine Laboratory,I2802566253,no
"Geology Division, Plymouth Polytechnic, Plymouth, Devon PL4 8AA, U.K",1,Plymouth Marine Laboratory,I2802566253,no
"Geology Division, Plymouth Polytechnic, Plymouth, Great Britain",1,Plymouth Marine Laboratory,I2802566253,no
"Ghent University, Biology Department, Marine Biology Research Group, Krijgslaan 281-S8, B 9000 Ghent, Belgium; Marine Biology & Ecology Research Centre, Plymouth University, Plymouth PL4 8AA, UK. Electronic address: ong.eezin@ugent.be",1,Ghent University,I32597200,no
"Giarchi, Department of Social Work, Health and Community Studies, Plymouth Polytechnic, Devon, UK, PL4 8AA UK",1,Plymouth Marine Laboratory,I2802566253,no
"Global Health Curriculum group, Academy of Medical Royal Colleges,10 Dallington Street, London, EC1 V 0DB, UK Global and Remote Healthcare, Plymouth University, Plymouth, UK",1,,,no
"Gloucestershire Hospitals NHS Foundation Trust, Cheltenham, United Kingdom; Medical Sciences, Plymouth University, Plymouth, United Kingdom",1,Gloucestershire Hospitals NHS Foundation Trust | University Hospitals Plymouth NHS Trust,I2802266942 I4210166818,no
"Graduate Institute of Brain and Mind Sciences, College of Medicine, National Taiwan UniversityTaipei, Taiwan; Department of Psychology, University of PlymouthPlymouth, UK",1,,,no
"Graduate School of Management, Faculty of Business, Plymouth University, Drake Circus, Plymouth, PL4 8AA, UK",1,St Petersburg University,I172901346,no
"Hamilton, Ontario, Canada; Plymouth, United Kingdom; and New York, N.Y. From McMaster University; Plymouth University Peninsula Schools of Medicine and Dentistry; and Memorial Sloan Kettering Cancer Center",1,,,no
"Hamilton, Ontario, Canada; Plymouth, United Kingdom; and New York, N.Y. From McMaster University; Plymouth University Peninsula Schools of Medicine and Dentistry; and Memorial Sloan-Kettering Cancer Center",1,,,no
"Head of Peninsula Dental School, Plymouth University",1,Peninsula College of Medicine and Dentistry,I85788879,no
"Head of Peninsula Dental School, Plymouth University,",1,,,no
"Head of Peninsula Dental School, Plymouth, United Kingdom. bdjmanuscripts@nature.com",1,Peninsula College of Medicine and Dentistry,I85788879,no
"Head, Department on Maritime Studies , Plymouth Polytechnic",1,Plymouth Marine Laboratory | California Maritime Academy,I2802566253 I230604491,no
"Head, Department on Maritime Studies, Plymouth Polytechnic",1,,,no
"Health Services Management Centre, Plymouth University Peninsula Schools of Medicine and Dentistry, Plymouth, UK",1,,,no
"Health and Welfare, University College Plymouth",1,,,no
"Heather Skirton PhD RGN RGC Professor of Applied Health Genetics School of Nursing & Midwifery, Faculty of Health, Education and Society, Plymouth University, Taunton, Somerset, UK",1,,,no
Hellenic Centre for Marine Research Plymouth University,1,Hellenic Centre for Marine Research,I4210131924,no
Hellenic Centre for Marine Research#R##N##R##N#Plymouth University,1,Hellenic Centre for Marine Research,I4210131924,no
Hellenic Navy Hydrographic Service with Plymouth University - UK,1,,,no
"Hepatology Research Group, Peninsula Medical School, Universities of Plymouth and Exeter, Plymouth",1,Peninsula College of Medicine and Dentistry,I85788879,no
"Hepatology Research Group, Peninsula Medical School, Universities of Plymouth and Exeter, United Kingdom",1,Peninsula College of Medicine and Dentistry,I85788879,no
"Hepatology Research Group, Plymouth University Peninsula Schools of Medicine and Dentistry",1,Peninsula College of Medicine and Dentistry,I85788879,no
"Hepatology Research Group,Plymouth University Peninsula School of Medicine and Dentistry,Plymouth,United Kingdom",1,,,no
Hepatology and Molecular Medicine Research Groups Plymouth University Peninsula School of Medicine and Dentistry (PU‐PSMD) Plymouth United Kingdom,1,,,no
"Hepatology and Molecular Medicine Research Groups, Plymouth University Peninsula School of Medicine and Dentistry (PU-PSMD), Plymouth, United Kingdom",1,,,no
Hepatology and Molecular Medicine Research Groups; Peninsula Medical School; Plymouth United Kingdom,1,Peninsula College of Medicine and Dentistry,I85788879,no
Hepatology and Molecular Medicine Research Groups; Plymouth University Peninsula School of Medicine and Dentistry (PU-PSMD); Plymouth United Kingdom,1,,,no
"Hepatology, Plymouth University Peninsula Schools of Medicine and Dentistry, Plymouth, UK",1,Peninsula College of Medicine and Dentistry,I85788879,no
"Higher Education Academy Subject Centre for Geography, Earth & Environmental Sciences (GEES), Plymouth University , Plymouth, UK",1,Higher Education Academy,I68879011,no
"Higher Education Academy Subject Centre for Geography, Earth & Environmental Sciences (GEES), Plymouth University, Plymouth, UK",1,Higher Education Academy,I68879011,no
"Higher Education Learning Partnerships CETL , Plymouth University , Plymouth, UK",1,,,no
"Higher Education Liaison, Plymouth School of Nursing, Plymouth",1,Arts University Plymouth,I2801530513,no
"Holistic Science from Plymouth University/Schumacher College, UK",1,Schumacher College,I3130415156,no
"Honorary Clinical Fellow, Plymouth University and Postgraduate Researcher, Faculty of Management, Bournemouth University",1,Bournemouth University,I9300472,no
"Honorary Clinical Fellow, Plymouth University; PhD student Bournemouth University and Queen's Nurse",1,Bournemouth University,I9300472,no
"Honorary Professor, Plymouth University, UK and Honorary Senior Research Fellow, University of Glasgow, UK",1,University of Glasgow,I7882870,no
"Honorary Research Fellow, Plymouth University Peninsula Schools of Medicine and Dentistry, United Kingdom",1,Peninsula College of Medicine and Dentistry,I85788879,no
"Honorary Research Fellow, Plymouth University Peninsula Schools of Medicine and Dentistry, United Kingdom. Electronic address: paul.posadzki@pcmd.ac.uk",1,Peninsula College of Medicine and Dentistry,I85788879,no
"Honorary University Fellow, Plymouth University Peninsula Schools of Medicine and Dentistry, Devon, United Kingdom",1,Peninsula College of Medicine and Dentistry,I85788879,no
"Hope for The Community, Community Interest Company, The Enterprise Hub, Coventry, United Kingdom.; National Institute for Health Research, Research Design Service South West, Peninsula Medical School, Plymouth University, Devon, United Kingdom",1,National Institute for Health and Care Research,I34931013,no
"Hospital for Children and Adolescents, Peninsula Medical School, Plymouth, United Kingdom",1,Peninsula College of Medicine and Dentistry,I85788879,no
"Hospitality & Tourism, City College Plymouth, Plymouth, UK",1,Plymouth City Council,I4210096019,no
"Human Communication Studies, University College of St Mark and St John, Plymouth, UK",1,Plymouth Marjon University,I4210132580,no
"Human Communication Studies, University College of St Mark and St John, Plymouth, UK",1,Plymouth Marjon University,I4210132580,no
"IPOA Research Group, Grupo 1-UMH Grupo REVIV-Generalitat Valenciana, AgroFood Technology Department, Escuela Politécnica Superior de Orihuela, Miguel Hernández University, Ctra, Beniel, Km 3.2, E-03312 Orihuela, Alicante, Spain; School of Biological and Biomedical Sciences, Plymouth University, United Kingdom",1,Universitat de Miguel Hernández d'Elx,I111262870,no
"ISNI: 0000000122190747 Planetary Collegium, Plymouth University and s373.net/x Art Codex Studios",1,,,no
"ISNI: 0000000122190747 Planetary Collegium, Plymouth University and s373.net/x Art Codex Studios, Universidade de Évora and Universidade de Lisboa",1,University of Lisbon | University of Évora,I141596103 I21803372,no
ISNI: 0000000419369019 Plymouth State University,1,Plymouth State University,I89312276,no
ITTC Building Plymouth Science Park Plymouth PL6 8BX,1,,,no
"ITTC Building, Tamar Science Park, Plymouth, Devon PL6 8BX, UK",1,Plymouth Marine Laboratory,I2802566253,no
Independent prescribing adviser Working sessionally with three PCTs in Somerset. He teaches on Bournemouth University's nurse practitioner course and Plymouth University's nurse prescribing course,1,Bournemouth University,I9300472,no
Independent prescribing adviser working sessionally with Somerset PCT. He teaches on Bournemouth University's nurse practitioner course and Plymouth University's nurse prescribing course,1,Bournemouth University,I9300472,no
"Information Services , Southway Comprehensive School Plymouth",1,,,no
"Inorganic Geochemistry, British Geological Survey, Nottingham NG12 5GG, UK; School of Geography, Earth and Environmental Sciences, Plymouth University, UK",1,British Geological Survey,I139290333,no
"Inst. Marine Studies, Univ. Plymouth",1,,,no
"Institut de Physique du Globe de Paris, Sorbonne Paris Cité University, CNRS, FR. £ Sustainable Earth Institute, Plymouth University, UK",1,Université Paris Cité | Centre National de la Recherche Scientifique,I204730241 I1294671590,no
"Institut de recherche sur la reproduction et le développement d'Amsterdam (Jansen, Dean, Painter), Amsterdam; Département d'obstétrique et de gynécologie (Jansen), Centre médical Érasme, Rotterdam, Pays-Bas; École des sciences infirmières et de sagesfemmes, Faculté de santé (Shaw), Université de Plymouth, R.-U.; Département d'obstétrique et de gynécologie (Grooten), Centre médical universitaire d'Amsterdam, Université d'Amsterdam; Département d'épidémiologie et de science des données (Koot), Centre médical universitaire d'Amsterdam, Université libre d'Amsterdam, Amsterdam, Pays-Bas; Soutien aux nausées gravidiques (Dean), R.-U.; Département d'obstétrique et de gynécologie (Painter), Centre médical universitaire d'Amsterdam, Université libre d'Amsterdam, Amsterdam, Pays Bas",1,,,no
"Institut de recherche sur la reproduction et le développement d'Amsterdam (Jansen, Dean, Painter), Amsterdam; Département d'obstétrique et de gynécologie (Jansen), Centre médical Érasme, Rotterdam, Pays-Bas; École des sciences infirmières et de sagesfemmes, Faculté de santé (Shaw), Université de Plymouth, R.-U.; Département d'obstétrique et de gynécologie (Grooten), Centre médical universitaire d'Amsterdam, Université d'Amsterdam; Département d'épidémiologie et de science des données (Koot), Centre médical universitaire d'Amsterdam, Université libre d'Amsterdam, Amsterdam, Pays-Bas; Soutien aux nausées gravidiques (Dean), R.-U.; Département d'obstétrique et de gynécologie (Painter), Centre médical universitaire d'Amsterdam, Université libre d'Amsterdam, Amsterdam, Pays Bas l.a.w.jansen@amsterdamumc.nl",1,,,no
"Institute for Biodiversity and Ecosystem Dynamics (IBED), University of Amsterdam, P.O. Box 94240, 1090GE, Amsterdam, The Netherlands; Biogeochemistry Research Centre, Portland Square, Plymouth University, Drake Circus, Plymouth, Devon, PL4 8AA, United Kingdom",1,University of Amsterdam,I887064364,no
Institute for Sustainable Philanthropy  Plymouth Devon UK,1,,,no
"Institute for Sustainable Philanthropy, USA,Plymouth University, UK",1,,,no
"Institute for Sustainable Philanthropy, USA,Plymouth University, UK,RNLI, UK",1,,,no
"Institute of Biomedical & Clinical Science, John Bull Building, Peninsula Medical School, Plymouth PL6 8BU, UK",1,Peninsula College of Medicine and Dentistry,I85788879,no
"Institute of Biomedical & Clinical Science, John Bull Building, Peninsula Medical School, Plymouth PL6 8BU, UK. noel.morgan@pms.ac.uk",1,Peninsula College of Medicine and Dentistry,I85788879,no
"Institute of Biomedical Sciences, Peninsula Medical School, Plymouth, U.K",1,Peninsula College of Medicine and Dentistry | Institute of Biomedical Science,I85788879 I4210160384,no
"Institute of Biomedical Sciences, Plymouth Campus, Peninsula Medical School, Plymouth, U.K",1,Peninsula College of Medicine and Dentistry | Institute of Biomedical Science,I85788879 I4210160384,no
"Institute of Biomedical and Clinical Science , Peninsula Medical School , Plymouth , Devon , PL6 8BX , UK",1,Peninsula College of Medicine and Dentistry,I85788879,no
"Institute of Biomedical and Clinical Science, John Bull Building, Peninsula Medical School, Plymouth, Devon PL6 8BU, U.K",1,Peninsula College of Medicine and Dentistry,I85788879,no
"Institute of Biomedical and Clinical Science, Peninsula Medical School and Peninsula Postgraduate Health Institute, Plymouth, Devon, UK",1,Peninsula College of Medicine and Dentistry,I85788879,no
"Institute of Biomedical and Clinical Science, Peninsula Medical School, Derriford, Plymouth, Devon, UK",1,Peninsula College of Medicine and Dentistry,I85788879,no
"Institute of Biomedical and Clinical Science, Peninsula Medical School, Devon, Research Way, Plymouth, PL6 8BU, UK",1,Peninsula College of Medicine and Dentistry,I85788879,no
"Institute of Biomedical and Clinical Science, Peninsula Medical School, John Bull Building, Tamar Science Park, Research Way, Plymouth PL6 8BU, UK",1,Peninsula College of Medicine and Dentistry,I85788879,no
"Institute of Biomedical and Clinical Science, Peninsula Medical School, John Bull Building, Tamar Science Park, Research Way, Plymouth PL6 8BU, UK. john.chilton@pms.ac.uk",1,Peninsula College of Medicine and Dentistry,I85788879,no
"Institute of Biomedical and Clinical Science, Peninsula Medical School, Plymouth",1,Peninsula College of Medicine and Dentistry,I85788879,no
"Institute of Biomedical and Clinical Science, Peninsula Medical School, Plymouth, Devon",1,Peninsula College of Medicine and Dentistry,I85788879,no
"Institute of Biomedical and Clinical Science, Peninsula Medical School, Plymouth, Devon PL6 8BX, UK",1,Peninsula College of Medicine and Dentistry,I85788879,no
"Institute of Biomedical and Clinical Science, Peninsula Medical School, Plymouth, Devon PL6 8BX, UK. noel.morgan@pms.ac.uk",1,Peninsula College of Medicine and Dentistry,I85788879,no
"Institute of Biomedical and Clinical Science, Peninsula Medical School, Plymouth, Devon, PL6 8BX, UK",1,Peninsula College of Medicine and Dentistry,I85788879,no
"Institute of Biomedical and Clinical Science, Peninsula Medical School, Plymouth, Devon, UK",1,Peninsula College of Medicine and Dentistry,I85788879,no
"Institute of Biomedical and Clinical Science, Peninsula Medical School, Plymouth, U.K",1,Peninsula College of Medicine and Dentistry,I85788879,no
"Institute of Biomedical and Clinical Science, Peninsula Medical School, Plymouth, UK. noel.morgan@pms.ac.uk",1,Peninsula College of Medicine and Dentistry,I85788879,no
"Institute of Biomedical and Clinical Science, Peninsula Medical School, Room N32, ITTC Building, Tamar Science Park, Plymouth, Devon PL6 8BX, UK",1,Peninsula College of Medicine and Dentistry,I85788879,no
"Institute of Biomedical and Clinical Science, Peninsula Medical School, Room N32, ITTC Building, Tamar Science Park, Plymouth, PL6 8BX, UK",1,Peninsula College of Medicine and Dentistry,I85788879,no
"Institute of Biomedical and Clinical Science, Peninsula Medical School, The John Bull Building, Tamar Science Park, Research Way, Plymouth PL6 8BU, UK. Oliver.Hanemann@pms.ac.uk",1,Peninsula College of Medicine and Dentistry,I85788879,no
"Institute of Biomedical and Clinical Science, Peninsular Medical School, Universities of Plymouth and Exeter, Exeter, UK,",1,Peninsula College of Medicine and Dentistry,I85788879,no
"Institute of Biomedical and Clinical Sciences , Peninsula Medical School , Research Way, Plymouth. Devon , UK",1,Peninsula College of Medicine and Dentistry,I85788879,no
"Institute of Biomedical and Clinical Sciences, Peninsula Medical School, John Bull Building, Plymouth, Devon, UK",1,Peninsula College of Medicine and Dentistry,I85788879,no
"Institute of Biomedical and Clinical Sciences, Peninsula Medical School, John Bull Building, Tamar Science Park, Plymouth, PL6 8BU, UK",1,Peninsula College of Medicine and Dentistry,I85788879,no
"Institute of Biomedical and Clinical Sciences, Peninsula Medical School, John,  Bull Building, Tamar Science Park, Plymouth, PL6 8BU, UK",1,Peninsula College of Medicine and Dentistry,I85788879,no
"Institute of Biomedical and Clinical Sciences, Peninsula Medical School, Plymouth,",1,Peninsula College of Medicine and Dentistry,I85788879,no
"Institute of Biomedical and Clinical Sciences, Peninsula Medical School, Plymouth, UK",1,Peninsula College of Medicine and Dentistry,I85788879,no
"Institute of Biomedical and Clinical Sciences, Peninsula Medical School, Research Way, Plymouth. Devon, UK",1,Peninsula College of Medicine and Dentistry,I85788879,no
"Institute of Biomedical and Clinical Sciences, Peninsula Medical School, Tamar Science Park, Plymouth",1,Peninsula College of Medicine and Dentistry,I85788879,no
"Institute of Biomedical and Clinical Sciences, Peninsula Medical School, Tamar Science Park, Plymouth,",1,,,no
"Institute of Biomedical and Clinical Sciences, Peninsula Medical School, Tamar Science Park, Plymouth, PL6 8BU, UK",1,Peninsula College of Medicine and Dentistry,I85788879,no
"Institute of Biomedical and Clinical Sciences, Peninsula Medical School, Tamar Science Park, Research Way, PL6 8BU, Plymouth, UK",1,Peninsula College of Medicine and Dentistry,I85788879,no
"Institute of Cancer, Affiliated Hospital of Jiangnan University, Wuxi 214062, Jiangsu Province, China; Peninsula Medical School, Faculty of Health, University of Plymouth, Plymouth PL6 8BU, Devon, UK. Electronic address: 9862016005@jiangnan.edu.cn",1,,,no
"Institute of Cellular Medicine, Newcastle University, Newcastle upon Tyne, United Kingdom; Institute of Translational & Stratified Medicine, Plymouth University Peninsula School of Medicine & Dentistry, United Kingdom",1,Newcastle University | Peninsula College of Medicine and Dentistry,I84884186 I85788879,no
"Institute of Cellular Medicine, Newcastle University, United Kingdom; Institute of Translational and Stratified Medicine, Peninsula Schools of Medicine & Dentistry, Plymouth University, United Kingdom",1,Peninsula College of Medicine and Dentistry | Newcastle University,I85788879 I84884186,no
"Institute of Clinical Education, Peninsula Medical School, Plymouth Campus, Drake Circus, Plymouth PL4 8AA, U.K. geoff.guttmann@pms.ac.uk",1,Peninsula College of Medicine and Dentistry,I85788879,no
"Institute of Clinical Education, Peninsula Medical School, Plymouth Campus, Drake Circus, Plymouth PL4 8AA, United Kingdom. geoff.guttmann@pms.ac.uk",1,Peninsula College of Medicine and Dentistry,I85788879,no
"Institute of Clinical Education, Peninsula Medical School, Plymouth PL6 8BX, UK",1,Peninsula College of Medicine and Dentistry,I85788879,no
"Institute of Clinical Education, Peninsula Medical School, Plymouth UK",1,Peninsula College of Medicine and Dentistry,I85788879,no
"Institute of Clinical Education, Peninsula Medical School, Plymouth UK. karen.mattick@pms.ac.uk",1,Peninsula College of Medicine and Dentistry,I85788879,no
"Institute of Clinical Education, Peninsula Medical School, Plymouth, UK. Margaret.elzubeir@pms.ac.uk",1,Peninsula College of Medicine and Dentistry,I85788879,no
"Institute of Clinical Education, Peninsula Medical School, Plymouth, UK. karen.matrick@pms.ac.uk",1,Peninsula College of Medicine and Dentistry,I85788879,no
"Institute of Clinical Education, Peninsula Medical School, Universities of Exeter and Plymouth, Portland Square Building, Drake Circus, PL4 8AA, Plymouth, UK",1,Peninsula College of Medicine and Dentistry,I85788879,no
"Institute of Clinical Education, Peninsula Medical School, Universities of Exeter and Plymouth, The John Bull Building, Tamar Science Park, Plymouth, Devon, PL6 8BU, United Kingdom",1,Peninsula College of Medicine and Dentistry,I85788879,no
"Institute of Clinical Education, Peninsula Medical School, Universities of Exter & Plymouth, Plymouth PL4 8AA, UK. rebecca.barnes@pms.ac.uk",1,Peninsula College of Medicine and Dentistry,I85788879,no
"Institute of Clinical Education, Peninsula Medical School, Universities of Plymouth and Exeter, St Luke's Campus, Exeter, Devon EX1 2LU, England, UK",1,Peninsula College of Medicine and Dentistry,I85788879,no
"Institute of Clinical Education, Peninsula Medical School, Universities of Plymouth and Exeter, St Luke's Campus, Exeter, Devon EX1 2LU, England, UK. nicky.britten@pms.ac.uk",1,Peninsula College of Medicine and Dentistry,I85788879,no
"Institute of Clinical Education, Peninsula Medical School, Universities of Plymouth and Exeter, St Luke's Campus, Exeter, Devon EX1 2LU, UK",1,Peninsula College of Medicine and Dentistry,I85788879,no
"Institute of Health Research, Plymouth University Peninsula School of Medicine and Dentistry, Plymouth, UK",1,,,no
"Institute of Health Services Research, Peninsula Medical School, Plymouth, UK",1,Peninsula College of Medicine and Dentistry,I85788879,no
"Institute of Health Studies, Faculty of Human Sciences, University of Plymouth, USA",1,Plymouth State University,I89312276,no
"Institute of Health Studies, Plymouth, UK",1,,,no
"Institute of Health Studies, University of Plymouth (Exeter), Earl Richards Road North, Exeter, Devon EX2 6AS, UK. dwhitehead@plymouth.ac.uk",1,University of Exeter,I23923803,no
"Institute of Marine Sciences, National Research Council (ISMAR-CNR), La Spezia, Italy; Marine Institute, Plymouth University, Plymouth, United Kingdom",1,Istituto di Scienze Marine del Consiglio Nazionale delle Ricerche | Plymouth Marine Laboratory,I4210114340 I2802566253,no
"Institute of Marine Studies and Department of Environmental Science, Plymouth Polytechnic, Drake Circus, Plymouth PL4 8AA United Kingdom",1,Plymouth Marine Laboratory,I2802566253,no
"Institute of Marine Studies, Faculty of Science, Polytechnic South West, Plymouth PL4 8AA, U.K",1,Plymouth Marine Laboratory,I2802566253,no
"Institute of Marine Studies, Plymouth Polytechnic, Plymouth, Devon PL4 8AA U.K",1,Plymouth Marine Laboratory,I2802566253,no
"Institute of Marine Studies, Plymouth Polytechnic, Plymouth, Devon PL4 8AA, U.K",1,Plymouth Marine Laboratory,I2802566253,no
"Institute of Marine Studies, Plymouth Polytechnic, Plymouth, Devon PL4 8AA, UK",1,Plymouth Marine Laboratory,I2802566253,no
"Institute of Marine Studies, Plymouth, UK",1,,,no
"Institute of Marine Studies, Polytechnic South West Drake Circus, PL4 8AA, Plymouth, Devon, UK",1,Plymouth Marine Laboratory,I2802566253,no
"Institute of Marine Studies, Polytechnic South West, Drake Circus, PL4 8AA, Plymouth, UK",1,Plymouth Marine Laboratory,I2802566253,no
"Institute of Marine Studies, Polytechnic South West, Plymouth PL4 8AA, Devon United Kingdom",1,Plymouth Marine Laboratory,I2802566253,no
"Institute of Marine Studies, Polytechnic South West, Plymouth PL4 8AA, UK",1,,,no
"Institute of Marine Studies, Polytechnic South West, Plymouth, PL4 8AA Gt. Britain",1,,,no
"Institute of Marine Studies, Polytechnic South West, Plymouth, PL4 8AA, UK",1,Plymouth Marine Laboratory,I2802566253,no
"Institute of Marine Studies, Polytechnic South-West, Drake Circus, Plymouth PL4 8AA, UK",1,,,no
"Institute of Marine Studies, Polytechnic South-West, Plymouth, Devon PL4 8AA, UK",1,Plymouth Marine Laboratory,I2802566253,no
"Institute of Mathematical Problems of Biology, Russian Academy of Sciences, 142290 Pushchino, Russia and School of Computing and Mathematics, Plymouth University, Plymouth PL4 8AA, United Kingdom",1,Institute of Mathematical Problems of Biology,I4210159227,no
"Institute of Neurology, UCL; Plymouth University Peninsula Schools of Medicine and Dentistry",1,Peninsula College of Medicine and Dentistry,I85788879,no
"Institute of Neuroscience, Plymouth, Devon PL4 8AA, UK",1,,,no
"Institute of Translational & Stratified Medicine, Faculty of Medicine and Dentistry, Plymouth Science Park, Davy Road, Plymouth, Devon PL6 8BX, UK",1,Plymouth Marine Laboratory,I2802566253,no
"Institute of Translational & Stratified Medicine, Plymouth University Peninsula School of Medicine & Dentistry, United Kingdom",1,,,no
"Institute of Translational & Stratified Medicine, Plymouth University Peninsula Schools of Medicine & Dentistry, Plymouth, United Kingdom",1,Peninsula College of Medicine and Dentistry,I85788879,no
"Institute of Translational and Stratified Medicine, Peninsula Schools of Medicine & Dentistry, Plymouth University, United Kingdom",1,,,no
"Institute of Translational and Stratified Medicine, Peninsula Schools of Medicine and Dentistry, Plymouth, United Kingdom",1,Peninsula College of Medicine and Dentistry,I85788879,no
"Institute of Translational and Stratified Medicine, Plymouth University Peninsula School of Medicine",1,Peninsula College of Medicine and Dentistry,I85788879,no
"Institute of Translational and Stratified Medicine, Plymouth University Peninsula Schools of Medicine and Dentistry",1,Peninsula College of Medicine and Dentistry,I85788879,no
"Institute of Translational and Stratified Medicine, Plymouth University Peninsula Schools of Medicine and Dentistry, Plymouth",1,Peninsula College of Medicine and Dentistry,I85788879,no
"Institute of Translational and Stratified Medicine, Plymouth University Peninsula Schools of Medicine and Dentistry, Plymouth PL6 8BU, United Kingdom",1,,,no
"Institute of Translational and Stratified Medicine, Plymouth University Peninsula Schools of Medicine and Dentistry, Plymouth,",1,Peninsula College of Medicine and Dentistry,I85788879,no
"Institute of Translational and Stratified Medicine, Plymouth University Peninsula Schools of Medicine and Dentistry, Plymouth, PL6 8BU, UK",1,,,no
"Institute of Translational and Stratified Medicine, Plymouth University Peninsula Schools of Medicine and Dentistry, Plymouth, UK; Molecular Oncology Laboratories, Department of Oncology, Weatherall Institute of Molecular Medicine, University of Oxford, John Radcliffe Hospital, Oxford, UK",1,University of Oxford | John Radcliffe Hospital,I40120149 I2802742124,no
"Institute of Translational and Stratified Medicine, Plymouth University Peninsula Schools of Medicine and Dentistry, Plymouth, United Kingdom",1,Peninsula College of Medicine and Dentistry,I85788879,no
Institute of Translational and Stratified Medicine; Plymouth University Peninsula Schools of Medicine and Dentistry; Plymouth UK,1,,,no
"Instytut Nauk Geograficznych, Politechnika w Plymouth, Wielka Brytania",1,Instytut Nauk Geologicznych,I4210128123,no
"International Shipping and Logistics Group, Plymouth Graduate School of Management, Plymouth University, Plymouth, UK; Arab Academy for Science, Technology and Maritime Transport – College of International Transport and Logistics, Alexandria, Egypt",1,"Arab Academy for Science, Technology, and Maritime Transport",I59272784,no
"J.A. Freeman, PhD, Faculty of Health and Human Sciences, Peninsula Allied Health Centre, Room FF21, Derriford Rd, Plymouth, PL6 8BH, United Kingdom",1,,,no
"JANE MEDWELL lectures in Primary English at the College of St Mark & John, Plymouth. MICHAEL DAVIS is an educational psychologist in Cheshire",1,Plymouth Marjon University,I4210132580,no
"Jane Grant (artist, researcher), Digital Arts, Plymouth University, U.K.. Web:",1,,,no
"Jane Grant (educator, artist), Art and Sound Research Group, School of Art and Media, Plymouth University, U.K. E-mail: . Website:",1,,,no
"Jane Grant (educator, artist), Art and Sound Research Group, School of Art and Media, Plymouth University, U.K.. Website:",1,,,no
"Jeremy Hobart1 and Gavin Giovannoni21Plymouth University Peninsula Schools of Medicine and Dentistry, Plymouth, UK",1,,,no
"John Bull Building, School of Medicine and Dentistry, Tamar Science Park, Research Way, Plymouth, Devon PL6 8BU, United Kingdom",1,Plymouth Marine Laboratory,I2802566253,no
"John Graymore Chemical Laboratories, Department of Environmental Sciences Plymouth Polytechnic, Drake Circus, Plymouth, Devon, UK",1,Plymouth Marine Laboratory,I2802566253,no
"John Graymore Chemical Laboratories, Department of Environmental Sciences, Faculty of Science, Plymouth Polytechnic, Drake Circus, Plymouth, Devon, England",1,Plymouth Marine Laboratory,I2802566253,no
"John Graymore Chemical Laboratories, Department of Environmental Sciences, Plymouth Polytechnic. Drake Circus, Plymouth, Devon England",1,Plymouth Marine Laboratory,I2802566253,no
"John Graymore Chemical Laboratory, Department of Environmental Sciences, Faculty of Science, Plymouth Polytechnic, Drake Circus, Plymouth, Devon PL4 8AA, England",1,Plymouth Marine Laboratory,I2802566253,no
"John Graymore Chemical Laboratory, Department of Environmental Sciences, Plymouth Polytechnic, Drake Circus, Plymouth, PL4 8AA Great Britain",1,Plymouth Marine Laboratory,I2802566253,no
"John Graymore Chemistry Laboratories, Department of Environmental Science, Plymouth Polytechnic, Plymouth PL4 8AA, Devon, England",1,Plymouth Marine Laboratory,I2802566253,no
"John Graymore Chemistry Laboratories, Department of Environmental Sciences, Plymouth Polytechnic Plymouth PL4 8AA UK",1,Plymouth Marine Laboratory,I2802566253,no
"John Graymore Chemistry Laboratories, Department of Environmental Sciences, Plymouth Polytechnic, Plymouth PL4 8AA, Devon, England, UK",1,Plymouth Marine Laboratory,I2802566253,no
"John Graymore Chemistry Laboratories, Department of Environmental Sciences, Plymouth Polytechnic, Plymouth, PL4 8AA, Devon, England U.K",1,Plymouth Marine Laboratory,I2802566253,no
"John Graymore Chemistry Laboratories, Department of Environmental Sciences,Plymouth Polytechnic, Plymouth PL4 8AA, Devon, England",1,Plymouth Marine Laboratory,I2802566253,no
"John Graymore Chemistry Laboratories, Plymouth Polytechnic, England, U.K",1,,,no
"John Graymore Chemistry Laboratories, Plymouth Polytechnic, Plymouth PL4 8AA, UK",1,Plymouth Marine Laboratory,I2802566253,no
"John Graymore Chemistry Laboratories, Plymouth Polytechnic, Plymouth PL48AA, England",1,Plymouth Marine Laboratory,I2802566253,no
"John Graymore Chemistry Laboratories, Plymouth Polytechnic, Plymouth, England",1,Plymouth Marine Laboratory,I2802566253,no
"John Graymore Chemistry Laboratories, Plymouth Polytechnic, Plymouth, PL4 8AA, UK",1,Plymouth Marine Laboratory,I2802566253,no
"John Graymore Chemistry Laboratories, School of Environmental Sciences, Plymouth Polytechnic, Plymouth PL4 8AA, Devon, England",1,Plymouth Marine Laboratory,I2802566253,no
"John Graymore Chemistry Laboratories, School of Environmental Sciences, Plymouth Polytechnic, Plymouth, PL4 8AA, Devon, England",1,Plymouth Marine Laboratory,I2802566253,no
"John Innes Institute and Plymouth Polytechnic, Plymouth, Devon PL4 8AA, UK",1,Plymouth Marine Laboratory,I2802566253,no
"John Matthias (educator, musician, composer, physicist), Art and Sound Research Group, School of Art and Media, Plymouth University, U.K. E-mail: . Website:",1,,,no
"John Matthias (educator, musician, composer, physicist), Art and Sound Research Group, School of Art and Media, Plymouth University, U.K.. Website:",1,,,no
"John Oates senior lecturer in Developmental Psychology, Child and Youth Studies Group, Centre for Research in Education and Educational Technology, The Open University; visiting professor in Developmental Psychology, University College Plymouth St Mark & St John",1,The Open University,I204136569,no
John is an honorary Professor in Early Childhood Studies at the Plymouth University Institute of Education,1,,,no
"Joint Institute of Nuclear Research Laboratory of Information Technologies, , Dubna, 141980, Russia, School of Mathematics and Statistics, , Plymouth PL4 8AA, United Kingdom, and Department of Theoretical Physics, , Tbilisi, GE-0193, Georgia",1,Joint Institute for Nuclear Research,I32699454,no
"Laboratory of Aquatic Environmental Research, Centro de Estudios Avanzados, Universidad de Playa Ancha, Viña del Mar, Chile; School of Biological and Marine Sciences, Faculty of Science and Engineering, University of Plymouth, Plymouth, United Kingdom. Electronic address: claudio.saez@upla.cl",1,,,no
"Lead Nurse for Children and Safeguarding, Royal Devon and Exeter NHS Foundation Trust, Exeter, UKProfessor of Health Service Research (Honorary Consultant in Public Health-NHS Plymouth), Faculty of Health, Education and Society, Plymouth University, Plymouth, UK",1,Royal Devon & Exeter NHS Foundation Trust,I2799452589,no
"Lead for Centre for Clinical Trials & Population Studies, Plymouth University Peninsula Schools of Medicine and Dentistry, Derriford, Plymouth, UK",1,,,no
"Learning Disability Partnership, Plymouth Primary Care Trust and Peninsula Medical School",1,,,no
"Learning Resources Centre, Plymouth Polytechnic, Drake Circus, Plymouth, Devon PL4 8AA, UK",1,,,no
"Learning Resources Centre, Plymouth Polytechnic, Drake Circus, Plymouth, Devon PL4 8AA, UK#TAB#",1,,,no
"Lect., Dept. of Maths. Stats. and Computer, Plymouth Polytechnic, England",1,,,no
"Lecturer in Adult Nursing and Admissions Tutor for Adult Nursing, Plymouth University",1,,,no
"Lecturer in Business Studies, Plymouth College of Further Education, UK",1,Arts University Plymouth,I2801530513,no
Lecturer in Chemistry Plymouth College of Technology,1,Arts University Plymouth,I2801530513,no
"Lecturer in Coastal &amp; Shelf Physical Oceanography, Marine Physics Research Group, School of Marine Science and Engineering, Univ. of Plymouth, Portland Square Building, Drake Circus, Plymouth, Devon PL4 8AA, U.K.; and, Senior Scientist, HR Wallingford, Howbery Park, Wallingford, Oxfordshire OX10 8BA, U.K",1,HR Wallingford,I2802260906,no
"Lecturer in Early Childhood Studies , Plymouth Institute of Education ,",1,Education and Early Childhood Development,I4210125077,no
"Lecturer in Early Childhood Studies, Plymouth Institute of Education,",1,,,no
Lecturer in Education at Plymouth University and Relationship Educator with Mid Devon Community Family Trust,1,Sussex Community NHS Foundation Trust,I2799853801,no
"Lecturer in Health Statistics, Centre for Health and Environmental Statistics, Room 301, ITTC Building, Tamar Science Park, Plymouth, Devon, PL6 8BX",1,,,no
"Lecturer in Human Geography, School of Geography, Earth and Environmental Sciences (Faculty of Science & Environment), Plymouth University",1,Department of Chemistry and Earth Sciences,I4210130740,no
"Lecturer in Philosophy, Plymouth Polytechnic",1,,,no
"Lecturer in Politics in the Department of Applied Social Science , Polytechnic South West , Plymouth",1,,,no
"Lecturer in Politics in the Department of Applied Social Science, Polytechnic South West, Plymouth",1,,,no
"Lecturer, Institute of Marine Studies, Plymouth Univ., Plymouth, UK; Principal Scientist, HR Wallingford, Wallingford, Oxfordshire OX10 8BA, UK",1,HR Wallingford,I2802260906,no
"Lecturer, School of Computing Electronics &amp; Mathematics, Plymouth Univ., PL4 8AA, Plymouth, U.K.; formerly, Research Fellow, Faculty of Civil &amp; Environmental Engineering, Technion—Israel Institute of Technology, Haifa 32000, Israel (corresponding author). ORCID:",1,,,no
"Liver Research Group, Institute of Cellular Medicine, Medical School, Newcastle University, Newcastle upon Tyne, United Kingdom; Institute of Translational and Stratified Medicine, Plymouth University, United Kingdom",1,Newcastle University,I84884186,no
"Local Government Chronicle Elections Centre, Polytechnic South West, Faculty of Social Science, Drake Circus, Plymouth, Devon PL4 8AA U.K",1,,,no
"Locality Lead for Peninsula Primary Care Research Network (PenRen), Peninsula Medical School, Plymouth, UK and GP with Special Interest in Mental Health, Plymouth Teaching PCT",1,Peninsula College of Medicine and Dentistry,I85788879,no
"Louise Belfield BSc (Hons), PGCert, PhD, SFHEA, AssocFCGDent Associate Professor in Biomedical and Oral Health Sciences, Peninsula Dental School, Plymouth, UK",1,Peninsula College of Medicine and Dentistry,I85788879,no
"MA Architectural Conservation Programme Leader, Plymouth University",1,,,no
"MRC Clinical Trials Unit, London Hub for Trials Methodology Research, London, UK School of Computing and Mathematics, Plymouth University, Plymouth, UK",1,MRC Clinical Trials Unit at UCL,I4210091428,no
"MS Clinical Nurse Specialist, Royal Devon and Exeter Hospital NHS Foundation Trust, Exeter, and Honorary Lecturer, Plymouth University",1,Exeter Hospital,I4210146167,no
"MSc in Holistic Science from Schumacher College/Plymouth University, U.K",1,,,no
"Malcolm B. Hart, Department of Geological Sciences, Polytechnic South West, Plymouth, Devon, PL48AA, U.K",1,,,no
"Marine Biological Association of the United Kingdom, The Laboratory, Citadel Hill, Plymouth PL1 2PB, UK Marine Biology and Ecology Research Centre, Marine Institute, Plymouth University, Drake Circus, Plymouth PL4 8AA, UK micnli@mba.ac.uk",1,Marine Biological Association of the United Kingdom,I114472154,no
"Marine Biology & Ecology Research Centre 1 , School of Biological and Marine Sciences , , Drake Circus, Plymouth PL4 8AA ,",1,Plymouth Marine Laboratory,I2802566253,no
"Marine Biology and Ecology Research Centre (MBERC) School of Marine Science and Engineering, Plymouth University, Drake Circus, Plymouth  Devon England",1,,,no
"Marine Biology and Ecology Research Centre , School of Biological and Marine Sciences , , Drake Circus, Plymouth PL4 8AA , UK",1,Plymouth Marine Laboratory,I2802566253,no
"Marine Biology and Ecology Research Centre, Davy Building, Drake Circus, Plymouth, Devon PL4 8AA, UK",1,Plymouth Marine Laboratory,I2802566253,no
"Marine Biology and Ecology Research Centre, Davy Building, Drake Circus, Plymouth, PL4 8AA, UK",1,,,no
"Marine Biology and Ecology Research Centre, Marine Institute, Plymouth University , Plymouth,",1,Plymouth Marine Laboratory,I2802566253,no
"Marine Biology and Ecology Research Centre, Marine Institute, School of Marine Science and Engineering, Plymouth University, United Kingdom",1,,,no
"Marine Biology and Ecology Research Centre, Plymouth University, Drake Circus, Plymouth, PL4 8AA UK ; Département de Biologie, Chimie et Géographie, Université du Québec à Rimouski, Rimouski, QC G5L 3A1 Canada",1,Université du Québec à Rimouski,I182451676,no
"Marine Biology and Ecology Research Centre, Plymouth University, Drake Circus, Plymouth, PL4 8AA, UK; Département de Biologie, Chimie et Géographie, Université du Québec à Rimouski, 300 Allée des Ursulines, Rimouski, QC G5L 3A1, Canada",1,Université du Québec à Rimouski,I182451676,no
"Marine Biology and Ecology Research Centre, Plymouth University, Plymouth, United Kingdom; Institute of Oceanography, Hellenic Centre for Marine Research, Anavissos, Attica, Greece",1,Hellenic Centre for Marine Research,I4210131924,no
"Marine Biology and Ecology Research Centre, Plymouth University, UK; Shimoda Marine Research Centre, Tsukuba University, Japan",1,Marine Research Centre,I4210120379,no
"Marine Biology and Ecology Research Centre, School of Biological and Marine Sciences, Plymouth University, Drake Circus, PL4 8AA, UK; National Institute of Oceanography and Fisheries (NIOF), Cairo, Egypt. Electronic address: ahmed.abbas.mbio@gmail.com",1,National Institute of Oceanography and Fisheries,I3163904508,no
"Marine Biology and Ecology Research Centre, School of Biological and Marine Sciences, Plymouth University, Drake Circus, Plymouth, PL4 8AA, UK; Estación Costera de Investigaciones Marinas and Center for Marine Conservation, Facultad de Ciencias Biológicas, Pontificia Universidad Católica de Chile, Casilla, 114-D, Santiago, Chile",1,Pontificia Universidad Católica de Chile,I162148367,no
"Marine Biology and Ecology Research Centre, School of Marine Science & Engineering, Plymouth University, Drake Circus, Plymouth PL4 8AA, UK; Plymouth Marine Laboratory, Prospect Place, West Hoe, Plymouth PL1 3DH, UK",1,Plymouth Marine Laboratory,I2802566253,no
"Marine Biology and Ecology Research Centre, School of Marine Science and Engineering (United Kingdom)",1,,,no
"Marine Biology and Ecology Research Centre, School of Marine Science and Engineering, Drake Circus, Plymouth, Devon, PL4 8AA, UK",1,Plymouth Marine Laboratory,I2802566253,no
"Marine Biology and Ecology Research Centre, School of Marine Science and Engineering, Plymouth University, Drake Circus, Plymouth, Devon PL4 8AA, United Kingdom; 2Department of Biology, Mount Allison University, 63B York Street, Sackville, New Brunswick E4L 1E4, Canada; 3Department of Fisheries and Oceans, Maurice Lamontagne Institute, Mont Joli G5H 3Z4, Quebec, Canada",1,Fisheries and Oceans Canada,I1319689352,no
"Marine Biology and Ecology Research Centre, School of Marine Science and Engineering, Plymouth University, Portland Square, Drake Circus, Plymouth, Devon PL4 8AA, United Kingdom",1,University of Portland,I71578702,no
"Marine Biology and Ecology Research Centre, School of Marine Science and Engineering, Plymouth University, Portland Square, Drake Circus, Plymouth, Devon PL4 8AA, United Kingdom; 2Natural Environment Research Council Sea Mammal Research Unit, Gatty Marine Laboratories, Scottish Oceans Institute, University of St. Andrews, St. Andrews, Fife KY16 8LB, United Kingdom",1,Natural Environment Research Council,I141816643,no
"Marine Biology and Ecology Research Centre, The Marine Institute at Plymouth University, School of Marine Science and Engineering, Drakes Circus, Plymouth, PL4 8AA, UK",1,,,no
Marine Biology and Ecology Research Group Marine Institute Plymouth University  Drake Circus Plymouth UK,1,,,no
"Marine Conservation and Policy Research Centre, School of Biological and Marine Sciences, Plymouth University, Plymouth, United Kingdom",1,,,no
"Marine Conservation and Policy Research Group, Marine Institute, Plymouth University, Drake Circus, Plymouth, PL4 8AA United Kingdom",1,,,no
"Marine Conservation and Policy Research Group, Marine Institute, Plymouth University, Plymouth, PL4 8AA, United Kingdom",1,Plymouth Marine Laboratory,I2802566253,no
"Marine Evolutionary Ecology, GEOMAR Helmholtz Centre for Ocean Research Kiel, Kiel, Germany; School of Biological and Marine Science, University of Plymouth, Plymouth, United Kingdom. Electronic address: stevenan@tcd.ie",1,GEOMAR Helmholtz Centre for Ocean Research Kiel,I34403800,no
Marine Institute Plymouth University Drake Circus Plymouth Devon PL4 8AA UK,1,,,no
Marine Institute Plymouth University Drakes Circus Plymouth Devon PL4 8AA UK,1,,,no
Marine Institute Plymouth University Marine Bldg. rm 305 Drakes Circus Plymouth PL4 8AA UK,1,,,no
"Marine Institute and School of Marine Science & Eng., Plymouth Univ., UK",1,Plymouth Marine Laboratory,I2802566253,no
"Marine Institute and School of Marine Science & Eng., Plymouth Univ., UK, and formerly",1,,,no
"Marine Institute and School of Marine Science and Engineering, Plymouth University, PL48AA, United Kingdom",1,,,no
"Marine Institute – Plymouth University, Marine Building, Drake Circus, Plymouth, Devon PL4 8AA, UK",1,Plymouth Marine Laboratory,I2802566253,no
"Marine Institute, 3rd Floor Marine Building, Plymouth University, Plymouth PL4 8AA, UK",1,,,no
"Marine Institute, Level 3 Marine Bldg., Plymouth University, Drakes Circus Plymouth, Devon, PL4 8AA UK",1,Plymouth Marine Laboratory,I2802566253,no
"Marine Institute, Level 3 Marine Bldg., Plymouth University, Drakes Circus, Plymouth, Devon, PL4 8AA UK",1,,,no
"Marine Institute, Marine Building, Plymouth University, Drake Circus, Plymouth, PL4 8AA, United Kingdom",1,Plymouth Marine Laboratory,I2802566253,no
"Marine Institute, Plymouth University, Drake Circus, Plymouth, Devon, PL4 8AA UK",1,,,no
"Marine Institute, Plymouth University, Drake Circus, Plymouth, Devon, United Kingdom",1,,,no
"Marine Institute, Plymouth University, Drake Circus, Plymouth, PL4 8AA United Kingdom",1,,,no
"Marine Institute, Plymouth University, Level 3, Marine Building, Drake Circus, Plymouth, PL4 8AA",1,Plymouth Marine Laboratory | Marine Institute,I2802566253 I4210155205,no
"Marine Institute, Plymouth University, Marine Bldg. rm 305, Drakes Circus, Plymouth PL4 8AA, UK",1,,,no
"Marine Institute, Plymouth University, Marine Building, Drake Circus, Plymouth PL4 8AA",1,Plymouth Marine Laboratory | Marine Institute,I2802566253 I4210155205,no
"Marine Institute, Plymouth University, Plymouth PL4 8AA, United Kingdom;; The Laboratory, Marine Biological Association of the United Kingdom, Plymouth PL1 2PB, United Kingdom;; The Laboratory, Sir Alister Hardy Foundation for Ocean Science, Plymouth PL1 2PB, United Kingdom;",1,Continuous Plankton Recorder Survey | Marine Biological Association of the United Kingdom,I4210102263 I114472154,no
"Marine Institute, Plymouth University, Plymouth PL9 OBL, United Kingdom; and",1,,,no
"Marine Institute, Plymouth University, Plymouth, Devon, PL4 8AA, United Kingdom",1,,,no
"Marine Institute, Plymouth University, Plymouth, Devon, UK",1,,,no
"Marine Institute, Plymouth University, Plymouth, England",1,Marine Institute,I4210155205,no
"Marine Institute, Plymouth University, United Kingdom",1,,,no
"Marine Institute, Plymouth University; Drake Circus Plymouth PL4 8AA United Kingdom",1,,,no
"Marine School of Engineering, Plymouth University at Britannia Royal Naval College, Dartmouth, Devon TQ6 OHJ, UK",1,Britannia Royal Naval College,I4210133766,no
"Marine and Freshwater Research Centre, Galway Mayo Institute of Technology, Dublin Road, Galway, Ireland; Marine Biology and Ecology Research Centre, School of Biological and Marine Sciences, Plymouth University, Drake Circus, Plymouth, Devon PL4 8AA, United Kingdom. Electronic address: ladaana.kanhai@research.gmit.ie",1,Galway-Mayo Institute of Technology,I63871047,no
"Marine and Industrial Dynamic Analysis Research (MIDAS) Group, Plymouth, UK",1,,,no
"Maritime Transport Research Group, Plymouth Business School, UK",1,,,no
"Marjon Business School, Plymouth University, Plymouth, UK",1,Plymouth Marjon University,I4210132580,no
"Mathematics Department, Plymouth Polytechnic, Plymouth, Devon, England",1,,,no
"Mathematics Department, Plymouth Polytechnic, Plymouth, PL4 8AA, UK",1,Plymouth Marine Laboratory,I2802566253,no
"Mathematics and Statistics Department, Polytechnic South West, Plymouth PL4 8AA, UK",1,,,no
"Medical Education, Peninsula Medical School, Plymouth, Devon, UK",1,Peninsula College of Medicine and Dentistry,I85788879,no
Medical School Plymouth University Peninsula Medical School Plymouth UK,1,,,no
"Medical School, Peninsula Medical School, Plymouth, GBR",1,Peninsula College of Medicine and Dentistry,I85788879,no
"Medical School, Peninsula Medical School, Plymouth, UK",1,Peninsula College of Medicine and Dentistry,I85788879,no
"Medical Sciences, Plymouth University, Plymouth, United Kingdom",1,,,no
"Medical Statistics Group and Peninsula Clinical Trials Unit, Faculty of Health: Medicine, Dentistry and Human Science, Plymouth Science Park, 1 Davy Rd, Derriford, Plymouth, PL6 8BX, UK",1,,,no
"Medical Statistics Group and Peninsula Clinical Trials Unit, Faculty of Health: Medicine, Dentistry and Human Science, Plymouth Science Park, Plymouth, UK",1,Peninsula College of Medicine and Dentistry,I85788879,no
"Medical Statistics Group, Plymouth University Peninsula Schools of Medicine and Dentistry, Derriford, Plymouth, United Kingdom",1,Peninsula College of Medicine and Dentistry,I85788879,no
"Medical Statistics Group, Plymouth University Peninsula Schools of Medicine and Dentistry, Plymouth, United Kingdom",1,Peninsula College of Medicine and Dentistry,I85788879,no
"Medical Statistics, Plymouth University Peninsula Schools of Medicine and Dentistry, PL6 8BX, United Kingdom",1,Peninsula College of Medicine and Dentistry,I85788879,no
"Medical Statistics, Plymouth University Peninsula Schools of Medicine and Dentistry, Plymouth Science Park, 1 Davy Road, Plymouth, PL6 8BX",1,Peninsula College of Medicine and Dentistry,I85788879,no
"Medical Statistics, Plymouth University Peninsula Schools of Medicine and Dentistry, Plymouth, UK",1,Peninsula College of Medicine and Dentistry,I85788879,no
"Medical Statistics, Plymouth University, Plymouth, United Kingdom",1,,,no
"Medical Student, Peninsula Medical School, Plymouth",1,Peninsula College of Medicine and Dentistry,I85788879,no
"Medicine, Peninsula Medical School, Plymouth, United Kingdom",1,Peninsula College of Medicine and Dentistry,I85788879,no
"Mental Health Research Group, Peninsula Medical School, Plymouth, UK",1,Peninsula College of Medicine and Dentistry,I85788879,no
"Michael Sheppard is Senior Lecturer in Social Work, in the Department of Applied Social Science at Polytechnic South West (Plymouth)",1,,,no
"Micropalaeontology Research Group, Department of Environmental Sciences, Plymouth Polytechnic, Plymouth, Devon PL4 8AA, U.K",1,Plymouth Marine Laboratory,I2802566253,no
Mike Sheaff works as a part-time lecturer in labour economics at Plymouth Polytechnic and for the WEA as a trade union studies tutor,1,,,no
Mike Sheaff works as a part‐time lecturer in labour economics at Plymouth Polytechnic and for the WEA as a trade union studies tutor,1,,,no
"Molecular Medicine Department, Peninsula Medical School, Plymouth, United Kingdom",1,Peninsula College of Medicine and Dentistry,I85788879,no
"Molecular Medicine Research Group, Institute of Biomedical Sciences, Peninsula Medical School, Plymouth, PL6 8BU, UK",1,Peninsula College of Medicine and Dentistry | Institute of Biomedical Science,I85788879 I4210160384,no
"Molecular Medicine Research Group, Institute of Biomedical Sciences, Peninsula Medical School, Room N32, ITTC Building, Plymouth Campus, Tamar Science Park, Plymouth PL6 8BX, United Kingdom",1,Peninsula College of Medicine and Dentistry | Institute of Biomedical Science,I85788879 I4210160384,no
"Molecular Medicine Research Group, Institute of Biomedical and Clinical Science, Peninsula Medical School, Tamar Science Park, PL6 8BU Plymouth, UK",1,Peninsula College of Medicine and Dentistry,I85788879,no
"Molecular Medicine Research Group, Institute of Biomedical and Clinical Science, Peninsula Medical School, Tamar Science Park, PL6 8BU Plymouth, UK. byang@pms.ac.uk",1,Peninsula College of Medicine and Dentistry,I85788879,no
"Molecular Medicine Research Group, Peninsula Medical School, ITTC Building, Tamar Science Park, Plymouth PL6 8BX, UK. andy.demaine@pms.ac.uk",1,Peninsula College of Medicine and Dentistry,I85788879,no
"Molecular Medicine Research Group, Peninsula Medical School, Institute of Biomedical Sciences, Peninsula Medical School Headquarters, Derriford, Plymouth PL6 8BU, United Kingdom. Toby.page@pms.ac.uk",1,Peninsula College of Medicine and Dentistry,I85788879,no
"Molecular Medicine Research Group, Peninsula Medical School, Room N32, ITTC Building, Tamar Science Park, 1 Davy Road, Plymouth PL6 8BX, UK",1,Peninsula College of Medicine and Dentistry,I85788879,no
"Molecular Medicine Research Group, Peninsula Medical School, Universities of Exeter and Plymouth, Plymouth, United Kingdom",1,Peninsula College of Medicine and Dentistry,I85788879,no
"Molecular Medicine, Plymouth Postgraduate Medical School, Plymouth, UK (A.D.)",1,Plymouth Hospital,I4210163658,no
"NCSL Research Associate Headteacher , Hooe Primary School , Plymouth",1,,,no
"NERC Image Analysis Unit, Plymouth Polytechnic, Plymouth PL4 8AA, U.K",1,Plymouth Marine Laboratory,I2802566253,no
"NERC Image Analysis Unit, Plymouth Polytechnic, Plymouth, PL4 8AA, U.K",1,Plymouth Marine Laboratory,I2802566253,no
"NHS, Cornwall and Isle of Scilly; nurse practitioner, Carnewater Practice; associate lecturer, general practice nursing, Plymouth University",1,,,no
"NIHR Academic Clinical Fellow in General Dental Practice and Honorary Lecturer, Plymouth University Peninsula Schools of Medicine & Dentistry, Plymouth, UK",1,,,no
"NIHR Academic Clinical Lecturer in Hepatology, Institute of Translational and Stratified Medicine, Plymouth University Peninsula Schools of Medicine and Dentistry, PL6 8BU Plymouth, United Kingdom",1,,,no
"NIHR CLAHRC South West Peninsula (PenCLAHRC) Plymouth University Peninsula Schools of Medicine and Dentistry  N10, ITTC Building, Plymouth Science Park Plymouth PL6 8BX UK",1,Peninsula College of Medicine and Dentistry,I85788879,no
"NIHR CLAHRC South West Peninsula (PenCLAHRC), Peninsula Schools of Medicine and Dentistry, Plymouth University, Plymouth, United Kingdom",1,,,no
"NIHR CLAHRC South West Peninsula (PenCLAHRC), Plymouth University Peninsula Schools of Medicine and Dentistry, ITTC Building, Plymouth Science Park, Plymouth, PL6 8BX, United Kingdom",1,Peninsula College of Medicine and Dentistry,I85788879,no
"NIHR CLAHRC South West Peninsula (PenCLAHRC), Plymouth University Peninsula Schools of Medicine and Dentistry, ITTC Building, Tamar Science Park, Plymouth, PL6 8BX, UK",1,Peninsula College of Medicine and Dentistry,I85788879,no
"NIHR CLAHRC South West Peninsula (PenCLAHRC), Plymouth University Peninsula Schools of Medicine and Dentistry, N10, ITTC Building, Plymouth Science Park, Plymouth, PL6 8BX UK",1,Peninsula College of Medicine and Dentistry,I85788879,no
"NIHR CLAHRC South West Peninsula (PenCLAHRC), Plymouth University Peninsula Schools of Medicine and Dentistry, N32, ITTC Building, Tamar Science Park, Plymouth PL6 8BX, UK",1,Peninsula College of Medicine and Dentistry,I85788879,no
"NIHR CLAHRC South West Peninsula (PenCLAHRC), Plymouth University Peninsula Schools of Medicine and Dentistry, N32, ITTC Building, Tamar Science Park, Plymouth, PL6 8BX, UK. kerryn.husk@plymouth.ac.uk",1,Peninsula College of Medicine and Dentistry,I85788879,no
"NIHR CLAHRC South West Peninsula (PenCLAHRC), Plymouth University Peninsula Schools of Medicine and Dentistry, Plymouth University, Plymouth, England",1,,,no
"NIHR CLAHRC South West Peninsula (PenCLAHRC), Plymouth University Peninsula Schools of Medicine and Dentistry, Room N10, ITTC Building, Plymouth Science Park, Derriford, Plymouth, Devon PL6 8BX UK",1,Peninsula College of Medicine and Dentistry,I85788879,no
"NIHR CLAHRC South West Peninsula (PenCLAHRC), Plymouth University Peninsula Schools of Medicine and Dentistry, Room N10, ITTC Building, Plymouth Science Park, Derriford, Plymouth, Devon, PL6 8BX, UK",1,Peninsula College of Medicine and Dentistry,I85788879,no
"NIHR CLAHRC South West Peninsula (PenCLAHRC), Plymouth University Peninsula Schools of Medicine and Dentistry, Room N10, ITTC Building, Plymouth Science Park, Plymouth, PL6 8BX, UK",1,Peninsula College of Medicine and Dentistry,I85788879,no
"Nandini Chatterjee is Lecturer in History at Plymouth University, UK, where she has taught since 2009. She is the author of The Making of Indian Secularism: Empire, Law and Christianity, 1830–1960 (Palgrave, 2011), and has written on Christian family law and civil marriage law in India in Modern Asian Studies and Comparative Studies in Society and History, respectively. She is currently investigating imperial law as an arena of cultural translation, especially with regard to Islamic law in colonial and precolonial India",1,,,no
"Nanyang Technological University , Plymouth University and the Centre for the Study into Human Learning , based at Brunel University",1,Brunel University of London | Nanyang Technological University,I59433898 I172675005,no
"Nanyang Technological University, Plymouth University and the Centre for the Study into Human Learning, based at Brunel University",1,Brunel University of London | Nanyang Technological University,I59433898 I172675005,no
"National Institute for Health Research (NIHR) Collaboration for Leadership in Applied Health Research and Care South West Peninsula, Plymouth University Peninsula Schools of Medicine and Dentistry, ITTC building, Tamar Science Park, Drake Circus, Plymouth, Devon, PL4 8AA, UK",1,National Institute for Health and Care Research | NIHR Applied Research Collaboration Greater Manchester,I34931013 I4392738067,no
"National Institute for Health Research Collaboration for Leadership in Applied Health Research and Care (NIHR CLAHRC) South West Peninsula (PenCLAHRC), Centre for Clinical Trials and Population Studies, Plymouth University, United Kingdom",1,National Institute for Health and Care Research,I34931013,no
"National Institute for Health Research Collaboration for Leadership in Applied Health Research and Care South West Peninsula (PenCLAHRC), Centre for Clinical Trials and Population Studies, Plymouth University, Plymouth, United Kingdom",1,National Institute for Health and Care Research,I34931013,no
"National Institute for Health Research Collaboration for Leadership in Applied Health Research and Care South West Peninsula, Plymouth University Peninsula Schools of Medicine and Dentistry, Plymouth, England",1,National Institute for Health and Care Research,I34931013,no
"National Institute for Health Research, Research Design Service South West, Peninsula Medical School, Plymouth University, Devon, United Kingdom",1,Peninsula College of Medicine and Dentistry,I85788879,no
"National Institute for Health ResearchApplied Research Collaboration South West Peninsula (PenARC)Faculty of Health, MedicineDentistry and Human SciencesUniversity of Plymouth Plymouth UK",1,Peninsula College of Medicine and Dentistry,I85788879,no
"Natl Univ Ireland Univ Coll Cork, Dept Zool, Cork, Ireland and Univ Plymouth, Dept Biol Sci, Plymouth, Devon, England",1,University College Cork,I27577105,no
"Neil Roberts is Professor of Physical Geography, Plymouth University. He is the author of The Holocene: An Environmental History (Malden, Mass., 2014; orig. pub. 1989)",1,,,no
"Network Research Group, Department of Communication Engineering, Polytechnic South West, Plymouth, U.K",1,,,no
"Network Research Group, Department of Communication Engineering, Polytechnic South West, Plymouth, U.K.#TAB#",1,,,no
"Neurology Research Group, Peninsula Medical School, Plymouth, UK",1,Peninsula College of Medicine and Dentistry,I85788879,no
"Nurse Teacher, Plymouth Hospitals NHS Trust and Plymouth University",1,University Hospitals Plymouth NHS Trust,I4210166818,no
"Nurse at Trailfinders travel clinic (bank), Staff Nurse at RCHT (bank)and Clinical demonstrator at Plymouth University",1,,,no
"Nurse at Trailfinders travel clinic, Clinical Demonstrator at Plymouth University and Staff Nurse at Royal Cornwall Hospital Trust",1,Royal Cornwall Hospital Trust,I2799477489,no
"Observational and Pragmatic Research Institute Pte Ltd, Singapore; Faculty of Health and Human Sciences, Plymouth University, Peninsula Allied Health Centre, Derriford Road, Plymouth",1,Observational & Pragmatic Research Institute,I4210118135,no
"Ophthalmic Research Group, School of Life and Health Sciences, Aston University, Birmingham, United Kingdom; the 2School of Health Professions, Plymouth University, Plymouth, United Kingdom; and the",1,Aston University,I169199633,no
"Optometry Research Group, IOBA Eye Institute, School of Optometry, University of Valladolid; Departamento de Física Teórica, Atómica y Óptica, Universidad de Valladolid, Valladolid, Spain; School of Health Professions, Plymouth University, Derriford Road, Plymouth, UK",1,Universidad de Valladolid,I108103353,no
"Optometry Research Group, IOBA-Eye Institute, University of Valladolid, Valladolid, Spain; Faculty of Health and Human Sciences, Plymouth University, Plymouth, UK",1,Universidad de Valladolid,I108103353,no
"Oral Health Services Research and Education and Research, Plymouth University Peninsula Schools of Medicine & Dentistry, Plymouth, UK",1,Peninsula College of Medicine and Dentistry,I85788879,no
"Oral Health Services Research, Peninsula Dental School, Plymouth University, UK",1,,,no
"Oral Health Services Research, Peninsula Dental School, Plymouth, Devon, UK",1,Peninsula College of Medicine and Dentistry,I85788879,no
"Oral Health Services Research, Peninsula Dental School, Research Way, Plymouth",1,Peninsula College of Medicine and Dentistry,I85788879,no
"Oral Health Services Research, Peninsula Dental School, Research Way, Plymouth. david.moles@pds.ac.uk",1,Peninsula College of Medicine and Dentistry,I85788879,no
"Oral health services researcher, Peninsula Dental School, Plymouth, United Kingdom",1,Peninsula College of Medicine and Dentistry,I85788879,no
"P. Bennett obtained a BA in Psychology and a M.Sc. in Clinical Psychology from the University of Plymouth, and a Ph.D. in Psychology from Birmingham University. He has worked as a clinical psychologist and research officer and is now a lecturer in health psychology at the University of Wales College of Cardiff. His research interests include issues in health promotion and coping with chronic disease",1,,,no
"P. Newell, MSc, Centre for Health & Environmental Statistics, Plymouth University",1,Plymouth State University,I89312276,no
"PAUL LAMBE, PhD, is a selection and admissions psychometrican at Plymouth University Peninsula Schools of Medicne and Dentistry",1,,,no
"PICU and Children's Nursing Research Unit, Alder Hey Children's NHS, Liverpool, United Kingdom; and School of Health, University of Central Lancashire, Preston, United Kingdom Faculty of Health and Human Sciences, School of Nursing and Midwifery, Plymouth University, Plymouth, United Kingdom; and Faculty of Health Science, School of Nursing and Midwifery, Curtin University, Perth, WA, Australia",1,Curtin University,I205640436,no
"PU PSMD, Plymouth University",1,,,no
"Partner at Torrington Dental Practice, Torrington, Devon, Honorary Lecturer, Plymouth University Peninsula Schools of Medicine and Dentistry",1,,,no
"Paul Grosch lectures in Philosophy at the College of St Mark and St John, Plymouth",1,Plymouth Marjon University,I4210132580,no
"PenCLAHRC, National Institute for Health Research, Plymouth University Peninsula Schools of Medicine and Dentistry, Devon, United Kingdom",1,National Institute for Health and Care Research,I34931013,no
"PenCLAHRC, National Institute for Health Research, Plymouth University Peninsula Schools of Medicine and Dentistry, N6 ITTC Building, Tamar Science Park, Derriford, Plymouth PL6 8BX, UK",1,National Institute for Health and Care Research,I34931013,no
"PenCLAHRC, National Institute for Health Research, Plymouth University Peninsula Schools of Medicine and Dentistry, N6 ITTC Building, Tamar Science Park, Derriford, Plymouth PL6 8BX, UK. alice.bateman@pcmd.ac.uk",1,Peninsula College of Medicine and Dentistry,I85788879,no
"PenCLAHRC, National Institute for Health Research, Plymouth University Peninsula Schools of Medicine and Dentistry, N6 ITTC Building, Tamar Science Park, Derriford, Plymouth, PL6 8BX, UK",1,National Institute for Health and Care Research,I34931013,no
"PenCLAHRC, National Institute for Health Research, Plymouth University Peninsula Schools of Medicine and Dentistry, Plymouth, UK",1,National Institute for Health and Care Research,I34931013,no
"PenCLAHRC, National Institute for Health Research, Plymouth University Schools of Medicine and Dentistry, Plymouth, UK",1,National Institute for Health and Care Research,I34931013,no
"PenCLAHRC, Plymouth University Peninsula Schools of Medicine and Dentistry, Plymouth, UK",1,Peninsula College of Medicine and Dentistry,I85788879,no
"PenTAG, Peninsula Medical School, Universities of Plymouth and Exeter, Exeter, United Kingdom (KA)",1,Peninsula College of Medicine and Dentistry,I85788879,no
"PenTAG, Peninsula Medical School, Universities of Plymouth and Exeter, Noy Scott House, Barrack Road, Exeter EX2 5DW United Kingdom",1,Peninsula College of Medicine and Dentistry,I85788879,no
"Peninsula Allied Health Centre, College of St Mark and St John, Derriford Road, Plymouth, Devon PL6 8BH, UK E-mail: Charlie.jones@postgrad.plymouth.ac.uk",1,Peninsula College of Medicine and Dentistry | Derriford Hospital,I85788879 I2802723752,no
"Peninsula CLAHRC, National Institute for Health Research, Peninsula Medical School, Plymouth University, Plymouth, PL4 8AA, UK ; The Wesley Research Institute, Brisbane, QLD 4066, Australia",1,Peninsula College of Medicine and Dentistry,I85788879,no
"Peninsula CLAHRC, National Institute for Health Research, Plymouth University Peninsula Schools of Medicine and Dentistry, Plymouth , UK",1,National Institute for Health and Care Research,I34931013,no
"Peninsula CLAHRC, National Institute for Health Research, Plymouth University Peninsula Schools of Medicine and Dentistry, Plymouth , UK, alice.bateman@pcmd.ac.uk",1,Peninsula College of Medicine and Dentistry,I85788879,no
"Peninsula CTU, Plymouth University Peninsula Schools of Medicine and Dentistry, Plymouth, UK",1,Peninsula College of Medicine and Dentistry,I85788879,no
"Peninsula Clinical Trials Unit (PenCTU), Plymouth University Peninsula Schools of Medicine and Dentistry, Room N16, Plymouth Science Park, Plymouth, PL6 8BX, UK",1,Peninsula College of Medicine and Dentistry,I85788879,no
"Peninsula Clinical Trials Unit (PenCTU), Plymouth, United Kingdom",1,Peninsula College of Medicine and Dentistry,I85788879,no
"Peninsula Clinical Trials Unit , Plymouth University , UK",1,Peninsula College of Medicine and Dentistry,I85788879,no
Peninsula Clinical Trials Unit Plymouth University Peninsula Schools of Medicine and Dentistry Plymouth UK,1,Peninsula College of Medicine and Dentistry,I85788879,no
"Peninsula Clinical Trials Unit and Medical Statistics, Plymouth University Peninsula Schools of Medicine & Dentistry, Plymouth, UK",1,Peninsula College of Medicine and Dentistry,I85788879,no
"Peninsula Clinical Trials Unit and Medical Statistics, Plymouth University Peninsula Schools of Medicine and Dentistry, Plymouth, UK",1,Peninsula College of Medicine and Dentistry,I85788879,no
"Peninsula Clinical Trials Unit at Plymouth University (PenCTU) , Peninsula Schools of Medicine and Dentistry , Room N16 , Plymouth Science Park , Plymouth , PL6 8BX",1,Peninsula College of Medicine and Dentistry,I85788879,no
"Peninsula Clinical Trials Unit, Plymouth University",1,,,no
"Peninsula Clinical Trials Unit, Plymouth University Peninsula Schools of Medicine and Dentistry, Plymouth PL6 8BU, UK",1,Peninsula College of Medicine and Dentistry,I85788879,no
"Peninsula Clinical Trials Unit, Plymouth University Peninsula Schools of Medicine and Dentistry, Plymouth, UK. Electronic address: john.zajicek@nhs.net",1,Peninsula College of Medicine and Dentistry,I85788879,no
"Peninsula Clinical Trials Unit, Plymouth University, Plymouth",1,,,no
"Peninsula College for Medicine and Dentistry, Department of Clinical Neurobiology, Institute of Biomedical and Clinical Science, Peninsula Medical School, Plymouth, UK",1,Peninsula College of Medicine and Dentistry,I85788879,no
"Peninsula College of Medicine & Dentistry, Universities of Plymouth & Exeter, Plymouth, UK. usama.warshow@pms.ac.uk",1,Peninsula College of Medicine and Dentistry,I85788879,no
Peninsula Dental School Plymouth University (PUPSMD)  Plymouth UK,1,Peninsula College of Medicine and Dentistry,I85788879,no
Peninsula Dental School Plymouth University Peninsula Schools of Medicine and Dentistry Plymouth UK,1,Peninsula College of Medicine and Dentistry,I85788879,no
"Peninsula Dental School and Dental Public Health, Plymouth University Peninsula Schools of Medicine & Dentistry, Plymouth, UK",1,Peninsula College of Medicine and Dentistry,I85788879,no
"Peninsula Dental School, Associate Professor in Dental Education and Research, Associate Head of School (Teaching and Learning), Plymouth, UK",1,Peninsula College of Medicine and Dentistry,I85788879,no
"Peninsula Dental School, Dental student, Plymouth, UK",1,Peninsula College of Medicine and Dentistry,I85788879,no
"Peninsula Dental School, Oral Health Services Research, Plymouth, UK",1,Peninsula College of Medicine and Dentistry,I85788879,no
"Peninsula Dental School, Plymouth Science Park, Research Way, PL6 bBT, Plymouth, UK",1,Peninsula College of Medicine and Dentistry,I85788879,no
"Peninsula Dental School, Plymouth University Peninsula Schools of Medicine & Dentistry, 16 Research Way, Plymouth PL6 8BU, UK",1,Peninsula College of Medicine and Dentistry,I85788879,no
"Peninsula Dental School, Plymouth University Peninsula Schools of Medicine & Dentistry, 16 Research Way, Plymouth, PL6 8BU, UK",1,Peninsula College of Medicine and Dentistry,I85788879,no
"Peninsula Dental School, Plymouth University Peninsula Schools of Medicine and Dentistry , 16 Research Way, Plymouth, UK",1,Peninsula College of Medicine and Dentistry,I85788879,no
"Peninsula Dental School, Plymouth University Peninsula Schools of Medicine and Dentistry, The John Bull Building, Tamar Science Park, Research Way, Plymouth, PL6 8BU, United Kingdom",1,Peninsula College of Medicine and Dentistry,I85788879,no
"Peninsula Dental School, Plymouth University Peninsula Schools of Medicine and Dentistry, The John Bull Building, Tamar Science Park,, Plymouth, UK, PL6 8BU",1,Peninsula College of Medicine and Dentistry,I85788879,no
"Peninsula Dental School, Plymouth University Schools of Medicine and Dentistry, Plymouth, UK",1,,,no
"Peninsula Dental School, Plymouth University, Peninsula Schools of Medicine and Dentistry",1,Peninsula College of Medicine and Dentistry,I85788879,no
"Peninsula Dental School, Plymouth University, Peninsula Schools of Medicine and Dentistry,",1,Peninsula College of Medicine and Dentistry,I85788879,no
"Peninsula Dental School, Plymouth University, Plymouth, Devon, UK",1,,,no
"Peninsula Dental School, Plymouth University, Plymouth, Devon, United Kingdom",1,,,no
"Peninsula Dental School, Plymouth University, Plymouth, England, UK",1,,,no
"Peninsula Dental School, Plymouth University, Plymouth, United Kingdom. bdj.news@springernature.com",1,Peninsula College of Medicine and Dentistry,I85788879,no
"Peninsula Dental School, Plymouth University, UK",1,,,no
"Peninsula Dental School, Plymouth, England, UK",1,Peninsula College of Medicine and Dentistry,I85788879,no
"Peninsula Dental School, Plymouth, UK. ewen.mccoll@plymouth.ac.uk",1,Peninsula College of Medicine and Dentistry,I85788879,no
"Peninsula Dental School, Plymouth, UK. robert.witton@plymouth.ac.uk",1,Peninsula College of Medicine and Dentistry,I85788879,no
"Peninsula Dental School, Plymouth, UK. zoe.brookes@plymouth.ac.uk",1,Peninsula College of Medicine and Dentistry,I85788879,no
"Peninsula Dental School, Plymouth, United Kingdom. quigleyj2000@gmail.com",1,Peninsula College of Medicine and Dentistry,I85788879,no
"Peninsula Dental School, Plymouth, United Kingdom. zoe.brookes@plymouth.ac.uk",1,Peninsula College of Medicine and Dentistry,I85788879,no
"Peninsula Dental School, Research Way, Plymouth PL6 8BT, United Kingdom",1,Peninsula College of Medicine and Dentistry,I85788879,no
"Peninsula Dental School, Universities of Exeter and Plymouth, John Bull Building, Tamar Science Park, Plymouth, PL6 8BU, United Kingdom",1,Peninsula College of Medicine and Dentistry,I85788879,no
"Peninsula Dental School; Cochrane Agenda and Priority Setting Methods Group, Plymouth University, Plymouth, United Kingdom",1,Peninsula College of Medicine and Dentistry,I85788879,no
"Peninsula Dental SchoolPlymouth University, UK",1,,,no
"Peninsula HPB Unit, Derriford Hospital, Plymouth PL6 8DH, UK; Peninsula Schools of Medicine and Dentistry, Plymouth University, Plymouth PL6 8BU, UK",1,Peninsula College of Medicine and Dentistry | Derriford Hospital,I85788879 I2802723752,no
"Peninsula HPB Unit, Derriford Hospital, Plymouth, PL6 8DH, UK; Peninsula Schools of Medicine and Dentistry, Plymouth University, PL6 8BU, UK",1,Peninsula College of Medicine and Dentistry | Derriford Hospital,I85788879 I2802723752,no
"Peninsula HPB Unit, Derriford Hospital, Plymouth, PL6 8DH, UK; Peninsula Schools of Medicine and Dentistry, Plymouth University, PL6 8BU, UK. Electronic address: B.amr@nhs.net",1,Peninsula College of Medicine and Dentistry | Derriford Hospital,I85788879 I2802723752,no
Peninsula Medical School  Plymouth UK,1,Peninsula College of Medicine and Dentistry,I85788879,no
Peninsula Medical School & Plymouth Teaching PCT and,1,Peninsula College of Medicine and Dentistry,I85788879,no
"Peninsula Medical School (N.B.), Plymouth",1,Peninsula College of Medicine and Dentistry,I85788879,no
"Peninsula Medical School (Plymouth Campus), Plymouth, UK",1,Peninsula College of Medicine and Dentistry,I85788879,no
"Peninsula Medical School (Primary Care), Tamar Science Park, Plymouth, United Kingdom",1,Peninsula College of Medicine and Dentistry,I85788879,no
"Peninsula Medical School , Plymouth ,",1,Peninsula College of Medicine and Dentistry,I85788879,no
Peninsula Medical School Plymouth UK,1,Peninsula College of Medicine and Dentistry,I85788879,no
Peninsula Medical School Plymouth United Kingdom,1,Peninsula College of Medicine and Dentistry,I85788879,no
Peninsula Medical School Plymouth University  Devon UK,1,Peninsula College of Medicine and Dentistry,I85788879,no
Peninsula Medical School Plymouth University Peninsula Schools of Medicine and Dentistry UK,1,Peninsula College of Medicine and Dentistry,I85788879,no
Peninsula Medical School Plymouth University Plymouth Devon UK,1,,,no
"Peninsula Medical School Plymouth, Devon Email: [email protected]",1,Peninsula College of Medicine and Dentistry,I85788879,no
Peninsula Medical School Universities of Plymouth and Exeter  Plymouth UK,1,Peninsula College of Medicine and Dentistry,I85788879,no
Peninsula Medical School Universities of Plymouth and Exeter Plymouth UK,1,Peninsula College of Medicine and Dentistry,I85788879,no
"Peninsula Medical School, (formerly UoP Department of Biological Sciences) PSQ C301, Plymouth, Devon, PL4 8AA, United Kingdom",1,Peninsula College of Medicine and Dentistry,I85788879,no
"Peninsula Medical School, C306, Portland Square, Drake Circus, Plymouth PL4 8AA, United Kingdom",1,Peninsula College of Medicine and Dentistry,I85788879,no
"Peninsula Medical School, C420 Portland Square, Drake Circus, Plymouth, PL4 8AA, UK",1,Peninsula College of Medicine and Dentistry,I85788879,no
"Peninsula Medical School, Department of General Practice and Primary Care , Plymouth, UK",1,Peninsula College of Medicine and Dentistry,I85788879,no
"Peninsula Medical School, Dept of General Practice and Primary Care, 25 Room N32, ITTC Building, Tamar Science Park, Plymouth, UK, PL6 8BX. adrian.white@pms.ac.uk",1,Peninsula College of Medicine and Dentistry,I85788879,no
"Peninsula Medical School, Faculty of Health, Plymouth University, Devon, UK",1,Peninsula College of Medicine and Dentistry,I85788879,no
"Peninsula Medical School, Faculty of Health, Plymouth University, Plymouth, Devon, UK",1,,,no
"Peninsula Medical School, Faculty of Health, The John Bull Building, Research Way Plymouth Science Park, Plymouth PL6 8BU, United Kingdom",1,Peninsula College of Medicine and Dentistry,I85788879,no
"Peninsula Medical School, Faculty of Health: Medicine, Dentistry and Human Sciences, Plymouth University , Plymouth , United Kingdom",1,,,no
"Peninsula Medical School, ITTC Building, Tamar Science Park, Davy Road, Plymouth PL6 8BX, UK. charlotte.rees@pms.ac.uk",1,Peninsula College of Medicine and Dentistry,I85788879,no
"Peninsula Medical School, Institute of Biomedical and Clinical Science, Tamar Science Park, John Bull Building, Plymouth, Devon, PL6 8BU, UK",1,Peninsula College of Medicine and Dentistry,I85788879,no
"Peninsula Medical School, Institute of Biomedical and Clinical Science, Tamar Science Park, John Bull Building, Plymouth, Devon, PL6 8BU, UK. noel.morgan@pms.ac.uk",1,Peninsula College of Medicine and Dentistry,I85788879,no
"Peninsula Medical School, Institute of Biomedical and Clinical Sciences, John Bull Building, Plymouth, Devon PL6 8BU, UK",1,Peninsula College of Medicine and Dentistry,I85788879,no
"Peninsula Medical School, Institute of Clinical Education, PL4 8AA, Plymouth, UK",1,Peninsula College of Medicine and Dentistry,I85788879,no
"Peninsula Medical School, Institute of Clinical Education, PL6 8BU, Plymouth, UK",1,Peninsula College of Medicine and Dentistry,I85788879,no
"Peninsula Medical School, John Bull Building, Research Way, Plymouth PL6 8BU, UK. mark.edmond@students.pms.ac.uk",1,Peninsula College of Medicine and Dentistry,I85788879,no
"Peninsula Medical School, Peninsula Colleges of Medicine and Dentistry, Drake Circus, Plymouth, UK. tracey.collett@pms.ac.uk",1,Peninsula College of Medicine and Dentistry,I85788879,no
"Peninsula Medical School, Peninsula Technology Assessment Group (PenTAG), Universities of Plymouth and Exeter, Exeter, UK. martin.hoyle@pms.ac.uk",1,Peninsula College of Medicine and Dentistry,I85788879,no
"Peninsula Medical School, Plymouth Devon",1,Peninsula College of Medicine and Dentistry,I85788879,no
"Peninsula Medical School, Plymouth University Peninsula Schools of Medicine and Dentistry , Research Way, Plymouth, UK",1,Peninsula College of Medicine and Dentistry,I85788879,no
"Peninsula Medical School, Plymouth University Peninsula Schools of Medicine and Dentistry, UK",1,Peninsula College of Medicine and Dentistry,I85788879,no
"Peninsula Medical School, Plymouth University, Devon, UK",1,,,no
"Peninsula Medical School, Plymouth University, N21 ITTC Building, Tamar Science Park, Plymouth PL6 8BX, 01752 764448, United Kingdom",1,,,no
"Peninsula Medical School, Plymouth University, Plymouth",1,,,no
"Peninsula Medical School, Plymouth University, Plymouth PL6 8BU, UK",1,,,no
"Peninsula Medical School, Plymouth University, Plymouth, Devon, UK",1,,,no
"Peninsula Medical School, Plymouth University, UK",1,Peninsula College of Medicine and Dentistry,I85788879,no
"Peninsula Medical School, Plymouth,",1,Peninsula College of Medicine and Dentistry,I85788879,no
"Peninsula Medical School, Plymouth, PL6 8BU, United Kingdom",1,Peninsula College of Medicine and Dentistry,I85788879,no
"Peninsula Medical School, Plymouth, U.K",1,Peninsula College of Medicine and Dentistry,I85788879,no
"Peninsula Medical School, Plymouth, UK. lucy.leeman@doctors.org.uk",1,Peninsula College of Medicine and Dentistry,I85788879,no
"Peninsula Medical School, Plymouth, UKE-mail: robert.sneyd@pms.ac.uk",1,Peninsula College of Medicine and Dentistry,I85788879,no
"Peninsula Medical School, Portland Square, Plymouth University, Plymouth, United Kingdom",1,,,no
"Peninsula Medical School, Primary Care, Plymouth",1,Peninsula College of Medicine and Dentistry,I85788879,no
"Peninsula Medical School, Respiratory Research Unit, Plymouth",1,Peninsula College of Medicine and Dentistry,I85788879,no
"Peninsula Medical School, Respiratory Research Unit, Plymouth, UK",1,Peninsula College of Medicine and Dentistry,I85788879,no
"Peninsula Medical School, Room C517, Portland Square, Drake Circus, Plymouth, Devon, PL4 8AA, UK",1,Peninsula College of Medicine and Dentistry,I85788879,no
"Peninsula Medical School, Room N6, Tamar Science Park Phase 1, 1 Davey Road, Plymouth, PL6 8BX, UK. jonathan.pinkney@plymouth.ac.uk",1,Peninsula College of Medicine and Dentistry,I85788879,no
"Peninsula Medical School, The Faculty of Medicine and Dentistry, The John Bull Building, Plymouth Science Park, Research Way, Plymouth, PL6 8BU, UK",1,Peninsula College of Medicine and Dentistry,I85788879,no
"Peninsula Medical School, The John Bull Building, Plymouth, UK",1,Peninsula College of Medicine and Dentistry,I85788879,no
"Peninsula Medical School, The John Bull Building, Research Way, Plymouth, PL6 8BU, UK",1,Peninsula College of Medicine and Dentistry,I85788879,no
"Peninsula Medical School, The John Bull Building, Tamar Science Park, Plymouth, UK",1,Peninsula College of Medicine and Dentistry,I85788879,no
"Peninsula Medical School, Universities of Exeter and Plymouth, Portland Square, Drake Circus, PL4 8AA, Plymouth, England",1,Peninsula College of Medicine and Dentistry,I85788879,no
"Peninsula Medical School, Universities of Plymouth and Exeter",1,Peninsula College of Medicine and Dentistry,I85788879,no
"Peninsula Medical School, Universities of Plymouth and Exeter, UK. Paul.bradley@pms.ac.uk",1,Peninsula College of Medicine and Dentistry,I85788879,no
"Peninsula Medical School, Universities of Plymouth and Exeter, UK. nicky.hudson@pms.ac.uk",1,Peninsula College of Medicine and Dentistry,I85788879,no
"Peninsula Medical School,Plymouth,United Kingdom",1,Peninsula College of Medicine and Dentistry,I85788879,no
Peninsula Medical School: Plymouth University Peninsula School of Medicine,1,Peninsula College of Medicine and Dentistry,I85788879,no
"Peninsula Postgraduate Health Institute, Peninsula Medical School, Plymouth, UK. Stephan.Strobel@pms.ac.uk",1,Peninsula College of Medicine and Dentistry,I85788879,no
"Peninsula Research & Development Support Unit, Peninsula Medical School, Plymouth, Devon, UK",1,Peninsula College of Medicine and Dentistry,I85788879,no
"Peninsula School of Dentistry, Peninsula Schools of Medicine and Dentistry Plymouth University  Plymouth UK",1,Peninsula College of Medicine and Dentistry,I85788879,no
"Peninsula School of Dentistry, Peninsula Schools of Medicine and Dentistry, Plymouth University, Plymouth, UK",1,Peninsula College of Medicine and Dentistry,I85788879,no
"Peninsula School of Dentistry, Plymouth, and Specialist in Prosthodontics",1,Peninsula College of Medicine and Dentistry,I85788879,no
"Peninsula School of Medicine & Dentistry, Plymouth, UK",1,Peninsula College of Medicine and Dentistry,I85788879,no
"Peninsula School of Medicine and Dentistry, John Bull Building, Plymouth PL6 8BU, UK",1,Peninsula College of Medicine and Dentistry,I85788879,no
"Peninsula School of Medicine and Dentistry, Plymouth University, Plymouth, Devon, United Kingdom",1,,,no
"Peninsula School of Medicine and Dentistry, Plymouth, Devon PL6 8BU, UK",1,Peninsula College of Medicine and Dentistry,I85788879,no
"Peninsula School of Medicine, Faculty of Health, Plymouth University, United Kingdom",1,,,no
"Peninsula School of Medicine, Plymouth University, Plymouth, England",1,,,no
"Peninsula School of Medicine, Plymouth, UK;",1,Peninsula College of Medicine and Dentistry,I85788879,no
"Peninsula School of Medicine, Plymouth, United Kingdom",1,Peninsula College of Medicine and Dentistry,I85788879,no
"Peninsula Schools of Medicine & Dentistry, Plymouth University, Plymouth, UK",1,,,no
Peninsula Schools of Medicine &amp; Dentistry Plymouth University Plymouth UK,1,Peninsula College of Medicine and Dentistry,I85788879,no
"Peninsula Schools of Medicine and Dentistry , Plymouth, United Kingdom",1,Peninsula College of Medicine and Dentistry,I85788879,no
"Peninsula Schools of Medicine and Dentistry, Peninsula Clinical Trials Unit at Plymouth University (PenCTU), Room N16, Plymouth Science Park, Plymouth, PL6 8BX UK",1,Peninsula College of Medicine and Dentistry,I85788879,no
"Peninsula Schools of Medicine and Dentistry, Peninsula Clinical Trials Unit at Plymouth University (PenCTU), Room N16, Plymouth Science Park, Plymouth, PL6 8BX, UK",1,,,no
"Peninsula Schools of Medicine and Dentistry, Plymouth University, PL6 8BU, UK",1,,,no
"Peninsula Schools of Medicine and Dentistry, Plymouth University, Plymouth",1,Peninsula College of Medicine and Dentistry,I85788879,no
"Peninsula Schools of Medicine and Dentistry, Plymouth University, Plymouth PL6 8BU, United Kingdom",1,,,no
"Peninsula Schools of Medicine and Dentistry, Plymouth University, Plymouth, Devon, United Kingdom",1,Peninsula College of Medicine and Dentistry,I85788879,no
"Peninsula Schools of Medicine and Dentistry, Plymouth University, Plymouth, Great Britain",1,Peninsula College of Medicine and Dentistry,I85788879,no
"Peninsula Schools of Medicine and Dentistry, Plymouth University, Plymouth, UK,",1,,,no
"Peninsula Schools of Medicine and Dentistry, Plymouth University, Plymouth, UK;",1,,,no
"Peninsula Schools of Medicine and Dentistry, Plymouth University, UK",1,,,no
"Peninsula Schools of Medicine and Dentistry, Plymouth University, United Kingdom",1,,,no
"Peninsula Schools of Medicine and Dentistry, Plymouth University, United Kingdom (K.O'B.)",1,Peninsula College of Medicine and Dentistry,I85788879,no
"Peninsula Schools of Medicine and Dentistry, Rooms 14 & 15, ITTC Building Research Way, Plymouth, PL6 8BU, UK",1,Peninsula College of Medicine and Dentistry,I85788879,no
"Peninsula Schools of Medicine and Dentistry,Plymouth University, UK and Nick Andrews,",1,Peninsula College of Medicine and Dentistry,I85788879,no
Peninsula Schools of Medicine and Dentistry; Portland Square; Plymouth University; Plymouth UK,1,Peninsula College of Medicine and Dentistry,I85788879,no
"Peninsula Technology Assessment Group (PenTAG), Peninsula College of Medicine and Denistry, (Universities of Plymouth and Exeter), Noy Scott House, Barrack Road, Exeter EX2 5DW, UK. jo.thompson-coon@pms.ac.uk",1,Peninsula College of Medicine and Dentistry,I85788879,no
"Peninsula Technology Assessment Group (PenTAG), Peninsula College of Medicine and Denistry, (Universities of Plymouth and Exeter), Noy Scott House, Barrack Road, Exeter, EX2 5DW, UK",1,Peninsula College of Medicine and Dentistry,I85788879,no
"Peninsula Technology Assessment Group, Peninsula Medical School, Universities of Plymouth and Exeter, Noy Scott House, Barrack Road, Exeter EX2 5DW, UK. jo.thompson-coon@pms.ac.uk",1,Peninsula College of Medicine and Dentistry,I85788879,no
"Peninsula schools of Medicine and Dentistry, Plymouth University, Plymouth, UK",1,,,no
"Peninsular College of Medicine and Dentistry, Plymouth University, UK",1,Peninsula College of Medicine and Dentistry,I85788879,no
"Peninsular Schools of Medicine and Dentistry, Plymouth University, London, UK",1,,,no
"Peninsulla Medical School, Plymouth, UK",1,Peninsula College of Medicine and Dentistry,I85788879,no
"Penninsula Medical School, Plymouth, UK E-mail:",1,,,no
"Peter Kelly est docteur et maître de conférences en éducation comparée à l’Université de Plymouth (Royaume-Uni), où il enseigne depuis 2003. Ses travaux de recherche portent sur la comparaison des pratiques pédagogiques et leurs effets en termes d’inégalité de l’éducation en Europe du Nord. Courriel : peter.kelly@plymouth.ac.uk",1,,,no
"Petroleum and Environmental Geochemistry Group (Centre for Chemical Sciences, School of Earth, Ocean and Environmental Sciences, Drake Circus, Plymouth, Devon, PL4 8AA, UK - United Kingdom)",1,,,no
"Petroleum and Environmental Geochemistry Group, Department of Environmental Sciences, Polytechnic South West, Drake Circus, Plymouth PL1 8AA, England",1,,,no
"Petroleum and Environmental Geochemistry Group, Department of Environmental Sciences, Polytechnic South West, Drake Circus, Plymouth PL4 8AA, Devon, UK",1,Plymouth Marine Laboratory,I2802566253,no
"Petroleum and Environmental Geochemistry Group, Department of Environmental Sciences, Polytechnic South West, Drake Circus, Plymouth PL4 8AA, U.K",1,,,no
"Petroleum and Environmental Geochemistry Group, Department of Environmental Sciences, Polytechnic South West, Drake Circus, Plymouth, Devon PL4 8AA UK",1,Plymouth Marine Laboratory,I2802566253,no
"Petroleum and Environmental Geochemistry Group, Department of Environmental Sciences, Polytechnic South West, Drake Circus, Plymouth, UK",1,,,no
"Petroleum and Environmental Geochemistry Group, Department of Environmental Sciences, Polytechnic South West, Plymouth PL4 8AA, U.K",1,,,no
"Pfymouth University, UK",1,,,no
"Pfymouth University,UK",1,Universities UK,I185658715,no
"Ph.D., Associate Professor of Finance, Plymouth Business School, UK & Mansoura University (Egypt)",1,Mansoura University,I159247623,no
"PhD Student, Royal Holloway Flat 4, 2 The Esplanade, Plymouth, Pl1 2PJ, UK",1,,,no
"Philip Hoare is the Leverhulme artist-in-residence at the Marine Institute at Plymouth University, and a visiting fellow at the University of Southampton, UK. He is the author of Leviathan or, The Whale.,",1,University of Southampton,I43439940,no
"Physician associate trainee, Plymouth University Peninsula Schools of Medicine and Dentistry, Devon",1,Peninsula College of Medicine and Dentistry,I85788879,no
Physitian at Plimouth,1,,,no
"Pier Luigi CAPUCCI : (https://capucci.org) s’est intéressé aux relations entre les arts, les sciences, les technologies relazioni tra arti, et lesmedia studies. Il a participé à de nombreuses conférences internationales et projets européens. Il est consultant de la Communauté européenne sur les relations entre sciences, technologies et sciences humaines, notamment en matière de Big Data et d’Intelligence Artificielle. Il a une importante activité éditoriale avec plus de 350 textes dans des livres, des magazines et des actes de conférence dans différentes langues. Il a enseigné dans diverses institutions et a été directeur d’études du doctorat du Planetary Collegium (Université de Plymouth). Il est professeur à l’Académie des Beaux-Arts de Reggio Calabria. En 2000, il fonde Noema (https://noemalab.eu), dont il est Président, revue en ligne et réseau de projets sur les relations entre arts, sciences, technologies et société. Il est le fondateur et le conservateur du projet de recherche de trois ans art science - Art & Climate Change (https://artscience.online) sur l’art et le changement climatique",1,,,no
"Planetary Collegium Plymouth University Plymouth PL4 8AA, UK",1,,,no
"Planetary Collegium Plymouth University, Drake Circus, Plymouth, Devon PL4 8AA, UK",1,,,no
"Planetary Collegium, Plymouth University, United Kingdom Université du Québec à Montréal – U.Q.A.M., Canada",1,Université du Québec à Montréal,I159129438,no
"Planetary Collegium, Plymouth, UK",1,,,no
"Planetary Collegium-CAiiA, Plymouth, UK",1,,,no
"Plant Biotechnology Unit, Polytechnic South West, Drake's Circus, Plymouth PL4 8AA, UK",1,,,no
Plymoud University,1,,,no
Plymounth Business School University of Plymounth,1,,,no
"Plymouth Analytical Chemistry Research Unit, Department of Environmental Sciences, Polytechnic South West, Drake Circus, Devon, Plymouth PL4 8AA",1,Plymouth Marine Laboratory,I2802566253,no
"Plymouth Analytical Chemistry Research Unit, Department of Environmental Sciences, Polytechnic South West, Drake Circus, Devon, Plymouth PL4 8AA, UK",1,Plymouth Marine Laboratory,I2802566253,no
"Plymouth Analytical Chemistry Research Unit, Department of Environmental Sciences, Polytechnic South West, Drake Circus, PL4 8AA, Plymouth, UK",1,Plymouth Marine Laboratory,I2802566253,no
"Plymouth Analytical Chemistry Research Unit, Department of Environmental Sciences, Polytechnic South West, Drake Circus, Plymouth PL4 8AA Great Britain",1,Plymouth Marine Laboratory,I2802566253,no
"Plymouth Analytical Chemistry Research Unit, Department of Environmental Sciences, Polytechnic South West, Drake Circus, Plymouth PL4 8AA United Kingdom",1,Plymouth Marine Laboratory,I2802566253,no
"Plymouth Analytical Chemistry Research Unit, Department of Environmental Sciences, Polytechnic South West, Drake Circus, Plymouth, Devon PL4 8AA, England",1,Plymouth Marine Laboratory,I2802566253,no
"Plymouth Analytical Chemistry Research Unit, Department of Environmental Sciences, Polytechnic South West, Drake Circus, Plymouth, Devon PL4 8AA, UK",1,Plymouth Marine Laboratory,I2802566253,no
"Plymouth Analytical Chemistry Research Unit, Department of Environmental Sciences, Polytechnic South West, Drake Circus, Plymouth, PL4 8AA, UK",1,Plymouth Marine Laboratory,I2802566253,no
"Plymouth Analytical Chemistry Research Unit, Department of Environmental Sciences, Polytechnic South West, Plymouth, UK",1,Plymouth Marine Laboratory,I2802566253,no
"Plymouth Business School ,",1,,,no
"Plymouth Business School , Plymouth Polytechnic",1,,,no
"Plymouth Business School , Plymouth, Devon, PL4 8AAPolytechnic South West, Drake Circus",1,,,no
"Plymouth Business School , Polytechnic South West , Drake Circus, Plymouth , Devon , PL4 8AA , UK",1,,,no
"Plymouth Business School , Polytechnic South West , Drake Circus, Plymouth , Devon , UK , PL4 8AA",1,,,no
"Plymouth Business School , Polytechnic South West , Plymouth, UK, PL4 8AA, DevonDrake Circus",1,,,no
Plymouth Business School England,1,,,no
"Plymouth Business School, Cookworthy Building, Drake Circus, Plymouth PL4 8AA, Englan",1,,,no
"Plymouth Business School, Devon, UK",1,,,no
"Plymouth Business School, Drake Circus, Plymouth, Devon, UK",1,,,no
"Plymouth Business School, Plymouth Polytechnic , Drake Circus, Plymouth , Devon , PL4 8AA , UK",1,,,no
"Plymouth Business School, Plymouth Polytechnic, Drake Circus , Plymouth , PL4 8AA, UK",1,,,no
"Plymouth Business School, Plymouth, Devon PL4 8AA, England",1,,,no
"Plymouth Business School, Plymouth, Devon, United Kingdom",1,,,no
"Plymouth Business School, Polytechnic South West, Plymouth, England",1,,,no
"Plymouth Business School, Polytechnic South West, Plymouth, U.K",1,Plymouth Marine Laboratory | Plymouth State University,I2802566253 I89312276,no
"Plymouth Business School, UK & Mansoura University, Egypt",1,Mansoura University,I159247623,no
Plymouth College Plymouth UK January 1995,1,Arts University Plymouth,I2801530513,no
"Plymouth College of Art, Tavistock Place, Plymouth, Devon, PL4 8AT, UK",1,Arts University Plymouth,I2801530513,no
"Plymouth College of Further Education , Plymouth, Devon, UK",1,Arts University Plymouth,I2801530513,no
"Plymouth College of Medicine and Dentistry, Plymouth, UK",1,,,no
Plymouth College of Technology,1,Arts University Plymouth,I2801530513,no
"Plymouth College of Technology, Plymouth, Devon",1,Arts University Plymouth,I2801530513,no
"Plymouth College of Technology, Plymouth, UK",1,Arts University Plymouth,I2801530513,no
"Plymouth Community Learning Disabilities Team, Livewell Southwest, Plymouth",1,,,no
"Plymouth Doctorate in Clinical Psychology Course, UK",1,,,no
Plymouth Doctorate of Clinical Psychology,1,,,no
"Plymouth Environmental Research Center, Ecotoxicology Laboratory, Plymouth, Devon, Reino Unido",1,United Nations Industrial Development Organization,I1325620243,no
"Plymouth Graduate School of Management & Plymouth Business School Faculty of Business Cookworthy Building, Drake Circus, Plymouth, Devon, PL4 8AA",1,,,no
Plymouth Hospitals NHS Trust; Plymouth University,1,University Hospitals Plymouth NHS Trust,I4210166818,no
"Plymouth Inst. of Neurosci., UK",1,,,no
Plymouth Institute of Education Plymouth University,1,,,no
"Plymouth Institute of Education (Faculty of Arts & Humanities), Reino Unido",1,,,no
Plymouth Institute of Education Plymouth Institute of Education,1,Plymouth Hospital | Plymouth Marine Laboratory,I4210163658 I2802566253,no
"Plymouth Institute of Education Plymouth, United Kingdom",1,,,no
"Plymouth Institute of Education, Plymouth University, Floor 5, Rolle Building, Drake Circus, Plymouth PL4 8AA",1,,,no
"Plymouth Institute of Education, UK",1,,,no
"Plymouth Institute of Health Studies, Plymouth, UK",1,Plymouth Hospital,I4210163658,no
"Plymouth Institute of Health and Care Research (PIHR), Plymouth, United Kingdom",1,Plymouth Hospital,I4210163658,no
"Plymouth Institute of Health and Care Research, Peninsula Dental School, Plymouth University, Plymouth, England, UK",1,,,no
"Plymouth Institute of Neuroscience, PL4 8AA, Devon, UK",1,,,no
"Plymouth Marine Laboratory , Plymouth , United Kingdom School of Life Sciences ,",1,Plymouth Marine Laboratory,I2802566253,no
"Plymouth Marine Laboratory, Plymouth University, Prospect Place, Plymouth PL1 3DH, UK",1,Plymouth Marine Laboratory,I2802566253,no
Plymouth Medical School,1,Plymouth Hospital,I4210163658,no
"Plymouth Medical School, Devon, United Kingdom",1,Plymouth Hospital,I4210163658,no
"Plymouth Medical School, Plymouth",1,Plymouth Hospital,I4210163658,no
"Plymouth NHS Hospital Trust, Plymouth, UK; Plymouth University Peninsula Schools of Medicine and Dentistry, Plymouth University, UK",1,University Hospitals Plymouth NHS Trust | Plymouth Hospital,I4210166818 I4210163658,no
Plymouth Normal School,1,Plymouth State University,I89312276,no
"Plymouth Peninsula Medical School, Plymouth University, Plymouth, United Kingdom",1,,,no
"Plymouth Peninsula Medical School, Plymouth, UK",1,Peninsula College of Medicine and Dentistry,I85788879,no
"Plymouth Perinatal Research Group, Department of Obstetrics, Postgraduate Medical School",1,,,no
"Plymouth Perinatal Research Group, Plymouth Postgraduate Medical School, Department of Obstetrics, Freedom Fields, Plymouth General Hospital, Plymouth",1,Plymouth Hospital,I4210163658,no
"Plymouth Polytech. South West, UK",1,Plymouth City Council,I4210096019,no
"Plymouth Polytech., Dep. Environ. Sci., Plymouth, United Kingdom",1,,,no
"Plymouth Polytech., Inst. Mar. Stud., Plymouth, United Kingdom",1,Plymouth Marine Laboratory | Plymouth Marjon University,I2802566253 I4210132580,no
"Plymouth Polytechnic 1 Doctoral candidate and lecturer , respectively, Engineering Department, , England . Mr. Rochester presently is lecturer in civil engineering , , Plymouth, Devon, England",1,Plymouth Marine Laboratory,I2802566253,no
Plymouth Polytechnic Drake Circus Plymouth PL4 8AA England,1,Plymouth Marine Laboratory,I2802566253,no
Plymouth Polytechnic Learning Resources Centre,1,,,no
"Plymouth Polytechnic Plymouth, U.K",1,Plymouth Marine Laboratory | Plymouth State University,I2802566253 I89312276,no
Plymouth Polytechnic School of Architecture,1,,,no
"Plymouth Polytechnic School of Architecture Hoe Centre Notte Street Plymouth PL1 2AR Devon, England",1,Plymouth Marine Laboratory,I2802566253,no
Plymouth Polytechnic U.K,1,,,no
Plymouth Polytechnic UK#TAB#,1,,,no
"Plymouth Polytechnic, Department of Communication Engineering, Plymouth, UK",1,,,no
"Plymouth Polytechnic, Department of Electrical and Electronic Engineering , U. K",1,,,no
"Plymouth Polytechnic, Department of Electrical and Electronic Engineering, U. K",1,,,no
"Plymouth Polytechnic, Drake Circus, Plymouth, PL4 8AA, UK",1,Plymouth Marine Laboratory,I2802566253,no
"Plymouth Polytechnic, Drake Circus, Plymouth, UK",1,Plymouth Marine Laboratory,I2802566253,no
"Plymouth Polytechnic, Drakes Circus",1,Plymouth Marine Laboratory,I2802566253,no
"Plymouth Polytechnic, Plymouth, U. K",1,Plymouth Marine Laboratory | Plymouth State University,I2802566253 I89312276,no
"Plymouth Polytechnic, Psychology Teaching Group, England",1,,,no
"Plymouth Polytechnic, School of Electrical Engineering, Plymouth, UK",1,Plymouth Marine Laboratory,I2802566253,no
"Plymouth Postgraduate Medical School, Plymouth, UK",1,Plymouth Hospital,I4210163658,no
"Plymouth School of Architecture, Plymouth Polytechnic",1,,,no
"Plymouth School of Law , Criminology and Government",1,Institute of Criminology,I4210149655,no
Plymouth School of Podiatry North Road West Plymouth PL1 5BY UK,1,,,no
"Plymouth School of Podiatry, Plymouth, Devon, UK",1,Plymouth Hospital,I4210163658,no
"Plymouth Teachers College, Plymouth N. H",1,Plymouth State University | Plymouth Marine Laboratory,I89312276 I2802566253,no
"Plymouth Teachers College, Plymouth, N. H",1,Plymouth State University,I89312276,no
"Plymouth Technical School,",1,,,no
"Plymouth Univ Peninsula Schs of Medicine and Dentistry, Plymouth, United Kingdom",1,Peninsula College of Medicine and Dentistry,I85788879,no
"Plymouth Univ. ; HR Wallingford , UK,",1,HR Wallingford,I2802260906,no
"Plymouth Univ.; HR Wallingford, UK,",1,HR Wallingford,I2802260906,no
"Plymouth Univeristy, Drake Circus, Plymouth, Devon PL4 8AA, United Kingdom of Great Britain and Northern Ireland",1,,,no
"Plymouth University Peninsula School of Medicine and Dentistry, Plymouth, UK",1,,,no
"Plymouth University * , Universidad Carlos III de Madrid † and Universidad de Valladolid",1,Universidad Carlos III de Madrid | Universidad de Valladolid,I50357001 I108103353,no
"Plymouth University * , Universidad Carlos III de Madrid † and Universidad de Valladolid ‡",1,Universidad Carlos III de Madrid | Universidad de Valladolid,I50357001 I108103353,no
"Plymouth University , United Kingdom , Faculty of Laws , University of Malta",1,University of Malta,I197854408,no
"Plymouth University - Peninsula School of Medicine & Dentistry, Plymouth, United Kingdom",1,Peninsula College of Medicine and Dentistry,I85788879,no
Plymouth University / Al-Nahrain University,1,Nahrain University,I56409017,no
Plymouth University / Sheffield Hallam University,1,Sheffield Hallam University,I71422933,no
"Plymouth University Business School, UK, and Edith Cowan University, Perth, Western Australia",1,Edith Cowan University,I12079687,no
Plymouth University Centre for Sustainable Philanthropy  UK,1,Centre for Sustainable Energy,I4210121317,no
Plymouth University Knowledge Spa RCH Treliske Truro UK,1,,,no
"Plymouth University Marine Institute, Drake Circus, Plymouth PL4 8AA, United Kingdom",1,,,no
"Plymouth University Marine Institute, Drakes Circus, Plymouth, PL4 8AA UK",1,,,no
"Plymouth University Peninsula Colleges of Medicine and Dentistry, UK",1,Peninsula College of Medicine and Dentistry,I85788879,no
Plymouth University Peninsula School of Dentistry Plymouth UK,1,,,no
Plymouth University Peninsula School of Medicine,1,Peninsula College of Medicine and Dentistry,I85788879,no
"Plymouth University Peninsula School of Medicine Dentistry, Plymouth, UK",1,,,no
"Plymouth University Peninsula School of Medicine and Dentistry, Derriford, Plymouth, Devon, UK",1,,,no
"Plymouth University Peninsula School of Medicine and Dentistry, Plymouth",1,Peninsula College of Medicine and Dentistry,I85788879,no
"Plymouth University Peninsula School of Medicine and Dentistry, Plymouth , UK",1,,,no
"Plymouth University Peninsula School of Medicine and Dentistry, Plymouth PL6 8BU, UK",1,,,no
"Plymouth University Peninsula School of Medicine and Dentistry, Plymouth, United Kingdom",1,Peninsula College of Medicine and Dentistry,I85788879,no
"Plymouth University Peninsula School of Medicine and Dentistry, UK",1,,,no
"Plymouth University Peninsula School of Medicine, Collaboration for the Advancement of Medical Education Research and Assessment, The Knowledge Spa, Royal Cornwall Hospital, Truro, UK",1,Royal Cornwall Hospital,I2799759729,no
"Plymouth University Peninsula School of Medicine, Collaboration for the Advancement of Medical Education Research and Assessment, The Knowledge Spa, Royal Cornwall Hospital, Truro, UK. alan.bleakley@pms.ac.uk",1,,,no
"Plymouth University Peninsula School of Medicine, U.K",1,Peninsula College of Medicine and Dentistry,I85788879,no
"Plymouth University Peninsula School of Medicine, UK",1,,,no
"Plymouth University Peninsula Schools Medicine & Dentistry, University Medicine, Level 7 Derriford Hospital, Crownhill, Plymouth, Devon, UK",1,Derriford Hospital,I2802723752,no
"Plymouth University Peninsula Schools Medicine and Dentistry, Plymouth, Devon, UK",1,Peninsula College of Medicine and Dentistry,I85788879,no
"Plymouth University Peninsula Schools of Medicine and Dentistry, Plymouth",1,Peninsula College of Medicine and Dentistry,I85788879,no
Plymouth University Peninsula Schools of Medicine & Dentistry,1,Peninsula College of Medicine and Dentistry,I85788879,no
"Plymouth University Peninsula Schools of Medicine & Dentistry, Centre for Clinical Trials and Population Studies, Plymouth, UK",1,Peninsula College of Medicine and Dentistry,I85788879,no
"Plymouth University Peninsula Schools of Medicine & Dentistry, ITTC Building, Tamar Science Park, Derriford, Plymouth, Devon, PL6 8BX, UK",1,Peninsula College of Medicine and Dentistry,I85788879,no
"Plymouth University Peninsula Schools of Medicine & Dentistry, John Bull Building, Research Way, Plymouth, Devon, PL6 8BU, UK",1,,,no
"Plymouth University Peninsula Schools of Medicine & Dentistry, N21 ITTC Building, Tamar Science Park, Plymouth PL6 8BX, UK",1,Peninsula College of Medicine and Dentistry,I85788879,no
"Plymouth University Peninsula Schools of Medicine & Dentistry, N6 ITTC Building, Plymouth Science Park, Derriford, Plymouth, PL6 8BU, UK",1,,,no
"Plymouth University Peninsula Schools of Medicine & Dentistry, Portland Square, Drake Circus, Plymouth, Devon PL4 8AA, UK. steven.burr@pms.ac.uk",1,Peninsula College of Medicine and Dentistry,I85788879,no
"Plymouth University Peninsula Schools of Medicine & Dentistry, Room N32, ITTC Building, Tamar Science Park, Derriford, Plymouth, Devon, PL6 8BX, United Kingdom",1,Peninsula College of Medicine and Dentistry,I85788879,no
"Plymouth University Peninsula Schools of Medicine & Dentistry, UK",1,Peninsula College of Medicine and Dentistry,I85788879,no
"Plymouth University Peninsula Schools of Medicine & Dentistry; Room N32, ITTC Building, Tamar Science Park Derriford Plymouth UK PL6 8BX",1,Peninsula College of Medicine and Dentistry,I85788879,no
Plymouth University Peninsula Schools of Medicine &Dentistry,1,Peninsula College of Medicine and Dentistry,I85788879,no
Plymouth University Peninsula Schools of Medicine &amp; Dentistry Plymouth Devon UK,1,Peninsula College of Medicine and Dentistry,I85788879,no
Plymouth University Peninsula Schools of Medicine and Dentistry  Devon UK,1,Peninsula College of Medicine and Dentistry,I85788879,no
"Plymouth University Peninsula Schools of Medicine and Dentistry (PU PSMD) , UK",1,Peninsula College of Medicine and Dentistry,I85788879,no
Plymouth University Peninsula Schools of Medicine and Dentistry (PU PSMD) Plymouth United Kingdom,1,Peninsula College of Medicine and Dentistry,I85788879,no
"Plymouth University Peninsula Schools of Medicine and Dentistry (PU PSMD), Plymouth University, Plymouth, UK",1,,,no
"Plymouth University Peninsula Schools of Medicine and Dentistry (PU PSMD), Plymouth, United Kingdom",1,Peninsula College of Medicine and Dentistry,I85788879,no
"Plymouth University Peninsula Schools of Medicine and Dentistry (PU PSMD), UK",1,Peninsula College of Medicine and Dentistry,I85788879,no
"Plymouth University Peninsula Schools of Medicine and Dentistry Devon, Plymouth, United Kingdom",1,Peninsula College of Medicine and Dentistry,I85788879,no
"Plymouth University Peninsula Schools of Medicine and Dentistry Devon, UK",1,Peninsula College of Medicine and Dentistry,I85788879,no
Plymouth University Peninsula Schools of Medicine and Dentistry Epidavros Greece,1,,,no
"Plymouth University Peninsula Schools of Medicine and Dentistry NIHR CLAHRC, South West Peninsula (PenCLAHRC)  Plymouth UK",1,Peninsula College of Medicine and Dentistry,I85788879,no
Plymouth University Peninsula Schools of Medicine and Dentistry School of Biomedical and Healthcare Sciences Plymouth UK,1,Peninsula College of Medicine and Dentistry,I85788879,no
Plymouth University Peninsula Schools of Medicine and Dentistry School of Medicine Plymouth UK,1,Peninsula College of Medicine and Dentistry,I85788879,no
Plymouth University Peninsula Schools of Medicine and Dentistry UK,1,Peninsula College of Medicine and Dentistry,I85788879,no
"Plymouth University Peninsula Schools of Medicine and Dentistry,  U.K",1,Peninsula College of Medicine and Dentistry,I85788879,no
"Plymouth University Peninsula Schools of Medicine and Dentistry, Centre for Clinical Trials and Population Studies, Obesity and Metabolism Research Group, University Medicine, Plymouth PL6 8DH, United Kingdom",1,Peninsula College of Medicine and Dentistry,I85788879,no
"Plymouth University Peninsula Schools of Medicine and Dentistry, Clinical Neurology Research Group, Tamar Science Park, Plymouth PL6 8BX, UK",1,Peninsula College of Medicine and Dentistry,I85788879,no
"Plymouth University Peninsula Schools of Medicine and Dentistry, Consultant Neurologist, University Hospitals Plymouth, Plymouth, Devon PL6 8BX, UK",1,University Hospitals Plymouth NHS Trust,I4210166818,no
"Plymouth University Peninsula Schools of Medicine and Dentistry, Devon",1,Peninsula College of Medicine and Dentistry,I85788879,no
"Plymouth University Peninsula Schools of Medicine and Dentistry, Drake Circus, Plymouth, Devon PL4 8AA, United Kingdom",1,Peninsula College of Medicine and Dentistry,I85788879,no
"Plymouth University Peninsula Schools of Medicine and Dentistry, Drake Circus, Plymouth, Devon, PL4 8AA, UK",1,,,no
"Plymouth University Peninsula Schools of Medicine and Dentistry, John Bull Building, Plymouth, PL6 8BU, United Kingdom",1,Peninsula College of Medicine and Dentistry,I85788879,no
"Plymouth University Peninsula Schools of Medicine and Dentistry, John Bull Building, Plymouth, PL6 8BU, United Kingdom; Department of Radiology, Derriford Hospital, Derriford Road, Plymouth, PL6 8DH, United Kingdom",1,Derriford Hospital,I2802723752,no
"Plymouth University Peninsula Schools of Medicine and Dentistry, John Bull Building, Plymouth, UK",1,,,no
"Plymouth University Peninsula Schools of Medicine and Dentistry, John Bull Building, Plymouth, UKDepartment of Diagnostic Radiology, Li Ka Shing Faculty of Medicine, University of Hong Kong, Hong Kong",1,University of Hong Kong,I889458895,no
"Plymouth University Peninsula Schools of Medicine and Dentistry, John Bull Building, Plymouth, UKDepartment of Radiology, Derriford Hospital, Plymouth, UK",1,Derriford Hospital,I2802723752,no
"Plymouth University Peninsula Schools of Medicine and Dentistry, John Bull Building, Research Way, Plymouth PL6 8BU",1,Peninsula College of Medicine and Dentistry,I85788879,no
"Plymouth University Peninsula Schools of Medicine and Dentistry, John Bull Building, Research Way, Plymouth PL6 8BU and Principle Investigator",1,Peninsula College of Medicine and Dentistry,I85788879,no
"Plymouth University Peninsula Schools of Medicine and Dentistry, John Bull Building, Research Way, Plymouth PL6 8BU, United Kingdom",1,,,no
"Plymouth University Peninsula Schools of Medicine and Dentistry, N32, Tamar Science Park, Drake Circus, Plymouth, Devon, PL4 8AA, UK",1,,,no
"Plymouth University Peninsula Schools of Medicine and Dentistry, N9 Plymouth Science Park, Davy Road, Plymouth Science Park, Derriford, Plymouth, PL6 8BX, UK",1,Plymouth Marine Laboratory,I2802566253,no
"Plymouth University Peninsula Schools of Medicine and Dentistry, Neuroscience, Plymouth, UK",1,Peninsula College of Medicine and Dentistry,I85788879,no
"Plymouth University Peninsula Schools of Medicine and Dentistry, PL6 8BU Plymouth UK",1,Peninsula College of Medicine and Dentistry,I85788879,no
"Plymouth University Peninsula Schools of Medicine and Dentistry, PL6 8BU, UK",1,Peninsula College of Medicine and Dentistry,I85788879,no
"Plymouth University Peninsula Schools of Medicine and Dentistry, Plymouth PL6 8BU, England, UK 1",1,Peninsula College of Medicine and Dentistry,I85788879,no
"Plymouth University Peninsula Schools of Medicine and Dentistry, Plymouth PL6 8BX, UK",1,Peninsula College of Medicine and Dentistry,I85788879,no
"Plymouth University Peninsula Schools of Medicine and Dentistry, Plymouth Science Park, Derriford, Plymouth, PL6 8BX, UK",1,,,no
"Plymouth University Peninsula Schools of Medicine and Dentistry, Plymouth Science Park, Derriford, Plymouth, UK and",1,,,no
"Plymouth University Peninsula Schools of Medicine and Dentistry, Plymouth Science Park, Plymouth, Devon, PL6 8BX, UK",1,,,no
"Plymouth University Peninsula Schools of Medicine and Dentistry, Plymouth Science Park, Plymouth, PL6 8BX, UK",1,,,no
"Plymouth University Peninsula Schools of Medicine and Dentistry, Plymouth University, United Kingdom",1,,,no
"Plymouth University Peninsula Schools of Medicine and Dentistry, Plymouth, Devon, PL4 8AA, UK",1,Peninsula College of Medicine and Dentistry,I85788879,no
"Plymouth University Peninsula Schools of Medicine and Dentistry, Plymouth, Devon, PL4 8AA, United Kingdom",1,Peninsula College of Medicine and Dentistry,I85788879,no
"Plymouth University Peninsula Schools of Medicine and Dentistry, Plymouth, England",1,Peninsula College of Medicine and Dentistry,I85788879,no
"Plymouth University Peninsula Schools of Medicine and Dentistry, Plymouth, PL4 8AA UK",1,,,no
"Plymouth University Peninsula Schools of Medicine and Dentistry, Plymouth, PL6 8BU, United Kingdom",1,Peninsula College of Medicine and Dentistry,I85788879,no
"Plymouth University Peninsula Schools of Medicine and Dentistry, Plymouth, PL6 8BX, United Kingdom",1,Peninsula College of Medicine and Dentistry,I85788879,no
"Plymouth University Peninsula Schools of Medicine and Dentistry, Plymouth, UK, and",1,Peninsula College of Medicine and Dentistry,I85788879,no
"Plymouth University Peninsula Schools of Medicine and Dentistry, Plymouth, UK; Department of Neurology, University Hospitals Plymouth NHS Trust, Plymouth, UK",1,University Hospitals Plymouth NHS Trust,I4210166818,no
"Plymouth University Peninsula Schools of Medicine and Dentistry, Plymouth, United Kingdom of Great Britain and Northern Ireland",1,Peninsula College of Medicine and Dentistry,I85788879,no
"Plymouth University Peninsula Schools of Medicine and Dentistry, Plymouth, United Kingdom, PL6 8BT",1,Peninsula College of Medicine and Dentistry,I85788879,no
"Plymouth University Peninsula Schools of Medicine and Dentistry, Plymouth, United Kingdom; Centre for Immunobiology, Blizard Institute of Cell and Molecular Science, Barts and The London School of Medicine, Queen Mary, University of London, London, United Kingdom;",1,Queen Mary University of London | Blizard Institute,I166337079 I4405263501,no
"Plymouth University Peninsula Schools of Medicine and Dentistry, Plymouth, United Kingdom; Department of Diagnostic Radiology, Li Ka Shing Faculty of Medicine, Queen Mary Hospital, University of Hong Kong, Room 406, Block K, Pok Fu Lam Road, Hong Kong. Electronic address: varv@hku.hk",1,Queen Mary Hospital | University of Hong Kong,I2800810863 I889458895,no
"Plymouth University Peninsula Schools of Medicine and Dentistry, Plymouth, United Kingdom; Department of Radiology, Derriford Hospital, Plymouth, United Kingdom",1,Derriford Hospital,I2802723752,no
"Plymouth University Peninsula Schools of Medicine and Dentistry, Plymouth, and Devon Partnership NHS Trust, Exeter, UK",1,Devon Partnership NHS Trust,I4210156727,no
"Plymouth University Peninsula Schools of Medicine and Dentistry, Pool Health Centre, Redruth. julie.tomlinson@pms.ac.uk",1,Peninsula College of Medicine and Dentistry,I85788879,no
"Plymouth University Peninsula Schools of Medicine and Dentistry, Research Way, Plymouth, PL6 8BU UK",1,Peninsula College of Medicine and Dentistry,I85788879,no
"Plymouth University Peninsula Schools of Medicine and Dentistry, Southwest Neurosurgery Centre, Plymouth, UK;",1,Peninsula College of Medicine and Dentistry,I85788879,no
"Plymouth University Peninsula Schools of Medicine and Dentistry, The John Bull Building, Research Way, Tamar Science Park, Plymouth PL6 8BU, UK",1,,,no
"Plymouth University Peninsula Schools of Medicine and Dentistry, Universities of Exeter & Plymouth, The John Bull Building, Tamar Science Park, Research Way, Plymouth PL6 8BU, United Kingdom",1,,,no
"Plymouth University Peninsula Schools of Medicine and Dentistry; NIHR CLAHRC South West Peninsula (PenCLAHRC); N21, ITTC Building, Tamar Science Park Plymouth Cornwall UK PL6 8BX",1,Peninsula College of Medicine and Dentistry,I85788879,no
"Plymouth University Peninsula Schools of Medicine and Dentistry; Room N32, ITTC Building Tamar Science Park Plymouth Devon UK PL6 8BX",1,Peninsula College of Medicine and Dentistry,I85788879,no
"Plymouth University Peninsula Schools of Medicine and Dentistry; University of Exeter Medical School; School of Clinical and Experimental Medicine, College of Medical and Dental Sciences",1,Peninsula College of Medicine and Dentistry,I85788879,no
"Plymouth University Peninsula Schools of Medicine, Plymouth, UK",1,Peninsula College of Medicine and Dentistry,I85788879,no
"Plymouth University Peninsula school of Medicine and Dentistry, Plymouth,",1,Peninsula College of Medicine and Dentistry,I85788879,no
"Plymouth University Peninsula · School of Medicine and Dentistry, Plymouth, Devon, UK",1,,,no
"Plymouth University Peninsula, Schools of Medicine and Dentistry, Plymouth, UK",1,,,no
"Plymouth University Peninsular School of Medicine and Dentistry, Plymouth, United Kingdom",1,,,no
Plymouth University Schools of Medicine and Dentistry Plymouth Devon UK,1,,,no
"Plymouth University Schools of Medicine and Dentistry, UK (formerly at UCL Eastman Dental Institute, UK)",1,Eastman Dental Hospital,I4210157535,no
"Plymouth University Schools of Medicine and Dentistry; South West Liver Unit, Derriford Hospital, University Hospitals Plymouth",1,Derriford Hospital,I2802723752,no
Plymouth University and Assumption University,1,Assumption University,I4210149728,no
"Plymouth University and Peninsula Schools of Medicine and Dentistry, Centre for Clinical Trials and Population Studies, Plymouth Science Park Phase 1, Plymouth PL6 8BX, UK",1,,,no
Plymouth University and Students and Refugees Together (START),1,Together,I4210107735,no
Plymouth University at Strode,1,Strode College,I2800426086,no
Plymouth University | s373.net/x art codex studios,1,,,no
"Plymouth University,  United Kingdom; Universidade Federal de Santa Catarina,  Brazil",1,Universidade Federal de Santa Catarina,I4104125,no
"Plymouth University, Britannia Royal Naval College, Marine School of Engineering, Dartmouth, Devon, United Kingdom",1,Britannia Royal Naval College,I4210133766,no
"Plymouth University, Centre for Sustainable Philanthropy, UK",1,Centre for Sustainable Energy,I4210121317,no
"Plymouth University, Devon and Institute of Neurology, London, UK",1,,,no
"Plymouth University, Environmetnal Science",1,,,no
"Plymouth University, Peninsula Dental School, C523 Portland Square, Peninsula Schools of Medicine & Dentistry, Plymouth, PL4 8AA, Devon",1,Peninsula College of Medicine and Dentistry,I85788879,no
"Plymouth University, Peninsula Dental School, C523 Portland Square, Peninsula Schools of Medicine &Dentistry, Plymouth, Devon, PL4 8AA",1,Peninsula College of Medicine and Dentistry,I85788879,no
"Plymouth University, Peninsula Dental School, John Bull Building, Tamar Science Park, Research Way, Plymouth, Devon, PL6 8BU",1,,,no
"Plymouth University, Peninsula Dental School, Plymouth, PL4 8AA, Devon",1,,,no
"Plymouth University, Peninsula Schools of Medicine ad Dentistry, Plymouth, United Kingdom",1,Peninsula College of Medicine and Dentistry,I85788879,no
"Plymouth University, Peninsula Schools of Medicine and Dentistry",1,Peninsula College of Medicine and Dentistry,I85788879,no
"Plymouth University, Peninsula Schools of Medicine and Dentistry, Dental School, Plymouth, United Kingdom",1,,,no
"Plymouth University, Peninsula Schools of Medicine and Dentistry, NIHR CLAHRC, South West Peninsula (PenCLAHRC), 1 Davy Road, Plymouth Science Park, Plymouth, UK",1,,,no
"Plymouth University, Peninsula Schools of Medicine and Dentistry, NIHR CLAHRC, South West Peninsula (PenCLAHRC), Plymouth, UK",1,Peninsula College of Medicine and Dentistry,I85788879,no
"Plymouth University, Peninsula Schools of Medicine and Dentistry, Plymouth, Devon, UK",1,,,no
"Plymouth University, Peninsula Schools of Medicine and Dentistry, Plymouth, Devon, United Kingdom",1,Peninsula College of Medicine and Dentistry,I85788879,no
"Plymouth University, Peninsula Schools of Medicine and Dentistry, Plymouth, London, UK",1,,,no
"Plymouth University, Peninsula Schools of Medicine and Dentistry, UK",1,,,no
"Plymouth University, Plymouth, Netherlands",1,,,no
"Plymouth University, Plymouth, UK and Jindal Global Business School, OP Jindal Global University, Sonipat, India",1,O. P. Jindal Global University,I4210129200,no
"Plymouth University, School of Marine Science and Engineering and Marine Institute, Portland Square A410, Drake Circus, Plymouth, PL48AA Devon, UK",1,,,no
"Plymouth University, UK Deborah Davidson, York University, Ontario, Canada",1,York University,I192455969,no
"Plymouth University, UK and visiting lecturer at Hong Kong University SPACE",1,University of Hong Kong,I889458895,no
"Plymouth University, UK, and Edith Cowan University, Australia",1,Edith Cowan University,I12079687,no
"Plymouth University, University of Applied Arts Vienna and Aalto University Helsinki",1,Aalto University | University of Applied Arts Vienna,I9927081 I143923934,no
"Plymouth University/ UNIRIO,",1,Universidade Federal do Estado do Rio de Janeiro,I83648350,no
Plymouth University; Swansea University,1,Swansea University,I39586589,no
Plymouth Unviersity,1,,,no
"Plymouth and South Devon Research and Development Support Unit, Plymouth Postgraduate Medical School, Plymouth PL6 8BX",1,,,no
Plymouth polytechnic,1,,,no
"Plymouth teaching PCT, Fellow of the Higher Education Academy Plymouth, UK,",1,Higher Education Academy,I68879011,no
Plymouth to Bollywood -Plymouth University's time-lock prod,1,Loc (United States),I4210150562,no
"Plymouth; H. QOCuming, of London; Lady",1,,,no
"Politics, University of Plymouth, USA",1,Plymouth State University,I89312276,no
"Polytechnic South West Faculty of Science Department of Biological Sciences Drake Circus, Plymouth, Devon PL4 8AA, UK",1,,,no
"Polytechnic South West Faculty of Science Department of Biological Sciences Plymouth, Devon PL4 8AA, UK",1,Plymouth Marine Laboratory,I2802566253,no
"Pool Health Centre, Cornwall and Plymouth University Peninsula Schools of Medicine and Dentistry, Plymouth, Devon, UK",1,Peninsula College of Medicine and Dentistry,I85788879,no
"Population Health, Plymouth Peninsula Schools of Medicine and Dentistry, Plymouth, UK;",1,Peninsula College of Medicine and Dentistry,I85788879,no
"Population studies and Clinical Trials, Peninsula schools of Medicine and Dentistry, Plymouth University, Plymouth, UK;",1,,,no
"Postgraduate Health Institute, Peninsula Medical School, Universities of Plymouth and Exeter, Plymouth, UK",1,Peninsula College of Medicine and Dentistry,I85788879,no
"Postgraduate Medical School, Plymouth, UK",1,Plymouth Hospital,I4210163658,no
"Postgraduate Medical School, Plymouth, UK. linda.voss@phnt.swest.nhs.uk",1,Plymouth Hospital,I4210163658,no
"Practice nurse in Cornwall, lecturer at Plymouth University, an elected UKCC Council member and member of the Standing Nursing and Midwifery Advisory Committee. She is also on the editorial advisory board of Practice Nursing",1,Advisory Board Company (United States),I29236304,no
"Practice nurse lead, Sentinel Healthcare CIC, and lecturer for the GP unit, Plymouth University",1,,,no
"Present address: Department of Environmental Sciences, Plymouth Polytechnic, Plymouth",1,Plymouth Marine Laboratory | Plymouth State University,I2802566253 I89312276,no
"Primary Care Dentistry, Peninsula Dental School & Associate Dean of Education and Student Experience, Faculty of Health, England. Electronic address: sally.hanks@plymouth.ac.uk",1,Peninsula College of Medicine and Dentistry,I85788879,no
"Primary Care Group, National Institute for Health Research Collaborative for Leadership in Applied Health Research and Care for the South West Peninsula, Peninsula Medical and Dental School, Plymouth University, Plymouth, UK",1,National Institute for Health and Care Research,I34931013,no
"Primary Care Group, Peninsula Schools of Medicine and Dentistry, Plymouth University, Plymouth, UK",1,,,no
"Primary Care Group, Plymouth University Peninsula Schools of Medicine and Dentistry, N21 ITTC Building, Tamar Science Park, Plymouth, Devon PL6 8BX, UK",1,Peninsula College of Medicine and Dentistry,I85788879,no
"Primary Care Peninsula Medical School , Plymouth",1,Peninsula College of Medicine and Dentistry,I85788879,no
"Primary Care Peninsula Medical School, Plymouth",1,Peninsula College of Medicine and Dentistry,I85788879,no
"Primary Care Research Group , Peninsula Medical School , Plymouth",1,Peninsula College of Medicine and Dentistry,I85788879,no
"Primary Care Research Group, Peninsula Medical School, Plymouth",1,Peninsula College of Medicine and Dentistry,I85788879,no
"Primary Care Research, Peninsula Medical School, Plymouth UK",1,Peninsula College of Medicine and Dentistry,I85788879,no
"Primary Care Research, Peninsula Medical School, Plymouth, Devon, United Kingdom",1,Peninsula College of Medicine and Dentistry,I85788879,no
"Primary Care Research, Peninsula Medical School, Universities of Exeter and Plymouth, Plymouth, United Kingdom,",1,Peninsula College of Medicine and Dentistry,I85788879,no
"Primary Care Research, Peninsula Schools of Medicine and Dentistry, Plymouth University, Plymouth",1,,,no
"Primary Care, Peninsula Medical School, Plymouth, UK. Adrian.white@pms.ac.uk",1,Peninsula College of Medicine and Dentistry,I85788879,no
"Primary Care, Plymouth University Peninsula Schools of Medicine & Dentistry, Plymouth, Devon, UK",1,Peninsula College of Medicine and Dentistry,I85788879,no
"Primary Initial Teacher Training , University College Plymouth Marjon , Plymouth, UK",1,Plymouth Marjon University,I4210132580,no
"Primary Initial Teacher Training, University College Plymouth Marjon, Plymouth, UK",1,Plymouth Marjon University,I4210132580,no
"Princess Nourah Bint Abdulrahman University, Riyadh, Saudi Arabia Plymouth University, Plymouth, United Kingdom",1,Princess Nourah bint Abdulrahman University,I106778892,no
"Principal Lecturer in Geography, Polytechnic South-West, PlymouthUK",1,,,no
"Principal Lecturer in Politics ; Director of the Local Government Chronicle Elections Centre, Polytechnic South West, Plymouth",1,,,no
"Principal, University College Plymouth St Mark and St John",1,Plymouth Marjon University,I4210132580,no
"Probationer Clinical Psychologist, Plymouth Polytechnic",1,,,no
Profesora Titular de Arquitectura Universidad de Plymouth Reino Unido,1,United Nations Industrial Development Organization,I1325620243,no
"Professeur associé de géographie humaine à la School of Geography, Earth and Environmental Sciences, à l'Université de Plymouth. Ses recherches s'intéressent aux géographies sociales et culturelles des pratiques quotidiennes, artistiques, et de mobilités. Elles explorent le caractère situé de ces pratiques au sein de milieux (urbains) dans lesquelles elles prennent place en même temps qu'elles les reconfigurent",1,,,no
"Professeur associé de géographie humaine à la School of Geography, Earth and Environmental Sciences, à l’Université de Plymouth. Ses recherches s’intéressent aux géographies sociales et culturelles des pratiques quotidiennes, artistiques, et de mobilités. Elles explorent le caractère situé de ces pratiques au sein de milieux (urbains) dans lesquelles elles prennent place en même temps qu’elles les reconfigurent",1,,,no
Professor in Early Childhood Education at Plymouth University,1,Education and Early Childhood Development,I4210125077,no
"Professor in Leadership in Nursing, Plymouth University/Director of Truro Clinical School (Hon Associate Director of Nursing), Royal Cornwall Hospital NHS Trust",1,Royal Cornwall Hospital,I2799759729,no
"Professor of Anaesthesia, Peninsula Medical School, Plymouth, England",1,Peninsula College of Medicine and Dentistry,I85788879,no
"Professor of Clinical Haematology, Plymouth University Peninsula Schools of Medicine and Dentistry, Plymouth, UK",1,,,no
"Professor of Marketing and Dean of the Business School , Plymouth Polytechnic , Devon",1,Plymouth Marine Laboratory,I2802566253,no
"Professor of Medicine, Peninsula Medical School, Plymouth Campus",1,Peninsula College of Medicine and Dentistry,I85788879,no
"Professor of Oral Health Services Research, Director of Postgraduate Education and Research, Specialist in Dental Public Health, Peninsula Dental School, The John Bull Building, Research Way, Plymouth",1,Peninsula College of Medicine and Dentistry,I85788879,no
"Professor of Oral Health Services Research, Director of Postgraduate Education and Research, Specialist in Dental Public Health, Peninsula Dental School, The John Bull Building, Research Way, Plymouth, PL6 8BU",1,Peninsula College of Medicine and Dentistry,I85788879,no
"Professor of Oral Health Services Research, Evidence Based Dentistry, Plymouth University Peninsula Dental School, The John Bull Building, Research Way, Plymouth, Devon, PL6 8BU.,",1,,,no
"Professor of Oral Health Services Research, Peninsula Dental School, Plymouth University, Plymouth, Devon, UK",1,,,no
"Professor of Oral Health Services Research, Peninsula Dental School, Plymouth, UK",1,Peninsula College of Medicine and Dentistry,I85788879,no
"Professor of Oral Health Services Research, Peninsula Dental School, Research Way, Plymouth, Devon PL6 8BU,",1,Peninsula College of Medicine and Dentistry,I85788879,no
"Professor of Oral Health Services Research, Plymouth University Peninsula Dental School,",1,Peninsula College of Medicine and Dentistry,I85788879,no
"Professor of Oral Surgery, Qatar University College of Dental Medicine, Qatar; Honorary Professor of Dental Education, Plymouth University, UK. ali.kamran@qu.edu.qa",1,Qatar University,I60342839,no
"Professor of Oral Surgery, Qatar University College of Dental Medicine, Qatar; Honorary Professor, Plymouth University Faculty of Health, UK",1,Qatar University,I60342839,no
"Professor of Restorative Dentistry and Director of Clinical Dentistry/Honorary Consultant in Restorative Dentistry, Peninsula Dental School, Plymouth, PL6 8BU,",1,Peninsula College of Medicine and Dentistry,I85788879,no
"Professor of medicine, honorary consultant physician, PUPSMD, Plymouth University and Plymouth Hospitals NHS Trust",1,University Hospitals Plymouth NHS Trust,I4210166818,no
"Program in Placebo Studies and the Therapeutic Encounter (PiPS), Harvard Medical School and Beth Israel Deaconess Medical Center, Boston, Massachusetts, United States of America; Department of Psychology, Plymouth University, Plymouth, United Kingdom",1,Beth Israel Deaconess Medical Center | Beth Israel Deaconess Hospital,I1316535847 I2801337628,no
"Program in Placebo Studies, Beth Israel Deaconess Medical Center/Harvard Medical School, Boston, MA 02215, USA School of Psychology, Plymouth University, Plymouth PL4 8AA, UK",1,Beth Israel Deaconess Medical Center | Beth Israel Deaconess Hospital,I1316535847 I2801337628,no
"Program in Placebo Studies, Beth Israel Deaconess Medical Center/Harvard Medical School, Boston, Massachusetts, United States of America; School of Psychology, Plymouth University, Plymouth, United Kingdom",1,Beth Israel Deaconess Medical Center | Beth Israel Deaconess Hospital,I1316535847 I2801337628,no
"Project 2000 student, Plymouth",1,,,no
Psychology Department Polytechnic South West Drake Circus Plymouth PL4 8AA UK,1,,,no
"Psychology Department, Polytechnic South West, Drake Circus, Plymouth, Devon, PL4 8AA, UK",1,Plymouth Marine Laboratory,I2802566253,no
"Psychology Teaching Group , Plymouth Polytechnic , Plymouth, Drake Circus, PL4 8AA",1,Plymouth Marine Laboratory,I2802566253,no
"Psychology Teaching Group, Plymouth Polytechnic",1,,,no
"Psychology Teaching Group, Plymouth Polytechnic, England",1,,,no
"Psychology Teaching Group, Plymouth Polytechnic, Plymouth, Drake Circus, PL4 8AA",1,Plymouth Marine Laboratory,I2802566253,no
"Psychology, Room A206 Portland Square, Plymouth, PL6 8BX, United Kingdom",1,,,no
"Public Management, University of Plymouth, USA",1,Plymouth State University,I89312276,no
"R. I. Mawby is Principal Lecturer in Social Policy, Department of Social and Political Studies, Plymouth Polytechnic. He is the author of Policing the City, joint author of Women, Prison and the Open Prison Experience, and is currently engaged in research on the handling of juvenile offenders and crime in the press",1,,,no
"RSPB Centre for Conservation Science, RSPB, The Lodge, Sandy, Bedfordshire, SG19 2DL, UK; Centre for Marine and Coastal Policy Research, Plymouth University, Drake Circus, Plymouth, PL4 8AA, UK. Electronic address: rebecca.jefferson@rspb.org.uk",1,Royal Society for the Protection of Birds,I135070504,no
"Reader in Child Development and Disability, University College Plymouth, St. Mark & St. John",1,Plymouth Marjon University,I4210132580,no
"Reader, Dept. of Civ. Engrg., Plymouth Polytechnic, Plymouth, England",1,Plymouth Marine Laboratory,I2802566253,no
"Recep Tayyip Erdoğan University, Faculty of Fisheries, 53100 Rize, Turkey; Karadeniz Technical University, Department of Fisheries Technology Engineering, Faculty of Marine Science, 61530 Surmene, Trabzon, Turkey; School of Biological Sciences, Plymouth University, Plymouth PL4 8AA, UK",1,Recep Tayyip Erdoğan University,I161597582,no
"Research Assistant and Senior Lecturer respectively in the School of Engineering Science, Plymouth Polytechnic England",1,Plymouth Marine Laboratory,I2802566253,no
"Research Center for Environmental Changes, Academia SinicaTaipei, Taiwan; School of Marine Sciences and Engineering, Plymouth UniversityDevon, UK",1,"Research Center for Environmental Changes, Academia Sinica",I4210145996,no
"Research Facilitator, Institute of Health Service Research, Peninsula Medical School, Plymouth",1,Peninsula College of Medicine and Dentistry,I85788879,no
"Research Fellow, CobBauge (Interreg VA research project), Plymouth University",1,,,no
"Research Fellow, Faculty of Medicine and Dentistry, Community and Primary Care Research Group, Plymouth University, UK; Researcher-in-Residence, Torbay and South Devon NHS Foundation Trust (TSDFT), Torbay, UK",1,Torbay and South Devon NHS Foundation Trust,I4210153833,no
"Research Manager, Primary Care Respiratory Research Unit, Peninsula Medical School, ITTC North, Tamar Science Park, Davy Road, Plymouth, PL6 8BX, UK. bshackell@pms.ac.uk",1,,,no
"Research and Design Service, Peninsula Schools of Medicine and Dentistry, ITTC Building, Tamar Science Park, Plymouth, PL68BX, England",1,,,no
"Research and Design Service, Peninsula Schools of Medicine and Dentistry, Plymouth, England",1,Peninsula College of Medicine and Dentistry,I85788879,no
"Research and Development Support Unit, Peninsula Medical School, Plymouth PL6 8BX",1,Peninsula College of Medicine and Dentistry,I85788879,no
"Research and Development Support Unit, Peninsula Medical School, Plymouth, UK",1,Peninsula College of Medicine and Dentistry,I85788879,no
Respiratory Research Unit Peninsula Medical School  Plymouth UK,1,Peninsula College of Medicine and Dentistry,I85788879,no
Respiratory Research Unit Peninsula Medical School Plymouth UK,1,Peninsula College of Medicine and Dentistry,I85788879,no
"Respiratory Research Unit, Department of Primary Health Care & General Practice, Plymouth Postgraduate Medical School, Plymouth PL6 8BX, UK",1,,,no
"Respiratory Research Unit, ITTC Building (N21), Davy Road, Plymouth, PL6 8BX, UK. rupert.jones@pms.ac.uk",1,,,no
"Respiratory Research Unit, Peninsula Medical School, 1 Davy Road, Plymouth, UK",1,Peninsula College of Medicine and Dentistry,I85788879,no
"Respiratory Research Unit, Peninsula Medical School, 1 Davy Road, Plymouth, UK. rupert.jones@pms.ac.uk",1,Peninsula College of Medicine and Dentistry,I85788879,no
"Respiratory Research Unit, Peninsula Medical School, ITTC Building, Tamar Science Park, 1 Davy Road, Plymouth PL6 8BX, UK",1,Peninsula College of Medicine and Dentistry,I85788879,no
"Respiratory Research Unit, Peninsula Medical School, Plymouth, England, UK. rupert.jones@pms.ac.uk",1,Peninsula College of Medicine and Dentistry,I85788879,no
"Respiratory Research Unit, Peninsula Medical School, Plymouth. rupert.jones@pms.ac.uk",1,Peninsula College of Medicine and Dentistry,I85788879,no
"Respiratory Research Unit, Peninsula Medical School, Room N11, ITTC Building, Tamar Science Park, 1 Davy Road, Plymouth PL6 8BX, UK",1,Peninsula College of Medicine and Dentistry,I85788879,no
"Respiratory Research Unit, Peninsula Medical School, Room N11, ITTC Building, Tamar Science Park, 1 Davy Road, Plymouth, PL6 8BX, UK",1,,,no
"Room N32, ITTC Building, Peninsula Medical School, Tamar Science Park, Plymouth, PL6 8BX, UK;",1,,,no
"Royal Cornwall Hospital NHS Trust and Cornwall Partnership NHS Foundation Trust. Honorary Research Fellow, Plymouth University, UK",1,Cornwall Partnership NHS Foundation Trust | Royal Cornwall Hospital Trust,I4210150968 I2799477489,no
"Royal Statistical Society Centre for Statistical Education, Plymouth University, England. e-mail: katharine.richards@rsscse.ac.uk. neville.davies@rsscse.ac.uk",1,Royal Statistical Society,I1310012087,no
"Royal Statistical Society Centre for Statistical Education, Plymouth University, England. e‐mail: katharine.richards@rsscse.ac.uk. neville.davies@rsscse.ac.uk",1,Royal Statistical Society,I1310012087,no
"S. Creanor, BSc(Hons), Peninsula Colleges of Medicine & Dentistry, Plymouth University",1,Peninsula College of Medicine and Dentistry,I85788879,no
"Sch. of Electr. Commun. & Electr. Eng., Polytech. South West, Plymouth, UK",1,Plymouth City Council,I4210096019,no
"Sch. of Electron. & Electr. Eng., Fac. of Technol., Plymouth Polytech., UK",1,,,no
"Sch. of Electron. Commun. & Electr. Eng., Plymouth Polytech. of the South West, Plymouth, UK",1,,,no
"Sch. of Electron. Commun. & Electr. Eng., Polytech. South West, Plymouth, UK",1,Plymouth Marine Laboratory,I2802566253,no
"School Civil Eng., Univ. Plymouth",1,,,no
"School for Environmental Sciences, Plymouth Polytechnic, Plymouth Great Britain",1,Plymouth Marine Laboratory,I2802566253,no
"School of Agricultural and Forest Sciences, University of Wales, Bangor, Gwynedd, LL57 2UW, Wales, UK ; Seale-Hayne Faculty of Agriculture, Food and Land Management, Univeristy of Plymouth, Newton Abbot, Devon, TQ12 6NQ, UK",1,Bangor University,I161548249,no
"School of Architecture Design and Environment, Plymouth, England",1,,,no
"School of Architecture Design and Environment, Plyymouth University, Plyymouth, UK",1,,,no
"School of Architecture, Ply-mouth Polytechnic",1,,,no
"School of Architecture, Plymouth Polytechnic, Hoe Centre, Notte Street, Plymouth, UK#TAB#",1,Plymouth Marine Laboratory,I2802566253,no
"School of Architecture, Plymouth Polytechnic, Palace Court, Plymouth, PL4 0EX",1,Plymouth Marine Laboratory,I2802566253,no
"School of Architecture, Plymouth Polytechnic, UK",1,,,no
"School of Art, Design and Architecture (Faculty of Arts &amp; Humanities), Roland Levinsky Building, Drake Circus, Plymouth, Devon PL4 8AA, UK",1,,,no
"School of Art, Design and Architecture (Faculty of Arts and Humanities), Roland Levinsky Building, Drake Circus, Plymouth, Devon, PL4 8AA, United Kingdom;",1,,,no
"School of Art, Design and Architecture (Faculty of Arts, Humanities and Business), Roland Levinsky Building, Drake Circus, Plymouth, Devon, PL4 8AA, United Kingdom",1,,,no
"School of Art, Design and Architecture, Plymouth University",1,,,no
"School of Arts + Media, Plymouth College of Art, Plymouth PL4 8AT, UK",1,Arts University Plymouth,I2801530513,no
"School of Behavioral and Social Science, Plymouth Polytechnic, Drake Circus, Plymouth, Devon PL4 8AA, England",1,Plymouth Marine Laboratory,I2802566253,no
"School of Behavioural & Social Science, Plymouth Polytechnic, Plymouth PL4 8AA, Devon, England",1,Plymouth Marine Laboratory,I2802566253,no
"School of Behavioural and Social Science, Plymouth Polytechnic , Drake Circus, Plymouth PL4 8AA, England",1,Plymouth Marine Laboratory,I2802566253,no
"School of Behavioural and Social Science, Plymouth Polytechnic Hoe Centre, Notte Street, Plymouth, England",1,,,no
"School of Behavioural and Social Science, Plymouth Polytechnic, Drake Circus, Plymouth PL4 8AA, England",1,Plymouth Marine Laboratory,I2802566253,no
"School of Behavioural and Social Science, Plymouth Polytechnic, Drake Circus, Plymouth, PL4 8AA, Devon",1,Plymouth Marine Laboratory,I2802566253,no
"School of Behavioural and Social Science, Plymouth Polytechnic, UK",1,,,no
"School of Biological Sciences, Plymouth University, Drake Circus, Plymouth, PL4 8AA, United Kingdom; Department of Earth & Environmental Sciences, Kuwait University, Faculty of Science, P.O. Box 5969, Safat 13060, Kuwait; Kuwait Environment Public Authority (KEPA), P.O. Box: 24395, Safat 13104, Kuwait",1,Kuwait University,I36721946,no
"School of Biological Sciences, Plymouth University, Plymouth, England.Laboratorio de Camaroes Marinhos (LCM), Departamento de Aquicultura, Universidade Federal de Santa Catarina (UFSC), 88061-600, Florianopolis, SC, Brasil",1,Universidade Federal de Santa Catarina,I4104125,no
"School of Biological and Marine Science, Plymouth University, Plymouth PL4 8AA, UK & Plymouth Marine Laboratory, Prospect Place, Plymouth, Devon, PL1 3DH, UK",1,Plymouth Marine Laboratory,I2802566253,no
School of Biological and Marine Sciences  Plymouth UK,1,Plymouth Marine Laboratory,I2802566253,no
"School of Biological and Marine Sciences, Plymouth University, Devon, PL4 8AA, UK; School of Life Sciences, Heriot-Watt University, Edinburgh, EH10 5ES, UK; Center for Environmental Biotechnology, University of Tennessee, 676 Dabney Hall, Knoxville, TN, 37996, USA; Department of Forestry, Wildlife and Fisheries, Center for Environmental Biotechnology, 676 Dabney Hall, The University of Tennessee, Knoxville, TN, 37996, USA. Electronic address: t.henry@hw.ac.uk",1,University of Tennessee at Knoxville,I75027704,no
"School of Biological and Marine Sciences, Plymouth University, UK; HR Wallingford Ltd, Howbery Park, Wallingford, UK",1,HR Wallingford,I2802260906,no
"School of Biological and Marine Sciences, Plymouth, Devon, United Kingdom of Great Britain – England, Scotland, Wales",1,Plymouth Marine Laboratory,I2802566253,no
"School of Biological and Marine Sciences, Plymouth, UK",1,,,no
"School of Biomedical & Healthcare Sciences, Plymouth University Peninsula Schools of Medicine and Dentistry (PUPSMD), Plymouth, United Kingdom",1,,,no
"School of Biomedical & Healthcare Sciences, Plymouth University Peninsula Schools of Medicine and Dentistry, Plymouth PL6 8BU, UK",1,,,no
"School of Biomedical & Healthcare Sciences, Plymouth University Peninsula Schools of Medicine and Dentistry, Portland Square, Plymouth, PL4 8AA, UK",1,,,no
"School of Biomedical and Biological Sciences, Plymouth University Peninsula School of Medicine and Dentistry, UK. Neil.avent@plymouth.ac.uk",1,,,no
"School of Biomedical and Healthcare Sciences, Peninsula Schools of Medicine and Dentistry, Plymouth University, Plymouth, United Kingdom",1,Peninsula College of Medicine and Dentistry,I85788879,no
"School of Biomedical and Healthcare Sciences, Plymouth University Peninsula Schools of Medicine and Dentistry, Plymouth, GB",1,Peninsula College of Medicine and Dentistry,I85788879,no
"School of Biomedical and Healthcare Sciences, Plymouth University Peninsula Schools of Medicine and Dentistry, Plymouth, GB, UK",1,,,no
"School of Biomedical and Healthcare Sciences, Plymouth University Peninsula Schools of Medicine and Dentistry, School of Biomedical and Healthcare Services, Plymouth, UK",1,,,no
"School of Biomedical and Healthcare Sciences, Plymouth University Peninsular Schools of Medicine and Dentistry, Plymouth, UK",1,,,no
"School of Biomedicine and Healthcare Sciences, Plymouth University Peninsula Schools of Medicine and Dentistry, Plymouth, UK",1,,,no
"School of Business and Criminology, University College Plymouth Marjon, Plymouth, UK",1,Plymouth Marjon University,I4210132580,no
"School of Computing and Mathematics Plymouth University, UK Faculty of Engineering and Architecture University, Enna Kore, Italy",1,,,no
"School of Computing and Mathematics and Centre for Mathematical Science, Plymouth University, Plymouth PL4 8AA, United Kingdom and INFN, Sezione di Torino, via Pietro Giuria, 1, I-10125 Torino, Italy",1,"Istituto Nazionale di Fisica Nucleare, Sezione di Torino",I4210099850,no
"School of Computing and Mathematics, Drake Circus PL4 8AA, Plymouth, UK and Faculty of Engineering and Architecture, University of Enna Kore, Viale delle Olimpiadi, Enna, Italy",1,Università degli Studi di Enna Kore,I246010334,no
"School of Computing and Mathematics, Plymouth University, Drake Circus PL4 8AA, Plymouth, UK and Faculty of Engineering and Architecture, University of Enna Kore, Viale delle Olimpiadi, 94100 Enna, Italy",1,Università degli Studi di Enna Kore,I246010334,no
"School of Computing and Mathematics, Plymouth University, Drake Circus, Plymouth PL4 8AA, United Kingdom and Heilbronn Institute for Mathematical Research, University of Bristol, University Walk, Bristol BS8 ITW, United Kingdom e-mail:",1,Heilbronn Institute for Mathematical Research | University of Bristol,I4210166532 I36234482,no
"School of Computing and Mathematics, Plymouth University, Plymouth, United Kingdom ; Institute of Mathematical Problems in Biology of the Russian Academy of Sciences, Pushchino, Russia",1,Institute of Mathematical Problems of Biology,I4210159227,no
"School of Computing and Mathematics, Plymouth, PL4 8AA, UK & PH-TH, CERN, CH-1211 Geneva 23, Switzerland,",1,European Organization for Nuclear Research,I67311998,no
"School of Computing and Mathematics, Plymouth, PL4 8AA, UK and PH-TH, CERN, CH-1211 Geneva 23, Switzerland",1,European Organization for Nuclear Research,I67311998,no
School of Computing and MathematicsFaculty of Science and EnvironmentPlymouth UniversityDrake CircusPlymouthPL4 8AAUK,1,,,no
School of Computing and MathematicsUniversity of PlymouthDrake CircusPlymouthPL4 8AAUK,1,,,no
"School of Computing, Electronics and Mathematics [Plymouth] (B333, Portland Square, Drake Circus, Plymouth, Devon PL4 8AA - Royaume-Uni)",1,,,no
"School of Computing, Electronics and Mathematics, Centre for Robotics and Neural Systems, Plymouth University, Plymouth, UK; Institute of Mathematical Problems of Biology, The Branch of Keldysh Institute of Applied Mathematics of Russian Academy of Sciences, Pushchino, Russia",1,Keldysh Institute of Applied Mathematics | Institute of Mathematical Problems of Biology,I86427540 I4210159227,no
"School of Computing, Electronics and Mathematics, Plymouth University, UK. Renewable Energy Research Center, University of Anbar, Ramadi, Iraq",1,University of Anbar,I27768575,no
"School of Computing, Electronics and Mathematics, Plymouth;  Edith Cowan University",1,Edith Cowan University,I12079687,no
School of Education#R##N#Rolle Building #R##N#Plymouth University#R##N#Drake Circus#R##N#Plymouth#R##N#PL4 8AA,1,,,no
School of EducationUniversity of PlymouthDrakes CircusPlymouth,1,,,no
"School of Electrical Engineering Plymouth Polytechnic Drake Circus Plymouth PL4 8AA, England",1,Plymouth Marine Laboratory,I2802566253,no
"School of Electrical Engineering, Plymouth Polytechnic",1,,,no
"School of Electrical Engineering, Plymouth Polytechnic, Drake Circus, Plymouth PL4 8AA, Devon, UK",1,Plymouth Marine Laboratory,I2802566253,no
"School of Electrical Engineering, Plymouth Polytechnic, England",1,,,no
"School of Electrical Engineering, Plymouth Polytechnic, Plymouth, Devon, UK",1,,,no
"School of Electrical Engineering, Plymouth Polytechnic, Plymouth, UK",1,,,no
"School of Electronic Communication and Electrical Engineering, Polytechnic South West, Drake Circus, Plymouth, Devon PL4 8AA, UK",1,,,no
"School of Electronic Communication and Electrical Engineering, Polytechnic South West, Plymouth, Devon, UK",1,,,no
"School of Electronic and Electrical Engineering, Faculty of Technology, Polytechnic South West, Plymouth, UK",1,,,no
"School of Electronic, Communication & Electrical Engineering, University of Plymouth, Italy",1,,,no
"School of Electronic, Communication and Electrical Engineering and the Centre for Research in Information Storage Technology, University of Plymouth, Plymouth, USA",1,Plymouth State University,I89312276,no
"School of Electronic, Communication and Electrical Engineering, Plymouth Polytechnic, Plymouth, UK",1,Plymouth Marine Laboratory,I2802566253,no
"School of Electronic, Communication and Electrical Engineering, Polytechnic South West, Drake Circus, Plymouth, Devon PL4 8AA, United Kingdom",1,,,no
"School of Electronic, Communication and Electrical Engineering, Polytechnic South West, Plymouth, Devon PL4 8AA, UK",1,Plymouth Marine Laboratory,I2802566253,no
"School of Electronic, Communication and Electrical Engineering, Polytechnic South West, Plymouth, U.K",1,,,no
"School of Electronic, Communication and Electrical Engineering, Polytechnic South West, Plymouth, UK",1,,,no
"School of Engineering Science, Plymouth Polytechnic (Now at Nuclear Power Company (Risley) Ltd, Warrington",1,,,no
"School of Engineering Science, Plymouth Polytechnic 2 Senior lecturer , , Plymouth, U.K",1,Plymouth Marine Laboratory | Plymouth State University,I2802566253 I89312276,no
"School of Engineering Science, Plymouth Polytechnic, Devon, UK",1,,,no
"School of Engineering and Architecture & MaREI, Environmental Research Institute, University College Cork, Ireland (formerly at the University of Plymouth)",1,University College Cork,I27577105,no
"School of Enviornmental Science, Plymouth Polytechnic, Plymouth Great Britain",1,Plymouth Marine Laboratory,I2802566253,no
"School of Environmental Science, Plymouth Polytechnic, Plymouth PL4 8AA, England",1,Plymouth Marine Laboratory,I2802566253,no
"School of Environmental Sciences , Plymouth Polytechnic , Plymouth , (U.K.)",1,Plymouth Marine Laboratory,I2802566253,no
"School of Environmental Sciences , Plymouth Polytechnic , Plymouth, Devon, U.K",1,Plymouth Marine Laboratory,I2802566253,no
"School of Environmental Sciences , Plymouth Polytechnic , Plymouth, PL4 8AA, England",1,Plymouth Marine Laboratory,I2802566253,no
"School of Environmental Sciences, Plymouth Polytechnic Plymouth, Devon PL4 8AA, U.K. 1",1,Plymouth Marine Laboratory,I2802566253,no
"School of Environmental Sciences, Plymouth Polytechnic, Devon, England",1,,,no
"School of Environmental Sciences, Plymouth Polytechnic, Devon, U.K",1,,,no
"School of Environmental Sciences, Plymouth Polytechnic, Drake Circus, PL4 8AA, Plymouth, UK",1,Plymouth Marine Laboratory,I2802566253,no
"School of Environmental Sciences, Plymouth Polytechnic, Drake Circus, Plymouth",1,Plymouth Marine Laboratory,I2802566253,no
"School of Environmental Sciences, Plymouth Polytechnic, Drake Circus, Plymouth PL4 8AA, Devon",1,Plymouth Marine Laboratory,I2802566253,no
"School of Environmental Sciences, Plymouth Polytechnic, Drake Circus, Plymouth PL4 8AA, England",1,Plymouth Marine Laboratory,I2802566253,no
"School of Environmental Sciences, Plymouth Polytechnic, Drake Circus, Plymouth, Devon1",1,Plymouth Marine Laboratory,I2802566253,no
"School of Environmental Sciences, Plymouth Polytechnic, Drake Circus, Plymouth, PL4 8AA, England, 17th July, 1975",1,Plymouth Marine Laboratory,I2802566253,no
"School of Environmental Sciences, Plymouth Polytechnic, Drake Circus, Plymouth, PL4 8AA, UK",1,Plymouth Marine Laboratory,I2802566253,no
"School of Environmental Sciences, Plymouth Polytechnic, Drake Circus, Plymouth, UK",1,Plymouth Marine Laboratory,I2802566253,no
"School of Environmental Sciences, Plymouth Polytechnic, Drake's Circus, Plymouth PL4 8AA, Devon, England",1,Plymouth Marine Laboratory,I2802566253,no
"School of Environmental Sciences, Plymouth Polytechnic, Plymouth Great Britain",1,Plymouth Marine Laboratory,I2802566253,no
"School of Environmental Sciences, Plymouth Polytechnic, Plymouth PL4 8AA *",1,Plymouth Marine Laboratory,I2802566253,no
"School of Environmental Sciences, Plymouth Polytechnic, Plymouth PL4 8AA*",1,Plymouth Marine Laboratory,I2802566253,no
"School of Environmental Sciences, Plymouth Polytechnic, Plymouth PL4 8AA, Devon., U.K",1,Plymouth Marine Laboratory,I2802566253,no
"School of Environmental Sciences, Plymouth Polytechnic, Plymouth PL4 8AA, United Kingdom",1,Plymouth Marine Laboratory,I2802566253,no
"School of Environmental Sciences, Plymouth Polytechnic, Plymouth, Devon, England",1,,,no
"School of Environmental Sciences, Plymouth Polytechnic, Plymouth, Devon, U.K",1,Plymouth Marine Laboratory,I2802566253,no
"School of Environmental Sciences, Plymouth Polytechnic, Plymouth, Devon, UK",1,,,no
"School of Environmental Sciences, Plymouth Polytechnic, Plymouth, England",1,,,no
"School of Environmental Sciences, Plymouth Polytechnic, Plymouth, PL 4 8AA, England",1,Plymouth Marine Laboratory,I2802566253,no
"School of Environmental Sciences, Plymouth Polytechnic, Plymouth, PL4 8AA, UK",1,Plymouth Marine Laboratory,I2802566253,no
"School of Environmental Sciences, Plymouth Polytechnic, Plymouth, UK",1,,,no
"School of Environmental Sciences, Plymouth Polytechnic, Plymouth, United Kingdom",1,,,no
"School of Environmental Sciences, Plymouth Polytechnic. Plymouth, Devon",1,Plymouth Marine Laboratory | Plymouth State University,I2802566253 I89312276,no
"School of Environmental Sciences, Plymouth PolytechnicPlymouth, Devon",1,Plymouth Marine Laboratory,I2802566253,no
"School of Environmental Sciences, Plymouth PolytechnicPlymouth, Devon PL4 8AA, U.K.1",1,Plymouth Marine Laboratory,I2802566253,no
"School of Environmental Sciencies, Plymouth Polytechnic, Drake Circus, Plymouth",1,Plymouth Marine Laboratory,I2802566253,no
School of Geography Earth and Environmental Sciences Plymouth University  Drake Circus Plymouth PL4 8AA,1,,,no
School of Geography Earth and Environmental Sciences Plymouth University  Plymouth PL4 8AA,1,,,no
School of Geography Earth and Environmental Sciences Plymouth University Plymouth Devon PL4 8AA,1,,,no
"School of Geography, Earth and Environmental Sciences (Faculty of Science & Engineering), Plymouth University, United Kingdom; Hydrosciences Montpellier, UMR 5569 CNRS-IRD-UM, CC57, 163 rue Auguste Broussonet, 34090, Montpellier, France",1,Institut de Recherche pour le Développement | Laboratoire HydroSciences Montpellier | Centre National de la Recherche Scientifique,I4210166444 I3019667749 I1294671590,no
"School of Geography, Earth and Environmental Sciences Kirkby Lodge Drake Circus Plymouth Devon PL4 8AA UK",1,,,no
"School of Geography, Earth and Environmental Sciences(Faculty of Science & Engineering), Drake Circus, PL4 8AA, Plymouth, Devon, United Kingdom",1,,,no
"School of Geography, Earth and Environmental Sciences, Kirkby Lodge, Drake Circus, Plymouth, Devon, PL4 8AA UK",1,,,no
"School of Geography, Earth and Environmental Sciences, Plymouth",1,,,no
"School of Geography, Earth and Environmental Sciences, Plymouth University, UK; CAPES Foundation, Ministry of Education of Brazil, Brasília – DF Brazil",1,Ministry of Education,I1293487690,no
"School of Geography, Earth and Environmental Sciences; Plymouth University; Portland Square, A528 Plymouth Devon PL4 8AA UK",1,University of Portland,I71578702,no
School of GeographyUniversity of PlymouthDrake CircusPlymouth PL4 8AAUK,1,,,no
School of GeographyUniversity of PlymouthDrake CircusPlymouthPL4 8AAUK,1,,,no
"School of Health Professions Faculty of Health and Human Sciences, Peninsula Allied Health Centre, Plymouth, Devon, UK",1,Peninsula College of Medicine and Dentistry,I85788879,no
"School of Health Professions, Faculty of Health and Human Sciences, University Hospitals Plymouth, UK",1,University Hospitals Plymouth NHS Trust,I4210166818,no
"School of Health Professions, Faculty of Health: Medicine, Dentistry and Human Science, Peninsula Allied Health Centre, Derriford Rd, Derriford, Plymouth, PL6 8BH, UK",1,,,no
"School of Health Professions, Faculty of Health: Medicine, Dentistry and Human Science, Peninsula Allied Health Centre, Derriford Rd, Derriford, Plymouth, PL6 8BH, UK. jonathan.marsden@plymouth.ac.uk",1,Derriford Hospital,I2802723752,no
"School of Humanities and Performing Arts, Plymouth",1,,,no
School of Languages and Area StudiesUniversity of Plymouth Po1 2DZ,1,,,no
"School of Management and Business Studies, Plymouth Polytechnic, Plymouth PL4 8AA, England",1,,,no
"School of Manufacturing, Materials & Mechanical Engineering Polytechnic South West, Plymouth, United Kingdom",1,,,no
"School of Marine Science & Engineering, Faculty of Science and Environment, Plymouth University, Drake Circus, PL4 8AA, Plymouth, United Kingdom; Departamento de Medio Ambiente, Facultad de Ingeniería, Universidad de Playa Ancha, Casilla 34-V, Valparaíso, Chile; Centro de Estudios Avanzados, Universidad de Playa Ancha, Traslaviña #450, Viña del Mar, Chile",1,Universidad de Playa Ancha de Ciencias de la Educación,I4210100945,no
"School of Marine Science & Engineering, Plymouth University, Drake Circus, Plymouth PL4 8AA, UK; National Center for Ecological Analysis & Synthesis, University of California, Santa Barbara, 735 State Street, Suite 300, Santa Barbara, CA 93101-3351, USA. Electronic address: browne@ncea.ucsb.edu",1,National Center for Ecological Analysis and Synthesis,I4210100421,no
School of Marine Science and Engineering (United Kingdom),1,Institute of Marine Engineering Science and Technology,I4210140417,no
"School of Marine Science and Engineering, CPRG, Drake Circus, PL4 8AA Devon, Plymouth, United Kingdom",1,Plymouth Marine Laboratory,I2802566253,no
"School of Marine Science and Engineering, Faculty of Science and Engineering, Drake Circus, Plymouth, Devon, PL4 8AA, United Kingdom",1,Plymouth Marine Laboratory,I2802566253,no
"School of Marine Science and Engineering, Faculty of Science and Environment, Plymouth University, Drake Circus, PL4 8AA Plymouth, United Kingdom; Departamento de Biología, Facultad de Química y Biología, Universidad de Santiago de Chile, Casilla 40 Correo 33, Santiago, Chile",1,Universidad de Santiago de Chile,I10457146,no
"School of Marine Science and Engineering, Faculty of Science and Environment, Plymouth University, Drake Circus, Plymouth PL4 8AA, UK; Departamento de Biología, Facultad de Química y Biología, Universidad de Santiago de Chile, casilla 40 correo 33, Santiago, Chile; Departamento de Medio Ambiente, Facultad de Ingeniería, Universidad de Playa Ancha, Casilla 34-V, Valparaíso, Chile",1,Universidad de Santiago de Chile,I10457146,no
"School of Marine Science and Engineering, Plymouth, Devon PL4 8AA, United Kingdom",1,Plymouth Marine Laboratory,I2802566253,no
"School of Marine Science and Engineering, Room 108 Reynolds Building, Drake Circus, Plymouth, Devon, PL4 8AA UK",1,,,no
"School of Marine Sciences and Engineering, Plymouth University, Drake Circus, Plymouth, United Kingdom; Departamento de Biología, Facultad de Química y Biología, Universidad de Santiago de Chile, Santiago, Chile",1,Universidad de Santiago de Chile,I10457146,no
"School of Maritime Studies , Plymouth Polytechnic , Plymouth, UK",1,Plymouth Marine Laboratory,I2802566253,no
"School of Maritime Studies, Plymouth Polytechnic",1,California Maritime Academy,I230604491,no
"School of Maritime Studies, Plymouth Polytechnic , Plymouth, UK",1,Plymouth Marine Laboratory,I2802566253,no
"School of Maritime Studies, Plymouth Polytechnic, Plymouth, Devon, England",1,Plymouth Marine Laboratory,I2802566253,no
"School of Math. Sci., Plymouth Polytech., Plymouth, UK",1,,,no
"School of Math. Sci., Plymouth Polytechnic, Plymouth, UK",1,Plymouth Marine Laboratory,I2802566253,no
"School of Mathematical Sciences , Plymouth Polytechnic , England",1,,,no
"School of Mathematical Sciences, Plymouth Polytechnic, England",1,Department of Mathematical Sciences,I4210124601,no
"School of Mathematical Sciences, Plymouth Polytechnic, Plymouth, PL4 8A A, Devon, England",1,Plymouth Marine Laboratory,I2802566253,no
"School of Mathematical sciences, Plymouth Polytechnic, Plymouth, UK",1,Plymouth Marine Laboratory,I2802566253,no
"School of Mathematics and Statistics, Room 301, Tamar Science Park, 1 Davy Road, Plymouth, Devon PL6 8BX, UK",1,Plymouth Marine Laboratory,I2802566253,no
"School of Mathematics and Statistics, University of Plymouth, USA",1,Plymouth State University,I89312276,no
"School of Mathematics, Statistics and Computing, Plymouth Polytechnic, Devon",1,Plymouth Marine Laboratory,I2802566253,no
"School of Mechanical Engineering, Plymouth Polytechnic, Plymouth, Devon, UK",1,,,no
School of Medicine and Dentistry #R##N#Plymouth University,1,,,no
"School of Medicine, Peninsula Medical School, Plymouth, Devon, UK",1,Peninsula College of Medicine and Dentistry,I85788879,no
"School of Medicine, Peninsula School of Medicine, Plymouth, GBR",1,Peninsula College of Medicine and Dentistry,I85788879,no
"School of Medicine, Plymouth University Peninsula Schools of Medicine and Dentistry (PUPSMD), Drake Circus, Plymouth PL4 8AA, UK",1,,,no
"School of Nursing and Midwifery, Faculty of Health and Human Sciences, Plymouth University, Plymouth, United Kingdom; and Nursing Department, Hunan Children’s Hospital, Changsha, Hunan, People’s Republic of China",1,Hunan Children's Hospital,I4210132733,no
"School of Nursing and Midwifery, Faculty of Health, University of Plymouth, Plymouth, United Kingdom; Nursing Department, Zhongshan Hospital of Fudan University, Shanghai, China; Curtin School of Nursing, Faculty of Health Sciences, Curtin University, Perth, Australia",1,,,no
"School of Nursing and Midwifery, Monash University, Berwick Campus, 100 Clyde Road Berwick 3806, Australia; School of Nursing and Midwifery, Plymouth University, Drake Circus, Plymouth, United Kingdom",1,,,no
"School of Nursing and Midwifery, Monash University, McMahons Road, Frankston, Victoria, Australia; Plymouth University/Royal Devon and Exeter Hospital Clinical School, Drake Circus, Plymouth, Devon, PL4 8AA, United Kingdom",1,,,no
"School of Nursing and Midwifery, Monash University, PO Box 527, Frankston, VIC 3199, Australia; School of Nursing and Midwifery, Plymouth University, UK. Electronic address: ruth.endacott@monash.edu",1,Monash University,I56590836,no
"School of Nursing and Midwifery, Plymouth University/Royal Devon and Exeter Clinical School, Devon, UK",1,,,no
"School of Nursing, Campus Bio-Medico di Roma University, Rome, Italy (Mss Piredda, Matarese, and De Marinis); Department of Biomedicine and Prevention, University of Rome Tor Vergata, Rome, Italy (Mss Vellone and Alvaro); Nursing Management Service, Azienda Sanitaria Locale, Oristano, Italy (Ms Piras); Department of Psychology, Sapienza University of Rome, Rome, Italy (Dr Fida), Faculty of Health & Human Sciences, School of Nursing and Midwifery, Plymouth University, United Kingdom (Dr Latour); and School of Nursing and Midwifery, Faculty Health Science, Curtin University, Perth, Australia (Dr Latour)",1,Curtin University,I205640436,no
"School of Ophthalmology, South West Peninsula Postgraduate Medical Education, Plymouth, UK",1,Peninsula College of Medicine and Dentistry,I85788879,no
School of Psychology Plymouth University Drake Circus Plymouth PL4 8AA,1,,,no
"School of Psychology Plymouth University, UK & Royal Eye Infirmary, Derriford Hospital, Plymouth, UK",1,Derriford Hospital,I2802723752,no
"School of Psychology and Neuroscience, University of St. Andrews, St Andrews, Fife, KY16 9TS, United Kingdom, School of Computing and Mathematics, Plymouth University, Plymouth, Devon, PL4 8AA, United Kingdom, and Institute of Mathematical Problems in Biology, Russian Academy of Sciences, 142290, Pushchino, Russia",1,University of St Andrews,I16835326,no
"School of Psychology, Cognition Institute, Plymouth University , Plymouth , UK ; Institute of Health and Biomedical Innovation and School of Psychology and Counselling, Queensland University of Technology , Brisbane, QLD , Australia",1,Queensland University of Technology,I160993911,no
"School of Psychology, Cognition Institute, Plymouth University, Plymouth, PL4 8AA, UK; Institute of Health & Biomedical Innovation and School of Psychology & Counselling, Queensland University of Technology, Brisbane 4000, QLD, Australia",1,,,no
"School of Psychology, Cognition Institute, Plymouth University, UK; Institute of Health and Biomedical Innovation and School of Psychology and Counselling, Queensland University of Technology, Australia",1,Queensland University of Technology,I160993911,no
"School of Psychology, Cognition Institute, Plymouth University, UK; Institute of Health and Biomedical Innovation and School of Psychology and Counselling, Queensland University of Technology, Australia. Electronic address: jackie.andrade@plymouth.ac.uk",1,,,no
"School of Psychology, Cognition Institute, Plymouth University, United Kingdom; Institute of Health and Biomedical Innovation and School of Psychology & Counselling, Queensland University of Technology, Brisbane, QLD, Australia",1,Queensland University of Technology,I160993911,no
"School of Psychology, Plymouth University & NIHR CLAHRC South-West Peninsula, UK",1,,,no
"School of Psychology, Plymouth University, Drake Circus, Plymouth, Devon PL4 8AA, United Kingdom; European Centre for Environment and Human Health, University of Exeter Medical School, Knowledge Spa, Royal Cornwall Hospital, Truro, Cornwall TR1 3HD, United Kingdom",1,Royal Cornwall Hospital,I2799759729,no
"School of Psychology, Plymouth, United Kingdom",1,,,no
"School of Psychology, University of Plymouth, UK; Cognitive Science HUB, University of Vienna, Austria. Electronic address: sabine.pahl@univie.ac.at",1,,,no
"Schumacher Society, Plymouth University, Plymouth, Brazil",1,,,no
"Sci. Education Dept., Coll. of St. Mark & St. John, Plymouth, UK",1,Plymouth Marjon University,I4210132580,no
"Science Department, Burleigh School, Plymouth",1,,,no
Science Librarian Plymouth Polytechnic Plymouth Devon PL4 8AA U.K,1,Plymouth Marine Laboratory,I2802566253,no
"Senior Assistant Librarian, Local and Naval Studies, Central Library, Plymouth",1,,,no
"Senior Lecturer , Plymouth School of Architecture ,",1,Arts University Plymouth,I2801530513,no
"Senior Lecturer in Construction Law, School of Engineering, Drake Circus, Plymouth, Devon, U.K. E-mail: sdonohoe@plymouth.ac.uk",1,,,no
"Senior Lecturer in Dental Education and Oral Pathology, Plymouth",1,,,no
"Senior Lecturer in Dental Education and Oral Pathology, The John Bull Building, Tamar Science Park, Plymouth, PL6 8BU",1,Vitenparken,I4210156470,no
"Senior Lecturer in Geography Department of Geographical Sciences Plymouth Polytechnic, Plymouth Devon, PL4 8AA, UK",1,,,no
"Senior Lecturer in Geriatric Medicine, Plymouth, England",1,Plymouth Hospital,I4210163658,no
"Senior Lecturer in Social Work, Plymouth Polytechnic, Drake Circus, Plymouth PL4 8AA",1,Plymouth Marine Laboratory,I2802566253,no
"Senior Lecturer in Statistics, Polytechnic South West, Plymouth",1,,,no
"Senior Lecturer, Institute of Health Studies, Plymouth University. At the time of writing she was a lecturer in nursing at the Florence Nightingale School of Nursing and Midwifery, King's College, London",1,King's College London,I183935753,no
"Senior Lecturer, Plymouth Business School, Plymouth Polytechnic",1,,,no
"Senior Lecturer, Plymouth Polytechnic Business School",1,ICN Business School Nancy-Paris-Berlin,I4400600934,no
"Senior Lecturer, University College of St Mark and St John, Plymouth, UK",1,Plymouth Marjon University,I4210132580,no
"Senior Lecturer, University of Plymollth",1,,,no
"Senior Lecturers in the Department of Geographical Sciences , Polytechnic South West , Plymouth, PL4 8AA, United Kingdom",1,Plymouth Marine Laboratory,I2802566253,no
"Senior Lecturers in the Department of Geographical Sciences, Polytechnic South West, Plymouth, PL4 8AA, United Kingdom",1,,,no
"Senior Psychometrician Plymouth University Peninsula Schools of Medicine and Dentistry,",1,Peninsula College of Medicine and Dentistry,I85788879,no
"Senior Research Fellow, Primary Care Group, Centre for Clinical Trials and Population Studies, Plymouth University Peninsula Schools of Medicine and Dentistry, UK",1,,,no
"Senior Research Nurse, EarlyBird Diabetes, Peninsula Medical School, Plymouth, UK",1,Peninsula College of Medicine and Dentistry,I85788879,no
"Senior lecturer in political science , Polytechnic South West , Plymouth",1,,,no
"Senior lecturer in political science, Polytechnic South West, Plymouth",1,,,no
"Sensors Team, Plymouth University at Britannia Royal Naval College, Dartmouth",1,Britannia Royal Naval College,I4210133766,no
"Sensors Team, Plymouth University at Britannia Royal Naval College, Dartmouth, Devon, UK",1,Britannia Royal Naval College,I4210133766,no
"Shanghai Changning Mental Health Center, Shanghai, China; Brain Research & Imaging Centre, School of Psychology, Cognition Institute, Faculty of Health & Human Sciences, Plymouth University, UK. Electronic address: xinhua.yang@kcl.ac.uk",1,Shanghai Changning Mental Health Center,I4210161683,no
"Ship Dynamics and Control Research Group, Plymouth Polytechnic, UK",1,Plymouth Marine Laboratory,I2802566253,no
"Simon Rundle (biologist), Marine Biology and Ecology Research Centre, School of Marine Science and Engineering, Plymouth University, PL4 8AA, U.K",1,Plymouth Marine Laboratory,I2802566253,no
"Simon Rundle (biologist), Marine Biology and Ecology Research Centre, School of Marine Science and Engineering, Plymouth University, PL4 8AA, U.K. Email:",1,Plymouth Marine Laboratory,I2802566253,no
"Simon Rundle is Reader in Aquatic Biology and coordinator of the Marine Biology and Ecology Research Centre at Plymouth University. His research focuses on links between development, ecology and evolution, but he has recently developed an interest in interdisciplinary research, in particular parallels between artistic and scientific practice",1,,,no
"Sione Hall, Plymouth",1,,,no
"Sir Alister Hardy Foundation for Ocean Science, Marine Institute, Plymouth University, Plymouth, UK",1,Continuous Plankton Recorder Survey,I4210102263,no
"Social Sciences, Plymouth Polytechnic, Plymouth Devon PL4 8AA",1,Plymouth Marine Laboratory,I2802566253,no
"Social Work Course, Plymouth Polytechnic, 5 Portland Villas, Plymouth, Devon, U.K",1,Plymouth Marine Laboratory,I2802566253,no
"Sociology of Health and Illness, Peninsula Schools of Medicine and Dentistry, Plymouth University Anya de Iongh, Patient Educator across a range of universities and Associate Fellow, Higher Education Academy",1,Higher Education Academy,I68879011,no
"Sociology of Health and Illness, Peninsula Schools of Medicine and Dentistry, Plymouth University, Plymouth, UK;",1,,,no
"SoftBank Robotics Europe, Plymouth University, UK",1,,,no
South West Peninsula Postgraduate Medical Education School of Ophthalmology Plymouth UK,1,Peninsula College of Medicine and Dentistry,I85788879,no
"South West Peninsula Postgraduate Medical Education, School of Ophthalmology, Plymouth, UK",1,Peninsula College of Medicine and Dentistry,I85788879,no
St Mellitus College Plymouth UK,1,Peninsula College of Medicine and Dentistry,I85788879,no
"State Institute of Engineering and Technology, Nilokheri,National Institute of Technology, Kurukshetra, India,SOET,Plymouth University, Plymouth",1,National Institute of Technology Kurukshetra,I105094715,no
"State Key Laboratory of Lake Science and Environment, Nanjing Institute of Geography and Limnology, Chinese Academy of Sciences, Nanjing, 210008, China; School of Environmental Sciences, Nanjing Xiaozhuang University, Nanjing, 211171, China; School of Geography, Earth and Environmental Sciences, Plymouth University, PL4 8AA, UK. Electronic address: xlwang0718@njxzc.edu.cn",1,Nanjing Institute of Geography and Limnology,I4210134482,no
"Stephen J. Essex is a Lecturer in Geography at the Department of Geographical Sciences, Polytechnic South West, Drake Circus, Plymouth, PL4 8AA, Devon, UK",1,,,no
"Tamsin Ford is Senior Lecturer in Child Psychiatry, Peninsula Medical School, Plymouth Devon",1,Ford Motor Company (United States),I1292974536,no
"Teaches history in the Department of Social and Political Studies , Plymouth Polytechnic",1,,,no
"Teaches history in the Department of Social and Political Studies, Plymouth Polytechnic",1,,,no
"Technical College, Plymouth",1,,,no
"The Advanced Composite Manufacturing Centre, Department of Mechanical Engineering Plymouth Polytechnic, Drake Circus, Plymouth, PL4 8AA",1,Plymouth Marine Laboratory,I2802566253,no
The Business School at Plymouth polytechnic,1,,,no
"The Business School, Polytechnic South West , Drake Circus, Plymouth , PL4 8AA",1,,,no
"The Business School, Polytechnic South West, Drake Circus, Plymouth, PL4 8AA",1,,,no
"The CIM Institute, Plymouth Polytechnic, England",1,,,no
"The Centre for Marine and Coastal Policy Research, Marine Institute, Plymouth University, Level 3 Marine Building, Drake Circus, Plymouth, Devon PL4 8AA, United Kingdom",1,,,no
"The Centre for Public Health, Liverpool John Moores University, Liverpool, United Kingdom; Plymouth University, Plymouth, United Kingdom",1,Liverpool John Moores University,I63098007,no
"The Department of Biological Sciences, Plymouth Polytechnic, Plymouth PL4 8AA, U.K",1,Plymouth Marine Laboratory,I2802566253,no
"The Department of Clinical Neuroscience, Plymouth University Peninsula Schools of Medicine and Dentistry, Devon, UK",1,Peninsula College of Medicine and Dentistry,I85788879,no
"The Department of Environmental Sciences, Polytechnic South West, Plymouth, UK",1,,,no
"The EarlyBird Diabetes Study, Department of Endocrinology & Metabolism, Peninsula Medical School, Plymouth Campus, UK",1,Peninsula College of Medicine and Dentistry,I85788879,no
"The EarlyBird Diabetes Study, Department of Endocrinology and Metabolism, Peninsula Medical School, Plymouth Campus, UK",1,Peninsula College of Medicine and Dentistry,I85788879,no
"The EarlyBird Research Centre, Peninsula Medical School, Plymouth, UK",1,,,no
"The EarlyBird Research Centre, Peninsula Medical School, Plymouth, UK. T.Wilkin@pms.ac.uk",1,,,no
"The EarlyBird Research Centre, Peninsula Medical School, Plymouth, UK. linda.voss@pms.ac.uk",1,Peninsula College of Medicine and Dentistry,I85788879,no
"The EarlyBird Study, Peninsula Medical School, Plymouth Campus, Plymouth PL6 8DH, UK",1,Peninsula College of Medicine and Dentistry,I85788879,no
"The Higher Education Academy Subject Centre for Geography, Earth and Environmental Sciences, Plymouth University , UK",1,Higher Education Academy,I68879011,no
"The Higher Education Academy Subject Centre for Geography, Earth and Environmental Sciences, Plymouth University, UK",1,Higher Education Academy,I68879011,no
"The Institute of Translational and Stratified Medicine, Plymouth University Peninsula Schools of Medicine and Dentistry and The South West Liver Unit, Derriford Hospital, Plymouth, UK",1,Derriford Hospital,I2802723752,no
"The Marine Institute, Drake Circus, Plymouth University, Plymouth, PL4 8AA, Devon UK",1,,,no
"The Marine Institute, Marine Building, Level 3, Plymouth University, Drake Circus, Plymouth PL4 8AA, UK",1,,,no
"The Planetary Collegium, Plymouth University",1,Planetary Science Institute,I1302918504,no
"The Plymouth Business School , Plymouth Polytechnic ,",1,,,no
"The Plymouth Business School, Plymouth Polytechnic",1,Plymouth Marine Laboratory | Plymouth State University,I2802566253 I89312276,no
"The Polytechnic Plymouth, U.K",1,,,no
The University of Ply-mouth at Exmouth,1,,,no
"The work reported here was undertaken at Plymouth Polytechnic, where Mr. Webster is head of the Department of Electrical Engineering",1,,,no
"Third-year nursing student, Plymouth",1,,,no
"Tim May has been a Lecturer in Sociology and Social Policy at the University of Durham, New Elvet, DurhamDH1 3JT, UK, since 1995 and previously taught at the University of Plymouth following his PhD (1990). He has published books on management and organizational change in a human service organization (1991); contemporary social theory (1996); philosophy and social research (with Malcolm Williams, 1996) and the issues, methods and process in social research (1993, 2nd edition 1997). He has also co-edited books on ethnography (1993), work with offenders (1996) and philosophy, social theory and methodology (1998). He is currently working on an edited collection on qualitative research, editing a new book series entitled Issues in Society (Open University Press) and continuing his research interests on social theory and methodology and, with the aid of a grant, management, power and organizational change. E-mail: t.p.may@durham.ac.uk",1,Durham University,I190082696,no
"Tor and SW College of Health, Plymouth",1,,,no
"Tor and South West College of Health, Plymouth, UK",1,South West College,I2800296018,no
"Torrington, Devon; NIHR Academic Clinical Fellow in General Dental Practice and Honorary Lecturer, Plymouth University Peninsula Schools of Medicine & Dentistry",1,Peninsula College of Medicine and Dentistry,I85788879,no
"Trainee Physician Associate, Plymouth University Peninsula Schools of Medicine and Dentistry",1,Peninsula College of Medicine and Dentistry,I85788879,no
"Transport Studies Group , Plymouth Polytechnic , UK",1,,,no
"Transport Studies Group, Plymouth Polytechnic, UK",1,,,no
"U Plymouth, Dept of Psychology, Devon, United Kingdom",1,,,no
"U Plymouth, England",1,,,no
"U Plymouth, Faculty of Arts & Education, Devon, England",1,,,no
"U.S. National Oceanic and Atmospheric Administration, Center for Coastal Monitoring and Assessment, Silver Spring, Maryland, United States of America; Center for Marine and Environmental Studies, University of the Virgin Islands, St. Thomas, Virgin Islands, U.S. Virgin Islands; Centre for Marine and Coastal Policy Research, The Marine Institute, Marine Building, Plymouth University, Plymouth, Devon, United Kingdom",1,University of the Virgin Islands,I17001226,no
"UHP, Plymouth, United Kingdom",1,,,no
"UNEP World Conservation Monitoring Centre, Cambridge, CB3 0DL, UK; Centre for Marine Conservation Policy Research, Plymouth University, Plymouth Devon, PL4 8AA, UK",1,UN Environment Programme World Conservation Monitoring Centre,I164576550,no
"Underwater Centre, Plymouth Polytechnic, Plymouth PL4 8AA, England",1,Plymouth Marine Laboratory,I2802566253,no
"Uniaersity of Plymouth , Neuton Abbot , Dnon TQ12 6NQ",1,,,no
"Unit of Fish Disease, Department of Biological Sciences, Plymouth Polytechnic, Plymouth, Devon, U.K",1,Plymouth Marine Laboratory,I2802566253,no
"Unit of Fish Disease, Plymouth Polytechnic, Plymouth, Devon, U.K",1,Plymouth Marine Laboratory,I2802566253,no
"Unit of Fish Diseases, Department of Biological Sciences, Plymouth Polytechnic, U.K",1,,,no
"Unit of Fish Diseases, Plymouth Polytechnic, Drake Circus, Plymouth, U.K",1,Plymouth Marine Laboratory,I2802566253,no
"Unit of Fish Diseases, Plymouth Polytechnic, Plymouth, Devon, U.K",1,Plymouth Marine Laboratory,I2802566253,no
"Univ Plymouth, Derriford Hosp, Dept Gastroenterol",1,Derriford Hospital,I2802723752,no
"Univ. Coll. Plymouth St. Mark & St. John, Plymouth",1,,,no
Universidad de Plymouth y Escuela de Gestión IESEG (Universidad Católica de Lille  Francia),1,Université Catholique de Lille,I181827316,no
"Universidad de Plymouth y Universidad de Exeter : 2007 ISBN : 1845410726 , 9781845410728",1,University of Exeter,I23923803,no
"Universidad de Plymouth y Universidad de Exeter: 2007 ISBN: 1845410726, 9781845410728",1,University of Exeter,I23923803,no
"Universidad de Plymouth, Reino Unido",1,United Nations Industrial Development Organization,I1325620243,no
"Universidad de Valladolid, Departamento de Física Teórica, Atómica y Óptica, Paseo de Belén, 7 - Campus Miguel Delibes, 47011 Valladolid, Spain; Universidad de Valladolid, Instituto Universitario de Oftalmobiología Aplicada (IOBA), Paseo de Belén, 17 - Campus Miguel Delibes, 47011 VALLADOLID, Spain; Optometry Research Group, IOBA Eye Institute, School of Optometry, University of Valladolid, Valladolid, Spain; Faculty of Health and Human Sciences, Plymouth University, Derriford Road, PL6 8BH Plymouth, United Kingdom. Electronic address: raul@ioba.med.uva.es",1,Universidad de Valladolid,I108103353,no
"Universidad de Valladolid, Departamento de Física Teórica, Atómica y Óptica, Paseo de Belén, 7 - Campus Miguel Delibes, 47011 Valladolid, Spain; Universidad de Valladolid, Instituto Universitario de Oftalmobiología Aplicada (IOBA), Paseo de Belén, 17 - Campus Miguel Delibes, 47011 Valladolid, Spain; Optometry Research Group, IOBA Eye Institute, School of Optometry, University of Valladolid, 47011 Valladolid, Spain; School of Health Professions, Plymouth University, Plymouth PL68BH, UK",1,Universidad de Valladolid,I108103353,no
"Universidad de Valladolid, Departamento de Física Teórica, Atómica y Óptica, Paseo de Belén, 7 - Campus Miguel Delibes, 47011 Valladolid, Spain; Universidad de Valladolid, Instituto Universitario de Oftalmobiología Aplicada (IOBA), Paseo de Belén, 17 - Campus Miguel Delibes, 47011 Valladolid, Spain; Optometry Research Group, IOBA Eye Institute, School of Optometry, University of Valladolid, Valladolid, Spain; Faculty of Health and Human Sciences, Plymouth University, Derriford Road, PL6 8BH Plymouth, United Kingdom. Electronic address: raul@ioba.med.uva.es",1,Universidad de Valladolid,I108103353,no
"Universidad de Valladolid, Departamento de Física Teórica, Atómica y Óptica, Paseo de Belén, 7, Campus Miguel Delibes, Valladolid 47011, Spain; Universidad de Valladolid, Instituto Universitario de Oftalmobiología Aplicada (IOBA), Paseo de Belén, 17, Campus Miguel Delibes, Valladolid 47011, Spain; Optometry Research Group, IOBA Eye Institute, School of Optometry, University of Valladolid, Valladolid 47011, Spain; School of Health Professions, Plymouth University, Plymouth PL68BH, UK",1,Universidad de Valladolid,I108103353,no
"Universidad de Valladolid, Instituto Universitario de Oftalmobiología Aplicada (IOBA), Paseo de Belén 17 - Campus Miguel Delibes, 47011 Valladolid, Spain; Universidad de Valladolid, Departamento de Física Teórica, Atómica y Óptica. Paseo de Belén, 7 - Campus Miguel Delibes, 47011 Valladolid, Spain; Optometry Research Group, IOBA Eye Institute. School of Optometry, University of Valladolid. Valladolid, Spain; Faculty of Health and Human Sciences, Plymouth University, Derriford Road, PL6 8BH Plymouth, United Kingdom. Electronic address: raul@ioba.med.uva.es",1,Universidad de Valladolid,I108103353,no
"Universidad de Valladolid, Instituto Universitario de Oftalmobiología Aplicada (IOBA), Paseo de Belén, 17 - Campus Miguel Delibes, 47011 Valladolid, Spain; Optometry Research Group, IOBA Eye Institute, School of Optometry, University of Valladolid, Valladolid, Spain; School of Health Professions, Plymouth University, Derriford Road, Plymouth PL6 8BH, UK. Electronic address: raul@ioba.med.uva.es",1,Universidad de Valladolid,I108103353,no
"Universidade de Plymouth,  Reino Unido",1,United Nations Industrial Development Organization,I1325620243,no
"Universidade de Plymouth, Plymouth, Reino Unido",1,United Nations Industrial Development Organization,I1325620243,no
"Universities of Plymouth and Exeter, UK",1,,,no
"Universities of Plymouth and Exeter, UK; CATHERINE WATERS, PhD, is a Lecturer of Community Learning at Truro College, Cornwall",1,University of Exeter,I23923803,no
"Universities of Plymouth and Exeter, and",1,Phillips Exeter Academy,I2800015558,no
"University College , Plymouth, United Kingdom",1,,,no
"University College Plymouth , St Mark & St",1,Plymouth Marjon University,I4210132580,no
"University College Plymouth , St Mark and St John, Derriford Road, Plymouth, UK",1,Plymouth Marjon University,I4210132580,no
"University College Plymouth , St Mark and St John, UK",1,Plymouth Marjon University,I4210132580,no
"University College Plymouth , St. Mark & St. John, Plymouth, UK",1,Plymouth Marjon University,I4210132580,no
"University College Plymouth , St. Mark and St. John , UK",1,Plymouth Marjon University,I4210132580,no
University College Plymouth : St Mark & St John,1,Plymouth Marjon University,I4210132580,no
"University College Plymouth Marjon , UK",1,Plymouth Marjon University,I4210132580,no
"University College Plymouth Marjon, Plymouth, UK",1,Plymouth Marjon University,I4210132580,no
"University College Plymouth St Mark & St John , Plymouth",1,Plymouth Marjon University,I4210132580,no
"University College Plymouth St Mark & St John , UK",1,Plymouth Marjon University,I4210132580,no
"University College Plymouth St Mark & St John, Plymouth PL6 8BH, Email: [email protected]",1,,,no
"University College Plymouth St Mark & St John, Plymouth PL6 8BH, Email: pcouper@marjon.ac.uk",1,Plymouth Marjon University,I4210132580,no
"University College Plymouth St Mark & St John, Plymouth PL6 8BH. Email: [email protected]",1,,,no
"University College Plymouth St Mark & St John, Plymouth PL6 8BH. Email: pcouper@marjon.ac.uk",1,Plymouth Marjon University,I4210132580,no
"University College Plymouth St Mark & St John, Plymouth, UK",1,Plymouth Marjon University,I4210132580,no
"University College Plymouth St Mark & St John, Plymouth, UK twright@marjon.ac.uk",1,Plymouth Marjon University,I4210132580,no
"University College Plymouth St Mark & St John, Plymouth, UK#TAB#",1,Plymouth Marjon University,I4210132580,no
"University College Plymouth St Mark & St John, gstoakes@marjon.ac.uk",1,Plymouth Marjon University,I4210132580,no
"University College Plymouth St Mark & St John, pcouper@marjon.ac.uk",1,Plymouth Marjon University,I4210132580,no
"University College Plymouth St Mark & Stjohn, UK",1,Plymouth Marjon University,I4210132580,no
University College Plymouth St Mark &amp; St John Plymouth UK,1,Plymouth Marjon University,I4210132580,no
"University College Plymouth St Mark and St John , Plymouth , UK",1,Plymouth Marjon University,I4210132580,no
"University College Plymouth St Mark and St John , UK",1,Plymouth Marjon University,I4210132580,no
University College Plymouth St Mark and St John Plymouth United Kingdom,1,Plymouth Marjon University,I4210132580,no
University College Plymouth St Mark and St John UK,1,Plymouth Marjon University,I4210132580,no
"University College Plymouth St Mark and St John, Derriford Road, Plymouth, Devon, PL6 8BH, U.K",1,Plymouth Marjon University | Derriford Hospital,I4210132580 I2802723752,no
"University College Plymouth St Mark and St John, Plymouth, UK",1,Plymouth Marjon University,I4210132580,no
"University College Plymouth St. Mark and St. John , Plymouth, UK",1,Plymouth Marjon University,I4210132580,no
"University College Plymouth, St Mark & St John",1,Plymouth Marjon University,I4210132580,no
"University College Plymouth, St Mark and St John",1,Plymouth Marjon University,I4210132580,no
"University College Plymouth, St Mark and St John, Derriford Road, Plymouth, UK",1,Plymouth Marjon University,I4210132580,no
"University College Plymouth, St Mark and St John, UK",1,Plymouth Marjon University,I4210132580,no
"University College Plymouth, St Mark and St John, United Kingdom",1,Plymouth Marjon University,I4210132580,no
"University College Plymouth, St. Mark & St. John, Plymouth, UK",1,Plymouth Marjon University,I4210132580,no
"University College Plymouth, St. Mark and St. John, UK",1,Plymouth Marjon University,I4210132580,no
"University College of Plymouth, St Mark & St John, Derriford Road, Plymouth, Devon PL6 8BH, UK.e‐mail: AFisher@marjon.ac.uk",1,Plymouth Marjon University,I4210132580,no
"University College of St Mark & St John, Plymouth, United Kingdom",1,Plymouth Marjon University,I4210132580,no
"University College of St Mark and Sf Jobn , Plymouth, UK",1,Plymouth Marjon University,I4210132580,no
"University College of St Mark and St John , Derriford Road, Plymouth PL6 8BH, UK E-mail: stagja@lib.marjon.ac.uk",1,Plymouth Marjon University,I4210132580,no
"University College of St Mark and St John , Plymouth , United Kingdom",1,Plymouth Marjon University,I4210132580,no
"University College of St Mark and St John, Department of Social Sciences , Derriford Road, Plymouth PL6 8BH, UK E-mail: stagja@lib.marjon.ac.uk",1,Plymouth Marjon University,I4210132580,no
"University College of St Mark and St John, Department of Social Sciences, Derriford Road, Plymouth PL6 8BH, UK E-mail: stagja@lib.marjon.ac.uk",1,Plymouth Marjon University,I4210132580,no
"University College of St Mark and St John, Derriford Road, Plymouth PL6 8BH, UK E-mail: stagja@lib.marjon.ac.uk",1,Plymouth Marjon University,I4210132580,no
"University College of St Mark and St John, Plymouth, UK",1,Plymouth Marjon University,I4210132580,no
"University College of St. Mark & St. John , Plymouth",1,Plymouth Marjon University,I4210132580,no
"University College of St. Mark & St. John, Plymouth",1,Plymouth Marjon University,I4210132580,no
"University Hospitals Plymouth NHS Trust, and  Honorary Associate Professor, Plymouth Univesity",1,University Hospitals Plymouth NHS Trust,I4210166818,no
"University Hospitals Plymouth, Head of Peninsula Postgraduate School of Surgery, and Chair, Confederation of Postgraduate Schools of Surgery, UK",1,Peninsula College of Medicine and Dentistry,I85788879,no
"University Medicine, Level 07 Derriford Hospital; Plymouth University Peninsula Schools of Medicine and Dentistry; Plymouth UK",1,Derriford Hospital,I2802723752,no
"University Medicine, Peninsula Medical School , Plymouth, UK",1,Peninsula College of Medicine and Dentistry,I85788879,no
"University Medicine, Peninsula Medical School, Plymouth, U.K",1,Peninsula College of Medicine and Dentistry,I85788879,no
"University Of Plymouth NHS Trust, Plymouth, UK",1,University Hospitals Plymouth NHS Trust,I4210166818,no
"University of Exeter Medical School, Exeter, UK; Peninsula Dental School, Plymouth University, Plymouth, PL4 8AA, United Kingdom",1,Peninsula College of Medicine and Dentistry,I85788879,no
"University of Exeter, Tutor, Plymouth University, Insight Alcohol and Drug Services, Exeter",1,University of Exeter,I23923803,no
University of PIymouth,1,Falmouth University,I189486483,no
"University of Plymouth , Institute of Health Studies , Exeter EX2 6AS , UK",1,University of Exeter,I23923803,no
"University of Plymouth , School of Nursing and Midwifery , The Exeter School of Nursing , Exeter , UK",1,University of Exeter,I23923803,no
"University of Plymouth Drake Circus Plymouth PL4 8AA, USA",1,Plymouth State University,I89312276,no
"University of Plymouth Hospitals Trust, United Kingdom",1,University Hospitals Plymouth NHS Trust,I4210166818,no
"University of Plymouth Oral Health Services and Clinical Epidemiology Research Group, Berlin, Germany",1,Clinical Research Services,I4210103903,no
University of Plymouth USA,1,Plymouth State University,I89312276,no
"University of Plymouth, Barbados",1,Ross University School of Medicine,I4210122525,no
"University of Plymouth, Faculty of Medicine and Dentistry, Plymouth, PL4 8AA, United Kingdom; Centre for Host-Microbiome Interactions, Faculty of Dentistry, Oral & Craniofacial Sciences, King's College London, Guy's Hospital, Great Maze Pond, London, SE1 9RT, United Kingdom. Electronic address: svetislav.zaric@kcl.ac.uk",1,,,no
"University of Plymouth, Montserrat",1,Montserrat Volcano Observatory,I2799594168,no
"University of Plymouth, Plymouth, PL, USA",1,Plymouth State University,I89312276,no
"University of Plymouth, Plymouth/Devon, United States",1,Plymouth State University,I89312276,no
"University of Plymouth, Proteomics, Belfied, Ireland",1,,,no
"University of Plymouth, School of Humanities and Cultural Interpretation, Plymouth, USA",1,Plymouth State University,I89312276,no
"University of Plymouth, United States",1,Plymouth State University,I89312276,no
"University of Plymoutn ,",1,Shantou University,I32574673,no
"University of Plymoutn,",1,,,no
University of Pymouth,1,,,no
Université de Plymouth et IESEG,1,,,no
Visiling Professor in Deparlment of Environmental Sciences University of Plymoulh,1,,,no
"Visiling Professor in Deparlment of Environmental Sciences University of Plymoulh; and Analytical Ltd 84 Chaucer Business Park Watery Lane, Kemsing, Sevenoaks, Kent 7N15 6Q7 UK",1,,,no
"Visiting Research Fellow, Polytechnic South West, Plymouth, UK",1,,,no
"Wolsdon Street School for Handicapped Boys , Plymouth",1,,,no
Working sessionally with three PCTs in Somerset. He teaches on Bournemouth University's nurse practitioner course and Plymouth University's nurse prescribing course,1,Bournemouth University,I9300472,no
"Year 5 Medical Student, Plymouth University Peninsula Medical School, Plymouth",1,Peninsula College of Medicine and Dentistry,I85788879,no
"[Department of Electrical and Electronic Engineering, Plymouth Polytechnic, Plymouth, Devon, UK]",1,,,no
"[Department of Electrical and Electronic Engineering, Plymouth Polytechnic, UK]",1,,,no
"a   Department of Computing , Polytechnic South West , Drake Circus,  Plymouth ,  Devon ,  PL4- 8AA",1,,,no
"a   Department of Mathematics and Statistics , Plymouth Polytechnic",1,,,no
"a   Department of Psychology , Plymouth Polytechnic",1,,,no
"a   Institute of Marine Studies , Plymouth Polytechnic",1,Plymouth Marine Laboratory,I2802566253,no
"a   Learning Resources Centre , Plymouth Polytechnic ,  UK",1,,,no
"a   School of Behavioural and Social Science, Plymouth Polytechnic",1,,,no
"a   School of Environmental Sciences , Plymouth Polytechnic ,  Plymouth ,  (U.K.)",1,Plymouth State University | Plymouth Marine Laboratory,I89312276 I2802566253,no
"a  Plymouth Polytechnic ,  Plymouth ,  UK",1,Plymouth Marine Laboratory,I2802566253,no
a  Plymouth Polytechnic Learning Resources Centre,1,,,no
"a  School of Electronic, Communication and Electrical Engineering , Polytechnic South West, Plymouth, PL4 8AA,  England",1,,,no
"a Department of Biological Sciences , Polytechnic South West , Drake Circus , Plymouth , PL4 8AA , England",1,,,no
"a Department of Mathematics and Statistics , Plymouth Polytechnic",1,,,no
"a Institute of Marine Studies , Plymouth Polytechnic",1,Plymouth Marine Laboratory,I2802566253,no
"a Learning Resources Centre , Plymouth Polytechnic , UK",1,,,no
"a NIHR CLAHRC South West Peninsula (PenCLAHRC), Plymouth University Peninsula Schools of Medicine & Dentistry , Plymouth , UK",1,Peninsula College of Medicine and Dentistry,I85788879,no
"a Plymouth University Peninsula Schools of Medicine and Dentistry , UK",1,Peninsula College of Medicine and Dentistry,I85788879,no
"a School of Electronic, Communication and Electrical Engineering , Polytechnic South West, Plymouth, PL4 8AA, England",1,,,no
"a social design and social arts research laboratory based in Radiant Gallery, Plymouth, UK",1,,,no
"aPeninsula Technology Assessment Group (PenTAG), Peninsula Medical School, Universities of Plymouth and ExeterNoy Scott House, Barrack Road, Exeter, EX2 5DW, UK",1,Peninsula College of Medicine and Dentistry,I85788879,no
"aSchool of Computing and Mathematics, Plymouth University, Plymouth, bHarris Birthright Research Centre of Fetal Medicine, King’s College Hospital, and cDepartment of Fetal Medicine, University College Hospital, London, and dDepartment of Fetal Medicine, Medway Maritime Hospital, Gillingham, UK",1,King's College Hospital | Medway Maritime Hospital | University College Hospital | University College London,I4210153400 I4210113145 I1289784979 I45129253,no
"and Dentistry, Plymouth University Peninsula School of Medicine, Cornwall, United Kingdom",1,Peninsula College of Medicine and Dentistry,I85788879,no
"and reprint requests to Dr. B.M. Yang, Molecular Medicine Research Group, Postgraduate Medical School, ITTC Building, Tamar Science Park, Derriford Road, Plymouth PL6 8BX, England. E-mail: [email protected]",1,,,no
"and reprint requests to Jeremy Hobart, PhD, Senior Lecturer and Consultant Neurologist, Peninsula Medical School, Romm N16, ITTC building, Tamar Science Park, Plymouth, PL6 8BX, England United Kingdom; E-mail: [email protected]",1,,,no
"associate member, Royal College of the Physicians and Surgeons of Glasgow, clinical demonstrator, Plymouth University, nurse, Trailfinders Travel Clinic",1,Royal College of Physicians and Surgeons of Glasgow | Trailfinders Travel Clinic,I59604499 I4210147406,no
"at Soran University, Soran City, Erbil Governorate, Kurdistan, Iraq. Email: [email protected].Richard Yarwood is in the School of Geography, Earth and Environmental Sciences, Plymouth University, Plymouth, Devon, PL4 8AA, UK. Email: [email protected].James D Sidaway is in the Department of Geography, National University of Singapore, Singapore. Email: [email protected]",1,,,no
"b   Department of Computing , Polytechnic South West , Drake Circus,  Plymouth ,  Devon ,  PL4 8AA",1,,,no
"b   Department of Environmental Sciences, Plymouth Polytechnic, Drake Circus  ,  Plymouth ,  PL4 8AA ,  England",1,Plymouth Marine Laboratory,I2802566253,no
"b   Department of Mathematics , Plymouth Polytechnic , Drake Circus,  Plymouth ,  Devon",1,Plymouth Marine Laboratory,I2802566253,no
b   Department of Psychology Plymouth Polytechnic,1,,,no
"b  Institute of Marine Studies , Polytechnic South West, Plymouth, PL4 8AA,  England",1,Plymouth Marine Laboratory,I2802566253,no
"b Institute of Marine Studies , Polytechnic South West, Plymouth, PL4 8AA, England",1,Plymouth Marine Laboratory,I2802566253,no
"b University College Plymouth St Mark and St John , Plymouth , UK",1,Plymouth Marjon University,I4210132580,no
"bank nurse at Trailfinders travel clinic, bank staff nurse at Royal Cornwall Hospitals Trust and clinical demonstrator at Plymouth University",1,Royal Cornwall Hospital,I2799759729,no
d.bilton@plymouth.ac.uk,1,,,no
david.sheridan{at}plymouth.ac.uk,1,,,no
dongping.song@plymouth.ac.uk#TAB#,1,,,no
"e-Health, School of Health Professions, Plymouth PL4 8AA, UK",1,,,no
"foundation dean for the Peninsula Dental School, Plymouth University",1,,,no
https://www.plymouth.ac.uk/staff/rohit-shankar,1,,,no
"in Adult Nursing and Admissions Tutor for Adult Nursing, Plymouth University",1,,,no
independent prescribing adviser working sessionally with three PCTs in Somerset. He teaches on Bournemouth University's nurse practitioner course and Plymouth University's nurse prescribing course,1,Bournemouth University,I9300472,no
"lectures in the Department of Design, University of Plymouth, Exeter",1,University of Exeter | Peninsula College of Medicine and Dentistry,I23923803 I85788879,no
"lnstitute of Marine Studies , Plymouth Polytechnic , Drake Circus , Plymouth , Devon , PL4 8AA , UK",1,Plymouth Marine Laboratory,I2802566253,no
"present address: Department of Geographical Sciences, Polytechnic South West, Plymouth, PL4 8AA, UK",1,Plymouth Marine Laboratory,I2802566253,no
"professor, Oral Health Services Research, Peninsula Dental School, Plymouth, United Kingdom",1,Peninsula College of Medicine and Dentistry,I85788879,no
"reader in Youth and Community Work, senior lecturer in Outdoor Adventure Education, University College Plymouth St Mark & Stjohn, UK",1,,,no
"reprint requests to Dr. B.M. Yang, Molecular Medicine Research Group, Postgraduate Medical School, ITTC Building, Tamar Science Park, Derriford Road, Plymouth PL6 8BX, England. E-mail: [email protected]",1,,,no
"reprint requests to Jeremy Hobart, PhD, Senior Lecturer and Consultant Neurologist, Peninsula Medical School, Romm N16, ITTC building, Tamar Science Park, Plymouth, PL6 8BX, England United Kingdom",1,Peninsula College of Medicine and Dentistry,I85788879,no
sheelagh.lippell@plymouth.ac.uk,1,,,no
"teaches, Universities of Plymouth, Huddersfield and Brighton, UK",1,University of Huddersfield,I133837150,no
th International Conference and Exhibition ( Plymouth University,1,,,no
the Arab Academy for Science & Technology & Research Fellow at Plymouth University,1,,,no
"the Department of Radiodiagnosis, Plymouth Post Graduate Medical School, Derriford Road, Plymouth, England",1,Derriford Hospital,I2802723752,no
"the PenTAG, Peninsula Medical School, Universities of Plymouth and Exeter, Exeter, United Kingdom (KA)",1,Peninsula College of Medicine and Dentistry,I85788879,no
"the Peninsula Medical School, Plymouth, United Kingdom",1,Peninsula College of Medicine and Dentistry,I85788879,no
"the Plymouth Postgraduate Medical School, Plymouth, United Kingdom",1,Plymouth Hospital,I4210163658,no
"to Marianne Bos-Clark, MSc, MRCSLT, Department of Linguistics and Communication Sciences (Speech and Language Therapy), Faculty of Education, Health, and Welfare, University College Plymouth, Derriford Road, Plymouth, PL6 8BH, UK Tel: +44 1752 636700 x4295",1,,,no
"to Stephan Strobel, MD, PhD, Peninsula Postgraduate Health Institute, John Bull Building, Peninsula Medical School HQ, Tamar Science Park, Research Way, Plymouth PL6 8BU, UK Tel: +44 1752 437470",1,Peninsula College of Medicine and Dentistry,I85788879,no
zahra.hussain@plymouth.ac.uk,1,,,no
"École des sciences infirmières et de sagesfemmes, Faculté de santé (Shaw), Université de Plymouth, R.-U",1,,,no
Плимутский университет,1,,,no
"† Ph.D., Plymouth Polytechnic",1,,,no
"† School of Mathematical Sciences, Plymouth Polytechnic",1,Department of Mathematical Sciences,I4210124601,no
"†Department of Biological Sciences, Plymouth Polytechnic, Drakes Circus, Plymouth PL4 8AA, UK",1,Plymouth Marine Laboratory,I2802566253,no
"†Polytechnic South West, Science Faculty, Plymouth, Devon PL4 8AA",1,Plymouth Marine Laboratory,I2802566253,no
"†† Ph.D., Plymouth Polytechnic",1,,,no
"Clinical Lead and Consultant in Prosthodontics, Peninsula Dental School, University of Plymouth, Plymouth, United Kingdom",0,Peninsula College of Medicine and Dentistry,I85788879,no
"Peninsula Medical School, Faculty of Health, University of Plymouth; Roger Williams Institute of Liver Studies, School of Immunology & Microbial Sciences, Faculty of Life Sciences and Medicine, King's College London, Foundation for Liver Research and King's College Hospital, London, United Kingdom",0,,,no
