raw_affiliation_string,works,now_assigned_to,now_assigned_ids,still_counts_via_lineage
Newcastle upon Tyne U.K,50,,,no
"University of Newcastle (Australia) - Newcastle Business School, City Campus East – 231, Newcastle-Upon-Tyne NE1 8ST, NE1 8ST, Australia",27,University of Newcastle Australia,I78757542,no
Newcastle upon Tyne/UK,17,,,no
"University of Newcastle , N.S.W",15,University of Newcastle Australia,I78757542,no
NEWCASTLE UNIVERSITY,14,,,no
"The University of Newcastle , , , ,",14,University of Newcastle Australia,I78757542,no
"Newcastle upon Tyne , NE6 2PA , UK British",13,,,no
"Princess Mary Maternity Hospital, Newcastle‐upon‐Tyne",10,Princess Mary Maternity Hospital,I4210160229,no
"Sch. of Electr. Eng. & Comput. Sci., Newcastle Univ., NSW",10,University of Newcastle Australia,I78757542,no
"Australian Museum Research Institute, Australian Museum, 1 William Street, Sydney, New South Wales 2010, Australia stephen.mahony@australian.museum; https://orcid.org/0000-0002-2379-0952 & School of Environmental and Life Sciences, University of Newcastle, University Drive, Callaghan, NSW 2308, Australia timothy.cutajar@australian.museum; https://orcid.org/0000-0001-7841-9205",8,University of Newcastle Australia | Australian Museum,I78757542 I1328215151,no
"Department of Biological Sciences , University of Newcastle , Newcastle , N.S.W. 2308 ",8,University of Newcastle Australia,I78757542,no
"Department of Biological Sciences, University of Newcastle, Newcastle, N.S.W. 2308",8,University of Newcastle Australia,I78757542,no
Newcastle Upon Tyne/UK,8,,,no
University of Newcastle and RMIT,8,RMIT University,I82951845,no
"school of engineering, the university of newcastle",8,,,no
"Coronado Research, Newcastle upon Tyne, United Kingdom",7,,,no
"Department of Mechanical Engineering, University of Newcastle, University Drive, Callaghan, NSW, 2308, Australia",7,University of Newcastle Australia,I78757542,no
"Newcastle University College, New South Wales",7,University of Newcastle Australia,I78757542,no
"Newcastle University London, 102 Middlesex Street, London E1 7EZ, United Kingdom",7,,,no
"The University of Newcastle ,",7,,,no
"The University of Newcastle, N.S.W",7,University of Newcastle Australia,I78757542,no
"University of Newcastle , Newcastle ,",7,,,no
"Department of Obstetrics and Gynaecology, Princess Mary Maternity Hospital, Newcastle‐upon‐Tyne",6,Princess Mary Maternity Hospital,I4210160229,no
Faculty of Engineering and Environment [Newcastle] (Ellison Place Newcastle upon Tyne NE1 8ST - United Kingdom),6,,,no
"Newcastle University London, UK",6,,,no
"Sch. of Electr. Eng. & Comput. Sci., Newcastle Univ., Newcastle, NSW",6,University of Newcastle Australia,I78757542,no
"School of Chemical and Life Sciences, Newcastle upon Tyne Polytechnic, Newcastle upon Tyne NE1 8ST, U.K",6,,,no
The University of Newcastle (UON),6,University of Newcastle Australia,I78757542,no
"The University of Newcastle , ,",6,,,no
"Centre for Organic Electronics, University of Newcastle, University Drive, Callaghan,#N#NSW, 2308,#N#Australia",5,University of Newcastle Australia,I78757542,no
"Department of Chemistry , University of Newcastle , N.S.W. 2308",5,University of Newcastle Australia,I78757542,no
"Department of Chemistry, University of Newcastle, N.S.W. 2308",5,University of Newcastle Australia,I78757542,no
"Faculty of Medicine, University of Newcastle, N.S.W",5,University of Newcastle Australia,I78757542,no
"Newcastle Falcons Rugby Club , Newcastle upon Tyne , UK",5,,,no
"Newcastle University College, University of New South Wales",5,UNSW Sydney | University of Newcastle Australia,I31746571 I78757542,no
"School of Chemical Engineering and Advanced Materials, Newcastle University, 535 Clementi Road, Blk 35 #02-01, Singapore, 599489, Singapore",5,Newcastle University Singapore,I4210094553,no
"Translational and Clinical Research Institute, Newcastle upon Tyne, UK",5,,,no
"Australian Museum Research Institute, Australian Museum, 1 William Street, Sydney, New South Wales 2010, Australia stephen. mahony @ australian. museum; https: // orcid. org / 0000 - 0002 - 2379 - 0952 & School of Environmental and Life Sciences, University of Newcastle, University Drive, Callaghan, NSW 2308, Australia timothy. cutajar @ australian. museum; https: // orcid. org / 0000 - 0001 - 7841 - 9205",4,University of Newcastle Australia | Australian Museum,I78757542 I1328215151,no
"Department of Biological Sciences , University of Newcastle , N.S.W. 2308",4,University of Newcastle Australia,I78757542,no
Department of Chemical Engineering University of Newcastle University Drive Callaghan NSW 2308 Australia,4,University of Newcastle Australia,I78757542,no
"Faculty of Science, Agriculture, & Engineering, Newcastle University, 567739, Singapore",4,Newcastle University Singapore,I4210094553,no
"Internal Medicine, St. George's University School of Medicine, Newcastle Upon Tyne, GBR",4,,,no
"Internal Medicine, St. George's University School of Medicine, Newcastle upon Tyne, GBR",4,,,no
Newcastle-upon-Tyne/UK,4,,,no
"School of Chemical and Life Sciences, Newcastle upon Tyne Polytechnic, Newcastle upon Tyne, NE1 8ST, U.K",4,,,no
"School of Science, University of Newcastle",4,University of Newcastle Australia,I78757542,no
The University of Newcastle Faculty of Science,4,University of Newcastle Australia,I78757542,no
"Translational and Clinical Research Institute, NU Cancer, Newcastle upon Tyne, Tyne and Wear, NE1 7RU, UK",4,,,no
f  University of Newcastle,4,University of Newcastle Australia,I78757542,no
newcastle university,4,,,no
"Department of Mathematics, Physics and Electrical Engineering [Newcastle] (Newcastle upon Tyne, NE1 8ST - United Kingdom)",3,,,no
"Department of Mechanical Engineering, University of Newcastle, University Drive, Callaghan, Newcastle, NSW, 2308, Australia",3,University of Newcastle Australia,I78757542,no
Faculty of MedicineUniversity of NewcastleN.S.W.2308,3,University of Newcastle Australia,I78757542,no
"General Practice, University of Newcastle, Newcastle, AUS",3,University of Newcastle Australia,I78757542,no
NewCastle University,3,,,no
"Newcastle University London, 102 Middlesex Street, London, E1 7EZ UK",3,,,no
"Newcastle University London, 102 Middlesex Street, London, E1 7EZ, UK",3,,,no
"Newcastle Upon Tyne, NE1 7RU",3,,,no
"Newcastle Upon Tyne, Newcastle, United Kingdom",3,,,no
Newcastle upon TyneU.K,3,,,no
"Newcastle-upon-Tyne, U.K",3,,,no
"Postgraduate Institute for Medicine and Dentistry, Newcastle-upon-Tyne, UK",3,,,no
"School of Humanities and Social Science, University of Newcastle University Drive, Callaghan, NSW 2308 Australia,",3,University of Newcastle Australia,I78757542,no
"School of Medicine and Public Health, University of Newcastle, Newcastle, AUS",3,University of Newcastle Australia,I78757542,no
"School of Medicine, St. George's University School of Medicine, Newcastle upon Tyne, GBR",3,,,no
The Univ. of Newcastle,3,University of Newcastle Australia,I78757542,no
"The University of Newcastle , , ,",3,,,no
"UNIVERSITY OF DURHAM COLLEGE OF MEDICINE, NEWCASTLE-UPON-TYNE",3,Durham University,I190082696,no
"University of Newcastle , AU",3,University of Newcastle Australia,I78757542,no
University of Newcastle N.S.W,3,University of Newcastle Australia,I78757542,no
c  University of Newcastle,3,University of Newcastle Australia,I78757542,no
m  University of Newcastle,3,University of Newcastle Australia,I78757542,no
"†Faculty of Health, University of Newcastle",3,University of Newcastle Australia,I78757542,no
", Newcastle Upon Tyne, UK",2,,,no
". Internal Medicine, St. George's University School of Medicine, Newcastle Upon Tyne, GBR",2,,,no
". Internal Medicine, St. George's University School of Medicine, Newcastle upon Tyne, GBR",2,,,no
". School of Medicine and Public Health, University of Newcastle, Newcastle, AUS",2,University of Newcastle Australia,I78757542,no
"10, Gretna Road, Newcastle upon Tyne, NE15 7PE, U.K",2,,,no
Associate Professor  Newcastle upon Tyne United Kingdom,2,,,no
"Centre for Complex Dynamic Syst. & Control, Newcastle Univ., NSW",2,University of Newcastle Australia,I78757542,no
"Chemistry Department , University of Newcastle , N.S.W. 2308",2,University of Newcastle Australia,I78757542,no
"Critical Care Medicine, Newcastle University, Newcastle, AUS",2,University of Newcastle Australia,I78757542,no
"Departamento de Ecologia Evolutiva, Museo Nacional de Ciencias Naturales, José Gutíerrez Abascal 2, 28006, Madrid, Spain and Department of Biological Sciences, University of Newcastle, University Drive, Callaghan, New South Wales 2308, Australia",2,University of Newcastle Australia | Museo Nacional de Ciencias Naturales,I78757542 I4210120109,no
"Department of Agricultural & Environmental Science, University of newcastle",2,,,no
"Department of Biological Sciences, University of Newcastle, N.S.W",2,University of Newcastle Australia,I78757542,no
"Department of Biological Sciences, University of Newcastle, Newcastle, N.S.W",2,University of Newcastle Australia,I78757542,no
"Department of Chemical Engineering, University of Newcastle, University Drive, Callaghan, New South Wales, 2308, Australiaf1cgavn@alinga.newcastle.edu.auf1",2,University of Newcastle Australia,I78757542,no
"Department of Child Health , Durham University Medical School , King's College , Newcastle upon Tyne",2,Durham University,I190082696,no
"Department of Child Health, University of Durham, at King's College, Newcastle upon Tyne",2,Durham University,I190082696,no
"Department of Clinical Chemistry, Hunter Area Pathology Service, John Hunter Hospital, Newcastle University, Newcastle, New South Wales",2,University of Newcastle Australia | John Hunter Hospital,I78757542 I2800479947,no
"Department of Mathematics and Statistics, Newcastle upon Tyne Polytechnic, Newcastle upon Tyne, NE1 8ST, England",2,,,no
"Department of Physics, University of Newcastle, N.S.W. 2308",2,University of Newcastle Australia,I78757542,no
"Dept. of Electr. & Comput. Sci., Newcastle Univ., NSW, Australia",2,University of Newcastle Australia,I78757542,no
"Faculty of Mathematics and Computing, The Open University, Newcastle-upon-Tyne, UK",2,The Open University,I204136569,no
"From the Department of Child Health , Durham University Medical School , King's College , Newcastle upon Tyne",2,Durham University,I190082696,no
Glasgow United Kingdom; Newcastle upon Tyne United Kingdom; Newcastle upon Tyne United Kingdom; Newcastle upon Tyne United Kingdom,2,,,no
"Gomeroi gaayngal Centre, Faculty of Health and Medicine, University of Newcastle, 2/1 Hinkler Rd, Tamworth, NSW 2340, Australia; School of Medicine and Public Health, Faculty of Health and Medicine, University of Newcastle, University Drive, Callaghan, NSW 2308, Australia; Priority Research Centre of Reproductive Sciences, University of Newcastle, University Drive, Callaghan, NSW 2308, Australia; Priority Research Centre of Generational Health and Ageing, University of Newcastle, University Drive, Callaghan, NSW 2308, Australia; Department of Rural Health, University of Newcastle, Tamworth, NSW 2340, Australia. Electronic address: kym.rae@newcastle.edu.au",2,University of Newcastle Australia,I78757542,no
"Hexis Lab, The Catalyst, Newcastle Helix, Newcastle upon Tyne, UK",2,Catalyst,I4210102307,no
"Human Nutrition Research Centre, Newcastle University (Singapore), Nanyang Polytechnic, 180 Ang Mo Kio Ave 8, Singapore",2,Nanyang Polytechnic | Newcastle University Singapore,I21419654 I4210094553,no
"Human Nutrition Research Centre, Population Health Sciences Institute, New-castle University, Framlington Place, Newcastle upon Tyne, United Kingdom",2,,,no
"King's College, Newcastle University of Durham",2,,,no
"Medical School, University ofNewcastle, Newcastle",2,,,no
"Neurological Centre, Newcastle upon Tyne and University of Durham, England",2,Durham University,I190082696,no
"Newcastle Cancer Centre, Newcastle-upon-Tyne, United Kingdom",2,,,no
"Newcastle General Hospital, Westgate Road, Newcastle-Upon-Tyne, NE4 6BE, U.K.; 2Department of Physiology, University of Birmingham, Birmingham, U.K.)",2,University of Birmingham,I79619799,no
"Newcastle Helix , Newcastle upon Type , NE4 5TG ",2,,,no
"Newcastle Polytechnic, Newcastle upon Tyne, U.K",2,,,no
"Newcastle Univ., NSW#TAB#",2,University of Newcastle Australia,I78757542,no
"Newcastle University College, Tighe's Hill (N.S.W.) Australie",2,University of Newcastle Australia,I78757542,no
"Newcastle University London, 102 Middlesex Street, London E1 7EZ, UK",2,,,no
"Newcastle University, Newcastle, NSW",2,University of Newcastle Australia,I78757542,no
"Newcastle on Tyne , NE1 7RU , UK",2,,,no
"Newcastle upon Tyne, UK 2 , ,",2,,,no
Newcastle-upon-Tyne U.K,2,,,no
Nihon University Tomoka Ito Nihon University Eftychia Kotronia Newcastle University,2,Nihon University,I104946051,no
"Otto-von-Guericke-University Magdeburg, Chair of Marketing, Universitatsplatz 2, 39106 Magdeburg, Germany; Faculty of Business and Law, University of Newcastle, University Drive, Callaghan, NSW 2308, Australia",2,University of Newcastle Australia | Otto-von-Guericke-Universität Magdeburg,I78757542 I95793202,no
"PEALS, Bioscience Centre, Times Square, Newcastle NE1 4EP, UK",2,,,no
"Population Health Science Institute, Newcastle upon Tyne, NE1 7RU, United Kingdom",2,,,no
"Purdue University &amp; Newcastle University, West Lafayette, IN, USA",2,Purdue University West Lafayette,I219193219,no
"Research Associate, University of Newcastle",2,,,no
"Sch. of Design, Commun. & IT, Newcastle Univ., NSW, Australia",2,University of Newcastle Australia,I78757542,no
"School of Chemical and Life Sciences, Newcastle-upon-Tyne Polytechnic, Newcastle-upon-Tyne NE1 8ST, U.K",2,,,no
"School of Electrical Engineering and Computer Science, University of Newcastle, University Drive, NSW 2308 Callaghan, Australia#TAB#",2,University of Newcastle Australia,I78757542,no
"School of Environmental and Life Sciences, Newcastle University, Ourimbah, Australia ; Department of Marine Sciences, Hasanuddin University, Makassar, Indonesia",2,University of Newcastle Australia | Hasanuddin University,I78757542 I98301867,no
"School of Environmental and Life Sciences, The University of Newcastle (UON)",2,University of Newcastle Australia,I78757542,no
"School of Mathematical & Physical Sciences; University of Newcastle, University Drive; Callaghan New South Wales 2308 Australia",2,University of Newcastle Australia,I78757542,no
"School of Mathematics and Statistics, Newcastle Polytechnic, Newcastle upon Tyne, NE1 8ST, U.K",2,,,no
"School of Medicine, St. George's University School of Medicine, Newcastle Upon Tyne, GBR",2,,,no
"School of Physics, Newcastle upon Tyne Polytechnic, Newcastle upon Tyne, U.K",2,,,no
"School of Psychology, University of Newcastle, University Drive, Callaghan, NSW, 2308, Australia,",2,University of Newcastle Australia,I78757542,no
"St. George University School of Medicine, Newcastle upon Tyne, GBR, United Kingdom of Great Britain & Northern Ireland",2,,,no
"Surface Engineering Research Group, Newcastle upon Tyne Polytechnic, Newcastle NE1 8ST, U.K",2,,,no
"Sustainable Cities Research Institute, Newcastle upon Tyne, UK",2,,,no
"The Core, Newcastle upon Tyne",2,,,no
"The University of Newcastle , AU",2,University of Newcastle Australia,I78757542,no
"The University of Newcastle , Newcastle,",2,,,no
The University of NewcastleN.S.W,2,University of Newcastle Australia,I78757542,no
"The University of Queensland, National Research Centre for Environmental Toxicology (Entox), Member of Queensland Alliance for Environmental Health Science (QAEHS), Coopers Plains, Brisbane, QLD, 4108, Australia; CRC CARE, The University of Newcastle, University Drive, Callaghan, NSW, 2308, Australia",2,University of Newcastle Australia | The University of Queensland | CRC CARE,I78757542 I165143802 I4210156889,no
"The University of Queensland, National Research Centre for Environmental Toxicology (Entox), Member of Queensland Alliance for Environmental Health Science (QAEHS), Coopers Plains, Brisbane, QLD, 4108, Australia; CRC CARE, The University of Newcastle, University Drive, Callaghan, NSW, 2308, Australia. Electronic address: j.ng@uq.edu.au",2,University of Newcastle Australia | The University of Queensland | CRC CARE,I78757542 I165143802 I4210156889,no
The university of newcastle,2,,,no
"Translational and Clinical Research Institute , Newcastle upon Tyne , UK",2,,,no
"Translational and Clinical Research Institute, NU Cancer, Newcastle upon Tyne, Tyne and Wear, NE1 7RU",2,,,no
University of New Castle Newcastle UK,2,,,no
University of Newcastle (AU),2,University of Newcastle Australia,I78757542,no
University of Newcastle (GB),2,,,no
"University of Newcastle , ,",2,,,no
University of Newcastle Deborah.Hartman@newcastle.edu.au,2,University of Newcastle Australia,I78757542,no
University of Newcastle-upon-Type,2,,,no
University of NewcastleNewcastle,2,,,no
"University of Sussex &amp; Newcastle University, Brighton, United Kingdom",2,University of Sussex,I162608824,no
newcastle Univers,2,,,no
"""University of Newcastle",1,University of Newcastle Australia,I78757542,no
"#N#a#N#Discipline of General Practice, University of Newcastle, University Drive, Callaghan, NSW 2308, Australia,",1,University of Newcastle Australia,I78757542,no
"'lne, Newcastle upon Tyne NE2 7HHI",1,,,no
"(Department of Psychology, Newcastle University, Callaghan, Australia)",1,University of Newcastle Australia,I78757542,no
"(Newcastle Graduate School of Business, University of Newcastle, University House, Cnr. Auckland and King Street, Newcastle, NSW 2600, Australia)",1,University of Newcastle Australia,I78757542,no
"(Trends Business Research Ltd, Newcastle upon Tyne, UK)",1,,,no
"* Department of Nephrology, Newcastle upon Tyne, U.K",1,,,no
* University of Newcastle,1,University of Newcastle Australia,I78757542,no
"*Bipolar Collaborative Network, Bethesda, MD; †UCLA Mood Disorders Research Program and VA Medical Center, Los Angeles, CA; ‡Mayo Clinic Department of Psychiatry and Psychology, Mayo Clinic Depression Center, Rochester, MI; §Department of Psychiatry, SW Medical Center, University of Texas, Dallas, TX; ∥Linder Center of Hope, Mason, OH; ¶Biological Psychiatry Program, University of Cincinnati Medical College, Cincinnati, OH; #University Medical Center Groningen (UMCG), University of Groningen, Groningen, the Netherlands; **Department of Psychiatry, VU University Medical Center, Amsterdam, the Netherlands; and ††Newcastle University, Institute of Neuroscience, Newcastle upon Tyne, UK",1,"University of Cincinnati | University of Newcastle Australia | University of California, Los Angeles | University of Groningen | Mayo Clinic | University Medical Center Groningen",I63135867 I78757542 I161318765 I169381384 I1330342723 I1334415907,no
"*Correspondence to: Prof. Mingchao Liu, Department of Mechanical Engineering, University of Birmingham, Edgbaston Campus, Birmingham B15 2TT, UK. E-mail: m.liu.2@bham.ac.uk; Prof. Ji Liu, School of Engineering, Southern University of Science and Technology, No. 1088 Xueyuan Avenue, Nanshan District, Shenzhen 518055, Guangdong, China. E-mail: liuj9@sustech.edu.cn; Prof. Weicheng Huang, School of Engineering, Newcastle University, Merz Court, Newcastle upon Tyne NE1 7RU, UK. E-mail: weicheng.huang@newcastle.ac.uk",1,University of Birmingham | Southern University of Science and Technology,I79619799 I3045169105,no
"*Department of Clinical Biochemistry and Immunology, Faculty of Pharmacy, University of Concepción, Concepción, Chile; Accepted December 22, 2015; Received July 02, 2015; Supported by INNOVA CORFO Chile (12IDL2-13351) and INNOVA BIOBIO, Chile (1245-EM.TES (12.21)), Dirección de Investigación, Universidad de Concepción (DIUC 211.072.034-1.0), Chile and Convenio de desempeño, Universidad de Concepción, UCO1201. C. Escudero is supported by Fondecyt 1140586, DIUBB 122109 GI/EF. F. A. Zuñiga is supported by Fondecyt 3120118.; The authors report no conflicts of interest.; §School of Medical Technology, Faculty of Health Sciences, San Sebastián University, Chile; ¶Vascular Physiology Laboratory, Group of Investigation in Tumor Angiogenesis (GIANT), Department of Basic Sciences, University of Bio Bío, Chillán, Chile; †Human Nutrition Research Centre, Institute of Cellular Medicine, Newcastle University, Newcastle upon Tyne, United Kingdom",1,University of Concepción,I172787465,no
"*Department of Clinical Oncology, Leiden University Medical Center, Leiden, The Netherlands; †Institute of Cancer Sciences, University of Manchester, United Kingdom; ‡Division of Hematology and Oncology, Harvard Medical School and Massachusetts General Hospital, Boston, MA; §Division of Gynaecology, European Institute of Oncology, Milan, Italy; ∥Department of Gynecologic Oncology and Reproductive Medicine, MD Anderson Cancer Center, Houston, TX; ¶Department of Clinical Oncology, Barts Health NHS Trust, London, United Kingdom; #Department of Medical Oncology, Memorial Sloan Kettering Cancer Center, New York, NY; **Department of Gynaecology, Newcastle University and Northern Institute for Cancer Research, Newcastle upon Tyne, United Kingdom; ††Department of Obstetrics and Gynecology, College of Medicine, Ohio State University, Columbus, OH; ‡‡Department of Gynaecologic Oncology, Royal Women's Hospital, and Melbourne University Dept of Obstetrics and Gynaecology, Australia; §§Department o",1,European Institute of Oncology | University of Manchester | University of Newcastle Australia | Leiden University | Memorial Sloan Kettering Cancer Center | The University of Texas MD Anderson Cancer Center | Leiden University Medical Center | Massachusetts General Hospital,I6141010 I28407311 I78757542 I121797337 I1334819555 I1343551460 I2800006345 I4210087915,no
"*Faculty of Medicine, University of Newcastle, N.S.W",1,University of Newcastle Australia,I78757542,no
"*The authors are respectively Senior Lecturer in Economics at the University of Strathclyde, and Associate Professor of Decision Sciences at the University of Pennsylvania, formerly Research Fellow at the International Institute of Management, Berlin. They would like to acknowledge support by the International Institute of Management for this research. A version of this paper was given to the S.S.R.C. Industrial Economics Study Group held at the University of Newcastle-upon-Tyne. The helpful advice and comments of Charles Rowley, Alan Tait and a referee are acknowledged",1,University of Pennsylvania,I79576946,no
"*The research reported in this paper was funded by the ESRC Industry, Economy and Environment group, under their ‘Risk and Pollution’ initiative. Very many people were helpful to the authors on this project. In particular, they would like to thank their Research Associate Stephen Hallett; Willie Halcrow, Director, FRPB; Brian Beavis, Newcastle University; Martin Walker, Manchester University; and those associated with the study funded by the Royal Commission on Environmental Pollution on which we also worked, namely John Pezzey, Kim Taylor-Duncan and David Farley. Helpful comments on this paper have been received from John Hartwick, Henry van Egteren, and Tom Tietenberg; from two anonymous referees; and from the editor. All responsibility for remaining errors and omissions rests, however, with the present authors",1,University of Newcastle Australia,I78757542,no
", Framlington Place, Newcastle upon Tyne, NE2 4HH, UK",1,,,no
", Newcastle-upon-Tyne, UK",1,,,no
", University of Pennsylvania 2 , Newcastle University 3 Árnagarði við Suðurgötu , IS-101 Reykjavík",1,University of Pennsylvania,I79576946,no
". Anatomy, St. George's University School of Medicine, Newcastle upon Tyne, GBR",1,,,no
". Applied Artificial Intellgence , University of Newcastle , Newcastle , AUS",1,University of Newcastle Australia,I78757542,no
". Faculty of Medicine, University of Newcastle, Newcastle, AUS",1,University of Newcastle Australia,I78757542,no
". General Practice, University of Newcastle, Newcastle, AUS",1,University of Newcastle Australia,I78757542,no
". General and Emergency Surgery, Newcastle University Hospitals and Kasralainy Medical School, Cairo University, Cairo, EGY",1,Cairo University | Cairo University hospitals,I145487455 I4210164576,no
". School of Medicine, St. George's University School of Medicine, Newcastle upon Tyne, GBR",1,,,no
". School of Medicine, St. George's University School of Medicine, Newcastle upon Tyne, GRD",1,,,no
". School of Medicine, St. George's University, Newcastle upon Tyne, GBR",1,,,no
"1
            The Newcastle upon Tyne Business School 2University of Plymouth",1,University of Plymouth,I897542642,no
"1 Institute of Neuroscience, Medical School, Framlington Place, Newcastle upon Tyne, NE2 4HH, UK cas2044@cumc.columbia.edu andrew.trevelyan@ncl.ac.uk",1,,,no
1 The Newcastle upon Tyne Business School 2University of Plymouth,1,University of Plymouth,I897542642,no
"1 Université Libre de Bruxelles, Belgium.2 VU University Amsterdam, the Netherlands and INSEAD, France.3 Newcastle University and La Trobe University, Australia",1,Université Libre de Bruxelles | La Trobe University,I132053463 I196829312,no
"10, Gretna Road, Newcastle upon Tyne, NE, 15 7PE, U.K",1,,,no
"10, Gretna Road, Newcastle upon Tyne, NE15 7PE, UK",1,,,no
"10Asthma & Breathing research program, Hunter Medical Research Institute, Newcastle, University of Newcastle; Respiratory & Sleep Medicine Department, John Hunter Hospital, Newcastle, Australia",1,University of Newcastle Australia | John Hunter Hospital | Hunter Medical Research Institute,I78757542 I2800479947 I4210087646,no
"11Asthma & Breathing research program, Hunter Medical Research Institute, Newcastle, University of Newcastle; Paediatric Respiratory & Sleep Medicine Department, John Hunter Children’s Hospital, Newcastle, Australia",1,University of Newcastle Australia | Hunter Medical Research Institute | John Hunter Children's Hospital,I78757542 I4210087646 I4210139443,no
"17 Douglas Avenue, Newcastle upon Tyne NE3 4XD, 
U.K",1,,,no
"17 Douglas Avenue, Newcastle upon Tyne NE3 4XD, #N#U.K",1,,,no
"1First Department of Medicine, University of Szeged, Szeged, Hungary. 2Department of Gastroenterology, Hepatology and Endocrinology, Hannover Medical School, Hannover, Germany. 3Department of Pathology, University of Szeged, Szeged, Hungary. 4Department of Medical Chemistry, Molecular Biology and Pathobiochemistry, Semmelweis University, Budapest, Hungary. 5Department of Microbiology, University of Szeged, Szeged, Hungary. 6Institute of Surgical Research, University of Szeged, Szeged, Hungary. 7Department of Surgery, Tufts Medical Center, Boston, MA. 8Department of Pharmacology and Pharmacotherapy, University of Szeged, Szeged, Hungary. 9Institute for Cell and Molecular Biosciences, Newcastle University, Newcastle upon Tyne, United Kingdom",1,Medizinische Hochschule Hannover | Semmelweis University | University of Szeged | Tufts Medical Center,I34809795 I101202996 I227486990 I1290900354,no
"1Freeman Hospital, Newcastle upon Tyne, 2University of Newcastle upon Tyne",1,Freeman Hospital,I2801924861,no
"1Insitute of Health & Society, Newcastle Upon-Tyne, UK",1,,,no
"1NEW SOUTH WALES (Australia), Newcastle University College",1,University of Newcastle Australia,I78757542,no
"1Northumbria University, Newcastle Upon Tyne, United Kingdom. 2Maastricht University, Maastricht, Netherlands. 3University of Ulster, Northern Ireland, United Kingdom. 4Newcastle University, Newcastle Upon Tyne, United Kingdom",1,Northumbria University | Maastricht University,I32394136 I34352273,no
"1Northumbria University, Newcastle upon Tyne, United Kingdom. 2Trinity Laban Conservatoire of Music and Dance, London, United Kingdom. 3Newcastle University, Newcastle upon Tyne, United Kingdom",1,Northumbria University | Trinity Laban Conservatoire of Music and Dance,I32394136 I921835857,no
"1PulmoBioMed Ltd, Newcastle Upon Tyne, NE12 8EG, UK, Newcastle upon Tyne, United Kingdom",1,,,no
"1Royal Victoria Infirmary, Newcastle University Hospitals NHS Trust, Newcastle upon Tyne, UK",1,Royal Victoria Infirmary,I2800516725,no
"1University of Newcastle, N.S.W",1,University of Newcastle Australia,I78757542,no
1University of Newcastle; 3Deakin University,1,Deakin University,I149704539,no
"21 Jesmond Park West , Newcastle Upon Tyne , NE7 7BU , U.K",1,,,no
21 Jesmond Park West Newcastle‐upon‐Tyne NE7 7BU U.K,1,,,no
"21 Jesmond Park West, Newcastle-upon-Tyne, NE7 7BU U.K",1,,,no
"287 Heaton Road, Newcastle Upon Tyne, NE6 5QD, UK",1,,,no
"2Institute for Cancer Research, Newcastle upon Tyne, United Kingdom",1,,,no
2Mitochondrial Research Group Institute for Ageing and Health Newcastle  United Kingdom,1,,,no
"2Neurology, Newcastle Univ, Newcastle, Australia",1,University of Newcastle Australia,I78757542,no
"2Newcastle University and Falls and Syncope Service, Newcastle Hospitals NHS Foundation Trust Age UK North Tyneside",1,,,no
"2Newcastle University, Newcastle, UK; 3Northumbria Healthcare NHS Foundation Trust, Ashington, UK",1,,,no
"2PulmoBioMed Ltd, Newcastle Upon Tyne, NE12 8EG, UK. Faculty of Health & Life Sciences, Northumbria University, Newcastle Upon Tyne, UK., Newcastle upon Tyne, United Kingdom",1,Northumbria University,I32394136,no
"2University of Bristol, Newcastle, United Kingdom",1,University of Bristol,I36234482,no
"2University of Newcastle, Manchester, United Kingdom;",1,,,no
"2e King Street, Newcastle Upon Tyne, NE1 3UQ, UK",1,,,no
"3 School of Physics, University of New Castle Upon Tyne, Ne 17 RU, United Kingdom",1,,,no
3Mitochondrial Research Group Institute for Ageing and Health Newcastle  United Kingdom,1,,,no
"3NHS, Newcastle upon Tyne, United Kingdom",1,,,no
"3Newcastle University Centre for Cancer, and Sir Bobby Robson Cancer Trial Research Centre, Freeman Hospital, The Newcastle upon Tyne Hospitals NHS Foundation Trust, Newcastle upon Tyne, United Kingdom;",1,Newcastle upon Tyne Hospitals NHS Foundation Trust | Freeman Hospital,I2801663869 I2801924861,no
"4 School of Mathematical and Physical Sciences, University of Newcastle, University Drive, Callaghan NSW 2308, Australia",1,University of Newcastle Australia,I78757542,no
4Mitochondrial Research Group Institute for Ageing and Health Newcastle  United Kingdom,1,,,no
"5University Children's Hospital Basel UKBB, University of Basel, Basel, Switzerland; Division of Paediatric Respiratory Medicine and Allergology, Department of Paediatrics, Inselspital, Bern University Hospital, University of Bern, Bern, Switzerland; Asthma & Breathing research program, Hunter Medical Research Institute, Newcastle, University of Newcastle, Newcastle, Australia, Basel, Switzerland",1,University of Basel | University of Newcastle Australia | University of Bern | University Hospital of Bern | Hunter Medical Research Institute | University Children’s Hospital Basel,I1850255 I78757542 I118564535 I2801112126 I4210087646 I4210126115,no
"78 Greenlee Drive, Newcastle upon Tyne, NE7 7GA, UK",1,,,no
"8Department, Newcastle upon Tyne, United Kingdom",1,,,no
9Mitochondrial Research Group Institute for Ageing and Health Newcastle  United Kingdom,1,,,no
"9Newcastle University and Newcastle Hospitals NHS Foundation Trust, Newcastle, United Kingdom",1,,,no
"AGE Research Group, Translational and Clinical Research Institute, Facleulty of Medical Sciences, Newcast University, Newcastle, UK",1,,,no
"AMLo Biosciences, Newcastle Helix, Newcastle upon Tyne  Newcastle upon Tyne UK",1,,,no
"AMLo Biosciences, Newcastle Helix, Newcastle upon Tyne, Newcastle upon Tyne, UK",1,,,no
"ARC Centre for Complex Dynamic Syst. & Control, Newcastle Univ., Callaghan, NSW",1,University of Newcastle Australia,I78757542,no
"ARC Centre of Excellence for Complex Dynamic Syst. & Control, Newcastle Univ., Callaghan, NSW",1,University of Newcastle Australia,I78757542,no
"ARC Centre of Excellence for Geotechnical Science and Engineering, Faculty of Engineering and Built Environment, The University of Newcastle, University Drive, Callaghan, NSW 2308",1,University of Newcastle Australia,I78757542,no
"Addenbrooke's Hospital, Cambridge CB2 2QQ; Barnet Health Authority, London NW9 6QQ; Bendon Valley House, London SW18 4EA; Centre for Exercise Science and Medicine, University of Glasgow, Glasgow G12 8LT; Centre for Health and Medical Research, School of Health, University of Teesside, Middlesbrough TS1 3BA; College of Ripon and York St John, York YO3 7EX; Department of Epidemiology and Public Health, University of Wales College of Medicine, Heath Park, Cardiff CF14 4XN; Department of General Practice and Primary Health Care, Auckland, New Zealand; Department of General Practice and Public Health, University of Melbourne, 3182 Victoria, Australia; Department of Medicine, Ninewells Hospital and Medical School, Dundee DD1 9SY; Exeter EX1 1SE; Greater Glasgow Health Board, Glasgow G3 8YY; Health Promotion Research Group, School of Health Sciences, University of Newcastle upon Tyne, Newcastle upon Tyne NE2 4HH; Hillary Commission for Sport Fitness and Leisure, Wellington, New Zealand; NHS Executive, Wessex Deanery, Highcroft, Winchester SO22 5DH; North Wales Health Authority, Preswylfa, Mold, Flintshire CH7 1PZ; Primary Care Development Centre, University of Northumbria at Newcastle, Newcastle General Hospital, Newcastle upon Tyne, NE4 6BE; School of PE, Sport, and Leisure, De Montfort University, Bedford MK40 2BZ; Trescobeas Surgery, Falmouth, Cornwall TR11 2UN; University Department of Geriatric Medicine, Royal Free Hospital, London NW3 2QG; c/o Medical College of St Bartholomew's Hospital, London EC1M 6BQ",1,University of Glasgow | University of Wales | The University of Melbourne | Queen Mary University of London | The Royal Free Hospital | Addenbrooke's Hospital,I7882870 I97429440 I165779595 I166337079 I2801138448 I4210156194,no
"Affiliations


            
              a
            Discipline of Psychiatry, School of Medicine, University of Adelaide
, 

            
              b
            Central Northern Adelaide Health Service, Adelaide, SA
, 

            
              c
            Department of Clinical and Biomedical Sciences, Barwon Health, University of Melbourne
, 

            
              d
            Barwon Health and The Geelong Clinic, Geelong, VIC, Australia
, 

            
              e
            Department of Psychiatry, University of Pittsburgh School of Medicine, Pittsburgh, PA, USA
, 

            
              f
            Department of Clinical Pharmacy, University Medical Center Utrecht
, 

            
              g
            Division of Pharmacoepidemiology and Pharmacotherapy, Utrecht Institute for Pharmaceutical Sciences, Faculty of Science, Utrecht University, Utrecht, The Netherlands
, 

            
              h
            Massachusetts General Hospital
, 

            
              i
            Department of Psychiatry, Harvard University, Boston, MA, USA
, 

            
              j
            School of Neurology, Neurobiology and Psychiatry (Psychiatry), University of Newcastle upon Tyne, Newcastle upon Tyne, UK
, 

            
              k
            Department of Psychiatry and Behavioral Sciences, Duke University Medical Center, Durham, NC, USA
, 

            
              l
            Department of Psychiatry, McGill University, Montreal
, 

            
              m
            Douglas Mental Health University Institute, Verdun, QC
, 

            
              n
            Department of Psychiatry, University of British Columbia, Vancouver, BC, Canada
, 

            
              o
            Orygen Research Centre
and 

            
              p
            Mental Health Research Institute of Victoria, Melbourne, VIC, Australia",1,The University of Adelaide | Barwon Health | University of British Columbia | The University of Melbourne | University of Pittsburgh | Utrecht University | Massachusetts General Hospital,I5681781 I132157203 I141945490 I165779595 I170201317 I193662353 I4210087915,no
"Agriculture Building, Newcastle NE1 7RU, UK 1",1,,,no
"Ahlam Abuawad is with the Department of Epidemiology, Geisel School of Medicine at Dartmouth, Hanover, NH. Mark Griffiths and Mohamed El-Shewy are with the School of Geography, Politics and Sociology, Newcastle University, Newcastle, UK. Graham H. Edwards is with the Earth and Environmental Geosciences, Trinity University, San Antonio, TX. Adan Eftekhari is with Harvard University, Cambridge, MA. Mohammed Al-Ebweini is with the Coastal Municipalities Water Utility, Gaza Strip in Palestine. Husam Al-Najar is with Islamic University of Gaza, Gaza Strip in Palestine. Abeer Butmeh and Rasha Abu Dayyeh are with the Palestinian Environmental NGOs Network in Palestine. Amira Aker is with the School of Public Health, Boston University, Boston, MA",1,Trinity University | Harvard University,I60060512 I136199984,no
"All authors are based on King's College London and the study receives funding from the Ministry of Defence (MOD). The salaries of Professors Rona and Fear and Ms Jones are paid totally or partially for this grant. Professor Rona is also partially paid by a grant of Forces in Mind Trust (FiMT). Dr Jones is a full-time member of the Armed Forces seconded to King's College London. Professor Fear reports grants from the US Department of Defense and the UK MOD, is a trustee (unpaid) of the Warrior Programme, and an independent advisor to the Independent Group Advising on the Release of Data (IGARD). Professor Wessely is a trustee (unpaid) of Combat Stress and Honorary Civilian Consultant Advisor in Psychiatry for the British Army (unpaid). He is affiliated to the National Institute for Health Research Protection Research Unit (NIHR HPRU) in Emergency Preparedness and Response at King's College London in Partnership with Public Health England in collaboration with the University of East Anglia and Newcastle University",1,King's College London | Ministry of Defence,I183935753 I4210155288,no
"Anaesthetics, Royal Victoria Infirmary, Newcastle University Teaching Hospitals",1,Royal Victoria Infirmary,I2800516725,no
"Anatomy, St. George's University School of Medicine, Newcastle upon Tyne, GBR",1,,,no
"Annaluisa Pedrotti -Laboratorio ""B. Bagolini"" , Dipartimento di Lettere e Filosofia , Università degli Studi di Trento ; Francesco Carrer -McCord Centre for Landscape , Newcastle University (Regno Unito) ; Piergiorgio Cesco Frare -Via Maraga 11 -I -32100 Belluno",1,University of Trento,I193223587,no
"Anti-Tuberculosis Association, Kiyose, Japan Newcastle University",1,,,no
"Arthritis Research UK Centre for Genetics and Genomics, University of Manchester, Manchester, UK, 2 Program in Medical and Population Genetics, Broad Institute of MIT and Harvard, Boston, MA, USA, 3 Arthritis Research UK Centre for Epidemiology, University of Manchester, Manchester, UK, 4 St Albans City Hospital, Health and Human Sciences Research Institute, University of Hertfordshire, St Albans, UK, 5 NIHR Leeds Musculoskeletal Biomedical Research Unit, Chapel Allerton Hospital, Leeds Teaching Hospitals NHS Trust, Chapeltown Road, Leeds, UK, 6 Conway Institute of Biomolecular & Biomedical Research, University College Dublin, Dublin, Ireland and 7 Musculoskeletal Research Group, Institute of Cellular Medicine, Newcastle University and Newcastle upon Tyne NHS Foundation Trust, Framlington Place, Newcastle upon Tyne, UK",1,University of Manchester | University of Newcastle Australia | University College Dublin | Broad Institute | Chapel Allerton Hospital | Leeds Teaching Hospitals NHS Trust | NIHR Leeds Musculoskeletal Biomedical Research Unit,I28407311 I78757542 I100930933 I107606265 I2799279645 I2799390153 I4210114713,no
"Assistant Professor of General Practice, Monash University and Newcastle University, Australia",1,Monash University | University of Newcastle Australia,I56590836 I78757542,no
"Associate Professor in Education University of Newcastle, University Drive, Callaghan, New South Wales",1,University of Newcastle Australia,I78757542,no
"Associate Professor, Department of General Practice, The Newcastle University, Newcastle, NSW, Australia",1,University of Newcastle Australia,I78757542,no
"Atelerix Ltd, Newcastle upon Tyne, United Kingdom",1,,,no
Audiology Newcastle upon Tyne UK,1,,,no
"Australian Museum Research Institute, Australian Museum, 1 William Street, Sydney, New South Wales 2010, Australia. School of Environmental and Life Sciences, University of Newcastle, University Drive, Callaghan, NSW 2308, Australia",1,University of Newcastle Australia | Australian Museum,I78757542 I1328215151,no
"Australian Museum Research Institute, Australian Museum, 1 William Street, Sydney, New South Wales 2010, Australia. School of Environmental and Life Sciences, University of Newcastle, University Drive, Callaghan, NSW 2308, Australia. stephen.mahony@australian.museum",1,University of Newcastle Australia | Australian Museum,I78757542 I1328215151,no
"Australian National Institute of Management and Commerce, 1 Central Avenue Australian Technology Park, Eveleigh Sydney NSW 2015, Australia; School of Economics and School of Management, Tianjin Normal University, West Bin Shui Avenue, Tianjin 300074, China; Guangdong Institute for International Strategies, Guangdong University of Foreign Studies, Baiyun Avenue North, Guangzhou 510420, China; Newcastle Business School, University of Newcastle, University Drive, Newcastle, NSW 2308, Australia. Electronic address: stephen.nicholas@newcastle.edu.au",1,Tianjin Normal University | University of Newcastle Australia | Guangdong University of Foreign Studies,I15062923 I78757542 I186272606,no
"Australian National Institute of Management and Commerce, 1 Central Avenue Australian Technology Park, Eveleigh Sydney, NSW 2015, Australia; Newcastle Business School, University of Newcastle, University Drive, Newcastle, NSW 2308, Australia. Electronic address: stephen.nicholas@newcastle.edu.au",1,University of Newcastle Australia,I78757542,no
"Authors' Affiliations: 1Westmead Institute for Cancer Research, University of Sydney at Westmead Millennium Institute, Westmead; Departments of 2Medical Oncology and 3Nuclear medicine PET and Ultrasound, Westmead Hospital; 4Melanoma Institute Australia, Sydney; and 5Immunology and Oncology Unit, Newcastle University, New South Wales, Australia",1,University of Newcastle Australia | The University of Sydney | Westmead Hospital | Melanoma Institute Australia,I78757542 I129604602 I2803024705 I4210118383,no
"Authors: Sarah Yeun-Sim Jeong, PhD, RN, Lecturer, Master of Nursing (Adv Prac) Program Convenor, School of Nursing & Midwifery, University of Newcastle, Ourimbah; Isabel Higgins, PhD, RN, Professor of Nursing Older Person Care, School of Nursing & Midwifery, University of Newcastle, University Drive; Margaret McMillan, PhD, RN, Conjoint Professor of Nursing, School of Nursing & Midwifery, University of Newcastle, University Drive, Callaghan, NSW, Australia",1,University of Newcastle Australia,I78757542,no
"B University of Michigan, Ann Arbor oe University of British Columbia X Indiana University Bloomington Q Newcastle University M Max Planck Institute for Human Cognitive and Brain Sciences",1,University of Michigan | University of British Columbia | Indiana University Bloomington | Max Planck Institute for Human Cognitive and Brain Sciences,I27837315 I141945490 I4210119109 I4210130445,no
"BA BDS, MSc in Dental Implants(Bristol University), Diploma in Pimary Care Oral Surgery, RCS(Eng), Diploma in Conscious Sedation (Newcastle University), Cert in Clinical Education (Edinburgh University)",1,University of Bristol,I36234482,no
BCom ( University of Newcastle,1,,,no
"BMD Hub, Newcastle upon Tyne, UK",1,,,no
"BSchool of Medical Practice and Population Health, University of Newcastle",1,,,no
"Babes-Bolyai University, Newcastle University, Romania",1,Babeș-Bolyai University,I3125347698,no
"Bartlett School of Planning, UCL, Newcastle University, London, UK",1,University College London,I45129253,no
"BatchCAD Ltd, St Thomas Street Stables, Newcastle upon Tyne, Newcastle NE1 4LE, U.K",1,,,no
"Benfield Park Medical Group, Newcastle Upon Tyne, NE6 4QD UK",1,,,no
"Berkeley Computational Research, Newcastle University, 2308, Australia",1,University of Newcastle Australia,I78757542,no
Bester Labs Newcastle Upon Tyne United Kingdom,1,,,no
"Bioinformatics Support Unit, William Leech Building, Framlington Place, Newcastle-upon-Tyne, NE2 4HH, UK",1,,,no
"Biomedical Sciences and Pharmacy , University of Newcastle ,",1,,,no
"Biosciences Institute , , Newcastle upon Tyne, NE2 4HH, UK",1,,,no
"Biosystems Informatics Institute, Newcastle upon Tyne, NE1 4EP Newcastle, United Kingdom",1,Biosystems Informatics Institute,I4210100214,no
"Biotechnology, Newcastle University, Khartoum, SDN",1,,,no
"British Acadamy RaR Fellow, NewCastle University Business School, Newcastle upon Tyne, UK",1,,,no
"British Gas plc, Newcastle upon Tyne, NE99 1LH U.K",1,,,no
"British Newcastle University,Newcastle,British)",1,,,no
"Bungay Grammar School, Suffolk and King's College Newcastle, University of Durham. Then, after one",1,Durham University,I190082696,no
"C.I.C.S. Newcastle University, Newcastle, N.S.W., Australia",1,University of Newcastle Australia,I78757542,no
"CNewcastle University, Newcastle upon Tyne, UK and Newcastle upon Tyne Hospitals NHS Foundation Trust, Newcastle upon Tyne, UK",1,Newcastle upon Tyne Hospitals NHS Foundation Trust,I2801663869,no
CURDS University of Newcastle,1,,,no
"California, University Los Angeles, CA; Newcastle, University, Newcastle, Australia",1,"University of Newcastle Australia | University of California, Los Angeles",I78757542 I161318765,no
"Calvary Mater Newcastle, University of Newcastle, Newcastle, NSW 2310. andrew.searles@studentmail.newcastle.edu.au",1,University of Newcastle Australia,I78757542,no
"Cancer Research Unit, Faculty of Medicine, The University of Newcastle , Newcastle, New South Wales ,",1,University of Newcastle Australia,I78757542,no
"Cancer Research Unit, Newcastle upon Tyne, England, , , , ,",1,,,no
"Caring Futures Institute, College of Nursing and Health Sciences, Flinders University, GPO Box 2100, Adelaide 5001, South Australia, Australia; School of Nursing and Midwifery, University of Newcastle, University Drive, Callaghan, New South Wales 2308, Australia. Electronic address: alison.hutton@newcastle.edu.au",1,University of Newcastle Australia | Flinders University | Caring Futures Institute,I78757542 I169541294 I4405259553,no
"Cavendish Laboratory, Department of Physics, University of Cambridge, J J Thomson Avenue, Cambridge CB3 0HE, United Kingdom; Department of Physics, North Carolina State University, Raleigh, North Carolina 27695; and School of Mathematical and Physical Sciences, University of Newcastle, University Drive, Callaghan NSW 2308, Australia",1,University of Cambridge | University of Newcastle Australia | North Carolina State University,I241749 I78757542 I137902535,no
"Center for Complex Dynamic Syst. & Control, Newcastle Univ., Callaghan, NSW",1,University of Newcastle Australia,I78757542,no
"Centre de Recherche, Universite de Sherbrooke (W.D.F.); Centro Rosarino de Estudios Perinatales (CREP), Rosario, Santa Fé, Argentina (G.C.); Department of Obstetrics and Gynaecology, Faculty of Medical Sciences, The University of the West Indies, Mona, Kingston, Jamaica (D.S.-S.); Department of Obstetrics and Gynaecology, Monash University, Clayton, Victoria, Australia (B.W.J.M.); Department of Obstetrics and Gynecology, Faculty of Medicine and Health Sciences, Centre de Recherche du CHUS, University of Sherbrooke (W.D.F.), Sherbrooke, Quebec; Department of Obstetrics, Academic Medical Center, Amsterdam (M.A.O.), the Netherlands; Department of Obstetrics, Gynecology & Newborn Care, University of Ottawa (S.W.W., L.M.G., M.C.W.), Ottawa, Ontario, Canada; Department of Obstetrics, University Medical Center, Utrecht, Utrecht (M.A.O.); Institute of Cellular Medicine, The Medical School, Newcastle University, Newcastle upon Tyne, United Kingdom (S.R.); Maternal-Fetal Medicine Division, Department of Obstetrics and Gynecology, Mount Sinai Hospital, University of Toronto, Toronto, Ontario (J.K.); Mother & Child Axis, Centre de Recherche du Centre Hospitalier Universitaire de Sherbrooke (W.D.F.); OMNI Research Group, Clinical Epidemiology Program, Ottawa Hospital Research Institute (S.W.W., R.R.W., N.R., L.M.G., D.J.C., M.C.W.); Obstetric Medicine, Robinson Research Institute, University of Adelaide (W.H., B.W.J.M.); Queen's Perinatal Research Unit, Kingston General Hospital, Department of Obstetrics and Gynecology, Queens University, Kingston, Ontario (G.S.); School of Epidemiology, Public Health and Preventive Medicine, University of Ottawa (S.W.W., L.M.G., G.W., D.C., M.C.W.); Women and Children's Health Research Institute (S.T.D.) and Departments of Obstetrics and Gynecology (S.T.D.) and Physiology (S.T.D.), University of Alberta, Edmonton, Alberta; Women's and Children's Hospital (W.H.), Adelaide, South Australia, Australia",1,Monash University | Université de Sherbrooke | University of Toronto | Centro Rosarino de Estudios Perinatales | University of the West Indies,I56590836 I135117807 I185261750 I4210101927 I4210129319,no
"Centre for Clinical Epidemiology and Biostatistics, University of Newcastle, University Dr, Callaghan, Newcastle, Australia",1,University of Newcastle Australia,I78757542,no
"Centre for Environmental Risk Assessment and Remediation (CERAR), University of South Australia, Mawson Lakes Campus, Mawson Lakes, SA 5095, Australia; Cooperative Research Centre for Contamination Assessment and Remediation of the Environment (CRC-CARE), P O Box 486, Salisbury South, SA 5106, Australia; Global Centre for Environmental Remediation (GCER), Faculty of Science and Information Technology, The University of Newcastle, University Drive, Callaghan, NSW 2308, Australia. Electronic address: ravi.naidu@crccare.com",1,University of Newcastle Australia | University of South Australia | CRC CARE | Cooperative Research Centre for Contamination Assessment and Remediation of the Environment,I78757542 I170239107 I4210156889 I4391767978,no
"Centre for Environmental Risk Assessment and Remediation (CERAR), University of South Australia, Mawson Lakes, SA, 5095, Australia; Cooperative Research Centre for Contamination Assessment and Remediation of the Environments, ATC Building, The University of Newcastle, University Drive, Callaghan, NSW 2308, Australia",1,University of Newcastle Australia | University of South Australia | Cooperative Research Centre for Contamination Assessment and Remediation of the Environment,I78757542 I170239107 I4391767978,no
"Centre for Environmental Risk Assessment and Remediation (CERAR), University of South Australia, Mawson Lakes, SA, 5095, Australia; Cooperative Research Centre for Contamination Assessment and Remediation of the Environments, ATC Building, The University of Newcastle, University Drive, Callaghan, NSW, 2308, Australia",1,University of Newcastle Australia | University of South Australia | Cooperative Research Centre for Contamination Assessment and Remediation of the Environment,I78757542 I170239107 I4391767978,no
"Centre for Environmental Risk Assessment and Remediation, University of South Australia, Mawson Lakes, SA 5095, Australia; CRC CARE, Newcastle University LPO, PO Box 18, Callaghan, NSW 2308, Australia",1,University of Newcastle Australia | University of South Australia | CRC CARE,I78757542 I170239107 I4210156889,no
"Centre for Genetics and Genomics, Arthritis Research UK, Centre for Musculoskeletal Research, Manchester Academic Health Sciences Centre, University of Manchester, 2 NIHR Manchester Musculoskeletal BRU, Central Manchester Foundation Trust and University of Manchester, 3 Centre for Epidemiology, Arthritis Research UK, Centre for Musculoskeletal Research, Manchester Academic Health Sciences Centre, University of Manchester, Manchester, 4 Leeds Institute of Rheumatic and Musculoskeletal Medicine, University of Leeds and NIHR Leeds Musculoskeletal Biomedical Research Unit, Leeds, 5 Academic Unit of Rheumatology, Department of Infection and Immunity, The Medical School, University of Sheffield, Sheffield and 6 NIHR Newcastle Biomedical Research Centre, Newcastle upon Tyne NHS Foundation Trust and Newcastle University, Newcastle upon Tyne, UK",1,University of Manchester | University of Newcastle Australia | University of Sheffield | University of Leeds | NIHR Leeds Musculoskeletal Biomedical Research Unit,I28407311 I78757542 I91136226 I130828816 I4210114713,no
"Centre for Genetics and Genomics, Arthritis Research UK, Centre for Musculoskeletal Research, Manchester Academic Health Sciences Centre, University of Manchester, 2NIHR Manchester Musculoskeletal BRU, Central Manchester Foundation Trust and University of Manchester, 3Centre for Epidemiology, Arthritis Research UK, Centre for Musculoskeletal Research, Manchester Academic Health Sciences Centre, University of Manchester, Manchester, 4Leeds Institute of Rheumatic and Musculoskeletal Medicine, University of Leeds and NIHR Leeds Musculoskeletal Biomedical Research Unit, Leeds, 5Academic Unit of Rheumatology, Department of Infection and Immunity, The Medical School, University of Sheffield, Sheffield and 6NIHR Newcastle Biomedical Research Centre, Newcastle upon Tyne NHS Foundation Trust and Newcastle University, Newcastle upon Tyne, UK",1,University of Manchester | University of Newcastle Australia | University of Sheffield | University of Leeds | Manchester Academic Health Science Centre | NIHR Leeds Musculoskeletal Biomedical Research Unit | Arthritis Research UK,I28407311 I78757542 I91136226 I130828816 I2799725268 I4210114713 I4387156334,no
"Centre for Geotechnical and Materials Modeling, School of Engineering, University of Newcastle, University Drive, Callaghan, 2308 NSW, Australia",1,University of Newcastle Australia,I78757542,no
"Centre for Life Sciences Modelling, School of Biology, The University, Newcastle upon Tyne, NE1 7RU, USA",1,,,no
"Centre for Mathematical Modelling of Infectious Diseases, Department of Infectious Disease Epidemiology, Faculty of Epidemiology and Population Health, London School of Hygiene and Tropical Medicine, London WC1E 7HT, UK; Department of Engineering Mathematics, University of Bristol, Ada Lovelace Building, University Walk, Bristol BS8 1TW, UK; Department of Mathematics and Statistics, Faculty of Environment, Science and Economy, University of Exeter, Exeter EX4 4QE, UK; School of Engineering, Newcastle University, Newcastle-upon-Tyne NE1 7RU, UK; Stochastics and Biology Group, Probability and Statistics (LPSM, CNRS 8001), Sorbonne University, Campus Pierre et Marie Curie, 4 Place Jussieu, 75005, Paris, France; UK Health Security Agency, Nobel House, Smith Square, London SW1P 3JR, UK",1,University of Exeter | University of Bristol | Sorbonne Université | London School of Hygiene & Tropical Medicine,I23923803 I36234482 I39804081 I4210089966,no
"Centre for Travel & Tourism, Newcastle Business School, University of North-Umbria, Newcastle-upon-Tyne, United Kingdom",1,Northumbria University,I32394136,no
"Charles Sturt University, Faculty of Science, School of Nursing, Midwifery and Indigenous Health, 7 Major Innes Road, Port Macquarie, NSW 2444, Australia; University of Newcastle, Faculty of Health and Medicine, School of Nursing and Midwifery, University Drive, Callaghan, NSW 2308, Australia; Hunter Medical Research Institute, Lot 1 Kookaburra Circuit, New Lambton Heights, NSW 2305, Australia; Priority Research Centre for Brain and Mental Health, University of Newcastle, University Drive, Callaghan, NSW 2308, Australia",1,University of Newcastle Australia | Charles Sturt University | Hunter Medical Research Institute,I78757542 I153230381 I4210087646,no
"Charles Sturt University, Faculty of Science, School of Nursing, Midwifery and Indigenous Health, 7 Major Innes Road, Port Macquarie, NSW, Australia, 2444; University of Newcastle, Faculty of Health and Medicine, School of Nursing and Midwifery, University Drive, Callaghan, NSW, Australia, 2308; Hunter Medical Research Institute, Lot 1 Kookaburra Circuit, New Lambton Heights, NSW, Australia, 2305; Priority Research Centre for Brain and Mental Health, University of Newcastle, University Drive, Callaghan, NSW, Australia, 2308",1,University of Newcastle Australia | Charles Sturt University | Hunter Medical Research Institute,I78757542 I153230381 I4210087646,no
"Charlotte Ratcliff BSc (Hons) MBBS Dip Med Ed GP, registrar currently working in Paediatric Rheumatology, Great North Children's Hospital, Newcastle Hospitals NHS Foundation Trust, Newcastle upon Tyne, UK. Competing interests: none declared Graeme Denman MBBS GP, currently working in Paediatric Rheumatology as a Specialty Doctor, Great North Children's Hospital, Newcastle Hospitals NHS Foundation Trust, Newcastle upon Tyne, UK. Competing interests: none declared Sharmila Jandial MBChB MRCPCH Cert Med Ed , Consultant in Paediatric Rheumatology, Great North Children's Hospital, Newcastle Hospitals NHS Foundation Trust, Newcastle upon Tyne, UK. Competing interests: none declared Helen Foster MD FRCP FRCPCH DCH Cert Med Ed , Professor of Paediatric Rheumatology and Honorary Consultant, Newcastle University, UK and Great North Children's Hospital, Newcastle Hospitals NHS Foundation Trust, Newcastle upon Tyne, UK. Competing interests: none declared",1,Great North Children's Hospital,I4210138797,no
"Chemical Engineering Department, King's College, University of Durham, Newcastle Upon Tyne, 2. U.K",1,Durham University,I190082696,no
"Chemical Process Engineering Department, University of Newcastle, Edinburgh, UK",1,,,no
"Chemistry Department, Newcastle University College, New South Wales",1,University of Newcastle Australia,I78757542,no
"Chemistry, School of Natural and Environmental Sciences, New-castle University, Newcastle Upon Tyne, NE1 7RU, United King-dom",1,,,no
"Chris Earl is Dean of Faculty in Mathematics, Computing and Technology at the Open University, UK. Previously Chris was Head of Department of Design and Innovation and was appointed as Professor of Engineering Product Design in 2000. His research interests include generative and computational design methods, design processes across domains as well as planning and scheduling Design and Manufacturing processes. Before joining the Open University, Chris was with the Newcastle University Engineering Design",1,The Open University,I204136569,no
"City Campus East 1, Newcastle Upon Tyne, NE1 8ST, UK",1,,,no
"Civil and Environmental Engineering, School of Engineering , University of Newcastle , University Drive, Callaghan , NSW , 2308 , Australia Phone: 61 2 4921 7376 Fax: 61 2 4921 7376 E-mail: jose.rodriguez@newcastle.edu.au",1,University of Newcastle Australia,I78757542,no
Clinical Academic Unit (Family Medicine) Newcastle University of Medicine Johor Malaysia,1,Newcastle University Medicine Malaysia,I4210089915,no
"Clinical Academic Unit (Family Medicine), Newcastle University Medicine Malaysia, Nusajaya, Malaysia",1,Newcastle University Medicine Malaysia,I4210089915,no
"Clinical Pharmacology Unit, 13 Framlington Place, Newcastle upon Tyne NE2 4AB, United Kingdom",1,,,no
"Clinical Pharmacology, School of Medical Practice and Population Health, Faculty of Health, Newcastle University, Newcastle, Australia. hillsu@mail.newcastle.edu.au",1,University of Newcastle Australia,I78757542,no
"Clinical and Molecular Genetics Unit, Institute of Child Health and Great Ormond Street Hospital, London, UK, 

bDepartment of Clinical Genetics, Erasmus Medical Centre, Rotterdam, The Netherlands, 

cDepartment of Clinical Genetics, Oxford Radcliffe Hospital Trust, Oxford, UK, 

dInstitute of Molecular Medicine, John Radcliffe Hospital, Oxford, UK, 

eDepartment of Genetics, St George's Hospital, London, UK, 

fCentre for Medical Genetics, City Hospital, Nottingham, UK, 

gClinical Genetics Unit, Manchester Children's Hospital, Manchester, UK, 

hClinical Genetics Unit, Birmingham Women's Hospital, Birmingham, UK, 

iDivision of Human Genetics, University of Newcastle upon Tyne, Newcastle upon Tyne, UK, 

jSheffield Children's Hospital, Sheffield, UK, 

kDuncan Guthrie Institute of Medical Genetics, Glasgow, UK",1,University of Oxford | St George's Hospital | Great Ormond Street Hospital | Erasmus MC | John Radcliffe Hospital,I40120149 I1310053265 I2800129641 I2801952686 I2802742124,no
"Co-Director, based at Centre for Usable Home Technologies, Universities of Newcastle and York, Newcastle and York, UK",1,University of York,I52099693,no
"CoUege, Univer8ity of Durham, Newcastle upon Tyne,",1,Durham University,I190082696,no
"College of Public Health, Medical and Veterinary Sciences, James Cook University, 1 James Cook Drive, Townsville, Queensland 4811, Australia; Department of Neonatology, The Townsville Hospital, IMB 51 P.O. Box 670, Townsville, Queensland 4810, Australia; Mothers and Babies Research Centre, Hunter Medical Research Institute, John Hunter Hospital, The University of Newcastle,University Drive, Callaghan, NSW 2308, Australia",1,University of Newcastle Australia | James Cook University | John Hunter Hospital | Townsville Hospital | Hunter Medical Research Institute,I78757542 I86467917 I2800479947 I2800639112 I4210087646,no
"Computing Laboratory, University of Newscastle Upon Tyne NE1 7RU, England",1,,,no
"Computing Science , Claremont Tower , Claremont Road , Newcastle upon Tyne , NE1 7RU , England",1,,,no
"Conciliation Project Unit, Old Medical School, The University, Newcastle NE1 7RU",1,,,no
"Cooperative Research Centre for Contamination Assessment and Remediation of the Environment (CRC CARE), Callaghan, NSW 2308, Australia; Global Centre for Environmental Remediation, Faculty of Science and Information Technology, University of Newcastle, University Drive, Callaghan, NSW 2308, Australia",1,University of Newcastle Australia | CRC CARE | Cooperative Research Centre for Contamination Assessment and Remediation of the Environment,I78757542 I4210156889 I4391767978,no
"Corresponding author. Faculty of Health and Life Sciences, Northum-bria University, Newcastle upon Tyne, NE1 8ST, United Kingdom",1,Northumbria University,I32394136,no
County Durham and Darlington NHS Foundation Trust Tomos Robinson Newcastle University,1,County Durham and Darlington NHS Foundation Trust,I2800136903,no
"Cuthbert House, All Saints, Newcastle upon Tyne, NE1 2DP, U.K",1,,,no
"D. Cornforth is with the Applied Informatics Research group, University of Newcastle",1,,,no
"DEPARTMENT OF CHILD HEALTH; DURHAM UNIVERSITY MEDICAL SCHOOL, KING'S COLLEGE, NEWCASTLE UPON TYNE, United Kingdom",1,Durham University,I190082696,no
"Dean and Head of Newcastle University Law School, Professor of Law, Australia. Electronic address: tania.sourdin@newcastle.edu.au",1,University of Newcastle Australia,I78757542,no
"Debora Calderoni MB BS Paediatric Trainee, University Hospital Southampton NHS Foundation Trust, Southampton, UK. Conflicts of interest: none declared Giuseppe Barone PhD Consultant Paediatric Oncologist, Great Ormond Street Hospital, London, UK. Conflicts of interest: none declared Martin Elliott MB ChB MRCPCH PhD Consultant in Paediatric Oncology, Leeds Children's Hospital, Leeds Teaching Hospitals NHS Trust, Leeds, UK. Conflicts of interest: none declared Deborah A Tweddle BSc(Hons) MB ChB (Hons) PhD FRCPCH Professor of Paediatric Oncology and Honorary Consultant in Paediatric and Adolescent Oncology, Translational and Clinical Research Institute, Newcastle University and Great North Children's Hospital, Newcastle upon Tyne, UK. Conflicts of interest: none declared Ramya Ramanujachar MBBS MD MRCP FRCPCH PhD Consultant Paediatric Oncologist, University Hospital Southampton NHS Foundation Trust, UK. Conflicts of interest: none declared Juliet C Gray MA MB BS FRCPCH PhD Associate Professor and Consultant in Paediatric Oncology, Centre for Cancer Immunology, Faculty of Medicine, University of Southampton, UK. Conflicts of interest: none declared",1,Leeds Teaching Hospitals NHS Trust | Great Ormond Street Hospital | University Hospital Southampton NHS Foundation Trust,I2799390153 I2800129641 I2802965805,no
"Demuris Limited, Newcastle Biomedicine Bio-Incubators, Framlington Place, Newcastle upon Tyne, NE2 4HH, U.K",1,Demuris (United Kingdom),I4210090653,no
"Demuris Ltd, Newcastle Biomedicine Bio-Incubators, Framlington Place, Newcastle upon Tyne NE2 4HH, UK",1,Demuris (United Kingdom),I4210090653,no
"Demuris Ltd., Newcastle upon Tyne, UK",1,Demuris (United Kingdom),I4210090653,no
"Dental School Newcastle, University of Glasgow, UK",1,University of Glasgow,I7882870,no
"Dep. Chem., Univ. Newcastle, Newcastle, N. S. W. 2308, Aust",1,University of Newcastle Australia,I78757542,no
"Dep. Chem., Univ. Newcastle, Newcastle, N. S. W., 2308, Aust",1,University of Newcastle Australia,I78757542,no
"Deparmzent of Mechanical Engineering and Manufacturing Systems , Newcastle Polytechnic , Ellison Building , Newcastle upon Tyne , NE1 8ST , U.K",1,,,no
"Deparmzent of Mechanical Engineering and Manufacturing Systems, Newcastle Polytechnic, Ellison Building, Newcastle upon Tyne, NE1 8ST, U.K",1,,,no
"Departmentof Chemical Engineering, New Castle University, Newcastle upon Tyne, NE1 7RU,U.K",1,,,no
"Department of Agriculture and Environmental Sciences, University of New Castle Upon Tyne, NE1 7RU, United Kingdom",1,,,no
"Department of Anatomical Sciences , St George's University/NU Program , Newcastle upon Tyne , United Kingdom",1,,,no
"Department of Anatomical Sciences St George's University School of Medicine, Newcastle upon Tyne  United Kingdom",1,,,no
"Department of Anatomical Sciences, St George's University School of Medicine, Newcastle Upon Tyne, UK",1,,,no
"Department of Anatomical Sciences, St George’s University School of Medicine, Newcastle upon Tyne NE1 8ST, UK",1,,,no
"Department of Anatomical Sciences, St. Georges' University School of Medicine, Newcastle upon Tyne, UK",1,,,no
"Department of Anatomical Sciences, St. Georges' University School of Medicine, Newcastle upon Tyne, UK. jagillot@yahoo.com",1,,,no
"Department of Anatomical sciences, St George's University/NU Program, Newcastle upon Tyne, United Kingdom",1,,,no
"Department of Anatomy, University of Durham, Newcastle upon Tyne",1,Durham University,I190082696,no
"Department of Applied Mathematics, School of Mathematics, University of Newscastle upon Tyne, Newcastle upon Tyne, UK",1,,,no
"Department of Architecture, School of Architecture and Built Environment, University of Newcastle, University Drive, Callaghan, Australia",1,University of Newcastle Australia,I78757542,no
"Department of Arts , Design and Social Sciences, , Newcastle, NE1 8ST, UK",1,,,no
"Department of Biochemistry and Genetics, The Medical School University of Newscastle Upon Tyne Newcastle Upon Tyne, UK",1,,,no
"Department of Biochemistry, University of Liverpool, NE1 4LP, Newcastle upon Tyne, UK",1,University of Liverpool,I146655781,no
"Department of Biochemistry, University of New-Castle upon Tyne, Nevjcastle upon Tyne NE1 7RU, UK",1,,,no
"Department of Biological Sciences , The University of Newcastle , New South",1,University of Newcastle Australia,I78757542,no
"Department of Biological Sciences , The University of Newcastle , Newcastle , N.S.W. 2308 ",1,University of Newcastle Australia,I78757542,no
"Department of Biological Sciences , University of Newcastle , N.S. W. 2308",1,University of Newcastle Australia,I78757542,no
"Department of Biological Sciences , University of Newcastle , N.S.W. 2308 ;",1,University of Newcastle Australia,I78757542,no
"Department of Biological Sciences, The University, Dundee, DD1 4HN, UK ; Department of Chemistry and Life Sciences, Newcastle Polytechnic, Newcastle-up-Tyne, NE1 8ST",1,University of Dundee,I177639307,no
"Department of Biological Sciences, University of Newcastle , N.S.W. 2308 ,",1,University of Newcastle Australia,I78757542,no
"Department of Biological Sciences, University of Newcastle, Newcastle, N. S. W",1,University of Newcastle Australia,I78757542,no
"Department of Biological Sciences, University of Newcastle, University Drive, Callaghan, NSW, 2308, Australiaf1birkb@cc.newcastle.edu.auf1",1,University of Newcastle Australia,I78757542,no
Department of Chemical & Life Sciences Newcastle upon Tyne Polytechnic Newcastle upon Tyne NE1 8ST U.K,1,,,no
"Department of Chemical & Life Sciences, University of Northurnbria at Newcastle, Newcastle upon Tyne NE1 8ST United Kingdom",1,Northumbria University,I32394136,no
"Department of Chemical Engineering, University of Newcastle, NSW, 2308, UK",1,University of Newcastle Australia,I78757542,no
"Department of Chemical and Life Sciences, Newcastle Polytechnic, Newcastle upon Tyne, U.K",1,,,no
"Department of Chemical and Life Sciences, Newcastle upon Tyne Polytechnic, Newcastle upon Tyne NE1 8ST, U.K",1,,,no
"Department of Chemical and Life Sciences, Newcastle upon Tyne Polytechnic, Newcastle upon Tyne NEI 8ST, U.K",1,,,no
"Department of Chemical and Life Sciences, The Polytechnic, NE1 8ST, Newcastle-upon-Tyne, UK",1,,,no
"Department of Chemical and Life Sciences, The Polytechnic, Newcastle upon Tyne NE1 8ST UK",1,,,no
"Department of Chemical and Life Sciences, The Polytechnic, Newcastle-upon-Tyne NE1 8ST Gt. Britain",1,,,no
"Department of Chemistry and Applied Chemistry, Newcastle Polytechnic, Ellison Building, Newcastle-upon-Tyne, NE1 8ST, U.K",1,,,no
"Department of Chemistry and Applied Chemistry, Newcastle Polytechnic, Ellison Building, Newcastle‐upon‐Tyne, NE1 8ST, U.K",1,,,no
"Department of Chemistry and Life Sciences, Newcastle Polytechnic, Newcastle upon Tyne NE1 8ST, U.K",1,,,no
"Department of Chemistry, Newcastle upon Tyne Polytechnic, Newcastle upon Tyne NE1 8ST, U.K",1,,,no
"Department of Chemistry, Newcastle upon Tyne Polytechnic, Newcastle upon Tyne, NE1 8ST U.K",1,,,no
"Department of Chemistry, Newcastle upon Tyne Polytechnic, Newcastle upon Tyne, NE1 8ST, U.K",1,,,no
"Department of Chemistry, University of Newcastle, N.S.W. 2308 U.S.A",1,University of Newcastle Australia,I78757542,no
"Department of Chemistry, University of Newcastle, S.S.W. 2308",1,,,no
"Department of Chemistry, University of Newcastle, University Drive,Callaghan,Australia",1,University of Newcastle Australia,I78757542,no
"Department of Child Health , Newcastle-upon-Tyne )",1,,,no
"Department of Child Health, Medical SchoolFramlington Place, Newcastle-upon-Tyne, UK",1,,,no
"Department of Child Health, Newcastle upon Tyne NE2 4HH, U.K",1,,,no
"Department of Child Health, Newcastle upon Tyne, England",1,,,no
"Department of Child Health, Newcastle upon Tyne. NE1 4LP U. K",1,,,no
"Department of Child Health, Newcastle-upon-Tyne, U.K",1,,,no
"Department of Child Health, University of Durham, at Newcastle upon Tyne, United Kingdom",1,Durham University,I190082696,no
"Department of Civil Surveying and Environmental Engineering, University of Newcastle, University Drive, Newcastle, NSW 2308, Australia",1,University of Newcastle Australia,I78757542,no
"Department of Clinical Biochemistry, Framlington Place, Newcastle upon Tyne NE2 4HH, UK",1,,,no
"Department of Clinical Pharmacology, School of Medical Practice and Population Health, Faculty of Health, University of Newcastle, Newcastle, NSW",1,University of Newcastle Australia,I78757542,no
"Department of Computer Science and Software Engineering, University of Newcastle, University Drive, Callaghan 2308, Australia#TAB#",1,University of Newcastle Australia,I78757542,no
"Department of Computer Science, University of Newcastle, University Drive, Callaghan, New South Wales 2308, Australia#TAB#",1,University of Newcastle Australia,I78757542,no
"Department of Computer Science, University of Newcastle, University Drive, Callaghan, New South Wales 2308, Australia.  rfc@cs.newcastle.edu.au. , , AU",1,University of Newcastle Australia,I78757542,no
"Department of Computing, University of Northumbria at Newcastle, University of Northumbria at Newcastle, Ellison Place, Newcastle upon Tyne, NE1 8ST, UK",1,Northumbria University,I32394136,no
Department of Dentistry Institute of Health and Society Newcastle Upon Tyne UK,1,,,no
"Department of Dermatology Newcastle upon Tyne NE1 4LP, U. K",1,,,no
"Department of Dermatology and Medical Physics, Newcastle upon Tyne, UK",1,,,no
"Department of Diabetes and Endocrinology, Bankstown-Lidcombe Hospital, 68 Eldridge Rd, Bankstown, NSW 2200, Australia; School of Health Sciences, Faculty of Health and Medicine, The University of Newcastle, University Drive, Callaghan, NSW 2308, Australia. Electronic address: Robyn.Barnes2@health.nsw.gov.au",1,University of Newcastle Australia | Bankstown Lidcombe Hospital,I78757542 I2800681009,no
Department of ENT Newcastle upon Tyne UK,1,,,no
"Department of Economics, University of Newcastle (Canada)",1,,,no
"Department of Electrical Engineering, University of Durham, Newcastle upon Tyne, 1",1,Durham University,I190082696,no
"Department of Electronic Engineering, Newcastle Polytechnic, Newcastle upon Tyne, NEl 8ST, UK",1,,,no
"Department of English Language, Thu University, Newcastle upon Tyne, NEl 7RU, UK Phone: (091∥ 222-6000, ext. 7781 E-mail: Herrmann.Moisl@uk.ac.newcastle",1,,,no
"Department of Environment, Lipman Building Newcastle upon Tyne Polytechnic, Newcastle upon Tyne, NE1 8ST, U.K",1,,,no
"Department of Epidemiology and Public Health, School, of Health Sciences, Medical School, University of New castle, Newcastle upon Tyne NE2 4HH, UK",1,,,no
Department of General Practice; Newcastle University; Newcastle Australia,1,University of Newcastle Australia,I78757542,no
"Department of Geography , University of Newcastle, University Drive , Callaghan, NSW, 2308, Australia",1,University of Newcastle Australia,I78757542,no
"Department of Geography Newcastle University College Tighe's Hill, 2 N New South Wales",1,University of Newcastle Australia,I78757542,no
"Department of Geography Newcastle University College Tighe's Hill, 2N New South Wales",1,University of Newcastle Australia,I78757542,no
"Department of Geography, Faculty of Engineering and Environment, North-umbria University, Ellison Place, Newcastle upon Tyne NE1 8ST, United Kingdom",1,Northumbria University,I32394136,no
"Department of Geography, Newcastle University, Shortland, N.S.W. 2307, Australia",1,University of Newcastle Australia,I78757542,no
"Department of Geography, University of Newcastle, University Drive, Callaghan, Australia",1,University of Newcastle Australia,I78757542,no
"Department of Haematology, Newcastle University Hospitals NHSFT, Cambridge, United Kingdom",1,,,no
"Department of Management Studies, University of Newcastle",1,University of Newcastle Australia,I78757542,no
"Department of Marine Sciences and Coastal Management, University of New-castle upon Tyne, New-castle-upon Tyne, England",1,,,no
"Department of Materials Science, Newcastle Polytechnic, Newcastle upon Tyne, NE1 8ST U.K",1,,,no
"Department of Mathematics and Statistics, Newcastle upon Tyne Polytechnic, NE1 8ST, Newcastle upon Tyne, England",1,,,no
"Department of Mathematics, Department of Chemistry, Newcastle University College, Tighes Hill, N.S.W.Australia",1,University of Newcastle Australia,I78757542,no
"Department of Mathematics, Statistics and Computing Newcastle upon Tyne Polytechnic Newcastle upon Tyne U.K",1,,,no
"Department of Mathematics, Statistics and Computing, Newcastle Polytechnic, Newcastle upon Tyne, U.K",1,,,no
"Department of Mathematics, Statistics and Computing, Newcastle upon Tyne Polytechnic, Newcastle upon Tyne NE1 8ST, U.K",1,,,no
"Department of Mathematics, Statistics, Computer Science, University of Newcastle, N.S.W. 2308",1,University of Newcastle Australia,I78757542,no
"Department of Mathematics, University of Newcastle, Newcastle, N. S. W. 2308",1,University of Newcastle Australia,I78757542,no
"Department of Mechanical Engineering and Manufacturing Systems , Ellison Building, Newcastle upon Tyne Polytechnic, Newcastle upon Tyne, NEI 8ST, UK",1,,,no
"Department of Mechanical Engineering and Manufacturing Systems, Ellison Building, Newcastle upon Tyne Polytechnic, Newcastle upon Tyne, NEI 8ST, UK",1,,,no
"Department of Mechanical Engineering and Manufacturing Systems, Newcastle-upon-Tyne Polytechnic, Newcastle-upon-Tyne, NE1 8ST, U.K",1,,,no
"Department of Mechanical Engineering, The University of Newcastle, NSW 230, UK",1,University of Newcastle Australia,I78757542,no
"Department of Medical Imaging, John Hunter Hospital, Newcastle, NSW, Australia; Faculty of Health, Newcastle University, Callaghan Campus, Newcastle, NSW, Australia. Electronic address: grant.bateman@health.nsw.gov.au",1,University of Newcastle Australia | John Hunter Hospital,I78757542 I2800479947,no
"Department of Medical Imaging, John Hunter Hospital, Newcastle, NSW, Australia; Newcastle University Faculty of Health, Callaghan Campus, Newcastle, NSW, Australia",1,University of Newcastle Australia | John Hunter Hospital,I78757542 I2800479947,no
"Department of Medicine , Division of Hematology, University of Ottawa/Ottawa Hospital Research Institute, Ottawa, Ontario, Canada; 38 Department of Medicine, University of Murcia, Centro Regional de Hemodonacio ´n, Murcia, Spain; 39 Unit of Genomics of Complex Diseases, Research Institute, Hospital de la Santa Creu i Sant Pau, Barcelona, Spain; 40 Haemostasis and Thrombosis Unit, Department of Haematology, Hospital de la Santa Creu i Sant Pau, Barcelona, Spain; 41 Department of Cardio- vascular Medicine, The Wellcome Trust Centre of Human Genetics, University of Oxford, Oxford, United Kingdom; 42 Faculty of Health Sciences, University of Cape Town, Cape Town, South Africa; 43 Institute of Genetic Medicine, Newcastle University, United Kingdom; 44 Atherosclerosis Research Unit, Department of Med- icine Solna, Karolinska Institutet, Stockholm, Sweden; 45 Dipartimento di Scienze Farmacologiche e Biomolecolari, Università di Milano, Centro Cardiologico Monzino, IRCCS, Milan, Italy; 46 Inst",1,University of Oxford | University of Newcastle Australia | Universidad de Murcia | University of Ottawa | University of Cape Town | Hospital de Sant Pau | Ottawa Hospital Research Institute,I40120149 I78757542 I80180929 I153718931 I157614274 I2801795740 I4388482656,no
"Department of Medicine University of Durham Medical School Newcastle upon Tyne 1, England",1,Durham University,I190082696,no
"Department of Medicine, Newcastle University Medicine Malaysia, Nusajaya, Johor, Malaysia",1,Newcastle University Medicine Malaysia,I4210089915,no
"Department of Medicine, Newcastle upon Tyne, England",1,,,no
"Department of Medicine, Newcastle upon Tyne, UK, Newcastle upon Tyne, UK, United Kingdom",1,,,no
"Department of Medicine, The Medical School, Framlington Place, Newcastle upon Tyne NE2 4HH and Department of Clinical Biochemistry, University of Cambridge, U.K",1,University of Cambridge,I241749,no
Department of MedicineThe University of NewcastleNSW2308,1,University of Newcastle Australia,I78757542,no
"Department of Nephrology, Newcastle upon Tyne, U.K",1,,,no
"Department of Neuropathology, Newcastle upon Tyne NE4 6BE U.K",1,,,no
"Department of Neuropathology, Newcastle upon Tyne U.K",1,,,no
"Department of Obstetrics and Gynaecology , University of New- castle upon Tyne",1,,,no
"Department of Obstetrics and Gynaecology, Princess Mary Maternity Hospital, Newcastle‐uponTyne",1,Princess Mary Maternity Hospital,I4210160229,no
"Department of Obstetrics and Gynaecology, Princess Mary Maternity Hospital, Newscastle‐upon‐Tyne NE2 3BD, England",1,Princess Mary Maternity Hospital,I4210160229,no
"Department of Obstetrics and Gynaecology, University of New-castle upon Tyne",1,,,no
"Department of Ophthalmology (B.S.-C., A.A., N.R., J.M., L.G., H.D., D.T., F.C.F.), Royal Victoria Infirmary, Newcastle upon Tyne, United Kingdom; Centro de Oftalmología Barraquer (B.S.-C., J.L.-M.), Instituto Universitario Barraquer, Universitat Autònoma de Barcelona, Barcelona, Spain; Department of Ophthalmology (D.T.), University of Lausanne, Jules Gonin Eye Hospital, Fondation Asile des Aveugles, Lausanne, Switzerland; and Biosciences Institute (F.C.F.), Faculty of Medical Sciences, Newcastle University, Newcastle upon Tyne, United Kingdom",1,University of Lausanne | Universitat Autònoma de Barcelona | Royal Victoria Infirmary | Fondation Asile des Aveugles | Barraquer Opthalmology Center,I97565354 I123044942 I2800516725 I4210124413 I4210150995,no
"Department of Organic Chemistry, University of Heweastle upon Tyne, Newcastle upon Tyne. U.S.A",1,,,no
"Department of Orthopaedics, Newcastle University Hospitals NHS Foundation Trust, Newcastle upon Tyne, United Kingdom",1,Newcastle upon Tyne Hospitals NHS Foundation Trust,I2801663869,no
"Department of Otolaryngology,Northern Deanery,Newcastle upon Tyne,UK",1,,,no
"Department of Paediatric Infectious Diseases and Immunology, Newcastle upon Tyne NE4 6BE",1,,,no
"Department of Paediatric Nephrology, Newcastle University Hospitals NHS Trust, Newcastle-Upon-Tyne, UK",1,,,no
"Department of Paeditric Immunology, Newcastle University Hospitals NHS Trust, Newcastle-upon-Tyne,",1,,,no
Department of Pathology  Newcastle upon Tyne NE1 4LP U.K,1,,,no
Department of Pathology Newcastle upon Tyne NE1 4LP U.K,1,,,no
"Department of Pediatrics, University of Utah, Salt Lake City, Utah 84112, USA; 
                           2Institute of Molecular and Cell Biology, Tartu University and Estonian Biocentre, Tartu 51010, Estonia;
                           3Department of Human Genetics, University of Utah, Salt Lake City, Utah 84112, USA; 
                           4Department of Anthropology, Andhra University, Visakhapatnam, Andhra Pradesh, India;
                           5Anthropological Survey of India, Calcutta, India;
                           6Department of Anthropology, University of Madras, Madras, Tamil Nadu, India; 
                           7Laboratory of Molecular Systematics and Evolution, University of Arizona, Tucson, Arizona 85721, USA;
                           8Department of Human Genetics, University of Newcastle-upon-Tyne, UK; 
                           9Department of Pathology, Biometry and Genetics, Biochemistry and Molecular Biology, Stanley S. Scott Cancer Center, Louisiana
                           State University Health Science Center, New Orleans, Louisiana 70112, USA",1,University of Madras | Estonian Biocentre | Andhra University | University of Arizona | University of Utah,I215927 I44014704 I100887729 I138006243 I223532165,no
"Department of Photography, The Medical School, King’s College, Newcastle upon Tyne University of Durham",1,Durham University,I190082696,no
"Department of Physics and Physical Electronics, Newcastle upon Tyne Polytechnic, Newcastle upon Tyne, NE1 8ST, U.K",1,,,no
"Department of Physiological Sciences, University of Newscastle upon Tyne, Framlington Place, Newcastle upon Tyne, NE2 4HH, UK",1,,,no
"Department of Physiology, King's College, University of Durham, Newcastle-upon-Tyne, England",1,Durham University,I190082696,no
"Department of Physiology, King’s College, University of Durham, Newcastle-upon-Tyne, England",1,Durham University,I190082696,no
"Department of Plastic Surgery, Newcastle University Hospitals NHS, Queen Victoria Road, Newcastle upon Tyne NE1 4LP, UK",1,,,no
Department of Plastic and Reconstructive Surgery Newcastle University Trust Hospitals Newcastle upon Tyne UK,1,,,no
Department of Political Science Department of Politics University of California University of Newcastle Berkeley Newcastle-upon- Tyne CA 94720-1950 NE1 7RU USA UK,1,,,no
"Department of Psychiatry, Newcastle University, Newcastle, NSW 2308",1,University of Newcastle Australia,I78757542,no
"Department of Psychiatry, Newcastle University, Newcastle, NSW, 2308",1,University of Newcastle Australia,I78757542,no
"Department of Psychology , University of Newcastle , University Drive, NSW, 2308, Australia",1,University of Newcastle Australia,I78757542,no
"Department of Psychology, University of Newcastle, N.S.W",1,University of Newcastle Australia,I78757542,no
"Department of Psychology, University of Newscastle-upon-Tyne, Newcastle-upon-Tyne, NE1 7RU, U.K",1,,,no
"Department of Radiation Oncology, Newcastle University Medical School, Locked Bag 7, Hunter Region Mail Centre, NSW, 2310",1,University of Newcastle Australia,I78757542,no
"Department of Radiation OncologyNewcastle University Medical SchoolLocked Bag 7, Hunter Region Mail CentreNSW2310",1,,,no
"Department of Radiology, Royal Victoria Infirmary, Newcastle University Hospitals NHS Foundation Trust, Newcastle upon Tyne, UK",1,Royal Victoria Infirmary | Newcastle upon Tyne Hospitals NHS Foundation Trust,I2800516725 I2801663869,no
"Department of Social Policy, University of Newcastle, London, UK",1,,,no
"Department of Social Sciences, University of Salford, Newcastle upon Tyne, UK",1,University of Salford,I54459138,no
"Department of Social Work, Education and Community Wellbeing, Faculty of Health & Life Sciences, The Northumbria Newcastle University, United Kingdom",1,Northumbria University,I32394136,no
"Department of Social Work, The University of Newcastle",1,University of Newcastle Australia,I78757542,no
"Department of Social Work, University of Newcastle",1,University of Newcastle Australia,I78757542,no
"Department of SurgerY, Medical School, University of .Vewcastle upon Tyne, UK",1,,,no
"Department of Surgery, Department of Medicine, High Heaton, Newcastle upon Tyne, United Kingdom",1,,,no
"Department of Surgery, Medical School, University of Newcastle, Denmark",1,,,no
"Department of Surgery, Medical School, University of Newscastle upon Tyne, United Kingdom",1,,,no
"Department of Surgery, Newcastle upon Tyne, UK",1,,,no
"Department of Surgery, Newcastle upon Tyne, UK. D.Talbot@ncl.ac.uk",1,,,no
"Department of The Medical School Framlington Place, Newcastle upon Tyne NF2 4HH and University Hospital",1,,,no
"Department of Theoretical Physics, University of New Castle, Newcastle upon Tyne, NE1 7RU, England,",1,,,no
"Department of Urology, University Hospital Newcastle, Newcastle upon Tyne, United Kingdom",1,Newcastle upon Tyne Hospital,I4210124950,no
"Department of computer and information science , North Umbria University , Newcastle Upon Tyne , Tyne and Wear , UK,",1,Northumbria University,I32394136,no
"Departments Nephrology 1 Newcastle upon Tyne, UK",1,,,no
"Departments of Anatomy, the School of Medicine, University of Pittsburgh, Pa. and King's College, University of Durham, Newcastle upon Tyne, England",1,University of Pittsburgh | Durham University,I170201317 I190082696,no
"Departments of Child Health, Newcastle upon Tyne NE2 4HH, U.K",1,,,no
"Departments of Dermatology, Newcastle upon Tyne. NE1 4LP U. K",1,,,no
"Departments of Endocrinology (M.G.D., C.P.F.R.), Newcastle upon Tyne NE2 4HH, United Kingdom",1,,,no
"Departments of Medicine and Physiology, Newcastle upon Tyne, UK",1,,,no
"Departments of Medicine, Medical School, University of NewcastleCoxford Road, Southampton SO9 4HA, UK",1,,,no
"Departments of Pathology and Medical Statistics, University of New castle upon Tyne, Newcastle upon Tyne, England",1,,,no
"Departments of Physiology and Biophysics, Wright Sate University School of Medicine, Dayton, OH 45435, USA; and University of Connecticut Health Center, Farmington, CT 06030, USA; and Rheumatology Department, University of Newcastle, Newcastle, NE2 3DA, UK",1,Wright State University | UConn Health,I19648265 I75929689,no
"Dept of Medicine, University of Bristol, Newcastle upon Tyne NE2 4HH, U.K",1,University of Bristol,I36234482,no
"Dept. of Chemistry, University of Durham, Kings College, Newcastle upon Tyne U.K",1,Durham University,I190082696,no
"Dept. of Civil Eng., Newcastle Univ., NSW, Australia",1,University of Newcastle Australia,I78757542,no
"Dept. of EEE&P, Newcastle Polytechnic, Newcastle upon Tyne, NE1 8ST, UK",1,,,no
"Dept. of Electr. & Electron. Eng., Newcastle Univ., NSW, Australia",1,University of Newcastle Australia,I78757542,no
"Dept. of Electron. Eng. & Comput. Eng., Newcastle Univ., Shortland, NSW, Australia",1,University of Newcastle Australia,I78757542,no
"Dept. of Manage., Newcastle Univ., NSW, Australia",1,University of Newcastle Australia,I78757542,no
"Dept. of Mech. Eng., Newcastle Polytechnic, Newcastle-upon-Tyne, U.K",1,,,no
"Dept. of Stat., Newcastle Univ., NSW, Australia",1,University of Newcastle Australia,I78757542,no
"Dermatology , University of Durham , Newcastle upon Tyne",1,Durham University,I190082696,no
"Devonshire Building, Newcastle upon Tyne NE1 7RU, UK 2",1,,,no
"Director & Area Director of Palliative Care, Calvary Mater Newcastle, University of Newcastle, Waratah, Newcastle, Australia",1,University of Newcastle Australia | Calvary Mater Newcastle Hospital,I78757542 I4210146798,no
"Director University Computing Laboratory University of Durham, Newcastle Upon Tyne, England",1,Durham University,I190082696,no
"Director of the department of physics, King's College, University of Durham, Newcastle upon Tyne, England",1,Durham University,I190082696,no
"Discipline of Clinical Pharmacology, School of Population Health Sciences, Faculty of Medicine, The University of Newcastle, New South Wales. mddan@alinga.newcastle.edu.au",1,University of Newcastle Australia,I78757542,no
"Discipline of General Practice, Newbolds Bldg, University of Newcastle, University Dr, Callaghan, Australia",1,University of Newcastle Australia,I78757542,no
"Discipline of General Practice, University of Newcastle, University Drive, Callaghan, NSW 2308, Australia. parker.magin@newcastle.edu.au",1,University of Newcastle Australia,I78757542,no
Discipline of General Practice; School of Medicine and Public Health; Newcastle University; Newcastle NSW Australia,1,University of Newcastle Australia,I78757542,no
"Discipline of Geography and Environmental Studies, University of Newcastle, University Drive, Callaghan 2308, Australia",1,University of Newcastle Australia,I78757542,no
"Discipline of Immunology and Microbiology, Newcastle University; Newcastle New South Wales Australia",1,University of Newcastle Australia,I78757542,no
"Disclosures: The authors declare no conflict of interest.; Dr. Ohr: Education & Training Developer, District HETI, Professional Practice and Interprofessional Collaboration, NSW Health Education and Training Institute, Clinical Research Fellow, Nursing and Midwifery Research Centre, Hunter New England Local Health District, Newcastle, New South Wales, Australia and Conjoint Lecturer, University of Newcastle, University Drive, Callaghan, New South Wales, Australia. Ms. Maguire: Education & Training Developer, District HETI, Professional Practice and Interprofessional Collaboration, Health Education and Training Institute. Ms. Lord: Former Director, District HETI, Professional Practice and Interprofessional Collaboration, Health Education and Training Institute. Mr. Talluri: Digital Solution Architect, Education & Training Developer, District HETI, Professional Practice and Interprofessional Collaboration, Health Education and Training Institute, Gladesville, New South Wales, Australia. Ms. Solman: Chief Executive, Health Education and Training Institute, Gladesville, New South Wales, Australia and Adjunct Professor at the University of Sydney and the University of Technology, Sydney, Australia.; e-mail: [email protected]",1,University of Newcastle Australia | The University of Sydney | Hunter New England Local Health District,I78757542 I129604602 I4210154888,no
"Division of Geography &amp; Environmental Management, Lipman Building, Newcastle upon Tyne, NE1 8ST, UK",1,,,no
"Division of Geography, Newcastle upon Tyne Polytechnic, Newcastle upon Tyne NE1 8ST, U. K",1,,,no
"Dr. Ohr: Education & Training Developer, District HETI, Professional Practice and Interprofessional Collaboration, NSW Health Education and Training Institute, Clinical Research Fellow, Nursing and Midwifery Research Centre, Hunter New England Local Health District, Newcastle, New South Wales, Australia and Conjoint Lecturer, University of Newcastle, University Drive, Callaghan, New South Wales, Australia. Ms. Maguire: Education & Training Developer, District HETI, Professional Practice and Interprofessional Collaboration, Health Education and Training Institute. Ms. Lord: Former Director, District HETI, Professional Practice and Interprofessional Collaboration, Health Education and Training Institute. Mr. Talluri: Digital Solution Architect, Education & Training Developer, District HETI, Professional Practice and Interprofessional Collaboration, Health Education and Training Institute, Gladesville, New South Wales, Australia. Ms. Solman: Chief Executive, Health Education and Training",1,University of Newcastle Australia | Hunter New England Local Health District,I78757542 I4210154888,no
"Dr. Ohr: Education & Training Developer, District HETI, Professional Practice and Interprofessional Collaboration, NSW Health Education and Training Institute, Clinical Research Fellow, Nursing and Midwifery Research Centre, Hunter New England Local Health District, Newcastle, New South Wales, Australia and Conjoint Lecturer, University of Newcastle, University Drive, Callaghan, New South Wales, Australia. Ms. Maguire: Education & Training Developer, District HETI, Professional Practice and Interprofessional Collaboration, Health Education and Training Institute. Ms. Lord: Former Director, District HETI, Professional Practice and Interprofessional Collaboration, Health Education and Training Institute. Mr. Talluri: Digital Solution Architect, Education & Training Developer, District HETI, Professional Practice and Interprofessional Collaboration, Health Education and Training Institute, Gladesville, New South Wales, Australia. Ms. Solman: Chief Executive, Health Education and Training Institute, Gladesville, New South Wales, Australia and Adjunct Professor at the University of Sydney and the University of Technology, Sydney, Australia",1,University of Newcastle Australia | University of Technology Sydney | The University of Sydney | Hunter New England Local Health District,I78757542 I114017466 I129604602 I4210154888,no
"Drug and Alcohol Clinical Services, Hunter New England Local Health District, Locked Bag 1, New Lambton, NSW 2305, Australia; School of Medicine and Public Health, University of Newcastle, University Drive, Callaghan, NSW 2308, Australia; Centre for Brain and Mental Health, University of Newcastle and Hunter Medical Research Institute, Level 5,McAuley Building, Mater Hospital, Waratah, NSW 2298, Australia. Electronic address: Adrian.Dunlop@hnehealth.nsw.gov.au",1,University of Newcastle Australia | Hunter Medical Research Institute | Hunter New England Local Health District,I78757542 I4210087646 I4210154888,no
"Durham University,Newcastle upon Tyne,England",1,Durham University,I190082696,no
Durham University; Newcastle-on-Tyne,1,Durham University,I190082696,no
Durham University; Newcastle-on-tyne,1,Durham University,I190082696,no
"Edinburgh Dementia Prevention, Centre for Clinical Brain Sciences, College of Medicine and Veterinary Medicine, University of Edinburgh, Edinburgh, United Kingdom, National Institute of Health Applied Research Collaboration North East &amp; Cumbria, Newcastle‐upon‐Tyne, England, United Kingdom, University of Northumbria, Newcastle upon tyne, England, United Kingdom",1,Northumbria University | University of Edinburgh,I32394136 I98677209,no
"Edith Cowan University, School of Nursing & Midwifery, 270 Joondalup Dr, Jondalup, WA 6027, Australia; Newcastle University, School of Nursing and Midwifery, University Drive, Callaghan, NSW, 2308, Australia. Electronic address: michelle.gray1@newcastle.edu.au",1,Edith Cowan University | University of Newcastle Australia,I12079687 I78757542,no
Educational Psychology at The University of Newcastle,1,University of Newcastle Australia,I78757542,no
"Electr. Eng. & Comput. Sci., Newcastle Univ., Callaghan, NSW, Australia",1,University of Newcastle Australia,I78757542,no
"Electr. Eng., Newcastle Univ., NSW, Australia",1,University of Newcastle Australia,I78757542,no
"Electrical Power Engineering, Newcastle University, SIT Building @ Nanyang Polytechnic, 172A Ang Mo Kio Avenue 8 #05-01, Singapore 567739, Singapore",1,Nanyang Polytechnic | Newcastle University Singapore,I21419654 I4210094553,no
"Electrochemistry Research Laboratories, Department of Physical Chemistry, University of Newscastle upon Tyne, Newcastle upon Tyne, NE1 7RU (England)",1,,,no
"Electrochemistry Research Labs., School of Chemistry, University of Newscastle, Newcastle upon Tyne, Ne1 7RU England",1,,,no
"Electronic and Engineering, University of Newcastle, Boulder, UK",1,,,no
Email: Helen.rodgers@newcastle.ac.uk,1,,,no
Emerita University of Newcastle,1,,,no
"Engineering Design Centre, Newcastle upon Tyne, England, NE1 7RU E-mail: oan.Harvey@ncl",1,,,no
"Environmental Epidemiology Unit, Department of Public Health and Policy, London School of Hygiene and Tropical Medicine, Keppel Street, London WC1E 7HT, UK, 

bGlasgow Eurocat Register, Paediatric Epidemiology and Community Health Unit, Department of Child Health, University of Glasgow, Scotland, UK, 

cNorth Thames (West) Congenital Malformation Register, Department of Medical and Community Genetics, Imperial School of Medicine, Northwick Park Hospital, Harrow, UK, 

dNational Downs Syndrome Cytogenetic Register, The Wolfson Institute of Preventive Medicine, St Bartholomew's and the Royal School of Medicine and Dentistry, London, UK, 

eNorthern Congenital Abnormality Survey, Maternity Survey Office, University of Newcastle-upon-Tyne, UK",1,University of Glasgow | Northwick Park Hospital | London School of Hygiene & Tropical Medicine,I7882870 I2802052328 I4210089966,no
"Epithelial Research Group, Institute for Cell & Molecular Biosciences, Newcastle upon Tyne, UK",1,,,no
"Evidence Synthesis Group/Innovation Observatory , Population Health Sciences Institute, , Newcastle Upon Tyne NE4 5TG , UK",1,,,no
"FACS (CT) , Newcastle-upon-Tyne , United Kingdom",1,,,no
"FMicrobiology, Pathology North, Hunter Area Pathology, Infection Prevention & Control, Hunter New England Health, Newcastle University, Locked Bag 1, Hunter Regional Mail Centre, NSW 2310, Australia",1,University of Newcastle Australia | Hunter New England Local Health District,I78757542 I4210154888,no
"Fac. of Sci. & Inf. Technol., Newcastle Univ., NSW, Australia",1,University of Newcastle Australia,I78757542,no
Faculty of Education and Arts University of Newcastle University Drive Callaghan New South Wales 2308 Australia,1,University of Newcastle Australia,I78757542,no
"Faculty of Education, The University of Newcastle",1,University of Newcastle Australia,I78757542,no
"Faculty of Health, Newcastle University, Newcastle, Australia",1,University of Newcastle Australia,I78757542,no
"Faculty of Mathematics and Computing, Open University, Newcastle-upon-Tyne, UK",1,The Open University,I204136569,no
"Faculty of Mathematics, Newcastle University, New South Wales 2308 Australia",1,University of Newcastle Australia,I78757542,no
"Faculty of Medical Sciences, Newcastle University Medicine Malaysia (NUMed), Newcastle upon Tyne, UK",1,Newcastle University Medicine Malaysia,I4210089915,no
"Faculty of Medicine , University of Newcastle ,",1,,,no
Faculty of Medicine and Health University of Newcastle University Drive Callaghan New South Wales Australia,1,University of Newcastle Australia,I78757542,no
"Faculty of Medicine and Sciences, University of Newcastle",1,University of Newcastle Australia,I78757542,no
"Faculty of Medicine, Department of Obstetrics and Gynaecology, The University of Newcastle, University of Sydney, Sydney",1,The University of Sydney,I129604602,no
"Faculty of Medicine, University of Newcastle , N.S.W. 2308 ,",1,University of Newcastle Australia,I78757542,no
"Faculty of Medicine, University of Newcastle, New South Wales 2308., United Kingdom",1,University of Newcastle Australia,I78757542,no
"Faculty of Medicine, University of Newcastle, Newcastle, AUS",1,University of Newcastle Australia,I78757542,no
"Faculty of Medicine, University of Newcastle, Newcastle, N.S.W. 2308",1,University of Newcastle Australia,I78757542,no
Faculty of MedicineThe University of NewcastleNSW 2308,1,University of Newcastle Australia,I78757542,no
"Faculty of Nursing, University of Newcastle",1,University of Newcastle Australia,I78757542,no
"Faculty of Science Agriculture and Engineering, Newcastle University, 599493, Singapore",1,Newcastle University Singapore,I4210094553,no
"Faculty of Science, Agriculture, & Engineering, Newcastle University, 567739, Singapore",1,Newcastle University Singapore,I4210094553,no
"Faculty of Social and Political Sciences at Universitas Gadjah Mada in Yogyakarta, Indonesia CORRESPONDENCE: Pam Nilan, School of Humanities and Social Science, University of Newcastle, University Drive, Callaghan 2380, NSW, Australia",1,University of Newcastle Australia | Universitas Gadjah Mada,I78757542 I165230279,no
"Fibrosis Laboratory, Institute of Cellular Medicine, New Castle University, Newcastle upon Tyne, United Kingdom",1,,,no
"Final Year Medical Student, Newcastle University Medical Malaysia, Iskandar Puteri, Johor, Malaysia",1,Newcastle University Medicine Malaysia,I4210089915,no
Florida State University – Newcastle University,1,Florida State University,I103163165,no
"Food and Human Nutrition Department, Nanyang Polytechnic,Newcastle University,Singapore",1,Nanyang Polytechnic | Newcastle University Singapore,I21419654 I4210094553,no
"Foresight Centre of Process Analytics and Control Technology, School of Chemical Engineering and Advanced Materials, University of Newcastle upon Tyre, NEI 7RU, UK",1,,,no
"Formerly Consultant Psychiatrist , Newcastle Health Authority , Honorary Lecturer in Psychiatry , University of Newcastle Emerita Professor in Primary Care Psychiatry , University of Manchester , UK;",1,University of Manchester,I28407311,no
"Framlington Place , Newcastle upon Tyne , Tyne and Wear NE2 4HH , UK",1,,,no
"Framlington Place Newcastle-upon- Tyne NE2 4HH, UK, ncl.ac.uk",1,,,no
"Framlington Place, Newcastle upon Tyne, NE2 4HH, UK",1,,,no
"Framlington place , Newcastle upon Tyne , NE2 4HH , UK",1,,,no
"Freeman Hospital & New-castle University, Newcastle upon Tyne, UK;",1,Freeman Hospital,I2801924861,no
"Freeman Hospital, Newcastle University Teaching Hospitals NHS Trust",1,Freeman Hospital,I2801924861,no
"From COMPASS Pathfinder (G.M.G., J.C.B., L.M., S.M., S.C.S., J.T., S.W., E.M.), the Department of Psychological Medicine, Institute of Psychiatry, Psychology, and Neuroscience, King’s College London (C. Bird, L.A.J., G.K., L.N.M., F.R., J.R., S. Ruffell, M. Seynaeve, A.H.Y.), the National Institute for Health and Care Research Clinical Research Facility, King’s College Hospital NHS Foundation Trust (K.C.-C., J.C., A.D.), and South London and Maudsley NHS Foundation Trust, Bethlem Royal Hospital (L.A.J., L.N.M., J.R., A.H.Y.), London, and the Cumbria, Northumberland, Tyne and Wear Foundation Trust and Newcastle University, Newcastle (M.W.) — all in the United Kingdom; the Institute for Advanced Diagnostics and Therapeutics, Sheppard Pratt, Baltimore (S.T.A., M.F., T.L.M., S. Rudow); Sant Joan de Déu Hospital and the Sant Joan de Déu Research Foundation, Barcelona (O.A.); SUNY Downstate College of Medicine (P.C.A.), the New York State Psychiatric Institute (D.J.H., R.E.K., R.K., M.C.M.,",1,National Institute for Health and Care Research | King's College London | King's College Hospital,I34931013 I183935753 I4210153400,no
"From Cancer Research UK, Centre for Epidemiology, Mathematics and Statistics, Wolfson Institute of Preventive Medicine, London; and the Department of Surgical Oncology, Newcastle Mater Hospital, University of Newcastle, Newcastle, United Kingdom",1,Cancer Research UK,I2801316944,no
"From Department of Ophthalmology, St. Michael's Hospital/Unity Health Toronto, Toronto, Canada (N.B. C.L.M.F, S.B.M, N.A.F, V.R.J, K.B, R.H.M); Department of Ophthalmology & Vision Sciences, University of Toronto, Toronto, Canada (N.B, C.L.M.F, S.B.M, N.A.F, V.R.J, K.B, R.H.M); Department of Ophthalmology & Visual Sciences, Dalhousie University, Halifax, Canada (C.L.M.F); Newcastle Eye Centre, Royal Victoria Infirmary, Newcastle upon Tyne, UK (R.J.H); Institute of Neuroscience, Newcastle University, Newcastle Upon Tyne, UK (R.J.H); Kensington Vision and Research Center, Toronto, Canada (R.H.M)",1,Dalhousie University | University of Toronto | St. Michael's Hospital | Unity Health Toronto,I129902397 I185261750 I1297363086 I4399598460,no
"From Department of Ophthalmology, St. Michael's Hospital/Unity Health Toronto, Toronto, Canada (N.B. C.L.M.F, S.B.M, N.A.F, V.R.J, K.B, R.H.M); Department of Ophthalmology & Vision Sciences, University of Toronto, Toronto, Canada (N.B, C.L.M.F, S.B.M, N.A.F, V.R.J, K.B, R.H.M); Department of Ophthalmology & Visual Sciences, Dalhousie University, Halifax, Canada (C.L.M.F); Newcastle Eye Centre, Royal Victoria Infirmary, Newcastle upon Tyne, UK (R.J.H); Institute of Neuroscience, Newcastle University, Newcastle Upon Tyne, UK (R.J.H); Kensington Vision and Research Center, Toronto, Canada (R.H.M). Electronic address: rajeev.muni@gmail.com",1,Dalhousie University | University of Toronto | St. Michael's Hospital | Unity Health Toronto,I129902397 I185261750 I1297363086 I4399598460,no
"From Newborn Screening and Metabolic Diagnostics (Z.L., P.N.C.), University Medical Center Hamburg-Eppendorf, Hamburg; Friedrich-Baur Institute, Department of Neurology (S.W., B.S.-W., M.C.W., P.R., T.K., B.S.), and Department of Neuropediatrics, Dr. Von Haunersche Kinderklinik (W.M.-F.), Ludwig Maximilian University of Munich, Germany; The Robert Jones and Agnes Hunt Orthopaedic Hospital NHS Foundation Trust (T.A.W.), Oswestry; Institute of Genetic Medicine (T.E., M.G., V.S.), Newcastle University;",1,Ludwig-Maximilians-Universität München | Robert Jones and Agnes Hunt Orthopaedic Hospital | University Medical Center Hamburg-Eppendorf,I8204097 I2802478169 I4210108711,no
"From The Dubowitz Neuromuscular Centre (K.A., V.A.-G., S.T., L.F., N.J., C.A.S., J.E.M., F.M.), UCL, Institute of Child Health, London, UK; The Center for Gene Therapy (L.E.T., A.V., Y.K., K.M.F.), The Research Institute at Nationwide Children's Hospital, Columbus, OH; Institut de Myologie (G.B., M.B., T.V.), UPMC UM76, INSERM U 794, CNRS UMR 7215, Paris, France; Institute of Genetic Medicine (R.B., M.H., S.L., V.S.), Newcastle University, UK; and Prosensa Therapeutics (A.L., G.C.), Leiden, the",1,University College London | Inserm | Nationwide Children's Hospital | Institut de Myologie,I45129253 I154526488 I1314135232 I4210113666,no
"From the 1 Hunter Area Pathology Service, Newcastle University and 2 Hepatitis C Service, Gastroenterology Department, John Hunter Hospital, Locked Bag Number 1, Hunter Mail Region Centre, Newcastle, New South Wales 2310, Australia",1,University of Newcastle Australia | John Hunter Hospital,I78757542 I2800479947,no
"From the 1Hunter Area Pathology Service, Newcastle University and 2Hepatitis C Service, Gastroenterology Department, John Hunter Hospital, Locked Bag Number 1, Hunter Mail Region Centre, Newcastle, New South Wales 2310, Australia",1,University of Newcastle Australia | John Hunter Hospital,I78757542 I2800479947,no
"From the Department of Child Health , Dundee University ; and the Department of Pathology , Newcastle General Hospital , Newcastle upon Tyne",1,Newcastle upon Tyne Hospital,I4210124950,no
"From the Department of Child Health , University of Durham , King's College , Newcastle upon Tyne",1,Durham University,I190082696,no
"From the Department of Child Health , University of Durham , at Newcastle upon Tyne",1,Durham University,I190082696,no
"From the Department of Child Health, King's College (Newcastle upon Tyne), University of Durham",1,Durham University,I190082696,no
"From the Department of Child Health, University of Durham, at Newcastle upon Tyne",1,Durham University,I190082696,no
"From the Department of Genitourinary Medicine and Infection, Imperial College of Science, Technology and Medicine, St Mary's Hospital Medical School, London and Northwick Park and St Mark's Hospital, Harrow, *Newcastle University, Newcastle-upon-Tyne, †Wellcome Research Laboratories, Beckenham, ‡St George's Hospital Medical School, London and the §Department of Pharmacology and Therapeutics, University of Liverpool, Liverpool, UK",1,Imperial College London | University of Liverpool | St Mary's Hospital | St Mark's Hospital,I47508984 I146655781 I4210106957 I4210161740,no
"From the Department of Physiology and Biochemistry, University of Durham College of Medicine, Newcastle upon Tyne",1,Durham University,I190082696,no
"From the Department of Psychiatry (E.M., S.R.W., A.S., J.T.O.) and MRC Biostatistics Unit (S.R.W.), University of Cambridge, UK; Forefront Parkinson's Disease Research Clinic (E.M., G.M.H., S.J.G.L.) and Brain and Mind Centre (E.M., G.M.H., S.J.G.L.), Faculty of Medicine and Health, University of Sydney, Australia; Newcastle Translational and Clinical Research Institute (J.-P.T., A.T., I.G.M.), Campus for Ageing and Vitality, Newcastle University, Newcastle Upon Tyne; and Centre for Public Health (J",1,University of Cambridge | The University of Sydney | MRC Biostatistics Unit,I241749 I129604602 I4210134973,no
"From the Department of Social Medicine , University of Birmingham , and the Department of Child Health , University of Durham , at King's College , Newcastle-upon-Tyne",1,University of Birmingham | Durham University,I79619799 I190082696,no
"From the Departments of Child Health and Surgery , King's College , University of Durham. Newcastle upon Tyne",1,Durham University,I190082696,no
"From the Departments of Neurology (R.C., L.M.B., R.G.E., C.A.S.), Neurological Surgery (G.P.B., G.M.M., R.R.G.), and Radiology (B.Z., C.G.F.), Columbia University, New York; Hospital for Special Surgery (R.G.E.), Cornell University, New York, NY; Department of Clinical and Experimental Epilepsy (A.L., M.N., R.R., B.D., A.W.M., M.C.W.), Institute of Neurology, University College London; Institute for Neuroscience (A.J.T.), Newcastle University, UK; and Department of Neurology (S.A.W.), UCLA David",1,Columbia University | Cornell University | Hospital for Special Surgery,I78577930 I205783295 I1281539108,no
"From the Departments of Obstetrics and Gynecology and Medicine, University of Chicago, and the Human Reproduction Group, Newcastle upon Tyne, England",1,University of Chicago,I40347166,no
"From the Division of Neurosurgery, Department of Clinical Neurosciences (P.J.H., A.G.K., I.S.T., E.A.C., M.C., J.D.P., P.J.K.), and the Division of Anaesthesia (D.K.M.), Addenbrooke's Hospital and University of Cambridge, Cambridge, the Department of Neurosurgery, Leeds General Infirmary, Leeds (J.T., I.A.), the Department of Neurosurgery (D.O.B.) and Neurosciences Intensive Care Unit (C.A.E.), Wessex Neurological Centre, University Hospital Southampton, Southampton, the NIHR Surgical Reconstruction and Microbiology Research Centre, University of Birmingham, Birmingham (A.B.), the Department of Neurosurgery, St. Bartholomew's and Royal London Hospital (J.W.), and the Department of Neurosurgery, St. Mary's Hospital (M.H.W.), London, the Institute of Neuroscience, Neurosurgical Trials Group, Newcastle University (A.D.M.), and the Department of Neurosurgery, Royal Victoria Infirmary (P.M.M.), Newcastle upon Tyne, Hurstwood Park Neurosciences Centre, Brighton and Sussex University Hospital",1,University of Cambridge | Leeds General Infirmary | Addenbrooke's Hospital,I241749 I1295121038 I4210156194,no
"From the Institute for Health and Social Science Research (Ms Guertler, Dr Vandelanotte, Dr Short, Ms Alley, Ms Schoeppe, and Dr Duncan), Centre for Physical Activity Studies, School of Health and Human Services, Central Queensland University, Bruce Highway, Rockhampton, QLD, Australia; Institute of Social Medicine and Prevention (Ms Guertler), University Medicine, Walther-Rathenau-Strasse; DZHK (German Centre for Cardiovascular Research) (Ms Guertler), Greifswald Partner Site, Greifswald, Germany; and School of Medicine & Public Health (Dr Duncan), Priority Research Centre for Physical Activity and Nutrition, Faculty of Health and Medicine, The University of Newcastle, University Drive, Callaghan, NSW, Australia",1,Central Queensland University | University of Newcastle Australia | German Centre for Cardiovascular Research,I74899385 I78757542 I4210127591,no
"From the Newcastle University (I.G.M., A.J.T., P.D., J.P.T.); Mayo Clinic (T.J.F.), Jacksonville; University of Strasbourg (F.B.); Mayo Clinic (B.F.B., K.K.), Rochester; Nagoya University (H.F.), Kawasaki Memorial Hospital; Istituto Neurologico “Carlo Besta” (C.M., P.T.), Milan; Cambridge University (F.M.S.); McGill University (R.B.P.); King's College London and Stavanger University Hospital (D.A.); University of Exeter (C.B.); University of Chieti-Pescara (L.B.); Istanbul Faculty of Medicine (M.E",1,University of Cambridge | University of Exeter | Nagoya University | Université de Strasbourg | King's College London | Mayo Clinic,I241749 I23923803 I60134161 I68947357 I183935753 I1330342723,no
"From the Priority Research Centre in Reproductive Science, Discipline of Biological Sciences, Faculty of Science and IT, University of Newcastle, University Drive, Callaghan, New South Wales 2308, Australia",1,University of Newcastle Australia,I78757542,no
"From the School of Medicine and Public Health (V.M., R.L., J.L.-S.), University of Newcastle, University Drive, Callaghan; Immune Health Program (V.M., A.X., J.L.-S.), Hunter Medical Research Institute; Department of Neurology (V.M., J.L.-S.), John Hunter Hospital, New Lambton Heights; School of Biomedical Sciences and Pharmacy (A.X.), University of Newcastle, University Drive, Callaghan, Australia; Department of Clinical Neuroscience (E.E., L.K., M.J.), Karolinska Institutet, Center for Molecular",1,Karolinska Institutet | University of Newcastle Australia | John Hunter Hospital | Hunter Medical Research Institute,I28166907 I78757542 I2800479947 I4210087646,no
"From the Stravitz-Sanyal Institute for Liver Disease and Metabolic Health, Virginia Commonwealth University School of Medicine, Richmond (A.J.S.); Liverpat and University of Paris (P.B.), and Sorbonne Université, Institute for Cardiometabolism and Nutrition, Assistance Publique-Hôpitaux de Paris, INSERM Unité Mixte de Recherche Scientifique 1138, Centre de Recherche des Cordeliers (V.R.) - all in Paris; Boehringer Ingelheim, Ingelheim am Rhein (M.F., S.A.H and R.Y.), Saarland University Medical Center, Homburg (J.M.S.), and University of the Saarland, Saarbrücken (J.M.S.) - all in Germany; Covenant Metabolic Specialists, Sarasota, FL (G.W.N.); Houston Methodist Hospital and Houston Research Institute, Houston (M.N.), and the Texas Liver Institute, University of Texas Health San Antonio, San Antonio (E.L. and N.A.) - all in Texas; the University of Turin, Turin, Italy (E.B.); the Translational and Clinical Research Institute, Faculty of Medical Sciences, Newcastle University, and Newcastle National Institute for Health and Care Research Biomedical Research Centre, Newcastle upon Tyne Hospitals National Health Service (NHS) Foundation Trust, Newcastle upon Tyne (Q.M.A.), the University Hospitals Birmingham NHS Foundation Trust and the University of Birmingham, Birmingham (P.N.N.), and the Institute of Hepatology, Faculty of Life Sciences and Medicine, King's College London and King's College Hospital, London (P.N.N.) - all in the United Kingdom; Boehringer Ingelheim Pharmaceuticals, Ridgefield, CT (A.H.-T.); and Arizona Liver Health, Chandler (N.A.)",1,Sorbonne Université | University of Turin | Virginia Commonwealth University Medical Center | University of Newcastle Australia | Inserm | King's College London | Virginia Commonwealth University | Université Paris Cité | Centre de Recherche des Cordeliers | Assistance Publique – Hôpitaux de Paris,I39804081 I55143463 I72019824 I78757542 I154526488 I183935753 I184840846 I204730241 I4210092322 I4210097159,no
"From the Stravitz–Sanyal Institute for Liver Disease and Metabolic Health, Virginia Commonwealth University School of Medicine, Richmond (A.J.S.); Liverpat and University of Paris (P.B.), and Sorbonne Université, Institute for Cardiometabolism and Nutrition, Assistance Publique–Hôpitaux de Paris, INSERM Unité Mixte de Recherche Scientifique 1138, Centre de Recherche des Cordeliers (V.R.) — all in Paris; Boehringer Ingelheim, Ingelheim am Rhein (M.F., S.A.H and R.Y.), Saarland University Medical Center, Homburg (J.M.S.), and University of the Saarland, Saarbrücken (J.M.S.) — all in Germany; Covenant Metabolic Specialists, Sarasota, FL (G.W.N.); Houston Methodist Hospital and Houston Research Institute, Houston (M.N.), and the Texas Liver Institute, University of Texas Health San Antonio, San Antonio (E.L. and N.A.) — all in Texas; the University of Turin, Turin, Italy (E.B.); the Translational and Clinical Research Institute, Faculty of Medical Sciences, Newcastle University, and Newcas",1,Sorbonne Université | University of Turin | Virginia Commonwealth University Medical Center | University of Newcastle Australia | Saarland University | Inserm | The University of Texas at San Antonio Health Science Center | Virginia Commonwealth University | Université Paris Cité | Centre de Recherche des Cordeliers | Assistance Publique – Hôpitaux de Paris,I39804081 I55143463 I72019824 I78757542 I91712215 I154526488 I165951966 I184840846 I204730241 I4210092322 I4210097159,no
"From the University Department of Dermatology, Newcastle Upon Tyne 1, England",1,,,no
"From the University Eye Clinic, Maastricht University Medical Center+, Maastricht, the Netherlands (Ye, de Rooij, van den Biggelaar, Nuijts, Dickman); Ophthalmology Department, Fundación Jiménez Díaz University Hospital, Madrid, Spain (Alejandre); Department of Ophthalmology, New Civil Hospital, Strasbourg University Hospital, FMTS, University of Strasbourg, Strasbourg, France (Bourcier); Ophthalmology Department, CHU Morvan, University Hospital of Brest, and University of Bretagne Occidentale (UBO), Brest, France (Cochener-Lamard); Department of Ophthalmology, Royal Victoria Infirmary, Newcastle upon Tyne Hospitals NHS, Foundation Trust, Newcastle Upon Tyne, United Kingdom (Figueiredo); Bioscience Institute, Faculty of Medical Sciences, Newcastle University, Newcastle Upon Tyne, United Kingdom (Figueiredo); Department of Cornea and Refractive Surgery, Instituto Oftalmológico Recoletas, Valladolid, Spain (Galarreta); Department of Ophthalmology, Aarhus University Hospital, Aarhus, Denm",1,Maastricht University | Université de Strasbourg | Université de Bretagne Occidentale | Maastricht University Medical Centre | Aarhus University Hospital | Hospital Universitario Fundación Jiménez Díaz | Hôpitaux Universitaires de Strasbourg,I34352273 I68947357 I161929037 I2800191616 I2802335433 I4210129357 I4210145324,no
"From the University of Calgary (W.G.K., M.A.A., B.K.M., A.M.D., M.D.H., M.G.), Alberta, Canada; Department of Radiology (W.G.K.), University Hospital, LMU Munich, Germany; Harvard T.H. Chan School of Public Health (M.G.H.), Boston, MA; Erasmus MC (M.G.H., D.W.J.D.), University Medical Center Rotterdam, the Netherlands; Faculty of Medicine (M.A.A.), King Abdulaziz University, Jeddah, Saudi Arabia; David Geffen School of Medicine (J.L.S.), University of California–Los Angeles; Academic Medical Center (C.B.L.M.M.), Amsterdam, the Netherlands; University of Pittsburgh Medical Center (T.G.J.), PA; Hospital Germans Trias i Pujol (A.D.), Barcelona, Spain; University Hospital of Nancy (S. Bracard, F.G.), France; University of Melbourne (B.C.V.C., P.J.M.), Australia; Newcastle University (P.W.), UK; University of Glasgow (K.W.M.), UK; and Altair Biostatistics (S. Brown), St. Louis Park, MN",1,University of Glasgow | Ludwig-Maximilians-Universität München | University of Newcastle Australia | The University of Melbourne | University of Calgary | King Abdulaziz University | Erasmus MC,I7882870 I8204097 I78757542 I165779595 I168635309 I185163786 I2801952686,no
Gastroenterology The University of Newcastle,1,,,no
"General Practice Training Valley to Coast, University of Newcastle, University Drive CallaghanNSW, Australia",1,University of Newcastle Australia,I78757542,no
"General and Emergency Surgery, Newcastle University Hospitals and Kasralainy Medical School, Cairo University, Cairo, EGY",1,Cairo University | Cairo University hospitals,I145487455 I4210164576,no
"Genesis Research, Newcastle upon Tyne, UK; Putnam, Newcastle upon Tyne, UK",1,,,no
"Geoff Lancaster is Chairman of Durham Associates Ltd (Management Consultants) of Castle Eden, County Durham and Chairman of Management Development Centre Ltd of Woolley Hall, Wakefield. He holds a part‐time appointment with the University of Newcastle upon Tyne. He was previously Professor of Marketing at the University of Huddersfield. He has published marketing textbooks with McGraw‐Hill, Butterworth‐Heinemann, Pitman, Longman and Macmillan",1,University of Huddersfield,I133837150,no
"Geography & Environmental Studies , University of Newcastle, University Drive , NSW, 2308",1,University of Newcastle Australia,I78757542,no
"Geological Survey of New South Wales, Industry & Investment NSW, PO Box 344, Hunter Region Mail Centre, NSW, 2310, Australia ; Discipline of Earth Sciences, School of Environmental and Life Sciences, The University of Newcastle, University Drive, Callaghan, NSW, 2308, Australia",1,University of Newcastle Australia,I78757542,no
"Geology Dept , University of Newcastle , Newcastle, N.S.W",1,University of Newcastle Australia,I78757542,no
"Geology Dept, University of Newcastle, Newcastle, N.S.W",1,University of Newcastle Australia,I78757542,no
"Geoperm, 79 Kenton Road, Newcastle upon Tyne, NE3 4NL and Department of Geological Sciences, University of Durham, UK",1,Durham University,I190082696,no
"Gnosis Health Limited, Newcastle Helix, Newcastle Upon Tyne, UK",1,,,no
"Gnosis Health Limited, The Catalyst, 3 Science Square, Newcastle Helix, Newcastle upon Tyne, UK. edward.meinert@newcastle.ac.uk",1,,,no
"Gomeroi gaayngal Centre, Faculty of Health and Medicine, University of Newcastle, 2/1 Hinkler Rd, Tamworth, NSW 2340, Australia; School of Medicine and Public Health, Faculty of Health and Medicine, University of Newcastle, University Drive, Callaghan, NSW 2308, Australia",1,University of Newcastle Australia,I78757542,no
"Gomeroi gaayngal Centre, Faculty of Health and Medicine, University of Newcastle, 2/1 Hinkler Rd, Tamworth, NSW 2340, Australia; School of Medicine and Public Health, Faculty of Health and Medicine, University of Newcastle, University Drive, Callaghan, NSW 2308, Australia. Electronic address: kathryn.sutherland@newcastle.edu.au",1,University of Newcastle Australia,I78757542,no
"Gomeroi gaayngal Centre, Faculty of Health and Medicine, University of Newcastle, 2/1 Hinkler Rd, Tamworth, NSW 2340, Australia; School of Medicine and Public Health, Faculty of Health and Medicine, University of Newcastle, University Drive, Callaghan, NSW 2308, Australia. Electronic address: loretta.weatherall@newcastle.edu.au",1,University of Newcastle Australia,I78757542,no
"Gomeroi gaayngal Centre, Faculty of Health and Medicine, University of Newcastle, 2/1 Hinkler Rd, Tamworth, NSW 2340, Australia; School of Medicine and Public Health, Faculty of Health and Medicine, University of Newcastle, University Drive, Callaghan, NSW 2308, Australia; Priority Research Centre for Physical Activity and Nutrition, University of Newcastle, Ring Rd, Callaghan, NSW 2308, Australia",1,University of Newcastle Australia,I78757542,no
"Gomeroi gaayngal Centre, Faculty of Health and Medicine, University of Newcastle, 2/1 Hinkler Rd, Tamworth, NSW 2340, Australia; School of Medicine and Public Health, Faculty of Health and Medicine, University of Newcastle, University Drive, Callaghan, NSW 2308, Australia; Priority Research Centre for Physical Activity and Nutrition, University of Newcastle, Ring Rd, Callaghan, NSW 2308, Australia. Electronic address: tracy.schumacher@newcastle.edu.au",1,University of Newcastle Australia,I78757542,no
"Graduate Program in Rehabilitation Sciences, Anhanguera Pitágoras Unopar University, 591 Marselha St., Londrina, PR, 86041-14, Brazil; Laboratory of Research in Respiratory Physiotherapy (LFIP), Department of Physiotherapy, State University of Londrina, 60 Robert Koch Ave, Londrina, PR, 86038-350, Brazil; Asthma and Breathing Research Centre, Hunter Medical Research Institute, Lot 1, Kookaburra Circuit, New Lambton, NSW, 2305, Australia; School of Nursing and Midwifery, College of Health, Medicine and Wellbeing, The University of Newcastle, University Dr, Callaghan, NSW, 2308, Australia. Electronic address: joicemara.deoliveira@newcastle.edu.au",1,University of Newcastle Australia | Universidade Estadual de Londrina | Hunter Medical Research Institute,I78757542 I127110123 I4210087646,no
"Group 1 Participants: Pierre Baehni (Chairman), University of Geneva, School of Dental Medicine, Geneva, Switzerland Maurizio Tonetti (Co-chairman), European Research Group on Periodontology (ERGOPERIO), Berne, Switzerland Denis Bourgeois , University of Lyon, Faculty of Odontology, Lyon, France Pedro Bullón , University of Sevilla, Faculty of Odontology, Sevilla, Spain Peter Eickholz , Johann Wolfgang Goethe-University, Centre for Dental, Oral, and Maxillofacial Medicine, Frankfurt/Main, Germany Maria Chomyszyn-Gajewska , Jagiellonian University, Collegium Medicum, Cracow, Poland Peter Heasman , Newcastle University, School of Dental Sciences, UK Thomas Hoffmann , University of Technology Dresden, Medical Faculty, Dresden, Germany Thomas Kocher , University of Greifswald, Dental School, Greifswald, Germany Ian Needleman , UCL Eastman Dental Institute, London, UK Panos Papapanou , Columbia University College of Dental Medicine, New York, USA Uros Skaleric , University of Ljubljana, Faculty of Medicine, Slovenia Tellervo Tervonen , University of Oulu, Institute of Dentistry, Oulu, Finland Gernot Wimmer , Medical University Graz, Department of Dentistry and Maxillofacial Surgery, Graz, Austria Nicola Discepoli , University of Complutense, Faculty of Odontology, Madrid, Spain Silvia Oteo , University of Complutense, Faculty of Odontology, Madrid, Spain",1,Columbia University | Universidad de Sevilla | University of Geneva | University of Ljubljana,I78577930 I79238269 I114457229 I153976015,no
"Grove Medical Group, Newcastle upon Tyne, UK",1,,,no
"Hancock Museum, University of Newcastle, Newcastle, NE2 4PT, UK",1,Great North Museum Hancock,I4210095676,no
"Hans L. Hartnagel:  was born in Geldern, Germany, in 1934. He received the Dipl.-Ing. degree in 1960 from the Technical University Aachen, Germany, and the Ph.D. and the Dr. Eng. degrees from the University of Sheffield, England, in 1964 and 1971, respectively. After having worked for a short period with the company Telefunken in Ulm, Germany, he joined the Institut National des Sciences Appliquées, Villeurbanne, Rhone, France. He then joined the Department of Electronic and Electrical Engineering of the University of Sheffield, first as a Senior Research Assistant, from October 1962 as a Lecturer and later on as a Senior Lecturer and Reader. From 1 January 1971 he held the position of Professor of Electronic Engineering at the University of Newcastle upon Tyne, in England. Since October 1978 he has been the Professor of High Frequency Electronics at the Technical University of Darmstadt in West Germany",1,University of Sheffield,I91136226,no
"Hans L. Hartnagel: was born in Geldern, Germany, in 1934. He received the Dipl.-Ing. degree in 1960 from the Technical University Aachen, Germany, and the Ph.D. and the Dr. Eng. degrees from the University of Sheffield, England, in 1964 and 1971, respectively. After having worked for a short period with the company Telefunken in Ulm, Germany, he joined the Institut National des Sciences Appliquées, Villeurbanne, Rhone, France. He then joined the Department of Electronic and Electrical Engineering of the University of Sheffield, first as a Senior Research Assistant, from October 1962 as a Lecturer and later on as a Senior Lecturer and Reader. From 1 January 1971 he held the position of Professor of Electronic Engineering at the University of Newcastle upon Tyne, in England. Since October 1978 he has been the Professor of High Frequency Electronics at the Technical University of Darmstadt in West Germany",1,University of Sheffield,I91136226,no
"Harvard Reproductive Endocrine Sciences Center and Reproductive Endocrine Unit (J.-H.C., R.B., N.D.S., J.E.H., L.P., C.L.B., W.F.C.), and Department of Medicine, Psychiatric, and Neurodevelopmental Genetics Unit (P.H.L.), Analytic and Translational Genetics Unit, Center for Human Genetic Research, Massachusetts General Hospital, and Center for Human Genetic Research (J.F.G.), Massachusetts General Hospital, and Department of Genetics, Harvard Medical School, Boston, Massachusetts Boston, Massachusetts 02114; Department of Genetics (M.-L.K.), University Hospital, Caen, 14003, Caen Cedex, France; Department of Biology and Pathology of Human Reproduction in Bialystok (K.J.), Institute of Animal Reproduction and Food Research, Polish Academy of Sciences, Olsztyn, and Department of Reproduction and Gynecological Endocrinology (S.W.), Medical University of Bialystok, Sklodowskiej 24A, 15-276 Bialystok, Poland; Institute for Genetic Medicine (R.Q.), Newcastle University, Newcastle-upon-Tyne,",1,University of Newcastle Australia | Polish Academy of Sciences | Harvard University | Massachusetts General Hospital,I78757542 I99542240 I136199984 I4210087915,no
"Health Economics Research Unit (HERU), Institute of Applied Health Science, School of Medicine, Medical Science and Nutrition, University of Aberdeen, Aberdeen, UK; Newcastle Business School, University of Newcastle, Newcastle, NSW, Australia; Department of Population Health Sciences, Duke University, Durham, USA",1,University of Newcastle Australia | Duke University | University of Aberdeen,I78757542 I170897317 I195460627,no
"Helen Turner FRCPath Consultant in Histopathology, Newcastle upon Tyne Hospitals, NHS Foundation Trust, Newcastle, UK, Conflicts of interest: none declared Matthew Theodosiou FRCPath Consultant in Histopathology, Queen Elizabeth Hospital, Gateshead, UK, Conflicts of interest: none declared Elizabeth Crawford FRCPath Consultant in Histopathology, Queen Elizabeth Hospital, Gateshead, UK, Conflicts of interest: none declared Mona Jain FRCPath Consultant in Histopathology, Queen Elizabeth Hospital, Gateshead, UK, Conflicts of interest: none declared Kate Macdougall FRCPath Consultant in Histopathology, Queen Elizabeth Hospital, Gateshead, UK, Conflicts of interest: none declared Scarlet Brockmoeller MD FRCPath CHCCT MPhil PGC Health Research PGC Genomic Medicine Consultant Histopathologist, Department of Histopathology, Queen Elizabeth Hospital, Gateshead; Honorary Histopathology Consultant, Newcastle upon Tyne Hospitals, NHS Foundation Trust, Newcastle; Senior Lecturer in Precision and Molecular Pathology, NIHR BRC, Newcastle University; and Visting Fellow, Pathology and Data Analytics, Leeds Institute of Medical Research at St. James's, School of Medicine, University of Leeds, UK, Conflicts of interest: none declared",1,Newcastle upon Tyne Hospitals NHS Foundation Trust | Queen Elizabeth Hospital,I2801663869 I4210108554,no
"Hexis Lab Limited, The Core, Newcastle Helix, Newcastle Upon Tyne NE4 5TF, UK",1,,,no
"Hexis Lab, The Catalyst, Newcastle Helix, Newcastle upon Tyne, UK;",1,Catalyst,I4210102307,no
"Honorary Clinical Professor of Medical Education in Dentistry, Consultant in Maxillofacial Surgery, Newcastle-Upon-Tyne NE2 4BW, UK",1,,,no
"Human Nutrition Research Centre, Newcastle University, 172A Ang Mo Kio Ave 8, Singapore 567739, Singapore",1,Newcastle University Singapore,I4210094553,no
"Human Nutrition Research Centre, School of Agriculture, Food & Rural Development, Newcastle University, 172A Ang Mo Kio Ave 8, 567739, Singapore",1,Newcastle University Singapore,I4210094553,no
"Hunter Medical Research Institute and School of Biomedical Sciences, Faculty of Health, University of Newcastle, University Drive, Callaghan, NSW, 2308, Australia",1,University of Newcastle Australia | Hunter Medical Research Institute,I78757542 I4210087646,no
"Hunter New England Population Health Research Group, Hunter New England Local Health District, Wallsend, NSW Australia ; Faculty of Health and Medicine, School of Medicine and Public Health, University of Newcastle, University Drive, Callaghan, NSW Australia",1,University of Newcastle Australia | Hunter New England Local Health District,I78757542 I4210154888,no
"Hunter New England Population Health, Hunter New England Area Health Service, Newcastle, Locked Bag No. 10, Wallsend, NSW 2287, Australia; Priority Research Centre for Health Behaviour, The University of Newcastle, University Drive, Callaghan, NSW 2308, Australia; Hunter Medical Research Institute, 1/Kookaburra Circuit, New Lambton Heights, NSW 2305, Australia. Electronic address: Mark.Babic@hnehealth.nsw.gov.au",1,University of Newcastle Australia | Hunter Medical Research Institute | Hunter New England Local Health District,I78757542 I4210087646 I4210154888,no
"IRD Ltd, Fossway, Newcastle upon Tyne NE6 2YD, U.K",1,,,no
"Ian Male FRCPCH MSc MB.BCh Consultant Community Paediatrician, Sussex Community Foundation NHS Trust, and Honorary Senior Lecturer, Brighton and Sussex Medical School, UK. Conflicts of interest: none declared William Farr BA (Hons) MA NPQH PhD Senior Research Fellow, Assistant Professor, Sussex Community NHS Foundation Trust, University of Cambridge, UK. Conflicts of interest: none declared Amanda Allard MSc Distinction BSc BA Deputy Director, Council for Disabled Children, London UK. Conflicts of interest: none declared Victoria Grahame BSc MSc DClinPsych Lead Consultant Clinical Psychologist, Cumbria, Tyne and Wear NHS Trust, and Newcastle University, UK. Conflicts of interest: none declared Jess Maxwell BSc MSc DClinPsy Senior Clinical Psychologist, Cumbria, Northumberland, UK. Conflicts of interest: none declared Venkat Reddy MBBS MRCP FRCPCH MSc (Digital Health Leadership) Consultant Neurodevelopmental Paediatrician and Interim Clinical Director, Cambridgeshire and Peterborough NHS Foundation Trust, UK. Conflicts of interest: none declared Sophie McGrevey MSc BSc Research Assistant, Sussex Community NHS Foundation Trust, UK. Conflicts of interest: none declared Vanessa Abrahamson PhD Research Fellow Centre for Health Services Studies, University of Kent, UK. Conflicts of interest: none declared Sarah Wigham PhD Senior Researcher Newcastle University, UK. Conflicts of interest: none declared Jeremy R Parr MB ChB MRCPCH MD Professor of Paediatric Neurodisability Newcastle University, The Great North Children's Hospital, Newcastle Upon Tyne NHS Foundation Trust, UK. Conflicts of interest: none declared",1,University of Cambridge | Brighton and Sussex Medical School | Sussex Community NHS Foundation Trust,I241749 I100063501 I2799853801,no
"Independent Electrical Engineering Consultant, Newcastle-upon-Tyne, U.K",1,,,no
"Ingénieur paysagiste, Anaïs Leger-Smith est doctorante en troisième année aménagement et paysage à l’École du paysage d’Angers, Agocampus Ouest-université d’Angers. Elle a été membre invité dans l’équipe de recherche de l’École d’architecture, d’urbanisme et de paysage à Newcastle University en 2012 en Angleterre. Son doctorat porte sur l’évolution des pratiques paysagistes au regard des nouveaux enjeux écologiques. f.anais[at]gmail[dot]com",1,Université d'Angers,I49451733,no
"Inst Genetic Medicine, Newcastle upon Tyne, UK",1,,,no
"Institue of Neuroscience Newscastle University, Newcastle upon Tyne, UK",1,,,no
"Institut Gustave Roussy, University Paris-Sud XI, Villejuif, France (J.G., B.G.); Department of Radiology, St. Barnabas Medical Center, Livingston, New Jersey (L.G.); Memorial Health Institute, Warsaw, Poland (D.P.); Centre Oscar-Lambret, Unité d'Oncologie Pédiatrique, Lille Cedex, France (P.L.); Hospital Universitario La Fe, Valencia, Spain (A.C.); Institut Curie, Paris, France (I.A.); Hospital Infantil Universitario Niño Jesús, Madrid, Spain (L.M.); Vall d'Hebron Children's Hospital, Barcelona, Spain (J.S. de T.C.); Ghent University Hospital, Ghent University, Ghent, Belgium (J.V.); Royal Manchester Children's Hospital, Manchester, UK (E.E.); Pfizer, New York, New York (L.C., A.B., A.D.); Sir James Spence Institute, University of Newcastle Upon Tyne, Royal Victoria Infirmary, Newcastle Upon Tyne, UK (S.B.); Southampton University Hospitals NHS Trust, Southampton General Hospital, Southampton, UK (G.N.); Queen's Medical Centre, Nottingham, UK (R.G.G.); Royal Marsden NHS Foundation Trust, Sutton, UK (D.H.)",1,Institut Curie | Saint Barnabas Medical Center | Ghent University Hospital | Institut Gustave Roussy | Centre Oscar Lambret,I80043 I1283092701 I2801227569 I2801843802 I4210131356,no
"Institute for Medicine and Dentistry , Newcastle upon Tyne NE2 4AB",1,,,no
"Institute of Advanced Study for Humanity, University#R#of Newcastle, University Drive, Callaghan, NSW 2308, Australia",1,University of Newcastle Australia,I78757542,no
"Institute of Cellular Medicine, University of Newcastle, Cambridge NE4 5PL, UK",1,,,no
"Institute of Education : Durham University Newcastle Upon Tyne , UK",1,Durham University,I190082696,no
Institute of Genetic Medicine Newcastle upon Tyne UK,1,,,no
Institute of Genetic Medicine Newcastle‐Upon‐Tyne UK,1,,,no
Institute of Genetic Medicine Newcastle‐upon‐Tyne United Kingdom,1,,,no
"Institute of Health & Society, Baddiley-Clark Building, Richardson Road, Newcastle upon Tyne, NE2 4AX, UK",1,,,no
"Institute of Health & Society, Newcastle University, Yaoundé Central Hospital, Department of Internal Medicine, Faculty of Medicine and Biomedical Sciences, University of Yaoundé I, Yaoundé, Cameroon",1,Université de Yaoundé I | Central Hospital of Yaoundé,I1331070479 I4210094021,no
"Institute of Health Sciences, Newcastle Polytechnic, Newcastle upon Tyne, England",1,,,no
"Institute of Health and Society, New castle University, New castle upon Tyne, UK",1,,,no
"Institute of Inflammation and Ageing, University of Birmingham, Birmingham, UK, 42 University Hospital Birmingham NHS Foundation Trust, Birmingham, UK, 43 Department of Respiratory Medicine, Barts Health NHS Trust, London, UK, 44 Barts and The London School of Medicine and Dentistry, Queen Mary University of London, London, UK, 45 NIHR Oxford Biomedical Research Centre, Oxford, UK, 46 University of Sheffield, Sheffield, UK, 47 Sheffield Teaching Hospitals NHS Foundation Trust, Sheffield, UK, 48 Centre for Human & Applied Physiological Sciences, School of Basic & Medical Biosciences, Faculty of Life Sciences & Medicine, King's College London, London, UK, 49 King's College Hospital NHS Foundation Trust, London, UK, 50 King's College London British Heart Foundation Centre, London, UK, 51 NIHR Health Protection Research Unit in Emerging and Zoonotic Infections, University of Liverpool, Liverpool, UK, 52 Liverpool University Hospitals NHS Foundation Trust, Liverpool, UK, 53 Department of Psychological Medicine, Institute of Psychiatry, Psychology and Neuroscience, King's College London, London, UK, 54 South London and Maudsley NHS Foundation Trust, London, UK, 55 Diabetes Research Centre, University of Leicester, Leicester, UK, 56 NIHR Leicester Biomedical Research Centre, University of Leicester, Leicester, UK, 57 Population Health Sciences Institute, Newcastle University,",1,University of Newcastle Australia | University of Birmingham | University of Sheffield | University of London | University of Liverpool | University of Leicester | Queen Mary University of London | King's College London | Barts Health NHS Trust | NIHR Oxford Biomedical Research Centre | King's College Hospital,I78757542 I79619799 I91136226 I124357947 I146655781 I153648349 I166337079 I183935753 I225661044 I4210088942 I4210153400,no
"Institute of Neurological Sciences, Southern General Hospital; Queen's Medical Centre, Nottingham; Cambridge Centre for Brain Repair, Cambridge; University of Bristol; University of Newcastle; University College London; University Hospital of Wales, Cardiff; MRC Centre for Neuropsychiatric Genetics and Genomics, Cardiff; Institute of Neurological Sciences, Southern General Hospital",1,University of Cambridge | University of Bristol | University College London | University Hospital of Wales | Queen's Medical Centre,I241749 I36234482 I45129253 I2800861664 I4210137227,no
"Institute of Translational and Clinical Medicine, University of Newcastle, London, United Kingdom",1,,,no
"Instituto de Física , Universidad Nacional Autónoma de México , Cd. de México C .P. 04510, México 48 Department of Physics & Astronomy and Pittsburgh Particle Physics, Astrophysics, and Cosmology Center (PITT PACC), University of Pittsburgh, 3941 O'Hara Street, Pittsburgh, PA 15260, USA 49 Department of Physics, Southern Methodist University, 3215 Daniel Avenue, Dallas, TX 75275, USA 50 Department of Astronomy, School of Physics and Astronomy, Shanghai Jiao Tong University, Shanghai 200240, People's Republic of China 51 Department of Physics, University of California, Berkeley, 366 LeConte Hall MC 7300, Berkeley, CA 94720-7300, USA 52 Universities Space Research Association, NASA Ames Research Centre, USA 53 Center for Astrophysics | Harvard & Smithsonian, 60 Garden Street, Cambridge, MA 02138, USA 54 Steward Observatory, University of Arizona, 933 N. Cherry Avenue, Tucson, AZ 85721, USA 55 School of Mathematics, Statistics and Physics, Newcastle University, Newcastle, UK 56 Instituto",1,"Universidad Nacional Autónoma de México | University of California, Berkeley | University of Arizona | University of Pittsburgh | Southern Methodist University | Shanghai Jiao Tong University | Center for Astrophysics Harvard & Smithsonian",I8961855 I95457486 I138006243 I170201317 I178169726 I183067930 I4210124175,no
"International Doctorate for Experimental Approaches to Language and the Brain (IDEALAB), University of Potsdam (DE), Newcastle University (GB), University of Groningen (NL), University of Trento (IT), and Macquarie University (Sydney, AU). Electronic address: tamasi@uni-potsdam.de",1,Macquarie University | University of Groningen | University of Potsdam | University of Trento,I99043593 I169381384 I176453806 I193223587,no
"International Doctorate in Experimental Approaches to Language And the Brain (IDEALAB), University of Potsdam, University of Groningen, University of Trento, Macquarie University and Newcastle University; Center for Language and Cognition Groningen (CLCG), University of Groningen, Groningen, The Netherlands",1,University of Groningen | University of Potsdam | University of Trento,I169381384 I176453806 I193223587,no
"International Doctorate in Experimental Approaches to Language And the Brain (IDEALAB), University of Potsdam, University of Groningen, University of Trento, Macquarie University and Newcastle University; Center for Neurocognitive Rehabilitation (CeRiN), Center for Mind/Brain Sciences (CIMeC), University of Trento, Trento, Italy",1,University of Groningen | University of Potsdam | University of Trento,I169381384 I176453806 I193223587,no
"Jawad Faiz (1952) received the B.Sc. and M.Sc. degrees in electrical engineering from Tabriz University/Iran, 1974 and 1975, respectively. He received the Ph.D. degree in electrical engineering from the University of Newcastle upon Tyne/U.K. in 1988. Early in his career, he served as a Faculty Member at Tabriz University for 10 years. After obtaining Ph.D. degree he joined Tabriz University where he held the position of Assistant Professor from 1988 to 1992, Associate Professor from 1992 to 1997, and has been a Professor since 1998. Since February 1999, he has been working as a Professor at Department of Electrical and Computer Engineering, Faculty of Engineering in Tehran, University of Tehran. He is the author of 66 publications in international journals and 72 publications in international conference proceedings. He is a Senior Member of Power Engineering, Industry Applications, Power Electronics, Education, Industrial Electronics and Magnetics Societies of the IEEE. He is also a Member of Iran Academy of Sciences. His teaching and research interests are switched reluctance and variable reluctance motor design, design, modelling and control of electrical machines, drives and transformers (Department of Electrical and Computer Engineering, Faculty of Engineering, University of Tehran, North Kargar, Tehran 14395/Iran, Phone: +9821/8027757,",1,University of Tehran,I23946033,no
"Jennifer Preston BA (Hons) Senior Patient and Public Involvement Manager, National Institute for Health and Social Care Research (NIHR) Alder Hey Clinical Research Facility, Institute in the Park, Alder Hey Children's NHS Foundation Trust, Liverpool, UK. Conflicts of interest: none declared Elle Lappin Youth member, Liverpool GenerationR Young Person's Advisory Group, National Institute for Health and Social Care Research (NIHR) Alder Hey Clinical Research Facility, Institute in the Park, Alder Hey Children's NHS Foundation Trust, Liverpool, UK. Conflicts of interest: none declared Jenny Ainsworth BA (Hons) Youth and Family Participation Officer, National Institute for Health and Social Care Research (NIHR) Alder Hey Clinical Research Facility, Institute in the Park, Alder Hey Children's NHS Foundation Trust, Liverpool, UK. Conflicts of interest: none declared Claire L Wood MbChB PhD BMedSci Honorary Consultant in Diabetes and Endocrinology and Senior Clinical Lecturer, Newcastle University, Great North Children's Hospital and Newcastle University Translational and Clinical Research Institute, UK. Conflicts of interest: none declared Paul Dimitri BSc MBChB FRCPCH PhD Professor of Child Health and Consultant in Paediatric Endocrinology, The Academic Unit of Child Health, Sheffield Children's NHS Foundation Trust, Sheffield, UK. Conflicts of interest: none declared",1,Alder Hey Children's NHS Foundation Trust,I4210094656,no
"John Walton Muscular Dystrophy Research Centre, Translational and Clinical Research Institute, New-castle University and Newcastle Hospitals NHS Foundation Trust, Newcastle upon Tyne, UK",1,Newcastle upon Tyne Hospitals NHS Foundation Trust,I2801663869,no
"Joint Medical Programme, University of Newcastle, Newcastle, AUS",1,University of Newcastle Australia,I78757542,no
"K. W. Robinson is Senior Lecturer in Geography, Newcastle University College, University of New South Wales",1,UNSW Sydney | University of Newcastle Australia,I31746571 I78757542,no
"KNewcastle University Newcastle, UK, and director, NIHR Newcastle Biomedical Research Centre Newcastle, UK",1,NIHR Newcastle Biomedical Research Centre,I4210133722,no
"Khoo Teck Puat Hospital, Yishun Central 90, 768828, Singapore; Newcastle University Medical School, Edu City, Johor, Malaysia. Electronic address: chandra.kumar2406@gmail.com",1,Khoo Teck Puat Hospital | Newcastle University Singapore,I2802424189 I4210094553,no
"King's College, Newcastle, University of Durham",1,Durham University,I190082696,no
"Laboratory of Biomaterials and Transport Phenomena, University of Medea, Medea, 26000, Algeria 2 Unité de Recherche Appliquée en Energies Renouvelables (URAER) Centre de Développement des Energies Renouvelables (CDER), Ghardaïa, 47133, Algeria 3 Laboratoire de Génie des Procédés Chimiques, Department of Process Engineering, University of Ferhat Abbas, Setif, 19000, Algeria 4 Université de Rennes, Ecole Nationale Supérieure de Chimie de Rennes, CNRS, ISCR—UMR6226, Rennes, 35000, France 5 College of Engineering, Imam Mohammad Ibn Saud Islamic University (IMSIU), Riyadh, 11432, Saudi Arabia 6 School of Engineering, Merz Court, Newcastle University, Newcastle upon Tyne, NE1 7RU, UK",1,University Ferhat Abbas of Setif | Université de Rennes | University of Newcastle Australia | Centre National de la Recherche Scientifique | Institut des Sciences Chimiques de Rennes | École Nationale Supérieure de Chimie de Rennes | Renewable Energy Development Center,I40193446 I56067802 I78757542 I1294671590 I4210090783 I4210115835 I4210116835,no
"Laboratory, University Department of Rheumatology, University of New-castle upon Tyne",1,,,no
Lancaster University#R##N#Newcastle University,1,Lancaster University,I67415387,no
Large Animal Veterinary Teaching Hospital College of Agronomy and Veterinary Medicine Newcastle University Universidade de Brasília  Brasilia DF Brazil,1,Universidade de Brasília,I150729083,no
"Lecturer in Pathology, University of Durham College of Medicine, Newcastle-upon-Tyne",1,Durham University,I190082696,no
"Lecturer in Pathology, the University of Durham College of Medicine, Newcastle-upon-Tyne",1,Durham University,I190082696,no
"Lecturer in Pathology, the University of Durham College of Medicine, Newcastle‐upon‐Tyne",1,Durham University,I190082696,no
"Lecturer in Public Health Medicine, Department of Epidemiology and Public Health, University of New-castle Newcastle upon Tyne NE2 4HH, United Kingdom",1,,,no
"Lecturer in Public Health Medicine, University of Newcastle",1,University of Newcastle Australia,I78757542,no
"Lecturer in the Department of Sociology and Anthropology, University of Newcastle",1,,,no
"Lecturer, Faculty of Education, University of Newcastle",1,University of Newcastle Australia,I78757542,no
"Lecturer, Newcastle Law School, The University of Newcastle (UoN)",1,University of Newcastle Australia,I78757542,no
"Lecturer, School of Civil Engineering, Central South Univ., Changsha, Hunan 410075, China; formerly, Ph.D. Candidate, ARC Centre of Excellence for Geotechnical Science and Engineering, Faculty of Engineering and Built Environment, Univ. of Newcastle, University Dr., Callaghan, NSW 2308, Australia",1,University of Newcastle Australia | Central South University,I78757542 I139660479,no
"Lecturer, School of Librarianship and Information Studies, Newcastle upon Tyne Polytechnic, Lipman Building, Sandyford Road, Newcastle upon Tyne, NE1 8ST, England",1,,,no
"Leica Biosystems Newcastle Ltd., Newcastle Upon Tyne NE12 8ET, UK",1,Danaher (United Kingdom),I4210088644,no
"Leiden/Newcastle University, Leiden, Netherlands",1,,,no
"Literal Labs, Newcastle upon Tyne, NE1 5JE, UK",1,Newcastle Australia Institute of Higher Education,I4405278183,no
"Little Benton, Newcastle Upon Tyne NE7 7GA, UK",1,Newcastle Australia Institute of Higher Education,I4405278183,no
MA University of Newcastle,1,,,no
"MRC Centre for Neuromusc ular Disease at Newcastle, Institute of Genetic Medicine, Newcastle, UK",1,,,no
"Maastricht University, Maastricht, Netherlands. 2Bath University, Bath, United Kingdom. 3Newcastle University, Newcastle, United Kingdom. 4Northumbria University, Newcastle, United Kingdom. (Sponsor: Janice Lee Thompson, FACSM)",1,Northumbria University | Maastricht University,I32394136 I34352273,no
"Magnetic Resonance Centre, Institute for Translational Medicine, Newcastle University d AIM & CEA NMR Laboratory, Institute of Myology, Pitié-Salpêtrière University Hospital, Paris, France",1,Commissariat à l'Énergie Atomique et aux Énergies Alternatives | Institut de Myologie | Pitié-Salpêtrière Hospital,I2738703131 I4210113666 I4210121705,no
"Mathematics Institute, University of Warwick, Coventry CV4 7AL. Department of Mathematics and Statistics, Merz Court, The University, Newcastle-upon-Tyne NE1 7RU",1,University of Warwick,I39555362,no
"Max-Planck-Institut für Astronomie, Königstuhl 17, 69117 Heidelberg, Germany 61 Department of Physics and Astronomy, University College London, Gower Street, London WC1E 6BT, UK 62 Department of Physics and Helsinki Institute of Physics, Gustaf Hällströmin katu 2, 00014 University of Helsinki, Finland 63 Aix-Marseille Université, CNRS/IN2P3, CPPM, Marseille, France 64 Université de Genève, Département de Physique Théorique and Centre for Astroparticle Physics, 24 quai Ernest-Ansermet, CH-1211 Genève 4, Switzerland 65 Department of Physics, P.O. Box 64, 00014 University of Helsinki, Finland 66 Helsinki Institute of Physics, Gustaf Hällströmin katu 2, University of Helsinki, Helsinki, Finland 67 European Space Agency/ESTEC, Keplerlaan 1, 2201 AZ Noordwijk, The Netherlands 68 NOVA optical infrared instrumentation group at ASTRON, Oude Hoogeveensedijk 4, 7991PD, Dwingeloo, The Nether-lands 69 Universität Bonn, Argelander-Institut für Astronomie, Auf dem Hügel 71, 53121 Bonn, Germany 70 Aix-Marseille Université, CNRS, CNES, LAM, Marseille, France 71 Dipartimento di Fisica e Astronomia ""Augusto Righi"" -Alma Mater Studiorum Università di Bologna, via Piero Gobetti 93/2, 40129 Bologna, Italy 72 Department of Physics, Centre for Extragalactic Astron-omy, Durham University, South Road, DH1 3LE, UK 73 Université Paris Cité, CNRS, Astroparticule et Cosmologie, 75013 Paris, France 74 Institut d'Astrophysique de Paris, 98bis Boulevard Arago, 75014, Paris, France 75 Institut d'Astrophysique de Paris, UMR 7095, CNRS, and Sorbonne Université, 98 bis boulevard Arago, 75014 Paris, France 76 IFPU, Institute for Fundamental Physics of the Universe, via Beirut 2, 34151 Trieste, Italy 77 School of Mathematics, Statistics and Physics, Newcastle University, Herschel Building, Newcastle-upon-Tyne, NE1 7RU, UK 78 Department of Physics, Institute for Computational Cos-mology, Durham University, South Road, DH1 3LE, UK 79 Institut",1,University of Bologna | Aix-Marseille Université | Sorbonne Université | University College London | University of Geneva | University of Helsinki | Université Paris Cité | Centre National de la Recherche Scientifique | Helsinki Institute of Physics | Max Planck Institute for Astronomy | Institut d'Astrophysique de Paris | Laboratoire AstroParticule et Cosmologie | Centre de physique des particules de Marseille,I9360294 I21491767 I39804081 I45129253 I114457229 I133731052 I204730241 I1294671590 I2800229700 I4210109156 I2801766991 I2802090066 I4210093936,no
"Med. Phys. Dept., Newcastle Univ., NSW",1,University of Newcastle Australia,I78757542,no
"Medact, Newcastle upon Tyne, NE2 3AE",1,,,no
"Medical Department, Newcastle United FC, Newcastle-upon-Tyne, UK",1,,,no
"Medical Student, University of Newcastle, NSW",1,University of Newcastle Australia,I78757542,no
"Medical Student, University of Newcastle, Newcastle, NSW",1,University of Newcastle Australia,I78757542,no
Medical Toxicology Centre Wolfson Unit of Clinical Pharmacology  Newcastle upon Tyne UK,1,,,no
"Medical Toxicology Centre, Wolfson Unit of Clinical Pharmacology, Newcastle upon Tyne, UK",1,,,no
"Medical Toxicology Centre, Wolfson Unit, Newcastle upon Tyne, UK",1,,,no
"Medical Toxicology Centre, Wolfson Unit, Newscastle University, Newcastle upon Tyne NE 4AA, United Kingdom",1,,,no
"Medical Toxicology Centre, Wolfson Unit, Newscastle University, Newcastle upon Tyne NE 4AA, United Kingdom. Electronic address: p.a.jowsey@ncl.ac.uk",1,,,no
Medicine Alfred Hospital; University of Newcastle; University of Sydney,1,University of Newcastle Australia | The University of Sydney,I78757542 I129604602,no
"Merz Court, Newcastle upon Tyne NE1 7RU, UK , ,",1,,,no
"Microbiology, Pathology North, Hunter Area Pathology, Infection Prevention & Control, Hunter New England Health, Newcastle University, Locked Bag 1, Hunter Regional Mail Centre, NSW 2310, Australia",1,University of Newcastle Australia | Hunter New England Local Health District,I78757542 I4210154888,no
"Mircobritt Ltd. 2 , Newcastle upon Tyne NE1 7RU,",1,,,no
"Mother and Babies Research Centre, Hunter Medical Research Institute, Newcastle University and Neonatal Intensive Care Unit, John Hunter Children's Hospital, Newcastle, New South Wales, Australia and",1,University of Newcastle Australia | John Hunter Hospital | Hunter Medical Research Institute | John Hunter Children's Hospital,I78757542 I2800479947 I4210087646 I4210139443,no
"Movimento de mercadorias por ferrovias em zonas urbanas e suburbanas] Newcastle University, Sapienza Universita di Roma, Technische Universität Dortmund, Yıldız Teknik Üniversitesi, Athens University of Economics and Business, Universitatea Politehnica din Bucuresti,",1,Yıldız Technical University | Universitatea Națională de Știință și Tehnologie Politehnica București | Athens University of Economics and Business | TU Dortmund University | Sapienza University of Rome,I4101805 I61641377 I73142707 I200332995 I861853513,no
"Musculoskeletal Research Group, Institute of Cellular Medicine & NIHR Biomedical Research Centre for Ageing, Newcastle upon Tyne, UK",1,NIHR Newcastle Biomedical Research Centre,I4210133722,no
"Musculoskeletal Research Group, Institute of Cellular Medicine, 4th Floor Cookson Building, Framlington Place, Newcastle upon Tyne NE2 4HH, U.K",1,,,no
"Musculoskeletal Research Group, Institute of Cellular Medicine, Newcastle Upon Tyne NE2 4HH, U.K",1,,,no
"N.S.P.C.C., Newcastle upon Tyne, U.K",1,,,no
"NE18ST , Newcastle Upon Tyne , UK",1,,,no
"NEI Int. Res. & Dev. Co., Newcastle upon Tyne, UK",1,,,no
"NEI Parsons Ltd, Newcastle-upon-Tyne, U. K",1,,,no
"NEI-Int. Res. & Dev. Ltd., Newcastle upon Tyne, UK",1,,,no
"NEWCASTLE UNIVERSITY BUSINESS SCHOOL , NEWCASTLE UNIVERSITY",1,,,no
"NEWCASTLE UNIVERSITY COLLEGE, TIGHE'S HILL (N.S.W.) AUSTRALIE",1,University of Newcastle Australia,I78757542,no
"NEWCASTLE UNIVERSITY, School of Civil Engineering, NEWCASTLE, United Kingdom of Great Britain and Northern Ireland (haider.ali@newcastle.ac.uk)",1,,,no
"NEWCASTLE UNIVERSITY, School of Civil Engineering, NEWCASTLE, United Kingdom of Great Britain – England, Scotland, Wales (haider.ali.hydo@gmail.com)",1,,,no
"NEWCASTLE UPON TYNE , ENGLAND",1,,,no
NEWCASTLE-ON=TYNE,1,,,no
"NIHR Bioresource , Cambridge University Hospitals NHS Foundation Trust , Cambridge , UK. 39 Department of Haematology, School of Clinical Medicine, University of Cambridge, Cambridge, UK. 40 Nuffield Department of Clinical Neuroscience, John Radcliffe Hospital, University of Oxford, Oxford, UK. 41 Department of Experimental Psychology, University of Oxford, Oxford, UK. 42 MRC Mitochondrial Biology Unit, University of Cambridge, Cambridge, UK. 43 Section of Perioperative, Acute, Critical Care and Emergency Medicine, Department of Medicine, University of Cambridge, Cambridge, UK. 44 School of Psychology, Cardiff University, Cardiff, UK. 45 Neuropsychiatry Research and Education Group, Institute of Psychiatry, Psychology & Neuroscience, King's College London, London, UK. 46 Translational and Clinical Research Institute, Newcastle University, Newcastle, UK. 47 Old Age Psychiatry, Tyne and Wear NHS Trust, Newcastle, UK. 48 Department of Psychiatry, Institute of Mental Health, UCL, London, U",1,University of Cambridge | University of Oxford | University of Newcastle Australia | MRC Mitochondrial Biology Unit | Cardiff University | King's College London | Cambridge University Hospitals NHS Foundation Trust | John Radcliffe Hospital,I241749 I40120149 I78757542 I79266365 I79510175 I183935753 I2802466933 I2802742124,no
"NIHR Innovation Observatory, Population Health Sciences Institute, Newcastle Medical University, Newcastle Upon Tyne, UK",1,,,no
"NIHR Newcastle Biomedical Research Centre, Newcastle Universityand Newcastle upon Tyne Hospitals NHS Foundation Trust, Newcastle upon Tyne, UK",1,Newcastle upon Tyne Hospitals NHS Foundation Trust | NIHR Newcastle Biomedical Research Centre,I2801663869 I4210133722,no
"NIHR Newcastle HealthTech Research Centre in Diagnostic and Technology Evaluation, Newcastle upon Tyne NE2 4HH, Newcastle upon Tyne, UK",1,,,no
"NIHR POLICY RESEARCH UNIT in BEHAVIOURAL SCIENCE, POPULATION HEALTH SCIENCE INSTITUTE, NEWCASTLE UNIVERSITY ARITRA MUKHERJEE BIOSTATISTICS GROUP, POPULATION HEALTH SCIENCES INSTITUTE, NEWCASTLE UNIVERSITY Ivo Vlaev University of Warwick",1,University of Warwick,I39555362,no
"NIHR POLICY RESEARCH UNIT in BEHAVIOURAL SCIENCE, POPULATION HEALTH SCIENCE INSTITUTE, NEWCASTLE UNIVERSITY RAENHHA DHAMI NIHR POLICY RESEARCH UNIT in BEHAVIOURAL SCIENCE, POPULATION HEALTH SCIENCE INSTITUTE, NEWCASTLE UNIVERSITY JAN LECOUTURIER NIHR POLICY RESEARCH UNIT in BEHAVIOURAL SCIENCE, POPULATION HEALTH SCIENCE INSTITUTE, NEWCASTLE UNIVERSITY",1,,,no
"NJR is a UK National Institute for Health Research (NIHR) Senior Investigator and is also supported by the Newcastle NIHR Biomedical Research Center, the Newcastle Medical Research Council (MRC) and the Engineering and Physical Sciences Research Council (EPSRC) Molecular Pathology Node, and the Newcastle NIHR Medtech and In vitro diagnostic Co-operative. NJR has received honoraria, travel support, and/or research grants (through Newcastle University) from AbbVie, Almirall, Celgene, Janssen, Novartis, Pfizer, and UCB Pharma Ltd. SRP is supported by Science Foundation Ireland and funding from the European Union's Horizon 2020 research and innovation program under grant agreement number 82574. The UCD Conway Institute is funded by the Programme for Research in Third Level Institutions as administered by the Higher Education Authority of Ireland. oliver.fitzgerald@ucd.ie",1,,,no
"NSW Cancer Council, Cancer Education Research Program & Discipline of Behavioural Science in Relation to Medicine, Newcastle University, Locked Bag 10, Wallsend, NSW 2287, Australia",1,Cancer Council NSW | University of Newcastle Australia,I9623796 I78757542,no
"NSW and ACT Research and Evaluation Unit, GP Synergy NSW and ACT Research and Evaluation Unit, Mayfield West, NSW, Australia; School of Medicine and Public Health, University of Newcastle, University Drive, Callaghan, NSW, Australia",1,University of Newcastle Australia,I78757542,no
"NUPPA, Leech Building, Framlington Place, Newcastle upon Tyne NE2 4HH, UK",1,,,no
"NUTCRI Translational and Clinical Research Institute,Newcastle upon Tyne,UK,NE1 7RU",1,,,no
"National Academy of Sciences of Ukraine (GAOUA) Newcastle University Pulkovo EOP and Reference Systems Analysis Center (PERSAC) Russian Mission Control Centre Shanghai Tsukuba Space Center / JAXA University of Texas , Austin Austria Switzerland Bulgaria The Netherlands Norway Japan Russia Russia Russia Ukraine United Kingdom Russia Russia China Japan USA",1,National Academy of Sciences of Ukraine | Japan Aerospace Exploration Agency,I149851306 I2800865746,no
"National Innovation Centre for Data, School of Computing, The Catalyst, Newcastle Helix, Newcastle Upon Tyne, UK",1,Catalyst,I4210102307,no
"National Institute for Health Research Newcastle Biomedical Research Centre , Newcastle Upon Tyne , UK",1,National Institute for Health and Care Research | NIHR Newcastle Biomedical Research Centre,I34931013 I4210133722,no
"National Institute for Health Research Newcastle Biomedical Research Centre, Newcastle upon Tyne, NE4 5PL, UK. john.sayer@newcastle.ac.uk",1,NIHR Newcastle Biomedical Research Centre,I4210133722,no
"National Institute for Health Research Newcastle Biomedical Research Centre, Newcastle upon Tyne, NE4 5PL, United Kingdom",1,National Institute for Health and Care Research | NIHR Newcastle Biomedical Research Centre,I34931013 I4210133722,no
"National Institute for Health Research Newcastle Biomedical Research Centre, Newcastle upon Tyne, NE4 PL, United Kingdom",1,National Institute for Health and Care Research | NIHR Newcastle Biomedical Research Centre,I34931013 I4210133722,no
"National Institute for Health Research Newcastle In Vitro Diagnostics Co-operative (Newcastle MIC), Newcastle upon Tyne, UK",1,National Institute for Health and Care Research,I34931013,no
"National Institute for Health Research, Newcastle Biomedical Research Centre , Newcastle Upon Tyne, NE4 5PL ,",1,National Institute for Health and Care Research | NIHR Newcastle Biomedical Research Centre,I34931013 I4210133722,no
"National Institute for Health Research, Newcastle Biomedical Research Centre, Newcastle Upon Tyne, UK",1,National Institute for Health and Care Research | NIHR Newcastle Biomedical Research Centre,I34931013 I4210133722,no
"National Institute for Health and Care Research Newcastle Biomedical Research Centre, Newcastle upon Tyne, NE4 5PL, United Kingdom",1,National Institute for Health and Care Research | NIHR Newcastle Biomedical Research Centre,I34931013 I4210133722,no
"National Institute for Health and Care Research Newcastle Patient Safety Research Collaborative, Newcastle upon Tyne, United Kingdom",1,National Institute for Health and Care Research,I34931013,no
"National Poisons Information Service (Newcastle Centre), Newcastle upon Tyne, NE2 4HH, UK",1,,,no
Natural England  Newcastle upon Tyne UK,1,,,no
Neurochemical Pathology UnitNewcastle upon Tyne,1,,,no
"New Castle University , Newcastle upon Tyne ,",1,,,no
"New Castle University, School of Natural and Environmental Sciences Newcastle upon Tyne NE1 7RU-UK. Açikalin Cartigny",1,,,no
"NewCastle University Business School, Newcastle upon Tyne, UK",1,,,no
"NewCastle University Upon Tyne London, UK",1,,,no
"NewCastle University, 5 Barrack Road, Devonshire Building, NEWCASTLE UPON TYNE, NE1 7RU, United Kingdom",1,,,no
"NewCastle University, Department of HPB and Liver Transplantation Surgery, NewCastle, United Kingdom",1,,,no
"NewRIIS-Newcastle Research &amp; Innovation Institute, Newcastle University, 80 Jurong East Street 21, Singapore #05-04, Singapore",1,Newcastle University Singapore,I4210094553,no
"Newcasle University,School of Computer,Newcastle,United Kingdom",1,,,no
"Newcastle  Upon Tyne, England",1,,,no
"Newcastle -upon- Tyne , UK",1,,,no
"Newcastle Bioinformatics Initiative, Newcastle Univ., Callaghan, NSW, Australia",1,University of Newcastle Australia,I78757542,no
"Newcastle Biomedical Research Centre, National Institute for Health Research, Newcastle Upon Tyne, UK",1,National Institute for Health and Care Research | NIHR Newcastle Biomedical Research Centre,I34931013 I4210133722,no
"Newcastle Biomedical Research Centre, National Institute for Health Research, Newcastle Upon Tyne, UK. john.sayer@ncl.ac.uk",1,NIHR Newcastle Biomedical Research Centre,I4210133722,no
"Newcastle Bone and Joint Institute, Royal Newcastle Centre and University of Newcastle, Newcastle, NSW",1,University of Newcastle Australia,I78757542,no
"Newcastle Bone and Joint Institute, University of NewcastleNSW",1,University of Newcastle Australia,I78757542,no
"Newcastle Business Park, WSP Environmental, NE4 7YG, Newcastle upon Tyne, U. K",1,,,no
"Newcastle Business Park, WSP Environmental, Newcastle upon Tyne, U. K",1,,,no
"Newcastle Business School , Northumbria University of Newcastle upon Tyne , 84 Bridge Street, NE1 8ST , UK",1,Northumbria University,I32394136,no
"Newcastle Business School, Faculty of Society and Culture, Northumbria University, Newcastle upon Tyne, UK",1,Northumbria University,I32394136,no
"Newcastle Business School, Northumbria Univeristy, Pandon Building, 208, City Campus East-1, Newcastle-Upon-Tyne, Newcastle NE1 8ST, United Kingdom",1,Northumbria University,I32394136,no
"Newcastle Business School, Northumbria University, Newcastle Upon Tyne, United Kingdom, Newcastle Upon Tyne, Newcastle Upon Tyne, NE1 8ST, United Kingdom",1,Northumbria University,I32394136,no
"Newcastle Business School, University of Newcastle, Level 3, University House, Corner King and Auckland Streets, Newcastle 2300, Australia (E-mail: Jamie",1,University of Newcastle Australia,I78757542,no
"Newcastle Business School, University of Newcastle, London, UK",1,,,no
"Newcastle Business School, University of NewcastleAustralia",1,University of Newcastle Australia,I78757542,no
"Newcastle Cancer Centre, Newcastle upon Tyne, United Kingdom",1,,,no
"Newcastle Clinical Trials Unit Framlington Place Newcastle upon Tyne , Northumberland NE24HH United Kingdom",1,,,no
"Newcastle Clinical Trials Unit, Institute of Health and Society, Newcastle, NE2 4BW",1,,,no
"Newcastle Clinical Trials Unit, Newcastle upon Tyne, UK",1,,,no
"Newcastle Clinical Trials Unit, Population Health Sciences Institute;",1,,,no
"Newcastle Cognitive and Behavioral Therapies Centre, Newcastle upon Tyne, UK",1,,,no
"Newcastle Cognitive and Behavioural Therapies Centre, Plummer Court, Carliol Place, Newcastle-Upon-Tyne, NEI 6UR, United Kingdom",1,,,no
"Newcastle Fibrosis Research Group, Biosciences Institute, Newcastle upon Tyne, NE2 4HH, UK",1,,,no
"Newcastle Graduate School of Business, University of Newcastle, University House, Level 3, Cnr Auckland and King Street, Newcastle NSW 2292, Australia",1,University of Newcastle Australia,I78757542,no
"Newcastle Helix , Newcastle upon Tyne , NE4 5BX , U.K",1,,,no
"Newcastle Helix , Newcastle upon Tyne , NE4 5BX UK",1,,,no
"Newcastle Helix, Urban Science Building, Newcastle upon Tyne, Arjuna Technologies, Newcastle, UK",1,,,no
"Newcastle Hospitals/Health Education England North East/Newcastle University, Newcastle, UK",1,Health Education England,I4210095211,no
"Newcastle Innovation Ltd, Newcastle University, Callaghan, NSW 2308, Australiad Liaoning Fu-an Group, Anshan, Liaoning (114051), China",1,University of Newcastle Australia,I78757542,no
"Newcastle Institute for Energy and Resources, The University of Newcastle , , ,",1,,,no
"Newcastle Institute of Public Health, University of Newcastle, PO Box 664J, Newcastle, NSW. jenny.stewartwilliams@newcastle.edu.au",1,University of Newcastle Australia,I78757542,no
"Newcastle Marine Services Ltd., Newcastle Upon Tyne, NE12 9SZ, UK",1,,,no
"Newcastle Medical Genetics, University of Newcastle , NSW ,",1,University of Newcastle Australia,I78757542,no
"Newcastle NE1 7RU, UK 2",1,,,no
"Newcastle NE1 7RU, UK 2 , ,",1,,,no
"Newcastle Neonatal Service, Newcastle Upon Tyne, UK",1,,,no
"Newcastle Nutrition, Newcastle upon Tyne, United Kingdom",1,,,no
"Newcastle Occupational Health Newcastle upon Tyne, UK",1,,,no
"Newcastle Occupational Health, Newcastle upon Tyne, UK",1,,,no
"Newcastle Patient Safety Research Collaboration, Newcastle upon Tyne, United Kingdom",1,,,no
Newcastle Patient Safety Research Collaborative Newcastle Upon Tyne UK,1,,,no
"Newcastle Patient Safety Research Collaborative, Newcastle Upon Tyne, UK",1,,,no
"Newcastle Patient Safety Research Collaborative, Newcastle upon Tyne NE1 7RU, United Kingdom of Great Britain and Northern Ireland",1,,,no
"Newcastle Patient Safety Research Collaborative, Newcastle upon Tyne, United Kingdom",1,,,no
"Newcastle Photovoltaics Applications Centre Newcastle upon Tyne Polytechnic Ellison Place Newcastle upon Tyne NE1 8T, U.K",1,,,no
"Newcastle Photovoltaics Applications Centre, Department of Physics, Newcastle Polytechnic, Newcastle Upon Tyne NE1 8ST U.K",1,,,no
"Newcastle Photovoltaics Applications Centre, Newcastle Polytechnic, Newcastle upon Tyne NE1 8ST U.K",1,,,no
"Newcastle Photovoltaics Applications Centre, Newcastle upon Tyne Polytechnic, Ellison Place, Newcastle upon Tyne NE1 8T, UK",1,,,no
"Newcastle Polytechnic , Newcastle Upon Tyne, U.K",1,,,no
"Newcastle Polytechnic , Newcastle upon Tyne, U.K",1,,,no
"Newcastle Polytechnic, Ellison Place, Newcastle upon Tyne NE1 8ST U.K",1,,,no
"Newcastle Polytechnic, Newcastle Upon Tyne, U.K",1,,,no
"Newcastle Red Bulls, Newcastle Rugby Limited, Newcastle Upon Tyne, UK",1,,,no
"Newcastle Red Bulls, Newcastle Rugby Limited, Newcastle upon Tyne, United Kingdom; Department of Sport and Exercise Sciences, Manchester Metropolitan University Institute of",1,Manchester Metropolitan University,I11983389,no
Newcastle U. LondonLoughborough U,1,Loughborough University,I143804889,no
"Newcastle University  London, UK",1,,,no
"Newcastle University , Brazil",1,,,no
"Newcastle University Dennis Schoeneborn, Copenhagen Business School / Leuphana University of Lüneburg Markus Scholz, University of Applied Science for Management & Communication Vienna",1,Leuphana University of Lüneburg | Copenhagen Business School,I113456305 I180519160,no
"Newcastle University Hospital Foundation Trust, Newcastle-upon-Tyne, United Kingdom",1,,,no
"Newcastle University Hospitals Foundation Trust, Newcastle Upon Tyne",1,,,no
"Newcastle University Hospitals NHS Trust, Newcastle upon Tyne, United Kingdom",1,,,no
"Newcastle University Hospitals NHS Trust, Newcastle-upon-Tyne, United Kingdom",1,,,no
"Newcastle University Hospitals NHS foundation Trust, Newcastle upon Tyne, UK",1,,,no
"Newcastle University International Singapore (NUIS), 180 Ang Mo Kio Avenue 8, Block P, Room 220, Singapore 569830, Singapore",1,,,no
Newcastle University London  UK,1,,,no
"Newcastle University London 102 Middlesex Street London, E1 7EZ, UK",1,,,no
Newcastle University London London UK,1,,,no
Newcastle University London Newcastle University  London UK,1,,,no
"Newcastle University London, 102 Middlesex St, E1 7EZ, London, UK",1,,,no
"Newcastle University London, 102 Middlesex St., London, E1 7EZ UK",1,,,no
"Newcastle University London, 102 Middlesex Street, London, UK",1,,,no
"Newcastle University London, London E1 7EZ, UK",1,,,no
Newcastle University Medicine Malaysia Campus,1,Newcastle University Medicine Malaysia,I4210089915,no
Newcastle University Trust Hospitals; General Surgery; Queen Victoria Rd Newcastle upon Tyne Tyne and Wear UK NE1 4LP,1,,,no
"Newcastle University UK Editorial Office MDPI AG St. Alban-Anlage 66 Basel , Switzerland",1,Multidisciplinary Digital Publishing Institute (Switzerland),I4210097602,no
"Newcastle University and Chongqing University, Singapore",1,Chongqing University | Newcastle University Singapore,I158842170 I4210094553,no
"Newcastle University and Genetics in the Perelman School of Medicine at the University of Pennsylvania, USA",1,University of Pennsylvania,I79576946,no
"Newcastle University and Hunter Medical Research Institute, Newcastle, Locked Bag 10, Wallsend, NSW 2287, Australia",1,University of Newcastle Australia | Hunter Medical Research Institute,I78757542 I4210087646,no
"Newcastle University and Instituto de Relações Internacionais, Pontificia Universidade Católica do Rio de Janeiro",1,Pontifícia Universidade Católica do Rio de Janeiro,I2699952,no
"Newcastle University and MRC Biostatistics Unit, Cambridge, UK",1,MRC Biostatistics Unit,I4210134973,no
Newcastle University of College,1,,,no
"Newcastle University, Australie",1,University of Newcastle Australia,I78757542,no
"Newcastle University, Central Coast Clinical School, Gosford, NSW, Australia",1,University of Newcastle Australia,I78757542,no
"Newcastle University, Commonwealth Scientific and Industrial Research Organisation (CSIRO), Vic., Clayton, Australia",1,University of Newcastle Australia | Commonwealth Scientific and Industrial Research Organisation,I78757542 I1292875679,no
"Newcastle University, NSW",1,University of Newcastle Australia,I78757542,no
"Newcastle University, NSW,",1,University of Newcastle Australia,I78757542,no
"Newcastle University, NSW, Australia. Danes Court’, Applegarth, Westgate, Pickering, Yorkshire, YO18 8BB, UK",1,University of Newcastle Australia,I78757542,no
"Newcastle University, Newcastle Mater Misericordiae Hospital, Waratah, NSW, Australia",1,University of Newcastle Australia,I78757542,no
"Newcastle University, Newcastle Mater Misericordiae Hospital, Waratah, New South Wales, Australia",1,University of Newcastle Australia,I78757542,no
"Newcastle University, School of Electrical and Electronic Engineering, 180 Ang Mo Kio Avenue 8, Singapore 569823",1,Newcastle University Singapore,I4210094553,no
"Newcastle University, Universidad Espíritu Santo, Samborondón, Ecuador",1,Universidad Espíritu Santo,I3132284232,no
"Newcastle University, University of Iowa",1,University of Newcastle Australia | University of Iowa,I78757542 I126307644,no
"Newcastle University, Weatherall Institute of Molecular Medicine, John Radcliffe Hospital, Oxford, UK",1,John Radcliffe Hospital,I2802742124,no
"Newcastle University; Newcastle, NSW Australia; University of NSW; Sydney, NSW Australia",1,University of Newcastle Australia,I78757542,no
"Newcastle Upon Tyne , NE1 7RU , UK",1,,,no
"Newcastle Upon Tyne , NE3 lYS , U.K",1,,,no
"Newcastle Upon Tyne , UK;",1,,,no
"Newcastle Upon Tyne NE1 7RU, UK",1,,,no
"Newcastle Upon Tyne NE1 7RU, UK 1 , ,",1,,,no
"Newcastle Upon Tyne NE2 4HH, UK 2 , ,",1,,,no
"Newcastle Upon Tyne, England, United Kingdom",1,,,no
"Newcastle Upon Tyne, England/UK",1,,,no
"Newcastle Upon Tyne, NE1 7RU, UK",1,,,no
"Newcastle Upon Tyne, NE1 8ST, U.K",1,,,no
"Newcastle Upon Tyne, NE2 4HH, UK 5 , ,",1,,,no
"Newcastle Upon Tyne, Neurology and Institute of Genetic Medicine, Newcastle, United Kingdom",1,,,no
"Newcastle iupon Tyne NEI 7RU , U.K",1,,,no
Newcastle of University,1,,,no
"Newcastle on Tyne, NE1 7RU, UK",1,,,no
"Newcastle upon Tyne , NE1 7RU ,",1,,,no
"Newcastle upon Tyne , NEI 7RU , England;",1,,,no
"Newcastle upon Tyne , NEI 7RU , UK",1,,,no
"Newcastle upon Tyne , UK, 2019",1,,,no
"Newcastle upon Tyne , UK;",1,,,no
"Newcastle upon Tyne , United Kingdom ;",1,,,no
"Newcastle upon Tyne , United Kingdom;",1,,,no
"Newcastle upon Tyne NE1 7RU, UK , ,",1,,,no
"Newcastle upon Tyne NE1 7RU, UK 1",1,,,no
"Newcastle upon Tyne NE1 7RU, UK 2 ,",1,,,no
"Newcastle upon Tyne NE1 7RU, UK 2 , ,",1,,,no
"Newcastle upon Tyne NE1 7RU, UK 4 , ,",1,,,no
"Newcastle upon Tyne NE1 7RU, UK 8 , ,",1,,,no
"Newcastle upon Tyne NE1 8ST, UK 2",1,,,no
"Newcastle upon Tyne NE2 4DR, UK 1 , ,",1,,,no
Newcastle upon Tyne NE2 4RQ,1,,,no
Newcastle upon Tyne NEI 7RU ),1,,,no
"Newcastle upon Tyne NEI 7RU , U.K",1,,,no
"Newcastle upon Tyne Polytechnic, Ellison Place, Newcastle upon Tyne, NE1 8ST, UK",1,,,no
"Newcastle upon Tyne, England Manchester, England",1,,,no
"Newcastle upon Tyne, G.B",1,,,no
"Newcastle upon Tyne, NE1 8ST, UK 2 , ,",1,,,no
"Newcastle upon Tyne, NE2 4HH, UK 1 , ,",1,,,no
"Newcastle upon Tyne, NE4 6BE, U.K",1,,,no
"Newcastle upon Tyne, U. K",1,,,no
"Newcastle upon Tyne, UK 1 , ,",1,,,no
"Newcastle upon Tyne. London, Oxford University Press, 1960",1,Oxford University Press (United Kingdom),I2802626578,no
"Newcastle, London, UK",1,,,no
"Newcastle, Tyne",1,,,no
Newcastle-uipon-Tyne,1,,,no
"Newcastle-upon- Tyne , UK",1,,,no
"Newcastle-upon- Tyne and Department of Psychology, Edinburgh University, UK",1,University of Edinburgh,I98677209,no
"Newcastle-upon-Tyne , U.K",1,,,no
"Newcastle-upon-Tyne , UK , NE1 8ST",1,,,no
"Newcastle-upon-Tyne Polytechnic, Department of Chemical and Life Sciences, Newcastle-upon-Tyne NE1 8ST, U.K",1,,,no
"Newcastle-upon-Tyne, England Manchester, England",1,,,no
"NewcastleUniversity College, New South Wales",1,University of Newcastle Australia,I78757542,no
"Newcastly University, Newcastle on Tyne, UK",1,,,no
"Newsasle University, Newcastle upon Tyne, United Kingdom",1,,,no
"Nonlinear Dynamics, Cuthbert House, All Saints, Newcastle-upon-Tyne,, Newcastle, NE1 2ET, UK",1,,,no
"Northern Centre for Bone Marrow Transplantation, Newcastle upon Tyne, United Kingdom. callum.wright@newcastle.ac.uk",1,,,no
"Northern Centre for Cancer Care, Newcastle upon Tyne, NE7 7DN, UK",1,,,no
"Northern Centre for Cancer Treatment, Newcastle Upon Tyne, United Kingdom NE4 6BE",1,,,no
"Northern Centre for Cancer Treatment, Newcastle upon Tyne, England",1,,,no
"Northern Centre for Cancer Treatment, Newcastle upon Tyne, U.K",1,,,no
"Northern Coke Research Committee, King's College, Newcastle, University of Durham",1,Durham University,I190082696,no
"Northern Genetics Service, Newcastle University Hospital NHS Trust, Newcastle, UK",1,,,no
"Northern Institute For Cancer Research, Newcastle upon Tyne, United Kingdom",1,,,no
Northern Institute for Cancer Research  Newcastle upon Tyne UK,1,,,no
"Northern Institute for Cancer Research , Newcastle upon Tyne , UK;",1,,,no
"Northern Institute for Cancer Research , Newcastle upon Tyne ;",1,,,no
"Northern Institute for Cancer Research , Paul O'Gorman Building , Framlington Place , Newcastle upon Tyne , Tyne and Wear , NE2 4HH , UK",1,,,no
"Northern Institute for Cancer Research , Paul O'Gorman Building , Framlington Place , Newcastle upon Tyne , Tyne and Wear , UK , NE2 4HH ",1,,,no
"Northern Institute for Cancer Research , Paul O'Gorman building , Framlington Place , Newcastle upon Tyne , Tyne and Wear NE2 4HH , UK",1,,,no
"Northern Institute for Cancer Research 2 , Paul O'Gorman Building, Framlington Place , , Newcastle upon Tyne, NE2 4HH , UK",1,,,no
Northern Institute for Cancer Research Newcastle upon Tyne United Kingdom,1,,,no
Northern Institute of Cancer Research Newcastle upon Tyne UK,1,,,no
"Northern Medical Services, Sandyford, Newcastleupon Tyne, NE2 1DJ, UK",1,,,no
"Northern School of Anaesthesia, Newcastle Upon Tyne, UK; and",1,,,no
"Northern School of Radiology, Newcastle Upon Tyne, UK",1,,,no
"Northumbria University at Newcastle, UK, Pandon Building, 208, City Campus East-1, Newcastle-Upon-Tyne, Newcastle NE1 8ST, United Kingdom",1,Northumbria University,I32394136,no
"Norwegian Institute for Water Research, Oslo, Norway 49 Leibniz Institute for Baltic Sea Research Warnemünde, 18119 Rostock-Warnemünde, Germany 50 Marine microbiology, University of Bergen, Bergen, Norway 51 Yale School of the Environment, Yale University, New Haven, Connecticut, United States 52 Institute for Marine and Antarctic Studies, University of Tasmania, Private Bag 49, Hobart, TAS, 7001, Australia 53 Biophysics Institute, CNR, Pisa, Italy 54 State Key Laboratory of Marine Environmental Science (MEL) & College of Ocean and Earth Sciences, Xiamen University, China 55 Departamento de Ecología y Biología Animal, Universidade de Vigo, Centro de Investigacion Mariña da Universidade de Vigo (CIM-UVigo), Vigo, Spain 56 School of Natural and Environmental Science, Newcastle University, Newcastle upon Tyne, United Kingdom 57 Mutsu Institute for Oceanography, Research Institute for Global Change, Japan Agency for Marine-Earth Science and Technology, 690 Kitasekine, Sekine, Mutsu, Aomori, Japan",1,University of Bergen | Universidade de Vigo | Yale University | University of Newcastle Australia | University of Tasmania | Xiamen University | Japan Agency for Marine-Earth Science and Technology | Leibniz Institute for Baltic Sea Research Warnemünde | Norwegian Institute for Water Research,I4432739 I6289922 I32971472 I78757542 I129801699 I191208505 I1315852903 I2800614204 I2802939387,no
"NuSpace University of Newcastle, , ,",1,University of Newcastle Australia,I78757542,no
"OLM Diagnostics, Newcastle upon Tyne, NE4 5TF, United Kingdom",1,,,no
"OLM Diagnostics, Newcastle upon Tyne, NE4 5TF, United Kingdom (Johnson)",1,,,no
"On Medical Ltd., Newcastle upon Tyne, England, UK",1,,,no
"Operative Dentistry, Dent School, Newcastle Upon Tyne, England",1,,,no
"Ophthalmology department, newcastle univeristy, newcastle, United Kingdom",1,,,no
"Paediatric Oncology, Medical School, Newcastle, NE2 4HH, UK",1,,,no
"Park Medical Group, Newcastle upon Tyne",1,,,no
"Paul O’Gorman Building, Framlington Place, Newcastle Upon Tyne, NE2 4HH, UK",1,,,no
"Perinatal and Women's Mental Health Unit, St John of God Health Care, 23 Grantham St, Burwood, NSW 2134, Australia; University of New South Wales, Sydney 2052, NSW Australia; Research Centre for Generational Health and Ageing & School of Nursing and Midwifery, University of Newcastle, University Dr, Callaghan, NSW 2308, Newcastle, Australia",1,UNSW Sydney | University of Newcastle Australia | St John of God Health Care,I31746571 I78757542 I4405268762,no
"Ph.D. Candidate, State Key Laboratory of Geohazard Prevention and Geoenvironment Protection, Chengdu Univ. of Technology, Chengdu 610059, China; ARC Centre of Excellence for Geotechnical Science and Engineering, Faculty of Engineering and Built Environment, Univ. of Newcastle, University Dr., Callaghan, NSW 2308, Australia",1,Chengdu University of Technology | University of Newcastle Australia | State Key Laboratory of Geohazard Prevention and Geoenvironment Protection,I31595395 I78757542 I4387155973,no
"PhD, Faculty of Health, University of Newcastle; C",1,University of Newcastle Australia,I78757542,no
"Pharmacy, College of Medicine and Dentistry, James Cook University, Qld 4811, Australia; Pharmacy, School of Biomedical Sciences and Pharmacy, Newcastle University, Callaghan, NSW 2308, Australia",1,University of Newcastle Australia | James Cook University,I78757542 I86467917,no
"Physics Department, Newcastle University College; work carried out at Mount Stromlo Observatory, Australian National University, during secondment from Royal Military College, Duntroon",1,University of Newcastle Australia | Australian National University | Mount Stromlo Observatory,I78757542 I118347636 I3129270235,no
"Physics Department, Newcastle University, N.S.W. 2308 Australia",1,University of Newcastle Australia,I78757542,no
"Population Health Division, Newcastle University, NSW",1,University of Newcastle Australia,I78757542,no
Population Health Sciences Institute  Newcastle United Kingdom,1,,,no
"Population Health Sciences Institute , , Baddiley-Clark Building, Richardson Road, Newcastle upon Tyne, Tyne and Wear NE2 4AX, UK",1,,,no
"Population Health Sciences Institute , , Newcastle upon Tyne, NE2 4AX, UK",1,,,no
Population Health Sciences Institute Newcastle upon Tyne UK,1,,,no
Population Health Sciences Institute Newcastle‐upon‐Tyne UK,1,,,no
"Population Health Sciences Institute, Baddiley-Clark Bldg., Newcastle Upon Tyne NE2 4AX, UK",1,,,no
"Population Health Sciences Institute, Newcastle upon Tyne, UK and NIHR Applied Research Collaboration North East and North Cumbria, Newcastle upon Tyne, UK",1,,,no
"Population Health Sciences Institute, Newcastle, NE2 4AX, UK. michael.grayling@newcastle.ac.uk",1,,,no
"Porter Building, University of New-castle, Newcastle-upon-Tyne NE1 7RU, UK",1,,,no
"Postgraduate Institute for Medicine and Dentistry, Newcastle‐upon‐Tyne, UK",1,,,no
"Present address: Faculty of Medicine. Universily of Newcastle, Newcastle, NSW. 2308",1,University of Newcastle Australia,I78757542,no
Princess Alexandra Hospital; University of Newcastle; University of Queensland,1,University of Newcastle Australia | The University of Queensland | Princess Alexandra Hospital | Princess Alexandra Hospital,I78757542 I165143802 I2801814493 I4210146181,no
"Priority Research Centre GrowUpWell, Hunter Medical Research Institute, Newcastle, University of Newcastle; Paediatric Respiratory & Sleep Medicine Department, John Hunter Hospital, Newcastle, Australia",1,University of Newcastle Australia | John Hunter Hospital | Hunter Medical Research Institute,I78757542 I2800479947 I4210087646,no
"Priority Research Centre in Physical Activity and Nutrition, Faculty of Education and Arts; School of Education, University of Newcastle, University Drv; Callaghan NSW Australia",1,University of Newcastle Australia,I78757542,no
"Professor in the School of Education, University of Newcastle",1,University of Newcastle Australia,I78757542,no
"Professor of Economics , University of Newcastle , N.S.W",1,University of Newcastle Australia,I78757542,no
"Professor of Economics, University of Newcastle, N.S.W",1,University of Newcastle Australia,I78757542,no
Professor of Education at the University of Newcastle,1,University of Newcastle Australia,I78757542,no
"Professor of Law , University of Newcastle , N.S.W",1,University of Newcastle Australia,I78757542,no
"Professor of Law, University of Newcastle, N.S.W",1,University of Newcastle Australia,I78757542,no
"Professor of Surgery, University of Durham, Newcastle-upon-Tyne",1,Durham University,I190082696,no
"PulmoBioMed Ltd., Newcastle Upon Tyne, U.K",1,National Energy Action,I4210119300,no
"Putnam, HEOR Evidence Generation, The Core, Bath Lane, Newcastle Helix, Newcastle upon Tyne, NE4 5TF, United Kingdom",1,,,no
QFBA Northumbria Newcastle University  Doha Qatar,1,,,no
"Queensland University of Technology (QUT), Centre for Accident Research and Road Safety - Queensland (CARRS-Q), Institute of Health and Biomedical Innovation (IHBI), 130 Victoria Park Road, Kelvin Grove, Queensland, 4059 Australia; University of Newcastle, University Drive, Callaghan, New South Wales, 2308, Australia. Electronic address: cass.gauld@newcastle.edu.au",1,University of Newcastle Australia | Queensland University of Technology,I78757542 I160993911,no
"RVI , University of Newcastle , UK MICB4131",1,Royal Victoria Infirmary,I2800516725,no
"RVI, Newcastle upon tyne, UK",1,Royal Victoria Infirmary,I2800516725,no
"RVI, University of Newcastle, UK MICB4131",1,Royal Victoria Infirmary,I2800516725,no
"Rayan is a medical student at Newcastle, UK. Email: r.alfuhaid2@newcastle.ac.uk@rtalfuhaid",1,,,no
"Regional Neurological Centre, Newcastle General Hospital, Newcastle upon Tyne NE4 6BE, England",1,Newcastle upon Tyne Hospital,I4210124950,no
"Regional Neurological Centre, Newcastle General Hospital, Newcastle-upon-TyneNE4 6BE, England",1,,,no
"Research Associate,at the University of Newcastle",1,,,no
"Research School of Psychology, The Australian National University, Barry Drive, Canberra, ACT 0200, Australia; Centre for Rural and Remote Mental Health, University of Newcastle, University Drive, Orange, NSW 2308, Australia",1,University of Newcastle Australia | Australian National University | Centre for Rural and Remote Mental Health,I78757542 I118347636 I4210154853,no
"Research Unit in Psychiatry, 1-4 Claremont Terrace, Newcastle upon Tyne, NE1 7RU, United Kingdom",1,,,no
"Research and Innovation Division, The University of Newcastle",1,University of Newcastle Australia,I78757542,no
"Respiratory Medicine, Newcastle University Hospitals NHS Trust, Newcastle-upon-Tyne,",1,,,no
"Restorative Dentistry, School of Dentistry, Framlington Place, Newcastle upon Tyne, UK",1,,,no
"Richard Goodall:  is a final year PhD student at UCL, researching the organisational structures and management practices of UK charity shop chains. He worked for his undergraduate Geography degree at the University of Liverpool, and his MA in International Political Economy at the University of Newcastle-upon-Tyne. Supervised by Dr Phil Crang, Richard is currently editor's assistant of the journal Ecumene",1,University College London | University of Liverpool,I45129253 I146655781,no
"Robert Vanderplank is a lecturer in the Department of Languages, Heriot-Watt University, Edinburgh, Scotland, where he is responsible for the Exchange Student English Programme. He obtained his PhD from the University of Edinburgh and was a British Council officer in Morocco. He has also taught at Helsinki University, Finland, and the University of Newcastle-upon-Tyne, England",1,Heriot-Watt University,I32062511,no
"Royal Victoria Infirmary, Newcastle University Hospitals NHS Trust, Newcastle upon Tyne, UK",1,Royal Victoria Infirmary,I2800516725,no
"S. Ponnekanti obtained his master's degree in electronics and communication engineering from Anna University, Madras, India. He has worked as a Senior Scientific Officer in the same university on a Airborne Radar Simulations Project. Currently he is pursuing his doctorial studies at Newcastle University, UK. His research interests include: antennas, radar signal processing and mobile communications",1,"Anna University, Chennai",I33585257,no
SCHOOL OF ENGINEERING UNIVERSITY OF NEWCASTLE NEWCASTLE GBR,1,,,no
SEM/X-Ray Unit University of Newcastle NSW 2308,1,University of Newcastle Australia,I78757542,no
"Scarlet Brockmoeller FRCPath CHCCT Consultant Histopathologist, Department of Histopathology, Queen Elizabeth Hospital, Gatehead, Precision and Molecular Pathology, NIHR BRC, Newcastle University and Pathology & Data Analytics, Leeds Institute of Medical Research at St. James's, School of Medicine, University of Leeds, UK. Conflicts of interest: none declared Selina Bhattaria FRCPath Consultant Histopathologist, Department of Histopathology, St James's University Hospital, Leeds, UK. Conflicts of interest: none declared Rachel Thomas FRCPath Consultant Histopathologist, Department of Histopathology, Mid Yorkshire Hospital Trust, Dewsbury, UK. Conflicts of interest: none declared William Merchant FRCPath DipRCPath (Dermatopathology) Consultant Histopathologist, Department of Histopathology, St James's University Hospital, Leeds, UK. Conflicts of interest: none declared",1,University of Newcastle Australia | University of Leeds | St James's University Hospital | Queen Elizabeth Hospital,I78757542 I130828816 I2801331674 I4210108554,no
"Sch. of Design, Commun. & IT, Newcastle Univ., NSW",1,University of Newcastle Australia,I78757542,no
"Sch. of Design, Commun. & IT, Newcastle Univ., Newcastle, NSW",1,University of Newcastle Australia,I78757542,no
"Sch. of Design, Commun. & Inf. Technol., Newcastle Univ., Callaghan, NSW",1,University of Newcastle Australia,I78757542,no
"Sch. of EE&CS, Newcastle Univ., NSW, Australia",1,University of Newcastle Australia,I78757542,no
"Sch. of Electr. Eng. & Comput. Sci., Newcastle Univ., Callaghan, Australia",1,University of Newcastle Australia,I78757542,no
"Sch. of Electr. Eng. & Comput. Sci., Newcastle Univ., Callghan, NSW, Australia",1,University of Newcastle Australia,I78757542,no
"Sch. of Electr., Electron. & Comput. Eng., Newcastle Univ., NSW, Australia",1,University of Newcastle Australia,I78757542,no
"Sch. of Math. & Phys. Sci., Newcastle Univ., Callaghan, NSW",1,University of Newcastle Australia,I78757542,no
"School of Agriculture, Food and Rural Development, Newcastle University Singapore Campus 180 Ang Mo Kio Avenue 8, 869830, Singapore",1,Newcastle University Singapore,I4210094553,no
"School of Agriculture, Food and Rural Development, University of Newcastle, NE1 7RU",1,,,no
"School of Agriculture,Food and Rural Development,Newcastle University (Singapore Campus",1,,,no
"School of Applied Consumer Sciences, Newcastle-upon-Tyne Polytechnic, Newcastle-upon-Tyne NE1 8ST, U.K",1,,,no
"School of Arts and Humanities , Division of Literature and Languages , Spanish and Latin American Studies ( University of Stirling) and Latin American Studies (Newcastle University) ",1,University of Stirling,I12093191,no
"School of Behavioural Science, Newcastle Polytechnic, Newcastle upon Tyne NE1 8ST, UK",1,,,no
"School of Behavioural Science, Newcastle upon Tyne Polytechnic, Newcastle upon Tyne NE1 8ST, UK",1,,,no
"School of Behavioural Science, Newcastle upon Tyne Polytechnic, Newcastle upon Tyne NE1 8ST,U.K",1,,,no
"School of Behavioural Science, Newcastle upon Tyne Polytechnic, Newcastle upon Tyne, NE1 8ST, UK",1,,,no
"School of Behavioural Science, University of Newcastle, University Drive, Callaghan, NSW 2308, Australia",1,University of Newcastle Australia,I78757542,no
"School of Biomedical Science and Pharmacy, University of Newcastle; simon.keely@newcastle.edu.au",1,University of Newcastle Australia,I78757542,no
"School of Biomedical Sciences & Pharmacy, Faculty of Health and Medicine, University of Newcastle, University Drive, Callaghan, NSW 2308, Australia",1,University of Newcastle Australia,I78757542,no
"School of Biomedical Sciences and Pharmacy, The University of Newcastle, Newcastle xu.zhang@newcastle.edu.au",1,University of Newcastle Australia,I78757542,no
"School of Biomedical Sciences and Pharmacy, University of Newcastle, Newcastle, AUS",1,University of Newcastle Australia,I78757542,no
"School of Biomedical Sciences and Pharmacy, University of Newcastle; brett.graham@newcastle.edu.au",1,University of Newcastle Australia,I78757542,no
"School of Biomedical Sciences. School of Medical Practice and Population Health, Faculty of Health, University of Newcastle, Newcastle, Australia 2308",1,University of Newcastle Australia,I78757542,no
"School of Business, University of Newcastle , ,",1,University of Newcastle Australia,I78757542,no
"School of Chemical Engineering and Advanced Materials Newcastle University  537 Clementi Road, #06‐01 599493 Singapore Singapore",1,Newcastle University Singapore,I4210094553,no
"School of Chemical Engineering and Advanced Materials, Newcastle University, 535 Clementi Road, Blk 35 #02-01, Singapore 599489, Singapore",1,Newcastle University Singapore,I4210094553,no
"School of Chemical Engineering and Advanced Materials, Newcastle University, 535 Clementi Road, Blk 35 #02-01, Singapore, 599489, Singapore, sagheer.onaizi@ncl.ac.uk",1,Newcastle University Singapore,I4210094553,no
"School of Chemical Engineering and Advanced Materials, Newcastle University, 537 Clementi Road, #06-01, 599493 Singapore, Singapore",1,Newcastle University Singapore,I4210094553,no
"School of Chemical Engineering and Advanced Materials, Newcastle University, Apartado Postal 70-197, 04510 Coyoacán, DF, Mexico",1,,,no
"School of Chemical Engineering and Advanced Materials, Newcastle University, Blk 35, #02-01, 535 Clementi Road, Singapore 599489, Singapore",1,Newcastle University Singapore,I4210094553,no
"School of Chemical and Life Sciences, Newcastle upon Tyne Polyclinic, Newcastle upon Tyne, NE1 8ST, U.K",1,,,no
"School of Chemical and Life Sciences, Newcastle upon Tyne Polytechnic Newcastle upon Tyne NEI 8ST, U.K",1,,,no
"School of Chemical and Life Sciences, Newcastle upon Tyne Polytechnic, Ellison Building, Newcastle upon Tyne NE1 8ST, U.K",1,,,no
"School of Chemical and Life Sciences, Newcastle upon Tyne Polytechnic, Newcastle upon Tyne NE1 8ST. U. K",1,,,no
"School of Chemical and Life Sciences, Newcastle upon Tyne Polytechnic,Newcastle upon Tyne, NE1 8ST, U.K",1,,,no
"School of Chemical and Life Sciences, Newcastle upont Tyne Polytechnic, Newcastle upon Tyne, NE1 8ST, U.K",1,,,no
"School of Chemistry and Life Sciences, Newcastle-upon-Tyne Polytechnic, Newcastle-upon-Tyne NE1 8ST, U.K",1,,,no
"School of Chemistry, New-castle University, Newcastle-upon-Tyne, United Kingdom",1,,,no
"School of Chemistry, University of Edinburgh, West Mains Road, Edinburgh, EH9 3 JJ, U.K., and Department of Biosciences, University of Newcastle, Newcastle, NE2 4HH, U.K",1,University of Edinburgh,I98677209,no
"School of Chemistry, University of Newcastle-on-Type, NE1 7RU, UK",1,,,no
"School of Clinical Medical Sciences, Medical School, Framlington Place, Newcastle NE2 4HH",1,,,no
"School of Computing NewCastle University, United Kingdom",1,,,no
"School of Computing Science, University of Newcastle upon Type, Newcastle upon Type, UK",1,,,no
"School of ECLS-Education, Communication and Language Sciences, NewCastle University, King George VI Building, Queen Victoria Road, Newcastle upon Tyne, NE1 7RU, UK. maria.garraffa@ncl.ac.uk",1,,,no
"School of Economics and School of Management, Tianjin Normal University, West Bin Shui Avenue, Tianjin 300074, China; TOP Education Institute, 1 Central Avenue, Australian Technology Park, Eveleigh NSW 2015 Sydney Australia; Newcastle Business School, University of Newcastle, University Drive, Newcastle, NSW, Australia. Electronic address: stephen.nicholas@newcastle.edu.au",1,Tianjin Normal University | University of Newcastle Australia,I15062923 I78757542,no
"School of Economics, Newcastle upon Tyne Polytechnic, Newcastle upon Tyne NE1 8ST, U.K",1,,,no
"School of Economics, Politics and Tourism , Newcastle University, University Drive , Newcastle, 2308, NSW, Australia",1,University of Newcastle Australia,I78757542,no
"School of Education Communication and Language Sciences, University of Newcastle  upon-Type UK",1,,,no
School of EducationUniversity of Newcastle NewcastleAustralia,1,University of Newcastle Australia,I78757542,no
"School of Electrical Engineering and Computer Science, University of Newcastle, Newcastle upon Tyne, NSW, Australia",1,University of Newcastle Australia,I78757542,no
"School of Electrical Engineering and Computer Science, University of Newcastle, University Drive, Callaghan 23-8, Australia#TAB#",1,University of Newcastle Australia,I78757542,no
"School of Electrical and Electronic Engineering, New Castle University,Newcastle,United Kingdom",1,,,no
"School of Electrical and Electronic Engineering, NewCastle University, United Kingdom",1,,,no
"School of Electrical and Electronic Engineering, Newcastle University International, SIT@NYP, 172A Ang Mo Kio Avenue 8 #05-01, Singapore 567739, Singapore",1,,,no
"School of Electrical and Electronic Engineering, Newcastle University International, Singapore 567739, Singapore",1,Newcastle University Singapore,I4210094553,no
"School of Electrical and Electronic Engineering, Newcastle University, Singapore#TAB#",1,Newcastle University Singapore,I4210094553,no
"School of Engineering , ewcastle University , Cassie Building , NE1 7RU Newcastle upon Tyne ( UK)",1,,,no
"School of Engineering, Merz Court University, Newcastle upon Tyne, NE1 7RU, UK",1,,,no
"School of Engineering, Neewcastle University, Merz Court, Newcastle upon Tyne NE17RU, United Kingdom",1,,,no
"School of Engineering, New Castle University,Newcastle,United Kingdom",1,,,no
"School of Engineering, Newcaste University, Newcastle upon Tyne, U.K",1,,,no
"School of Engineering, Newcstle University, Newcastle upon Tyne, UK",1,,,no
"School of Engineering, Newcstle University, Newcstle-upon-Tyne, NE1 7RU, UK",1,,,no
"School of Engineering, Science and Environment, Newcastle University or 14 Coppin Place, Weetangera, ACT 2614, Australia",1,University of Newcastle Australia,I78757542,no
"School of Engineering, University of Newcastle, University Drive, Newcastle, Callaghan NSW 2308, Australia",1,University of Newcastle Australia,I78757542,no
"School of Environmental and Life Science, University of Newcastle; Mark.Baker@newcastle.edu.au",1,University of Newcastle Australia,I78757542,no
School of Environmental and Life Science; Newcastle University; Newcastle New South Wales Australia,1,University of Newcastle Australia,I78757542,no
"School of Environmental and Life Sciences, Ourimbah Campus, Newcastle University, Brush Road, Ourimbah, NSW 2258, Australia",1,University of Newcastle Australia,I78757542,no
"School of Environmental and Life Sciences, University of Newcastle, University Drive, Callaghan New South Wales, 2308, Australia E-mail: hugh.dunstan@newcastle.edu.au",1,University of Newcastle Australia,I78757542,no
"School of Environmental and Life Sciences, University of Newcastle, University Drive, Callaghan, NSW 2308, Australia E-mail: Elise.Asquith@uon.edu.au",1,University of Newcastle Australia,I78757542,no
"School of Environmental and Life Sciences, University of Newcastle, University drive, Callaghan NSW 2308, Australia (E-mail:craig.evans@studentmail.newcastle.edu.au)",1,University of Newcastle Australia,I78757542,no
School of Environmental and Life Sciences; Newcastle University; Newcastle NSW 2308 Australia,1,University of Newcastle Australia,I78757542,no
"School of Geographical and Earth Sciences, University of Glasgow, Newcastle Upon Tyne, NE1 7RU, UK",1,University of Glasgow,I7882870,no
"School of Geography and Environmental Sciences, Newcastle-upon-Tyne Polytechnic, Newcastle-upon-Tyne, NE1 8ST, England",1,,,no
"School of Geography and Environmental Studies, Newcastle upon Tyne Polytechnic, Newcastle upon Tyne, NE18ST",1,,,no
"School of Health Sciences, University of Newcastle; University of Newcastle Priority Research Centre for Stroke and Brain Injury, Hunter Medical Research Institute, Newcastle; International Centre for Allied Health Evidence, Sansom Institute of Health Research, University of South Australia, Adelaide",1,University of Newcastle Australia | University of South Australia | Hunter Medical Research Institute,I78757542 I170239107 I4210087646,no
"School of Health, University of the Sunshine Coast, Sippy Downs, QLD 4556, Australia; School of Psychology, University of Newcastle, University Drive  Callaghan NSW 2308 Australia",1,University of Newcastle Australia | University of the Sunshine Coast,I78757542 I174025329,no
"School of Health, University of the Sunshine Coast, Sippy Downs, QLD 4556, Australia; School of Psychology, University of Newcastle, University Drive Callaghan NSW 2308 Australia",1,University of Newcastle Australia | University of the Sunshine Coast,I78757542 I174025329,no
"School of Humanities, University of Newcastle, N.S.W",1,University of Newcastle Australia,I78757542,no
"School of Law, The University of Newcastle, New South Wales. anne.rees@newcastle.edu.au",1,University of Newcastle Australia,I78757542,no
"School of Materials Engineering, Faculty of Technology, Newcastle-upon-Tyne Polytechnic, Newcastle-upon-Tyne, U.K",1,,,no
"School of Materials Engineering, Newcastle upon Tyne Polytechnic, Camden Street, Shieldfield, Newcastle upon Tyne NE2 1XE U.K",1,,,no
"School of Mathematical & Physical Sciences, Mathematics Building - V127, University of Newcastle, University Drive, Callaghan, Australia 2308#TAB#",1,University of Newcastle Australia,I78757542,no
"School of Mathematics and Statistics, University of Newcastle, NE1 7RU",1,,,no
"School of Mathematics, University of Nrwcastle upon Tyne, UK",1,,,no
"School of Mechanical and Systems Engineering, University of Newcastle upon Tyre, NE1 7RU, UK. t.j.joyce@ncl.ac.uk",1,,,no
"School of Medical Practice and Population Health , University of Newcastle , Newcastle , New South Wales",1,University of Newcastle Australia,I78757542,no
"School of Medical Practice and Population Health, Faculty of Health, University of Newcastle, Newcastle, Australia",1,University of Newcastle Australia,I78757542,no
"School of Medical Practice and Population Health, University of Newcastle, NSW",1,University of Newcastle Australia,I78757542,no
"School of Medical Practice and Population Health, University of Newcastle, Newcastle, NSW",1,University of Newcastle Australia,I78757542,no
"School of Medical Practice and Population Health, and School of Biomedical Sciences, University of Newcastle, Newcastle, NSW",1,University of Newcastle Australia,I78757542,no
School of Medicine and Population Health University of Sheffield  Newcastle upon Tyne UK,1,University of Sheffield,I91136226,no
"School of Medicine and Population Health, University of Newcastle, Newcastle, NSW",1,University of Newcastle Australia,I78757542,no
"School of Medicine and Population Health, University of Newcastle, University Dr, Callaghan, Australia",1,University of Newcastle Australia,I78757542,no
School of Medicine and Public Health The Newcastle University  Wamberal NSW Australia,1,University of Newcastle Australia,I78757542,no
"School of Medicine and Public Health, The University of Newcastle, Newcastle, AUS",1,University of Newcastle Australia,I78757542,no
"School of Medicine and Public Health, University of Newcastle, AU",1,University of Newcastle Australia,I78757542,no
"School of Medicine and Public Health, University of Newcastle, University Drive Callaghan, NSWAustralia",1,University of Newcastle Australia,I78757542,no
"School of Medicine, Keele University, Newcastle upon Tyne, United Kingdom",1,Keele University,I56007636,no
"School of Medicine, Sheffield University, Newcastle-upon-Tyne, UK",1,University of Sheffield,I91136226,no
"School of Medicine, St. George's University School Of Medicine, Newcastle Upon Tyne, GBR",1,,,no
"School of Medicine, St. George's University School of Medicine, Newcastle upon Tyne, GRD",1,,,no
"School of Medicine, St. George's University, Newcastle upon Tyne, GBR",1,,,no
"School of Natural and Environmental Sciences, Devonshire Building, New-castle University, Newcastle-upon-Tyne NE1 7RU",1,,,no
"School of Natural and Environmental Sciences, University of Newcastle, Ireland",1,,,no
"School of Nursing & Midwifery – Port Macquarie Campus, University of Newcastle, University Drive, Callaghan, NSW 2308, Australia",1,University of Newcastle Australia,I78757542,no
School of Nursing and Midwifery Newcastle University  Port Macquarie NSW Australia,1,University of Newcastle Australia,I78757542,no
School of Nursing and Midwifery Newcastle University Port Macquarie NSW Australia,1,University of Newcastle Australia,I78757542,no
"School of Physics, Newcastle University College, University of New South Wales,",1,UNSW Sydney,I31746571,no
"School of Physics, University of New Castle upon Tyne, Newcastle upon Tyne, NE1 7RU, UK",1,,,no
"School of Population Health Sciences, University of Newcastle, New South Wales. JillC@wallsend.newcastle.edu.au",1,University of Newcastle Australia,I78757542,no
School of Psychology Keele University  Newcastle upon Tyne UK,1,Keele University,I56007636,no
"School of Psychology, University of Newcastle, Newcastle, NSW, United Kingdom",1,University of Newcastle Australia,I78757542,no
"School of Public Health, Griffith University, Gold Coast, Queensland, Australia and the School of Health Sciences, Newcastle University, Callaghan, New South Wales, Australia",1,Griffith University | University of Newcastle Australia,I11701301 I78757542,no
"School of chemical and Life Sciences, Newcastle upon Tyne Polytechnic, Newcastle upon Tyne NEI 8ST, U.K",1,,,no
"School of, Mathematics, Statistics and Computing , Newcastle Polytechnic, Newcastle upon Tyne 1, U.K",1,,,no
"School of, Mathematics, Statistics and Computing, Newcastle Polytechnic, Newcastle upon Tyne 1, U.K",1,,,no
"Science Central , Newcastle upon Tyne , NE4 5TG , UK",1,,,no
"Science Central , Newcastle upon Tyne , NE4 5TG , United Kingdom",1,,,no
"Science Section, Newcastle College, Newcastle upon Tyne NE4 7SA, U.K",1,Newcastle College,I2800844553,no
"Science Square, Newcastle upon Tyne, NE4 5TG, United Kingdom",1,,,no
"Science Square, Science Central, Newcastle upon Tyne NE4 5TG, UK",1,,,no
"Scientific Writer, Newcastle upon Tyne, UK",1,,,no
Senior Lecturer Newcastle University No. 1 Jalan Sarjana 1 Kota Ilmu EduCity@Iskandar 79200 Nusajaya  Johor Malaysia,1,,,no
"Senior Lecturer at Newcastle University London, 102 Middlesex Street, London E1 7EZ, UK",1,,,no
"Senior Research Officer School of Medical Practice and Population Health , University of Newcastle , Newcastle , NSW",1,University of Newcastle Australia,I78757542,no
"Senior Research Officer School of Medical Practice and Population Health, University of Newcastle, Newcastle, NSW",1,University of Newcastle Australia,I78757542,no
"Senior Staff Specialist and Director of Hunter New England Local Area Health District, The Mater Hospital, NSW, and; Conjoint Senior Lecturer, School of Medicine and Public Health, Faculty of Health, University of Newcastle, University Drive, Callaghan, NSW, Australia",1,University of Newcastle Australia | Hunter New England Local Health District,I78757542 I4210154888,no
Seoul National University College of Medicine Jangyeob Lim Seoul National University College of Medicine Asfandyar Khan Newcastle University,1,Seoul National University,I139264467,no
"Service de réanimation polyvalente, CHU de La-Réunion, site Félix-Guyon, allée des Topazes, CS11021, 97400 Saint-Denis, Reunion; School of medical education, Newcastle University",1,Centre Hospitalier Universitaire de La Réunion,I4210087880,no
"Sinead McKenna Favier BMus (Hons) MSc MBBS Histopathology Trainee, Department of Histopathology, Queen Elizabeth Hospital, Gateshead, UK. Conflicts of interest: none declared Matthew Theodosiou FRCPath Consultant Histopathology, Department of Histopathology, Queen Elizabeth Hospital, Gateshead, UK. Conflicts of interest: none declared Elizabeth Crawford FRCPath Consultant Histopathology, Queen Elizabeth Hospital, Gateshead, UK. Conflicts of interest: none declared Mona Jain FRCPath Consultant Histopathology, Department of Histopathology, Queen Elizabeth Hospital, Gateshead, UK. Conflicts of interest: none declared Kate Macdougall FRCPath Consultant Histopathology, Department of Histopathology, Queen Elizabeth Hospital, Gateshead, UK. Conflicts of interest: none declared Scarlet Brockmoeller MD FRCPath CHCCT MPhil Biochemistry (Cam) PGC Health Research PGC Genomic Medicine Consultant Histopathologist, Department of Histopathology, Queen Elizabeth Hospital, Gateshead; Honorary Histopathology Consultant, Newcastle upon Tyne Hospitals, NHS Foundation Trust, Newcastle; Senior Lecturer, Precision and Molecular Pathology, NIHR BRC, Newcastle University and Visting Fellow, Pathology & Data Analytics, Leeds Institute of Medical Research at St. James's, School of Medicine, University of Leeds, UK. Conflicts of interest: none declared",1,Queen Elizabeth Hospital,I4210108554,no
Social Sciences at the University of Newcastle,1,,,no
"Sowerby Centre for Health Informatics, Newcastle-Upon-Tyne",1,,,no
"Specialist Registrar in Endocrinology, 154 Hampstead Road, Newcastle upon Tyne NE4 8AB, UK",1,,,no
"Sport Science Department , Newcastle United Women FC , Newcastle Upon Tyne , United Kingdom",1,,,no
"St George's University, Newcastle upon Tyne, United Kingdom",1,,,no
"St George’s University School of Medicine, Department Of Anatomical Sciences, Newcastle upon Tyne, United Kingdom",1,,,no
"St. George’s University School of Medicine, Newcastle Upon Tyne, United Kingdom",1,,,no
"Stantec, Ltd., Newcastle upon Tyne NE1 3DY, UK",1,,,no
"Stantec, Newcastle upon Tyne NE1 3DY, UK",1,,,no
"Stephensen Library , Newcastle upon Tyne , NE6 2PA , UK",1,,,no
"Sterling Newcastle, The Biosphere, Drayman’s Way, Newcastle Helix, Corporation Street, Newcastle upon Tyne NE4 5BX, UK",1,,,no
"Stockholm University & Newcastle University, Department of Archaeology and Classical Studies, Stockholm University, Wallenberglaboratoriet, SE-106 91 Stockholm, Sweden",1,Stockholm University,I161593684,no
"Stroke Research Unit, Gateshead Hospital, Universities of Newcastle, Newcastle, UK;",1,,,no
"Stroke Unit and Department of Neurology (G.A.F.), University Hospital of Newcastle upon Tyne, Newcastle upon Tyne, UK",1,Newcastle upon Tyne Hospital,I4210124950,no
"Stuart Enoch MB PhD MRCS is a Specialist Registrar in Plastic Surgery at the University Hospitals of Manchester, UK. Conflicts of interest: none declared David John Leaper FRCSEng FRCSEd is Emeritus Professor of Surgery at Newcastle upon Tyne University, Newcastle, UK, and Visiting Professor of Surgery, Wound Healing Research Unit, Department of Surgery, Cardiff University, UK. Conflicts of interest: none declared",1,Cardiff University,I79510175,no
"Student, Newcastle University, NSW, AUS",1,University of Newcastle Australia,I78757542,no
"Surface Engineering Research Group, Newcastle upon Tyne Polytechnic, Newcastle upon Tyne, NE1 8ST U.K",1,,,no
"Surgical Services, John Hunter Hospital, Locked Bag 1, Hunter Regional Mail Centre, New Lambton Heights, NSW, Australia; University of Newcastle, University Dr, Callaghan, NSW, Australia",1,University of Newcastle Australia | John Hunter Hospital,I78757542 I2800479947,no
"Surgical Services, John Hunter Hospital, Locked Bag 1, Hunter Regional Mail Centre, New Lambton Heights, NSW, Australia; University of Newcastle, University Dr, Callaghan, NSW, Australia; Hunter Medical Research Institute, New Lambton Heights, NSW, Australia. Electronic address: christine.oneill@newcastle.edu.au",1,University of Newcastle Australia | John Hunter Hospital | Hunter Medical Research Institute,I78757542 I2800479947 I4210087646,no
"Sustainable Cities Research Institute , Newcastle upon Tyne, UK",1,,,no
"TEMPUS-CNPHH: Tor Bjerkedal, University of Oslo, Norway; Ferenc Bojan, University Medical School of Debrecen, Hungary; Francesco Bolumar, Institute of Public Health of Valencia, Spain; Jim Connelly, Univeristy of Leeds, UK; Illes Desi, University Medical School “Szentgyogyi Albert,” Hungary; Michael Donnelly, University of Wales, UK; Ivan Forgacs. Postgraduate Medical School, Hungary; Kay Little, Nuffield Institute, UK; Peter Makara. National Institute of Health Promotion, Hungary; Martin McKee, London School of Hygiene and Tropical Medicine, UK; Endre Morava, University Medical School of Pecs, Hungary: Helen Mulholland, University of Dundee, UK; Jesper Nielsen, University of Odense, Denmark; Truls Østbye, University of Western Ontario, Canada; Jean-Marie Rodrigues, University “Jean Monnet,” France; Istvan Szilard, University Medical School of Pecs, Hungary; Martin White, University of Newcastle-upon-Tyne, UK",1,University of Wales | Western University | University of Leeds | University of Debrecen | University of Dundee | University of Oslo | London School of Hygiene & Tropical Medicine,I97429440 I125749732 I130828816 I132735039 I177639307 I184942183 I4210089966,no
"TREAT-NMD, Newcastle Upon Tyne, UK",1,,,no
TREAT‐NMD  Newcastle upon Tyne UK,1,,,no
Teaching and Learning The University of Newcastle,1,University of Newcastle Australia,I78757542,no
"Tech GPT Ltd., Newcastle Upon Tyne, NE6 2SR, United Kingdom",1,,,no
"Tech GPT Ltd., Newcastle upon Tyne NE6 2SR, United Kingdom",1,,,no
"Technische Universität Berlin , Xiangyu Teng Newcastle University ,",1,Technische Universität Berlin,I4577782,no
"The Core Bath Lane, Newcastle Helix Newcastle upon Tyne UK",1,,,no
"The Department of Oral Surgery, Newcastle upon Tyne, U.K",1,,,no
"The Innovation Lab Integrated Covid Hub North East, Newcastle Upon Tyne, UK",1,,,no
The Newcastle University Hospitals NHS Foundation Trust,1,,,no
"The Northern Deanery, Newcastle Upon Tyne, UK. drmukesh@doctors.org.uk",1,,,no
"The Quayside , Newcastle upon Tyne , NE1 3DU , United Kingdom, 2014",1,,,no
"The School of DCIT, University of Newcastle, Newcastle, Asutralia",1,University of Newcastle Australia,I78757542,no
"The School of Design, Communication & I.T., The University of Newcastle. luo@newcastle.edu.au",1,University of Newcastle Australia,I78757542,no
"The University of Durham , Newcastle-Upon-Tyne, and",1,Durham University,I190082696,no
The University of Newcastle (AU),1,University of Newcastle Australia,I78757542,no
The University of Newcastle (U.O.N.),1,University of Newcastle Australia,I78757542,no
The University of Newcastle (UoN),1,University of Newcastle Australia,I78757542,no
"The University of Newcastle (UoN) , , , ,",1,University of Newcastle Australia,I78757542,no
"The University of Newcastle , N.S.W",1,University of Newcastle Australia,I78757542,no
"The University of Newcastle , N.S.W., 2308",1,University of Newcastle Australia,I78757542,no
"The University of Newcastle , Newcastle ,",1,,,no
"The University of Newcastle , and",1,University of Newcastle Australia,I78757542,no
"The University of Newcastle ,   alistair.rolls@newcastle.edu.au",1,University of Newcastle Australia,I78757542,no
"The University of Newcastle ,   brooke.collins-gearing@newcastle.edu.au",1,University of Newcastle Australia,I78757542,no
"The University of Newcastle 2 , ,",1,,,no
"The University of Newcastle 4 , , ,",1,,,no
The University of Newcastle Email: marguerite.johnson@newcastle.edu.au,1,University of Newcastle Australia,I78757542,no
The University of Newcastle N.S.W. 2308,1,University of Newcastle Australia,I78757542,no
The University of Newcastle and The University of York,1,University of York,I52099693,no
The University of Newcastle upon Tyrie,1,,,no
The University of Newcastle ​,1,University of Newcastle Australia,I78757542,no
The University of Newcastle#R##N#School of Humanities and Social Science,1,University of Newcastle Australia,I78757542,no
"The University of Newcastle, Faculty of Health and Medicine, Newcastle, AU",1,University of Newcastle Australia,I78757542,no
"The University of Newcastle, Newcastle, Australien",1,University of Newcastle Australia,I78757542,no
"The University of Newcastle, Newcastle/AU",1,University of Newcastle Australia,I78757542,no
"The University of Newcastle,Pertenece a la School of Electrical Engineering and Computing,Newcastle,Australia",1,University of Newcastle Australia,I78757542,no
The University of Newcastle. Electronic address: kichu.nair@newcastle.edu.au,1,University of Newcastle Australia,I78757542,no
"The University of Queensland, National Research Centre for Environmental Toxicology (Entox), Member of Queensland Alliance for Environmental Health Science (QAEHS), Coopers Plains, Brisbane, QLD, 4108, Australia; CRC CARE, The University of Newcastle, University Drive, Callaghan, NSW, 2308, Australia. Electronic address: c.peng@uq.edu.au",1,University of Newcastle Australia | The University of Queensland | CRC CARE,I78757542 I165143802 I4210156889,no
The first author is Senior Lecturer in Accounting at Durham University. The second author is Professor (Emeritus) of Accounting at South Wales University. The third author is a Research Associate at Newcastle University. Special thanks are due to the British Accounting and Finance Association - The Committee for Departments of Accounting and Finance (BAFA - CDAF) and Management Control Association (MCA) for sponsoring this research. The authors also wish to thank the Chartered Institute of Public Finance and Accountancy (CIPFA) and the Welsh Local Government Association (WLGA) for facilitating access,1,Durham University,I190082696,no
"The research was supported by the National Institute for Health Research Newcastle Biomedical Research Centre based at Newcastle Hospitals NHS Foundation Trust and Newcastle University and the NIHR Birmingham Biomedical Research Centre at the University Hospitals Birmingham NHS Foundation Trust and the University of Birmingham. Support was also provided by the Versus Arthritis Experimental Arthritis Treatment Centres at Newcastle, Birmingham and Glasgow Universities and associated NHS Trusts, and the Research into Inflammatory Arthritis Centre Versus Arthritis. JDI is an NIHR Senior Investigator",1,University of Birmingham | University Hospitals Birmingham NHS Foundation Trust | NIHR Birmingham Biomedical Research Centre,I79619799 I1308923049 I4210162943,no
"Tilburg School of Social and Behavioural Sciences and Newcastle University Business School , Tilburg University , PO Box 90153, NL-5000 , LE , Tilburg , the Netherlands",1,Tilburg University,I193700539,no
"Tom Baker Cancer Centre, Calgary, AB, Canada; Newcastle University, Newcastle, United Kingdom; Cross Cancer Institute, Edmonton, AB, Canada",1,Cross Cancer Institute,I4405258411,no
"Translation and Clinical Research Institute , Newcastle upon Tyne, United Kingdom",1,,,no
"Translational and Clinical Research Institute, Faculty of Medical Sciences, New-castle University, Newcastle upon Tyne, UK",1,,,no
"Translational and Clinical Research Institute, Newcastle upon Tyne NE1 7RU, UK",1,,,no
"Translational and Clinical Research Institute, Northern Centre for Cancer Care, Newcastle, UK, Newcastle Upon Tyne, United Kingdom",1,,,no
"Translational and Clinical Research Institute, Wolfson Childhood Cancer Research Centre, Herschel Building, Brewery Lane, Newcastle Upon Tyne, NE1 7RU, UK",1,,,no
"Trends Business Research Ltd, Newcastle upon Tyne, UK",1,,,no
"Trends Business Research, Newcastle upon Tyne, UK",1,,,no
"Trinity Theological College, University of Divinity, Melbourne, and Dept. of Philosophy, Religious Studies and Theology, University of Newcastle, University Drive, Callaghan, NSW 2305",1,University of Newcastle Australia,I78757542,no
"UBC James Hogg Research Centre, Institute for Heart and Lung Health, St Paul's Hospital and Department of Pathology and Laboratory Medicine, University of British Columbia, 1081 Burrard St Vancouver, BC V6Z 1Y6, Canada ; School of Biomedical Sciences and Pharmacy, University of Newcastle, University Drive Callaghan, New South Wales 2308, Australia",1,University of Newcastle Australia | University of British Columbia | St. Paul's Hospital | Centre for Heart Lung Innovation,I78757542 I141945490 I2801362399 I4405268566,no
"UCL Medical School, London, UK. jonathan.funnell@nhs.net",1,University College London,I45129253,no
"UCQ , Newcastle upon Tyne , UK,",1,,,no
UK NIHR Biomedical Research Centre in Ageing Newcastle‐upon‐Tyne UK,1,NIHR Newcastle Biomedical Research Centre,I4210133722,no
"UK National Poisons Information Service, Newcastle Unit , Framlington Place, Newcastle upon Tyne, NE2 4AB  ",1,,,no
UNIGE : University of Genova KULEU : KU Leuven TASMC : Tel Aviv Sourasky Medical Center NEWCA : Newcastle University OHSU : Oregon Health and Science University,1,KU Leuven | Oregon Health & Science University | Tel Aviv Sourasky Medical Center,I99464096 I165690674 I2799807261,no
"UNIVERSITY OF DURHAM, NEWCASTLE UPON TYNE, United Kingdom",1,Durham University,I190082696,no
"UNIVERSITY OF NEWCASTLE, ENGLAND",1,,,no
UNIVERSITY OF WESTERN ONTARIO. NEWCASTLE UNIVERSITY,1,Western University,I125749732,no
"Unité de Recherche Appliquée en Energies Renouvelables (URAER), Centre de Développement des Energies Renouvelables (CDER), Ghardaia, 47133, Algeria 2 Laboratory of Biomaterials and Transport Phenomena, University of Medea, Medea, 26000, Algeria 3 Biotechnology, Water, Environment and Health Laboratory, Abbes Laghrour University, Khenchela, 40000, Algeria 4 CIP Team, Institute of Chemical Sciences of Rennes, ISCR—UMR6226, CNRS, Ecole Nationale Supérieure de Chimie de Rennes, University Rennes, Rennes, 35000, France 5 School of Engineering, Merz Court, Newcastle University, Newcastle upon Tyne, NE1 7RU, UK",1,University of Newcastle Australia | Centre National de la Recherche Scientifique | École Nationale Supérieure de Chimie de Rennes | Abbès Laghrour University of Khenchela | Institut des Sciences Chimiques de Rennes,I78757542 I1294671590 I4210115835 I4210130929 I4210090783,no
"Universidad de Alcalá de Henares, Newcastle University",1,Universidad de Alcalá,I189268942,no
Universidad de Buenos Aires/CONICET/Newcastle University,1,Universidad de Buenos Aires | Consejo Nacional de Investigaciones Científicas y Técnicas,I24354313 I151201029,no
"Universities of Oxford and of Newcastle, UK",1,University of Oxford,I40120149,no
Universities of York and Newcastle-upon-Tyne,1,,,no
"University Children's Hospital Basel UKBB, University of Basel, Basel, Switzerland; Division of Paediatric Respiratory Medicine and Allergology, Department of Paediatrics, Inselspital, Bern University Hospital, University of Bern, Bern, Switzerland; Asthma & Breathing Research Program, Hunter Medical Research Institute, Newcastle, University of Newcastle, Newcastle, Australia",1,University of Basel | University of Newcastle Australia | University of Bern | University Hospital of Bern | Hunter Medical Research Institute | University Children’s Hospital Basel,I1850255 I78757542 I118564535 I2801112126 I4210087646 I4210126115,no
"University Children's Hospital Basel UKBB, University of Basel, Basel, Switzerland; Division of Paediatric Respiratory Medicine and Allergology, Department of Paediatrics, Inselspital, Bern University Hospital, University of Bern, Bern, Switzerland; Asthma & Breathing research program, Hunter Medical Research Institute, Newcastle, University of Newcastle, Newcastle, Australia",1,University of Basel | University of Newcastle Australia | University of Bern | University Hospital of Bern | Hunter Medical Research Institute | University Children’s Hospital Basel,I1850255 I78757542 I118564535 I2801112126 I4210087646 I4210126115,no
"University College Cork, Cork, Republic of Ireland; University of Newcastle, Newcastle, UK",1,University College Cork,I27577105,no
"University Department of Clinical Oncology , Newcastle-upon-Tyne NEJ 4LP ;",1,,,no
"University Department of Clinical Oncology, Newcastle-upon-Tyne NEJ 4LP; 2Endocrine Department,",1,,,no
"University Department of Pathology, Newcastle Hospitals NHS Trust, University of Newcastle, UK",1,,,no
"University Department of Psychiatry, Newcastle General Hospital, Newcastle upon Tyne NE4 6BE U.K",1,,,no
"University Departments of Surgery, Pathology and Clinical Oncology, Newcastle upon Tyne",1,,,no
"University Health Service, Newcastle upon Tyne, United Kingdom",1,,,no
"University Hospital Newcastle, Newcastle NE4 5NR, UK",1,,,no
"University Hospital Newcastle, Newcastle, UK",1,,,no
"University Hospital, Newcastle Upon Tyne, UK",1,Newcastle upon Tyne Hospital,I4210124950,no
"University Newcastle , Newcastle 2035 ,",1,,,no
University at Newcastle,1,,,no
"University of Bristol, School of Clinical Sciences, Bristol, South West, United Kingdom; NIHR Research Design Services, Bristol, South West, United Kingdom; Western General NHS Foundation Trust, Swindon, South West, United Kingdom; Hull and East Yorkshire NHS Trust, York, Yorkshire, United Kingdom; Newcastle University NHS Foundation Trust, Newcastle, United Kingdom; Canniesburn Western General NHS Trust, Glasgow, Scotland, United Kingdom",1,University of Bristol,I36234482,no
"University of Cambridge in collaboration with Newcastle University and in partnership with NHS Blood and Transplant (NHSBT), Cambridge, Cambridgeshire, UK",1,University of Cambridge | NHS Blood and Transplant,I241749 I1307946715,no
"University of CambridgeNewcastle University , UK , UK",1,University of Cambridge,I241749,no
"University of Canberra, Southern Cross University, University of New England, University of New South Wales, University of Newcastle, University of Technology Sydney, University of Western Sydney, University of Wollongong,",1,UNSW Sydney | Western Sydney University | University of Newcastle Australia | University of Technology Sydney | University of Canberra | University of Wollongong,I31746571 I63525965 I78757542 I114017466 I188329596 I204824540,no
"University of Durham , Newcastle-upon-Tyne",1,Durham University,I190082696,no
"University of Durham Department of Anaesthetics The Medical School Newcastle Upon Tyne, England",1,Durham University,I190082696,no
"University of Durham, Newcastle-upon Tyne",1,Durham University,I190082696,no
"University of Durham, Newcastle-upon- Tyne",1,Durham University,I190082696,no
"University of Durham, Newcastle-upon-Tyne, England",1,Durham University,I190082696,no
"University of Essex, Newcastle upon Tyne, United Kingdom",1,University of Essex,I110002522,no
"University of INTO Newcastle , Newcastle , NE1 7RU , United Kingdom,",1,,,no
"University of INTO Newcastle, Newcastle, NE1 7RU, United Kingdom,",1,,,no
"University of Kassel, Witzenhausen Newcastle University",1,University of Kassel,I106157433,no
"University of Manchester and University of Newcastle, N.S.W",1,University of Manchester | University of Newcastle Australia,I28407311 I78757542,no
University of Melbourne University of Newcastle University of New South Wales #,1,UNSW Sydney | University of Newcastle Australia | The University of Melbourne,I31746571 I78757542 I165779595,no
"University of Nevcastle, Newcastle upon Tyne, NE2 4HH, U.K",1,,,no
"University of New castle upon Tyne , United Kingdom",1,,,no
"University of New-castle upon Tyne, U.K",1,,,no
"University of NewCastle , Newcastle , United Kingdom",1,,,no
"University of NewCastle, England, UK",1,,,no
"University of NewCastle, Institute of Genetic Medicine, NewCastle, United Kingdom",1,,,no
"University of NewCastle, United Kingdom",1,,,no
University of Newcaslte Newcastle,1,,,no
University of Newcastle  catharine.coleborne@newcastle.edu.au,1,University of Newcastle Australia,I78757542,no
University of Newcastle ( ),1,,,no
University of Newcastle (JW),1,,,no
University of Newcastle (UON),1,University of Newcastle Australia,I78757542,no
"University of Newcastle , , ,",1,,,no
"University of Newcastle , , , , ,",1,,,no
"University of Newcastle , / ,",1,,,no
"University of Newcastle , Cambridge ,",1,,,no
"University of Newcastle , Newcastle , Aus - tralia ,",1,University of Newcastle Australia,I78757542,no
"University of Newcastle , School of Humanities, Creative Industries and Social Science, , Newcastle 2300 ,",1,,,no
"University of Newcastle , School of Psychology ,",1,University of Newcastle Australia,I78757542,no
University of Newcastle / University of Divinity (Australia),1,University of Newcastle Australia | University of Divinity,I78757542 I2799746221,no
"University of Newcastle Associate Editor, ATR",1,,,no
"University of Newcastle Bachelor of Medicine Program, University of Newcastle, University Drive, Callaghan, NSW 2308, Australia",1,University of Newcastle Australia,I78757542,no
University of Newcastle Birmingham UK,1,,,no
"University of Newcastle Department of Rural Health, University of Newcastle jennifer.may@newcastle.edu.au",1,University of Newcastle Australia,I78757542,no
"University of Newcastle Faculty of Medicine ,",1,,,no
"University of Newcastle M , , , , ",1,,,no
University of Newcastle N. S. W,1,University of Newcastle Australia,I78757542,no
"University of Newcastle New South Wales, UK",1,,,no
"University of Newcastle Newcastle, AU",1,University of Newcastle Australia,I78757542,no
University of Newcastle NewcastleNSW2308,1,University of Newcastle Australia,I78757542,no
University of Newcastle University of Amsterdam,1,University of Amsterdam,I887064364,no
University of Newcastle University of Bath,1,University of Bath,I51601045,no
University of Newcastle and Institute of Labor Economics,1,University of Newcastle Australia,I78757542,no
"University of Newcastle and the Centre for Medical Education, HNE Health, Newcastle, NSW, kichu.nair@newcastle.edu.au",1,University of Newcastle Australia | Hunter New England Local Health District,I78757542 I4210154888,no
"University of Newcastle, AUS",1,University of Newcastle Australia,I78757542,no
"University of Newcastle, Centre for Software Reliability, 5, University of Newcastle, BS34 7QW, Bristol, Filton, UK",1,,,no
"University of Newcastle, Daphne",1,,,no
"University of Newcastle, Faculty of Nursing",1,University of Newcastle Australia,I78757542,no
"University of Newcastle, London, UK",1,,,no
"University of Newcastle, Newcastle and",1,,,no
"University of Newcastle, School of Medicine and Public Health, Newcastle, AUS",1,University of Newcastle Australia,I78757542,no
"University of Newcastle, University Drive, Callaghan 2308, New South Wales#TAB#",1,University of Newcastle Australia,I78757542,no
"University of Newcastle, University Drive, Callaghan NSW 2308, Australia fergus.king@newcastle.edu.au",1,University of Newcastle Australia,I78757542,no
"University of Newcastle, University Drive, Callaghan, NSW, Australia#TAB#",1,University of Newcastle Australia,I78757542,no
"University of Newcastle, University Drive, Callaghan, Newcastle, Australia",1,University of Newcastle Australia,I78757542,no
"University of Newcastle, University DriveCallaghanNSW2308",1,University of Newcastle Australia,I78757542,no
"University of Newcastle, University of Technology, Sydney",1,University of Newcastle Australia | University of Technology Sydney,I78757542 I114017466,no
University of Newcastle. Electronic address: bryan.paton@newcastle.edu.au,1,University of Newcastle Australia,I78757542,no
University of Newcastle. Electronic address: juanita.todd@newcastle.edu.au,1,University of Newcastle Australia,I78757542,no
University of Newcastle. SIMONE SILBERBERG,1,,,no
University of Newcastle. piones@mail.newcastle.edu.au,1,University of Newcastle Australia,I78757542,no
University of Newcastle/ANU,1,University of Newcastle Australia,I78757542,no
"University of Newcastle; University of Manchester The Royal Infirmary, Swinton Grove, Manchester M13 0EU",1,University of Manchester | Manchester Royal Infirmary,I28407311 I2801926401,no
University of Newcastle; University of Sydney,1,University of Newcastle Australia | The University of Sydney,I78757542 I129604602,no
"University of Newcastle; University of Sydney; Kolling Institute of Medical Research, Royal North Shore Hospital; University of Technology, Sydney",1,University of Technology Sydney | The University of Sydney | Royal North Shore Hospital,I114017466 I129604602 I2800079252,no
University of NewcastleN. S. W,1,University of Newcastle Australia,I78757542,no
University of NewcastleN.S.W,1,University of Newcastle Australia,I78757542,no
University of NewcastleSydney,1,,,no
University of NewcastleUniversity of ChinaChina,1,,,no
"University of Newscastle, NE1 7RU, Newcastle Upon Tyne, UK",1,,,no
"University of Newscastle, Newcastle Upon Tyne, UK",1,,,no
University of Nigeria/Newcastle University,1,University of Nigeria,I11892038,no
"University of Northumbria at Newcastle - PaCT Lab, Department of Psychology, School of Life Sciences, Pandon Building, 208, City Campus East-1, Newcastle-Upon-Tyne, Newcastle NE1 8ST, United Kingdom",1,Northumbria University,I32394136,no
"University of Northumbria at Newcastle: PaCT Lab, Department of Psychology, School of Life Sciences, Pandon Building, 208, City Campus East-1, Newcastle-Upon-Tyne, Newcastle NE1 8ST, United Kingdom",1,Northumbria University,I32394136,no
"University of Oxford, Oxford, UK, and University of Newcastle  Newcastle Australia",1,University of Oxford | University of Newcastle Australia,I40120149 I78757542,no
"University of Sheffield, School of Health and Related Research, UK; University of Newcastle, School of Humanities and Social Science, Australia. Electronic address: penny.buykx@newcastle.edu.au",1,University of Newcastle Australia | University of Sheffield,I78757542 I91136226,no
University of Southampton Ann Briggs and Ian Hall -Newcastle University,1,University of Southampton,I43439940,no
"University, Newcastle",1,,,no
Uniwersytet im. Adama Mickiewicza w Poznaniu; Newcastle University,1,Adam Mickiewicz University in Poznań,I59411706,no
UoN: University of Newcastle;,1,University of Newcastle Australia,I78757542,no
Urban Data New Castle University  Newcastle Helix UK,1,,,no
Val Clark: is a Lecturer in Social Work in the School of Humanities and Social Sciences at the University of Newcastle. Email: Val.Clark@newcastle.edu.au,1,University of Newcastle Australia,I78757542,no
"Vascular Medicine and Biology Theme, Biosciences Institute, Newcastle Upon Tyne, NE1 4EP, United Kingdom",1,,,no
"Visiting Professor from University of New Castle Upon Tyne, England, U.K",1,,,no
WRSRL UNIVERITY OF NEWCASTLE GBR,1,,,no
"WSP, Newcastle-upon-Tyne, UK",1,,,no
"Wyong Hospital, New South Wales Ambulance, University of Newcastle, University of New England",1,University of New England,I90745801,no
"Zhejiang Province Key Laboratory of Recycling and Ecological Treatment of Waste Biomass, School of Environment and Natural Resources, Zhejiang University of Science and Technology, 318 Liuhe Road, Xihu District, Hangzhou, Zhejiang, 310023, China; School of Environmental and Resource Sciences, Zhejiang A&F University, 666 Wusu Street, Lin'an District, Hangzhou, Zhejiang, 311300, China; Global Centre for Environmental Remediation, Cooperative Research Centre for Contamination Assessment and Remediation of Environment (CRC CARE), Faculty of Science, The University of Newcastle, University Drive, Callaghan, NSW, 2308, Australia",1,Zhejiang University of Science and Technology | Zhejiang A & F University,I168879160 I1284762954,no
"[School of Electrical and Electronic Engineering, Newcastle University (Singapore), Singapore]",1,Newcastle University Singapore,I4210094553,no
"[WSP UK, Newcastle-upon-Tyne, UK]",1,,,no
a    University of Newcastle,1,University of Newcastle Australia,I78757542,no
"a   Philosophy Department , University of Newcastle",1,University of Newcastle Australia,I78757542,no
"a   Senior lecturer in the Faculty of Education , University of Newcastle",1,,,no
"a  Department of Physics and Physical Electronics, Newcastle upon Tyne Polytechnic, Newcastle upon Tyne NE1 8ST, England",1,,,no
"a  Department of Physics and Physical Electronics, Newcastle upon Tyne Polytechnic, Newcastle upon Tyne, NE1 8ST, U.K",1,,,no
a  The University of Newcastle,1,University of Newcastle Australia,I78757542,no
"a  University of Newcastle ,  N.S.W",1,University of Newcastle Australia,I78757542,no
"a Department of Physics and Physical Electronics, Newcastle upon Tyne Polytechnic, Newcastle upon Tyne NE1 8ST, England",1,,,no
"a Newcastle upon Tyne , UK",1,,,no
"a PhD Sociology, is a tutor at the School of Humanities and Social Science , The University of Newcastle , Newcastle , Australia , *Email: stephen.obrien@newcastle.edu.au",1,University of Newcastle Australia,I78757542,no
"a:1:{s:5:""en_US"";s:20:""NewCastle University"";}",1,,,no
"aBrunel University London, UK",1,Brunel University of London,I59433898,no
"aClinic for Urology, Pediatric Urology and Andrology, Justus-Liebig University Giessen, Giessen, Germany; bNewcastle University Northern Institute for Cancer Research, Newcastle Upon Tyne, UK; cDepartment of Urology, Oslo University Hospital, Oslo, Norway; e-mail: [email protected]; fax: +49 641 985 44509",1,Justus-Liebig-Universität Gießen | Oslo University Hospital,I200763008 I1281400175,no
"aFaculty of Pharmacy, Bengbu Medical College bDepartment of Pharmacy cDepartment of Surgical Oncology, The First Affiliated Hospital of Bengbu Medical College dDepartment of Pharmacy, The Second Affiliated Hospital of Bengbu Medical College, Bengbu, People's Republic of China eSchool of Medicine and Public Health, Faculty of Health, Newcastle University, Newcastle, New South Wales, Australia",1,University of Newcastle Australia | Bengbu Medical College | The Second Affiliated Hospital of Bengbu Medical College | First Affiliated Hospital of Bengbu Medical College,I78757542 I169351748 I4210142329 I4210150172,no
anna.behler@newcastle.edu.au,1,,,no
"b  School of Policy, University of Newcastle",1,University of Newcastle Australia,I78757542,no
"b North of England Mental Health Development Unit , Newcastle upon Tyne , UK ",1,,,no
b The University of Newcastle,1,University of Newcastle Australia,I78757542,no
"bNorthumbria University , Newcastle-upon-Tyne , 2 Ellison Pl , Newcastle upon Tyne NE1 8ST , UK",1,Northumbria University,I32394136,no
"c   Department of Management , University of Newcastle",1,University of Newcastle Australia,I78757542,no
"department of Molecular Genetics, Nagoya City University Medical School Newcastle upon Tyne, NE2 4HH, UK",1,,,no
"department of Molecular Genetics, Nagoya City University Medical SchoolNewcastle upon Tyne, NE2 4HH, UK",1,Nagoya City University,I33858575,no
newcastle univeristy,1,,,no
"newcastle university,Sun Yat-sen University,Durham University,Pforzheim University Business School,University of York",1,University of York | Sun Yat-sen University | Durham University,I52099693 I157773358 I190082696,no
p  University of Newcastle,1,University of Newcastle Australia,I78757542,no
"participants at University of Namur, University of Nottingham, University of Kent, University College Dublin, University of Reading, Indian Statistical Institute, University of Hong Kong, Singapore Management University, Newcastle University, UNU-WIDER, and conference participants at DIW Berlin, Nordic",1,Indian Statistical Institute | University of Kent | University of Reading | Singapore Management University | University College Dublin | University of Nottingham | University of Namur | University of Hong Kong,I6498739 I20581793 I71052956 I79891267 I100930933 I142263535 I149768937 I889458895,no
"th, Framlington Place, Newcastle upon Tyne, NE 4HH, UK",1,,,no
"the University of Newcastle ,",1,University of Newcastle Australia,I78757542,no
"tochondrial Research Group, The Medical School, New-castle University, Room M41014, Framlington Place, Newcastle upon Tyne NE2 4HH, England",1,,,no
"¹ Kyushu University , ² Ritsumeikan University , ³ Durham University , ⁴Newcastle University , ⁵Tohoku University ,",1,Kyushu University | Ritsumeikan University | Durham University | Tohoku University,I135598925 I135768898 I190082696 I201537933,no
"† School of Environmental and Life Sciences, Faculty of Science and IT, University of Newcastle, Syd",1,,,no
"† † Department of Immunology Newcastle-upon-Tyne, England",1,,,no
