raw_affiliation_string,works,previously_assigned_to,previously_assigned_ids,previously_counted_via_lineage
Boston Univ,2329,,,no
Boston Univ. (United States),1032,,,no
"Boston Univ, Boston, MA",229,,,no
"Boston Univ Sch of Medicine, Boston, MA",145,,,no
BU,104,,,no
"Department of Anatomy & Neurobiology, Boston University School of Medicine, Japan",76,,,no
"Technology & Policy Research Initiative, BU School of Law",60,,,no
1Boston University,54,,,no
"Boston University Marine Program Marine Biological Laboratory Woods Hole, Massachusetts 02543",46,Marine Biological Laboratory,I1338920048,no
University of Boston,39,,,no
"Boston University Marine Program, Marine Biological Laboratory, Woods Hole, Massachusetts 02543, USA",28,Marine Biological Laboratory,I1338920048,no
"Boston University Marine Program, Marine Biological Laboratory, Woods Hole, MA 02543, USA",26,Marine Biological Laboratory,I1338920048,no
Questrom School of Business,26,Quest University Canada,I232906412,no
"Boston Univ Med Cntr, Boston, MA",23,,,no
"Dep. Chem., Metcalf Center Sci. Eng., Univ., Boston, MA 02215, USA",17,,,no
2Boston University,16,Kingston University,I4210154901,no
"Boston University Marine Program, Marine Biological Laboratory, Woods Hole, Massachusetts, 02543, USA",16,Marine Biological Laboratory,I1338920048,no
1Boston Univ. Sch. of Med,15,,,no
"Boston University Marine Program, marine Biological Laboratory, Woods Hole, MA 02543 U.S.A",15,Marine Biological Laboratory,I1338920048,no
"BU SCHOOL OF MEDICINE, Boston, Massachusetts, United States",14,Boston University Academy,I4210114918,no
"Boston University Marine Program, Marine Biological Laboratory, Woods Hole, Massachusetts 02543, U.S.A",14,Marine Biological Laboratory,I1338920048,no
Simmons School of Management,14,Simmons University,I179245896,no
"Boston University Marine Program, Marine Biological Laboratory, Woods Hole, MA 02543, U.S.A",13,Marine Biological Laboratory,I1338920048,no
"CSP - Center for Space Physics [Boston] (Boston, MA 02108 - United States)",13,,,no
"NHLBI and Boston University's Framingham Heart Study, Framingham, MA, USA",13,Framingham Heart Study,I4210123017,yes
"Occupational therapist & ergonomist, Kjacobs@bu.edu, workjournal.org, blogs.bu.edu/kjacobs/",12,,,no
"BU SCHOOL OF MEDICINE, Boston, MA",11,Boston University Academy,I4210114918,no
"Boston University Marine Program, Marine Biological Laboratory, Woods Hole, MA, 02543, USA",11,Marine Biological Laboratory,I1338920048,no
"Boston University Marine Program, Marine Biological Laboratory, Woods, Hole, USA",11,Marine Biological Laboratory,I1338920048,no
"VA Boston Healthcare System and BU ""Schools of Public Health, United States",11,VA Boston Healthcare System,I2801671727,no
"VA Boston Healthcare System and BU “Schools of Public Health, United States",11,VA Boston Healthcare System,I2801671727,no
"Boston Univ, SPH, Boston, MA",10,,,no
"Boston University Marine Program, Marine Biological Laboratory, Woods Hole, Massachusetts 02543 USA",10,Marine Biological Laboratory,I1338920048,no
"Boston University Marine Program, Marine Biological Laboratory, Woods Hole, USA",9,Marine Biological Laboratory,I1338920048,no
"Department of Biomedical Engineering [Boston] (44 Cummington St Boston, MA 02215 - United States)",9,,,no
"University of Boston, Boston, MA, USA",9,,,no
"Boston University Marine Program, Marine Biological Laboratory, Woods Hole, MA 02543",8,Marine Biological Laboratory,I1338920048,no
"National Heart Lung and Blood Institute's, Boston University's Framingham Heart Study, Framingham, MA, USA",8,"Framingham Heart Study | National Heart, Lung, and Blood Institute",I4210123017 I4210106489,yes
"National Heart, Lung, and Blood Institute's and Boston University's Framingham Heart Study, Framingham, Massachusetts, USA",8,"Framingham Heart Study | National Heart, Lung, and Blood Institute",I4210123017 I4210106489,yes
"Servier Pharmaceuticals LLC, Boston, MA, USA",8,,,no
"Servier Pharmaceuticals, Boston, Massachusetts, USA",8,,,no
3Boston University,7,Kingston University,I4210154901,no
"Boston Univ, Bonston, MA",7,,,no
"Boston University Marine Program, Marine Biological Laboratory, 02543, Woods Hole, MA, USA",7,Marine Biological Laboratory,I1338920048,no
"Department of Physics, Center for Polymer Studies, 590 Commonwealth Avenue, Boston, MA, 02215, USA",7,,,no
"NHLBI and Boston University’s Framingham Heart Study, Framingham, MA, USA",7,Framingham Heart Study,I4210123017,yes
1BOSTON UNIVERSITY,6,,,no
"Boston Univ, Henry M. Goldman, Boston, MA",6,,,no
Boston Univeristy Center for Space Physics,6,,,no
Boston University Framingham Heart Study Boston MA USA,6,Framingham Heart Study,I4210123017,yes
"Boston University Marine Program, Marine Biological Laboratory, Woods Hole, Massachusetts, 02543",6,Marine Biological Laboratory,I1338920048,no
"National Heart, Lung and Blood Institute's and Boston University's Framingham Heart Study, Framingham, MA, USA",6,"Framingham Heart Study | National Heart, Lung, and Blood Institute",I4210123017 I4210106489,yes
"Vanessa Xanthakis BU SCHOOL OF MEDICINE, Boston, MA",6,,,no
"Boston University Marine Program , Marine Biological Laboratory , Woods Hole , Massachusetts 02543 , USA",5,Marine Biological Laboratory,I1338920048,no
"Boston University Marine Program, Marine Biological Laboratory, Woods Hole, MA, 02543, U.S.A",5,Marine Biological Laboratory,I1338920048,no
"Boston University Marine Program, Marine Biological Laboratory, Woods Hole, U.S.A",5,Marine Biological Laboratory,I1338920048,no
ChemistryBoston UniversityBostonMA,5,,,no
Department of BiostatisticsBoston University School of Public HealthBostonMAUSA,5,,,no
"Department of Oral and Maxillofacial Surgery, Practice Limited to Oral Surgery and Implants, Centro Odontoiatrico Salernitano, Italian Society of Oral Surgery and Implants (SICOI), MGSDM Boston University, Salerno, Italy",5,Italian Society of Periodontology and Implantology,I4210137731,no
Department of Physics [Boston],5,,,no
"Dept. of Electrical and Computer Engineering 8 Saint Mary's Street, Boston, Massachusetts 02215, USA",5,University of Saint Mary,I290929228,no
"Dept. of Electrical and Computer Engineering 8 Saint Mary’s Street, Boston, Massachusetts 02215, USA",5,University of Saint Mary,I290929228,no
"Framingham Heart Study, Boston University School of Medicine, Framingham, MA, USA",5,Framingham Heart Study,I4210123017,yes
"NHLBI's and Boston University's Framingham Heart Study, Framingham, MA, USA",5,Framingham Heart Study,I4210123017,yes
"National Heart, Lung and Blood Institute's and Boston University's Framingham Heart Study, Framingham, MA",5,"Framingham Heart Study | National Heart, Lung, and Blood Institute",I4210123017 I4210106489,yes
"Servier Pharmaceuticals , Boston, MA , USA",5,,,no
"University of Boston, Boston, MA",5,,,no
"1Boston University, U.S.A",4,,,no
"BU Sch of Medicine, Boston, MA",4,,,no
BU School of Public Health,4,,,no
"BU, Boston",4,Boston University Academy,I4210114918,no
"Boston Univ, Framingham, MA",4,Framingham State University,I47834966,no
"Boston University Marine Program, Marine Biological Laboratory, Woods Hole, Massachusetts, 02543, U.S.A",4,Marine Biological Laboratory,I1338920048,no
"Boston University Marine Program, Marine Biological Laboratory, Woods Hole, Massachusetts, U.S.A",4,Marine Biological Laboratory,I1338920048,no
"Boston University Marine Program, Marine Biological Laboratory, Woods Hole, Massachusetts, USA",4,Marine Biological Laboratory,I1338920048,no
"Boston University School of Public Health, Canada",4,,,no
"Boston University, Spain",4,,,no
Boston Univversity,4,Alliance Bioversity International - CIAT,I145236414,no
"Department of Biostatistics, Boston School of Public Health, Boston, Mass",4,,,no
Department of DermatologyBoston University School of MedicineBostonMassachusettsUSA,4,,,no
"Department of Mathematics and Statistics, 111 Cummington Mall, Boston, MA, 02215, United States",4,,,no
Framingham Heart Study Boston University School of Medicine  Framingham Massachusetts USA,4,Framingham Heart Study,I4210123017,yes
"Framingham Heart Study, Boston University School of Medicine, Framingham, Massachusetts",4,Framingham Heart Study,I4210123017,yes
"Framingham Heart Study, National Heart, Lung, and Blood Institute and Boston University Chobanian & Avedisian School of Medicine, Framingham, MA, USA",4,"Framingham Heart Study | National Heart, Lung, and Blood Institute",I4210123017 I4210106489,yes
"NHLBI's and Boston University's Framingham Heart Study, Framingham, Massachusetts 01702-5827, USA",4,Framingham Heart Study,I4210123017,yes
NanoPhotonics Laboratory has begun at Boston University's Photonics Center ,4,NeoPhotonics (United States),I4210088641,no
"National Heart, Lung, and Blood Institute's and Boston University's Framingham Heart Study Framingham MA",4,"Framingham Heart Study | National Heart, Lung, and Blood Institute",I4210123017 I4210106489,yes
"National Heart, Lung, and Blood Institute's and Boston University's Framingham Heart Study, Framingham, MA 01702, USA",4,"Framingham Heart Study | National Heart, Lung, and Blood Institute",I4210123017 I4210106489,yes
"Occupational therapist & ergonomist, Kjacobs@bu.edu, workjournal.org blogs.bu.edu/kjacobs/, @WORK_Journal,",4,,,no
"Postgraduate Program in Endodontics, Endodontics Department, The Boston University Institute for Dental Research and Education, PO Box 505097, Dubai Healthcare City, Dubai, United Arab Emirates",4,,,no
"Worcester Foundation for Experimental Biology Shrewsbury, MassachusettsU.S.A",4,,,no
Бостонский университет,4,,,no
"
          Spécialiste des mondes russe et turc. Écrivain et chercheur en sciences politiques, docteur ès lettres de l’Université de Paris IV-Sorbonne et diplômée de Boston University en relations internationales et études stratégiques, elle est l’auteure de plusieurs ouvrages de géostratégie.
",3,Sorbonne Université,I39804081,no
#N##N#aBoston University,3,,,no
#N#1Boston University,3,,,no
"B.S., M.S., Boston University) is chief of the nursing service at the Veterans Administration Hospital in St. Cloud, Minn",3,United States Department of Veterans Affairs,I1322918889,no
"BOSTON UNIV MEDICAL CTR, Boston, MA",3,Boston Medical Center,I1286490081,no
BU Photonics Center and Neurophotonics Center,3,,,no
"BU Photonics Center and Neurophotonics Center, Boston, Massachusetts 02215, USA",3,NeoPhotonics (United States),I4210088641,no
"BU School of Public Health, Boston, MA, United States",3,,,no
"BU, Boston, MA",3,Boston University Academy,I4210114918,no
"Boston University Marine Program, Marine Biological Laboratory, Woods Hole, Mass. 02543, U.S.A",3,Marine Biological Laboratory,I1338920048,no
"Boston University School of Medicine, United Kingdom",3,,,no
Boston University UK,3,Universities UK,I185658715,no
"Boston University in London, UK",3,Universities UK,I185658715,no
"Boston University's and National Heart, Lung, and Blood Institute's Framingham Heart Study",3,"Framingham Heart Study | National Heart, Lung, and Blood Institute",I4210123017 I4210106489,yes
"Center for Polymer Studies and Department of Physics, Boston, MA 02215, USA",3,,,no
Department of Astronomy [Boston] (http://www.bu.edu/astronomy/ - United States),3,,,no
"Department of Biostatistics, Boston University School of Public Health, Boston, MA, USA; The Framingham Heart Study, Framingham, MA, USA",3,Framingham Heart Study,I4210123017,yes
"Department of Classical Studies, Boston University, Boston, UK",3,Universities UK,I185658715,no
"Department of Electrical and Computer Engineering, Boston, MA, 02215, USA",3,,,no
"Department of Endodontics, The Goldman School of Dental Medicine, Boston, MA, USA",3,American Association of Endodontists,I2802309049,no
"Department of Mathematics and Statistics, 111 Cumminton Street, Boston, MA, 02215, United States",3,,,no
"Department of Mechanical Engineering, 110 Cummington Mall, Boston, MA, 02215, USA",3,,,no
"Department of Periodontology and Oral Biology, The Goldman School of Dental Medicine, Boston, MA, USA",3,,,no
"Department of Physics, Center for Polymer Studies, 590 Commonwealth Avenue, 02215, Boston, MA, USA",3,,,no
"Dept of Biostatistics- Boston Univ Sch of Public Health, Boston, MA",3,,,no
"Drug Epidemiology Unit, Boston University School of Medicine, United Kingdom",3,,,no
"Framingham Heart Study of Boston University School of Medicine and NHLBI, Framingham, MA, USA",3,Framingham Heart Study,I4210123017,yes
"Framingham Heart Study of the NHLBI and Boston University School of Medicine, Framingham, MA 01702, USA",3,Framingham Heart Study,I4210123017,yes
"Framingham Heart Study of the National Heart, Lung, and Blood Institute and Boston University School of Medicine, Framingham, MA",3,"Framingham Heart Study | National Heart, Lung, and Blood Institute",I4210123017 I4210106489,yes
"Framingham Heart Study of the National Heart, Lung, and Blood Institute and Boston University School of Medicine, Framingham, Massachusetts, USA",3,"Framingham Heart Study | National Heart, Lung, and Blood Institute",I4210123017 I4210106489,yes
"Framingham Heart Study, Boston University Chobanian & Avedisian School of Medicine, Boston, Massachusetts, USA",3,Framingham Heart Study,I4210123017,yes
"Framingham Heart Study, Boston University Chobanian & Avedisian School of Medicine, Framingham, MA, USA",3,Framingham Heart Study,I4210123017,yes
"Framingham Heart Study, Boston University School of Medicine, 73 Mount Wayte Avenue, Suite 2, Framingham, MA 01702-5803, U.S.A",3,Framingham Heart Study,I4210123017,yes
"Framingham Heart Study, Boston University School of Medicine, Framingham, MA",3,Framingham Heart Study,I4210123017,yes
"Framingham Heart Study, Boston University School of Medicine, Framingham, Massachusetts, USA",3,Framingham Heart Study,I4210123017,yes
"Framingham Heart Study, Framingham, Massachusetts; Department of Biostatistics, Boston University School of Public Health, Boston, Massachusetts",3,Framingham Heart Study,I4210123017,yes
"NHLBI's and Boston University's Framingham Heart Study, Framingham, MA",3,Framingham Heart Study,I4210123017,yes
"National Heart Lung and Blood Institute's and Boston University's Framingham Heart Study, Framingham, MA 01702, USA",3,"Framingham Heart Study | National Heart, Lung, and Blood Institute",I4210123017 I4210106489,yes
"National Heart, Lung and Blood Institute's and Boston University's Framingham Heart Study, Framingham, Massachusetts",3,"Framingham Heart Study | National Heart, Lung, and Blood Institute",I4210123017 I4210106489,yes
"National Heart, Lung, and Blood Institute's and Boston University's Framingham Heart Study, Boston, United States",3,"Framingham Heart Study | National Heart, Lung, and Blood Institute",I4210123017 I4210106489,yes
"National Heart, Lung, and Blood Institute's and Boston University's Framingham Heart Study, Framingham, MA, United States",3,"Framingham Heart Study | National Heart, Lung, and Blood Institute",I4210123017 I4210106489,yes
"Neurology, RadiologyBoston University Chobanian &amp; Avedisian School of MedicineBoston MA",3,,,no
"Neurophotonics Ctr., Boston Univ",3,NeoPhotonics (United States) | Neurophotonics Laboratory,I4210088641 I4210087937,no
RadiologyBoston University Chobanian &amp; Avedisian School of MedicineBoston MA,3,,,no
"Robert Dawson Evans Department of Clinical Research, Boston UniversityMedical Center, Massachusetts 02118",3,,,no
"Spécialiste des mondes russe et turc. Écrivain et chercheur en sciences politiques, docteur ès lettres de l’Université de Paris IV-Sorbonne et diplômée de Boston University en relations internationales et études stratégiques, elle est l’auteure de plusieurs ouvrages de géostratégie",3,Sorbonne Université,I39804081,no
"The Framingham Heart Study, Boston University Chobanian and Avedisian School of Medicine, Boston, MA, USA",3,Framingham Heart Study,I4210123017,yes
"The Framingham Heart Study, Boston University School of Medicine, Framingham, MA 01701",3,Framingham Heart Study,I4210123017,yes
"The Framingham Heart Study, Framingham, Massachusetts; Department of Biostatistics, Boston University School of Public Health, Boston, Massachusetts",3,Framingham Heart Study,I4210123017,yes
"The National Heart, Lung, and Blood Institute, Boston University's Framingham Heart Study, Framingham, MA, USA",3,"Framingham Heart Study | National Heart, Lung, and Blood Institute",I4210123017 I4210106489,yes
"The National Heart, Lung, and Blood Institute, Boston University’s Framingham Heart Study, Framingham, MA, USA",3,"Framingham Heart Study | National Heart, Lung, and Blood Institute",I4210123017 I4210106489,yes
"University of Boston, Massachusetts",3,University of Massachusetts Boston,I33434090,no
aBoston University,3,,,no
ボストン大学,3,,,no
"
	Professeure à l’université de Franche-Comté, Corine Pelluchon est spécialiste de philosophie politique et d’éthique appliquée (éthique médicale et biomédicale, philosophie de l’environnement et de l’animalité). Elle a enseigné l’éthique médicale à l’université de Boston. Ses principaux ouvrages sont : Leo Strauss : une autre raison, d’autres Lumières (Paris, Vrin, 2005. Prix François Furet 2006. Traduction américaine de R. Howse, NY, Suny Press, 2014 : Leo Strauss and The Crisis of Rationalism. Another Reason, Another Enlightenment) ; L’Autonomie brisée. Bioéthique et philosophie (Paris, Puf, 2009/2014. Traduction espagnole par A. M. Pineda, Universidad El Bosque, Colección Bios y Oikos, 10, Bogota, 2013) ; Éléments pour une éthique de la vulnérabilité. Les hommes, les animaux, la nature (Paris, Le Cerf, 2011. Grand Prix Moron de l’Académie française 2012. Traduction espagnole de J. F. Mejia Mosquera, Universidad Javeriana, Bogota, 2015) ; Tu ne tueras point. Réflexions sur l’actualité de l’interdit du meurtre (Paris, Le Cerf, 2013) ; Les Nourritures. Philosophie du corps politique (Paris, Seuil, 2015. Prix Édouard Bonnefous de l’Académie des sciences morales et politiques). Site personnel : http://corine-pelluchon.fr/
	",2,,,no
#N##N#bBoston University,2,,,no
"15Boston University and Veterans Administration Boston Healthcare System, Boston, Massachusetts",2,VA Boston Healthcare System,I2801671727,no
"1Boston University, emenegon@bu.edu",2,,,no
"1] National Heart, Lung, and Blood Institute (NHLBI) Framingham Heart Study, Framingham, Massachusetts, USA. [2] Department of Biostatistics, Boston University School of Public Health, Boston, Massachusetts, USA",2,Framingham Heart Study,I4210123017,yes
"1] National Heart, Lung, and Blood Institute, Framingham Heart Study, Framingham, Massachusetts, USA. [2] Department of Biostatistics, Boston University School of Public Health, Boston, Massachusetts, USA",2,Framingham Heart Study,I4210123017,yes
"1] National Heart, Lung, and Blood Institute, Framingham Heart Study, Framingham, Massachusetts, USA. [2] Department of Neurology, Boston University School of Medicine, Boston, Massachusetts, USA",2,Framingham Heart Study,I4210123017,yes
2Boston Univ,2,Kingston University,I4210154901,no
2Boston Univ. Sch. of Med,2,,,no
"2Boston University Medical Center, Boston, MA",2,Boston Medical Center,I1286490081,no
3Boston Univ. Sch. of Med,2,,,no
3Boston University Medical Center,2,University Medical Center,I2802849423,no
4Boston Univ. Sch. of Med,2,,,no
4Boston University,2,Kingston University,I4210154901,no
5Boston University,2,Kingston University,I4210154901,no
"7Boston University School of Medicine, Boston and New England Department of Veterans Affairs, Bedford, Massachusetts",2,Department of Veterans Affairs | VA New England Healthcare System,I4210151543 I4210095851,no
"A.B., Boston University) is chief of the nursing service. Both authors are also active in their professional associations, Mr. Butler having been a member of the board of directors of the American Nurses' Association, and Mr. Flood currently serving as president of District III of the Massachusetts Nurses Association",2,American Nurses Association,I1300848581,no
"African Studies Center, University of Boston",2,Africa Center,I2799718076,no
"Applied Mathematics Dept., Allied Research Associates, Inc., Boston, Mass",2,,,no
"Assistant Professor of Economics and Finance, Sloan School of Management, Massachusetts Institute of Technology. I am grateful to Stanley Fischer and Robert Merton for their advice and many helpful suggestions and to Boston University for financial support. An earlier draft of this paper was greatly improved by the comments of John Lintner and Steven Shavell. Since writing this paper I have become aware of the papers by  Nelson (1975) and  Jaffee and Mandelker (1975), which deal with one of the issues discussed in this paper",2,Massachusetts Institute of Technology,I63966007,no
"Assistant Professor of Economics and Finance, Sloan School of Management, Massachusetts Institute of Technology. I am grateful to Stanley Fischer and Robert Merton for their advice and many helpful suggestions and to Boston University for financial support. An earlier draft of this paper was greatly improved by the comments of John Lintner and Steven Shavell. Since writing this paper I have become aware of the papers by Nelson (1975) and Jaffee and Mandelker (1975) , which deal with one of the issues discussed in this paper",2,Massachusetts Institute of Technology,I63966007,no
"Associate professor of obstetrics, Boston University School of Medicine; assistant visiting surgeon in obstetrics and gynecology, Boston City Hospital; assistant obstetrician, Massachusetts General Hospital",2,,,no
"Avedisian School of Medicine, Boston, MA",2,,,no
B.S. @ Boston U | PhD @ Rice U,2,Rice University,I74775410,no
"B.S., M.Ed., Boston University) Was Maternal And Child Health Nursing Instructor At Memorial Hospital School Of Nursing When This Article Was Written. She Is Now Coordinator In The Same Program At The Memorial School",2,,,no
BU Dept of Neurology Boston MA United States,2,,,no
"BU Photonics Center and BU Neurophotonics Center, Boston, Massachusetts 02215, USA",2,NeoPhotonics (United States),I4210088641,no
"BU Photonics Center and Neurophotonics Center, Brookline, Boston, Massachusetts 02215, USA",2,NeoPhotonics (United States),I4210088641,no
"BU School of Medicine, Boston, MA, United States",2,Boston University Academy,I4210114918,no
"BU School of Medicine, Boston, USA",2,Boston University Academy,I4210114918,no
"BU School of Public Health, United States",2,,,no
"BU, Boston, USA",2,Boston University Academy,I4210114918,no
"Benartzi is from the University of California Los Angeles. Michaely is from Cornell University and is affiliated with Tel Aviv University. Thaler is from the University of Chicago and is a research associate at the NBER. We thank the seminar participants at Boston University, Cornell University, Dartmouth, Hebrew University, UCLA, the 1996 American Finance Association Meetings, the NBER Corporate Finance Meetings, the 1995 CRSP Conference, and the 1995 Finance in Tel-Aviv Conference, Franklin Allen, Michael Brennan, Kenneth French, Ronen Israel, Avner Kalay, Shmuel Kandel, Maureen O'Hara, Jane Ou, Krishna Palepu, Arthur Raviv, Oded Sarig, Andrei Shleifer, Chester Spatt, Laura Starks, K.R. Subramanyam, Kent Womack, and especially Brad Barber, Alon Brav, Eugene Fama, Jay Ritter, and Robert Vishny. Remaining errors are ours",2,"Tel Aviv University | Cornell University | University of Chicago | University of California, Los Angeles",I16391192 I205783295 I40347166 I161318765,no
"Biostatistics Department, Boston University School of Public Health, Boston, Massachusetts, United States of America; The National Heart, Lung, and Blood Institute's Framingham Heart Study, Framingham, Massachusetts, United States of America",2,Framingham Heart Study,I4210123017,yes
BiostatisticsBoston University School of Public HealthBostonMAUSA,2,,,no
Boston Univ. Neurophotonics Ctr,2,NeoPhotonics (United States) | Neurophotonics Laboratory,I4210088641 I4210087937,no
"Boston University 1998 Graduated Magna Cum Laude. Faculty, School of International Studies, Universidad de Espiritu Santo, Guayaquil, Ecuador. Correo",2,Universidad Espíritu Santo,I3132284232,no
"Boston University Chobanian and Avedisian School of Medicine, Boston, MA, USA. Michael.Cassidy@bmc.org",2,,,no
"Boston University Cleveland , OH 44101 270 Bay State Road",2,Cleveland State University | Bay State College,I102607778 I78063147,no
Boston University Institute for Dental Research & Education - Dubai,2,University of Dubai,I132806614,no
"Boston University Marine Program , Marine Biological Laboratory , 7 MBL Street , Woods Hole , Massachusetts 02543 , USA",2,Marine Biological Laboratory,I1338920048,no
"Boston University Marine Program , Marine Biological Laboratory , Woods Hole , Massachusetts , 02543 , USA",2,Marine Biological Laboratory,I1338920048,no
"Boston University Marine Program , Marine Biological Laboratory , Woods Hole , Massachusetts , U.S.A. 02543",2,Marine Biological Laboratory,I1338920048,no
"Boston University Marine Program , Marine Biological Laboratory, Woods Hole, MA 02543, USA",2,Marine Biological Laboratory,I1338920048,no
Boston University Marine Program Marine Biological Laboratory  Woods Hole Massachusetts 02543,2,Marine Biological Laboratory,I1338920048,no
Boston University Marine Program Marine Biological Laboratory Woods Hole Massachusetts 02543,2,Marine Biological Laboratory,I1338920048,no
Boston University Marine Program Marine Biological Laboratory Woods Hole Massachusetts USA,2,Marine Biological Laboratory,I1338920048,no
"Boston University Marine Program, Marine Biological LAboratoryWoods Hole, MA 02543, USA",2,Marine Biological Laboratory,I1338920048,no
"Boston University Marine Program, Marine Biological Laboratory, Woods Hole, MA 02543 USA",2,Marine Biological Laboratory,I1338920048,no
"Boston University Marine Program, Marine Biological Laboratory, Woods Hole, Mass. 02543, USA",2,Marine Biological Laboratory,I1338920048,no
"Boston University Marine Program, Marine Biological Laboratory, Woods Hole, Mass., U.S.A",2,Marine Biological Laboratory,I1338920048,no
"Boston University Marine Program, Marine Biological Laboratory, Woods Hole, Massachusetts, U.S.A. 02543",2,Marine Biological Laboratory,I1338920048,no
"Boston University Marine Program, Marine Biological Laboratory. Woods Hole, Massachusetts 02543, USA",2,Marine Biological Laboratory,I1338920048,no
"Boston University Multipurpose Arthritis Center and the Department of Medicine, Boston City Hospital Boston, MA",2,,,no
"Boston University School of Medicine and Framingham Heart Study, Framingham, Massachusetts",2,Framingham Heart Study,I4210123017,yes
"Boston University School of Medicine, The Framingham Heart Study, 73 Mount Wayte Avenue, Suite 2, Framingham, MA 01702, USA",2,Framingham Heart Study,I4210123017,yes
Boston University in Madrid,2,,,no
"Boston University's Framingham Heart Study, National Heart, Lung, and Blood Institute, Framingham, MA, United States",2,"Framingham Heart Study | National Heart, Lung, and Blood Institute",I4210123017 I4210106489,yes
"Boston University's and NHLBI's Framingham Heart Study, Framingham, MA, USA",2,Framingham Heart Study,I4210123017,yes
"Boston University's and National Heart, Lung, and Blood Institute's Framingham Heart Study, Framingham, MA, 01702, USA",2,"Framingham Heart Study | National Heart, Lung, and Blood Institute",I4210123017 I4210106489,yes
"Boston University, Australia",2,,,no
"Boston University, Barcelona, Spain",2,Universitat de Barcelona,I71999127,no
"Boston University, Boston, UK",2,Universities UK,I185658715,no
"Boston University, China",2,,,no
"Boston University, UK",2,Universities UK,I185658715,no
"Boston University, United Kingdom",2,Universities UK,I185658715,no
Boston UniversityBostonMA,2,,,no
"Boston University’s and NHLBI’s Framingham Heart Study, Framingham, Massachusetts",2,Framingham Heart Study,I4210123017,yes
"Boston University’s and National Heart, Lung, and Blood Institute’s Framingham Heart Study",2,"Framingham Heart Study | National Heart, Lung, and Blood Institute",I4210123017 I4210106489,yes
"Boston Universty School of Medicine, Foundation for Research on the Nervous System, Bioradar UK Ltd, and Replikins, Ltd. https://www.nature.com/nature",2,,,no
"Boston UniÕersity , USA",2,Office of Diversity and Inclusion,I4210156156,no
"Both authors are from the Sloan School of Management, Massachusetts Institute of Technology. We thank Petr Adamek, Lars Hansen, John Heaton, Chi-fu Huang, Ravi Jagannathan, Barbara Jansen, René Stulz, and especially Bruce Grundy and the referee for helpful suggestions, and seminar participants at Boston University, Northwestern University, the Research Triangle Econometrics Workshop, the University of Texas at Austin, the University of Chicago, Washington University, the University of California at Los Angeles, the Wharton School, and Yale University for their comments. Financial support from the Laboratory for Financial Engineering is gratefully acknowledged. A portion of this research was conducted during the first author's tenure as an Alfred P. Sloan Research Fellow",2,Massachusetts Institute of Technology,I63966007,no
"California Polytechnic State University, College of BusinessBoston University, School of ManagementBoston University, School of Management",2,California Polytechnic State University,I149919469,no
"Center for Imaging and Pharmaceutical Research, University, Boston, MA, USA",2,,,no
"Center for Psychiatric Rehabilitation, https://ror.org/05qwgg493Boston University, Boston, MA, USA",2,,,no
"Clinical Science, Servier Pharmaceuticals, Boston, MA, USA",2,,,no
College of Engineering at Boston Uni-versity,2,,,no
Department of BiochemistryBoston University School of MedicineBostonMassachusetts,2,,,no
Department of BiochemistryBoston University School of MedicineBostonMassachusettsUSA,2,,,no
"Department of Biostatistics, Boston University School of Public Health, Boston, MA, USA; National Heart, Lung, and Blood Institute's Framingham Heart Study, Framingham, MA, USA",2,Framingham Heart Study,I4210123017,yes
"Department of Biostatistics, Boston University School of Public Health, Boston, Massachusetts, United States of America; The Framingham Heart Study, Framingham, Massachusetts, United States of America",2,Framingham Heart Study,I4210123017,yes
Department of BiostatisticsSchool of Public HealthBoston UniversityBostonMAUSA,2,,,no
Department of EconomicsBoston University,2,,,no
"Department of Electrical and Computer Engineering & Photonics Center 8 Saint Mary’s Street, Boston, MA, 02215, USA",2,University of Saint Mary,I290929228,no
"Department of Mathematics and Statistics, 111 Cummington Street, Boston, MA, 02215, United States",2,,,no
"Department of Medicine, Evans Memorial Research Foundation, Boston University School of Medicine/Framingham Heart Study, Massachusetts, USA",2,Framingham Heart Study,I4210123017,yes
"Department of Neurology, Boston University School of Medicine, United Kingdom",2,Universities UK,I185658715,no
"Department of Orthodontics, Henry M. Goldman School of Dental Medicine, Boston, MA, USA",2,,,no
"Department of Orthodontics, School of Dental Medicine, Saint-Joseph University, Beirut, Liban; Department of Orthodontics, School of Dentistry, Beirut Arab University, Beirut, Liban; Department of Orthodontics and Dentofacial Orthopedics, Goldman School of Dental Medicine, Boston University, Boston, États-Unis",2,,,no
"Department of Surgery, Boston University Chobanian and Avedisian School of Medicine, Boston, MA, USA. Michael.Cassidy@bmc.org",2,,,no
Department of UrologyBoston University School of Medicine,2,,,no
"Dept. of Cognitive & Neural Syst., Boston Univ., MA",2,Cognitive Research (United States),I4210159958,no
Dept. of EconomicsBoston University 270 Bay State RoadBostonMA02215U.S.A,2,,,no
"Economist (Ph. D. Boston University), Hellenic Federation of Enterprises, Greece",2,Hellenic Federation of Enterprises,I4210109526,no
"Ed.M., Ed.D., Boston University) is research associate in nursing, and Mr. Flood (Bellevue, N.Y",2,,,no
"Elizabeth Duclos-Orsello, Ph.D. is a publically-engaged, social-justice driven scholar who directs the American Studies program at Salem State University where she is Associate Professor of Interdisciplinary Studies, Faculty Fellow for Service-Learning, and Affiliated Faculty member with the Center for Economic Development and Sustainability. She holds a Ph.D. in American Studies from Boston University and bachelor's degrees in History and Sociology-Based Human Relations from Connecticut College. Her areas of expertise include theories of community, cultural geography, nineteenth and twentieth century social and cultural history, as well as immigrant and ethnic history and literature. She has taught undergraduate and graduate students at a number of institutions, including at the University of Luxembourg where she was a Fulbright Faculty fellow in 2010. She has worked as a consultant for and as a scholar/educator at numerous museums and historic sites in MA, WI, and MN including the Minnesota Historical Society, Historic New England, The Nichols House Museum, and the House of the Seven Gables. In these roles she has assisted museums in their efforts to engage pressing social questions and concerns. She has directed two Teaching American History grants, presented numerous workshops for K-12 educators, and taught theatre in an Upward Bound program. She began her career as a social worker in Kansas City, Missouri and has served on non-profit boards and worked and volunteered for nearly two decades with community organizations, social service non-profits, and neighborhood groups wherever she has lived. She is a founding and ongoing contributor of The Public Humanist, a humanities and public policy blog",2,University of Luxembourg,I186903577,no
"Evans Memorial Department of Clinical Research, Boston UniversityMedical Center Hospital, Massachusetts 02118, USA",2,Boston Medical Center,I1286490081,no
"Favel L Mondesir Boston Univ, West Roxbury, MA",2,,,no
"Framingham Heart Study of the NHLBI and Boston University School of Medicine, Framingham, MA, USA",2,Framingham Heart Study,I4210123017,yes
"Framingham Heart Study of the National Heart, Lung, and Blood Institute and Boston University School of Medicine, Framingham, Massachusetts",2,"Framingham Heart Study | National Heart, Lung, and Blood Institute",I4210123017 I4210106489,yes
"Framingham Heart Study, Boston Univeristy",2,Framingham Heart Study,I4210123017,yes
"Framingham Heart Study, Boston University Chobanian & Avedisian School of Medicine, Boston, MA",2,Framingham Heart Study,I4210123017,yes
"Framingham Heart Study, Boston University Chobanian & Avedisian School of Medicine, Boston, MA, 02118, USA",2,Framingham Heart Study,I4210123017,yes
"Framingham Heart Study, Boston University Chobanian & Avedisian School of Medicine, Boston, MA, USA. farrer@bu.edu",2,Framingham Heart Study,I4210123017,yes
"Framingham Heart Study, Boston University Chobanian &amp; Avedisian School of Medicine  Boston Massachusetts USA",2,Framingham Heart Study,I4210123017,yes
"Framingham Heart Study, Boston University Chobanian &amp; Avedisian School of Medicine, Boston, Massachusetts, USA",2,Framingham Heart Study,I4210123017,yes
"Framingham Heart Study, Framingham, MA, USA; Department of Biostatistics, Boston University School of Public Health, Boston, MA, USA",2,Framingham Heart Study,I4210123017,yes
"Framingham Heart Study, Framingham, MA, USA; Department of Neurology, Boston University Chobanian & Avedisian School of Medicine, Boston, MA, USA",2,Framingham Heart Study,I4210123017,yes
"Framingham Heart Study, Framingham, MA; Department of Biostatistics, Boston University School of Public Health, Boston, MA",2,Framingham Heart Study,I4210123017,yes
"Framingham Heart Study, National Heart, Lung, and Blood Institute and Boston University Chobanian and Avedisian School of Medicine, Framingham, MA 01702, USA",2,"Framingham Heart Study | National Heart, Lung, and Blood Institute",I4210123017 I4210106489,yes
Framingham Heart Study/Boston University Framingham Massachusetts United States,2,Framingham Heart Study,I4210123017,yes
"From the Center for Health Quality, Outcomes, and Economic Research (A.J.R., D.R.B., M.B.O., N.R.K.), Bedford VA Medical Center; the Department of Medicine, Section of General Internal Medicine (A.J.R., D.R.B., M.M., N.R.K.), Boston University School of Medicine; the Department of Health Policy and Management (D.R.B., M.M.), Boston University School of Public Health; and the VA Boston Healthcare System (N.R.K.), Boston, Mass",2,,,no
"From the Framingham Heart Study, Boston University School of Medicine, Framingham, Mass",2,Framingham Heart Study,I4210123017,yes
"From the Laboratory of Experimental Oncology and Hematology, University of Louvain, Brussels, Belgium; and the Section of Hematology/Oncology, Boston University School of Medicine, Boston, MA",2,,,no
"Glenn Biggs Institute for Alzheimer's & Neurodegenerative Diseases, UT Health San Antonio, San Antonio, TX, USA; Department of Neurology, Boston University School of Medicine, Boston, MA, USA; The Framingham Heart Study, Framingham, MA, USA",2,Framingham Heart Study,I4210123017,yes
Harvard & Boston Univerities,2,Harvard University,I136199984,no
Health SciencesBoston UniversityBostonMAUnited States,2,Kingston University,I4210154901,no
"Infertility Ctr of St Louis, St. Louis, MO; MA Institute of Technology, Cambridge, MA; Boston Univ Sch of Medicine, Boston, MA, USA",2,Massachusetts Institute of Technology,I63966007,no
"Ivan Luptak BOSTON UNIV MEDICAL CTR, Boston, MA",2,Boston Medical Center,I1286490081,no
"Jennifer L. Bacon, M.S., has 15 years of experience in the health and fitness industry in the commercial, corporate, and community settings. Her education includes a B.S. in Natural Science and Mathematics from Muhlenberg College and an M.S. in Applied Anatomy and Physiology from Boston University. She has had the benefit of experiencing the industry from several vantage points as a trainer, program manager, general manager, and in several corporate leadership roles. Her areas of focus include building fee for service programs and creating engaged teams. She currently is the director of Operating Support Services for MediFit",2,,,no
"Joe Douillette is the Teen New Media Program Manager at the Institute of Contemporary Art. He oversees digital filmmaking, photography and music production workshops, and the ICA's high school credit program in partnership with the Boston Public Schools. Joe holds a B.S. in Broadcasting and Film from Boston University's College of Communication. In his most recent video art work he creates single-channel autobiographical vignettes",2,Institute of Contemporary Art,I1334725840,no
"John Anderson is Director of Education at New England Aquarium, where he leads efforts to develop programs that foster an ethic of ocean stewardship. Currently, he is directing the National Network for Ocean and Climate Change Interpretation. Anderson earned his MA in biology from Boston University and his BA in biology from Oberlin College and is a Senior Fellow of the Environmental Leadership Program",2,New England Aquarium,I2800520080,no
"Krista Dahl Kusuma is the Visitor Experience Manager at the Institute of Contemporary Art/Boston where she oversees an enthusiastic team of educators. She leads art history and museum studies courses at Lesley University and Suffolk University and holds M.A. degrees in Art History from Boston University and Education from Azusa Pacific University. She is an academic mentor for College Behind Bars, which supports inmates pursuing B.A. degrees while incarcerated",2,Institute of Contemporary Art,I1334725840,no
"M.S., Boston University) was instructor in psychiatric nursing at the University of California in San Francisco at the time she wrote this paper. Since February 1962 she has been traveling in the Middle East and is now living in Israel, doing some sociological research and some teaching, dividing her time between urban Tel Aviv and a rural Kibbutz",2,,,no
"MISS SEIDLER, the supervisor assigned to special studies at the Clinical Center of the National Institutes of Health, was responsible for planning, teaching, and supervising the modifications necessary in the Center's first use of the reverse isolator for an actual patient. A graduate of Kings County Hospital School of Nursing, Brooklyn, N.Y., Miss Seidler earned her B.S. from Wagner College, Staten Island, N.Y., and her M.S. from Boston University, Boston, Mass",2,,,no
"Master of Divinity and Master of Sacred Theology"" at Boston University",2,,,no
"Mathew Thomas is a Senior Exercise Physiologist for Fitcorp. He is an NSCA Certified Strength and Conditioning Specialist, an ACSM-certified Health and Fitness Instructor, and a USA Weightlifting Club Coach. He also has a Master of Science degree in Applied Anatomy and Physiology from Boston University",2,,,no
"Memory Disorders Research Center 151A, VA Boston Healthcare System and Bosten University School of Medicine, 150 South Huntington Ave, 2130, Boston, MA, USA",2,VA Boston Healthcare System,I2801671727,no
"NHLBI and Boston University's Framingham Heart Study, Framingham, MA",2,Framingham Heart Study,I4210123017,yes
"NHLBI and Boston University's Framingham Heart Study, Framingham, MA, 01701, USA",2,Framingham Heart Study,I4210123017,yes
"NHLBI and Boston University's Framingham Heart Study, Framingham, MA, 01702, USA",2,Framingham Heart Study,I4210123017,yes
"NHLBI and Boston University’s Framingham Heart Study, Framingham, MA, 01701, USA",2,Framingham Heart Study,I4210123017,yes
"NHLBI and Boston University’s Framingham Heart Study, Framingham, MA, 01702, USA",2,Framingham Heart Study,I4210123017,yes
"National Heart Lung and Blood Institute and Boston University's Framingham Heart Study, Framingham, MA, 01702, USA",2,"Framingham Heart Study | National Heart, Lung, and Blood Institute",I4210123017 I4210106489,yes
"National Heart Lung and Blood Institute and Boston University’s Framingham Heart Study, Framingham, MA, 01702, USA",2,"Framingham Heart Study | National Heart, Lung, and Blood Institute",I4210123017 I4210106489,yes
"National Heart Lung and Blood Institute's and Boston University's Framingham Heart Study, Framingham, MA 01701, USA",2,"Framingham Heart Study | National Heart, Lung, and Blood Institute",I4210123017 I4210106489,yes
"National Heart Lung and Blood Institute's and Boston University's Framingham Heart Study, Framingham, Massachusetts, United States of America",2,"Framingham Heart Study | National Heart, Lung, and Blood Institute",I4210123017 I4210106489,yes
"National Heart Lung and Blood Institute's and Boston University's Framingham Heart Study, MA (X.Y., M.G.L., R.S.V., E.J.B.)",2,"Framingham Heart Study | National Heart, Lung, and Blood Institute",I4210123017 I4210106489,yes
"National Heart Lung and Blood Institute’s and Boston University’s Framingham Heart Study, Framingham, MA",2,"Framingham Heart Study | National Heart, Lung, and Blood Institute",I4210123017 I4210106489,yes
"National Heart Lung and Blood Institute’s and Boston University’s Framingham Heart Study, Framingham, Massachusetts",2,"Framingham Heart Study | National Heart, Lung, and Blood Institute",I4210123017 I4210106489,yes
"National Heart Lung and Blood Institute’s, Boston University’s Framingham Heart Study, Framingham, MA, USA",2,"Framingham Heart Study | National Heart, Lung, and Blood Institute",I4210123017 I4210106489,yes
"National Heart, Lung and Blood Institute's and Boston University's Framingham Heart Study Framingham MA",2,"Framingham Heart Study | National Heart, Lung, and Blood Institute",I4210123017 I4210106489,yes
"National Heart, Lung and Blood Institute's and Boston University's Framingham Heart Study, Framingham, MA, USA. jmagnani@bu.edu",2,"Framingham Heart Study | National Heart, Lung, and Blood Institute",I4210123017 I4210106489,yes
"National Heart, Lung, and Blood Institute and Boston University's Framingham Heart Study, Framingham MA 01702, USA",2,"Framingham Heart Study | National Heart, Lung, and Blood Institute",I4210123017 I4210106489,yes
"National Heart, Lung, and Blood Institute and Boston University's Framingham Heart Study, Framingham, MA, USA",2,"Framingham Heart Study | National Heart, Lung, and Blood Institute",I4210123017 I4210106489,yes
"National Heart, Lung, and Blood Institute and Boston University's Framingham Heart Study, Framingham, Massachusetts",2,"Framingham Heart Study | National Heart, Lung, and Blood Institute",I4210123017 I4210106489,yes
"National Heart, Lung, and Blood Institute and Boston University's Framingham Heart Study, Framingham, Massachusetts, USA",2,"Framingham Heart Study | National Heart, Lung, and Blood Institute",I4210123017 I4210106489,yes
"National Heart, Lung, and Blood Institute's Framingham Heart Study, Framingham, Mass., Boston University School of Medicine, Boston",2,"Framingham Heart Study | National Heart, Lung, and Blood Institute",I4210123017 I4210106489,yes
"National Heart, Lung, and Blood Institute's and Boston University's Framingham Heart Study",2,"Framingham Heart Study | National Heart, Lung, and Blood Institute",I4210123017 I4210106489,yes
"National Heart, Lung, and Blood Institute's and Boston University's Framingham Heart Study, Framingham, Massachusetts, United States of America",2,"Framingham Heart Study | National Heart, Lung, and Blood Institute",I4210123017 I4210106489,yes
"National Heart, Lung, and Blood Institute’s and Boston University’s Framingham Heart Study, Framingham, Massachusetts, USA",2,"Framingham Heart Study | National Heart, Lung, and Blood Institute",I4210123017 I4210106489,yes
"National Heart, Lung, and Blood Institute’s and Boston University’s Framingham Heart Study, MA (S.D., A.S.B., E.J.B., S.S.)",2,"Framingham Heart Study | National Heart, Lung, and Blood Institute",I4210123017 I4210106489,yes
"Neurology Department, Boston University School of Medicine and The Framingham Heart Study, Framingham, MA",2,Framingham Heart Study,I4210123017,yes
"Pathology and Laboratory Medicine, VA Boston Healthcare System, West Roxbury MA and BU School of Medicine, Boston, MA, USA",2,VA Boston Healthcare System,I2801671727,no
"Professor of Purchasing and Logistics Management at Arizona State University. He holds a D.B.A. degree from Boston University and is a Certified Purchasing Manager. Dr. Carter's major research interests are supplier quality management, buyer-supplier communications, and international supply management systems",2,,,no
"Pulmonary Center, BU Medical School, Boston, MA, United States",2,,,no
"Questrom School of Business 595 Commonwealth Ave. Boston, MA 02215",2,,,no
"Robert Dawson Evans Department of Clinical Research, Boston UniversityMedical Center, Massachusetts 02118, USA",2,,,no
"School of Business and Departmento f Statistics, University of Wisconsin-MadisonA. n earlier version of this paper has been presented at Boston University, Columbia University, Merrill Lynch, Northwestern University, Purdue University, Southern Methodist University, University of California-Riverside, University of Illinois, University of Southern California, University of Wisconsin-Madison, Vanderbilt University, the Actuarial Research Conference in Toronto, the European Finance Association Meetings in Madrid, and the American Finance Association Meetings in Chicago. We would like to thank participants of these workshops. We also would like to thank Lillyn Teh for her computational assistance",2,"American Marketing Association | University of Illinois Chicago | University of California, Riverside",I4210145006 I39422238 I103635307,no
School of Medicine Boston UniversityBostonMAUnited States,2,,,no
"School of Medicine and the Departments of Medicine and Clinical Research, University Hospital, Boston, Massachusetts 02118",2,,,no
"School of Public Health Department of Global Health and Population 665 Huntington Ave. Building 1, 1202-B Boston, MA 02115",2,,,no
"Section of Gastroenterology, Evans Memorial Department of Clinical Research, University Hospital, Boston, Massachusetts 02118",2,,,no
"Shirley Ryan AbilityLab, and Departments of Physical Medicine and Rehabilitation and Psychiatry and Behavioral Science, Feinberg School of Medicine, Northwestern University, Chicago, Illinois (M.R.R.); Department of Physical Therapy and Athletic Training, Saint Louis University, St Louis, Missouri (E.C.H.B.); Department of Exercise Science, Physical Therapy Program, Arnold School of Public Health, University of South Carolina, Columbia (S.F.); College of Health and Rehabilitation Sciences: Sargent College, Boston University, Boston, Massachusetts (K.J.H.); Moss Rehabilitation Hospital, Philadelphia, Pennsylvania (K.M.); Kessler Institute for Rehabilitation, Saddle Brook, New Jersey (A.R.); and Departments of Physical Therapy and Rehabilitation Science, Neurology, and Physical Medicine and Rehabilitation, University of Kansas Medical Center, Kansas City (S.A.B.)",2,University of South Carolina,I155781252,no
"Sébastien Trives, titulaire d’un master en relations internationales (Université de Boston) et d’un diplôme en Affaires européennes (Université catholique de Louvain), a été coordinateur Afghanistan pour l’association humanitaire ACTED, et responsable du bureau régional de la Mission d’assistance des Nations unies (MANUA) pour le sud-est de l’Afghanistan",2,United Nations,I1286959531,no
"The Framingham Heart Study, Framingham, MA, USA; Department of Neurology, Boston University School of Medicine, Boston, MA, USA",2,Framingham Heart Study,I4210123017,yes
"The NHLBI and Boston University’s Framingham Heart Study, Fr, United States",2,Framingham Heart Study,I4210123017,yes
"The Pulmonary Center, Boston University Chobanian & Avedisian School of Medicine, Boston, MA, USA. justin.lui@bmc.org",2,,,no
The work reported here is contained in a dissertation submitted by the first author in partial fulfillment of requirements for the Ph.D. degree at Boston University,2,,,no
"Theodore Trefon (PhD de l'Université de Boston) se consacre au Congo depuis plus de vingt ans en tant que chercheur, coordonnateur de projets et consultant. Il travaille dans les domaines des sciences politiques, de l'anthropologie urbaine et de l'environnement et dirige la Section du temps présent (ancien CEDAF/Institut africain) au Musée royal de l'Afrique centrale. Il a édité l'ouvrage",2,,,no
"Theodore Trefon (PhD de l’Université de Boston) se consacre au Congo depuis plus de vingt ans en tant que chercheur, coordonnateur de projets et consultant. Il travaille dans les domaines des sciences politiques, de l’anthropologie urbaine et de l’environnement et dirige la Section du temps présent (ancien CEDAF/Institut africain) au Musée royal de l’Afrique centrale. Il a édité l’ouvrage",2,,,no
"This study was made possible by a grant from Boston University, Boston, Massachusetts",2,,,no
"Tomas Baka BOSTON UNIV MEDICAL CTR, Boston, MA",2,Boston Medical Center,I1286490081,no
"Univ of Boston, Boston, MA",2,,,no
"Universidad de Boston , Profesor de la Facultad de Ingeniería y Ciencias , Universidad Adolfo Ibáñez. Ha sido Ministro de Obras Públicas y presidente del Consejo Nacional de Innovación",2,Adolfo Ibáñez University,I21067949,no
Universidade de Boston (EUA),2,,,no
University of Boston  Boston MA USA,2,,,no
"University of Boston, Boston",2,,,no
"University of Boston, Boston, Massachusetts, USA;",2,,,no
"Vijaya B Kolachalama BU SCHOOL OF MEDICINE, Boston, MA",2,,,no
Whitaker Cardiovascular Institute and Evans Department of MedicineBoston University School of MedicineBostonMassachusetts,2,,,no
"director, Third (Boston University) Surgical Service and Research Laboratory, Boston City Hospital",2,,,no
"mrs. killam is associate clinical professor and director of nursing service at the University of Oregon Medical School Hospital, Portland, Ore. She earned a B.S. degree at the University of Portland and an M.S. at the University of Oregon. Later, she studied at Boston University. Her numerous organizational activities include membership on the Oregon Governor's Committee on Manpower and the Oregon State Board of Nursing. She is chairman of the Standards Committee of the Medical-Surgical Division of the American Nurses' Association and this year was elected president of the Oregon Nurses Association",2,University of Oregon,I181233156,no
"† The Framingham Heart Study, Boston University School of Medicine, Framingham, MA 01701",2,Framingham Heart Study,I4210123017,yes
ボストン大学医学部,2,,,no
"	professeur de science politique et d’études afro-américaines à l’Université de Boston. Elle a publié notamment Argument and Change in World Politics : Ethics, Decolonization and Humanitarian Intervention (Cambridge University Press, 2002) et Soviet Military Aircraft (Lexington Books, 1987) et a codirigé How Sanctions Work : Lessons from South Africa (Macmillan, 1999). Ses articles sur le rôle des émotions dans la politique mondiale, la Ligue iroquoise, les questions éthiques liées à la guerre contre le terrorisme, la guerre préventive, la responsabilité morale en matière de victimes civiles ont été publiés dans de très nombreuses revues, dont International Security, International Organization, Perspectives on Politics, Orbis, Ethics and International Affairs, Journal of Political Philosophy ainsi que dans des ouvrages collectifs. Elle est actuellement membre de la commission « Éthique » de l’Association américaine de science politique, après avoir été membre de son conseil d’administration et du comité de rédaction de l’American Political Science Review. 	",1,,,no
"
					Co-chercheuse principale et professeure au Sargent College of Health and Rehabilitation Sciences de l’université de Boston. Elle est aussi responsable du Centre collaborateur de l’Organisation mondiale de la santé en réadaptation psychiatrique. Depuis plus de trente ans, elle travaille dans le domaine de la réadaptation psychiatrique et du rétablissement.
				",1,,,no
"
					Min Reuchamps est professeur de science politique à l’Université catholique de Louvain (UCLouvain) en Belgique. Il est diplômé de l’Université de Liège et de Boston University. Ses enseignements et ses recherches portent sur le fédéralisme et la gouvernance multiniveaux, la démocratie et ses transformations et innovations, les méthodes participatives et délibératives, ainsi que les relations entre langue(s) et politique(s), en particulier le rôle des métaphores dans les discours politiques. 
				",1,UCLouvain,I95674353,no
"
	Vivien A. Schmidt est titulaire de la chaire Jean Monnet d’intégration européenne, professeure de relations internationales et science politique, et directrice fondatrice du Centre pour l’étude de l’Europe à l’université de Boston. Elle a publié de nombreux ouvrages sur l’économie politique, les institutions et la démocratie européennes ainsi que sur la théorie politique et institutionnelle. Elle est l’auteure de douze livres, parmi lesquels des plus récents : Resilient Liberalism in Europe’s Political Economy (Cambridge, 2013) et Democracy in Europe (Oxford, 2006), traduit en français avec le titre Démocratie en Europe (Paris, La Découverte, 2010), et nommé en 2014 par le Parlement européen comme un des « 100 ouvrages mémorables sur l’Europe ». Son ouvrage à paraître est sur la crise de la légitimité en Europe causé par la gouvernance de la crise de l’euro, intitulé : Europe’s Crisis of Legitimacy : Governing by Rules and Ruling by Numbers in the Eurozone (Oxford, 2018).
	",1,,,no
"
          Spécialiste des mondes russe et turc, docteur ès lettres de l’Université de Paris IV-Sorbonne et diplômée de Boston University en relations internationales et études stratégiques. Auteure de plusieurs ouvrages de géostratégie. Auditrice de l’IHEDN. Éditorialiste à l’institut FMES de Toulon. www.ana-pouvreau.com
",1,Sorbonne Université,I39804081,no
"
          Spécialiste des mondes russe et turc, docteur ès lettres de l’Université de Paris IV-Sorbonne et diplômée de Boston University en relations internationales et études stratégiques.
",1,Sorbonne Université,I39804081,no
"
          Spécialiste des mondes russe et turc, docteur ès lettres de l’Université de Paris IV-Sorbonne et diplômée de Boston University en relations internationales et études stratégiques. Auteure de plusieurs ouvrages de géostratégie. Auditrice de l’IHEDN. Éditorialiste à l’institut FMES de Toulon.
",1,Sorbonne Université,I39804081,no
"
          Spécialiste des mondes russe et turc. Écrivain et chercheur en sciences politiques, docteur ès lettres de l’Université de Paris IV-Sorbonne et diplômée de Boston University en relations internationales et études stratégiques. Auteure de plusieurs ouvrages de géostratégie.
",1,Sorbonne Université,I39804081,no
"
          Spécialiste des mondes russe et turc. Écrivain et chercheur en sciences politiques, docteur ès lettres de l’Université de Paris IV-Sorbonne et diplômée de Boston University en relations internationales et études stratégiques, elle est l’auteur de plusieurs ouvrages de géostratégie.
",1,,,no
"
          Spécialiste des mondes russe et turc. Écrivain et chercheur en sciences politiques, docteur ès lettres de l’Université de Paris IV-Sorbonne et diplômée de Boston University en relations internationales et études stratégiques, elle est l’auteure de plusieurs ouvrages de géostratégie.
",1,,,no
"
          Écrivain et chercheur en sciences politiques, docteur ès lettres de l’Université de Paris IV-Sorbonne et diplômée de Boston University en relations internationales et études stratégiques. Auteur d’un ouvrage sur la Légion étrangère Le système Légion (2008). Spécialiste des mondes russe et turc.
",1,Sorbonne Université,I39804081,no
"
 Spécialiste des mondes russe et turc, docteur ès lettres de l’Université de Paris IV-Sorbonne et diplômée de Boston University en relations internationales et études stratégiques. Auteure de plusieurs ouvrages de géostratégie. Éditorialiste à l’Institut FMES. Auditrice de l’IHEDN.
",1,Sorbonne Université | Institut Pasteur,I39804081 I157536573,no
"
Journaliste et professeuse de journalisme scientifique à l’université de Boston, dans le Massachusetts.
",1,World Federation of Science Journalists,I4210099644,no
"
Professeur à l’Université de Boston, Chaire Jean Monnet. Directeur, Centre
pour l’Étude de l’Europe, Pardee School of Global Studies.
",1,,,no
"
Vivien Schmidt est professeur de relations internationales, Jean Monnet Professor de politique européenne, et directeur du Centre des études de l’Europe à l’université de Boston.
	Traduit de l’anglais par François Boisivon.
	",1,,,no
"#N# 2Boston University School of Medicine, USA",1,Kingston University,I4210154901,no
"#N# 2Boston University Schools of Medicine and Public Health, USA",1,,,no
"#N# 2Boston University, USA",1,Kingston University,I4210154901,no
#N# bBoston University,1,,,no
#N##N#cBoston University,1,,,no
#N#5Boston University#N#,1,Kingston University,I4210154901,no
"#N#BBoston University Marine Program, Marine Biological Laboratory, Woods Hole, MA 02543",1,Marine Biological Laboratory,I1338920048,no
"'s disclosure policy and have no conflicts of interest to disclose. For comments and discussions, we would like to thank Max Croce; Riccardo Colacito; Xiang Fang; Ralph Koijen; Hanno Lustig; Matteo Maggiori; Alessandro Rebucci; Jesse Schreger; Adrien Verdelhan; Colin Weiss; Eric van Wincoop; Frank Warnock; Motohiro Yogo; and seminar participants at Boston University, the European Finance Association, the Federal Reserve Board, Imperial College, John Hopkins University, London Business School, New York University, Northwestern Kellogg, University of Geneva, University of Minnesota, University of Virginia, University of Wisconsin, the Triangle Macro-Finance Workshop, the Vienna Symposium on Foreign Exchange Markets, the Online International Finance and Macro Seminar, the Virtual Finance Workshop, and CEPR—6th International Macroeconomics and Finance Conference 2021. Steven Zheng and Cody Wan provided excellent research assistance. The views in this paper are solely the responsibility of the authors and should not be interpreted as reflecting the views of the Board of Governors of the Federal Reserve System or any other person associated with the Federal Reserve System",1,,,no
"( UBC, NBER & CEPR) (Oxford , CESifo) (Open Philanthropy) ( Boston UniversityUniversity , Berkeley ,",1,,,no
"(1) Boston University School of Medicine, Boston, United Kingdom",1,,,no
"(AGH) Boston University Marine Program, Marine Biological Laboratory, Woods Hole, Massachusetts, 02543, U.S.A",1,Marine Biological Laboratory,I1338920048,no
"(BU),",1,,,no
"(Boston University), Department of Advertising, University of Tennessee, Knoxville",1,University of Tennessee at Knoxville,I75027704,no
"(Ed. D., Boston University) is a teacher of French at Natick High School in Natick, Mass",1,Combat Capabilities Development Command Soldier Center,I2799998900,no
"(Ed.D., Boston University) is Foreign Language Department Chairperson and teacher of Spanish at Toil Gate High School, Warwick, Rhode Island and Foreign Language Methods Instructor, Brown University, Providence, Rhode Island",1,Brown University,I27804330,no
"(From the Department of Medicine , Tufts University School of Medicine , and Boston Uni- versity School of Medicine , and from the Medical Service of the New England",1,Tufts Medical Center,I1290900354,no
"(From the Department of Medicine, Tufts University School of Medicine, and Boston Uni-versity School of Medicine, and from the Medical Service of the New England Center Hospital and the Evans Memorial, Massachusetts Memorial Hospitals, Boston, Mass",1,Tufts Medical Center,I1290900354,no
"(From the Evans Memorial Department of Clinical Research and Preventive Medicine, Mas-sachusetts Memorial Hospitals, The Radioisotope Service, Boston Veterans Ad-ministration Hospital, and the Department of Medicine, Boston Uni-versity School of Medicine, Boston, Mass",1,,,no
"(From the New England Center Hospital and the Department of Medicine, Tufts College Mcdical School, and from the Evans Memorial, Massachusetts Memorial Hospitals, and the Departmtentt of Medicine, Boston Untiversity School of Medicine, Boston, Mass",1,,,no
"(GGR) Boston University Marine Program, Marine Biological Laboratory, 7 MBL Street, Woods Hole, Massachusetts 02543",1,Marine Biological Laboratory,I1338920048,no
(Uniuersitat de Boston),1,,,no
"(william.fernandez@bmc.org)Department of Emergency MedicineBoston University School of MedicineBoston Medical CenterBoston, MA",1,,,no
") Boston University-Madrid, Miguel Angel 8, E-28010 Madrid, Spain",1,,,no
") Educadora e investigadora de, Doctora y Master en Educación Artística por la Uni-versidad de Connecticut y la Universidad de Boston (Estados Unidos), Profesora Titular retirada (USP-Universidad de São Paulo), actúa en el Master y Doctorado en Diseño (Uni-versidad Anhembi Morumbi-Brasil). Orden Nacional del Mérito Científico y Orden del Mérito Cultural (2016)",1,,,no
") of Qur'anic studies , Faculty of Islamic Studies , University of Sarajevo. He has delivered lectures at Ljubljana University , Yale Uni- versity , Boston University , Zagreb University , and Istanbul University ,",1,University of Sarajevo,I104817121,no
") was supplied and this investigation supported by a grant from the U. S. Vitamin & Pharmaceutical Corp., New York, New York.LEE STEVENSBINDER, M.D. is Clinical Assistant Professor at the Downstate Medical Center, Brooklyn, New York, Assistant Visiting Anesthetist, Kings County Hospital, Brooklyn, New York, and Associate Director of Anesthesia at Franklin General Hospital, Valley Stream, New York. He received his M.D. degree from Boston University School of Medicine, Boston, Massachusetts, in 1952. He interned at Kings County Hospital, Brooklyn, New York during 1953, and served a residency in anesthesiology at Kings County Hospital during 1954, and 1956",1,,,no
"* Corresponding author. E-mail: E-mail Address: [email protected]California Polytechnic State University, College of BusinessBoston University, School of ManagementBoston University, School of Management",1,California Polytechnic State University,I149919469,no
"* Professor of Philosophy and head of the department at West Virginia Wesleyan College. A Puerto Rican by birth, Dr. Fránquiz received his higher education in the United States, holding degrees from Colgate University (B.A, 1930) and Boston University (S.T B., 1933 and Ph. D, 1940). Before coming to West Virginia Wesleyan College Dr. Fránquiz was a teacher in the department of philosophy of the University of Puerto Rico, 1936–46. He has participated in the Inter-American Congresses of Philosophy and has contributed numerous articles to various learned journals in America and abroad This article was first read as a paper before a meeting of the Southern Society for Philosophy of Religion in Atlanta, Georgia, during the first week of March, 1952",1,,,no
"* Professor, Department of Law, Taxation and Financial Planning, Bentley College and the McCallum Graduate School of Business; B.A., University of Pennsylvania; J.D., Boston University School of Law; Fellow in the Bentley Center for Business Ethics",1,Bentley University,I139924743,no
"** Professor, Department of Law, Taxation and Financial Planning, Bentley College and the McCallum Graduate School of Business; B.A. and M.A., Boston College; J.D., Suffolk University Law School; LL.M., Boston University School of Law",1,,,no
"***Ph.D. en Ciencia Política de Boston University, profesora asociada del Departamento de Ciencia Política de la Universidad de los Andes y directora de su Programa de Investigación sobre Construcción de Paz (ConPaz). Correo electrónico: rettberg@uniandes.edu.co",1,,,no
**Bosten University,1,,,no
"**Surgical Planning Laboratory, Department of Radiology, Brigham and Women’s Hospital; *Pulmonary and Critical Care Division, Boston University School of Public Health; §§Department of Medicine, Vanderbilt University School of Medicine, Nashville, TN; ¶National Heart, Lung, and Blood Institute, Framingham Heart Study, Framingham; †Harvard Medical School; ‡‡Pulmonary Center, Department of Medicine, University of Colorado, Denver, CO",1,"Framingham Heart Study | Brigham and Women's Hospital | University of Colorado Denver | National Heart, Lung, and Blood Institute",I4210123017 I1283280774 I921990950 I4210106489,yes
"*Boston University Marine Program, Marine Biological Laboratory, Woods Hole, Massachusetts 02543, U.S.A",1,Marine Biological Laboratory,I1338920048,no
"*Cremers is at Mendoza College of Business, University of Notre Dame. Halling is at Stockholm School of Economics, University of Utah. Weinbaum is at Whitman School of Management, Syracuse University. The authors thank Gurdip Bakshi, Turan Bali, Hank Bessembinder, Oleg Bondarenko, Nicole Branger, Fousseni Chabi-Yo (WFA discussant), Joseph Chen, Magnus Dahlquist, James Doran, Wayne Ferson, Fangjian Fu, Kris Jacobs, Chris Jones, Nikunj Kapadia, Christian Schlag, Grigory Vilkov (EFA discussant), Shu Yan, Yildiray Yildirim, Hao Zhou, and seminar participants at Boston University, ESMT Berlin, Imperial College London, Stockholm School of Economics, the 2013 IFSID and Bank of Canada conference on tail risk and derivatives, the 21st Annual Conference on Financial Economics and Accounting (CFEA) at the University of Maryland, the 12th Symposium on Finance, Banking and Insurance, the 2012 WFA Meetings, and the 2012 EFA Meetings for helpful comments and discussions. The authors are grateful to two anonymous referees, an anonymous Associate Editor, and Campbell Harvey, the Editor, for helpful suggestions that greatly improved the paper. The authors are responsible for any errors",1,Syracuse University,I70983195,no
"*Division of Plastic and Reconstructive Surgery, Massachusetts General Hospital, Harvard Medical School, Boston, MA †Division of Plastic and Reconstructive Surgery, University of Florida Health Science Center, University of Florida College of Medicine, Gainesville, FL ‡Department of Plastic Surgery, Guy's & St. Thomas' Hospital, London, United Kingdom §Global Smile Foundation, Tufts University School of Medicine, Harvard Medical School, and Clinical Instructor of Otolaryngology, Boston University School of Medicine. Boston, MA",1,,,no
"*Ethamivan (Emivan®) was supplied and this investigation supported by a grant from the U. S. Vitamin & Pharmaceutical Corp., New York, New York.LEE STEVENSBINDER, M.D. is Clinical Assistant Professor at the Downstate Medical Center, Brooklyn, New York, Assistant Visiting Anesthetist, Kings County Hospital, Brooklyn, New York, and Associate Director of Anesthesia at Franklin General Hospital, Valley Stream, New York. He received his M.D. degree from Boston University School of Medicine, Boston, Massachusetts, in 1952. He interned at Kings County Hospital, Brooklyn, New York during 1953, and served a residency in anesthesiology at Kings County Hospital during 1954, and 1956",1,Kings County Hospital Center,I4210117211,no
"*Framingham Heart Study †Department of Neurology, Framingham Heart Study, Boston University School of Medicine ‡Department of Biostatistics, Boston University School of Public Health, Boston, MA",1,Framingham Heart Study,I4210123017,yes
"*Framingham Heart Study, Department of Neurology, Boston University School of Medicine †Framingham Heart Study, Department of Biostatistics, Boston University School of Public Health, Boston, MA",1,Framingham Heart Study,I4210123017,yes
"*Member of the Brussels and Paris Bars, Member of the LCIA Court. The author wishes to express his thanks to Mrs. Mireille Eastman, student at the Boston University School of Law, for the thorough research she carried out in preparation of this article",1,,,no
"*See also p. 2868.; Drs. Tracey, Pavlov, and Huston and Mr. Czura are inventors on patents related to vagus nerve stimulation and cholinergic agonists as anti-inflammatory agents. Dr. Tracey is a cofounder and consultant to Critical Therapeutics, Boston, MA. Dr. Tracey has consulted for and owns stock in Innovative Metabolics, Boston, MA.; From the Laboratory of Biomedical Science (JMH, MGP, MO, KO, MRB, MA, SC, VAP, HY, CJC, KJT), Susan and Herman Merinoff Center for Patient Oriented Research (RSG, KJT), and Laboratory of Medicinal Biochemistry (CNM), The Feinstein Institute for Medical Research, Manhasset, NY; Supported, in part, by grant M01-RR018535 from the General Clinical Research Center of the Feinstein Institute for Medical Research, by grant RO1GM057226 from the National Institute of General Medical Sciences, and by the Defense Advanced Research Projects Agency.; the Department of Emergency Medicine (RY, HW), North Shore University Hospital–New York University School of Medicine, Manhasset, NY",1,,,no
"*Smith & Nephew, Memphis, TN; and the †Department of Orthopaedic Surgery, University of Boston Medical School, Boston, MA",1,Boston Medical Center,I1286490081,no
"*The author, a member of Delta Mu chapter and now associated with Zeta Tau chapter, is Assistant Professor of History at Northeastern University. He was granted his Ph.D. (1960) by Boston University. He is currently working on an evaluation of the practical contributions of the British Christian Socialists",1,Northeastern University,I12912129,no
"*Worcester Foundation for Experimental BiologyShrewsbury, Mass.Department of Biology, Boston UniversityBoston, Mass",1,,,no
". Boston University Tropical Ecology Program, USFQ, Ecuador",1,,,no
". Boston University's and National Heart, Lung, and Blood Institute's Framingham Heart Study Framingham US",1,"Framingham Heart Study | National Heart, Lung, and Blood Institute",I4210123017 I4210106489,yes
". C. ; Evans Menmorial , Massa- chuisetts Memorial Hospitals , and the Departmnent of Medicine , Boston Untiversity School of Medicine , Boston , Mass",1,,,no
". Department of Psychological and Brain Sciences , Boston University e",1,Hologic (Germany),I897549280,no
. Diretor Executivo da Infoteste do Brasil. Doutor em Psicofisiologia pela Boston University-EUA,1,,,no
". Elle a été postdoctoral Fellow, au Kilachand Honors College, de l’Université de Boston",1,,,no
". Livre docente em Imunologia pela USP-SP , PhD pela Boston University-USA. Pesquisador associado do Hospital Israelita Albert Einstein , São Paulo , SP , Brasil",1,Hospital Israelita Albert Einstein,I2800288331,no
". National Heart, Lung , and Blood Institute's and Boston University's Framingham Heart Study , Framingham , Massachusetts , USA",1,Framingham Heart Study,I4210123017,yes
". Pulmonary Disease, Critical Care Medicine, Elliot Health System 4. Neurology, Boston University School of Medicine",1,,,no
"1
            Department of Dermatology, The Saarland University Hospital, Homburg, 2Institute of Radiobiology, Federal Armed Forces Medical Academy, Munich, 3Institut für Medizinische Mikrobiologie und Hygiene, The Saarland University Hospital, Homburg, Germany, and 4Boston University Medical Center, Vitamin D, Skin and Bone Research Laboratory, Boston, MA, USA",1,Saarland University | University Medical Center,I91712215 I2802849423,no
"1
            Wound Healing Research Unit, Department of Surgery, Cardiff University, Cardiff, UK; 

            
              2
            Keith Moore, PhD, WoundSci, PO Box 32, Usk, Monmouthshire, UK; Tania J. Phillips, MD, 3Boston University School of Medicine, Boston, MA, USA",1,Cardiff University,I79510175,no
"1 Department of Computing Science, University of Aberdeen, Aberdeen, Scotland, UK and 2Department of Biomedical Engineering, University of Boston, Boston, MA, USA",1,University of Aberdeen,I195460627,no
"1 The Framingham Heart Study of the National Heart, Lung, and Blood Institute of the National Institutes of Health and Boston University School of Medicine, Framingham, MA 01702, 2Broad Institute of MIT and Harvard, Cambridge, MA 02142, 3Division of Genetics, Department of Medicine, Brigham and Women's Hospital, and Harvard Medical School-Partners HealthCare Center for Genetics and Genomics, 77 Avenue Louis Pasteur, Boston, MA 02215 and 4Cardiology Division, Massachusetts General Hospital, Boston, MA 02114, USA",1,Framingham Heart Study | Brigham and Women's Hospital | Mass General Brigham | Harvard University | Massachusetts General Hospital | Broad Institute | Massachusetts Institute of Technology,I4210123017 I1283280774 I48633490 I136199984 I4210087915 I107606265 I63966007,yes
1--> Med. BU School of Med. United States,1,,,no
"1. Program in Neuroscience and Program in Digital and Computational Studies, Bowdoin College, Maine, USA


2. Graduate Program in Neuroscience, Boston University, Boston, Massachusetts, USA",1,,,no
"1. Program in Neuroscience and Program in Digital and Computational Studies, Bowdoin College, Maine, USA


2. Graduate Program in Neuroscience, Boston University, Boston, Massachusetts, USA",1,,,no
"10American Thoracic Society, New York, NY.; 1University of Pittsburgh Schools of the Health Sciences, Pittsburgh, PA.; 2University of Pennsylvania School of Medicine, Philadelphia, PA.; 3Society of Critical Care Medicine, Mount Prospect, IL.; 4University of Chicago School of Medicine, Chicago, IL.; 5American College of Chest Physicians, Glenview, IL.; 6Boston University School of Medicine, Boston, MA.; 7University of South Florida College of Nursing, Tampa, FL.; 8American Association of Critical-Care Nurses, Aliso Viejo, CA.; 9Tufts University School of Medicine, Boston, MA",1,,,no
10Boston University,1,Kingston University,I4210154901,no
"11 Pulmonary Center, Department of Medicine, Boston University School of Medicine, Boston, Massachusetts.; 4 The NHLBI's Framingham Heart Study, Boston, Massachusetts",1,Framingham Heart Study,I4210123017,yes
11Boston University,1,Kingston University,I4210154901,no
"12Boston University and Boston Medical Center, Section of Hematology/Oncology, Boston, Massachusetts",1,Boston Medical Center,I1286490081,no
"13Boston University Chobanian & Avedisian School of Medicine and Boston Medical Center, Boston, MA;",1,Boston Medical Center,I1286490081,no
"15Boston University Chobanian and Avedisian School of Medicine and Boston Medical Center, Boston, United States",1,Boston Medical Center,I1286490081,no
"1Assistant Professor of Economics, Boston University/Mahkota College, Kuala Lumpur, Malaysia",1,,,no
1BOSTON University,1,,,no
1Boston Univ Sch. of Med,1,,,no
1Boston Univ. Sch. of Med.; 3Boston Univ,1,Kingston University,I4210154901,no
1Boston University Chobanian & Avedisian School of Medicine,1,,,no
"1Boston University Chobanian & Avedisian School of Medicine and Boston Medical Center, Section of Hematology and Medical Oncology, Department of Medicine, Boston, United States",1,Boston Medical Center,I1286490081,no
"1Boston University Chobanian & Avedisian School of Medicine, Boston, MA, USA, 2Boston Medical Center, Boston",1,Boston Medical Center,I1286490081,no
"1Boston University Massachusetts, U.S.A",1,University of Massachusetts Boston | Kingston University,I33434090 I4210154901,no
"1Boston University Medical Center, Boston, Massachusetts",1,Boston Medical Center,I1286490081,no
"1Boston University Medical Center, Hematology/Oncology, Boston, United States",1,Boston Medical Center,I1286490081,no
"1Boston University School of Medicine and Boston Medical Center, Boston, MA",1,Boston Medical Center,I1286490081,no
"1Boston University School of Medicine, Boston, MA, 2University of British Columbia and British Columbia Cancer Agency, Vancouver, BC, Canada",1,BC Cancer Agency,I1289530486,no
"1Boston University School of Medicine, Department of Anatomy and Neurobiology, 700, Albany Street W746, Boston, MA 02118, USA; 2C. und O. Vogt-Institut für Hirnforschung, Institut für Morphologische Endokrinologic und Histochemie, Universität Düsseldorf, Moorenstr. 5, D-40225 Düsseldorf, Germany; Neural Systems Group, Department of Psychology, Claremont Place, Newcastle upon Tyne, NE1 7RU, UK",1,Heinrich Heine University Düsseldorf | Morpho (United States),I44260953 I174015415,no
"1Boston University School of Medicine, Section of Endocrinology, Diabetes, and Nutrition, Boston, Massachusetts",1,Diabetes Australia,I2799803081,no
"1Boston University School of Social Work,264 Bay State Road,Boston,MA 02215,USA",1,Bay State College,I78063147,no
"1Boston University and Harvard Medical School, Massachusetts",1,Harvard University,I136199984,no
"1Boston University, Brussels",1,Boston University Brussels,I4210120062,no
"1Boston University, Dept. of Classical Studies",1,,,no
"1Boston University, Mass",1,Kingston University,I4210154901,no
"1Boston University, USA",1,,,no
"1Boston University, lepstein@bu.edu",1,,,no
"1Boston University-Boston Medical Center Cancer Center, Boston, Massachusetts",1,Boston Medical Center,I1286490081,no
1Boston University; 2Combat Capabilities Development Command Soldier Center,1,United States Army Combat Capabilities Development Command,I2802705668,no
"1Central American Institute For Studies On Toxic Substances (Iret), Universidad Nacional, Costa Rica; 2Boston University School Of Public Health, United States",1,American Institute for Economic Research,I1303069342,no
"1Lovelace Respiratory Research Institute, Albuquerque, NM, 2Boston University, Boston, MA",1,Lovelace Respiratory Research Institute,I1305258596,no
"1Richard S. Chung is vice president and medical director, care management department, Hawaii Medical Service Association, Honolulu, and adjunct assistant professor of psychiatry at the John A. Burns School of Medicine, University of Hawaii. Dr. Chung earned his MD at Boston University School of Medicine, completed his internship and first year of medical residency in Massachusetts, and completed his psychiatric residency at the Sepulveda VA Medical Center, where he was chief resident",1,,,no
"1Stanford University School of Medicine, Stanford, California 2Boston University, Boston, Massachusetts 3Center for Health Care Evaluation, VA Palo Alto Health Care System, Menlo Park, California 4Department of Health Research and Policy, Stanford University, Stanford, California 5Department of Plastic and Reconstructive Surgery, Stanford University School of Medicine, Stanford, California 6Department of Orthopaedic Surgery, Stanford University School of Medicine, Stanford, California",1,Stanford University | Stanford Health Care,I97018004 I4210105015,no
"1UCLA, Los Angeles, CA, 2Boston University, Boston, MA, 3Univ of Texas Southwestern Medical Center, Dallas, TX",1,The University of Texas Southwestern Medical Center,I867280407,no
1University of Boston,1,,,no
"1University of Pittsburgh Schools of the Health Sciences, Pittsburgh, PA. 2University of Pennsylvania School of Medicine, Philadelphia, PA. 3Society of Critical Care Medicine, Mount Prospect, IL. 4University of Chicago School of Medicine, Chicago, IL. 5American College of Chest Physicians, Glenview, IL. 6Boston University School of Medicine, Boston, MA. 7University of South Florida College of Nursing, Tampa, FL. 8American Association of Critical-Care Nurses, Aliso Viejo, CA. 9Tufts University School of Medicine, Boston, MA. 10American Thoracic Society, New York, NY",1,,,no
"1] Boston University School of Public Health, Department of Biostatistics, Boston, Massachusetts 02118, USA [2] NHLBI's and Boston University's Framingham Heart Study, Framingham, Massachusetts 01702-5827, USA",1,Framingham Heart Study,I4210123017,yes
"1] Department of Biostatistics, Boston U School of Public Health, Boston, Massachusetts 02118, USA [2] Framingham Heart Study, Framingham, Massachusetts 01702, USA",1,Framingham Heart Study,I4210123017,yes
"1] Department of Biostatistics, Boston University School of Public Health, Boston, Massachusetts 02215, USA [2] NHLBI Framingham Heart Study, Framingham, Massachusetts 01701, USA",1,Framingham Heart Study,I4210123017,yes
"1] Department of Biostatistics, Boston University School of Public Health, Boston, Massachusetts, USA. [2] National Heart, Lung, and Blood Institute's Framingham Heart Study, Framingham, Massachusetts, USA. [3]",1,Framingham Heart Study,I4210123017,yes
"1] Department of Neurology Boston University School of Medicine, Boston, MA, USA [2] Department of Biostatistics, Boston University School of Medicine, Boston, MA, USA [3] National Heart, Lung and Blood Institute's Framingham Heart Study, Framingham, MA, USA",1,Framingham Heart Study,I4210123017,yes
"1] Department of Neurology, Boston University School of Medicine, Boston, MA, USA [2] Framingham Heart Study, Framingham, MA, USA",1,Framingham Heart Study,I4210123017,yes
"1] Department of Neurology, Boston University School of Medicine, Boston, MA, USA [2] The National, Heart, Lung and Blood Institute's Framingham Heart Study, Framingham, MA, USA",1,Framingham Heart Study,I4210123017,yes
"1] Department of Neurology, Boston University School of Medicine, Boston, Massachusetts 02118, USA. [2] Framingham Heart Study, Framingham, Massachusetts 01702, USA",1,Framingham Heart Study,I4210123017,yes
"1] Department of Neurology, Boston University School of Medicine, Boston, Massachusetts, USA. [2] Department of Biostatistics, Boston University School of Public Health, Boston, Massachusetts, USA. [3] National Heart, Lung, and Blood Institute (NHLBI) Framingham Heart Study, Framingham, Massachusetts, USA",1,Framingham Heart Study,I4210123017,yes
"1] Framingham Heart Study, Framingham, MA, USA [2] Department of Biostatistics, Boston University School of Public Health, Boston, MA, USA",1,Framingham Heart Study,I4210123017,yes
"1] NHLBI's Framingham Heart Study, National Heart, Lung and Blood Institute, Framingham, Massachusetts, USA [2] Department of Biostatistics, Boston University School of Public Health, Boston, Massachusetts, USA",1,Framingham Heart Study,I4210123017,yes
"1] National Heart, Lung and Blood Institute Framingham Heart Study, Framingham, Massachusetts 01702-5827, USA [2] Boston University School of Medicine, Boston, Massachusetts 02118, USA",1,Framingham Heart Study,I4210123017,yes
"1] National Heart, Lung and Blood Institute Framingham Heart Study, Framingham, Massachusetts 01702-5827, USA [2] Boston University School of Medicine, Boston, Massachusetts 02118, USA [3] National Heart, Lung, and Blood Institute, Intramural Research Program, National Institutes of Health, Bethesda, Maryland 20892, USA",1,"Framingham Heart Study | National Heart, Lung, and Blood Institute",I4210123017 I4210106489,yes
"1] National Heart, Lung and Blood Institute Framingham Heart Study, Framingham, Massachusetts 01702-5827, USA [2] Department of Biostatistics, Boston University School of Public Health, Boston, Massachusetts 02118, USA",1,Framingham Heart Study,I4210123017,yes
"1] National Heart, Lung, and Blood Institute (NHLBI) Framingham Heart Study, Framingham, Massachusetts 01702, USA [2] Department of Biostatistics, Boston University School of Public Health, Boston, Massachusetts 02118, USA",1,Framingham Heart Study,I4210123017,yes
"1] Pulmonary Center, Boston University School of Medicine, Boston, Massachusetts, USA. [2] National Heart, Lung, and Blood Institute's Framingham Heart Study, Framingham, Massachusetts, USA",1,Framingham Heart Study,I4210123017,yes
"1] The Framingham Heart Study, Framingham, Massachusetts 01702, USA [2] Department of Medicine, Section of General Internal Medicine, Boston University School of Medicine, Boston, Massachusetts 02118, USA",1,Framingham Heart Study,I4210123017,yes
"2 Framingham Heart Study, NHLBI, Framingham, Massachusetts.; 3 Department of Biostatistics, Boston University School of Public Health, Boston, Massachusetts",1,Framingham Heart Study,I4210123017,yes
"2. Boston University Marine Program, Marine Biological Laboratory, Woods Hole, Massachusetts",1,Marine Biological Laboratory,I1338920048,no
"2. Boston University Marine Program, Marine Biological Laboratory, Woods Hole, Massachusetts 02453",1,Marine Biological Laboratory,I1338920048,no
2009 IZA Summer School in Labor Economics and the Empirical Microeconomics Lunch at Boston University,1,IZA - Institute of Labor Economics,I197518295,no
"221 Mt. Auburn Street, Cambridge, MA 02138Department of Social Medicine, Harvard andDepartment of Philosophy, Boston UniversityAmelie_Rorty@hms.harvard.edu",1,Harvard University | Dana-Farber/Harvard Cancer Center,I136199984 I4210134579,no
"26Boston University Medical Center, Boston, United States",1,Boston Medical Center,I1286490081,no
"27National Heart, Lung, and Blood Institute and Boston University’s Framingham Heart Study, Framingham, MA",1,"Framingham Heart Study | National Heart, Lung, and Blood Institute",I4210123017 I4210106489,yes
2Anthony Watson is an international lawyer who specializes in the Middle East. He earned a J.D. and an M.B.A. from Northeastern University in 1997 and a B.A./M.A. from Boston University in 1990,1,Northeastern University,I12912129,no
"2BU, Boston, MA",1,,,no
2Boston Univ. Goldman Sch. of Dental Med,1,,,no
2Boston University Alumnus,1,Kingston University,I4210154901,no
"2Boston University Boston Medical Center, Boston, MA",1,Boston Medical Center,I1286490081,no
"2Boston University Chobanian & Avedisian School of Medicine and Boston Medical Center, Amyloidosis Center, Boston, United States",1,Amyloidosis Foundation,I4210109810,no
2Boston University Medical Center,1,University Medical Center,I2802849423,no
2Boston University Medical Center Boston MA United States,1,Boston Medical Center,I1286490081,no
"2Boston University and Boston Medical Center, Boston, United States",1,Boston Medical Center,I1286490081,no
"2Boston University, Boston Medical Center, Boston, MA",1,Boston Medical Center,I1286490081,no
"2Boston University, Boston, Massachusetts, U.S.A",1,University of Massachusetts Boston,I33434090,no
"2Boston University, U.S.A",1,Kingston University,I4210154901,no
"2Division of Computational Biomedicine, Boston Univ. Sch. of Med",1,,,no
"2Mark W. Millard is medical director of the Baylor Asthma and Pulmonary Rehabilitation Center at Baylor University Medical Center in Dallas, TX. He completed an undergraduate degree at Duke University, followed by an MD at the University of Texas Southwestern Medical School. He accomplished an internship and a residency in internal medicine at Yale-New Haven Hospital, followed by a fellowship in pulmonary medicine at Boston University",1,Baylor University Medical Center,I2802366037,no
"2National Heart, Lung, and Blood Institute's and Boston University's Framingham Heart Study, 73 Mount Wayte Avenue, Framingham, MA 01702 USA",1,Framingham Heart Study,I4210123017,yes
30Boston University,1,Kingston University,I4210154901,no
34Boston University,1,Kingston University,I4210154901,no
3Boston Med. Ctr.; 4Boston Univ. Sch. of Med,1,,,no
3Boston Univ,1,Kingston University,I4210154901,no
3Boston University Chobanian & Avedisian School of Medicine,1,,,no
"3Boston University Chobanian & Avedisian School of Medicine and Boston Medical Center, Department of Pathology and Laboratory Medicine, Boston, United States",1,Boston Medical Center,I1286490081,no
"3Boston University Medical Center, Boston, MA",1,Boston Medical Center,I1286490081,no
"3Boston University Medical Center, Boston, Massachusetts",1,Boston Medical Center,I1286490081,no
"3Boston University and Boston Medical Center, Boston, MA;",1,Boston Medical Center,I1286490081,no
"3Boston University, 23 Knollwood Drive, East Falmouth, MA 02536, USA",1,,,no
"3Boston University, Cambridge, MA",1,,,no
"3Boston University, MA",1,Kingston University,I4210154901,no
"3Laboratory for Cerebral Dynamics Plasticity & Rehabilitation, Boston University School of Medicine, Boston, France",1,Dynamique du noyau,I4210142887,no
"4 Department of Neurology, Boston University School of Medicine, and the NHLBI's Framingham Heart Study, Framingham, Massachusetts",1,Framingham Heart Study,I4210123017,yes
"4. Boston University Marine Program, Marine Biological Laboratory, Woods Hole, MA 02543",1,Marine Biological Laboratory,I1338920048,no
"446213The Fenway Institute, Boston, USA.; Department of Psychiatry, 2348Massachusetts General Hospital, Boston, USA.; Department of Psychological and Brain Sciences, 1846Boston University, Boston, USA",1,,,no
4Boston Univ. Sch. of Med.; 7Boston Univ,1,Kingston University,I4210154901,no
"4Boston University Marine Program, 7 MBL Drive, Woods Hole, Massachusetts 02543",1,Marine Biological Laboratory,I1338920048,no
"4Boston University School of Medicine, Boston Medical Center, Boston, MA 02118 USA",1,Boston Medical Center,I1286490081,no
"4Boston University School of Medicine, Radiation Oncology Department, Boston Medical Center",1,Boston Medical Center,I1286490081,no
"4Boston University, Wyss Institute for Biologically Inspired Engineering, The Howard Hughes Medical Institute, Boston, MA",1,Howard Hughes Medical Institute,I1344073410,no
"5. Boston University Marine Program, Marine Biological Laboratory, Woods Hole, MA 02543",1,Marine Biological Laboratory,I1338920048,no
"590 Commonwealth Ave. Physics Department, Boston MA 02215, USA",1,Massachusetts Institute for a New Commonwealth,I3128155725,no
"5Boston University Bioinformatics Graduate Program, Boston, Massachusetts",1,University of Massachusetts Boston,I33434090,no
"5Boston University Chobanian & Avedisian School of Medicine and Boston Medical Center, Boston, MA",1,Boston Medical Center,I1286490081,no
5Boston University School of Medicine,1,Kingston University,I4210154901,no
"5Boston University School of Medicine and the Framingham Heart Study, Boston, MA 02118 USA",1,Framingham Heart Study,I4210123017,yes
"5Boston University School of Medicine, Amyloidosis Center, Boston, United States",1,Amyloidosis Foundation,I4210109810,no
"5Boston University School of Public Health and the Framingham Heart Study,Boston,MA,USA",1,Framingham Heart Study,I4210123017,yes
5Boston University;,1,Kingston University,I4210154901,no
6Boston University,1,Kingston University,I4210154901,no
"6Boston University School of Medicine, Boston Medical Center, Boston, MA",1,Boston Medical Center,I1286490081,no
"6Boston University, pat@patdeegan.com",1,,,no
7Boston Univ,1,Kingston University,I4210154901,no
"7Boston University Chobanian & Avedisian School of Medicine and Boston Medical Center, Boston, United States",1,Boston Medical Center,I1286490081,no
":770–784. Jurors and Coauthors: Lambertus G. Thijs (Amsterdam, The Netherlands), Jean Carlet (Paris, France), Massimo Antonelli (Rome, Italy), Joan Cassell (St. Louis, MO), Peter Cox (Toronto, Canada), Nicholas Hill (Boston, MA), Charles Hinds (London, UK), Jorge Pimentel (Coimbra, Portugal), Konrad Reinhart (Jena, Germany), B. Taylor Thompson (Boston, MA). Consensus Conference Organization: Scientific Advisors: François Lemaire (Créteil, France), Gordon Rubenfeld (Seattle, WA). International Consensus Conference Committee: ATS: Brian Kavanagh (Toronto, Canada), B. Taylor Thompson (Boston, MA)",1,,,no
"A Partner and a member of the legal staff of Kunasha Lipton. He holds an undergraduate degree in business administration from Northwestern University and a J.D. and an LL.M, in taxation from Boston University School of Law. Mr. Coleman is a member of the employee benefits committee of the New York State Bar Association tax section, a member of the section on corporation, banking, and business law of the American Bar Association, and a member of the American Benefits Conference",1,American Bar Association,I1301991143,no
"A consultant and facilitator for more than 20 years, Seth O. Reed was graduated with a bachelor's in History from Brown University and earned his master's in Education (Human Resource Education) at Boston University. His current work involves organizational development, satellite-based interactive distance learning, and performance improvement, not to mention a little standup training. He lives in Reading, Massachusetts, and is a member of both the National and Greater Boston chapters of the American Society for Training and Development, the Institute of Management Consultants, and the International Society for Performance Improvement",1,,,no
"A developmental psychologist, is a professor at the College of Nursing of The University of Iowa. She received a B.A. from Clark University, Worcester, an A.M. from Wellesley College, andan Ed.D. from Boston University, all in Massachusetts. The authors acknowledge the assistance and encouragement of George Winocur, M. D., medicaldirector, and Jane Dorman, R. N., M.A., director of nursing services, Psychiatric Hospital, The University of Iowa, and James Torner, M.S., statistical consultant",1,University of Iowa,I126307644,no
"A first vice president of prudential Securities Inc., and director ofsmall-cap research. She joined Prudential in 1986 as a quantitative analyst. Previously she was a senior consultant for Interactive Data Corporation in Boston and a financial analyst for Bostongas Company. Ms. Mott holds a B.B.A. from the University of Massachusetts at Amherst and an M.B.A. from Boston University",1,Prudential Financial (United States),I200966471,no
"A visiting scholar in the Department of Government, Critical Review Foundation, P. O. Box 869, Helotes, TX, 78023 E-mail: edcritrev@gmail.com ; University of Texas, Austin; Max Weber Senior Fellow of the Institute for the Advancement of the Social Sciences, Boston University",1,,,no
"A “Hot Topic Video” by Editor-in-Chief Rod J. Rohrich, M.D., accompanies this article. Go to PRSJournal.com and click on “Plastic Surgery Hot Topics” in the “Videos” tab to watch.” On the iPad, tap on the Hot Topics icon.; Boston, Mass.; Disclosure:Dr. Dean has a research collaboration agreement with EnvisionTEC, Inc. (Dearborn, Mich.), a 3D printer manufacturer whose devices are used in this project. He is also the lead inventor of patents assigned to, has received compensation from, and has an ownership stake in Osteoplastics, LLC (Shaker Heights, Ohio). The technology covered by some of those assigned patents is used in this study. Some of the implant design and fabrication technology discussed in this review has been patented and assigned or licensed to Osteoplastics, LLC, and 3DServicePros, LLC (Pepper Pike, Ohio). Dr. Dean has an ownership stake in both Osteoplastics, LLC, and 3DServicePros, LLC. There was no internal or external financial support for this study. None of the other authors has a financial interest in any of the products or devices mentioned in this article.; From the Division of Plastic Surgery, Beth Israel Deaconess Medical Center, Harvard Medical School; Received for publication June 21, 2015; Samuel J. Lin, M.D., M.B.A., 110 Francis Street, Suite 5A, Boston, Mass. 02215, [email protected]; Supplemental digital content is available for this article. Direct URL citations appear in the text; accepted November 5, 2015.; and Columbus, Ohio; and the Department of Plastic Surgery, Wexner Medical Center, The Ohio State University.; simply type the URL address into any Web browser to access this content. Clickable links to the material are provided in the HTML text of this article on the Journal’s Web site (www.PRSJournal.com)",1,,,no
"A. Cohenx, JM. Langx, R. D'Angostino, Jrx, S. Dattax, FD Frigoletto, Jr. Depts. Ob/Gyn and Anesthesia, Brigham and Women's Hospital, Dept. Ob/Gyn, Massachusetts General Hospital, Dept. Epidemiology/Biostatistics, Boston Univ. School of Public Health, Boston, MA; Public Health Sciences, Bowman Gray Medical School, Winston Salem, NC",1,Brigham and Women's Hospital,I1283280774,no
"A.N.A. certified in Psychiatric Nursing and an associate professor of Psychiatric-Mental Nursing, Northern University, Marquette, Mich. She wishes to acknowledge Mary Ellen Powers, R.N., M.S.N., Boston University for her assistance in the preparation of this article",1,,,no
"AB, Harvard 1931 Ed. MA, Boston Univ. School of Education, 1964",1,Harvard University,I136199984,no
"ADA Forsyth Institute, Somerville, MA 02143, USA; Boston University, Henry M. Goldman school of dentistry, Boston, MA 02118, USA; University of Minnesota School of Dentistry, Minneapolis, MN 55455, USA",1,,,no
"ADA Forsyth Institute, Somerville, MA 02143, USA; Boston University, Henry M. Goldman school of dentistry, Boston, MA 02118, USA; University of Minnesota School of Dentistry, Minneapolis, MN 55455, USA. Electronic address: kantarci@umn.edu",1,,,no
"AHARON KELLERMAN (Ph.D., Boston University) is Senior Lecturer at the Department of Geography, University of Haifa, Haifa 31999, Israel. His current research interests lie in socio‐spatial transformation, spatial analysis and service economies",1,University of Haifa,I91203450,no
"ARTHUR W. MUNK received his Ph.D. from Boston University. After holding a number of pastorates, Dr. Munk became Associate Professor of Religion and Philosophy at Wesley College (University of North Dakota). Since 19S1 Dr. Munk has been Associate Professor of Philosophy and Head of the Department at Albion College. His books are History and God, A Way of Survival, and Perplexing Problems of Religion",1,,,no
"Abdelfattah Triki was a Fulbright scholar at the Business School of Boston University in the USA in 1986–1987. He then obtained a PhD in Marketing from the University of Northumbria at Newcastle in 1999. He is a member of the Academy of Marketing (GB) since 1997. He is presently a Senior Lecturer of Marketing and of Research Methodology at the Institut Supérieur de Comptabilité et d'Administration des Entreprises (ISCAE) of La Manouba University in Tunisia. At times he does some consulting and some in-company training. For the moment, he is involved in the Tunisian industrial national upgrading programme by diagnosing the marketing/commercial functions for a few companies adhering to the programme",1,,,no
"Abdelfattah Triki:  was a Fulbright scholar at the Business School of Boston University in the USA in 1986–1987. He then obtained a PhD in Marketing from the University of Northumbria at Newcastle in 1999. He is a member of the Academy of Marketing (GB) since 1997. He is presently a Senior Lecturer of Marketing and of Research Methodology at the Institut Supérieur de Comptabilité et d'Administration des Entreprises (ISCAE) of La Manouba University in Tunisia. At times he does some consulting and some in-company training. For the moment, he is involved in the Tunisian industrial national upgrading programme by diagnosing the marketing/commercial functions for a few companies adhering to the programme",1,,,no
"Abdelfattah Triki: was a Fulbright scholar at the Business School of Boston University in the USA in 1986–1987. He then obtained a PhD in Marketing from the University of Northumbria at Newcastle in 1999. He is a member of the Academy of Marketing (GB) since 1997. He is presently a Senior Lecturer of Marketing and of Research Methodology at the Institut Supérieur de Comptabilité et d'Administration des Entreprises (ISCAE) of La Manouba University in Tunisia. At times he does some consulting and some in-company training. For the moment, he is involved in the Tunisian industrial national upgrading programme by diagnosing the marketing/commercial functions for a few companies adhering to the programme",1,,,no
"Abogado Socio-Economista, Universidad Javeriana. Maestría en Política Económica, Universidad de Boston. Estudiante de Maestría en Administración, Universidades Icesi-Tulane. Vicepresidente Regional de la Bolsa de Valores de Colombia S.A",1,Icesi University,I76842071,no
"Abogado graduado en la Pontificia Universidad Católica del Perú. Máster en Derecho Bancario en Boston University, Estados Unidos. Profesor en la Pontificia Universidad Católica del Perú. Socio del Estudio Jorge Avendaño V. Abogados",1,Pontificia Universidad Católica del Perú,I65285256,no
Abteilung für Gastroenterologie des Universitätsspitals Boston,1,,,no
"Abteilung für Gastroenterologie des Universitätsspitals Boston, Massachusetts, USA",1,,,no
"Acknowledgements: We thank Joe Massaro, PhD (Boston University, Boston, MA) for his review of statistical analysis",1,,,no
"Address: Bureau of Educational Research, Pennsylvania Dept. of Education, Box 911, Harrisburg, Penna. 17126. Title: Educational Research Assistant. Degrees: A. B. Boston University, M.S. Shippensburg State College. Specializations: Counseling, manpower specialist",1,Pennsylvania Department of Education,I1342378838,no
"Adjunct Professor of African Law , American University Washington College of Law. The author has a Juris Doctor , Boston University School of Law , and",1,,,no
"Adlin Pinheiro https://orcid.org/0000-0002-4241-9198 NHLBI's Framingham Heart Study, Framingham, MA (R.P., A.P., S.D., O.E., H.J.A., C.L.S., A.S.B., S.S., V.-A.L., J.R.R.). Department of Biostatistics, Boston University School of Public Health, Boston, MA (A.P., S.D., A.S.B.)",1,,,no
African Studies Center Boston Universtity,1,Africa Center,I2799718076,no
"Aghion is from Harvard University and the National Bureau of Economic Research. Stein is from Harvard University and the National Bureau of Economic Research. We are grateful to the National Science Foundation for financial support, and to Richard Holden and Naomi Hausman for research assistance. Thanks also to an anonymous referee, Malcolm Baker, Patrick Bolton, Arvind Krishnamurthy, Tuomo Vuolteenaho, and seminar participants at the NBER, NYU, and Boston University for helpful comments",1,National Bureau of Economic Research,I1321305853,no
"Al Petitpas is writing his dissertation for Boston University's Counselor Education Department. He is a half-time psychology instructor, half-time counselor at Middlesex Community College in Massachusetts. Previously, he was Director of Men's Residences and a part-time instructor in counseling at Bridgewater State College in Massachusetts",1,,,no
"Albert M. Galaburda, MD, is an associate professor of neurology, Harvard Medical School, director of the Dyslexia Laboratory at the Beth Israel Hospital, Boston, and visiting professor, Faculty of Medicine, University of Chile. He received his medical degree from Boston University. His current research focuses on developmental mechanisms of cerebral asymmetry, anomalous dominance, and neuroimmune interactions in developmental learning disorders at the anatomical level. Address: Albert M. Galaburda,",1,,,no
"Alberto Villate París. Ingeniero de la Universidad Nacional de Colombia, con Maestría en Ingeniería de la Universidad de Boston, especialización en economía en la",1,Universidad Nacional de Colombia,I36243813,no
"Alex Zito received a PhD in African and Islamic Studies from Boston University in 2012 with a dissertation on Murid Ajami literature. He currently works as an Africa Analyst in the Washington, DC area",1,,,no
"Alexa S. Beiser https://orcid.org/0000-0001-8551-7778 NHLBI's Framingham Heart Study, Framingham, MA (R.P., A.P., S.D., O.E., H.J.A., C.L.S., A.S.B., S.S., V.-A.L., J.R.R.). Department of Biostatistics, Boston University School of Public Health, Boston, MA (A.P., S.D., A.S.B.). Department of Neurology, Boston University Chobanian and Avedisian School of Medicine, Boston, MA (H.J.A., C.L.S., A.S.B., S.S., J.R.R.)",1,Framingham Heart Study,I4210123017,yes
Alexander MacLeod is a senior faculty member in Boston University's British Programmes. He presented The World Tonight from 1978–94,1,,,no
"Alexander S. D. Spiers, M.D., Ph.D., F.R.A.C.P., Associate Professor, Division of Medical Oncology, Boston Univeristy Medical Center, 75 East Newton Street, Boston, Massachusetts, 02118. U.S.A",1,Boston Medical Center,I1286490081,no
"Alexander S. Gorbenko is with London Business School. Andrey Malenko is with MIT Sloan School of Management. We are grateful to two anonymous referees, the anonymous Associate Editor, Jules van Binsbergen, Jonathan Cohn, Peter DeMarzo, Darrell Duffie, Campbell Harvey (the Editor), Han Hong, Dirk Jenter, Ron Kaniel, Arthur Korteweg, Ilan Kremer, John Lazarev, Nadya Malenko, Ian Martin, Gregor Matvos (Wash U discussant), Michael Ostrovsky, Francisco Perez-Gonzalez, Matthew Rhodes-Kropf (WFA discussant), Ilya Strebulaev, Jessica Yang, Jeffrey Zwiebel, seminar participants at Boston University, Higher School of Economics, London Business School, London School of Economics, Norwegian School of Economics, University of Connecticut, University of Rochester, University of Utah, and participants at the 2010 Western Finance Association Meeting in Victoria and the 8th Annual Corporate Finance Conference at Washington University in St. Louis for helpful comments",1,National Research University Higher School of Economics,I118501908,no
"Alexandra is a medical student at Ohio University Heritage College of Osteopathic Medicine (Athens, OH). She received her BA from Johns Hopkins University (Baltimore, MD) and her MA from Boston University School of Medicine (Boston, MA)",1,Athens State University | Johns Hopkins University | Ohio University,I72702400 I145311948 I4210106879,no
"Alison Pedley National Heart, Lung, and Blood Institute's and Boston University's Framingham Heart Study, Framingham, MA",1,"Framingham Heart Study | National Heart, Lung, and Blood Institute",I4210123017 I4210106489,yes
"Allen W. Parks, EdD, is a consulting psychologist for the College of Dentistry's Learning Disability Program at New York University. He is Assistant Director of Psychological Services for the Landmark Foundation, Associate Professor of Education at Salem State College, Salem, MA, Visiting Lecturer at Boston University's School of Education, and a Master of Public Health candidate at the Harvard School of Public Health",1,Salem State University,I44948468,no
"Allied Research Associates, Inc. 2 Research Engineer , , Boston, Mass",1,,,no
Alzheimer's Disease Center Boston University Medical Campus  Boston Massachusetts USA,1,Boston Medical Center,I1286490081,no
"Amanda L. Souza From the Framingham Heart Study of the National Heart, Lung and Blood Institute and Boston University School of Medicine, Framingham, MA (S.C., M.G.L., E.L.M., C.S.F., C.J.O., R.S.V., T.J.W.)",1,"Framingham Heart Study | National Heart, Lung, and Blood Institute",I4210123017 I4210106489,yes
"Amy A. Deik From the Framingham Heart Study of the National Heart, Lung and Blood Institute and Boston University School of Medicine, Framingham, MA (S.C., M.G.L., E.L.M., C.S.F., C.J.O., R.S.V., T.J.W.)",1,"Framingham Heart Study | National Heart, Lung, and Blood Institute",I4210123017 I4210106489,yes
"Amy Rinehart, MSW, is a graduate of Mary Washington College, Boston University, and Muhlenberg College where she earned Bachelors degrees in Psychology, Information Science, and a Master’s in Clinical Social Work. She is a Clinical Information Analyst at LVHHN. Her current projects include the reduction of nosocomial urinary tract infections, inpatient falls, and hospital-induced delirium",1,,,no
"Amyloid Treatment and Research Program, University School of Medicine, Boston, MA, USA,",1,Amyloidosis Foundation,I4210109810,no
"Amyloidosis Centre and Section of Cardiovascular Medicine, Department of Medicine, Boston University, School of Medicine, Boston Medical Centre, UK",1,,,no
An assistant professor of finance at Boston University's School of Management,1,,,no
"An assistant professor of finance at the School of Business Administration at Babson College in Wellesley, Massachusetts. His research in mutual funds is primarily concerned with factors that affect fund growth. Professor Santini holds a D.B.A. infinance from Boston University",1,Babson College,I96062909,no
"Andre Dejam From the Framingham Heart Study of the National Heart, Lung and Blood Institute and Boston University School of Medicine, Framingham, MA (S.C., M.G.L., E.L.M., C.S.F., C.J.O., R.S.V., T.J.W.)",1,"Framingham Heart Study | National Heart, Lung, and Blood Institute",I4210123017 I4210106489,yes
"Andrew D. Johnson National Heart, Lung, and Blood Institute's and Boston University's, The Framingham Heart Study, Framingham, MA Population Sciences Branch, Division of Intramural Research, National Heart, Lung, and Blood Institute, Framingham, MA",1,"Framingham Heart Study | National Heart, Lung, and Blood Institute",I4210123017 I4210106489,yes
"Angela Robertson Bazzi is with the Department of Community Health Sciences, Boston University School of Public Health, Boston, MA. Debra S. Whorms, Dana S. King, and Jennifer Potter are with Fenway Health, Boston. Jennifer Potter is also with the Harvard Medical School, Boston",1,,,no
"Angelika Rettberg es Ph.D. en Ciencia Política de Boston University, profesora asociada del Departamento de Ciencia Política de la Universidad de los Andes y directora de su Programa de Investigación sobre Construcción de Paz (ConPaz). Correo electrónico:",1,Universidad de Los Andes,I4210143738,no
Ann M. Locke received her BSN from Northeastern University in 1973 and her MSN from Boston University in 1980. She was appointed and served as the first nurse representative to the Governor's Task Force on AIDS in Massachusetts from 1984 to 1985. She also served as Chair of the Massachusetts Nurses AIDS Task Force from 1984–87 which addressed the educational needs of nurses across the Commonwealth relative to AIDS care,1,,,no
"Anna Pavlova; Bruno Biais (the Editor); Christopher Polk; Darrell Duffie; Denis Gromb is at the Department of Finance, HEC Paris. Dimitri Vayanos is at the Department of Finance, London School of Economics. We thank Philippe Bacchetta; Dong Lou; Henri Pagès; Jennifer Huang; Matti Suominen; Patrick Bolton; Vito Gala; an anonymous associate editor; and three referees; as well as seminar participants in Amsterdam, Bergen, Bordeaux, the Bank of Italy, la Banque de France, BI Oslo, Bocconi University, Boston University, CEMFI Madrid, Columbia, Copenhagen, Dartmouth College, Duke, Durham University, ESC Paris, ESC Toulouse, the HEC-INSEAD-PSE workshop, HEC Lausanne, Helsinki, the ICSTE-Nova seminar in Lisbon, INSEAD, Imperial College, Institut Henri Poincaré, LSE, McGill, MIT, Naples, NYU, Paris School of Economics, University of Piraeus, Porto, Queen's University, Stanford, Toulouse, Université Paris Dauphine, Science Po–Paris, the joint THEMA-ESSEC seminar, Vienna, and Wharton for comments. Financial support from the Paul Woolley Centre at the LSE, and grants from the Fondation Banque de France, from the Institute for New Economic Thinking (INET) and from Labex ECODEC (ANR-11-IDEX-0003/Labex Ecodec/ANR-11-LABX-0047), are gratefully acknowledged. We have read the Journal of Finance's disclosure policy and have no conflicts of interest to disclose",1,,,no
"Aphasia Program, Braintree Hospital and Associate Professor of Neurology, Boston University, Boston, U.S.A",1,,,no
"Aphasia Research Center, Boston University School of Medicine and Veterans Administration Hospital, Boston, Massachusetts 02130, U.S.A",1,,,no
"Archaeology ProgramBoston University675 Commonwealth AveBoston, MA 02215USAEmail:",1,,,no
"Aron Egelko is with the Division of General Surgery, Temple University Health System, Philadelphia, PA. Leen Arnaout is with Kilachand Honors College, Boston University, Boston, MA. Joshua Garoon is with the Department of Community and Environmental Sociology, University of Wisconsin, Madison. Carl Streed is with the Section of General Internal Medicine, Boston Medical Center, Boston University School of Medicine, Boston, MA. Zackary Berger is with Johns Hopkins Berman Institute of Bioethics and Johns",1,,,no
"Arthritis Center, BU Medical School, 80 East Concord St, Boston, MA 02118, USA",1,,,no
"Arthritis Center, Boston (Mass) University",1,,,no
"Arthritis Center, Boston University School of Medicine, Japan",1,,,no
"Arthritis Center, Boston University, Japan",1,,,no
"Arthritis and Connective Tissue Disease Section of the Evans Department of Clinical Research, University Hospital, the Thorndike Memorial Laboratory, Boston City Hospital, and the Department of Medicine, Boston University School of Medicine, Boston, Massachusetts",1,,,no
"Arthritis and Connective Tissue Disease Section, Evans Memorial Department of Clinical Research and Department of Medicine, University Hospital ; Boston, MA 02118",1,,,no
"Arthur G. Bedeion is Assistant Professor of Management, and Acting Director of Research in the School of Business at Auburn University. He spent 1973-74 as a faculty member in the Boston University Overseas Graduate Program. He has published over 30 articles in business and management journals",1,,,no
"Ashley-Kay Fryer, PhD, is Director of Strategy, Optum Analytics, Boston, Massachusetts. E-mail: afryer@post.harvard.edu. Anita L. Tucker, DBA, is Associate Professor, Questrom School of Management, Boston University, Boston, Massachusetts. Sara J. Singer, PhD, MBA, is Professor of Health Care Management and Policy, Department of Health Policy and Management, Harvard T.H. Chan School of Public Health, Boston, Massachusetts",1,,,no
Assistant Professor in the School of Journalism and Communication at the University of Oregon. She received her Ph.D. from the University of Tennessee-Knoxville and her MBA from Boston University,1,University of Tennessee at Knoxville,I75027704,no
Assistant Professor of Bible and Religion at Syracuse University. Dr. Richardson received his Ph D. degree from Boston University in 1951,1,Syracuse University,I70983195,no
"Assistant Professor of German and Hebrew,Department of Modern Foreign LanguagesCollege of Arts and SciencesBoston University",1,,,no
"Assistant Professor of Medicine, Boston UDiversity School of Medicine; Assistant Member of the Department, Robert Dawson Evans Memorial, Massachusetts Memorial Hospitals; Physician in Charge, Medical Service of the Outpatient Department, and Visiting Physician to the Medical Service, Massachusetts Memorial Hospitals",1,,,no
"Assistant Professor of Neurology, Boston University School of Medicine; Chief, Aphasia Research Unit, Boston Veterans Administration Hospital",1,,,no
"Assistant Professor of the Department of Aeronautical Engineering in the University of Boston, U.S.A",1,,,no
"Assistant Professor, Boston University School of Medicine; Associate Visiting Physician, Massachusetts Memorial Hospitals ; and Chief, Gastro-Intestinal Clinic, Boston City Hospital",1,,,no
"Assistant clinical professor of surgery, Boston University School of Medicine; associate visiting surgeon, Massachusetts Memorial Hospitals; attending in surgery, Boston Veterans Administration Hospital",1,,,no
"Assistant in surgery, Massachusetts Memorial Hospitals; senior teaching fellow in surgery, Boston University School of Medicine; formerly, special United States Public Health Service fellow",1,,,no
"Assistant professor, College of Nursing, University of Delaware, Newark, was graduated from Boston University School of Nursing with a B.S. degree and the College of Nursing, University of Delaware with an M.S. degree in Psychiatric/Mental Health Nursing",1,University of Delaware,I86501945,no
"Associate Professor and Clinic Director, Department of Orthodontics, Henry M. Goldman School of Dental Medicine",1,,,no
"Associate Professor of Lawyering Skills , Seattle University. B.A. Boston University , J.D. ,",1,Seattle University,I58610484,no
"Associate Professor of Medicine, Boston Univetsity School of Medicine; Physician-in-Chief, Fifth Medical Service, Boston City Hospital; Assistant Physician, Clinical Staff, Evans Memorial, Massachusetts Memorial Hospitals",1,Boston Medical Center,I1286490081,no
"Associate Professor of Philosophy at Albion College. Dr. Munk received the degree of Ph. D. in philosophy from Boston University in 1945. He is the author of a recently published book, History and God, soon to be reviewed in the JBR",1,,,no
"Associate Professor of Purchasing and Logistics Management at Arizona State University. He holds a D.B.A. degree in operations management from Boston University and is qualified as a Certified Purchasing Manager. Dr. Carter's major research interests are supplier quality management, buyer and supplier communication systems, and international supply management systems",1,,,no
"Associate Professor of Radiology, Harvard Medical School; Lecturer in Radiology and Medicine, Boston University School of Medicine; Lecturer in Radiology, Tufts University School of Medicine: Associate Director, Department of Radiology, The Boston City Hospital; Consultant in Radiology, The Cambridge Hospital, Department of Radiology, The Boston City Hospital, Boston, Massachusetts",1,,,no
"Associate Professor of Religion and Director of the American Studies Program, Florida State University, Tallahassee, Florida. He is a graduate of the Boston University School of Theology, an ordained minister of the United Church of Christ, and co-author of a widely-used textbook, Religion in America (1975",1,,,no
"Associate Professor with the Duke Clinical Research Institute and the Duke University School of Medicine, Department of General Internal Medicine. She received her M.P.H. in 1995 from Boston University and her Ph.D. in Health Policy and Administration with a minor in Epidemiology in 2005 from the University of North Carolina in Chapel Hill, North Carolina",1,,,no
"Associate in Psychiatry (Anthropology) at the Harvard Medical School and Postdoctoral Fellow at The Center for Biobehavioral Studies in the Addictions at McLean Hospital. Dr. Meyer is Associate Professor of Psychiatry, Harvard Medical School, Director of Harvard-Boston University Center for Biobehavioral Studies in the Addictions, and Associate Director of Alcohol and Drug Abuse Research Center, McLean Hospital, Belmont, Massachusetts",1,McLean Hospital,I2801148111,no
"Associate in medicine, Boston University School of Medicine; physician-in-charge, Pediatric Heart Clinic, Boston City Hospital",1,,,no
"Associate pathologist, Mallory Institute of Pathology, Boston City Hospital; associate professor of pathology, Tufts University School of Medicine; lecturer on pathology, Boston University School of Medicine and Harvard Medical School",1,,,no
"Associate professor of accounting at Fordham University's Graduate School of Business. She holds a doctorate from Boston University, an MBA from Southern Methodist University, and an M.A. in French from Middlebury College. Her research interests are management and analyst earnings forecasts and international financial reporting",1,Southern Methodist University,I178169726,no
"Associate professor of medicine, Boston University School of Medicine; physician-in-charge, Kidney Disease Clinic and Boston University Renal Section, Boston City Hospital, Established Investigator in the American Heart Association",1,,,no
"Associate professor of medicine, Boston University School of Medicine; physician-in-charge, Kidney Diseases Clinic and Boston University Renal Section, Boston City Hospital; Established Investigator, American Heart Association",1,,,no
"Associate vice president at Prudential Securities in New York, where he is responsible for the analysis of investment strategies across core, growth, and value universes. Mr. Condon received a B.S. in business administration from the University of Massachusetts at Lowell and an M.B.A. from Boston University",1,,,no
"Asya Lyass From the National Heart, Lung, and Blood Institute's and Boston University's Framingham Heart Study, MA (T.J.N., A.L., M.G.L., E.J.B., R.S.V.)",1,"Framingham Heart Study | National Heart, Lung, and Blood Institute",I4210123017 I4210106489,yes
"Attended State University College (BSN) at Plattsburgh, New York, and Boston University (MS). She is assistant professor of nursing at Mount Saint Mary College, Newburgh, New York, and a certified childbirth educator maintaining a private practice in childbearing and childrearing",1,,,no
"Austin B. Frakt (         ) is a health economist with Health Care Financing and Economics at the Veterans Affairs Boston Healthcare System, an assistant professor of psychiatry at the Boston University School of Medicine, and an assistant professor of health policy and management at the Boston University School of Public Health, in Massachusetts",1,,,no
"Austin B. Frakt ( ) is a health economist with Health Care Financing and Economics at the Veterans Affairs Boston Healthcare System, an assistant professor of psychiatry at the Boston University School of Medicine, and an assistant professor of health policy and management at the Boston University School of Public Health, in Massachusetts",1,,,no
"Austin B. Frakt, PhD, is a health economist with the Department of Veterans Affairs, an Associate Professor at Boston University’s School of Medicine and School of Public Health, and a Visiting Associate Professor with the Department of Health Policy and Management at the Harvard T.H. Chan School of Public Health",1,Harvard University,I136199984,no
"Authors Whitburn and Hoffman are affiliated with the Dept. of Chemistry, Boston Univ., Boston, MA 02215. Author Taub is affiliated with the Food Engineering Laboratory, US Army Research & Development Laboratories, Natick, MA 01760",1,,,no
"Authors' Affiliations: Departments of 1Medicine, 2Pathology and Laboratory Medicine, 3Molecular and Medical Pharmacology, 4Anesthesiology, and 5Medicine Statistics Core, David Geffen School of Medicine, University of California, Los Angeles; 6UCLA Jonsson Comprehensive Cancer Center; 7West Los Angeles VA Healthcare System, Los Angeles; 8City of Hope Comprehensive Cancer Center, Duarte, California; and 9Boston University, Boston, Massachusetts",1,"City Of Hope National Medical Center | University of California, Los Angeles | City of Hope | UCLA Jonsson Comprehensive Cancer Center",I1301076528 I161318765 I4210110459 I4390039293,no
"Authors' Affiliations: 1International Agency for Research on Cancer (IARC), Lyon, France; 2Gillings School of Global Public Health; 3School of Medicine; 4Otolaryngology/Head and Neck Surgery; and 5Lineberger Comprehensive Cancer Site, School of Medicine, University of North Carolina at Chapel Hill, Chapel Hill, North Carolina; 6University of Pittsburgh, Pittsburgh, Pennsylvania; 7Instituto de Investigación Epidemiológica, San José, Costa Rica; 8National Cancer Institute, IRCSS, Aviano, Italy; 9Brown University, Providence, Rhode Island; 10Boston University School of Public Health, Boston, Massachusetts; 11Department of Otorhinolaryngology and Head and Neck Surgery, Maastricht University Medical Site, Maastricht; and 12Department of Gastroenterology, Radboud University Nijmegen Medical Site, Nijmegen, the Netherlands; 13Pomeranian Medical University, Department of Genetics and Pathomorphology, International Hereditary Cancer Site, Szczecin, Poland; 14Penn State College of Medicine, Hers",1,Radboud University Nijmegen | Centre international de recherche sur le cancer | Maastricht University,I145872427 I42237331 I34352273,no
"Authors' Affiliations: 1International Agency for Research on Cancer (IARC), Lyon, France; 2Gillings School of Global Public Health; 3School of Medicine; 4Otolaryngology/Head and Neck Surgery; and 5Lineberger Comprehensive Cancer Site, School of Medicine, University of North Carolina at Chapel Hill, Chapel Hill, North Carolina; 6University of Pittsburgh, Pittsburgh, Pennsylvania; 7Instituto de Investigación Epidemiológica, San José, Costa Rica; 8National Cancer Institute, IRCSS, Aviano, Italy; 9Brown University, Providence, Rhode Island; 10Boston University School of Public Health, Boston, Massachusetts; 11Department of Otorhinolaryngology and Head and Neck Surgery, Maastricht University Medical Site, Maastricht; and 12Department of Gastroenterology, Radboud University Nijmegen Medical Site, Nijmegen, the Netherlands; 13Pomeranian Medical University, Department of Genetics and Pathomorphology, International Hereditary Cancer Site, Szczecin, Poland; 14Penn State College of Medicine, Hershey, Pennsylvania; 15Un",1,University of North Carolina at Chapel Hill | National Cancer Institute | Maastricht University Medical Centre | Radboud University Nijmegen | Maastricht University,I114027177 I4210140884 I2800191616 I145872427 I34352273,no
"Authors' Affiliations: 1Kaiser Permanente Southern California, Pasadena, California; 2Henry Ford Health Systems, Detroit, Michigan; 3Wake Forest University, Winston-Salem, North Carolina; 4Group Health Research Institute, Seattle, Washington; and 5Boston University, Boston, Massachusetts",1,Henry Ford Health | Kaiser Permanente Washington Health Research Institute | Kaiser Permanente | Wake Forest University,I154057602 I150117356 I1343052199 I47251452,no
"Authors' Affiliations: 1University of Rochester Medical Center, Rochester, New York; 2Boston University Medical Center, Boston, Massachusetts; 3University of Texas, San Antonio, Texas; 4University of Colorado Denver, Aurora, Colorado; 5University of Michigan, Ann Arbor, Michigan; 6BrainLab, Munich, Germany; 7Varian Medical Systems Inc., Palo Alto, California; 8University of California Irvine, Orange, California; 9Karmanos Cancer Institute, Detroit, Michigan; 10Olathe Medical Center, Olathe, Kansas; 11Genzyme Corporation, Framingham, Massachusetts; 12Knight Cancer Institute, Oregon Health and Sciences University, Portland Oregon; 13National Cancer Institute, Rockville, Maryland; and 14Memorial Sloan-Kettering Cancer Center, New York, New York",1,University of Michigan | University of Rochester Medicine | University Medical Center | University of Colorado Denver | The Barbara Ann Karmanos Cancer Institute | Varian Medical Systems (United States),I27837315 I28792581 I2802849423 I921990950 I4210090317 I46603895,no
"Ave-disian School of Medicine, Department of Anatomy and Neurobiology, Boston, MA, USA",1,,,no
"Avedisian School of Medicine , 670 Albany St Suite 516 , Boston , MA , 02118 , USA,",1,,,no
"Avedisian School of Medicine Boston, Boston, MA, USA",1,,,no
"B. S. M.S., Boston University) is associate director of nursing service at Rhode Island Hospital.; B. S., Brown University) is coordinating supervisor on the medical services at the same hospital.; Miss Healy (City Hospital School of Nursing, Worcester, Mass.; Miss Moddren (Rhode Island, Providence",1,Brown University | Rhode Island Hospital,I27804330 I2800446032,no
"B. U. Medical School Boston, Massachusetts",1,,,no
"B.L. Ostaszewski, E. Abrams1, D.R. Tolan2, D.J. Selkoe. Center for Neurologic Diseases, Brigham and Women's Hospital and Harvard Medical School; Department of Biology, Massachusetts Institute of Technology1; and Department of Biology, Boston University2, Boston, MA, U.S.A",1,Brigham and Women's Hospital,I1283280774,no
"B.S. in Nursing Education, Boston University) is operating room supervisor at the Veterans Administration Hospital in Bedford, Massachusetts",1,,,no
"B.S., Boston College; Ed.M., Ed.D., Boston University) is research associate in nursing at the Veterans Administration Hospital in Brockton, Mass., and a member of the board of District 3, Massachusetts.; Mr. Butler (City Hospital School of Nursing, Worcester, Mass",1,,,no
"B.S., Boston University) has been attached to the Office of the Chief Surgeon, ETO. She holds a certificate in public health from Massachusetts Institute of Technology",1,,,no
"B.S., Boston University) is a clinical instructor at Children's Hospital, Boston Moss",1,Boston Children's Museum | Boston Children's Hospital,I4210150980 I1288882113,no
"B.S., Boston University) is clinical instructor in pediatrics at the Fresno General Hospital School of Nursing in Fresno, California.; Miss Harden (Children's, Boston, Mass",1,,,no
"B.S., Boston University) is instructor and obstetric supervisor at the Lawrence and Memorial Hospitals in New London, Conn. She has had considerable experience in obstetric work in other countries, including several weeks at Dr. Albert Schweitzer's hospital in Lambarene, Republic of Gabon. She is planning to return to Lambarene in the near future",1,Albert Schweitzer Hospital,I1313378897,no
"B.S., Boston University) was an instructor at the Northampton, Mass., Veterans Administration Hospital when this paper was written. Since then, he has been transferred to the VA Central Office in Washington, D.C., as neuropsychiatric nursing specialist. Mrs. Bombard (St. Elizabeths, Washington, D.C",1,,,no
"B.S., Boston University) was. when this article was written, coordinating nurse on the Tumor Service at Peter Bent Brigham. There, she followed mastectomy patients through their illness, seeing them preoperatively through post discharge clinic visits. She has just returned from academic leave, DR. ALLAPOULIOS (M.D., Johns Hopkins University, Baltimore, Md.) is associate in surgery. Harvard Medical School, Boston, junior associate in surgery. Peter Bent Brigham, and co-author of the text. Carcinoma of the Breast",1,Johns Hopkins University,I145311948,no
"B.S., Boston University) won the certificate in public health nursing at Simmons College and the certificate in physical therapy at Harvard Medical School. She is physical therapy supervisor at the Visiting Nurse Association of Boston",1,,,no
"B.S., Boston University; B.S., New York University; M.A., Columbia University) is community mental health consultant with the New Maxico Department of Public Health, Las Cruces, New Mex. She was mental health consultant in New York City and worked with Dr. David Levy and the Kips Bay Attitude Study for three years.; M.S., Columbia University) is child health consultant with the New York City Department of Health.; Miss Madore (Peter Bent Brigham, Boston, Mass.; Mrs. Deutsch (Lebanon, New York, N.Y",1,,,no
"B.S., Cornell University-New York Hospital School of Nursing: M.S., Boston University, Miss.: M.P.H. and certificate of Nurse-Midwifery, Johns Hopkins University, Md.) is an instructor in the Department of Maternal and Newborn Nursing at the Yale University School of Nursing. Conn",1,Johns Hopkins Medicine | Johns Hopkins University | Cornell University,I2799853436 I145311948 I205783295,no
"B.S., M.S., Boston University) is a pediatric nurse at the Marthan Eliot Family Health Center, Jamaica Plain. Mass. When this article was written. Miss Peters was supervisor of the family participation unit described. MISS CONDON, supervisor of the pediatric ambulatory unit of Boston Floating Hospital, was the nurse in charge of the family unit at the time it was established. Since earning her B.S. degree at Simmons College School of Nursing, Boston, she has worked in staff, head nurse, teaching, and research positions in pediatries.; MISS PETERS (Burbank Hospital School of Nursing, Fitchburg, Mass",1,,,no
"B.S., M.S., Boston University) is assistant professor, San Jose State College, Calif",1,San Jose State University,I51504820,no
"B.S., M.S., Boston University) is attending Teachers College, Columbia. She has been most recently assistant executive secretary for the ANA Nursing Service Administrators Section. Her previous experiences in nursing service administration have been as supervisor, director of nursing, and consultant in Massachusetts, Hawaii, California, and Kentucky.; Mrs. Loija (New England Baptist, Roxbury, Mass",1,,,no
"B.S., M.S., Boston University) is now chief, nursing service, at the Veterans Administration Hospital in Topeka, Kansas.; MR. STEVENS (McLean, Waverley, Mass",1,United States Department of Veterans Affairs,I1322918889,no
"B.S., M.S., Boston University), who has the certificate in public health nursing, was maternal and child health consultant with the Providence (R. I.) District Nursing Association when she wrote this article.; Miss Davidson (Broadlawns, Polk County, Des Moines, Iowa",1,,,no
"B.S., University of Miami, Coral Gables; D.N.Sc., Boston University, Mass.) is assistant professor of psychiatric nursing, University of Illinois College of Nursing, Chicago.; DR. KING (Jackson Memorial Hospital School of Nursing. Miami, Fla.; M.A., Teachers College, Columbia University, New York, N.Y",1,University of Miami | University of Illinois Chicago,I145608581 I39422238,no
"B.S.N. at Avila College. Kansas City. Mo.; Ms. Minor, coordinator, ANA Task Force for Affirmative Action, earned a diploma in nursing from the University of Kansas; Ms. Shaw is ANA third vice-president and chairman. ANA Task Force for Affirmative Action. She holds a B.S.N. degree from Ohio State University in Columbus, and an M.S. from Boston University School of Nursing, Massachusetts.; an M.A. from the University of Missouri. Kansas City",1,,,no
"B.S.N., Boston University) expects to complete her program for a master's degree from Columbia University in 1971. She is the associate director of nursing service for personel and staffing at the Yale-New Haven Hospital, New Haven, Conn.; MISS HOLLIS (New Britain General Hospital School of Nursing. New Britain, Coan",1,New Britain General Hospital | Yale New Haven Hospital,I4210086380 I1323778983,no
"BEVERLY L KAYE, PhD, is an organization consultant with a specialty in the area of career development. She received her doctorate from UCLA and studied organization theory at the Sloan School of Management at MIT and Boston University",1,,,no
"BOSTON UNIVERSITY'S WHEELOCK COLLEGE OF EDUCATION & HUMAN DEVELOPMENT BOSTON,BOSTON UNIVERSITY'S WHEELOCK COLLEGE OF EDUCATION & HUMAN DEVELOPMENT,UNIVERSITY OF VERMONT COLLEGE OF EDUCATION & SOCIAL SERVICES",1,Wheelock College,I48530168,no
"BOSTON UNIVERSITY'S WHEELOCK COLLEGE OF EDUCATION,UNIVERSITY OF WISCONSIN-PARKSIDE INSTITUTE OF PROFESSIONAL EDUCATOR DEVELOPMENT,UNIVERSITY OF MISSOURI",1,Wheelock College,I48530168,no
"BU / MIT Student Innovations Law Clinic 765 Commonwealth Avenue Boston , Massachusetts 02215",1,,,no
BU Boston,1,Boston University Academy,I4210114918,no
BU Center for Future Technologies in Cancer Care,1,,,no
BU Child Language Lab,1,,,no
"BU Chobanian and Avedisian SOM, Boston, Massachusetts, United States",1,,,no
"BU Clinical Testing Laboratory, Research Department",1,,,no
"BU Department of Dermatology, BU Dermatology Residency Program, Boston, Massachusetts (ARL)",1,,,no
"BU Dept. Peds., Boston",1,,,no
"BU Dept. Peds., Boston, MA",1,Boston University Academy,I4210114918,no
BU Goldman School of Dental Medicine,1,,,no
"BU Medical School, 80 East Concord St, Boston, MA 02118, USA",1,,,no
"BU Medical School, Boston, Massachusetts, United States",1,Boston University Academy | Boston Medical Center,I4210114918 I1286490081,no
BU Neurophotonics Ctr. (United States),1,Texas Neurology,I4210137537,no
BU Photonics Center and BU Neurophotonics Center  Boston Massachusetts USA,1,,,no
"BU Photonics Center, Neurophotonics Center, Boston, MA 02215, USA",1,,,no
BU Questrom School of Business,1,Quest University Canada,I232906412,no
"BU Sch of Public Health, Boston, MA",1,,,no
"BU School of Med, Boston, MA, United States",1,Boston University Academy,I4210114918,no
BU School of Medicine,1,,,no
"BU School of Medicine, Boston, MA, USA",1,Boston University Academy,I4210114918,no
"BU School of Medicine, Pulmonary Center, Boston, Massachusetts, United States",1,Pulmonary Associates,I4210142345,no
"BU School of Public Health, Boston, MA",1,,,no
BU Target Discovery & Proteomics Laboratory (BU-TDPL),1,Target (United States),I1320354487,no
"BU Wheelock College of Education &amp; Human Development, Boston, MA, USA",1,Wheelock College,I48530168,no
"BU, Boston, United States of America",1,Boston University Academy,I4210114918,no
"BU, USA",1,,,no
BUBoston MA,1,,,no
"Bacharel em Direito pelo Centro de Ensino Unificado de Brasília (1994). Graduado em Engenharia Civil pela Universidade de Brasília (1986). Graduado em Análise de Sistemas pela Universidade Católica de BSB (ETUC, 1984). Mestrado em Direito pela Universidade de Brasília (1998). Doutorado em Direito pela Universidade Federal de Pernambuco (2004). Pós-doutorado pela Boston University (2010)",1,,,no
"Bachelor of Arts , University at Albany , State University of New York Master of Education , Boston University Doctor of Education , University of California San Diego xiv",1,Albany State University,I113508548,no
"Barbara Graves received her master's of public health degree from Boston University School of Public Health in Boston, Massachusetts and her midwifery education at Emory University. She is the Director of the Nurse-Midwifery Education Program at Baystate Medical Center in Springfield, Massachusetts, and continues in active clinical practice. Ms. Graves is an editorial consultant for the Journal of Midwifery & Women's Health",1,Baystate Health,I4210123955,no
"Barbara W. Altman is a doctoral candidate in Organizational Behavior at Boston University's School of Management. Barb's research interests center on inter-organizational alliances, managing change, and executive development in the service of managing external affairs. Barb's research agenda is heavily influenced by ten years of managerial experience in state and local government prior to returning to pursue her doctorate. She holds a B.A. in psychology and an M.P.A. in Public Affairs from the University of Texas at Austin",1,,,no
"Baylor College of Medicine, Houston, TX (RDF1), University of Texas Health Science Center, Dallas, TX (GHM) and Boston University School of Medicine, Boston, MA (JOK)",1,Baylor College of Medicine,I181547552,no
"Bedford Veterabs Affairs Medical Center, Bedford, Massachusetts9Boston University, Boston, Massachusetts",1,,,no
"Bedford Veterans Affairs Medical Center and Departments of Neurology, Pathology, Psychiatry, BostonUniversity School of Medicine, Bedford, MA 07130USA,",1,Edith Nourse Rogers Memorial Veterans Hospital,I2800300635,no
"Bedford Veterans HospitalBoston University School of MedicineBoston, MAUSA",1,,,no
"Before a recent move to Boston, Frayda Diamond was a Perinatal Nurse Practitioner at Michael Reese Hospital in Chicago, where she also gained experience as a research assistant. She has held staff nurse and head nurse positions in Massachusetts and Connecticut, and attended Simmons College and Boston University. She has a HA from DePaul University, is a graduate of Beth Israel Hospital School of Nursing in Boston, and is a member of NAACOG",1,,,no
Beijing Normal Univ. and Boston Univ. (China),1,Beijing Normal University,I25254941,no
"Benmelech and Moskowitz are from the Department of Economics, Harvard University and NBER and Booth School of Business, University of Chicago, and NBER. We have benefited from the suggestions and comments of Alberto Alesina; Howard Bodenhorn; Michael Bordo; John Cochrane; Mark Flannery; Claudia Goldin; Richard Grossman; Campbell Harvey (the editor); Naomi Lamoreaux; Sam Peltzman; Joshua Rauh; Antoinette Schoar; Andrei Shleifer; Kenneth Sokoloff; Jeremy Stein; Arvind Subramanian; Amir Sufi; Peter Temin; Luigi Zingales; an anonymous referee; and seminar participants at the 2007 AFA meetings in Chicago, Berkeley, Boston University, Cornell, Dartmouth, Harvard Economics, the 2008 IMF Conference on the Causes and Consequences of Structural Reforms, the NBER Corporate Finance meeting, the NBER Political Economy meeting, Northwestern (Economics and Kellogg School of Management), the Stanford Institute for Theoretical Economics summer 2008 workshop, University of Chicago, University of Texas (Austin), The 2006 Conference on Bank Structure and Competition at the Federal Reserve Bank of Chicago, UCLA, and Washington University. We thank Matthew Gentzkow for providing historical newspaper circulation data and Anda Borden, Brian Melzer, and Roni Kisin for providing excellent research assistance. Moskowitz thanks the Center for Research in Security Prices; the Neubauer Family Faculty Fellowship; the Fama Family Chair; and the Initiative on Global Markets center at the University of Chicago, Booth School for financial support",1,Cochrane | Cornell University | University of Chicago,I72054575 I205783295 I40347166,no
"Bernard M. Taylor earned an A.A. degree and a B.A. degree in Chemistry from the Boston University in 1950 and 1952, respectively. He also holds an M.S. degree in Chemistry which he received from Northeastern University in 1960. He has completed graduate courses in engineering management and administration at the American University, George Washington University and R.P.I. Prior to joining the Navy Department in 1955, Taylor served two years with the Armed Forces in the Far East. He spent eight years in the Chemical Laboratory at the Boston Naval Shipyard prior to joining the Bureau of Ships in 1963 as a Materials Engineer where he has specialized in the field of corrosion control",1,,,no
"Beth Israel Deaconess Medical Center, Department of Medicine, 330 Brookline Avenue, Boston, Massachusetts 02215, United StatesbBoston University, Department of Biomedical Engineering, Boston, Massachusetts 02215, United States",1,Beth Israel Deaconess Medical Center,I1316535847,no
"Bethany D. Drucker is a former Senior Editor for Family Court Review, volume 39. She received her J. D. from Hofstra University School of Law in May 2001. She received her B. A. from Boston University in communications",1,,,no
"Bindu Kalesan From the National Heart, Blood and Lung Institute's and Boston University's Framingham Heart Study, Framingham, MA (T.J.N., M.G.L., E.J.B., R.S.V.)",1,Framingham Heart Study | Lung Institute,I4210123017 I4210101049,yes
"BioVentus Surgical, BU Photonics Center, Boston, MA 02215, USA",1,,,no
BiochemistryBoston University School of MedicineBostonMA,1,,,no
BiochemistryBoston UniversityBostonMAUnited States,1,Kingston University,I4210154901,no
BiochemistryBoston UniversityBostonMassachusettsUnited States,1,Kingston University,I4210154901,no
Bioenginering BU BOSTON MA United States,1,,,no
"Bioinformatics Program and Center for Advanced  Biotechnology, Boston University, 36 Cummington Street, Boston, MA 02215; and  SEQUENOM, Inc., 3595 John Hopkins Court, San  Diego, CA 92121-1331",1,,,no
Bioinformatics ProgramBoston University24 Cummington StreetBostonMA02215USA,1,Kingston University,I4210154901,no
"Biological Science Center, Boston UniversityBoston, Massachusetts, 02215, U.S.A",1,University of Massachusetts Boston,I33434090,no
Biology DepartmentBoston University5 Cummington StreetBostonMassachusetts02215,1,Kingston University,I4210154901,no
"Biomedical Eng. and Otology and Laryngology, Boston Univ. and Harvard Med. School, CMST, GPO Box 1987, Perth, Western Australia 6845, Australia, dketten@whoi.edu",1,,,no
Biomedical EngineeringBoston University44 Cummington AvenueBostonMA02215,1,Kingston University,I4210154901,no
Biomedical EngineeringBoston University44 Cummington StreetBostonMA02215,1,Kingston University,I4210154901,no
"Biomedical EngineeringBoston University44 Cummington, Room 612BostonMA02215",1,Kingston University,I4210154901,no
"Biomedical EngineeringBoston University44 Cummington, Room 706BostonMA02215",1,Kingston University,I4210154901,no
"Biomedical EngineeringBoston University44 Cummington, Room 715BostonMA02215",1,Kingston University,I4210154901,no
"Biomedical Genetics Section, School of Medicine, Boston University, China",1,,,no
"Biomedical Genetics Section, School of Medicine, Boston University, China; Department of Chemical Pathology, Faculty of Medicine, The Chinese University of Hong Kong, China",1,Chinese University of Hong Kong,I177725633,no
"Biophysics Institute, Boston University Medical Center, Boston, MA 02118, and Framingham Heart Disease Epidemiology Study, National Heart, Lung and Blood Institute, Framingham, MA 01701 U.S.A",1,Framingham Heart Study,I4210123017,yes
"Birgitta T. Lehman From Boston University's and the National Heart, Lung, and Blood Institute's Framingham Heart Study (M.G.L., B.T.L., R.S.V., D.L., E.J.B.), Framingham, MA",1,"Framingham Heart Study | National Heart, Lung, and Blood Institute",I4210123017 I4210106489,yes
"Bolton is at Columbia University, NBER, and CEPR. Chen is at MIT Sloan School of Management and NBER. Wang is at Columbia University, NBER, and Shanghai University of Finance & Economics. We are grateful to Andrew Abel, Peter DeMarzo, Janice Eberly, Andrea Eisfeldt, Mike Faulkender, Michael Fishman, Xavier Gabaix, John Graham, Dirk Hackbarth, Cam Harvey, Christopher Hennessy, Pete Kyle, Yelena Larkin, Robert McDonald, Stewart Myers, Marco Pagano, Gordon Phillips, Robert Pindyck, Adriano Rampini, David Scharfstein, Jiang Wang, Toni Whited, two anonymous referees, and seminar participants at Boston College, Boston University, Columbia Business School, Duke, MIT Sloan, NYU Stern and NYU Economics, University of California at Berkeley, Yale, Maryland, Northwestern, Princeton, Lancaster, Virginia, IMF, Hong Kong University of Science and Technology Finance Symposium, Arizona State University, American Finance Association Meeting, the Caesarea Center 6th Annual Academic Conference, European Summer Symposium on Financial Markets, and Foundation for the Advancement of Research in Financial Economics for their comments",1,Center for Economic and Policy Research | University of Hong Kong,I1279858714 I889458895,no
"Bosotn University School of Public Health, Boston,",1,,,no
"Boston        UniversityNé en 1929, il a été formé en philosophie par        G. H. von Wright à l’Université d’Helsinki et a soutenu son doctorat        en 1953. Il a ensuite enseigné à Harvard (1956-1959), puis a été nommé        professeur à l’Université d’Helsinki, à l’Académie de Finlande, à        l’Université de Stanford, à l’Université d’État de Floride et enfin à        Boston (1990-2014). Il a contribué de manière décisive à l’élaboration        de la méthode des formes normales distributives, à la logique        inductive et à la sémantique des mondes possibles. Il est le principal        maître d’œuvre de la sémantique de la théorie des jeux (GTS), de la        logique faite pour indépendance (logique IF) et des recherches        concernant l’approche interrogative en science. Ses travaux        historiques portent entre autres sur Aristote, les mathématiques        grecques, Descartes, Leibniz, Kant, le groupe de Bloomsbury (y compris        Russell) et Wittgenstein. Hintikka a écrit ou co-écrit plus de trente        livres ou monographies et près de quatre-cents articles. Il a reçu six        doctorats honoris causa et a été décoré de        Grand-croix de l’Ordre du Lion de Finlande",1,,,no
"Boston  University  Marine Program
Marine  Biological  Laboratory",1,Marine Biological Laboratory,I1338920048,no
"Boston Attention and Learning Lab, VA Boston Healthcare SystemBoston University School of Medicine",1,VA Boston Healthcare System,I2801671727,no
"Boston Collaborative Drug Surveillance Program, Boston University School of Medicine, Lexington, MA 02421, USA; Framingham Heart Study, Boston University School of Medicine, Framingham; and Department of Neurology, University of Massachusetts Medical School, Worcester",1,Framingham Heart Study | Boston Collaborative Drug Surveillance Program,I4210123017 I4210115736,yes
"Boston Healthcare System and Boston University David Weir , University of Michigan Robert Willis , University of Michigan",1,,,no
"Boston Medical Center, BU School of Medicine, Boston, MA, USA",1,Boston Medical Center,I1286490081,no
"Boston Medical Center, Boston UniversityBoston, MA, United States",1,Boston Medical Center,I1286490081,no
"Boston Medical Center, Boston, MA, USA; BU Chobanian and Avidesian School of Medicine, Boston, MA, USA. Electronic address: spelton@bu.edu",1,Boston Medical Center,I1286490081,no
"Boston Medical Center, School of Medicine, Boston Univeristy, Boston",1,Boston Medical Center,I1286490081,no
"Boston Medical Center, United States; Boston University Chobanian and Avedisian School of Medicine, United States. Electronic address: briantao@bu.edu",1,,,no
"Boston School of Public Health, Boston Massachusetts",1,,,no
"Boston U. S. A. , nach Breslau , Hess sich das in Aussicht genommene Zusammenarbeiten mit Herrn 31823",1,Hess (United States),I16718484,no
Boston U.Boston U.U. of OxfordQueen's U.U. of OregonGeorge Mason U.Boston U,1,,,no
Boston U.Florida International U.Florida International U,1,Florida International University,I19700959,no
Boston U.Fordham U,1,Fordham University,I164389053,no
Boston U.Northeastern U.Washington U. in St. LouisNew York U.U. of PennsylvaniaGeorgia Institute of Technology,1,,,no
Boston U.The U. of Texas at AustinU. of SurreyThe U. of Texas at AustinBoston U.Boston U,1,The University of Texas at Austin,I86519309,no
Boston U.U. LavalFlorida State U,1,,,no
Boston Uni versity,1,,,no
Boston Uni- versity,1,,,no
"Boston Uni- versity Medical Center , Section of Cardiology , 88 E. Newton Street , Boston , MA 02118 ",1,Boston Medical Center,I1286490081,no
Boston Uni-versity,1,,,no
"Boston Uni-versity Medical Center, Section of Cardiology, 88 E. Newton Street, Boston, MA 02118",1,Boston Medical Center,I1286490081,no
"Boston Uni-versity, Boston, Massachusetts",1,,,no
"Boston Uniuersity, 110 Cummington Street, Bosion, MA 08815, USA",1,,,no
"Boston Univ Medical Center, United States of America. Electronic address: pcyweber@me.com",1,,,no
"Boston Univ Sch of Medicine and Framingham Heart Study, Framingham, MA",1,Framingham Heart Study,I4210123017,yes
"Boston Univ Sch of Medicine, Boston, MA; Infertility Ctr of St. Louis, St. Louis, MO; Howard Hughes Medical Institute, Boston, MAUSA",1,Howard Hughes Medical Institute,I1344073410,no
Boston Univ)et al,1,,,no
"Boston Univ, Center for Remote Sensing",1,Center For Remote Sensing (United States),I4210117728,no
"Boston Univ, Dept Math, Boston, MA 02215 and Princeton Univ, Dept Math, Princeton, NJ 08544",1,Princeton University,I20089843,no
"Boston Univ, Sch Publ Hlth, Dept Epidemiol & Biostat, 80 E Concord St, Boston, MA 02118, USA; Childrens Hosp, Neuroepidemiol Unit, Boston, MA 02115, USA; Univ Rochester, Sch Med, Rochester, NY 14621, USA and Rochester Gen Hosp, Dept Pediat, Rochester, NY 14621, USA",1,University of Rochester,I5388228,no
"Boston Univ. & Tel Aviv Univ., Boston, MA, USA",1,Tel Aviv University,I16391192,no
Boston Univ. &amp; Tel Aviv Univ,1,Tel Aviv University,I16391192,no
Boston Univ. (Canada),1,,,no
Boston Univ. (China),1,,,no
Boston Univ. (South Korea),1,,,no
Boston Univ. Academy (United States),1,Boston University Academy,I4210114918,no
"Boston Univ. Chapel Hill, United States",1,University of North Carolina at Chapel Hill,I114027177,no
"Boston Univ. Marine Prog., Marine Biological Lab., Woods Hole, MA 02543",1,Marine Biological Laboratory,I1338920048,no
Boston Univ. Marine Program Marine Biological Lab. Woods Hole MA 02534,1,Marine Biological Laboratory,I1338920048,no
Boston Univ. Marine Program Marine Biological Laboratory Woods Hole MA 02543,1,Marine Biological Laboratory,I1338920048,no
"Boston Univ. Marine Program, Marine Biological Laboratory, Woods Hole, MA, 02543",1,Marine Biological Laboratory,I1338920048,no
"Boston Univ. Sch. Med., Brandeis Univ., Boston City Hospital Dept. of Peds., and Heller Sch",1,Brandeis University,I6902469,no
"Boston Univ. Sch. Med., Children's Hosp. Med. Ctr., Dept. of Ped., and Argonne Nat. Lab., Argonne",1,Argonne National Laboratory,I1282105669,no
"Boston Univ. Sch. Med., Children's Hosp. Med. Ctr., Dept. of Ped., and Argonne Nat. Lab., Argonne, Ill",1,Argonne National Laboratory,I1282105669,no
"Boston Univ. Sch. of Med., Boston, MA 02118 and Univ. of North Carolina Sch. of Med., Chapel Hill, NC 27514, USA",1,University of North Carolina at Chapel Hill,I114027177,no
"Boston Univ. Sch. of Med.; Dept. of Radiology, Klinikum Augsburg, Boston, MA, USA",1,University Hospital Augsburg,I2802007660,no
"Boston Univ., Boston, MA and Massachusetts Institute of Technology, Cambridge",1,Massachusetts Institute of Technology,I63966007,no
"Boston Univ., Boston, MA. 02215 and Mass. Mental Health Center, Harvard Medical School, Boston, 02115",1,Massachusetts Mental Health Center,I2801075670,no
"Boston Univ., Boston, MA; Tufts-New England Medical Center, Boston, MA",1,Tufts Medical Center,I1290900354,no
"Boston Univ., MA (United States). Physics and ECE Depts",1,University of Massachusetts Boston,I33434090,no
"Boston Univ., Marine Program , Marine Biological Laboratory, Woods Hole, MA 02543, U.S.A",1,Marine Biological Laboratory,I1338920048,no
"Boston Univ., Nürnberg, Deutschland",1,,,no
"Boston Univ., School of Social Work 264 Bay State Rd., Boston 02215",1,Bay State College,I78063147,no
"Boston Univ/Framingham Heart Study, Framingham, MA",1,Framingham Heart Study,I4210123017,yes
"Boston Univer- sity , INSEAD , MIT , Peking University , PBCSF , University of Chicago , NBER",1,University of Chicago,I40347166,no
"Boston Univercity Murine Program, Murine Biological Laboratory, Woods Hole, MA 02543, U.S.A",1,Marine Biological Laboratory,I1338920048,no
"Boston Univeristy Academy,Class of 2023,Boston,MA,U.S.A",1,Boston University Academy,I4210114918,no
"Boston Univeristy, Department of Biomedical Engineering, Boston, Massachusetts 02215 and Beth Israel Deaconess Medical Center, Division of Hematology/Oncology, Department of Medicine Boston, Massachusetts 02215",1,Beth Israel Deaconess Medical Center,I1316535847,no
"Boston UniversiQ Marine Program , Marine Biological Laboratory , Woods Hole . Massachusetts 02543 . USA",1,Marine Biological Laboratory,I1338920048,no
"Boston UniversiQ Marine Program, Marine Biological Laboratory, Woods Hole. Massachusetts 02543. USA",1,Marine Biological Laboratory,I1338920048,no
Boston University & MIT MIT MIT,1,Moscow Institute of Thermal Technology,I4210109586,no
"Boston University (BS) and New York University (AM, PhD), and is associate professor and chairperson of Science and Role Development at the University of Pennsylvania School of Nursing in Philadelphia",1,University of Pennsylvania,I79576946,no
"Boston University (London), UK",1,,,no
"Boston University (Ph.D.), Unitarian Universalist Minister of Finksburg, 2 Campitelli Court, 21136, Reisterstown, MA",1,,,no
"Boston University ) is professor of theology and mission at Fuller Seminary , California , USA",1,Fuller Theological Seminary,I96521982,no
"Boston University , Harvard Business School , Tilburg University , the Dutch",1,,,no
"Boston University , Ludwigshafen, Rheinland-Pfalz ; , Ludwigshafen, Rheinland-Pfalz ; , Ludwigshafen, Rheinland-Pfalz ; , Phoenix, Arizona ; , Boston, Massachusetts ; , Boston, Massachusetts ; , Calgary, Alberta ; , New Haven, Connecticut ; , Ludwigshafen, Rheinland-Pfalz",1,,,no
"Boston University , Postfach 610264, Mannheim 61, West Germany, 6800",1,,,no
"Boston University , Tianjin , China",1,Tianjin University,I162868743,no
"Boston University Al Cuoco Education Development Center , Inc",1,Education Development Center,I4210152198,no
"Boston University Al Cuoco Education Development Center, Inc",1,Education Development Center,I4210152198,no
"Boston University Alzheimer's Disease Research Center, Boston University CTE Center, Department of Neurology, Boston University Chobanian & Avedisian School of Medicine, Boston, MA, USA; Framingham Heart Study, Framingham, MA, USA",1,Framingham Heart Study,I4210123017,yes
"Boston University Amyloidosis Center, New York, NY",1,Amyloidosis Foundation,I4210109810,no
Boston University Bedford Massachusetts United States,1,Bedford Research Foundation | University of Massachusetts Boston,I4210103398 I33434090,no
"Boston University Cambridge Research Center/American Institutes for Research , USA",1,American Institutes for Research,I1293631320,no
Boston University Center for Space Physics,1,,,no
Boston University Centro de Estudios Mexicanos UNAM-Boston,1,,,no
"Boston University Chobanian & Avedisian School of Medicine School of Medicine Framingham Heart Study – Brain Aging Program, , 73 Mount Wayte Avenue, Framingham, MA 01702,",1,Framingham Heart Study,I4210123017,yes
"Boston University Chobanian & Avedisian School of Medicine and School of Public Health, NHLBI and Boston University's Framingham Heart Study, Framingham, MA",1,Framingham Heart Study,I4210123017,yes
"Boston University Chobanian & Avedisian School of Medicine and School of Public Health, NHLBI and Boston University's Framingham Heart Study, Framingham, MA, United States",1,Framingham Heart Study,I4210123017,yes
"Boston University Chobanian & Avedisian School of Medicine, Boston Medical Center, 72 East Concord St., Boston, MA, 02118, United States of America; Massachusetts Department of Public Health Bureau of Substance Addiction Services, 250 Washington St., Boston, MA, 02108, United States of America",1,,,no
"Boston University Chobanian & Avedisian School of Medicine, Boston, Massachusetts; Department of General Surgery, Riverside University Hospital, Moreno Valley, California",1,,,no
"Boston University Chobanian and Avedisian School of Medicine, Boston, MA, USA. Mara.MurrayHorwitz@bmc.org",1,,,no
"Boston University Chobanian and Avedisian School of Medicine; Departments of General Internal Medicine and Infectious Diseases, Boston Medical Center, Boston, Massachusetts. ORCID: https://orcid.org/0000-0002-8255-8387",1,Boston Medical Center,I1286490081,no
"Boston University Co-affiliated with MIT-IBM Watson AI Lab,Department of Computer Science,Boston,U.S.A",1,,,no
"Boston University Cobanian & Avedisian School of Medicine, Naples, Florida, United States",1,,,no
Boston University Conference,1,Conference Board,I1284351223,no
"Boston University Eye Associates Inc., Albany Street, Boston, MA, 02118, USA",1,Eye Care Associates,I4210137565,no
Boston University Golden Gate Assembly,1,Golden Gate University,I44829897,no
Boston University Institute for Dental Research & Education ‐ Dubai,1,University of Dubai,I132806614,no
"Boston University Institute for Dental Research & Education, Dubai Health Care City, Dubai, UAE. mohamad.koutrach@budubai.ae",1,,,no
"Boston University Jan-Erik Thie, Macroeconomic Policy Institute (IMK); Global Climate Forum (GCF);",1,Global Climate Forum,I4210123239,no
"Boston University JÜRGEN RENN, Max-Planck-Institute for the History of Science KOSTAS GAVROGLU, University of Athens",1,Max Planck Institute for the History of Science,I4210142348,no
Boston University Madrid & Syracuse University Madrid,1,Syracuse University,I70983195,no
"Boston University Marine Pro- gram , Marine Biological Laboratory , Woods Hole , MA 02543",1,Marine Biological Laboratory,I1338920048,no
"Boston University Marine Program (Marine Biological Laboratory), Woods Hole, 02543 MA, USA",1,Marine Biological Laboratory,I1338920048,no
"Boston University Marine Program (Marine Biological Laboratory), Woods Hole, Massachusetts 02543, USA",1,Marine Biological Laboratory,I1338920048,no
"Boston University Marine Program , Marine Biological Laboratory , 7 MBL St. Woods Hole , Massachusetts 02543 , USA",1,Marine Biological Laboratory,I1338920048,no
"Boston University Marine Program , Marine Biological Laboratory , 7 MBL Street , Woods Hole , 02543 Massachusetts , USA",1,Marine Biological Laboratory,I1338920048,no
"Boston University Marine Program , Marine Biological Laboratory , Wood Hole , Massachusetts , USA, 02543",1,Marine Biological Laboratory,I1338920048,no
"Boston University Marine Program , Marine Biological Laboratory , Woods Hole , Massachusetts 02543",1,Marine Biological Laboratory,I1338920048,no
"Boston University Marine Program , Marine Biological Laboratory , Woods Hole , Massachusetts 02543 , U.S.A",1,Marine Biological Laboratory,I1338920048,no
"Boston University Marine Program , Marine Biological Laboratory , Woods Hole , Massachusetts 02543 U.S.A",1,Marine Biological Laboratory,I1338920048,no
"Boston University Marine Program , Marine Biological Laboratory , Woods Hole, MA 02543 U.S.A",1,Marine Biological Laboratory,I1338920048,no
"Boston University Marine Program , Marine Biological Laboratory , Woods Hole, MA 02543, U.S.A",1,Marine Biological Laboratory,I1338920048,no
"Boston University Marine Program , Marine Biological Laboratory , Woods Hole, MA 025431, USA",1,Marine Biological Laboratory,I1338920048,no
"Boston University Marine Program , Marine Biological Laboratory , Woods Hole, Massachusetts 02543, U.S.A",1,Marine Biological Laboratory,I1338920048,no
"Boston University Marine Program , Marine Biological Laboratory . Woods Hole , Massachusetts 02543 , USA",1,Marine Biological Laboratory,I1338920048,no
"Boston University Marine Program , Marine Biological Laboratory . Woods Hole . Massachusetts 02543 , USA",1,Marine Biological Laboratory,I1338920048,no
"Boston University Marine Program , Marine Biological Laboratory Woods Hole , Massachusetts , U.S.A. 02543",1,Marine Biological Laboratory,I1338920048,no
"Boston University Marine Program , Marine Biological Laboratory Woods Hole , Massachusetts 02543, U.S.A",1,Marine Biological Laboratory,I1338920048,no
"Boston University Marine Program , Marine Biological Laboratory, Woods Hole , MA 02543, USA",1,Marine Biological Laboratory,I1338920048,no
"Boston University Marine Program , Marine Biological Laboratory, Woods Hole, MA 02543, U.S.A",1,Marine Biological Laboratory,I1338920048,no
"Boston University Marine Program , The Marine Biological Laboratory , Woods Hole , Massachusetts 02543 USA",1,Marine Biological Laboratory,I1338920048,no
"Boston University Marine Program 3 , Marine Biological Laboratory, Woods Hole, MA 02543, USA",1,Marine Biological Laboratory,I1338920048,no
Boston University Marine Program Marine Biological Laboratory  Woods Hole Massachusetts USA,1,Marine Biological Laboratory,I1338920048,no
Boston University Marine Program Marine Biological Laboratory Woods Hole Massachusetts 02543 USA,1,Marine Biological Laboratory,I1338920048,no
"Boston University Marine Program Marine Biological Laboratory Woods Hole, 02543, Massachusetts",1,Marine Biological Laboratory,I1338920048,no
"Boston University Marine Program Marine Biological Laboratory Woods Hole, Massachusetts 02543 U.S.A",1,Marine Biological Laboratory,I1338920048,no
"Boston University Marine Program Marine Biological Laboratory woods Hole, Massachusetts",1,Marine Biological Laboratory,I1338920048,no
"Boston University Marine Program at the Marine Biological Laboratory, Woods Hole, MA 02543, U.S.A",1,Marine Biological Laboratory,I1338920048,no
"Boston University Marine Program, 7 MBL St., Woods Hole, MA, 02543, U.S.A",1,Marine Biological Laboratory,I1338920048,no
"Boston University Marine Program, Marine Biological LAboratory Woods Hole, MA 02543, USA",1,Marine Biological Laboratory,I1338920048,no
"Boston University Marine Program, Marine Biological Lab, Woods Hole, MA, 02543, USA",1,Marine Biological Laboratory,I1338920048,no
"Boston University Marine Program, Marine Biological Lab., 02543, Woods Hole, Ma., USA",1,Marine Biological Laboratory,I1338920048,no
"Boston University Marine Program, Marine Biological Laboratory , 7 Water Street, Woods Hole , MA , 02543 , USA E-mail: imkaatz@mindspring.com",1,Marine Biological Laboratory,I1338920048,no
"Boston University Marine Program, Marine Biological Laboratory , Wood Hole, Massachusetts, USA, 02543",1,Marine Biological Laboratory,I1338920048,no
"Boston University Marine Program, Marine Biological Laboratory Woods Hole, MA 02543",1,Marine Biological Laboratory,I1338920048,no
"Boston University Marine Program, Marine Biological Laboratory Woods Hole, MA 02543, U.S.A",1,Marine Biological Laboratory,I1338920048,no
"Boston University Marine Program, Marine Biological Laboratory Woods Hole, MA 02543, USA",1,Marine Biological Laboratory,I1338920048,no
"Boston University Marine Program, Marine Biological Laboratory Woods Hole, Massachusetts 02543, U.S.A",1,Marine Biological Laboratory,I1338920048,no
"Boston University Marine Program, Marine Biological Laboratory Woods Hole, Massachusetts, U.S.A. 02543",1,Marine Biological Laboratory,I1338920048,no
"Boston University Marine Program, Marine Biological Laboratory, 02543, Woods Hole, MA, U.S.A",1,Marine Biological Laboratory,I1338920048,no
"Boston University Marine Program, Marine Biological Laboratory, 02543, Woods Hole, Massachusetts, U.S.A",1,Marine Biological Laboratory,I1338920048,no
"Boston University Marine Program, Marine Biological Laboratory, 7 MBL St. Woods Hole, Massachusetts 02543, USA",1,Marine Biological Laboratory,I1338920048,no
"Boston University Marine Program, Marine Biological Laboratory, 7 MBL St., Woods Hole, MA 02543",1,Marine Biological Laboratory,I1338920048,no
"Boston University Marine Program, Marine Biological Laboratory, 7 MBL Street, Woods Hole, 02543 MA, USA",1,Marine Biological Laboratory,I1338920048,no
"Boston University Marine Program, Marine Biological Laboratory, 7 MBL Street, Woods Hole, 02543 Massachusetts, USA",1,Marine Biological Laboratory,I1338920048,no
"Boston University Marine Program, Marine Biological Laboratory, 7 MBL Street, Woods Hole, MA 02543,",1,Marine Biological Laboratory,I1338920048,no
"Boston University Marine Program, Marine Biological Laboratory, 7 MBL Street, Woods Hole, MA, USA",1,Marine Biological Laboratory,I1338920048,no
"Boston University Marine Program, Marine Biological Laboratory, 7 MBL Street, Woods Hole, MA, USA. jbculber@bu.edu",1,Marine Biological Laboratory,I1338920048,no
"Boston University Marine Program, Marine Biological Laboratory, 7 MBL Street, Woods Hole, Massachusetts 02543, USA",1,Marine Biological Laboratory,I1338920048,no
"Boston University Marine Program, Marine Biological Laboratory, 7 Water Street, Woods Hole, MA, 02543, USA E-mail: imkaatz@mindspring.com",1,Marine Biological Laboratory,I1338920048,no
"Boston University Marine Program, Marine Biological Laboratory, Massachusetts 02543, USA",1,Marine Biological Laboratory,I1338920048,no
"Boston University Marine Program, Marine Biological Laboratory, Woods Hall, MA 02543, USA",1,Marine Biological Laboratory,I1338920048,no
"Boston University Marine Program, Marine Biological Laboratory, Woods Hole , MA 02543 USA",1,Marine Biological Laboratory,I1338920048,no
"Boston University Marine Program, Marine Biological Laboratory, Woods Hole 02543 Massachusetts, U.S.A",1,Marine Biological Laboratory,I1338920048,no
"Boston University Marine Program, Marine Biological Laboratory, Woods Hole 02543 Massachusetts, U.S.A.,",1,Marine Biological Laboratory,I1338920048,no
"Boston University Marine Program, Marine Biological Laboratory, Woods Hole MA 02543, USA",1,Marine Biological Laboratory,I1338920048,no
"Boston University Marine Program, Marine Biological Laboratory, Woods Hole, MA 02543 U.S.A",1,Marine Biological Laboratory,I1338920048,no
"Boston University Marine Program, Marine Biological Laboratory, Woods Hole, MA 02543, USA, , , , , , US",1,Marine Biological Laboratory,I1338920048,no
"Boston University Marine Program, Marine Biological Laboratory, Woods Hole, MA 02543, USA, US",1,Marine Biological Laboratory,I1338920048,no
"Boston University Marine Program, Marine Biological Laboratory, Woods Hole, MA 02543, USA. culbertsonj@uncw.edu",1,Marine Biological Laboratory,I1338920048,no
"Boston University Marine Program, Marine Biological Laboratory, Woods Hole, MA 02543, USA. jaynegardiner@alum.bu.edu",1,Marine Biological Laboratory,I1338920048,no
"Boston University Marine Program, Marine Biological Laboratory, Woods Hole, MA 02543, USA. kkroeger@usgs.gov",1,Marine Biological Laboratory,I1338920048,no
"Boston University Marine Program, Marine Biological Laboratory, Woods Hole, MA 02543, USA;",1,Marine Biological Laboratory,I1338920048,no
"Boston University Marine Program, Marine Biological Laboratory, Woods Hole, MA 02543; tInstitut de Ciencies del Mar, Passeig Nacional S/N, 08003 Barcelona, Spain; and IBiology Department,",1,Institut de Ciències del Mar | Marine Biological Laboratory,I4210151560 I1338920048,no
"Boston University Marine Program, Marine Biological Laboratory, Woods Hole, MA U.S.A",1,Marine Biological Laboratory,I1338920048,no
"Boston University Marine Program, Marine Biological Laboratory, Woods Hole, MA, 02543",1,Marine Biological Laboratory,I1338920048,no
"Boston University Marine Program, Marine Biological Laboratory, Woods Hole, MA, USA",1,Marine Biological Laboratory,I1338920048,no
"Boston University Marine Program, Marine Biological Laboratory, Woods Hole, Mass. 02543 U.S.A",1,Marine Biological Laboratory,I1338920048,no
"Boston University Marine Program, Marine Biological Laboratory, Woods Hole, Mass., 02543 U.S.A",1,Marine Biological Laboratory,I1338920048,no
"Boston University Marine Program, Marine Biological Laboratory, Woods Hole, Mass., U.S.A., 02543",1,Marine Biological Laboratory,I1338920048,no
"Boston University Marine Program, Marine Biological Laboratory, Woods Hole, Mass., USA. eisthen@pilot.msu.edu",1,Marine Biological Laboratory,I1338920048,no
"Boston University Marine Program, Marine Biological Laboratory, Woods Hole, Mass.U.S.A",1,Marine Biological Laboratory,I1338920048,no
"Boston University Marine Program, Marine Biological Laboratory, Woods Hole, Massachusetts 02453, U.S.A",1,Marine Biological Laboratory,I1338920048,no
"Boston University Marine Program, Marine Biological Laboratory, Woods Hole, Massachusetts 02453, USA. fgrasso@biomimetics.mbl.edu",1,Marine Biological Laboratory,I1338920048,no
"Boston University Marine Program, Marine Biological Laboratory, Woods Hole, Massachusetts 02543 USA, , , , , , US",1,Marine Biological Laboratory,I1338920048,no
"Boston University Marine Program, Marine Biological Laboratory, Woods Hole, Massachusetts 02543, U. S. A",1,Marine Biological Laboratory,I1338920048,no
"Boston University Marine Program, Marine Biological Laboratory, Woods Hole, Massachusetts 02543, USA#N#, , US",1,Marine Biological Laboratory,I1338920048,no
"Boston University Marine Program, Marine Biological Laboratory, Woods Hole, Massachusetts 02543, USA, ahumes@mbl.edu",1,Marine Biological Laboratory,I1338920048,no
"Boston University Marine Program, Marine Biological Laboratory, Woods Hole, Massachusetts 02543. Dr",1,Marine Biological Laboratory,I1338920048,no
"Boston University Marine Program, Marine Biological Laboratory, Woods Hole, Massachusetts 025431.  Xavier University, Cincinnati, OH 45207",1,Marine Biological Laboratory,I1338920048,no
"Boston University Marine Program, Marine Biological Laboratory, Woods Hole, Massachusetts 025431. Brown University, Providence, RI 02912",1,Marine Biological Laboratory,I1338920048,no
"Boston University Marine Program, Marine Biological Laboratory, Woods Hole, Massachusetts 025431. Iowa State University, Ames, IA.2. Universidad Nacional de Mar del Plata, Mar del Plata, Argentina",1,National University of Mar del Plata | Marine Biological Laboratory,I189075073 I1338920048,no
"Boston University Marine Program, Marine Biological Laboratory, Woods Hole, Massachusetts 025431. University of Virginia, Charlottesville, VA",1,Marine Biological Laboratory,I1338920048,no
"Boston University Marine Program, Marine Biological Laboratory, Woods Hole, Massachusetts 02543;",1,Marine Biological Laboratory,I1338920048,no
"Boston University Marine Program, Marine Biological Laboratory, Woods Hole, Massachusetts, U.S.A., and Centre de l'Environnement de Moorea (Polynésie française), Muséum National d'Histoire Naturelle et École Practique des Hautes Études, Paris, France",1,Marine Biological Laboratory,I1338920048,no
"Boston University Marine Program, Marine Biological Laboratory, Woods Hole, Massaschusetts 02543, U.S.A",1,Marine Biological Laboratory,I1338920048,no
"Boston University Marine Program, Marine Biological Laboratory, Woods Hole, massachusetts 02543 U.S.A",1,Marine Biological Laboratory,I1338920048,no
"Boston University Marine Program, Marine Biological Laboratory, WoodsHole, Massachusetts 0254,. USA",1,Marine Biological Laboratory,I1338920048,no
"Boston University Marine Program, Marine Biological Laboratory, WoodsHole, Massachusetts 02543, USA",1,Marine Biological Laboratory,I1338920048,no
"Boston University Marine Program, Marine Biological Laboratory. Woods Hole, MA 02543, U.S.A",1,Marine Biological Laboratory,I1338920048,no
"Boston University Marine Program, Marine Biological Laboratory. Woods Hole. Massachusetts 02543, USA",1,Marine Biological Laboratory,I1338920048,no
"Boston University Marine Program, Marine Biological LaboratoryWoods Hole, MA 02543",1,Marine Biological Laboratory,I1338920048,no
"Boston University Marine Program, Marine Biological LaboratoryWoods Hole, Massachusetts 02543",1,Marine Biological Laboratory,I1338920048,no
"Boston University Marine Program, The Marine Biological Laboratories, Woods Hole, Massachusetts, 02543, USA",1,Marine Biological Laboratory,I1338920048,no
"Boston University Marine Program, The Marine Biological Laboratories, Woods Hole, USA",1,Marine Biological Laboratory,I1338920048,no
"Boston University Marine Program, The Marine Biological Laboratory, 7 Water Street, Woods Hole, MA 02543, USA",1,Marine Biological Laboratory,I1338920048,no
"Boston University Marine Proyrani, Marine Biological Laboratory, Woods Hole Massachusetts 02543",1,Marine Biological Laboratory,I1338920048,no
"Boston University Medical Campus , , 670 Albany Street , , ,",1,Albany Medical Center Hospital | Boston Medical Center,I77920804 I1286490081,no
"Boston University Medical Campus, Division of Head and Neck Surgical Oncology and Skullbase Surgery, Boston, MA 02118. Electronic address: Katie.McDonough@bmc.org",1,Boston Medical Center,I1286490081,no
"Boston University Medical Campus, MA 02118, USA",1,Boston Medical Center,I1286490081,no
"Boston University Medical Campus, Massachusetts 02118, USA",1,Boston Medical Center,I1286490081,no
"Boston University Medical Campus/Boston Medical Center Human Research Protection Program and Boston University Clinical & Translational Science Institute (CTSI), Boston, MA, USA",1,Boston Medical Center | Clinical and Translational Science Institute,I1286490081 I4405260963,yes
"Boston University Medical Center (Framingham Study), School of Medicine Boston, Mass., USA",1,Boston Medical Center | Framingham Heart Study,I1286490081 I4210123017,yes
"Boston University Medical Center Oncology and Hematology Associates, Inc. 720 Harrison Ave., Suite 202 Boston, MA 02118",1,Boston Medical Center,I1286490081,no
"Boston University Medical Center Place, Internal Medicine Department, Boston, MA 02118, USA. Electronic address: ehsan.chitsaz@bmc.org",1,Boston Medical Center,I1286490081,no
"Boston University Medical Center, Boston, MA.; Brigham and Women's Hospital, Harvard Medical School, Boston MA; Disclosure: The authors declare no sources of funding and no conflicts of interest.; Reprints: Piero Marco Fisichella, MD, MBA, FACS, VA Boston Healthcare System, Brigham and Women's Hospital, Harvard Medical School, Boston MA 1400 Veterans of Foreign Wars Pkwy, West Roxbury, MA 02132. E-mail: [email protected].; Supplemental digital content is available for this article. Direct URL citations appear in the printed text and are provided in the HTML and PDF versions of this article on the journal's Web site (www.annalsofsurgery.com)",1,VA Boston Healthcare System,I2801671727,no
"Boston University Medical Center, Division of Intramural Population Health Research, Eunice Kennedy Shriver National Institute of Child Health and Human Development; 6710B Rockledge Drive, Bethesda, MD",1,Eunice Kennedy Shriver National Institute of Child Health and Human Development,I4210144228,no
"Boston University Medical Center, Massachusetts General Hospital, Boston, MA",1,Harvard University,I136199984,no
"Boston University Medical Center, New England Medical Center, Boston, Massachusetts",1,Boston Medical Center,I1286490081,no
"Boston University Medical Center, Orthopaedic Surgery, Boston Medical Center, Dowling 2 North, 850 Harrison Ave Dowling 2 North, Boston, MA 02118, United States. Electronic address: dave.saper@gmail.com",1,Boston Medical Center,I1286490081,no
"Boston University Medical Center, Orthopaedic Surgery, Boston Medical Center, Dowling 2 North, 850 Harrison Ave Dowling 2 North, Boston, MA 02118, United States. Electronic address: jody.liternta@gmail.com",1,Boston Medical Center,I1286490081,no
"Boston University Medical Center, Section of Endocrinology, Diabetes, and Nutrition, 88 East Newton Street, Evans 201, Boston, MA 02118, USA; lewis.braverman@bmc.org",1,Boston Medical Center,I1286490081,no
Boston University Medical Center-Framingham Heart Study,1,Framingham Heart Study,I4210123017,yes
"Boston University Medical Research Building, 15 Stoughton Street, Boston, Mass. 02118",1,Boston Medical Center,I1286490081,no
"Boston University Medical School and Asklepeion General Hospital, Division of Cardiology, Piraeus, Greece",1,General Hospital of Nikea,I4210140769,no
"Boston University Medical School, Department of Family Medicine, Boston, Massachusetts, USA. pgardine@massmed.org",1,Boston Medical Center,I1286490081,no
"Boston University Medical Service, Boston City Hospital, Boston, Mass., U.S.A",1,Boston Medical Center,I1286490081,no
"Boston University Medical Services , Boston City Hospital , Boston , Massachusetts 02118",1,Boston Medical Center,I1286490081,no
"Boston University Medical Services, Boston City Hospital, Boston, Mass",1,Boston Medical Center,I1286490081,no
"Boston University Medical, Boston, Maryland",1,Boston Medical Center,I1286490081,no
"Boston University Multipurpose Arthritis Center and the Department of Medicine Boston City Hospital Boston, MA 02118",1,,,no
Boston University Netherlands Institute for Advanced Study,1,Netherlands Institute for Advanced Study in the Humanities and Social Sciences,I55027601,no
"Boston University Questrom School of Business, Boston, Canada",1,Quest University Canada,I232906412,no
"Boston University Questrom School of Business,Boston,Canada",1,Quest University Canada,I232906412,no
Boston University Radcliffe Institute 2003-04,1,John Radcliffe Hospital | USA Cares,I2802742124 I4210130563,no
"Boston University Ramat Aviv 270 Bay State Road Tel Aviv 69978 Boston , MA 02215 ISRAEL",1,Tel Aviv University,I16391192,no
"Boston University Sargent College of Health & Rehabilitation Sciences,  Massachusetts; University of Western Ontario,  Canadá",1,,,no
Boston University School of Medicine &amp; Framingham Heart Study  Boston MA USA,1,Framingham Heart Study,I4210123017,yes
"Boston University School of Medicine Fei Cai , The Warren Alpert Medical School , Brown University",1,Brown University,I27804330,no
"Boston University School of Medicine Fei Cai, The Warren Alpert Medical School, Brown University Nicole Noronha, Tufts University School of Medicine Hedy S. Wald, The Warren Alpert Medical School, Brown University",1,Brown University | Tufts University,I27804330 I121934306,no
"Boston University School of Medicine VA National Center for PTSD, Women's Health Science Division VA Boston Health Care System, Boston, MA 02130",1,National Center for PTSD,I4210103836,no
"Boston University School of Medicine VA National Center for PTSD, Women’s Health Science Division VA Boston Health Care System, Boston, MA 02130",1,National Center for PTSD | VA Boston Healthcare System,I4210103836 I2801671727,no
"Boston University School of Medicine and Framingham Heart Study, Boston, MA (R.S.V.)",1,Framingham Heart Study,I4210123017,yes
"Boston University School of Medicine and Framingham Heart Study, Framingham, MA USA",1,Framingham Heart Study,I4210123017,yes
"Boston University School of Medicine and Framingham Heart Study, Preventive Medicine & Epidemiology Section, Framingham, USA",1,Framingham Heart Study,I4210123017,yes
"Boston University School of Medicine and Inpatient Diabetes Program, Boston Medical Center, Boston, MA 02118, USA. marie.mcdonnell@bmc.org",1,Boston Medical Center,I1286490081,no
"Boston University School of Medicine and School of Public Health, and NHLBI and Boston University's Framingham Heart Study, Framingham, Massachusetts; Center for Population Studies, National Heart, Lung, and Blood Institute, Bethesda, Maryland",1,Framingham Heart Study,I4210123017,yes
"Boston University School of Medicine and The Framingham Heart Study, National Heart, Lung, and Blood Institute, Framingham, MA",1,"Framingham Heart Study | National Heart, Lung, and Blood Institute",I4210123017 I4210106489,yes
"Boston University School of Medicine and the Framingham Heart Study, Framingham, MassUSA",1,Framingham Heart Study,I4210123017,yes
"Boston University School of Medicine and the National Heart, Lung, and Blood Institute's Framingham Heart Study, Framingham, Mass (P.W.F.W.)",1,Framingham Heart Study,I4210123017,yes
"Boston University School of Medicine, Boston University School of Medicine, Framingham Heart Study, 73 Mount Wayte Avenue, Suite 2 Framingham, MA 01702-5803, USA. vasan@bu.edu",1,Framingham Heart Study,I4210123017,yes
"Boston University School of Medicine, Boston, MA, USA and Brown University, Providence, RI, USA E-mail: [email protected] doi: 10.1111/j.1369-7625.2008.00526.x",1,,,no
"Boston University School of Medicine, Boston, Massachusetts, USA ; Framingham Heart Study/National Heart Lung and Blood Institute, Framingham, Massachusetts, USA",1,Framingham Heart Study,I4210123017,yes
"Boston University School of Medicine, Boston, Massachusetts, USA ; Framingham Heart Study/National Heart Lung and Blood Institute, Framingham, Massachusetts, USA ; Boston University School of Public Health, Boston, Massachusetts, USA",1,Framingham Heart Study,I4210123017,yes
"Boston University School of Medicine, Boston, Massachusetts, USA; National Heart, Lung, and Blood Institute, Bethesda, Maryland, USA; Framingham Heart Study, Framingham, Massachusetts, USA",1,Framingham Heart Study,I4210123017,yes
"Boston University School of Medicine, Boston, Massachusetts, USA; National Heart, Lung, and Blood Institute, Bethesda, Maryland, USA; Framingham Heart Study, Framingham, Massachusetts, USA; Center for Population Studies, National Heart, Lung, and Blood Institute, Bethesda, Maryland, USA",1,"Framingham Heart Study | National Heart, Lung, and Blood Institute",I4210123017 I4210106489,yes
"Boston University School of Medicine, Boston, Massachusetts, and Ascension St Joseph Hospital, Chicago, Illinois. Electronic address: daokevin@bu.edu",1,,,no
"Boston University School of Medicine, Department of Medicine, Section of General Internal Medicine; NHLBI's Framingham Heart Study, Boston, MA, USA",1,Framingham Heart Study,I4210123017,yes
"Boston University School of Medicine, Department of Pathology, Roger Williams Medical Center, 825 Chalkstone Avenue, Providence, RI 02908, USA. abby_maizel@brown.edu, , , , , , US",1,Roger Williams Medical Center,I1336196053,no
"Boston University School of Medicine, Framingham Heart Study Boston Massachusetts United States",1,Framingham Heart Study,I4210123017,yes
"Boston University School of Medicine, Framingham Heart Study, 73 Mt Wayte Ave, Framingham, MA 01702-5827, USA",1,Framingham Heart Study,I4210123017,yes
"Boston University School of Medicine, Framingham Heart Study, Massachusetts, USA",1,Framingham Heart Study,I4210123017,yes
"Boston University School of Medicine, Mass, USA. devyani.misra@BMC.org",1,,,no
"Boston University School of Medicine, Roger Williams Medical Center, Department of Dermatology and Skin Surgery,  50 Maude Street, Providence, RI 02908, U.S.A",1,Roger Williams Medical Center,I1336196053,no
"Boston University School of Medicine, Section of Computational
Biomedicine, Leipzig, Germany",1,Leipzig University,I926574661,no
"Boston University School of Medicine, The Framingham Heart Study, MA 01702-5827, USA",1,Framingham Heart Study,I4210123017,yes
"Boston University School of Medicine, the Framingham Heart Study, Framingham, MA",1,Framingham Heart Study,I4210123017,yes
"Boston University School of Medicine., United Kingdom",1,,,no
Boston University School of Medicine/Framingham Heart Study 73 Mt. Wayte Ave. Framingham MA 01702‐5827,1,Framingham Heart Study,I4210123017,yes
"Boston University School of Medicine/Framingham Heart Study, Framingham, MA 01702, USA",1,Framingham Heart Study,I4210123017,yes
"Boston University School of Medicine/Framingham Heart Study, Framingham, MA 01702, USA. billkannel@yahoo.com",1,Framingham Heart Study,I4210123017,yes
"Boston University School of Medicine/Framingham Heart Study, Framingham, MA 01702-5827, USA",1,Framingham Heart Study,I4210123017,yes
"Boston University School of Medicine/Framingham Heart Study, Framingham, MA 01702-5827, USA. billkannel@yahoo.com",1,Framingham Heart Study,I4210123017,yes
"Boston University School of Medicine/Framingham Heart Study, Framingham, Massachusetts",1,Framingham Heart Study,I4210123017,yes
"Boston University School of Medicine/Framingham Heart Study, Framingham, Massachusetts 01702-5827, USA. billkannel@yahoo.com",1,Framingham Heart Study,I4210123017,yes
"Boston University School of Medicine/Framingham Heart Study, Framingham, MassachusettsUSA",1,Framingham Heart Study,I4210123017,yes
"Boston University School of Public Health, Framingham Heart Study Boston Massachusetts United States",1,Framingham Heart Study,I4210123017,yes
"Boston University School of Social Work, Boston, Massachusetts (Mr Wilkinson); Massachusetts Department of Public Health, Boston, Massachusetts (Mr Wilkinson, Dr Mason, Ms Hirsch, and Dr Zotter); Massachusetts Board of Certification of Community Health Workers, Boston, Massachusetts (Mr Wilkinson, Ms Calista, and Dr Zotter); Massachusetts Association of Community Health Worker, Boston, Massachusetts (Ms Hirsch, Ms Holt, and Ms Toledo); Center for Health Impact, Worcester, Massachusetts (Ms Calista); and Boston Association for Childbirth Education, Boston, Massachusetts (Ms Holt)",1,Massachusetts Department of Public Health,I1337960435,no
Boston University Schools of Medicine and Public Health Framingham Heart Study Boston MA USA,1,Framingham Heart Study,I4210123017,yes
"Boston University Schools of Medicine and Public Health, Boston, MA, Framingham Heart Study, Framingham, MA",1,Framingham Heart Study,I4210123017,yes
"Boston University Schools of Medicine and Public Health, Boston, MA, United States; National Heart, Lung, and Blood Institute's and Boston University's Framingham Heart Study, Framingham, MA, United States",1,Framingham Heart Study,I4210123017,yes
"Boston University Schools of Medicine and Public Health, Framingham Heart Study Boston Massachusetts United States",1,Framingham Heart Study,I4210123017,yes
"Boston University Schools of Medicine and Public Health, The Framingham Heart Study, 73 Mount Wayte Avenue, Suite 2, Framingham, MA 01702-5827, USA",1,Framingham Heart Study,I4210123017,yes
"Boston University Surgical Service, Harvard Medical School, MA",1,Harvard University,I136199984,no
Boston University Vincent Memorial Hospital Massachusetts General Hospital,1,Harvard University,I136199984,no
"Boston University Worcester Foundation for Experimental Biology, Shrewsbury, Massachusetts, U.S.A, and the Department of Biology ,",1,,,no
"Boston University and NHLBI’s Framingham Study, MA (A.B., A.S.B., E.J.B., R.S.V., S.S.)",1,Framingham Heart Study,I4210123017,yes
Boston University's Center for Science and Medical Journalism,1,,,no
Boston University's Department of International Relations,1,University of International Relations | School of International Relations,I67636235 I4210091705,no
Boston University's Dublin Programs hosted by Dublin City University,1,Dublin City University,I42934936,no
Boston University's Howard Gotlieb Archival Research Center ,1,,,no
Boston University's Human Relations Center; International Association,1,,,no
"Boston University's Initiative on Cities , Stacy Fox ,",1,,,no
"Boston University's Karbank Sympo- sium on Environmental Philosophy , Colby College's Environmental Studies Colloquium , and",1,Colby College,I27504731,no
"Boston University's Law-Medicine Institute, 141 Bay State Road, 02215, Boston, Mass",1,Bay State College,I78063147,no
Boston University's Medical Campus,1,Boston Medical Center,I1286490081,no
"Boston University's Overseas Program in Counseling, Scheffelstrasses, West Germany/BBD",1,Boston Scientific (Germany),I4210108450,no
"Boston University's and NHLBI's Framingham Heart Study , Framingham, MA ,",1,Framingham Heart Study,I4210123017,yes
Boston University's and NHLBI's Framingham Heart Study Framingham MA,1,Framingham Heart Study,I4210123017,yes
"Boston University's and National Heart Lung and Blood Institute's Framingham Heart Study, Framingham, MA, United States of America",1,"Framingham Heart Study | National Heart, Lung, and Blood Institute",I4210123017 I4210106489,yes
"Boston University's and National Heart, Blood , and Lung In- stitute's Framingham Heart Study , Framingham , Massachusetts , USA",1,Framingham Heart Study,I4210123017,yes
"Boston University's and National Heart, Lun, and Blood Institute's Framinham Heart Study, Framinham, Massachusetts, USA",1,Framingham Heart Study,I4210123017,yes
"Boston University's and National Heart, Lung and Blood Institute's Framingham Heart Study, Framingham, MA",1,"Framingham Heart Study | National Heart, Lung, and Blood Institute",I4210123017 I4210106489,yes
"Boston University's and National Heart, Lung and Blood Institute's Framingham Heart Study, Framingham, MA, United States of America",1,"Framingham Heart Study | National Heart, Lung, and Blood Institute",I4210123017 I4210106489,yes
"Boston University's and National Heart, Lung, and Blood Institute's Framingham Heart Study , Framingham, MA 01702 ,",1,Framingham Heart Study,I4210123017,yes
"Boston University's and National Heart, Lung, and Blood Institute's Framingham Heart Study , Framingham, MA 01702 , USA",1,"Framingham Heart Study | National Heart, Lung, and Blood Institute",I4210123017 I4210106489,yes
"Boston University's and National Heart, Lung, and Blood Institute's Framingham Heart Study , Framingham, Massachusetts,",1,Framingham Heart Study,I4210123017,yes
"Boston University's and National Heart, Lung, and Blood Institute's Framingham Heart Study , Framingham, Massachusetts, USA",1,"Framingham Heart Study | National Heart, Lung, and Blood Institute",I4210123017 I4210106489,yes
"Boston University's and National Heart, Lung, and Blood Institute's Framingham Heart Study Framingham US",1,"Framingham Heart Study | National Heart, Lung, and Blood Institute",I4210123017 I4210106489,yes
"Boston University's and National Heart, Lung, and Blood Institute's Framingham Heart Study, 73 Mount Wayte Avenue, Framingham, MA, 01702, United States, 1 508 935-3461",1,Framingham Heart Study,I4210123017,yes
"Boston University's and National Heart, Lung, and Blood Institute's Framingham Heart Study, 73 Mount Wayte Avenue, Suite 2, Framingham, MA, 01702, USA",1,"Framingham Heart Study | National Heart, Lung, and Blood Institute",I4210123017 I4210106489,yes
"Boston University's and National Heart, Lung, and Blood Institute's Framingham Heart Study, 73 Mount Wayte Avenue, Suite 2, Framingham, MA, 01702, USA. vasan@bu.edu",1,Framingham Heart Study,I4210123017,yes
"Boston University's and National Heart, Lung, and Blood Institute's Framingham Heart Study, Boston, MA, United States",1,Framingham Heart Study,I4210123017,yes
"Boston University's and National Heart, Lung, and Blood Institute's Framingham Heart Study, Framingham, MA (M.N., R.S. Vasan, M.G.L., R.S. Velagaleti).; Cardiology Section, Department of Medicine, Boston VA Healthcare System, West Roxbury, MA (R.S. Velagaleti)",1,Framingham Heart Study,I4210123017,yes
"Boston University's and National Heart, Lung, and Blood Institute's Framingham Heart Study, Framingham, MA (M.N., R.S. Vasan, M.G.L., R.S. Velagaleti).; Cardiovascular Medicine Section, Boston University School of Medicine, MA. (M.N., P.G., R.S. Vasan)",1,Framingham Heart Study,I4210123017,yes
"Boston University's and National Heart, Lung, and Blood Institute's Framingham Heart Study, Framingham, MA (M.N., R.S. Vasan, M.G.L., R.S. Velagaleti).; Cardiovascular Medicine Section, Boston University School of Medicine, MA. (M.N., P.G., R.S. Vasan).; University of Texas School of Public Health San Antonio, and Departments of Medicine and Population Health Sciences, University of Texas Health Science Center, San Antonio (R.S. Vasan)",1,Framingham Heart Study | The University of Texas at San Antonio Health Science Center,I4210123017 I165951966,yes
"Boston University's and National Heart, Lung, and Blood Institute's Framingham Heart Study, Framingham, MA, USA. ca@heart.dk",1,Framingham Heart Study,I4210123017,yes
"Boston University's and National Heart, Lung, and Blood Institute's Framingham Heart Study, Framingham, MA, USA. ludovic@bu.edu",1,Framingham Heart Study,I4210123017,yes
"Boston University's and National Heart, Lung, and Blood Institute's Framingham Heart Study, Framingham, MA, USA. mnayor@bu.edu",1,Framingham Heart Study,I4210123017,yes
"Boston University's and National Heart, Lung, and Blood Institute's Framingham Heart Study, Framingham, MA, USA. vasan@bu.edu",1,Framingham Heart Study,I4210123017,yes
"Boston University's and National Heart, Lung, and Blood Institute's Framingham Heart Study, Framingham, MA, USA; University of Texas School of Public Health, San Antonio, TX, USA; The University of Texas Health Science Center, San Antonio, TX, USA",1,Framingham Heart Study | The University of Texas at San Antonio Health Science Center,I4210123017 I165951966,yes
"Boston University's and National Heart, Lung, and Blood Institute's Framingham Heart Study, Framingham, Massachusetts, United States of America",1,"Framingham Heart Study | National Heart, Lung, and Blood Institute",I4210123017 I4210106489,yes
"Boston University's and National Heart, Lung, and Blood Institute's Framingham Heart Study, Framingham, Massachusetts; Department of Cardiology, Kerckhoff Heart and Thorax Center, Bad Nauheim, Germany",1,Framingham Heart Study,I4210123017,yes
"Boston University's and National Heart, Lung, and Blood Institute's Framingham Heart Study, Framingham, Massachusetts; Department of Medicine, Cardiovascular Division, Beth Israel Deaconess Medical Center and Harvard Medical School, Boston, Massachusetts",1,Framingham Heart Study,I4210123017,yes
"Boston University's and National Heart, Lung, and Blood Institute's Framingham Heart Study, Framingham, Massachusetts; Department of Medicine, Division of Cardiology, Brigham and Women's Hospital, Boston, Massachusetts",1,Framingham Heart Study,I4210123017,yes
"Boston University's and National Heart, Lung, and Blood Institute's Framingham Heart Study, Framingham, Massachusetts; Department of Medicine, Division of Cardiovascular Medicine, Brigham and Women's Hospital, Boston, Massachusetts",1,Framingham Heart Study,I4210123017,yes
"Boston University's and National Heart, Lung, and Blood Institute's Framingham Heart Study, Framingham, Massachusetts; Division of Endocrinology, Brigham and Women's Hospital and Harvard Medical School, Boston, Massachusetts",1,Framingham Heart Study,I4210123017,yes
"Boston University's and National Heart, Lung, and Blood Institute's Framingham Heart Study, Framingham, Massachusetts; Smidt Heart Institute, Cedars-Sinai Medical Center, Los Angeles, California",1,Framingham Heart Study,I4210123017,yes
"Boston University's and National Heart, Lung, and Blood Institute's Framingham Study Framingham Massachusetts USA",1,Framingham Heart Study,I4210123017,yes
"Boston University's and National Heart, Lung, and Blood Institute's Framingham Study, Framingham, Massachusetts, USA",1,"Framingham Heart Study | National Heart, Lung, and Blood Institute",I4210123017 I4210106489,yes
Boston University's and the NHLIBI's Framingham Heart Study Framingham MA,1,Framingham Heart Study,I4210123017,yes
"Boston University's nd Ntionl Hert, Lung, nd Blood Institute's Frminghm Hert Study, Frminghm, Msschusetts, USA",1,,,no
Boston University's schools of medicine and public health,1,Boston Public Schools,I4210136996,no
"Boston University's, Metropolitan College, USA",1,Metropolitan University College,I203428652,no
"Boston University, Beijing, China",1,Beijing City University,I49496784,no
"Boston University, Boston, United Kingdom",1,,,no
"Boston University, Detroit, MI, USA",1,University of Detroit Mercy | Detroit R&D (United States),I71792333 I4210153972,no
"Boston University, Helsinki, Finland",1,,,no
"Boston University, Huron University College",1,,,no
"Boston University, Madrid, España",1,,,no
"Boston University, Melbourne, Victoria, Australia",1,,,no
"Boston University, NBER, and IZA",1,,,no
"Boston University, Postfach 610264, Mannheim 61, West Germany, 6800",1,University of Mannheim,I177802217,no
"Boston University, San Anselmo, California, United States",1,EnZinc (United States),I4210118988,no
"Boston University, Shenyang, China",1,Shenyang University,I42852656,no
"Boston University, Stamford, Connecticut, USA",1,Stamford Hospital | University of Connecticut,I2802195419 I140172145,no
"Boston University, Tianjin, China",1,Tianjin University,I162868743,no
"Boston University,Bothell,USA",1,University of Washington Bothell,I4210138624,no
"Boston University.Requests for reprints should be sent to Stephen Soldz, Ph.D., who is now at the Mental Health Research Program, Harvard Community Health Plan, One Fenway Plaza, Boston, MA 02215",1,,,no
"Boston University51 Belmont Street, South Easton, Mass. 02375, U. S. A",1,,,no
Boston UniversityMassachusetts General Hospital,1,Massachusetts General Hospital,I4210087915,no
"Boston UniversityTel Aviv University, ; Aviv University",1,Tel Aviv University,I16391192,no
Boston UniversityUniversity of Haifa,1,University of Haifa,I91203450,no
Boston University—Belgium,1,Boston University Brussels,I4210120062,no
"Boston University’s &amp; National Heart, Lung &amp; Blood Institute’s Framingham Heart Study, MA, USA",1,Framingham Heart Study,I4210123017,yes
"Boston University’s &amp; National Heart, Lung, and Blood Institute’s Framingham Heart Study, Framingham (J.M.M., M.G.L., R.S.V.)",1,Framingham Heart Study,I4210123017,yes
"Boston University’s Framingham Heart Study, Boston, Massachusetts",1,Framingham Heart Study,I4210123017,yes
"Boston University’s Framingham Heart Study, Framingham, MA, USA",1,Framingham Heart Study,I4210123017,yes
Boston University’s Frederick S,1,Frederick University,I38552033,no
"Boston University’s Global Economic Governance Initiative and a PhD student in economics, University of Massachusetts-Amherst",1,University of Massachusetts Amherst,I24603500,no
"Boston University’s Pardee School for Global Studies, where he co-directs the Global Economic Governance Initiative",1,,,no
"Boston University’s Questrom School of Management, SKEMA Business School in Sophia Antipolis, France",1,SKEMA Business School,I181418319,no
Boston University’s School of Education studying History and Social Science Education,1,,,no
"Boston University’s School of Public Health and an intern, Center to Improve Care of the Dying, The George Washington University Medical Center, Washington DC",1,Washington University Medical Center,I4210135078,no
Boston University’s and NHLBI’s Framingham Heart Study Framingham MA USA,1,Framingham Heart Study,I4210123017,yes
"Boston University’s and NHLBI’s Framingham Heart Study, Framingham, MA, USA",1,Framingham Heart Study,I4210123017,yes
"Boston University’s and NHLBI’s Framingham Heart Study, MA (J.R., R.S.V., M.G.L.)",1,Framingham Heart Study,I4210123017,yes
Boston University’s and National Heart,1,National University Heart Centre Singapore,I4210107866,no
"Boston University’s and National Heart Lung and Blood Institute’s Framingham Heart Study, MA (R.S.V., V.X., C.A.)",1,Framingham Heart Study,I4210123017,yes
"Boston University’s and National Heart, Lung, and Blood Institute’s Framingham Heart Study , 73 Mt Wayte Avenue, Framingham, 01702 MA ,",1,Framingham Heart Study,I4210123017,yes
"Boston University’s and National Heart, Lung, and Blood Institute’s Framingham Heart Study , 73 Mt Wayte Avenue, Framingham, 01702 MA , USA",1,"Framingham Heart Study | National Heart, Lung, and Blood Institute",I4210123017 I4210106489,yes
"Boston University’s and National Heart, Lung, and Blood Institute’s Framingham Heart Study , Framingham, MA 01702, USA",1,"Framingham Heart Study | National Heart, Lung, and Blood Institute",I4210123017 I4210106489,yes
"Boston University’s and National Heart, Lung, and Blood Institute’s Framingham Heart Study, Framingham, MA (M.N., R.S. Vasan, M.G.L., R.S. Velagaleti)",1,Framingham Heart Study,I4210123017,yes
"Boston University’s and National Heart, Lung, and Blood Institute’s Framingham Heart Study, MA (H.L., E.J.B., E.S.M., K.F., J.K., M.M.H., J.M.M.)",1,Framingham Heart Study,I4210123017,yes
"Boston Universtiy Schools of Medicine and Public Health Boston, Mass",1,Boston Public Schools,I4210136996,no
"Boston Universtiy Schools of Medicine and Public HealthBoston, Mass",1,Boston Public Schools,I4210136996,no
"Boston Universty School of Medicine, Foundation for Research on the Nervous System, Bioradar UK Ltd, and Replikins, Ltd",1,,,no
"Boston Universty School of Medicine, Foundation for Research on the Nervous System, Bioradar UK Ltd, and Replikins, Ltd.,",1,,,no
Boston Univsersity Medical Center,1,Boston Medical Center,I1286490081,no
"Boston universities, specialising in international taxation",1,,,no
Boston大,1,,,no
"Bostton University , 675 Commonwealth Avenue, Boston, MA, 02215, USA Phone: 617–3238984 Fax: 617–3238984 E-mail: alan@bu.edu",1,,,no
"Both the authors are from MIT and NBER. We thank Jeff Campbell, John Geanakoplos, Campbell Harvey, David Laibson, Fred Malherbe, Juan Ocampo, Katerina Smidkova, Fernando Vega-Redondo, Adam Zawadowski, an anonymous referee, and an Associate Editor for valuable comments. We also thank the seminar participants at Bilkent University, Boston College, The Federal Reserve Bank of Boston, Boston University, Harvard University, MIT, Middle East Technical University, New York University, the University of Chicago, the University of Michigan",1,Federal Reserve Bank of Boston | Boston College,I46510805 I103531236,no
"Both the authors are from MIT and NBER. We thank Jeff Campbell, John Geanakoplos, Campbell Harvey, David Laibson, Fred Malherbe, Juan Ocampo, Katerina Smidkova, Fernando Vega-Redondo, Adam Zawadowski, an anonymous referee, and an Associate Editor for valuable comments. We also thank the seminar participants at Bilkent University, Boston College, The Federal Reserve Bank of Boston, Boston University, Harvard University, MIT, Middle East Technical University, New York University, the University of Chicago, the University of Michigan; conference participants at the AEA meetings, Brown University, CIED-Tel Aviv University, Columbia University, ECB, IRFMP, MFI, MNB-CEPR, PSU-Cornell, SAET, SED for their comments; and the NSF for financial support. This paper covers and extends the substantive issues in (and hence, replaces) “Complexity and Financial Panics,” NBER WP #14997",1,Sudan Meteorological Authority | Cornell University,I4210162065 I205783295,no
"Boton Univ, Boston, MA",1,,,no
"Brain and Vision Research Laboratory, Department of Biomedical Engineering, Boston, MA 02215, USA",1,,,no
"Brenda N. Wilson is an occupational therapist and research coordinator/consultant at the Alberta Children's Hospital Research Centre. She received her graduate degree from Boston University. Her research interests are identification, assessment, and treatment of the sensorimotor problems of children with learning disabilities",1,,,no
"Brigham and Women’s Hosp, Boston, MA; Boston Univ Medical Ctr, Boston, MA, USA",1,Brigham and Women's Hospital,I1283280774,no
"Bruce Baum received his dental degree from Tufts University and his Ph.D. from Boston University. Dr. Baum has had a distinguished career at the National Institutes of Health, first serving on the staff of the Heart, Lung and Blood Institute, and then with the National Institute of Dental Research. He is Clinical Director, NIDR",1,,,no
"Bston University, Boston, MA",1,,,no
"Bureau of Social Science Research, Inc.; M.A., American University; B.A., Boston University",1,,,no
"CERN, CH1211, Geneva 23, SwitzerlandBoston University, Boston, U.S.A",1,European Organization for Nuclear Research,I67311998,no
"CHOIR VA Boston Healthcare System and BU School of Public Health, Boston MA, USA",1,VA Boston Healthcare System,I2801671727,no
"CNRS, Paris, and Boston University, Paris, France",1,Centre National de la Recherche Scientifique,I1294671590,no
"CREAGEN, Environmental, Genetic and Nutritional Epidemiology Research Center, Department of Biomedical, Metabolic and Neural Sciences, University of Modena and Reggio Emilia, Modena, Italy; Department of Epidemiology, Boston University School of Public Health, Boston, MA, USA. Electronic address: marco.vinceti@unimore.it",1,University of Modena and Reggio Emilia,I122346577,no
"CRISTÓBAL ALLIENDE PIWONKA. Ph.D. en literatura, Boston University",1,,,no
"CUNY, Grad Sch, Program Speech & Hearing Sci, 33 W 42ND St, New York, NY 10036, USA; Boston Univ, Aphasia Res Ctr, Sch Med, Dept Neurol, Boston, MA, USA; Vet Affairs Med Ctr, Boston, MA, USA and Vet Affairs Med Ctr, Med Res Serv, Washington, DC, USA",1,VA Boston Healthcare System,I2801671727,no
"Campbell is from the Department of Economics, Harvard University, and NBER. Serfaty-de Medeiros is from OC&C Strategy Consultants. Viceira is from Harvard Business School, NBER, and CEPR. Viceira acknowledges the financial support of the Division of Research of the Harvard Business School. We are grateful to Anna Milanez and Johnny Kang for research assistance, and to Cam Harvey (the editor), an anonymous referee, Roderick Molenaar, Sam Thompson, Tuomo Vuolteenaho, and seminar participants at Brandeis University, Boston University, the University of Illinois at Urbana-Champaign, Harvard University, and the Stockholm School of Economics for comments and suggestions",1,National Bureau of Economic Research,I1321305853,no
"Cancer Center, Boston University School of Medicine, Boston, MA, United States; Phoenicia BioSciences, Inc., Weston, MA, United States",1,,,no
"Cancer Center, Boston University School of Medicine, Boston, MA, United States; Phoenicia BioSciences, Inc., Weston, MA, United States. Electronic address: sperrine@bu.edu",1,,,no
"Cardiac Muscle Research Laboratory, Cardiovascular Institute of BostonUniversity School of Medicine, Massachusetts",1,Boston Biomedical Research Institute,I1309400984,no
"Cardiology Division, Department of Medicine, University of Massachusetts Medical School, Worcester, Massachusetts; National Heart Lung and Blood Institute's and Boston University's Framingham Heart Study, Framingham, Massachusetts",1,Framingham Heart Study,I4210123017,yes
"Cardiology Division, Department of Medicine, University of Massachusetts Medical School, Worcester, Massachusetts; National Heart Lung and Blood Institute's and Boston University's Framingham Heart Study, Framingham, Massachusetts; Epidemiology Division, Department of Quantitative Health Sciences, University of Massachusetts Medical School Worcester, Massachusetts. Electronic address: mcmanusd@ummhc.org",1,Framingham Heart Study | University of Massachusetts Chan Medical School,I4210123017 I166722992,yes
"Cardiology Section, Whitaker Cardiovascular Institute, Evans Department of Medicine, Boston University School of Medicine, Boston, MA; National Heart Lung and Blood Institute's and Boston University's Framingham Heart Study, Framingham, MA. Electronic address: jmagnani@bu.edu",1,Framingham Heart Study,I4210123017,yes
"Cardiology Section, Whitaker Cardiovascular Institute, Evans Department of Medicine, Boston University School of Medicine, Boston, MA; National Heart Lung and Blood Institute's and Boston University's Framingham Heart Study, Framingham, MA; Department of Epidemiology, Boston University School of Public Health, Boston, MA",1,Framingham Heart Study,I4210123017,yes
"Cardiology and Preventive Medicine Sections, Department of Medicine (E.J.B.), Boston University Chobanian &amp; Avedisian School of Medicine, MA",1,,,no
"Cardiovascular Division, Peter Bent Bngham Hospital, Departments of Medicine and Epidemiology, Boston University Medical Center, Biometrics Research Branch, National Heart, Lung and Blood Institute, and the Framingham Heart Study, National Heart, Lung and Blood Institute, Boston, Massachusetts, Bethesda, Maryland, and Framingham. Massachusetts",1,"Framingham Heart Study | National Heart, Lung, and Blood Institute",I4210123017 I4210106489,yes
"Cardiovascular Laboratories , Department of Surgery , Boston University Medical School , Roger William Medical Center , 50 Maude Street , Providence , RI 02908 ",1,Roger Williams Medical Center,I1336196053,no
"Cardiovascular Laboratories, Department of Surgery, Boston University Medical School, Roger William Medical Center, 50 Maude Street, Providence, RI 02908",1,Roger Williams Medical Center,I1336196053,no
"Cardiovascular Laboratories, Department of Surgery, Boston University Medical School, Roger William Medical Center, 50 Maude Street, Providence, RI 02908, USA",1,Roger Williams Medical Center,I1336196053,no
"Cardiovascular Research Center, Massachusetts General Hospital, Charlestown, MA; Department of Cardiology, University of Groningen, University Medical Center Groningen, Groningen, The Netherlands; National Heart Lung and Blood Institute's and Boston University's Framingham Heart Study, Framingham, MA. Electronic address: m.rienstra@umcg.nl",1,Framingham Heart Study | University of Groningen | University Medical Center Groningen,I4210123017 I169381384 I1334415907,yes
"Cardiovascular Research laboratory , Department of Surgery , Roger Williams Medical Center , Boston University Medical School , Providence , Rhode Island , United States of America,",1,Roger Williams Medical Center,I1336196053,no
"Carl Franzblau From the National Heart, Lung, and Blood Institute's Framingham Study (P.A.W., C.S.K., M.K.-H., P.W.F.W.), Framingham, Mass, and the Departments of Neurology (N.S.R., P.A.W., C.S.K., M.K.-H.), Mathematics and Statistics (H.S., R.B.D), Epidemiology and Biostatistics (J.M.M.), Biochemistry (C.F.), and Medicine (P.W.F.W.), Boston University School of Medicine, Boston, Mass",1,Framingham Heart Study,I4210123017,yes
"Carlos S. Kase From the Boston University School of Medicine, MA (H.J.A., J.J.H., C.L.S., J.R.R., C.S.K., A.S.B., S.S.) Department of Neurology, Emory University, Atlanta, GA (C.S.K.)",1,,,no
"Carlos S. Kase From the National Heart, Lung, and Blood Institute's Framingham Study (P.A.W., C.S.K., M.K.-H., P.W.F.W.), Framingham, Mass, and the Departments of Neurology (N.S.R., P.A.W., C.S.K., M.K.-H.), Mathematics and Statistics (H.S., R.B.D), Epidemiology and Biostatistics (J.M.M.), Biochemistry (C.F.), and Medicine (P.W.F.W.), Boston University School of Medicine, Boston, Mass",1,Framingham Heart Study,I4210123017,yes
"Caroline S. Fox From the Framingham Heart Study of the National Heart, Lung and Blood Institute and Boston University School of Medicine, Framingham, MA (S.C., M.G.L., E.L.M., C.S.F., C.J.O., R.S.V., T.J.W.)",1,"Framingham Heart Study | National Heart, Lung, and Blood Institute",I4210123017 I4210106489,yes
"Caroline S. Fox National Heart, Lung, and Blood Institute's and Boston University's Framingham Heart Study, Framingham, MA Division of Endocrinology, Brigham and Women's Hospital, Boston, MA",1,"Framingham Heart Study | Brigham and Women's Hospital | National Heart, Lung, and Blood Institute",I4210123017 I1283280774 I4210106489,yes
"Carollee Howes received her PhD from Boston University. She is currently an Assistant Professor of Developmental Studies in Education at the Graduate School of Education, UCLA",1,,,no
Catedrática Asociada en la Universidad de Puerto Rico Escuela Graduada de Trabajo Social Beatriz Lassalle. Posee un doctorado en Trabajo Social con énfasis en política social y administración de Columbia University y Maestría en Trabajo Social de Boston University,1,,,no
"Cell Biology Group Worcester Foundation for Experimental Biology Shrewsbury, Massachusetts 01545, USA",1,,,no
"Center for Adaptive Systems Department of Cognitive and Neural Systems, , and Center of Excellence for Learning In Education, Science, and Technology, , 677 Beacon Street, Boston, Massachusetts 02215",1,Adaptive Cognitive Systems,I4210155033,no
"Center for Adaptive Systems, Graduate Program in Cognitive and Neural Systems, Center for Computational Neuroscience and Neural Technology, Boston UniversityBoston, MA, USA; Department of Mathematics, Boston UniversityBoston, MA, USA",1,Adaptive Cognitive Systems,I4210155033,no
"Center for Adaptive Systems, Graduate Program in Cognitive and Neural Systems, Center for Computational Neuroscience and Neural Technology, Boston, MA, USA",1,Adaptive Cognitive Systems,I4210155033,no
"Center for Advanced Biotechnology and Departments of Biomedical Engineering, Biology, and Pharmacology and Experimental Therapeutics, Boston, USA",1,Advanced Pharma,I4210090951,no
"Center for Anxiety and Related Disorders, Boston University VA Boston Healthcare System. Electronic address: tau@bu.edu",1,VA Boston Healthcare System,I2801671727,no
"Center for Anxiety and Related Disorders, Boston University, UK",1,,,no
"Center for Applied Social Science, Boston UniversityBoston, MA",1,University of Massachusetts Boston,I33434090,no
"Center for BioDynamics, Boston, Massachusetts, 02215, USA. paulk@bu.edu",1,,,no
"Center for Biomedical Mass Spectrometry, Department of Biochemistry, Boston University School of Medicine, Boston, MA, USA; Laboratory of Insect Biochemistry, Department of Biochemistry, University of São Paulo, São Paulo, Brazil. Electronic address: felipe.fuzita@usp.br",1,,,no
"Center for Ecology and Conservation Biology and Department of Biology, Boston University Department of Biological Sciences, University of Massachusetts, Lowell",1,University of Massachusetts Lowell,I133738476,no
"Center for Energy and Environmental Studies and Department of Geography, 675 Commonwealth Ave., Boston, MA 02215, USA",1,Center for Environmental Health,I2802821144,no
"Center for Exocrine Disorders, Department of Molecular and Cell Biology, Boston University, Henry M. Goldman School of Dental Medicine, Boston, MA, 02118, USA; Department of Surgery, University of California Los Angeles, Los Angeles, CA, 90095, USA. Electronic address: msahintoth@mednet.ucla.edu",1,"University of California, Los Angeles",I161318765,no
"Center for Exocrine Disorders, Department of Molecular and Cell Biology, Boston University, Henry M. Goldman School of Dental Medicine, Boston, MA, 02118, United States; Department of Surgery, University of California Los Angeles, Los Angeles, CA, 90095, United States. Electronic address: msahintoth@mednet.ucla.edu",1,"University of California, Los Angeles",I161318765,no
"Center for Exocrine Disorders, Department of Molecular and Cell Biology, Boston University, Henry M. Goldman School of Dental Medicine, Boston, Massachusetts, USA; Department of Surgery, University of California Los Angeles, Los Angeles, California, USA. Electronic address: msahintoth@mednet.ucla.edu",1,"University of California, Los Angeles",I161318765,no
"Center for Global Health and Development, Boston, USA. cgill@bu.edu",1,Center for Global Development,I1319597252,no
"Center for Global Health and DevelopmentBoston University, Boston",1,Center for Global Development,I1319597252,no
"Center for Global Health and DevelopmentBoston University, USA",1,Center for Global Development | Center for Global Health,I1319597252 I4210129097,no
"Center for Global Health and DevelopmentBoston University, USA; Department of International HealthBoston University School of Public Health, USA",1,,,no
"Center for HIV/AIDS Care and Research, Boston Univsersity Medical Center, Boston, Massachusetts",1,Boston Medical Center,I1286490081,no
"Center for Health Policy Research and a professor of health care sciences at The George Washington University in Washington, D.C. She holds a law degree from Boston University",1,George Washington University,I193531525,no
"Center for Health Quality Outcomes & Economic Research, Department of Veterans Affairs, Bedford VA, Bedford, Massachusetts, USA; Department of General Internal MedicineBoston University School of Medicine, Boston, Massachusetts, USA",1,Bedford VA Research Corporation,I4210090056,no
"Center for Healthcare Organization & Implementation Research, VA Boston Healthcare System; BU Department of Pulmonary and Critical Care, Boston, MA, United States",1,VA Boston Healthcare System,I2801671727,no
"Center for Hemoglobin Research in Minorities, Howard University College of Medicine, Washington D.C., USA; Hemoglobinopathy Thalassemia Research Unit, The Pulmonary Center, Center of Excellence in Sickle Cell Disease, Boston University School of Medicine, Boston, MA, USA",1,,,no
"Center for Human Genetics, Boston University School of Medicine, United Kingdom",1,Centre for Human Genetics,I1336263701,no
"Center for Human Genetics, University School of Medicine, Boston, MA 02118, USA",1,Center for Human Genetics,I4210105714,no
"Center for Memory and Brain, Department of Psychological and Brain Sciences, Boston, MA 02215, U.S.A",1,Center for Pain and the Brain,I4210150141,no
"Center for Neuromedicine and Neuroscience, Brain Science Institute, Korea Institute of Science and Technology, Seoul, Republic of Korea; Boston University Alzheimer's Disease Center and Department of Neurology, Boston University School of Medicine, Boston, Massachusetts, USA",1,,,no
"Center for Neuromedicine, Brain Science Institute, Korea Institute of Science and TechnologySeoul, South Korea; VA Boston Healthcare System, Department of Neurology and Boston University Alzheimer's Disease Centre, Boston University School of Medicine, BostonMA, USA",1,,,no
"Center for Neuroscience, Brain Science Institute, Korea Institute of Science and Technology (KIST), Seoul, 02792, Republic of Korea; Boston University Alzheimer's Disease Center and Department of Neurology, Boston University School of Medicine, Boston, MA 02118, USA",1,,,no
"Center for Polymer Studies and Department of Physics 4 , Boston, Massachusetts 02215, USA",1,,,no
"Center for Polymer Studies and Department of Physics, 590 Commonwealth Avenue, Boston, MA 02215, USA",1,,,no
"Center for Polymer Studies and Department of Physics, Boston University, Ramat Gan, Israel",1,,,no
"Center for Polymer Studies, Department of Physics, 590 Commonwealth Avenue, Boston, MA 02215, USA",1,,,no
"Center for Polymer Studies, Department of Physics, 590 Commonwealth Avenue, Boston, MA, 02215, USA",1,,,no
"Center for Polymer Studies, Department of Physics, 590 Commonwealth Avenue, Boston, MA 02215, USA",1,,,no
"Center for Polymer Studies, Physics Department, Boston University, Boston, Massachusetts 02215, Department of Neurology, David Geffen School of Medicine, and Molecular Biology Institute and Brain Research Institute, University of California, Los Angeles, California 90095, and Department of Physics, Drexel University, Philadelphia, Pennsylvania 19104",1,"University of California, Los Angeles",I161318765,no
"Center for Population Studies, National Heart, Lung, and Blood Institute, Framingham, MA 01702, USA; Department of Biostatistics, Boston University School of Public Health, Boston, MA 02215, USA",1,Framingham Heart Study,I4210123017,yes
Center for Regenerative Medicine (CReM) of Boston Universityu & Boston Medical Center,1,Boston Medical Center,I1286490081,no
"Center for Remote Sensing, Boston Univ., MA02215, USA",1,Center For Remote Sensing (United States),I4210117728,no
"Center for Remote Sensing, University of Boston, 725 Commonwealth Avenue, Boston, MA, 02215, USA",1,Center For Remote Sensing (United States),I4210117728,no
"Center for Space Physics, University of Boston, 725 Commonwealth Ave, Boston, MA 02 215, USA",1,,,no
"Center for Space Physics, University of Boston, 725 Commonwealth Avenue, Boston, MA 02215, USA",1,,,no
"Center for Systems Neuroscience, BU, USA",1,,,no
"Center for Systems and Control, College of Engineering, Peking University, Beijing 100871, China; Center for Polymer Studies, Department of Physics, Boston University, Boston, MA 02115, USA",1,,,no
"Center for the Assessment of Pharmaceutical Practices and Pharmaceutical Assessment Management and Policy Program , Department of Health Policy and Management BostonUniversity School of Public Health",1,,,no
"Center for the Neurobiology of Language Recovery, Northwestern University, United States; Department of Speech, Language, and Hearing, College of Health & Rehabilitation, Boston University, United States",1,,,no
"Center of Excellence for Psychosocial and Systemic Research, Department of Psychiatry, Massachusetts General Hospital, Boston, MA, United States of America; Center for Psychiatric Rehabilitation, Departments of Occupational Therapy and Psychological & Brain Sciences, Boston University, Boston, MA, United States of America",1,,,no
"Center of Space Physics, 725 Commonwealth Avenue, Boston, MA 02215, USA",1,,,no
"Center on Gender Equity and Health, Division of Global Public Health, Department of Medicine, University of California, San Diego, San Diego, CA, USA; Boston University School of Medicine/Boston Medical Center, Department of Medicine, Section of General Internal Medicine, Clinical Addiction Research and Education, Boston, MA, USA. Electronic address: anitaraj@ucsd.edu",1,University of California San Diego,I36258959,no
"Center on Global Energy PolicySchool of International & Public Affairs, Columbia University New York, NY, USA; Impact Measurement and Allocation Program, Questrom School of Business, Boston University, Boston, MA, USA",1,,,no
"Center on the Ecology of Early Development, Wheelock College, Boston University, Boston, MA 02215, USA",1,Wheelock College,I48530168,no
"CenterlBoston Univ Sch of Medicine , Boston , MA ; VA Med Ctr , Denver , CO",1,,,no
Centre National de la Recherche ScientifiqueBoston University,1,Centre National pour la Recherche Scientifique et Technique (CNRST),I4210089144,no
"Centre for Remote Sensing, University of Boston, 725 Commonwealth Avenue, Boston, MA 02215, USA",1,Center For Remote Sensing (United States),I4210117728,no
"Centre pour la Santé et le Développement Internationaux, Ecole de Santé Publique et de Médecine de l’Université de Boston, Boston, Mass., Etats-Unis",1,,,no
"Chairman, Massachusetts Rehabilitation Commission; Sargent Instructor in electrotherapy, Boston University School of Medicine; chief of physical medicine and rehabilitation, Boston City Hospital; assistant chief of physical medicine rehabilitation services, Boston Veterans Administration Hospital",1,,,no
"Chapman University School of Law. B.A. 1988 , Boston University ; J.D. 1991 ,",1,Chapman University,I185071736,no
Cheryl Tatano Beck is a professor of nursing at the University of Connecticut. She received her master's degree in maternal newborn nursing and a certificate in nurse midwifery from Yale University. She received her Doctor of Nursing Science degree from Boston University,1,,,no
"Chief of Medicine, Boston City Hospital; Director, Thorndike Memorial Laboratory; Conrad Wesselhoeft Professor of Medicine, Boston University School of Medicine",1,,,no
"Chief of Medicine, Director of Thorndike Memorial Laboratory, Boston City Hospital; Conrad Wesselhoeft Professor of Medicine, Boston University School of Medicine",1,,,no
"Chief, Dental Service, Department of Veterans Affairs Boston Healthcare System, Jamaica Plain, Massachusetts; Lecturer, Restorative Dentistry and Biomaterials Science, Harvard School of Dental Medicine, Boston, Massachusetts; Professor, Restorative Sciences and Biomaterials, Boston University Henry M. Goldman School of Dental Medicine, Boston, Massachusetts",1,,,no
"Chief, Radiotherapy, Boston City Hospital and Boston University Hospital",1,,,no
"Chief, Seizure Clinic, Massachusetts Memorial Hospitals; Assistant Professor of Psychiatry and Neurology, Boston University School of Medicine, Boston",1,,,no
"Chief, Surgical Service, Veterans Administration Hospital, Providence, R. I., and Associate Professor of Clinical Surgery, Boston University School of Medicine, Boston, Mass",1,,,no
"Chief, VA Center for Problem Drinking, VA Outpatient Clinic, Boston, MA, 02111; Associate Professor of Psychiatry, Boston University School of Medicine",1,,,no
"Chloé JARRY, historienne de formation, est éditrice et conceptrice. Elle rejoint Camera lucida, en janvier 2011, pour y développer des projets orientés contenu et usages et créer de nouveaux objets audiovisuels mêlant participatif et interactivité. Elle est la productrice exécutive de The Enemy, un projet en réalités virtuelle et augmentée réalisé par Karim Ben Khelifa, dévoilé en mai 2017 à l'Institut du monde arabe de Paris et présenté lors d'une tournée internationale (MIT Boston, GIFF Genève, Tel Aviv Student Film Festival et Centre Phi Montréal).En juillet 2018, elle fonde, avec François Bertrand, Lucid Realities, une société de production et de distribution entièrement dédiée aux nouvelles écritures immersives, au sein du groupe CLPBmedia. Dans son catalogue de projets, on trouve Claude Monet – L'Obsession des Nymphéas, un projet coproduit avec Arte et le Musée de l'Orangerie et lauréat du Viveport Developer Award",1,,,no
"Chloé JARRY, historienne de formation, est éditrice et conceptrice. Elle rejoint Camera lucida, en janvier 2011, pour y développer des projets orientés contenu et usages et créer de nouveaux objets audiovisuels mêlant participatif et interactivité. Elle est la productrice exécutive de The Enemy, un projet en réalités virtuelle et augmentée réalisé par Karim Ben Khelifa, dévoilé en mai 2017 à l’Institut du monde arabe de Paris et présenté lors d’une tournée internationale (MIT Boston, GIFF Genève, Tel Aviv Student Film Festival et Centre Phi Montréal).En juillet 2018, elle fonde, avec François Bertrand, Lucid Realities, une société de production et de distribution entièrement dédiée aux nouvelles écritures immersives, au sein du groupe CLPBmedia. Dans son catalogue de projets, on trouve Claude Monet – L’Obsession des Nymphéas, un projet coproduit avec Arte et le Musée de l’Orangerie et lauréat du Viveport Developer Award ; 1, 2, 3 Bruegel et Replay Memories du duo Gordon et Andrès Jarach ; Endodrome, œuvre de Dominique Gonzales-Foerster présentée à la Biennale d’Art de Venise en 2019. Plus récemment, peuvent être mentionnés : 7 Grams de Karim Ben Khelifa, Quand la petite danseuse sort de sa boîte, de Gordon et Marie Sellier, ou encore La Plage de sable étoilé, de Nina Barbier et Hsin-Chien Huang",1,,,no
"Chobanian & Avedesian School of Medicine, Department of Medicine, Boston, MA, USA",1,,,no
"Chobanian & Avedisian School of Medicine Department of Anesthesiology, , Boston, MA 02118 , United States",1,,,no
"Chobanian & Avedisian School of Medicine, Boston, MA, US",1,,,no
"Chobanian Avedisian School of Medicine Boston, MA, 72 East Concord St. Boston, MA 02118",1,,,no
"Chobanian and Avedisian School of Medicine, 72 E Concord St, Boston, MA",1,,,no
"Chobanian and Avedisian School of Medicine, 72 E Concord St, Boston, MA, USA",1,,,no
"Chris Anderson, a Maine native has been a B2B editor for more than 25 years. He was the founding editor for Security Systems News and Drug Discovery News, and led the print launch and expanded coverage as Editor in Chief of Clinical OMICs, now named Inside Precision Medicine. He is an avid supporter of the Boston Red Sox, the Boston Bruins, Aston Villa FC, and wishes U.S. professional sports would adopt the practice of relegation. In his spare time, he can found with headphones on playing Beatles and Bob Marley songs on his Fender Jazz bass while dwelling on the hundred degrees of separation between his abilities and those of Pino Paladino. He also mixes the best Manhattan in the world—prove him wrong",1,,,no
"Chris Anderson, a Maine native has been a B2B editor for more than 25 years. He was the founding editor for Security Systems News and Drug Discovery News, and led the print launch and expanded coverage as editor in chief of Clinical OMICs, now named Inside Precision Medicine. He is an avid supporter of the Boston Red Sox, the Boston Bruins, Aston Villa FC, and wishes U.S. professional sports would adopt the practice of relegation. In his spare time, he can be found with headphones on playing Beatles and Bob Marley songs on his Fender Jazz bass while dwelling on the hundred degrees of separation between his abilities and those of Pino Paladino. He also mixes the best Manhattan in the world—prove him wrong",1,,,no
"Chris Anderson, a Maine native, has been a B2B editor for more than 25 years. He was the founding editor for Security Systems News, and Drug Discovery News, and led the print launch and expanded coverage as editor in chief of Clinical OMICs, now named Inside Precision Medicine. He is an avid supporter of the Boston Red Sox, the Boston Bruins, Aston Villa FC, and wishes U.S. professional sports would adopt the practice of relegation. In his spare time, he can be found with headphones on playing Beatles and Bob Marley songs on his Fender Jazz bass while dwelling on the hundred degrees of separation between his abilities and those of Pino Paladino. He also mixes the best Manhattan in the world—prove him wrong",1,,,no
"Christine M. Baugh, Ph.D., M.P.H., is an Assistant Professor of Medicine in the Division of General Internal Medicine at the University of Colorado and Core Research Faculty at the Center for Bioethics and Humanities at the University of Colorado. She received a Doctor of Philosophy (Ph.D.) in Health Policy and Bioethics from Harvard University (Cambridge, MA), a Master's Degree in Public Health (M.P.H.) concentrating in Health Law, Bioethics, and Human Rights from Boston University School of Public Health (Boston, MA) and a Bachelor of Arts (B.A.) in history and science from Harvard University (Cambridge, MA). Emily Kroshus, Sc.D., M.P.H., is a Research Assistant Professor at University of Washington in the Department of Pediatrics, based at the Seattle Children's Research Institute in the Center for Child Health, Behavior and Development. She received her Doctor of Science (Sc.D.) from Harvard University's School of Public Health in the Department of Social and Behavioral Sciences, w",1,,,no
"Christine is a Ph.D. candidate in Health Policy at Harvard University (Cambridge, MA) and a graduate researcher at Boston Children's Hospital Division of Sports Medicine (Boston, MA). Christine received her BA from Harvard College (Cambridge, MA) and her MPH from Boston University School of Public Health (Boston, MA)",1,,,no
"Christopher Hennessy is with London Business School, CEPR, and ECGI. Ilya A. Strebulaev is with Stanford Graduate School of Business and NBER. We thank Michael Roberts and Philip Bond (the Editors) and two anonymous referees for valuable input. We also thank Manuel Adelino, Antoinette Schoar, and Luke Taylor (discussants), as well as seminar participants at Stanford, Wharton, LBS, Duke, Boston University, LSE, UNC, UBC, Maryland, NC State, Imperial College, Simon Fraser, Koc, INSEAD, VGSF, SFI, SFS Cavalcade, the Causal Inference in Finance and Economics Conference, and the Stanford Conference on Causality in the Social Sciences. Disclosures: Hennessy received funding from the European Research Council related to this project. Strebulaev received no funding related to this project. We have read The Journal of Finance 's disclosure policy and have no conflicts of interest to disclose",1,Center for Economic and Policy Research,I1279858714,no
"Christopher Hennessy is with London Business School, CEPR, and ECGI. Ilya A. Strebulaev is with Stanford Graduate School of Business and NBER. We thank Michael Roberts and Philip Bond (the Editors) and two anonymous referees for valuable input. We also thank Manuel Adelino, Antoinette Schoar, and Luke Taylor (discussants), as well as seminar participants at Stanford, Wharton, LBS, Duke, Boston University, LSE, UNC, UBC, Maryland, NC State, Imperial College, Simon Fraser, Koc, INSEAD, VGSF, SFI, SFS Cavalcade, the Causal Inference in Finance and Economics Conference, and the Stanford Conference on Causality in the Social Sciences. Disclosures: Hennessy received funding from the European Research Council related to this project. Strebulaev received no funding related to this project. We have read The Journal of Finance's disclosure policy and have no conflicts of interest to disclose",1,Center for Economic and Policy Research,I1279858714,no
"Christopher J. O'Donnell National Heart, Lung, and Blood Institute's and Boston University's, The Framingham Heart Study, Framingham, MA Population Sciences Branch, Division of Intramural Research, National Heart, Lung, and Blood Institute, Framingham, MA",1,"Framingham Heart Study | National Heart, Lung, and Blood Institute",I4210123017 I4210106489,yes
"Christopher James; Francisco Perez-Gonzalez; Jeremy Stein; Jesse Shapiro; John Cochrane; Kenneth Singleton (the Editor); Kris Gerardi; Mian is with Princeton University and NBER. Sufi is with the University of Chicago Booth School of Business and NBER. Trebbi is with the University of British Columbia, CIFAR, and NBER. We thank Paul Beaudry; Robert Vishny; Susan Woodward; an anonymous Associate Editor; and seminar participants at Boston College, Boston University, MIT, the NBER Summer Institute, Stanford University, the University of British Columbia, the University of Chicago, Yale, and UCLA for comments. We also thank the National Science Foundation and the Initiative on Global Markets at the University of Chicago Booth School of Business for funding. Filipe Lacerda and Mauricio Larrain provided excellent research assistance. The Internet Appendix may be found in the online version of this article.; two anonymous referees",1,U.S. National Science Foundation | University of Chicago,I1311060795 I40347166,no
"Chunyu Liu Framingham Heart Study, MA (C.A., H.L., C.L., D.L., M.G.L., R.S.V.). Department of Biostatistics (C.L., M.G.L.), Boston University School of Public Health, MA",1,,,no
"Chunyu Liu National Heart, Lung, and Blood Institute's and Boston University's Framingham Heart Study, Framingham, MA Population Sciences Branch, Division of Intramural Research, National Heart, Lung, and Blood Institute, Bethesda, MD",1,"Framingham Heart Study | National Heart, Lung, and Blood Institute",I4210123017 I4210106489,yes
"Cingulum Neurosciences Institute, Manlius, NY, USA; Boston University Medical Center, Department of Anatomy and Neurobiology, Boston, MA, USA. Electronic address: bavogt@bu.edu",1,,,no
Claremont Graduate U.Claremont Graduate U.Boston U.Claremont Graduate U.Claremont Graduate U.AccentureAccentureClaremont Graduate U.Claremont Graduate U,1,Claremont Graduate University,I136722135,no
"Clary B. Clish From the Framingham Heart Study of the National Heart, Lung and Blood Institute and Boston University School of Medicine, Framingham, MA (S.C., M.G.L., E.L.M., C.S.F., C.J.O., R.S.V., T.J.W.)",1,"Framingham Heart Study | National Heart, Lung, and Blood Institute",I4210123017 I4210106489,yes
"Class of 2023 Boston Univeristy Academy,Boston,MA,U.S.A",1,Boston University Academy,I4210114918,no
"Class of 2023, Boston Univeristy Academy, Boston, MA, U.S.A",1,Boston University Academy,I4210114918,no
"Claudia L. Satizabal Glenn Biggs Institute for Alzheimer's & Neurodegenerative Diseases, UT Health San Antonio, San Antonio, TX (C.L.S., S.S.). The Framingham Heart Study, MA (C.L.S., A.S.B., J.R.R., S.S.). Department of Neurology (C.L.S., A.S.B., J.R.R., S.S.), Boston University School of Medicine, MA",1,,,no
"Claudia L. Satizabal https://orcid.org/0000-0002-1115-4430 NHLBI's Framingham Heart Study, Framingham, MA (R.P., A.P., S.D., O.E., H.J.A., C.L.S., A.S.B., S.S., V.-A.L., J.R.R.). Department of Neurology, Boston University Chobanian and Avedisian School of Medicine, Boston, MA (H.J.A., C.L.S., A.S.B., S.S., J.R.R.). Glenn Biggs Institute for Alzheimer's and Neurodegenerative Diseases, University of Texas Health Sciences Center, San Antonio, TX (C.L.S., S.S.)",1,Framingham Heart Study | The University of Texas at San Antonio Health Science Center,I4210123017 I165951966,yes
"Clinical Epidemiology Research and Training Unit, University of Boston, Boston, MA, USA",1,,,no
"Clinical Research, Servier Pharmaceuticals, Boston, MA, USA",1,,,no
"Co-chercheuse principale et professeure au Sargent College of Health and Rehabilitation Sciences de l’université de Boston. Elle est aussi responsable du Centre collaborateur de l’Organisation mondiale de la santé en réadaptation psychiatrique. Depuis plus de trente ans, elle travaille dans le domaine de la réadaptation psychiatrique et du rétablissement",1,,,no
"Cognitive and Neural Systems Department , Boston Uni- versity , 677 Beacon Street , Boston , MA 02215 ",1,,,no
"Cognitive and Neural Systems Department, University of Boston, 677 Beacon Street, Boston, MA, 02215, USA",1,,,no
"Cognitive and Neural Systems Dept., Boston Univ",1,Cognitive Research (United States) | Adaptive Cognitive Systems,I4210159958 I4210155033,no
College et à l'Université de Boston,1,,,no
"College of Arts and Sciences, Boston University, Fürth, Germany",1,,,no
"College of Arts and Sciences, Boston University, Madrid, Spain",1,,,no
"College of Arts and SciencesBoston University , USA",1,,,no
"College of Computer Science and Technology, Boston, MA, USA",1,,,no
"College of General Studies, University of Boston, 871 Commonwealth Avenue, Boston, MA 02215, USA",1,,,no
"College of Management, School of Business Administration, Rishon Lezion, Israel, and Boston University Israel and U.S.A., USA",1,College of Management Academic Studies,I25623903,no
"College of Science , Boston , MA US ",1,Boston College,I103531236,no
"Collin-Dufresne is at Carnegie Mellon University, GSIA. Solnik is at HEC, School of Management. The authors would like to thank seminar participants at the AFA 1998 in New York, HEC, Lancaster University, London Business School, Insead, Inquire, Carnegie Mellon University, Ohio State University, Boston University, U.C. Irvine and The Wharton School for very insightful comments. They also gratefully acknowledge the financial support from the Fondation HEC and of Inquire Europe. René M. Stulz and two anonymous referees provided useful comments and suggestions. Of course, the authors are responsible for any remaining errors",1,Carnegie Mellon University,I74973139,no
"Commonwealth Ave, Room 431, Boston, MA 02215 (e-mail:#R#barbas@ bu.edu)",1,,,no
"Communications , Boston Uni- versity ,",1,,,no
Completed a master's degree in public health at Boston University in May 2008 and entered law school in September 2008,1,,,no
"Correspondence to Dr., Department of Biostatistics, Boston Unviersity, Framingham Heart Study, Harvard Clinical Research Institute, Rm. 328, CrossTown, 3rd Floor, 801 Massachusetts Avenue, Boston, MA 02118 (e-mail )",1,Framingham Heart Study,I4210123017,yes
"Co‐director, Global Economic Governance Initiative Boston University's Pardee School of Global Studies  Boston USA",1,,,no
"Cris Constantinescu is a graduate of Boston University School of Medicine (MA, USA) and completed residency training in neurology, fellowship training in neuroimmunology and neurorehabilitation, and a PhD in immunology at the University of Pennsylvania (USA). After clinical and research activities in Basel, (Switzerland) and Leicester (UK), he started work as Academic Neuroimmunologist and Clinical Neurologist in Nottingham in 2000. His main research interest is in multiple sclerosis immunology, in",1,,,no
"Cris Constantinescu is a graduate of Boston University School of Medicine (MA, USA) and completed residency training in neurology, fellowship training in neuroimmunology and neurorehabilitation, and a PhD in immunology at the University of Pennsylvania (USA). After clinical and research activities in Basel, (Switzerland) and Leicester (UK), he started work as Academic Neuroimmunologist and Clinical Neurologist in Nottingham in 2000. His main research interest is in multiple sclerosis immunology, in particular cytokine regulation and effects, imaging and clinical trials. Clinically, he is interested in multiple sclerosis management, and runs a very large multiple sclerosis and neuroimmunology clinic. He is also Professor of Neurology and heads the Academic Division of Clinical Neurology at the University of Nottingham",1,,,no
"Cronin-Fenton D, Ahern TP, et al (Aarhus Univ Hosp, Denmark; Boston Univ School of Public Health, MA; et al) J Natl Cancer Inst 103:489-500, 2011",1,,,no
"Currently, doctoral student, Advisory Resource CenterBoston University",1,,,no
"Curtis T. Hunter From the Department of Cardiothoracic Surgery (H.L.L., C.A.F., O.M.S., C.T.H., R.J.S.), the Boston University School of Medicine and the Boston Medical Center, and AVANT Immunotherapeutics Inc (T.K., H.C.M., U.S.R.), Needham, Mass",1,,,no
D ugald S. A rbuckle is Director of Student Personnel at Boston University's School of Education,1,,,no
"D'Mello is from the University of New Orleans, and Shroff is from the University of Minnesota. This paper has benefited from comments provided by René Stulz (the editor), anonymous referees, Anil Arya, Eli Bartov, Peter Easton, John Fellingham, Thomas George, Laurie Hodrick, S. Maheswaran, Anil Makhija, Catherine Niden, James Ohlson, Stephen Penman, John Persons, Douglas Schroeder, Theodore Sougiannis, Oranee Tawatnuntachai, Ralph Walkling, Gerald Whitney, David Williams, Richard Young, and participants of seminars at University of British Columbia, Boston University, the University of Minnesota, Ohio State University, SUNY-Buffalo, the American Accounting Association National Conference, and the Financial Management Association Conference",1,University of Minnesota,I130238516,no
"D. B. A./ Boston Univ., Nürnberg, Deutschland",1,,,no
"DONALD J. SMITH is Associate Professor of Finance at Boston University's School of Management. He is the author of “Bond Math: The Theory Behind the Formulas” (Wiley Finance, 2011)",1,,,no
"DR. BRINK is assistant professor of nursing at the University of California Center for Health Sciences in Los Angeles. She received her B.S. in nursing from Mount St. Mary's College, Los Angeles, her M.S.N. in psychiatric nursing from Catholic University in Washington, D.C. and her Ph.D. in cultural anthropology from Boston University",1,Mount St. Mary's University,I4210134096,no
"DR. MUSHLIN (M.D., Boston University) is health director for the John Hancock Mutual Life Insurance Company in Boston, Moss",1,Northwestern Mutual Life Insurance (United States),I4210100415,no
"DR. PRIORE (M.D., Boston University, Mass.) is a former chairman of the physicians' division of the Pittsburgh chapter of ASPO. He is an instructor in obstetrics and gynecology at the University of Pittsburgh and is on the staff of Magee-Women's and Western Pennsylvania Hospitals",1,,,no
"DR. RODGER, anesthesiologist at the Valley Hospital, Ridgewood, N.J. is a graduate of Boston University School of Medicine, Boston, Mass., and is secretary, Joint Commission on Religion and Health of the Episcopal Church. She works closely with nurses in helping patients relax so that a “healing circle of thought,” instead of an anxious one, is set in motion",1,,,no
"DR. WILLIAMS, (A.B., Boston University, Provitlencer, R. I",1,,,no
"Daliah Heller is an Investigator with the City University of New York Institute for Implementation Science in Population Health, New York, NY. Sandro Galea is with the School of Public Health, Boston University, Boston, MA",1,,,no
"Daniel Levy From Boston University's and the National Heart, Lung, and Blood Institute's Framingham Heart Study (M.G.L., B.T.L., R.S.V., D.L., E.J.B.), Framingham, MA",1,"Framingham Heart Study | National Heart, Lung, and Blood Institute",I4210123017 I4210106489,yes
"Daniel Levy From the National Heart, Lung, and Blood Institute's and Boston University's Framingham Study (R.B.S., M.G.L., P.A.W., D.L., R.S.V., E.J.B.), Framingham, Mass",1,"Framingham Heart Study | National Heart, Lung, and Blood Institute",I4210123017 I4210106489,yes
"Daniel Levy National Heart, Lung, and Blood Institute's and Boston University's Framingham Heart Study Framingham, MA",1,"Framingham Heart Study | National Heart, Lung, and Blood Institute",I4210123017 I4210106489,yes
"Daniel Levy National Heart, Lung, and Blood Institute's and Boston University's Framingham Heart Study, Framingham, MA Center for Population Studies of the National Heart, Lung, and Blood Institute, Bethesda, MD",1,"Framingham Heart Study | National Heart, Lung, and Blood Institute",I4210123017 I4210106489,yes
"Daniel Levy National Heart, Lung, and Blood Institute's and Boston University's Framingham Heart Study, Framingham, MA Population Sciences Branch, Division of Intramural Research, National Heart, Lung, and Blood Institute, Bethesda, MD",1,"Framingham Heart Study | National Heart, Lung, and Blood Institute",I4210123017 I4210106489,yes
"Daniel Levy National Heart, Lung, and Blood Institute's and Boston University's Framingham Heart Study, MA (L.S., H.L., D.L., E.J.B., L.T.)",1,Framingham Heart Study,I4210123017,yes
"Data Coordinating Center , Boston University Medical Campus , Boston , MA 02118 , USA",1,Boston Medical Center,I1286490081,no
"Data Coordinating Center, BU Sch of Public Health Boston MA",1,The Coordinating Center,I4210092360,no
"Data Coordinating Center, BU Sch of Public Health, Boston, MA",1,The Coordinating Center,I4210092360,no
"Data Coordinating Center, BU School of Public Health",1,,,no
"David D. McManus From the National Heart Lung and Blood Institute's and Boston University's Framingham Heart Study, Framingham, MA (D.D.M., K.T., M.G.L., J.E.F.)",1,"Framingham Heart Study | National Heart, Lung, and Blood Institute",I4210123017 I4210106489,yes
"David D. McManus National Heart, Lung and Blood Institute's and Boston University's Framingham Heart Study, Framingham, MA Section of Cardiology, Department of Medicine, University of Massachusetts, Worcester, MA",1,"Framingham Heart Study | National Heart, Lung, and Blood Institute",I4210123017 I4210106489,yes
"David Pimentel BOSTON UNIV MEDICAL CTR, Boston, MA",1,Boston Medical Center,I1286490081,no
"David Shore, PhD, JD, received his doctorate in biological and biomedical sciences from the Harvard Graduate School of Arts and Sciences in 2012 and his law degree from Boston University School of Law in 2019. Since transitioning from academic research to patent prosecution in 2012, Dr. Shore has practiced as a patent specialist, agent, and attorney with expertise in molecular biology. Dr. Shore's practice at Choate Hall & Stewart in Boston, MA, includes work on global patent prosecution strategies, preparation of patentability, freedom to operate, and competitive landscape analyses, and advocacy in adversarial proceedings on behalf of pharmaceutical companies and biotechnology startups",1,Harvard University,I136199984,no
David Swartz est actuellement chercheur invité au département de sociologie de l’Université de Boston. Il est l’un des rédacteurs de la nouvelle revue en ligne,1,,,no
David Weil is at Boston University. Carlos Mallo is at Ernst & Young,1,,,no
"Dean of continuing education at Bentley College, Waltham, Massachusetts. She has had national and international teaching and administrative experience in higher education and is active professionally in the Association for Continuing Higher Education and other professional organizations. Her doctoral degree was earned at Boston University",1,,,no
"Denis Gromb is at the Department of Finance, HEC Paris. Dimitri Vayanos is at the Department of Finance, London School of Economics. We thank Philippe Bacchetta; Bruno Biais (the Editor); Patrick Bolton; Darrell Duffie; Vito Gala; Jennifer Huang; Dong Lou; Henri Pagès; Anna Pavlova; Christopher Polk; Matti Suominen; an anonymous associate editor; and three referees; as well as seminar participants in Amsterdam, Bergen, Bordeaux, the Bank of Italy, la Banque de France, BI Oslo, Bocconi University, Boston University, CEMFI Madrid, Columbia, Copenhagen, Dartmouth College, Duke, Durham University, ESC Paris, ESC Toulouse, the HEC-INSEAD-PSE workshop, HEC Lausanne, Helsinki, the ICSTE-Nova seminar in Lisbon, INSEAD, Imperial College, Institut Henri Poincaré, LSE, McGill, MIT, Naples, NYU, Paris School of Economics, University of Piraeus, Porto, Queen's University, Stanford, Toulouse, Université Paris Dauphine, Science Po–Paris, the joint THEMA-ESSEC seminar, Vienna, and Wharton for comments. Financial support from the Paul Woolley Centre at the LSE, and grants from the Fondation Banque de France, from the Institute for New Economic Thinking (INET) and from Labex ECODEC (ANR-11-IDEX-0003/Labex Ecodec/ANR-11-LABX-0047), are gratefully acknowledged. We have read the Journal of Finance 's disclosure policy and have no conflicts of interest to disclose",1,,,no
"Dep. Chem., Univ., Metcalf Center Sci. Eng., Boston, MA 02215, USA",1,,,no
"Departamento de Sociologia Universidade de Boston, Estados Unidos",1,,,no
"Department Medicine, Division of Cardiovascular Medicine, Boston University Hospital, 801 Massachusetts Avenue Suite 400, Boston, MA, 02118, USA. Leili.behrooz@bmc.org",1,,,no
"Department of Aerospace and Mechanical Engineering, Boston, MA 02215, United States",1,,,no
"Department of Aerospace and Mechanical Engineering, University of Boston, Boston, MA, USA",1,,,no
Department of Anatomy &amp; Neurobiology and Framingham Heart Study Boston University Chobanian and Avedisian School of Medicine  Boston Massachusetts USA,1,Framingham Heart Study,I4210123017,yes
Department of Anatomy &amp; NeurobiologyBoston University School of MedicineBostonMAUnited States,1,,,no
"Department of Anatomy and Neurobiology, Boston University School of Medicine, Boston, MA USA ; Yerkes National Primate Research Center, Emory University, Atlanta, GA USA",1,,,no
"Department of Anatomy and Neurobiology, Boston University School of Medicine, Boston, MA, USA; Yerkes National Primate Research Center, Emory University, Atlanta, GA, USA",1,,,no
"Department of Anatomy and Neurobiology, Boston University School of Medicine, San Cristobal de la Laguna, Spain",1,Universidad de La Laguna,I158438070,no
Department of Anatomy and NeurobiologyBoston University Medical SchoolBostonMA02118,1,,,no
"Department of Anesthesiology, University Hospital, Boston, Massachusetts, USA",1,,,no
"Department of Anthropology, University of Boston, Boston, MA, USA",1,,,no
"Department of AnthropologyBoston University232 Bay Sate RoadBoston, MA 02215T: 617–353-2195 F: 617–353-2610karkin@bu.edu",1,,,no
"Department of Archaeology, Boston University, Boston, UK",1,,,no
"Department of Archaeology, Boston UniversityBoston MA 02215U.S.A",1,Department of Archaeology,I4210161471,no
"Department of Archaeology, University of Boston",1,,,no
Department of ArchaeologyBoston University,1,,,no
"Department of Art History, Boston University, Boston, UK",1,,,no
"Department of Behavioral and Social Sciences, Brown School of Public Health, Providence, RI, USA; Center for Behavioral Science Research, Boston University, Henry M. Goldman School of Dental Medicine, Boston, MA, USA",1,,,no
"Department of Biochemistry &amp; Cell Biology, Chobanian &amp; Avedisian School of Medicine, Boston University, Boston, MA, USA",1,,,no
"Department of Biochemistry and The Hubert H. Humphrey Cancer Research Center, University School of Medicine, Boston, Massachusetts 02118 U.S.A",1,,,no
"Department of Biochemistry, Boston University School of Medicine, Boston; and GRECC Unit, ENR Veterans Hospital. Bedford, Massachusetts, U.S.A",1,,,no
"Department of Biochemistry, Bostoni University Sc hool of Medic ine, 80 East Concord Street, Boston, MassacIhisetts 02118",1,,,no
"Department of Biochemistry, Department of Periodontology and Oral Biology, Goldman School of Dental Medicine, Boston",1,,,no
Department of BiochemistryBoston University Medical SchoolBostonMassachusettsUSA,1,,,no
Department of BiochemistryBoston University School of MedicineBostonMA02118USA,1,,,no
Department of BiochemistryWhitaker Cardiovascular InstituteBoston University School of Medicine715 Albany StreetBostonMA02118,1,,,no
"Department of Biological Engineering, College of Chemical and Biological Engineering, Shandong University of Science and Technology, Qingdao 266590, PR China; Department of Chemistry, Center for Molecular Discovery (BU-CMD), Life Science and Engineering Building, Boston University, 24 Cummington Mall, Boston, MA 02215, USA",1,,,no
"Department of Biology (R.O., U.H.), Boston, Massachusetts 02215",1,,,no
"Department of Biology Manomet Bird Observatory Boston Universoty Manomet , MA 02345 2 Cummingto n Street Boston , MA 02215",1,Manomet Conservation Sciences,I54939947,no
"Department of Biology, Boston UniversityBoston, Massachusetts 02215, U.S.A",1,University of Massachusetts Boston,I33434090,no
"Department of Biology, Program in Cell and Molecular BiologyBoston UniversityBostonMassachusettsUSA",1,Kingston University,I4210154901,no
Department of BiologyBoston University,1,,,no
Department of BiologyBoston UniversityBoston Massachusetts02215,1,,,no
"Department of Biomedical Engineering, 36 Cummington Street, Boston, MA 02215",1,,,no
"Department of Biomedical Engineering, 44 Cummington St., 02215, Boston, MA, USA",1,,,no
"Department of Biomedical Engineering, 44 Cummington Street, Boston, MA 02215, USA",1,,,no
"Department of Biomedical Engineering, 590 Commonwealth Ave, Boston, MA 02215, USA",1,,,no
"Department of Biomedical Engineering, Center for BioDynamics, 44 Cummington Street, Boston, MA 02215, USA",1,,,no
"Department of Biomedical Engineering, College of Engineering, Boston, MA 015",1,,,no
"Department of Biomedical Engineering, College of Engineering, Boston, Massachusetts 02215",1,,,no
"Department of Biomedical Engineering, Department of Electrical and Computer Engineering, Boston University, Boston, UK",1,,,no
"Department of Biomedical Engineering; Division of Hematology & Medical Oncology, School of Medicine",1,,,no
Department of Biomedical EngineeringBoston University School of EngineeringBostonMAUSA,1,,,no
Department of Biomedical EngineeringBoston UniversityBostonMA02215USA; BU Center for Future Technologies in Cancer Care,1,,,no
Department of Biomedical EngineeringBoston UniversityBostonMAUSA,1,Kingston University,I4210154901,no
Department of Biomedical EngineeringBoston UniversityBostonMAUnited States,1,Kingston University,I4210154901,no
"Department of Biophysics , Boston Unwersity School of Medicine , Boston , Massachusetts",1,Harvard Bioscience (United States),I4210119890,no
"Department of Biostatistics , Boston Unviersity , Framingham Heart Study , Harvard Clinical Research Institute , Rm. 328 ,",1,Framingham Heart Study,I4210123017,yes
Department of Biostatistics College of Public Health  Boston Massachusetts USA,1,Cancer Research And Biostatistics | Massachusetts Department of Public Health,I4210101190 I1337960435,no
"Department of Biostatistics and Epidemiology, Boston University School of Public Health, Crosstown Building, 801 Massachusetts Ave, 3rd Floor, Boston, MA 02118, USA; Framingham Heart Study, 73 Mt Wayte Ave, Framingham, MA, 01702, USA",1,Framingham Heart Study,I4210123017,yes
"Department of Biostatistics, Boston University School of Public Health, 801 Massachusetts Avenue, Boston, MA 02118, USA; Framingham Heart Study, National Heart, Lung, and Blood Institute, US National Institutes of Health, Bethesda, MD, USA",1,"Framingham Heart Study | National Heart, Lung, and Blood Institute",I4210123017 I4210106489,yes
"Department of Biostatistics, Boston University School of Public Health, 801 Massachusetts Avenue, Boston, MA 02130 and Framingham Heart Study, Framingham, Massachusetts, USA. adrienne@bu.edu",1,Framingham Heart Study,I4210123017,yes
"Department of Biostatistics, Boston University School of Public Health, Boston, MA 02118, USA National Heart Lung and Blood Institute's and Boston University's Framingham Heart Study, Framingham, MA 01702, USA",1,Framingham Heart Study,I4210123017,yes
"Department of Biostatistics, Boston University School of Public Health, Boston, MA 02118, USA; Framingham Heart Study, NHLBI/NIH, Framingham, MA 01702, USA. Electronic address: liuc@bu.edu",1,Framingham Heart Study,I4210123017,yes
"Department of Biostatistics, Boston University School of Public Health, Boston, MA 02118, USA; Framingham Heart Study, National Heart, Lung, and Blood Institute, NIH, Bethesda, MD 20982, USA",1,Framingham Heart Study,I4210123017,yes
"Department of Biostatistics, Boston University School of Public Health, Boston, MA 02118, USA; NHLBI Framingham Heart Study, Framingham, MA 01702, USA",1,Framingham Heart Study,I4210123017,yes
"Department of Biostatistics, Boston University School of Public Health, Boston, MA 02118, USA; National Heart, Lung, and Blood Institute (NHLBI) Framingham Heart Study, Framingham, MA 01702, USA",1,Framingham Heart Study,I4210123017,yes
"Department of Biostatistics, Boston University School of Public Health, Boston, MA 02118, USA; National Heart, Lung, and Blood Institute (NHLBI) Framingham Heart Study, Framingham, MA 01702, USA. Electronic address: adrienne@bu.edu",1,Framingham Heart Study,I4210123017,yes
"Department of Biostatistics, Boston University School of Public Health, Boston, MA 02118, USA; National Heart, Lung, and Blood Institute and Boston University's Framingham Heart Study, Framingham MA 01702, USA",1,Framingham Heart Study,I4210123017,yes
"Department of Biostatistics, Boston University School of Public Health, Boston, MA 02118, USA; National Heart, Lung, and Blood Institute's and Boston University's Framingham Heart Study, Framingham, MA 01702, USA",1,Framingham Heart Study,I4210123017,yes
"Department of Biostatistics, Boston University School of Public Health, Boston, MA ; The National Heart Lung and Blood Institute's Framingham Heart Study, Framingham, MA",1,Framingham Heart Study,I4210123017,yes
"Department of Biostatistics, Boston University School of Public Health, Boston, MA, 02118, USA; The Framingham Heart Study, Framingham, MA, 01701, USA",1,Framingham Heart Study,I4210123017,yes
"Department of Biostatistics, Boston University School of Public Health, Boston, MA, USA National Heart, Lung and Blood Institute's Framingham Heart Study, Framingham, MA, USA Department of Neurology, Boston University School of Medicine, Boston, MA, USA",1,Framingham Heart Study,I4210123017,yes
"Department of Biostatistics, Boston University School of Public Health, Boston, MA, USA The Framingham Heart Study, Framingham, MA, USA",1,Framingham Heart Study,I4210123017,yes
"Department of Biostatistics, Boston University School of Public Health, Boston, MA, USA, National Heart, Lung, and Blood Institute's Framingham Heart Study, Framingham, MA, USA",1,Framingham Heart Study,I4210123017,yes
"Department of Biostatistics, Boston University School of Public Health, Boston, MA, USA; NHLBI's Framingham Heart Study, Framingham, MA, USA",1,Framingham Heart Study,I4210123017,yes
"Department of Biostatistics, Boston University School of Public Health, Boston, MA, USA; National Heart Lung and Blood Institute's and Boston University's Framingham Heart Study, Framingham, MA, USA",1,Framingham Heart Study,I4210123017,yes
"Department of Biostatistics, Boston University School of Public Health, Boston, MA, USA; National Heart, Lung, and Blood Institute's and Boston University's Framingham Heart Study, Framingham, MA, USA. Electronic address: dupuis@bu.edu",1,Framingham Heart Study,I4210123017,yes
"Department of Biostatistics, Boston University School of Public Health, Boston, MA, USA; The Framingham Heart Study, National Heart, Lung, Blood Institute, Framingham, MA, USA",1,Framingham Heart Study,I4210123017,yes
"Department of Biostatistics, Boston University School of Public Health, Boston, MA, USA; The Framingham Study, Framingham, MA, USA",1,Framingham State University | Framingham Heart Study,I47834966 I4210123017,yes
"Department of Biostatistics, Boston University School of Public Health, Boston, MA, USA; The National Heart Lung and Blood Institute's Framingham Heart Study, Framingham, MA, USA",1,Framingham Heart Study,I4210123017,yes
"Department of Biostatistics, Boston University School of Public Health, Boston, MA, USA; The National Heart, Lung, and Blood Institute, Boston University's Framingham Heart Study, Framingham, MA, USA",1,Framingham Heart Study,I4210123017,yes
"Department of Biostatistics, Boston University School of Public Health, Boston, Massachusetts (Drs Massaro and D'Agostino); Section of General Internal Medicine (Dr Murabito) and Department of Neurology (Dr Au), Boston University School of Medicine, Boston Massachusetts; National Heart, Lung, and Blood Institute, Framingham Heart Study, Framingham, Massachusetts (Drs Massaro, Murabito, Au, and D'Agostino); Institute for Health Metrics and Evaluation, University of Washington, Seattle (Ms Carnahan and Drs Murray and Lim); The Dartmouth Institute for Health Policy and Clinical Practice, Geisel School of Medicine at Dartmouth, Lebanon, New Hampshire (Ms Morgan and Drs Fisher and Nelson); and Department of Mathematics and Statistics, Boston University, Boston, Massachusetts (Dr D'Agostino)",1,Framingham Heart Study,I4210123017,yes
"Department of Biostatistics, Boston University School of Public Health, Boston, Massachusetts 02118; NHLBI's Framingham Heart Study, Framingham, Massachusetts 01702",1,Framingham Heart Study,I4210123017,yes
"Department of Biostatistics, Boston University School of Public Health, Boston, Massachusetts, USA National Heart, Lung, and Blood Institute's The Framingham Heart Study, Framingham, Massachusetts, USA",1,Framingham Heart Study,I4210123017,yes
"Department of Biostatistics, Boston University School of Public Health, Boston, Massachusetts, USA The National Heart Lung and Blood Institute's Framingham Heart Study, Framingham, Massachusetts, USA",1,Framingham Heart Study,I4210123017,yes
"Department of Biostatistics, Boston University School of Public Health, Boston, Massachusetts, USA; Framingham Heart Study, Framingham, Massachusetts, USA",1,Framingham Heart Study,I4210123017,yes
"Department of Biostatistics, Boston University School of Public Health, Boston, Massachusetts, United States of America; Framingham Heart Study, Framingham, Massachusetts, United States of America",1,Framingham Heart Study,I4210123017,yes
"Department of Biostatistics, Boston University School of Public Health, Boston, Massachusetts.; NHLBI Framingham Heart Study, Framingham, Massachusetts",1,Framingham Heart Study,I4210123017,yes
"Department of Biostatistics, Boston University School of Public Health, Boston, Massachusetts; Boston University's and National Heart, Lung, and Blood Institute's Framingham Heart Study, Framingham, Massachusetts",1,Framingham Heart Study,I4210123017,yes
"Department of Biostatistics, Boston University School of Public Health, Boston, Massachusetts; National Heart, Lung, and Blood Institute's and Boston University's Framingham Heart Study, Framingham, Massachusetts",1,Framingham Heart Study,I4210123017,yes
"Department of Biostatistics, Boston University School of Public Health, Boston; National Heart, Lung, and Blood Institute's and Boston University's Framingham Heart Study, Framingham. Electronic address: ludovic@bu.edu",1,Framingham Heart Study,I4210123017,yes
"Department of Biostatistics, Boston University School of Public Health, Boston; The National Heart Lung and Blood Institute's Framingham Heart Study, Framingham, Massachusetts",1,Framingham Heart Study,I4210123017,yes
"Department of Biostatistics, Boston University School of Public Health, MA (K.D.-P., A.B.).; The Framingham Heart Study, MA (K.D.-P., A.B., R.S.V., S.S.)",1,Framingham Heart Study,I4210123017,yes
"Department of Biostatistics, Boston University School of Public Health, MA (S.P., M.G.L., V.X.).; Framingham Heart Study, MA (R.S.V., M.G.L., V.X.)",1,,,no
"Department of Biostatistics, Boston University School of Public Health, Mass; National Heart, Lung, and Blood Institute's and Boston University's Framingham Heart Study, Framingham, Mass",1,Framingham Heart Study,I4210123017,yes
"Department of Biostatistics, Boston University School of Public Health; Framingham Heart Study",1,Framingham Heart Study,I4210123017,yes
"Department of Biostatistics, Boston Unviersity, Framingham Heart Study, Harvard Clinical Research Institute, Rm. 328,",1,Framingham Heart Study | Baim Institute for Clinical Research,I4210123017 I4210111520,yes
"Department of Biostatistics, School of Public Health, Boston",1,,,no
Department of BiostatisticsBoston University School of Public HealthBostonMA,1,,,no
"Department of Cardiology, University Hospital, Boston, Massachusetts, USA",1,,,no
"Department of Cardiothoracic Surgery, the University Hospital, Boston",1,,,no
"Department of Chemistry and Division of Materials Science & Engineering and Center for Nanoscience and Nanotechnology, 24 Cummington Street, Boston, MA, USA",1,,,no
"Department of Chemistry, 590 Commonwealth Ave, Boston, MA 02215, USA",1,,,no
"Department of Chemistry, Metcalf Center for Science and Engineering, 590 Commonwealth Ave., Boston, MA 02215 (U.S.A.)",1,,,no
"Department of Clinical Psychiatry, University Hospital, Boston, Mass. 02118",1,,,no
"Department of Cliniical Research antd thle Departments of AMedicinie and Pathology, Bostoni University Medical Center, and",1,Boston Medical Center | University Medical Center,I1286490081 I2802849423,no
"Department of Communication Sciences and Disorders and Knowledge Research Institute , Boston University, Inc. , Arlington , Texas , USA",1,,,no
"Department of Communication Sciences and Disorders, University of HaifaHaifa, Israel; Programs in Deaf Studies, Center for the Study of Communication and the Deaf, Boston UniversityBoston, MA, USA",1,University of Haifa,I91203450,no
"Department of Community Health Sciences, Boston University School of Public Health, Boston, Massachusetts (Dr Wang and Ms Clausen); Department of Quantitative Health Sciences (Dr Anatchkova), Division of Preventive and Behavioral Medicine, University of Massachusetts Medical School, Worcester (Ms Goins and Dr Lemon); Division of Public Health Sciences and Siteman Cancer Center, School of Medicine, Washington University in St Louis (Dr Brownson); Department of Epidemiology, University of North Carolina Gillings School of Global Public Health, Chapel Hill (Dr Evenson); and Office of the Dean, Texas A&M School of Public Health (Dr Maddock)",1,,,no
"Department of Community Health Sciences, Boston University School of Public Health, USA; Division of Adolescent/Young Adult Medicine, Boston Children's Hospital, USA. Electronic address: lranker@bu.edu",1,,,no
"Department of Community Health Sciences, Boston University School of Public Health; Division of Adolescent/Young Adult Medicine, Boston Children's Hospital. Electronic address: lranker@bu.edu",1,,,no
"Department of Community Medicine, Boston University School of Medicine and Epidemiology Study Center,, United Kingdom",1,,,no
"Department of Community Medicine, Boston University School of Medicine., United Kingdom",1,,,no
"Department of Community and Preventive Medicine, Mount Sinai School of Medicine, Boston University, Boston, MA, USA",1,,,no
"Department of Comparative Human Development, The University of Chicago, Chicago, IL, USA; Department of Psychological and Brain Sciences, Boston University, Boston, MA, USA. Electronic address: tmanda@bu.edu",1,University of Chicago,I40347166,no
"Department of Computer Science and Faculty of Computing & Data Sciences, Boston, MA, USA",1,,,no
"Department of Computer Science, 111 Cummington Mall, Boston, MA, 02215, USA",1,,,no
"Department of Dermatology and Skin Surgery, Boston University Roger Williams Medical Center, Providence, RI",1,Roger Williams Medical Center | Providence College,I1336196053 I196272386,no
"Department of Dermatology and Skin Surgery, Boston University Roger Williams Medical Center, Providence, RI 02908, USA",1,Roger Williams Medical Center,I1336196053,no
"Department of Dermatology, Laboratory of Cutaneous Wound HealingBoston University School of Medicine Boston Massachusetts",1,Wound Healing Society,I4210134858,no
"Department of Dermatology, School of Medicine, University of Boston, Boston, Massachusetts, USA",1,,,no
"Department of Dermatology, University Hospital Boston, Massachusetts USA",1,,,no
Department of DermatologyBoston University School of Medicine609 Albany StreetBostonMA02118,1,,,no
Department of DermatologyBoston University School of MedicineBostonMA 02118USA,1,,,no
Department of DermatologyBoston University School of MedicineBostonMassachusetts,1,,,no
Department of DermatologyBoston University School of MedicineBostonMassachusetts02118USA,1,,,no
Department of Earth and Environment University of Boston Boston MA USA,1,University of Massachusetts Boston,I33434090,no
"Department of Earth and Environment, University of Boston, Boston, MA, USA",1,University of Massachusetts Boston,I33434090,no
"Department of Economics Board of Governors of the Boston University Federal Reserve System 270 Bay State Road Mail Stop 82 Boston , MA 02215 Washington , DC 20551",1,Federal Reserve | Indian Institute of Technology Hyderabad,I1317239608 I65181880,no
"Department of Economics Department of Economics Boston University Tel Aviv University 270 Bay Stare Road Tel Aviv 69978 Boston , MA 02215 ISRAEL",1,Tel Aviv University,I16391192,no
"Department of Economics Department of Economics Stanford University Boston University Stanford , CA 943 05-6072 270 Bay State Rd. and",1,Stanford University,I97018004,no
"Department of Economics, University of Boston, 270 Bay State Road, Boston, MA 02215, USA [email protected]",1,Bay State College,I78063147,no
"Department of Electrical & Computer Engineering and Materials Science and Engineering Division, Photonic Center, Boston, MA 02215, USA",1,Photonic Systems (United States),I4210105869,no
"Department of Electrical & Computer Engineering, Boston, Massachusetts 02215, United States",1,University of Massachusetts Boston,I33434090,no
"Department of Electrical and Computer Engineering & the Photonics Center, 8 Saint Mary’s Street, Boston, Massachusetts 02215, USA",1,Photonics (United States),I4210093910,no
"Department of Electrical and Computer Engineering, 8 St. Mary's Street, Boston, MA 02215, USA",1,,,no
"Department of Electrical and Computer Engineering, 8 St. Mary's Street, Boston, MA, 02215, USA",1,,,no
"Department of Electrical and Computer Engineering, Boston, Massachusetts 02215, USA",1,University of Massachusetts Boston,I33434090,no
"Department of Electrical and Computer Engineering, Photonic Center, Boston, MA 02215, USA",1,Photonic Systems (United States),I4210105869,no
"Department of Electrical and Computer Engineering, University of Boston, Boston, MA, USA",1,,,no
"Department of Electrical, Computer and Systems Engineering, College of Engineering, Boston, Massachusetts 02215",1,,,no
"Department of Electrical, Computer, and Systems Engineering, Laboratory for Design and Testing of Computer and Communications Systems, University College of Engineering, Boston, MA, USA",1,,,no
"Department of Emergency Medicine, Tufts University (formerly Department of Pediatrics, Boston University School of Medicine)",1,Tufts University,I121934306,no
"Department of English, Boston University, Boston, UK",1,Universities UK,I185658715,no
"Department of Environmental Health, Boston School of Public Health",1,,,no
"Department of Environmental Health, School of Public Health, Boston, MA 02119, USA. rptlopez@bu.edu",1,,,no
Department of Environmental HealthBoston University School of Public HealthBostonMAUSA,1,Kingston University,I4210154901,no
"Department of Epidemiology (R.S.V.); Framingham Heart Study, MA (R.S.V., M.G.L., V.X.).; Section of Preventive Medicine and Epidemiology, Boston University School of Medicine, MA (R.S.V., V.X.)",1,,,no
"Department of Epidemiology and Biostatistics Boston University School of Public Health , United Kingdom",1,,,no
Department of Epidemiology and BiostatisticsBoston University School of Public HealthBostonMassachusetts02118USA,1,,,no
"Department of Epidemiology, Boston University School of Public Health, Boston, MA, USA; Research Triangle Institute, Durham, NC, USA",1,,,no
"Department of Epidemiology, Boston University Schools of Medicine and Public Health, Framingham Heart Study, 73 Mount Wayte Avenue, Suite 2, Framingham, MA 01702-5827, USA",1,Framingham Heart Study,I4210123017,yes
"Department of Epidemiology, Rollins School of Public Health, Emory University, Atlanta, GA, USA, Department of Epidemiology and Center for Global Health & Development, Boston University School of Public Health, Boston, MA, USA, Division of Epidemiology and Community Health and Division of Environmental Health Sciences, University of Minnesota School of Public Health, Minneapolis, MN, USA, Faculty of Health Sciences, Simon Fraser University, Burnaby, BC, Canada and Department of Epidemiology and Department of Statistics, University of California Los Angeles, Los Angeles, CA, USA",1,"Simon Fraser University | University of Minnesota | University of California, Los Angeles",I18014758 I130238516 I161318765,no
"Department of Epidemiology, School of Public Health, Boston, MA 02118, USA",1,Massachusetts Department of Public Health,I1337960435,no
Department of EpidemiologyBoston University School of Public HealthBostonMAUS,1,,,no
Department of EpidemiologyBoston UniversityBostonMAUSA,1,Kingston University,I4210154901,no
"Department of Family Medicine , Boston Uni- versity School of Medicine , Boston Medical Center , Boston , MA",1,Boston Medical Center,I1286490081,no
"Department of Family Medicine , Boston Uni- versity School of Medicine , Massachusettes",1,,,no
"Department of Family Medicine, Boston Uni-versity School of Medicine, Boston Medical Center, Boston, MA",1,Boston Medical Center,I1286490081,no
"Department of Family Medicine, Boston Uni-versity School of Medicine, Massachusettes",1,,,no
"Department of Family Medicine, Boston University, MA 02118, USA. Larry.Culpepper@BMC.org",1,,,no
"Department of Food Science & Engineering, Jinan University, Huangpu West Avenue 601, Guangzhou City, China; Boston University Chobanian & Avedisian School of Medicine, Boston, MA, 02118, United States of America",1,,,no
"Department of General Dentistry, Goldman School of Dental Medicine, Boston, MA, USA",1,,,no
"Department of Genetics, University of North Carolina, Chapel Hill, NC 27599, USA; National Heart Lung and Blood Institute's and Boston University's Framingham Heart Study, Framingham, MA 01701, USA; Department of Neurology, Boston University School of Medicine, Boston, MA 02118, USA",1,Framingham Heart Study,I4210123017,yes
Department of Geography and Public Policy InstituteBoston UniversityBoston. MA 02215,1,Public Policy Institute of California,I1296812847,no
"Department of Global Health , School of Public Health , Boston Uni- versity , 801 Massachusetts Ave , 3rd Fl , Boston , MA 02118 , USA",1,Massachusetts Department of Public Health,I1337960435,no
Department of Global Health Boston UniversityUnited States,1,,,no
"Department of Global Health, School of Public Health, Boston Uni-versity, 801 Massachusetts Ave, 3rd Fl, Boston, MA 02118, USA",1,Massachusetts Department of Public Health,I1337960435,no
"Department of Health Law, Policy and Management, 715 Albany Street, Boston, MA 02118",1,Albany Law School,I22128675,no
"Department of Health Law, Policy and Management, 715 Albany Street, Talbot building, Boston, MA, 02118, USA",1,,,no
"Department of Health Law, Policy and Management, BU School of Public Health, 715 Albany Street T5W, Boston, MA 02118, USA",1,,,no
"Department of Health Law, Policy and Management, Boston University School of Public Health, Boston, Massachusetts; Partnered Evidence-based Policy Resource Center, VA Boston Healthcare System, Boston, Massachusetts; VHA Rocky Mountain Mental Illness Research Education and Clinical Center, Aurora, Colorado",1,,,no
"Department of Health Law, Policy, and Management, Boston University School of Public Health, Boston, MA (NCM); Grayken Center for Addiction and Clinical Addiction Research and Education (CARE) Unit, Section of General Internal Medicine, Boston Medical Center, Boston, MA (SY, AR, SK, AYW); Center on Substance Use and Health, San Francisco Department of Public Health, San Francisco, CA (VMM, EP, SB, XLM, POC); University of California San Francisco, San Francisco, CA (POC); Boston University Chobanian & Avedisian School of Medicine, Boson, MA (AYW)",1,"University of California, San Francisco",I180670191,no
"Department of Health Law, Policy, and Management, Boston University School of Public Health, Boston, MA, USA; Institute for Sexual and Gender Minority Health and Wellbeing, Northwestern University, Chicago, IL, USA",1,,,no
"Department of Health Policy and Management, School of Public Health, Boston, MA, USA",1,Massachusetts Department of Public Health,I1337960435,no
Department of Health Sciences Sargent CollegeBoston UniversityBostonMAUnited States,1,,,no
"Department of Health Sciences and Sociology, Northeastern University,Boston, MA (formerly Department of Social and Behavioral Sciences, Boston University School of Public Health)",1,Northeastern University,I12912129,no
Department of Health SciencesBoston UniversityBostonMassachusettsUSA,1,Department of Medical Sciences,I4210128510,no
"Department of Health Services, University School of Public Health, Boston, Mass., USA",1,,,no
"Department of Health, National Institute for Health and Welfare, Turku, Finland; National Heart, Lung, and Blood Institute's and Boston University's, Framingham Heart Study, Framingham, MA, USA",1,Framingham Heart Study,I4210123017,yes
"Department of Infectious Diseases, Evans Memorial Department of Clinical Research, Boston University School of Medicine Boston, Massachusetts Division of Infectious Diseases, University of Virginia School of Medicine Charlottesville, Virginia",1,,,no
"Department of Information Systems, Questrom School of Business, Boston, MA, United States",1,,,no
"Department of Interdisciplinary Health Sciences (Dr Heboyan); Veterans Affairs Boston Healthcare System (Dr Krengel); Department of Neurology, Boston University School of Medicine (Dr Krengel); Department of Environmental Health, Boston University School of Public Health (Dr Sullivan), Boston, Massachusetts; Henry M. Jackson Foundation at the Uniformed Services University Graduate School of Nursing (Dr Iobst); Department of Immunology, Nova Southeastern University, Ft. Lauderdale, Florida (Dr Klimas); Uniformed Services University Graduate School of Nursing (Dr Wilson), Bethesda, Maryland; Department of Population Health Sciences, Medical College of Georgia (Dr Coughlin), Augusta University; Research Service, Charlie Norwood VA Medical Center (Dr Coughlin), Augusta, Georgia",1,,,no
"Department of Internal Medicine at Boston, University Medical Center, Boston, United States",1,Boston Medical Center,I1286490081,no
"Department of Internal Medicine, Boston Medical Center, Boston University School of Medicine, Boston, Massachusetts; Department of Epidemiology, Boston University School of Public Health, Boston, Massachusetts; The Boston University and the National Heart, Lung, and Blood Institute's Framingham Heart Study, Framingham, Massachusetts",1,Framingham Heart Study,I4210123017,yes
"Department of International Relations and The Center for Energy and Environmental Studies, 152 Bay State Road, Room 444, Boston, MA 02215. anajam@bu.edu",1,,,no
"Department of Markets, Public Policy and Law, Boston University School of Management, 595 Commonwealth Avenue, Boston, MA 02215, USA; Department of Health Policy and Management, Gillings School of Global Public Health, University of North Carolina, 1101 McGavran-Greenberg Hall, CB #7411, Chapel Hill, NC 27599, USA. Electronic address: geissler@bu.edu",1,,,no
"Department of Mass Communication, Advertising, & Public Relations, Boston University, MA, United States",1,,,no
"Department of Mathematics and Statistics and Department of Biomedical Engineering and Center for Biodynamics, Boston University, Boston, Massachusetts; and School of Biomedical Sciences, University of Leeds, Leeds, United Kingdom",1,University of Leeds,I130828816,no
"Department of Mathematics and Statistics, 665 Commonwealth Avenue, Boston, MA, 02215, USA",1,,,no
"Department of Mathematics and Statistics, BU, Boston, Massachusetts, USA",1,Boston University Academy,I4210114918,no
"Department of Mathematics and Statistics, University of Boston, Boston, MA 02215, USA",1,,,no
Department of Mathematics and StatisticsBoston University School of Public HealthBostonMAUS,1,,,no
"Department of Mathematics, Boston Harbor Campus, Boston, Massachusetts",1,University of Massachusetts Boston,I33434090,no
"Department of Mathematics, Statistics & Computer Science, Boston, MA, 02115, USA",1,,,no
"Department of Mathematics, University of Boston, Boston, MA, USA",1,,,no
Department of MathematicsBoston UniversityBostonMassachusetts02215,1,,,no
"Department of Mechanical Engineering, 110 Cummington Mall, Boston, MA, 015, USA",1,,,no
"Department of Mechanical Engineering, 110 Cummington Mall, ENG 323, Boston, MA, 02215",1,,,no
"Department of Mechanical Engineering, The Division of Systems Engineering, Boston, MA",1,,,no
Department of Mechanical EngineeringBoston University110 Cummington StreetBostonMA02215USA,1,,,no
Department of Mechanical EngineeringBoston UniversityBostonMAUSA,1,Kingston University,I4210154901,no
"Department of Mechanical and Systems Engineering, 8 St Mary's St, Boston, MA, USA",1,,,no
"Department of Mechanical, Industrial and Manufacturing Engineering, Boston, MA 02115, USA",1,Boston Engineering (United States),I4210119705,no
"Department of Medical Microbiology, Amsterdam University Medical Centre, Amsterdam, Netherlands; Department of Global Health, Boston University School of Public Health, Boston, MA, USA",1,,,no
"Department of Medicine (Genetics Program) and School of Public Health, Boston",1,,,no
"Department of Medicine (Pulmonary Center and Evans Memorial) and Surgery (Thoracic Services), Boston University Medical Center, Salt Lake City",1,Boston Medical Center | University Medical Center,I1286490081 I2802849423,no
Department of Medicine Roger Williams Medical CenterBoston University School of Medicine Boston MA USA,1,Roger Williams Medical Center,I1336196053,no
"Department of Medicine University of Boston Boston, MA USA",1,,,no
"Department of Medicine and Community Health Sciences, Boston School of Medicine and Public Health, Boston, Massachusetts",1,,,no
"Department of Medicine and Evans, Department of Clinical Research, University Medical Center, Boston, Massachusetts 02118-2393",1,University Medical Center | University Hospital and Clinics,I2802849423 I4210108968,no
"Department of Medicine and the Section of Preventive Medicine and Epidemiology, Boston University School of Medicine, Boston, . Address reprint requests to Dr. Levy at the Framingham Heart Study, 5 Thurber St., Framingham, MA 01701",1,Framingham Heart Study,I4210123017,yes
"Department of Medicine, Boston Medical Center, Boston University Chobanian and Avedisian School of Medicine, Boston, Massachusetts, USA; Department of Epidemiology, Boston University School of Public Health, Boston, Massachusetts, USA; National Heart, Lung, and Blood Institute's Framingham Heart Study, Framingham, Massachusetts, USA. Electronic address: https://twitter.com/EmeliaBenjamin",1,Framingham Heart Study,I4210123017,yes
"Department of Medicine, Boston Uniuersity Medical Center, Boston, MA 02118 U.S.A",1,Boston Medical Center,I1286490081,no
"Department of Medicine, Boston Univ. School of Med., Boston, MA",1,,,no
"Department of Medicine, Boston University School of Medicine, Boston, MA 02118, USA National Heart, Lung, and Blood Institute's, Boston University's Framingham Heart Study, Framingham, MA 01702, USA Department of Epidemiology, Boston University School of Public Health, Boston, MA 02118, USA",1,Framingham Heart Study,I4210123017,yes
"Department of Medicine, Boston University School of Medicine, Boston, MA 02118, USA; Department of Epidemiology, Boston University School of Public Health, Boston, MA 02118, USA; National Heart, Lung, and Blood Institute's and Boston University's Framingham Heart Study, Framingham, MA 01702, USA",1,Framingham Heart Study,I4210123017,yes
"Department of Medicine, Boston University School of Medicine, Boston, MA 02118, USA; National Heart, Lung, and Blood Institute's Framingham Heart Study, Framingham, MA 01702, USA",1,Framingham Heart Study,I4210123017,yes
"Department of Medicine, Boston University School of Medicine, Boston, MA, United States; National Heart, Lung, and Blood Institute's and Boston University's Framingham Heart Study, Framingham, MA, United States; Department of Epidemiology, Boston University School of Public Health, Boston, MA, United States",1,Framingham Heart Study,I4210123017,yes
"Department of Medicine, Boston University School of Medicine, Boston, Massachusetts; The NHLBI's Framingham Heart Study, Framingham, Massachusetts",1,Framingham Heart Study,I4210123017,yes
"Department of Medicine, Boston University School of Medicine, Boston, Massachusetts; The NHLBI's Framingham Heart Study, Framingham, Massachusetts. Electronic address: hhlin@bu.edu",1,Framingham Heart Study,I4210123017,yes
"Department of Medicine, Boston University School of Medicine, Framingham Heart Study, Boston, Massachusetts, USA",1,Framingham Heart Study,I4210123017,yes
"Department of Medicine, Boston University School of Medicine, Japan",1,,,no
"Department of Medicine, Boston University School of Medicine, Maxwell Finland Laboratory for Infectious Diseases, Boston City Hospital. Address reprint requests to Dr. Craven at the Epidemiology Section, Boston City Hospital, Boston, MA 02118",1,,,no
"Department of Medicine, Boston University School of Medicine, Section of Infectious Diseases, Boston, Maryland; Department of Neural and Pain Sciences, School of Dentistry, University of Maryland Baltimore, Baltimore, Maryland; Center to Advance Chronic Pain Research, University of Maryland Baltimore, Baltimore, Maryland",1,"University of Maryland, Baltimore",I126744593,no
"Department of Medicine, Boston University School of Medicine/Framingham Heart Study, MA 01701, USA",1,Framingham Heart Study,I4210123017,yes
"Department of Medicine, Boston University School of Medicine/Framingham Heart Study, Massachusetts, USA",1,Framingham Heart Study,I4210123017,yes
"Department of Medicine, Boston University and Massachusetts Memorial Hospitals, Boston, Mass",1,,,no
"Department of Medicine, Boston University, Mendoza, Argentina",1,University of Mendoza,I100084298,no
"Department of Medicine, Cardiovascular Division, Beth Israel Deaconess Medical Center and Harvard Medical School, Boston, Massachusetts; Boston University's and National Heart, Lung, and Blood Institute's Framingham Heart Study, Framingham, Massachusetts. Electronic address: ctsao1@bidmc.harvard.edu",1,Framingham Heart Study,I4210123017,yes
"Department of Medicine, Chobanian and Avedisian School of Medicine, Boston, MA, USA",1,,,no
"Department of Medicine, Division of Cardiology, University Hospital, Boston, Mass., USA",1,,,no
"Department of Medicine, Division of Hematology/Oncology, BU Medical Center, Boston, Massachusetts, United States of America",1,Boston Medical Center,I1286490081,no
"Department of Medicine, Evans Memorial Research Foundation, Boston University School of Medicine/Framingham Heart Study, Mass., USA",1,Framingham Heart Study,I4210123017,yes
"Department of Medicine, Rhode Island Hospital and Alpert Medical School, Brown University, Providence, Rhode Island (M.P., M.A.Z., X.Z., E.T., G.B., S.Z.); Department of Surgery, Roger William Medical Center, Boston University Medical School, Providence, Rhode Island (T.C.Z.); and Department of Nephrology, Shanghai East Hospital, Tongji University School of Medicine, Shanghai, China (S.Z.) szhuang@lifespan.org",1,Rhode Island Hospital | Roger Williams Medical Center,I2800446032 I1336196053,no
"Department of Medicine, Section of Computational Biomedicine, and Clinical and Translational Science Institute Boston University Chobanian &amp; Avedisian School of Medicine  Boston Massachusetts USA",1,Clinical and Translational Science Institute,I4405260963,yes
"Department of Medicine, Section of Computational Biomedicine, and Clinical and Translational Science Institute, Boston University Chobanian & Avedisian School of Medicine, Boston, Massachusetts, USA",1,Clinical and Translational Science Institute,I4405260963,yes
"Department of Medicine, Section of General Internal Medicine, BUCASM and Boston Medical Center, Boston, MA, United States; Boston University's and National Heart, Lung, and Blood Institute's Framingham Heart Study, Framingham, MA United States",1,Framingham Heart Study,I4210123017,yes
"Department of Medicine, Section of General Internal Medicine, Boston University Chobanian & Avedisian School of Medicine and Boston Medical Center, Boston, MA, USA; Framingham Heart Study, National Heart, Lung, and Blood Institute and Boston University Chobanian & Avedisian School of Medicine, Framingham, MA, USA. Electronic address: murabito@bu.edu",1,Framingham Heart Study,I4210123017,yes
"Department of Medicine, Section of Hematology Oncology, Boston University Chobanian and Avedisian School of Medicine, Boston, MA, USA. naomi.ko@bmc.org",1,,,no
"Department of Medicine, Section of Preventive Medicine and Epidemiology, Evans Memorial Research Foundation, Boston University School of Medicine and Framingham Study, Framingham, MA",1,Framingham State University | Framingham Heart Study,I47834966 I4210123017,yes
"Department of Medicine, Section of Preventive Medicine and Epidemiology, Evans Memorial Research Foundation, Boston University School of Medicine/Framingham Heart Study, Boston, MA",1,Framingham Heart Study,I4210123017,yes
"Department of Medicine, Section of Preventive Medicine and Epidemiology, Evans Memorial Research Foundation, Boston University School of Medicine/Framingham Heart Study, Boston, Massachusetts, USA",1,Framingham Heart Study | Heart Foundation | Memorial Foundation,I4210123017 I4210092022 I4210118445,yes
"Department of Medicine, University Hospital, 75 East Newton Street, 02118, Boston, MA",1,,,no
"Department of Medicine, Vascular Biology, University of Boston, Boston, MA 02118, USA",1,,,no
"Department of Medicine, and Department of Epidemiology, Boston University's and National Heart, Lung, and Blood Institute's Framingham Heart Study, Framingham, Massachusetts",1,"Framingham Heart Study | National Heart, Lung, and Blood Institute",I4210123017 I4210106489,yes
Department of MedicineBoston University School of MedicineBostonMassachusettsUSA,1,,,no
Department of MedicineBoston UniversityUnited States,1,,,no
Department of MedicineRenal DivisionBoston City HospitalBoston University School of MedicineBostonMassachusetts01003USA,1,,,no
Department of MedicineThe Center for HIV/AIDS Care and ResearchBoston University School of MedicineBostonMassachusettsUSA,1,,,no
Department of MedicineWhitaker Cardiovascular InstituteBoston University School of MedicineBostonMassachusettsUSA,1,,,no
"Department of Medicine—E113, University Hospital, 88 East Newton Street, 02118, Boston, MA",1,,,no
"Department of Medicine—E113, University Hospital, Boston",1,,,no
"Department of Microbial Pathogenesis, Yale University School of Medicine, New Haven, CT 06536, USA; Department of Medicine, Section of Infectious Diseases, Boston University School of Medicine, Boston, MA 02118, USA. Electronic address: luis.agosto.82@gmail.com",1,,,no
"Department of Molecular and Cell Biology, Henry M. Goldman School of Dental Medicine, 700 Albany Street, Boston, MA 02118, USA",1,,,no
Department of Molecular and Cell BiologyBoston University Goldman School of Dental MedicineBostonMAUSA,1,,,no
"Department of National Heart, Lung and Blood Institute's and Boston University's Framingham Heart Study, Framingham, Massachusetts, USA",1,"Framingham Heart Study | National Heart, Lung, and Blood Institute",I4210123017 I4210106489,yes
"Department of Nephrology,Roger Williams Med Center, Boston University Med Ctr Affiliated Hospital, Providence, RI, USA",1,Roger Williams Medical Center | Providence College | Med Center,I1336196053 I196272386 I4210121260,no
"Department of Neurology & Radiology, Boston Medical Center, Boston University School of Medicine, Boston, Massachusetts",1,Boston Medical Center,I1286490081,no
"Department of Neurology (A.S.B.), Boston University Chobanian &amp; Avedisian School of Medicine, MA",1,,,no
"Department of Neurology (Dr. Wolf); and the Section on Preventive Medicine of the Division of Medicine (Drs. Dawber and Thomas), Boston University School of Medicine, Boston, Massachusetts; and the Heart Disease Epidemiology Study (Dr. Kannel), National Heart and Lung Institute, Framingham, Massachusetts",1,Framingham Heart Study,I4210123017,yes
"Department of Neurology (FF, JRR) at Boston University School of Medicine, and the NHLBI's Framingham Heart Study (JRR) Framingham, Massachusetts",1,Framingham Heart Study,I4210123017,yes
"Department of Neurology (J.R.R.), Boston University School of Medicine, and Framingham Heart Study, MA",1,Framingham Heart Study,I4210123017,yes
"Department of Neurology (S.D.), Boston University School of Medicine, Framingham Heart Study, Boston, MA",1,Framingham Heart Study,I4210123017,yes
"Department of Neurology , Boston University School of Medicine , Framingham Heart Study , Boston , MA",1,Framingham Heart Study,I4210123017,yes
"Department of Neurology Boston University School of Medicine; National Heart Lung, and Blood Institute  Framingham MA USA",1,Framingham Heart Study,I4210123017,yes
Department of Neurology and Framingham Heart Study Boston University School of Medicine Boston MA USA,1,Framingham Heart Study,I4210123017,yes
"Department of Neurology and Framingham Heart Study, Boston University School of Medicine, Boston, Massachusetts 02118, USA.,",1,Framingham Heart Study,I4210123017,yes
"Department of Neurology and Framingham Heart Study, Boston University School of Medicine, MA, USA",1,Framingham Heart Study,I4210123017,yes
"Department of Neurology, Bos-ton University, USA",1,,,no
"Department of Neurology, Boston Medical Center, Boston, MA, USA; NHLBI's Framingham Heart Study, Framingham, MA, USA; Department of Neurology, Boston University Chobanian & Avedisian School of Medicine, Boston, MA, USA",1,Framingham Heart Study,I4210123017,yes
"Department of Neurology, Boston University Chobanian & Avedisian School of Medicine, Boston, MA 02118, USA; NHLBI Framingham Heart Study, Framingham, MA 01702, USA",1,Framingham Heart Study,I4210123017,yes
"Department of Neurology, Boston University Chobanian & Avedisian School of Medicine, Boston, MA 02118, USA; NHLBI Framingham Heart Study, Framingham, MA 01702, USA; Glenn Biggs Institute for Alzheimer's Disease and Neurodegenerative Diseases, University of Texas Health San Antonio, San Antonio, TX 78229, USA",1,Framingham Heart Study | The University of Texas at San Antonio Health Science Center,I4210123017 I165951966,yes
"Department of Neurology, Boston University Chobanian &amp; Avedisian School of Medicine; Framingham Heart Study",1,Framingham Heart Study,I4210123017,yes
"Department of Neurology, Boston University Medical Center Boston MA, USA ; Framingham Heart Study, The National Heart, Lung, and Blood Institute Framingham, MA, USA",1,Framingham Heart Study,I4210123017,yes
"Department of Neurology, Boston University Medical Center, New York, NY",1,Boston Medical Center | Columbia University Irving Medical Center,I1286490081 I2799503643,no
"Department of Neurology, Boston University School of Medicine & Framingham Heart Study, Boston, MA",1,Framingham Heart Study,I4210123017,yes
"Department of Neurology, Boston University School of Medicine Boston, MAUSA; The Framingham Heart Study Framingham, MAUSA",1,Framingham Heart Study,I4210123017,yes
"Department of Neurology, Boston University School of Medicine, 72 East Concord St., Boston, MA 02118, USA; Framingham Heart Study, 73 Mt. Wayte Avenue, Suite 2, Framingham, MA 01702-5827, USA",1,Framingham Heart Study,I4210123017,yes
"Department of Neurology, Boston University School of Medicine, 72 East Concord Street, Boston 02118, MA, USA ; Framingham Heart Study, National Heart, Lung and Blood Institute, 72 East Concord Street, Boston 02118, MA, USA",1,Framingham Heart Study,I4210123017,yes
"Department of Neurology, Boston University School of Medicine, 72 East Concord Street, C-3, Boston, MA 02118, USA; National Heart, Lung, and Blood Institute's Framingham Study, 73 Mt. Wayte Avenue, Suite 2, Framingham, MA 01702, USA",1,Framingham Heart Study,I4210123017,yes
"Department of Neurology, Boston University School of Medicine, 72 East Concord Street, C-3, Boston, MA 02118, USA; National Heart, Lung, and Blood Institute's Framingham Study, 73 Mt. Wayte Avenue, Suite 2, Framingham, MA 01702, USA. Electronic address: hugoa@bu.edu",1,Framingham Heart Study,I4210123017,yes
"Department of Neurology, Boston University School of Medicine, 72 East Concord Street, C-3, Boston, MA 02118, USA; National Heart, Lung, and Blood Institute's Framingham Study, 73 Mt. Wayte Avenue, Suite 2, Framingham, MA 01702, USA; Department of Biostatistics, Boston University School of Public Health, Crosstown Building, 801Massachusetts Avenue, 3rd Floor, Boston, MA 02118, USA",1,Framingham Heart Study,I4210123017,yes
"Department of Neurology, Boston University School of Medicine, 72 East Concord Street, C-3, Boston, MA 02118, USA; National Heart, Lung, and Blood Institute's Framingham Study, 73 Mt. Wayte Avenue, Suite 2, Framingham, MA 01702, USA; Department of Neurology, Creighton University School of Medicine, 601 North 30th Street, Suite 5300, Omaha, NE 68131, USA",1,Framingham Heart Study,I4210123017,yes
"Department of Neurology, Boston University School of Medicine, 72 East Concord Street, C-3, Boston, MA 02118, USA; National Heart, Lung, and Blood Institute's Framingham Study, 73 Mt. Wayte Avenue, Suite 2, Framingham, MA 01702, USA; Department of Neurology, Emory University School of Medicine, 201 Dowman Drive, Atlanta, GA 30322, USA",1,Framingham Heart Study,I4210123017,yes
"Department of Neurology, Boston University School of Medicine, 72 East Concord Street, Collamore C3 Neurology, Boston 02118, MA, United States; NHLBI's Framingham Heart Study, Framingham, MA, United States. Electronic address: Hugo.Aparicio@bmc.org",1,Framingham Heart Study,I4210123017,yes
"Department of Neurology, Boston University School of Medicine, 72 East Concord Street, Collamore C3 Neurology, Boston 02118, MA, United States; NHLBI's Framingham Heart Study, Framingham, MA, United States. Electronic address: Joromero@bu.edu",1,Framingham Heart Study,I4210123017,yes
"Department of Neurology, Boston University School of Medicine, 72 East Concord Street, Collamore C3 Neurology, Boston, MA 02118, United States; NHLBI's Framingham Heart Study, Framingham, MA, United States",1,Framingham Heart Study,I4210123017,yes
"Department of Neurology, Boston University School of Medicine, B602, 72 East Concord Street, Boston, MA 02118, USA ; Framingham Heart Study, 73 Mount Wayte Avenue, Framingham, MA 01702, USA",1,Framingham Heart Study,I4210123017,yes
"Department of Neurology, Boston University School of Medicine, Boston, MA 02118, USA; Framingham Heart Study, Framingham, MA 01702, USA",1,Framingham Heart Study,I4210123017,yes
"Department of Neurology, Boston University School of Medicine, Boston, MA 02118, USA; Framingham Heart Study, Framingham, MA 01702, USA; Glenn Biggs Institute for Alzheimer's & Neurodegenerative Diseases and Department of Population Health Sciences, University of Texas Health Sciences Center, San Antonio, TX 78229, USA",1,Framingham Heart Study | The University of Texas at San Antonio Health Science Center,I4210123017 I165951966,yes
"Department of Neurology, Boston University School of Medicine, Boston, MA 02118, USA; Framingham Heart Study, Population Sciences Branch, Division of Intramural Research, National Heart, Lung, and Blood Institute, NIH, Framingham, MA 01702, USA",1,Framingham Heart Study,I4210123017,yes
"Department of Neurology, Boston University School of Medicine, Boston, MA, USA NHLBI Framingham Heart Study, Bethesda, MD, USA",1,Framingham Heart Study,I4210123017,yes
"Department of Neurology, Boston University School of Medicine, Boston, MA, USA, Framingham Heart Study, Population Sciences Branch, Division of Intramural Research National Heart Lung and Blood Institute, National Institutes of Health, Framingham, MA, USA",1,Framingham Heart Study,I4210123017,yes
"Department of Neurology, Boston University School of Medicine, Boston, MA, USA; Framingham Heart Study, Framingham, MA, USA",1,Framingham Heart Study,I4210123017,yes
"Department of Neurology, Boston University School of Medicine, Boston, MA, USA; Framingham Heart Study, National Heart, Lung, and Blood Institute, Framingham, MA, USA",1,Framingham Heart Study,I4210123017,yes
"Department of Neurology, Boston University School of Medicine, Boston, MA, USA; Framingham Heart Study, National Heart, Lung, and Blood Institute, Framingham, MA, USA; Department of Biostatistics, Boston University School of Public Health, Boston, MA, USA",1,Framingham Heart Study,I4210123017,yes
"Department of Neurology, Boston University School of Medicine, Boston, MA, USA; NHLBI's Framingham Heart Study, Framingham, Massachusetts, USA",1,Framingham Heart Study,I4210123017,yes
"Department of Neurology, Boston University School of Medicine, Boston, MA, USA; National Heart Lung and Blood Institute's Framingham Study, Framingham, MA, USA",1,Framingham Heart Study,I4210123017,yes
"Department of Neurology, Boston University School of Medicine, Boston, MA, USA; National Heart Lung and Blood Institute's Framingham Study, Framingham, MA, USA. Electronic address: mastefan@bu.edu",1,Framingham Heart Study,I4210123017,yes
"Department of Neurology, Boston University School of Medicine, Boston, MA, USA; National Heart Lung and Blood Institute's Framingham Study, Framingham, MA, USA; Department of Biostatistics, School of Public Health, Boston University, Boston, MA, USA",1,Framingham Heart Study,I4210123017,yes
"Department of Neurology, Boston University School of Medicine, Boston, MA, USA; The Framingham Heart Study, Boston, MA, USA",1,Framingham Heart Study,I4210123017,yes
"Department of Neurology, Boston University School of Medicine, Boston, Massachusetts, USA ; Framingham Heart Study, Boston, Massachusetts, USA",1,Framingham Heart Study,I4210123017,yes
"Department of Neurology, Boston University School of Medicine, Boston, Massachusetts, United States of America; National Heart, Lung, and Blood Institute, the Framingham Heart Study, Framingham, Massachusetts, United States of America",1,Framingham Heart Study,I4210123017,yes
"Department of Neurology, Boston University School of Medicine, Boston, Massachusetts, United States of America; The Framingham Heart Study, Framingham, Massachusetts, United States of America",1,Framingham Heart Study,I4210123017,yes
"Department of Neurology, Boston University School of Medicine, Boston, Massachusetts; Department of Biostatistics, Boston University School of Public Health, Boston; The National Heart Lung and Blood Institute's Framingham Heart Study, Framingham, Massachusetts",1,Framingham Heart Study,I4210123017,yes
"Department of Neurology, Boston University School of Medicine, Boston, Massachusetts; Framingham Heart Study, National Heart, Lung, and Blood Institute, Framingham, Massachusetts. Electronic address: hugoa@bu.edu",1,Framingham Heart Study,I4210123017,yes
"Department of Neurology, Boston University School of Medicine, Boston, Massachusetts; Framingham Heart Study, National Heart, Lung, and Blood Institute, Framingham, Massachusetts; Department of Biostatistics, Boston University School of Public Health, Boston, Massachusetts. Electronic address: alexab@bu.edu",1,Framingham Heart Study,I4210123017,yes
"Department of Neurology, Boston University School of Medicine, Boston, Massachusetts; The Framingham Heart Study, Framingham, Massachusetts",1,Framingham Heart Study,I4210123017,yes
"Department of Neurology, Boston University School of Medicine, Boston, Massachusetts; The Framingham Heart Study, Framingham, Massachusetts. Electronic address: rhodaau@bu.edu",1,Framingham Heart Study,I4210123017,yes
"Department of Neurology, Boston University School of Medicine, Boston, Massachusetts; The National Heart Lung and Blood Institute's Framingham Heart Study, Framingham, Massachusetts",1,Framingham Heart Study,I4210123017,yes
"Department of Neurology, Boston University School of Medicine, Framingham Heart Study, MA (S.D.)",1,Framingham Heart Study,I4210123017,yes
"Department of Neurology, Boston University School of Medicine, and the NHLBI’s Framingham Heart Study, Framingham, Massachusetts",1,Framingham Heart Study,I4210123017,yes
"Department of Neurology, Boston University School of Medicine, and the Section of Preventive Medicine and Epidemiology, Evans Memorial Department of Clinical Research and Department of Medicine, University HospitalBoston, MA",1,,,no
"Department of Neurology, Children's Hospital, Boston; Harvard Medical School, Boston, MA Division of Clinical Neurophysiology and Sleep, Department of Neurology, Boston Univeristy, Boston, MA",1,Boston Children's Hospital,I1288882113,no
"Department of Neurology, Division of Clinical Neurophysiology, Children's Hospital, Boston, and Departments of Neurology and Pharmacology, Boeton University School of Medicine and Boston Veteran's Administration Medical Center, Boston, MA; and the VA Cooperative Program Coordinating Center, Perry Point, MD",1,Boston Children's Hospital,I1288882113,no
"Department of Neurology, Framingham Heart Study, Boston University School of Medicine, MA (S.D.)",1,Framingham Heart Study,I4210123017,yes
"Department of Neurology, Radiology, Boston Medical CenterBoston University Chobanian and Avedisian School of MedicineBoston MA",1,,,no
"Department of Neurology, RadiologyBoston Medical CenterBoston University Chobanian &amp; Avedisian School of MedicineBoston MA United States",1,Boston Medical Center,I1286490081,no
"Department of Neurology, RadiologyBoston University Chobanian &amp; Avedisian School of MedicineBoston MA",1,,,no
"Department of Neurology, RadiologyBoston University Chobanian &amp; Avedisian School of MedicineMassachusetts MA",1,,,no
"Department of Neurology, School of Public Health at Boston University, Boston, MA, USA; NHLBI's Framingham Heart Study, Framingham, MA, USA",1,Framingham Heart Study,I4210123017,yes
"Department of Neurology, School of Public Health at Boston University, Boston, MA, USA; NHLBI's Framingham Heart Study, Framingham, MA, USA. Electronic address: joromero@bmc.org",1,Framingham Heart Study,I4210123017,yes
"Department of Neurology, University of Boston, Boston, Mass., USA",1,,,no
Department of NeurologyBoston University School of MedicineBostonMassachusettsUSA,1,,,no
Department of NeurologyBoston UniversityBostonMAUSA,1,Kingston University,I4210154901,no
"Department of Occupational Therapy, School of Health and Rehabilitation Sciences, Massachusetts General Hospital Institute of Health Professions (Dr AlHeresh); Department of Biostatistics, Boston University School of Medicine (Dr LaValley); Department of Occupational Therapy (Dr Coster); Department of Physical Therapy and Athletic Training (Dr Keysor), Boston University Sargent College of Health and Rehabilitation Sciences, Boston, Massachusetts",1,,,no
"Department of Operations and Technology ManagementBoston UniversityBoston, MA 02215 E-mail:",1,,,no
"Department of Ophthalmology, Boston Univ School of Medicine, Boston, Massachusetts",1,,,no
"Department of Ophthalmology, Boston University Chobanian and Avedisian School of Medicine, Boston, MA, USA. manju.subramanian@bmc.org",1,,,no
"Department of Ophthalmology, Veterans Affairs Boston Healthcare System, Jamaica Plain/Boston, Massachusetts; and 5Boston University School of Medicine, Boston, Massachusetts",1,VA Boston Healthcare System,I2801671727,no
"Department of Oral Biology, Goldman School of Graduate Dentistry, Boston, Massachusetts 02118",1,,,no
"Department of Oral Biology, Goldman School of Graduate Dentistry, Boston, Massachusetts 02118, USA",1,,,no
"Department of Orthodontics and Dento facial Orthopedics, Henry M. Goldman School of Dental Medicine, 635 Albany street, Boston MA 02118, United States",1,,,no
"Department of Orthodontics and Dentofacial Orthopedics, Henry M. Goldman School of Dental Medicine, Boston, United States",1,,,no
"Department of Orthopaedic Surgery, University of Boston Medical School, Boston, MA",1,Boston Medical Center,I1286490081,no
Department of Orthopaedic SurgeryBoston University School of MedicineBostonMAUSA,1,Kingston University,I4210154901,no
"Department of Orthopedic Surgery, Beth Israel Deaconess Medical Center, Boston, Massachusetts, the †Health Services/Epidemiology Research Unit, Arthritis Section, Boston University School of Medicine, Boston, the ‡Framingham Heart Study, National Heart Lung and Blood Institute, Framingham, and the §Hebrew Rehabilitation Center for Aged and Harvard Medical School, Division on Aging, Boston, Massachusetts",1,Framingham Heart Study,I4210123017,yes
"Department of Otolaryngology, Boston University Medical Center, New York, NY",1,Boston Medical Center | Columbia University Irving Medical Center,I1286490081 I2799503643,no
"Department of Otolaryngology, Melrose Hospital, Boston MA, USA",1,Melrose-Wakefield Hospital,I2799640484,no
"Department of Otolaryngology, University Hospital, Boston, Massachusetts",1,,,no
"Department of Otolaryngology--Head and Neck Surgery, Bos-ton University Medical Center, Boston, MA",1,Boston Medical Center,I1286490081,no
"Department of Otolaryngology-Head and Neck Surgery, Harvard Medical School, 243 Charles St, Boston 02114, MA, USA; Massachusetts Eye and Ear, 243 Charles St, Boston 02114, MA, USA; Mass General Brigham Cancer Institute, 55 Fruit St, Boston 02114, MA, USA; Boston University Medical Center, 800 Harrison Ave, 5th Floor, Boston 02118, MA, USA",1,,,no
Department of Pathology and Laboratory MedicineBoston University School of MedicineBostonMassachusetts02118,1,,,no
Department of Pathology and Laboratory MedicineBoston University School of MedicineBostonMassachusettsUSA,1,,,no
"Department of Pathology, University Hospital, Boston, Massachusetts 02118",1,,,no
"Department of Pathology, University of Boston, Boston, Mass., USA",1,,,no
Department of PathologyBoston University School of MedicineBostonMassachusettsUSA,1,,,no
"Department of Pediatric Dentistry and Orthodontics, College of Dentistry, Taibah University, Medina, Kingdom of Saudi Arabia; Department of Restorative Sciences and Biomaterials, Boston University Henry M. Goldman School of Dental Medicine, Boston, Massachusetts, USA. Electronic address: sarah.bahammam@gmail.com",1,,,no
"Department of Pediatrics Boston Medical Center Boston University, Chobanian &amp; Avedisian School of Medicine  Boston Massachusetts USA",1,Boston Medical Center,I1286490081,no
"Department of Pediatrics, BU, Boston, MA",1,Boston University Academy,I4210114918,no
"Department of Pediatrics, Boston Medical Center & Boston University Chobanian & Avedisian School of Medicine , Boston, MA 02119 ,",1,Boston Medical Center,I1286490081,no
"Department of Pediatrics, Boston Medical Center, BU Chobanian & Avedisian School of Medicine , Boston, Massachusetts , USA",1,Boston Medical Center,I1286490081,no
"Department of Pediatrics, Boston Medical Center, Boston University",1,Boston Medical Center,I1286490081,no
"Department of Pediatrics, Boston University, and Department of Pediatrics, Boston Medical Center, Boston (Broder-Fingert); Department of Health Sciences, Northern Arizona University, Flagstaff (Lindly); Department of Pediatrics, Oregon Health and Science University, Portland (Zuckerman)",1,,,no
"Department of Pediatrics, Section of Pediatric Infectious Diseases, Boston Medical Center, and BU Chobanian & Avedisian School of Medicine, Boston, MA, United States",1,Boston Medical Center,I1286490081,no
"Department of Performance Science and Health Outcomes, WHOOP, Inc., Boston, Massachusetts, United States of America",1,,,no
"Department of Periodon-tology and Oral Biology, School of Dental Medicine, Boston Univer-sity Medical Center, 700 Albany St., W-201E, Boston, MA 02118",1,Boston Medical Center,I1286490081,no
Department of Periodontology and Oral Biology Henry M. Goldman School of Dental Medicine Boston MA USA,1,,,no
"Department of Periodontology and Oral Biology, Goldman School of Dental Medicine and",1,,,no
"Department of Periodontology and Oral Biology, Goldman School of Dental Medicine, 700 Albany Street, Boston, MA 02118, USA",1,Stony Brook School,I4210087560,no
"Department of Periodontology and Oral Biology, Goldman School of Dental Medicine, Boston",1,,,no
"Department of Periodontology and Oral Biology, Goldman School of Dental Medicine, Boston, MA and",1,,,no
"Department of Periodontology and Oral Biology, School of Dental Medicine, Boston, MA, USA",1,,,no
Department of Periodontology and Oral BiologyBoston University Goldman School of Dental MedicineBostonMassachusettsUSA,1,,,no
Department of Periodontology and Oral BiologyBoston University School of Dental MedicineBostonMassachusettsUSA,1,,,no
Department of Periodontology and Oral BiologyGoldman School of Dental MedicineBoston UniversityBostonMassachusettsUSA,1,,,no
"Department of Periodontology, Goldman School of Dental Medicine, Boston, MA",1,,,no
"Department of Periodontology, Henry M. Goldman School of Dental Medicine, 635 Albany street, Boston MA 02118, United States",1,,,no
"Department of Periodontology, The Goldman School of Graduate Dentistry, Boston, MA 02118, USA",1,,,no
"Department of Pharmacology and Experimental Therapeutics, Boston University School of Medicine, Boston, MA, USA; Department of Histology and Embriology, Qiqihaer Medical University, China",1,,,no
"Department of Philosophy, Boston University, Boston, UK",1,Universities UK,I185658715,no
"Department of Philosophy, Boston UniversityBoston, Massachusetts 02215, U.S.A",1,University of Massachusetts Boston,I33434090,no
Department of PhilosophyBoston,1,,,no
"Department of PhilosophyBoston University, USAindi_aira@yahoo.com",1,Yahoo (Spain),I2800095910,no
Department of PhilosophyBoston University745 Commonwealth AvenueBoston MA 02215 [email protected],1,,,no
"Department of Physical Medicine and RehabilitationBoston University Medical School, , Boston, Massachusetts",1,Boston Medical Center,I1286490081,no
"Department of Physical Therapy & Athletic Training, College of Health & Rehabilitation Sciences: Sargent College, Boston University, UK",1,,,no
"Department of Physics and Molecular Biophysics Laboratory, 590 Commonwealth Avenue, Boston, MA 02215, USA",1,,,no
"Department of Physics, Boston University, Boston, Germany",1,,,no
"Department of Physics, Boston UniversityBoston, Mass, U.S.A",1,University of Massachusetts Boston,I33434090,no
"Department of Physics, Center for Polymer Studies, 590 Commonwealth Avenue, Boston, MA, MA 02215, USA",1,,,no
"Department of Physics, Pusan National University, Pusan 609-735, South Korea2Permanent address. Address from Aug. 1, 1998 till July 31, 1999: Phys. Dept., Boston Univ. Boston, MA 02215, USA.2",1,Pusan National University,I4921948,no
Department of Physiology and BiophysicsBoston University School of MedicineBoston Massachusetts02118,1,,,no
Department of Physiology and BiophysicsBoston University School of MedicineBostonMassachusettsUSA,1,,,no
"Department of Physiology, Temerty Faculty of Medicine, University of Toronto, Toronto, Canada; Department of Pharmacology, Physiology, and Biophysics, Boston University Chobanian and Avedisian School of Medicine, Boston, USA",1,,,no
"Department of Political Science, Boston University, Boston, UK",1,Universities UK,I185658715,no
Department of Political ScienceBoston University,1,,,no
"Department of Preventive Medicine and Epidemiology , School of Medicine, , 72 East Concord Street, Floor L-5, Boston, MA 02218 , USA",1,,,no
Department of Psychiatry Boston Univ. School of Medicine Boston Va Hospital,1,,,no
"Department of Psychiatry, Yale University School of Medicine, New Haven, Connecticut (Dr Oldham), and Department of Psychiatry, Boston University School of Medicine, Boston, Massachusetts (Drs Oldham and Ciraulo)",1,,,no
Department of PsychiatryBoston University School of MedicineBostonMAUSA,1,,,no
"Department of Psychological & Brain Sciences, Boston, MA, 02215, USA",1,Hologic (Germany),I897549280,no
"Department of Psychological and Brain Sciences 64 Cummington St., Boston MA 02215",1,,,no
"Department of Psychological and Brain Sciences, 64 Cummington Mall Boston, MA 02215 USA",1,,,no
"Department of Psychological and Brain Sciences, University of Boston, Massachusetts, United States",1,University of Massachusetts Boston,I33434090,no
"Department of Psychological and Brain SciencesBoston University, Boston, MA",1,Hologic (Germany),I897549280,no
"Department of Psychology, Center for Anxiety and Related Disorders, 648 Beacon Street, 6th Floor, Boston, MA 02215, USA. shofmann@bu.edu",1,Center for Anxiety and Depression,I4210149423,no
"Department of Psychology, National University, USA; Boston University School of Medicine, USA; Boston University School of Theology, USA; Co-PI Cognitive Neuroscience of Religious Cognition (CNRC) Project, USA; Center for Mind and Culture, Boston, MA, USA. Electronic address: pmcnamar3@gmail.com",1,Center for Mind and Culture,I4405258228,no
"Department of Psychology, Smith College, Northampton, Massachusetts andBoston University, School of Social Work, Boston, Massachusetts, USA",1,Smith College,I202524275,no
Department of PsychologyBoston University School of MedicineBostonMassachusettsUSA,1,,,no
"Department of Pulmonary Medicine, Critical Care and Allergy, Boston University School of Medicine, Boston, MA, USA. Electronic address: James.Murphy@bmc.org",1,,,no
Department of Pulmonary MedicineBoston University School of MedicineBostonMassachusetts,1,Kingston University,I4210154901,no
"Department of Quantitative and Qualitative Health Sciences, University of Texas School of Public Health in San Antonio, San Antonio, Texas, USA; Section of Preventative Medicine, Department of Medicine, Boston University School of Medicine, Boston, Massachusetts, USA",1,,,no
"Department of Radiology at the University of Iowa ; Y. Zhang , ScD, Professor of Medicine and Public Health , Clinical Epidemiology Research and Training Unit , Boston University School of Medicine ; M.C. Nevitt , PhD, Adjunct Professor,",1,,,no
"Department of Radiology, Beth Israel Deaconess Medical Center, 330 Brookline Avenue, Boston, MA, 02215 (B.J.C., R.J.V.) University of South Alabama Health System, Mastin Building, Mobile, Alabama (M.S.) Department of Radiology, Boston University School of Medicine, Boston, Massachusetts (B.H.S.)",1,,,no
"Department of Radiology, Beth Israel Deaconess Medical Center, 330 Brookline Avenue, Boston, MA, 02215 (B.J.C., R.J.V.); University of South Alabama Health System, Mastin Building, Mobile, Alabama (M.S.); Department of Radiology, Boston University School of Medicine, Boston, Massachusetts (B.H.S.)",1,,,no
"Department of Radiology, Boston Medical Center, Boston University Chobanian and Avedisian School of Medicine, MA (M.A., P.K.)",1,Boston Medical Center,I1286490081,no
"Department of Radiology, University Hospital, 75 E. Newton St., 02118, Boston, MA, USA",1,,,no
Department of RadiologyUniversity HospitalBoston University School of MedicineBostonMassachusetts02118USA,1,,,no
"Department of Rehabilitation Medicine, University Hospital, Boston, Massachusetts, USA",1,,,no
Department of ReligionBoston University,1,,,no
"Department of Restorative Sciences and Biomaterials, Postdoctoral Prosthetics, Henry M. Goldman School of Dental Medicine, Boston, MA",1,,,no
"Department of Restorative Sciences and Biomaterials, Postdoctoral Prosthetics, Henry M. Goldman School of Dental Medicine, Boston, MA, USA",1,,,no
Department of Romance StudiesBoston University,1,Etudes romanes,I4387153380,no
"Department of Social and Behavioral Sciences, Harvard T.H. Chan School of Public Health, University of Boston, Boston, MA 02115, USA",1,Harvard University,I136199984,no
"Department of Social and Behavioral Sciences, School of Public Health, Boston, MA, USA",1,Massachusetts Department of Public Health,I1337960435,no
"Department of SociologyBoston UniversityBoston, MA [email protected]",1,,,no
"Department of Special Education, Ewha Womans University, 52 Ewhayeodae-gil, Seodaemun-gu, Seoul 03760, South Korea; Department of Psychological and Brain Sciences, Boston University, 64 Cummington Mall, Boston, MA 02215, USA. Electronic address: charles.nelson@childrens.harvard.edu",1,Ewha Womans University,I138925566,no
Department of Surgery Roger Williams Medical Center Boston University Medical School Providence RI USA,1,Roger Williams Medical Center,I1336196053,no
"Department of Surgery Roger Williams Medical University, Boston University 825 Chalkstone Avenue 02908 Providence Rhode Island USA",1,Roger Williams Medical Center | Providence College,I1336196053 I196272386,no
"Department of Surgery, Avedisian School of Medicine, Boston University Chobanian, Boston, MA crisanto.torres@bmc.org ",1,,,no
"Department of Surgery, Boston Univer-sity Medical Center, 750 Harrison Avenue, Boston, Massachusetts 02118",1,Boston Medical Center,I1286490081,no
"Department of Surgery, Boston Univerity Medical Center, MA, USA. joseph.raffetto@med.va.gov",1,Boston Medical Center,I1286490081,no
"Department of Surgery, Framingham Union Hospital, Framingham, Mass. 01701 and the Boston Univ. Medical School",1,Framingham Union Hospital,I4210161971,no
"Department of Surgery, Roger Williams Medical Center Boston University, 825 Chalkstone Avenue, Providence, RI, 02908, USA. steve.kwon@chartercare.org",1,Roger Williams Medical Center,I1336196053,no
"Department of Surgery, University of California Los Angeles, Los Angeles, California; Center for Exocrine Disorders, Department of Molecular and Cell Biology, Boston University, Henry M. Goldman School of Dental Medicine, Boston, Massachusetts. Electronic address: msahintoth@mednet.ucla.edu",1,"University of California, Los Angeles",I161318765,no
"Department of Translational Dental Medicine, Goldman School of Dental Medicine",1,University of Dental Medicine | Eastman Dental Hospital,I2800843827 I4210157535,no
"Department of Urology, Bowman Gray School of Medicine, Winston-Salem, North Carolina U.S.A. Department of Urology, Boston University School of Medicine, Boston, Massachusetts U.S.A. North Texas Male Infertility, Dallas, Texas U.S.A. Department of Urology, University of North Carolina School of Medicine, Chapel Hill, North Carolina U.S.A. Department of Urology, Brown University School of Medicine, Boston, Massachusetts U.S.A",1,,,no
Department of UrologyBoston University Medical Center,1,,,no
"Department of Veterans Affairs, Boston University School of Public Health, Boston, Massachusetts, USA. carol.vandeusenlukas@va.gov",1,Department of Veterans Affairs,I4210151543,no
"Department of neurology, Framingham heart study, Boston university school of medicine, 72 E Concord St, Boston, MA 02118, USA",1,Framingham Heart Study,I4210123017,yes
"Department of operations and technology managementboston universityboston, ma 02215 e-mail: [email protected]#TAB#",1,,,no
"Departments of *Pediatrics, Yale School of Medicine, New Haven, CT; †Developmental and Behavioral Pediatrics of the Carolinas, Concord, NC; ‡Pediatrics, Boston University School of Medicine, Boston, MA",1,,,no
"Departments of Anatomy & Neurobiology,Neurology and Framingham Heart Study,Boston University School of Medicine,Boston,Massachusetts,USA",1,Framingham Heart Study,I4210123017,yes
"Departments of Biochemistry (G.C.C., W.G., G.D.O., R.F.T., M.L., K.S., R.B.N.), Oral Biology, (W.S.L.), and Periodontology (R.B.N.), Boston University School of Medicine and Henry M. Goldman School of Graduate Dentistry, Boston University Medical Center Boston, Massachusettes 02118; Kantonsspital (W.B.) Aarau, Switzerland",1,,,no
Departments of Biochemistry and MedicineBoston University School of MedicineBostonMassachusettsUSA,1,,,no
"Departments of Biology and Biochemistry, Boston University, Toronto, ON, Canada. andrew.emili@utoronto.ca",1,,,no
"Departments of Biomedical Engineering and Chemistry, Metcalf Center for Science and Engineering, 590 Commonwealth Avenue, Boston, Massachusetts 02215, United States",1,,,no
Departments of Biomedical Engineering and ChemistryBoston University590 Commonwealth AvenueBostonMA02215,1,,,no
"Departments of Chemistry University, Boston, Massachusetts 02115 USA",1,,,no
"Departments of Environmental Health and Neurology, Boston Schools of Medicine and Public Health, Boston, MA, USA",1,Boston Public Schools,I4210136996,no
"Departments of Medicine (Biomedical Genetics), Neurology, Ophthalmology, Epidemiology, and Biostatistics, BU Schools of Medicine and Public Health, Boston, MA, USA",1,Boston Public Schools,I4210136996,no
"Departments of Medicine , Boston University S chool of Medicine . the Boston Veterans Administration Hospital : and the Peter Bent Brigham Hospital , Harvard M edical School , Boston , Massachusetts",1,,,no
"Departments of Medicine and Biochemistry, Molecular Genetics, Whitaker Cardiovascular InstituteBoston University School of MedicineBostonMAUSA",1,,,no
"Departments of Medicine and Pediatrics, Boston University School of Medicine, United Kingdom",1,Universities UK,I185658715,no
"Departments of Medicine and Pediatrics, Yale School of Medicine, New Haven, CT (BJO); Fair Haven Community Health Care, New Haven, CT (BJO); Clinical Addiction Research and Education (CARE) Unit, Section of General Internal, Medicine, Department of Medicine, Boston University School of Medicine and Boston Medical, Boston, MA (RS); Department of Community Health Sciences, Boston University School of Public Health, Boston, MA (RS)",1,,,no
Departments of Medicine and PhysiologyBoston University School of MedicineBostonMassachusetts02118USA,1,,,no
"Departments of Medicine, Sections of General Internal Medicine, Boston University School of Medicine, Canada",1,,,no
"Departments of Neurology and Pharmacology, Boston University School of Medicine, and the Neurology Services of the University and Boston Veterans Administration Hospitals, Boston, Massachusetts (Drs. Feldman and Hayes); the Department of Neurology, Cleveland Clinic Foundation (Dr Conomy); and the Department of Neurology, Case Western Reserve University School of Medicine (Dr. Foley), Cleveland, Ohio",1,,,no
"Departments of Neurology, Medicine, and Framingham Heart Study, Boston University Chobanian & Avedisian School of Medicine School of Medicine",1,Framingham Heart Study,I4210123017,yes
"Departments of Occupational Therapy and Psychological and Brain Sciences, https://ror.org/05qwgg493Boston University, Boston, MA, USA",1,Twitter (United States),I113979032,no
"Departments of Physiotherapy (de Goede, Kwakkel) and of Rehabilitation Medicine (Keus), University Hospital Vrije Universiteit; Research Institute for Fundamental and Clinical Human Movement Sciences (de Goede, Kwakkel), Amsterdam, The Netherlands; and Department of Physical Therapy (Wagenaar), Sargent College of Health and Rehabilitation Sciences, Boston University, Boston, MA",1,,,no
"Departments of Speech, Language, and Hearing Science and Biomedical Engineering, 635 Commonwealth Avenue, Boston, MA 02215, United States",1,,,no
"Departments of Urology, Boston University Medical Center, Boston, United Kingdom",1,Boston Medical Center,I1286490081,no
"Departments of of Surgery, Boston University Medical Center and Easton Hospital. Easton, Pa",1,Easton Hospital,I4210138444,no
"Dept Pediat. Boston Univ Sch Med.& Boston City Hospital Div Gastroenterol Dept Med Mass Gen Hosp Harvard Med Sch., & Instit Gustav-Roussev, Villjuif, France",1,,,no
"Dept Vet Affairs Med Ctr, Psychol Serv 116B, 150 S Huntington Ave, Boston, MA 02130, USA; Mcmaster Univ, Hamilton L8S 4L8, Ontario, Canada and Boston Univ, Sch Med, Memory Disorders Res Ctr, Boston, MA 02118, USA",1,,,no
"Dept of Biostatistics, Boston Univ Sch of Public Health, Bonston, MA",1,,,no
"Dept of Mathematics, Boston Univ/Framingham Heart Study, Framingham, MA",1,Framingham Heart Study,I4210123017,yes
"Dept of Neurology, Boston Univ Sch of Medicine; Dept of Neurology and INSERM U740, Paris 7 Univ, Paris, France",1,Inserm | Université Paris Cité,I154526488 I204730241,no
"Dept of Speech, Lang. & Hearing Sci., Bosto Univ., 635 Commonwealth Ave., Boston, MA 02215, emroverud@gmail.com",1,,,no
Dept. Anat. &amp; Neurobiol.Boston Univ. Sch. Med.BostonMA,1,,,no
"Dept. Biochem., Boston Univ./VA Medical Center, Boston MA U.S.A",1,Boston Medical Center,I1286490081,no
Dept. BiologyBoston University5 Cummington StBostonMA02215,1,,,no
"Dept. of Aerosp. and Mech. Eng., 110 Cummington St., Boston, MA 02048",1,,,no
"Dept. of Biochemistry, Boston Univ. Medical Center, Japan",1,Yokohama City University Medical Center | Yokohama City University,I2802180866 I89630735,no
"Dept. of Biology, Boston Uni-versity",1,,,no
"Dept. of Biomedical Engineering, 44 Cummington St., Boston, MA 02215",1,,,no
"Dept. of Cognit. and Neural Systems, Boston Univ.; Percept. and Cognition Lab, Tech. Univ. of Košice, Slovakia",1,Technical University of Košice,I183764125,no
"Dept. of Electrical Engineering & Computer Engineering, B.U., Boston, MA 02215 USA",1,,,no
"Dept. of Electrical and Computer Engineering 8 Saint Mary's Street, Boston, Massachusetts, USA",1,,,no
"Dept. of Electrical and Computer Engineering 8 Saint Mary’s Street, Boston, Massachusetts, USA",1,,,no
"Dept. of Geography and Center for Remote Sensing, Boston Univ., 725 Commonwealth Ave., Boston, MA, 02215, USA",1,Center For Remote Sensing (United States),I4210117728,no
"Dept. of Geography and Center for Remote Sensing, Boston Univ., 725 Commonwealth Ave., Boston, MA, 02215, USA ; College of Resource and Environment, Beijing Normal Univ., China",1,Beijing Normal University,I25254941,no
"Dept. of Geography and Center for Remote Sensing, Boston Univ., 725 Commonwealth Ave., Boston, MA, 02215, USA Phone: (617) 353–8033 Fax: (617) 353–8033 E-mail: fgao@crsa.bu.edu ; Nanjing Institute of Geography and Limnology, Chinese Academy of Science, China",1,Nanjing Institute of Geography and Limnology,I4210134482,no
"Dept. of Mechanical Engineering, 8 Saint Mary's Street, Boston, MA 02215",1,University of Saint Mary,I290929228,no
"Dept. of Mechanical Engineering, 8 Saint Mary’s Street, Boston, MA 02215",1,University of Saint Mary,I290929228,no
"Dept. of Microbiology, Boston Uni-versity Medical Center, 80 E. Concord St., Boston, MA 02118-2394",1,Boston Medical Center,I1286490081,no
"Dept. of Peds, Rush Univ., Chicago, IL, Boston Univ., Boston, MA, Univ. of Hawaii, Honolulu, HI, USC, Los Angeles, CA, Med, Coll. of Ohio, Toledo, OH, Case Western Reserve Univ., Cleveland, OH, Yale Univ., New Haven",1,Case Western Reserve University,I58956616,no
"Dept. of Peds., Rush Univ., Chicago, IL, Univ. of Hawaii, Honolulu, HI, Boston Univ., Boston, MA, USC, Los Angeles, CA, Med. Coll. of Ohio, Toledo, OH, Case Western Reserve, Cleveland, OH, Yale Univ, New Haven, CT.,",1,University of Hawaii System,I1331384533,no
Dept. of ReligionBoston University145 Bay State Rd.USA,1,Bay State College,I78063147,no
"Depts of Peds., Rush Univ., Chicago, IL, Boston Univ., Boston, MA, Med. College of Ohio, Toledo, OH, Univ. Of Hawaii, Honolulu, HI, USC, Los Angeles, CA, Case Western Reserve, Cleveland, OH, NICHD, Bethesda",1,University of Hawaii System,I1331384533,no
"Depts. of Medicine And Pathology, Boston Univ. Medical Center, and Mallory Institute of Pathology, Boston City HospitalBoston 02118",1,Boston Medical Center,I1286490081,no
"Derek A. Kelly, a native of Jamaica (W.I.), grew up in Haiti and has spent all of his adult life in this country. He received his Ph.D. from Boston University in 1969 and is now Assistant Professor of Philosophy at Hofstra University, Long Island, where he teaches courses in Social and Political Philosophy, Marxism, Existentialism, Epistemology, and Phenomenology. He has published several articles in professional journals",1,,,no
"Derek A. Kelly, a native of Jamaica (W.I.), grew up in Haiti and has spent all of his adult life in this country. He received his Ph.D. from Boston University in 1969 and is now Assistant Professor of Philosophy at Hofstra University, Long Island, where he teaches courses in Social and Political Philosophy, Marxism, Existentialism, Epistemology, and Phenomenology. He has published several articles in professional journals ",1,,,no
"Diabetes and Metabolism Unit, Boston Univ. Medical Center, Boston, MA 02118, USA",1,Boston Medical Center,I1286490081,no
"Diamond and Rajan are with Chicago Booth and NBER. Hu is with the University of North Carolina. Diamond and Rajan thank the Center for Research in Security Prices at Chicago Booth and the National Science Foundation for research support. Rajan also thanks the Stigler Center. We are grateful for helpful comments from three referees; the Editor; Florian Heider; Alan Morrison; Martin Oehmke; Adriano A. Rampini; workshop participants at the OXFIT 2014 conference, Chicago Booth, and the Federal Reserve Bank of Chicago, the Federal Reserve Bank of Richmond, the NBER 2015 Corporate Finance Summer Institute, Sciences Po, American Finance Association meetings in 2016, and Princeton, MIT Sloan, the European Central Bank, Boston University, Harvard University, Stanford University, Washington University in St. Louis, and the University of Maryland. The authors have read the Journal of Finance ’s disclosure policy and have no conflicts of interest to disclose",1,U.S. National Science Foundation,I1311060795,no
"Director of Clinical Education and Development, Insight Global Health, Boston, Massachusetts, United States",1,,,no
"Director of Neurourology, University Hospital, Boston, Massachusetts",1,,,no
"Director of program evaluation for the Center for Industry and Health Care, Boston, Massachusetts. She also serves as associate editor for the Industry and Health Care series. Ms. Walsh received her masters in public communications from Boston University and is currently working on her Ph.D",1,,,no
Director of the Partnered Evidence-Based Policy Resource Center at the VA Boston Healthcare System and a professor at Boston University School of Public Health,1,,,no
"Director, Division of Communicable Diseases, Massachusetts Department of Public Health; assistant clinical professor of dermatology, Boston University School of Medicine; lecturer in dermatology and syphilology, Tufts University School of Medicine; instructor in epidemiology, Harvard University School of Public Health; assistant clinical dermatologist, Massachusetts General Hospital; assistant visiting physician, Massachusetts Memorial Hospitals; assistant physician for dermatology, Boston City Hospital; physician, Department of Dermatology and Syphilology, Boston Dispensary",1,,,no
"Director, Maxwell Finland Laboratory for Infectious Diseases, Boston City Hospital Professor of Medicine & Microbiology, Director of Infectious Diseases, Boston University School of Medicine, Boston, Massachusetts",1,,,no
"Director, Womens Health Unit, Associate Director, Belkin Breast Health Center, Boston Medical Center and Boston University School of Medicine and Public Health, Boston, Massachusetts; and Chair, National Navigation Roundtable",1,,,no
"Disclaimer: The views expressed in this article are those of the authors and do not necessarily reflect the views of the US Department of Health and Human Services, Medicare & Medicaid Services, or the National Committee for Quality Assurance, the Department of Veterans Affairs, or Boston University",1,Centers for Medicare and Medicaid Services,I50959184,no
Disclosures: The authors have no relevant conflicts of interests to disclose. They are grateful for the thoughtful comments of Professor Matt Cartmill of Boston University,1,,,no
"Div of General Medicine, Boston Univ and The Framingham Heart Study, Framingham, MA",1,Framingham Heart Study,I4210123017,yes
"Division of Adult Infectious Diseases, University Hospital, Boston, Massachusetts 02118",1,,,no
"Division of Allergy, Pulmonary, Critical Care, and Sleep Medicine, Department of Medicine, Boston University School of Medicine, Boston, MA, USA; Center for Thoracic Cancers, Division of Thoracic Surgery, Department of Surgery, Massachusetts General Hospital, Boston, MA, USA. Electronic address: ericdabston@gmail.com",1,,,no
"Division of Cardiology, Department of Medicine, Boston University School of Medicine, Baltimore, MD, USA",1,"University of Maryland, Baltimore",I126744593,no
"Division of Cardiology, University of Boston Medical Center, Boston, Massachusetts",1,Boston Medical Center,I1286490081,no
"Division of Computational Biomedicine, Boston Univ. Sch. of Med",1,,,no
"Division of Computational Biomedicine, School of Medicine , 72 E. Concord Street, Boston, MA 02118, USA and Department of Biostatistics, School of Public Health, 801 Massachusetts Ave. Boston, MA 02118, USA",1,,,no
"Division of Developmental and Behavioral Pediatrics, Boston Medical Center, BU Chobanian & Avedisian School of Medicine, Boston, MA;",1,Boston Medical Center,I1286490081,no
"Division of Endocrine Surgery, Department of Surgery, University of California, San Francisco, CA; Section of Surgical Oncology, Department of Surgery, Boston University School of Medicine, MA. Electronic address: ftdrake@bu.edu",1,"University of California, San Francisco",I180670191,no
"Division of Epidemiologyand Biostatistics, University of Illinois Chicago School of Public Health, Chicago, IL (formerly Department of Emergency Medicine, Boston University School of Medicine)",1,University of Illinois Chicago | Chicago Department of Public Health,I39422238 I169222155,no
"Division of Facial Plastic and Reconstructive Surgery, Department of Otolaryngology–Head and Neck Surgery, Boston University School of Medicine, Boston (Drs Levi and Spiegel and Ms Veerappan), and Cynosure, Inc, Westford (Drs Chen, Mirkov, and Sierra), Massachusetts",1,,,no
"Division of Gastroenterology, Boston Medical Center, Boston University School of Medicine, Boston, Massachusetts; National Heart, Lung, and Blood Institute's Framingham Heart Study, Framingham, Massachusetts. Electronic address: michelle.long@bmc.org",1,Framingham Heart Study,I4210123017,yes
"Division of General Pediatrics, Boston Medical Center, Bsoton University Schools of Medicine and Public Health, Boston 02118, USA",1,Boston Medical Center | Boston Public Schools,I1286490081 I4210136996,no
"Division of General Pediatrics, Boston University School of Medicine, 850 Harrison Ave, Room 310A, Boston, MA, 02118, USA. Sarabeth.Broder-Fingert@bmc.org",1,,,no
"Division of Global Public Health, Department of Medicine, University of California, San Diego School of Medicine, San Diego, CA 92093, USA; Center on Gender Equity and Health, University of California, San Diego, CA 92093, USA; Clinical Addiction Research and Education, Section of General Internal Medicine, Department of Medicine, Boston University School of Medicine/Boston Medical Center, Boston, MA 02118, USA. Electronic address: anitaraj@ucsd.edu",1,University of California San Diego,I36258959,no
"Division of Global Public Health, Department of Medicine, University of California, San Diego School of Medicine, San Diego, CA, USA; Center on Gender Equity and Health, University of California, San Diego, CA, USA; Department of Medicine, Section of General Internal Medicine, Clinical Addiction Research and Education, Boston University School of Medicine/Boston Medical Center, Boston, MA, USA. Electronic address: anitaraj@ucsd.edu",1,University of California San Diego,I36258959,no
"Division of Graduate Medical Sciences and Department of Microbiology, Boston#R##N#University, Boston, MA 02118 USA",1,,,no
"Division of Infectious Diseases, Boston University School of Medicine, United Kingdom",1,,,no
"Division of Intramural Research, National Heart Lung and Blood Institute (NHLBI) and NHLBI Framingham Heart Study, Framingham Massachusetts; Department of Biostatistics, Boston University School of Public Health, Boston, Massachusetts",1,Framingham Heart Study,I4210123017,yes
"Division of Maternal Fetal Medicine, Department of Obstetrics and Gynecology, University of Utah Health, Salt Lake City, UT (MCS), Program for Addiction Research, Clinical Care, Knowledge and Advocacy (PARCKA), Division of Epidemiology, Department of Internal Medicine, University of Utah School of Medicine, Salt Lake City, UT (MCS), Department of Community Health Sciences, Boston University School of Public Health, Boston, MA (RS), Section of General Internal Medicine, Department of Medicine, Boston University School of Medicine, and the Grayken Center for Addiction, Boston Medical Center, Boston, MA (RS)",1,,,no
"Division of Orthopaedic Surgery, Boston Medical Center, Boston, MA (Dr. Smith and Ms. Pevear); Louisiana State University School of Medicine, New Orleans, LA (Mr. Miller); Tufts University School of Medicine, Boston, MA (Dr. LeRoy and Dr. Tybor); Boston University School of Medicine, Boston, MA (Dr. Ingall); and Vanderbilt University College of Arts and Sciences, Nashville, TN (Mr. Martin)",1,,,no
Division of System EngineeringBoston University Boston MA 02246 USA,1,University of Massachusetts System,I2802841742,no
"Division of Trauma and Acute Care Surgery & Surgical Critical Care, Boston University Chobanian & Avedisian School of Medicine, Boston, Massachusetts. Electronic address: Tejal.Brahmbhatt@BMC.org",1,,,no
"Division of Vascular and Endovascular Surgery, Boston University Chobanian & Avedisian School of Medicine, Boston, MA. Electronic address: Jeffrey.Siracuse@bmc.org",1,,,no
"Division of Vascular and Endovascular Surgery, Boston University Chobanian and Avedisian School of Medicine, Boston, MA. Electronic address: jeffrey.siracuse@bmc.org",1,,,no
"Divisions of General Medicine and Infectious Diseases and the Partners AIDS Research Center, Massachusetts General Hospital and Harvard Medical School, Boston, Massachusetts, USA; Departments of Biostatistics and EpidemiologyBoston University School of Public Health, Boston, Massachusetts, USA",1,Massachusetts General Hospital,I4210087915,no
"Divisions of Plastic Surgery at the University of Washington School of Medicine and Boston University School of Medicine. Received for publication February 21, 1984; revised November 19, 1984",1,,,no
"Docteur en histoire allemande de l’université de Boston, Guillaume de Syon est professeur d’histoire contemporaine à Albright College et chercheur associé à Franklin & Marshall College en Pennsylvanie, États-Unis. Ancien membre du groupe de recherche sur la correspondance d’Albert Einstein durant la Grande Guerre, ses publications sont axées sur l’aéronautique et l’espace, ainsi que sur la culture visuelle populaire (bandes dessinées, cartes postales anciennes). Auteur d’une étude socioculturelle des zeppelins entre 1900 et 1939, il travaille actuellement sur une histoire politique du Concorde",1,,,no
"Doctor en Ciencia Política , Universidad de Boston. Investigador del Instituto de Investigaciones Sociales de la Universidad Nacional Autónoma de México",1,Universidad Nacional Autónoma de México | Instituto de Investigaciones Sociales,I8961855 I4405257756,no
"Doctor en Educación, Harvard University; Master en Educación, Harvard University; Master en Sistemas Cognitivos y Neuronales, Boston University; Físico, Universidad de los Andes; Ingeniero Industrial, Universidad de los Andes. Profesor e investigador Centro de Investigación y Formación en Educación, CIFE y Departamento de Psicología, Facultad de Ciencias Sociales, Universidad de los",1,,,no
"Doctora en lengua y literaturas hispánicas de la Universidad de Boston y magíster en literatura chilena e hispano-americana de la Universidad de Chile. Actualmente se desempeña como académica del Instituto de la Comunicación e Imagen (ICEI) de la Universidad de Chile. Ha publicado artículos en revistas chilenas y extranjeras sobre cine latinoamericano, televisión y teatro. Es autora del libro Películas que escuchan: reconstrucción de la identidad en once filmes chilenos y argentinos y co-autora de (Des)montando fábulas. El documental político de Pedro Chaskel. Actualmente se encuentra trabajando en un proyecto Fondecyt acerca de la representación de la infancia en el cine y la literatura chilenos contemporáneos",1,,,no
"Doctoral Research Fellow, PluriCourts Centre at the University of Oslo Faculty of Law; J.D. (American University Washington College of Law); B.A. (Boston University) [",1,American University,I181401687,no
"Dominique Croteau BOSTON UNIV MEDICAL CTR, Boston, MA",1,,,no
"Don Ihde is associate professor of philosophy at the State University of New York at Stony Brook. Having received his Ph.D. from Boston University in  1964, he has published extensively on the philosophy of Paul Ricoeur and on the phenomenology of auditory experience. A book , Hermeneutic Phenomenology, is to be published by Northwestern University Press in the spring. It will deal mainly with themes suggested in this article ",1,,,no
"Don Ihde is associate professor of philosophy at the State University of New York at Stony Brook. Having received his Ph.D. from Boston University in 1964, he has published extensively on the philosophy of Paul Ricoeur and on the phenomenology of auditory experience. A book , Hermeneutic Phenomenology, is to be published by Northwestern University Press in the spring. It will deal mainly with themes suggested in this article ",1,,,no
"Dongxiao Shen From the Framingham Heart Study of the National Heart, Lung and Blood Institute and Boston University School of Medicine, Framingham, MA (S.C., M.G.L., E.L.M., C.S.F., C.J.O., R.S.V., T.J.W.)",1,"Framingham Heart Study | National Heart, Lung, and Blood Institute",I4210123017 I4210106489,yes
"Douglas R. Moore became president of the University of Redlands an August 1978, after serving as president of Mankato State University in Minnesota. Born in Texas, he earned his baccalaureate degree at Texas Wesleyan College, and the S.T.B. and Ph.D. degrees from Boston University",1,Texas Wesleyan University,I142374663,no
"Douglas T. Hall is Professor of Organizational Behavior at Boston University's School of Management. He received his B.S. degree from the School of Engineering at Yale University and his M.S. and Ph.D. degrees from the Sloan School of Management at M.I. I: He him held faculty positions at Yale, York, Michigan State, and Northwestern Universities. At Northwestern he held the Earl Dean Howard Chair in Organizational Behavior and served as department chairman. He is the author of Careers in Organizations and co-author of Organizational Climates and Careers, Experiences in Management and Organizational Behavior, Human Resource Management: Strategy, Design, and Implementation, and Handbook of Career Theory. He is a recipient of the American Psychological Association's James McKeen Cattell Award for research design. He is a Fellow of the American Psychological Association and of the Academy of Management, where he served on the Board o f Governors. He has served on the editorial boards of five scholarly journals. His research and consulting activities have dealt with career development, women's careers, career burnout, and executive succession. He has served as a consultant to organizations such as Sears, A T&T, American Hospital Supply, General Electric, Borg- Warner, Price Waterhouse, Ford Motor Company, Eli Lilly, and the World Bank",1,Northwestern University,I111979921,no
"Doutora em Antropologia pela Boston University; Professora Titular de Antropologia dos Programas de Pós-Graduação em Estudos Interdisciplinares sobre Mulheres, Gênero e Feminismos (PPGNEIM) e em Antropologia (PPGA) da Universidade Federal da Bahia. N.A.: Este texto se baseia em capítulo de minha tese doutoral, defendida na Boston University em dezembro, 1996 (SARDENBERG, 1997)",1,,,no
Doutora em Educação (Boston University) e Professora Associada do Instituto Nutes de Educação em Ciências e Saúde/UFRJ,1,,,no
"Dr Cordova-Ramos is supported by the National Center for Advancing Translational Sciences, National Institutes of Health, through BU-CTSI Grant Number 1KL2TR001411 and the Evans Center for Implementation and Improvement Sciences, School of Medicine, Boston University",1,National Center for Advancing Translational Sciences | Clinical and Translational Science Institute,I4210148682 I4405260963,yes
"Dr Hayward is Assistant Professor, Department of Physical Therapy, School of Health Professions, Bouve College of Health Sciences, Northeastern University, 6 Robinson Hall, Boston, MA 02115. This work was completed in partial fulfillment of the requirements for Dr Hayward's Doctor of Education degree at the Boston University School of Education",1,Northeastern University,I12912129,no
"Dr. Ben-Meir is adjunct professor at the New School for Social Research in New York and a regular contributor to The Christian Science Monitor. A version of this paper will appear in Strategic Review, a publication of Boston University",1,,,no
"Dr. Bross, a graduate of the City College of New York and the Boston University School of Medicine, was senior resident in psychiatry at the Fairfield State Hospital, Newtown, Conn., when he prepared the material for this article. He is now on the staff of Mount Sinai Hospital in New York City",1,Mount Sinai Hospital,I1324220072,no
"Dr. Byrne is with the School of Social Work, Boston University, Boston (e-mail: ). Dr. Culhane is with the School of Social Policy and Practice, University of Pennsylvania, Philadelphia",1,,,no
"Dr. Calabrese is an Assistant Professor of Restorative Sciences at Boston University Goldman School of Dental Medicine and the Director of Dental Medicine at Hebrew Rehabilitation Center for Aged, Boston, MA",1,,,no
"Dr. Cheng Kuo is currently a professor in the Department of Advertising at National Chengchi University in Taiwan. She has been receiving grants to support her research in the area of Internet advertising and on-line marketing. Her other research interests include consumer socialization, consumer culture, and organizational behaviors of advertising practitioners. She received her Master's degree in Mass Communication at Boston University and her Ph.D. degree in Communication Studies from The University of Michigan in Ann Arbor. She has taught in universities both in the U.S. and in Taiwan since 1986",1,National Chengchi University,I87354575,no
"Dr. Discepolo is an affiliated staff, Department of Dentistry, Boston Children's Hospital, an instructor at Harvard School of Dental Medicine, and an associate professor, program director, and ad-interim chair, Boston University School of Dental Medicine, Boston, Mass., USA;, Email: kdiscep@bu.edu",1,,,no
"Dr. Garcia, Boston University Goldman School of Dental Medicine, 715 Albany Street, 560, 3rd Floor, Boston, MA 02118. E-mail: [email protected] . Drs. Copeland and Streckfus are with the University of Mississippi Medical Center, School of Dentistry. Drs. Krall and Garcia are with the Massachusetts Veterans Epidemiology Research and Information Center, VA Boston Healthcare System, and the Boston University Goldman School of Dental Medicine. Dr. Brown is with the Health Policy Resources Center, American Dental Association. The VA Dental Longitudinal Study, a component of the Massachusetts Veterans Epidemiology Research and Information Center, is supported by the VA CSP/ERIC program and by VA Medical Research Service, US Department of Veterans Affairs. Dr. Garcia was the recipient of a Career Development Award from the VA HSR&D Service and is supported by NIDCR grant K24 DE00419",1,,,no
"Dr. Goldstein is a special lecturer in Esthetic Dentistry at Emory University, School of Dentistry in Atlanta, Boston University, 1218 W Paces Ferry Rd, Suite 200, Atlanta, 30327",1,Emory University,I150468666,no
"Dr. Karen Panetta is an Associate Professor in Electrical Engineering and Computer Science at Tufts University. She received the B.S. in Computer Engineering from Boston University, and the M.S. and Ph.D. degrees in Electrical Engineering from Northeastern University in Boston, Massachusetts. Before joining the faculty at Tufts, Dr. Panetta was employed as a Principal Engineer at Digital Equipment Corporation, where she contributed to many processor designs. She is a NASA Langley research fellow and together with her students, has won over 5 awards from NASA including “Outstanding Contributions to NASA Research” and “Excellence in NASA Research.” Dr. Panetta received the NSF CAREER award for her simulation research and works with industry to develop better simulation and design methodologies. She is also a design consultant for M/A-Com Inc., member of the ASEE, ACM, a senior member of the IEEE and the IEEE student chapter advisor at Tufts University",1,Tufts University,I121934306,no
"Dr. Klein, who earned a doctorate at Boston University, was research associate at the center at the time this article was written. He is now at the John Tracy Clinic, Los Angeles, Calif",1,,,no
"Dr. M. Michael Cohen Jr. studied at the University of Michigan, Tufts University, University of Minnesota, and Boston University. He holds five university degrees from four universities (two from Minnesota). He has been Professor at the University of Washington in Seattle and at Dalhousie University in Halifax, Nova Scotia, Canada. He is now Professor Emeritus of Pediatrics in the Faculty of Medicine of Dalhousie University. He is also Scientific Reviews Editor and Associate Editor of the American Journal of Medical Genetics. His long-standing interests include clinical genetics, pathology, and health care in developing countries. His research focuses on bone disorders, overgrowth syndromes, and central nervous system malformations. He is the author of more than 400 original articles, chapters, letters, and editorial comments, as well as 16 books and 6 monographs, for which he is an author, coauthor, or editor",1,Dalhousie University,I129902397,no
"Dr. Raj is an associate professor in the Department of Social and Behavioral Sciences at the Boston University School of Public Health, Boston. Ms. Gomez is a women's rights and political lobby project manager at Medica Mondiale, Cologne, Germany. Dr. Silverman is an associate professor in the Department of Society, Human Development, and Health at the Harvard School of Public Health, Boston",1,,,no
"Dr. Robert Finley Delaney: , Forrest Sherman Professor of Public Diplomacy at the U.S. Naval War College, was educated at Dartmouth, Holy Cross, Boston University, Harvard, U.S. Naval Postgraduate School, and The Catholic University of America. From 1950 to 1968 he served in the U.S. Foreign Service at Posts in Europe, Asia, and Latin America, and in 1968 became Director of the Edward R. Murrow Center of the Fletcher School of Law, Tufts University. A Captain in the U.S. Naval Reserve, he was on active duty from 1970 until 1973, during which time he served as a member of the Chief of Naval Operations Executive Panel and as Deputy Assistant Director of the Joint United States Public Affairs Office in Vietnam. An author of two books and the co-author of four others, he is a frequent contributor to journals and magazines and a regular reviewer of books in the international field for the national media. His memberships in professional organizations include the International Studies Association, the Inter University Military Seminar, the American Foreign Service Association, the Overseas Press Club, the Latin American Studies Association, and the U.S. Naval Institute",1,,,no
"Dr. Silverstein, Dr. Broder-Fingert, Dr. Kistin, and Dr. Feinberg are with the Department of Pediatrics, Boston Medical Center, and the Department of Pediatrics, Boston University School of Medicine, Boston. Dr. Feinberg is also with the Boston University School of Public Health, Boston, where Dr. Cabral and Mr. Patts are affiliated, Dr. Feinberg with the Department of Community Health Sciences, Dr. Cabral with the Department of Biostatistics, and Mr. Patts with the Biostatistics and Epidemiology Data",1,,,no
"Dr. Sunopoulos is President of The Center for Genetics, Nutrition and Health. She chaired the First (1988) and Second (1992) International Conference on Nutrition and Fitness and edited the proceedings. Dr. Sunopoulos has contributed extensively in the areas of nutrition and fitness, genetic variation and nutrition and ω-3 fatty acids. She received the Boston University School of Medicine Distinguished Alumna Award in 1991 in recognition of her contributions. She is currently editor of the Karger series “World Review of Nutrition and Dietetics.”",1,,,no
"Dr. Weinstein is chief, Department of Infectious Disease, Massachusetts Memorial Hospitals, and associate professor of medicine, Boston University, School of Medicine, Boston, Mass",1,,,no
"Dr. YE Wen, Department of Ophthalmology, Huashan Hospital of Fudan University, Shanghai 200040, China (Tel: 86-21-52888139. Email: [email protected]) This work was supported by American Health Assistance Foundation Grant #G2007-013, NIH-EY018712 and the Massachusetts Lions Eye Research Fund to Boston University",1,Huashan Hospital,I4210159575,no
"Dr., (San Francisco, États-Unis)Emily Merriman is Assistant Professor in English at San Francisco State University, where she specializes in 20th-century and contemporary British, American and Caribbean poetry. She earned a Ph.D. in Religion and Literature from Boston University and also has degrees from Oxford and London Universities. She has published essays on Gerard M. Hopkins, Adrienne Rich, Geoffrey Hill, and William Blake",1,California State University System,I127339247,no
"Drug Epidemiology Unit, Boston University Medical Center, United Kingdom",1,,,no
E milio C astro is general secretary of the World Council of Churches. This article is based upon two lectures presented at Boston University in October 1985,1,,,no
"E-mail: [email protected]; From Quest Diagnostics Incorporated (M.M.), Cambridge, MA; the Dermatopathology Section (J.B.), Department of Dermatology (E.K.), Boston University School of Medicine, Boston, MA",1,,,no
"E. Beauchamp-Nobbs graduated from the University of Michigan in 1940 with a B.S. degree in Naval Architecture and Marine Engineering and did graduate work at Boston University and George Washington University. He spent seven years as a commissioned officer in the U. S. Navy with duties in ship repair, ship salvage, diving and underwater demolition. Prior to joining the Marine Engineering Laboratory, he spent eight years with Westinghouse (Bettis and Plant Apparatus Department) as a staff engineer and a supervisory engineer in reactor equipment design and construction. In October 1964 he accepted his present position as Head, Piping Systems Branch",1,,,no
"E5 arthritis center, faculté de médecine de l’université de Boston, Boston, États-Unis",1,,,no
"ECE Department, University of Boston, Boston, MA, 02215, USA",1,,,no
"EMBA from the College of Commerce , National Chengchi University ; an EdM from Boston University , US;",1,National Chengchi University,I87354575,no
Economista Universidad de Chile. M.A.D.E. Boston University junio 2008 ,1,,,no
"Economista y doctor en Ciencia de la Universidad de boston , profesor de la",1,,,no
"Ecosystems CenterBoston University Marine Program, Marine Biological Laboratory, Woods Hole, Massachusetts 02543",1,Marine Biological Laboratory,I1338920048,no
"Education Leadership and Policy Studies Cluster, School of Education, Boston UniversityBoston, MA, USA",1,,,no
Education in the School of Education of Boston University's Charles River campus,1,Charles River Associates | Charles River Laboratories (Netherlands),I869633025 I137381566,no
"Edward I. Rudman is co-founder, Chairman of the Board, and Chief Executive Officer of Pell, Rudman &amp; Co. Previously, Mr. Rudman was Senior Vice President of The Boston Company and President and Chief Executive Officer of The Boston Company Financial Strategies, Inc. He is a General Partner of The Commitment Fund Partnership, The Opportunity Fund Limited Partnership, and P.R. Venture Partners, among others. Mr. Rudman holds a B.A. from Boston University, a J.D. from Boston College Law School, and a",1,,,no
"Edwin S. Cohen Distinguished Professor of Law and Taxation, University of Virginia School of Law. For helpful comments, I thank Hugh Ault, Reuven Avi-Yonah, Allison Christians, Andrew Hayashi, Georg Kofler, Leandra Lederman, Shu-Yi Oei, Leopoldo Parada, Diane Ring, Wolfgang Schön, Ted Sims, Paul Stephan, Oliver Treidler, David Walker, five anonymous reviewers, and conference participants at Boston University School of Law, the EUI/OECD High-Level Policy Dialogue: Taxation Governance in Global Markets (Paris), the Indiana/Leeds Tax Workshop, the International Tax Policy Forum (Washington), the Oxford International Tax Justice and Governance Workshop, and the University of Turin. I am particularly grateful to Tsilly Dagan and Steve Shay for reading multiple drafts. As always, the UVA Law research librarians provided excellent support",1,,,no
"El Profesor César Ferrari es Ph.D. en Economía y Master en Desarrollo Económico por Boston University, Master en Planificación Regional y Urbana por New York University e Ingeniero Civil por la Pontificia Universidad Católica del Perú y Profesor titular la de Pontificia Universidad Javeriana en el Departamento de Economía en Bogotá, Colombia. Dicta las asignaturas de Política Económica y Regulación Económica",1,Pontificia Universidad Católica del Perú,I65285256,no
"Electrical and computer engineering, BU’s Center for Information and Systems Engineering",1,,,no
"Eli Lilly and Co., Boston MA, USA",1,Eli Lilly (United States),I168537998,no
"Elizabeth L. McCabe From the Framingham Heart Study of the National Heart, Lung and Blood Institute and Boston University School of Medicine, Framingham, MA (S.C., M.G.L., E.L.M., C.S.F., C.J.O., R.S.V., T.J.W.)",1,"Framingham Heart Study | National Heart, Lung, and Blood Institute",I4210123017 I4210106489,yes
"Ellicott C. Matthay is with the Center for Health and Community, School of Medicine, University of California, San Francisco. Kate A. Duchowny and Alicia R. Riley are with the Department of Epidemiology and Biostatistics, School of Medicine, University of California, San Francisco. Sandro Galea is with the Boston University School of Public Health, Boston, MA",1,"University of California, San Francisco",I180670191,no
"Elliott Elias is currently a senior resident in internal medicine at the Mount Sinai Hospital (NY, USA). He attended his undergraduate studies at Florida State University (USA) and then obtained his medical and master's degree in public health at Boston University School of Medicine (MA, USA). His primary interest is cardiology and will be pursuing a fellowship in the field. He is currently a member of the American College of Cardiology and his research focuses on interventional cardiology as well as cardiac imaging",1,,,no
"Emelia J. Benjamin Department of Epidemiology (E.J.B.), Boston University School of Public Health, MA Boston University and National Heart, Lung and Blood Institute's Framingham Heart Study, Framingham, MA (K.L.L., J.D., L.T., E.J.B., H.L.) Department of Medicine, Sections of Preventive Medicine and Cardiovascular Medicine (E.J.B.), Boston University School of Medicine, MA",1,Framingham Heart Study,I4210123017,yes
"Emelia J. Benjamin From Boston University's and the National Heart, Lung, and Blood Institute's Framingham Heart Study (M.G.L., B.T.L., R.S.V., D.L., E.J.B.), Framingham, MA",1,"Framingham Heart Study | National Heart, Lung, and Blood Institute",I4210123017 I4210106489,yes
"Emelia J. Benjamin From National Heart Lung and Blood Institute's and Boston University's Framingham Heart Study, Framingham, MA (R.S.V., E.J.B.)",1,"Framingham Heart Study | National Heart, Lung, and Blood Institute",I4210123017 I4210106489,yes
"Emelia J. Benjamin From the Boston University's and the National Heart, Lung, and Blood Institute's Framingham Heart Study (M.G.L., R.S.V., E.J.B.), MA",1,"Framingham Heart Study | National Heart, Lung, and Blood Institute",I4210123017 I4210106489,yes
"Emelia J. Benjamin From the National Heart Lung and Blood Institute's and Boston University's Framingham Heart Study, Framingham, MA (D.D.M., K.T., M.G.L., J.E.F.)",1,"Framingham Heart Study | National Heart, Lung, and Blood Institute",I4210123017 I4210106489,yes
"Emelia J. Benjamin From the National Heart, Blood and Lung Institute's and Boston University's Framingham Heart Study, Framingham, MA (T.J.N., M.G.L., E.J.B., R.S.V.)",1,Framingham Heart Study | Lung Institute,I4210123017 I4210101049,yes
"Emelia J. Benjamin From the National Heart, Lung, and Blood Institute's and Boston University's Framingham Heart Study, MA (T.J.N., A.L., M.G.L., E.J.B., R.S.V.)",1,"Framingham Heart Study | National Heart, Lung, and Blood Institute",I4210123017 I4210106489,yes
"Emelia J. Benjamin From the National Heart, Lung, and Blood Institute's and Boston University's Framingham Study (R.B.S., M.G.L., P.A.W., D.L., R.S.V., E.J.B.), Framingham, Mass",1,"Framingham Heart Study | National Heart, Lung, and Blood Institute",I4210123017 I4210106489,yes
"Emelia J. Benjamin National Heart, Lung, and Blood Institute, Boston University's Framingham Heart Study, MA (L.S., S.R.P., H.L., E.J.B., L.T.). Department of Epidemiology (E.J.B.), Boston University School of Public Health, MA. Cardiology and Preventive Medicine Sections (E.J.B.), Department of Medicine, Boston University School of Medicine, MA",1,Framingham Heart Study,I4210123017,yes
"Emelia J. Benjamin https://orcid.org/0000-0003-4076-2336 Cardiology and Preventive Medicine Sections, Boston University School of Medicine, MA (R.S.V., E.J.B.). The Framingham Heart Study, MA (R.S.V., E.J.B., M.G.L., D.L.). Department of Epidemiology, Boston University, MA (R.S.V., E.J.B.)",1,,,no
"Emelia J. Benjamin https://orcid.org/0000-0003-4076-2336 Department of Medicine, Sections of Preventive Medicine and Cardiovascular Medicine (E.J.B.), Harvard Medical School, MA. Boston University and National Heart, Lung and Blood Institute's Framingham Heart Study (E.J.B.), Boston University School of Public Health, MA. Department of Epidemiology (E.J.B.), Boston University School of Public Health, MA",1,Framingham Heart Study,I4210123017,yes
"Emelia J. Benjamin https://orcid.org/0000-0003-4076-2336 Sections of Preventive Medicine and Cardiovascular Medicine, Department of Medicine (E.J.B.), Boston University School of Medicine. Department of Epidemiology, Boston University School of Public Health, Boston (E.J.B.). Boston University and National Heart, Lung, and Blood Institute's Framingham Heart Study, MA ((Q.H., K.L.L, E.J.B., L.T.)",1,Framingham Heart Study,I4210123017,yes
Emilio Castro is general secretary of the World Council of Churches. This article is based upon two lectures presented at Boston University in October 1985,1,,,no
"Emily S. Manders Boston University's and National Heart, Lung, and Blood Institute's Framingham Heart Study, MA (H.L., E.J.B., E.S.M., K.F., J.K., M.M.H., J.M.M.)",1,Framingham Heart Study,I4210123017,yes
"Emily Taylor Merriman works in the Writing Center at Amherst College, where she is a Writing Associate and the Advisor for Multilingual Students. Her published essays include works on Adrienne Rich, Geoffrey Hill, William Blake, Linton Kwesi Johnson, Thomas Hardy, and Gerard Hopkins. Together with Adrian Grafe, she co-edited Intimate Exposure: Essays on the Public-Private Divide in British Poetry since 1950 (2010). Emily Merriman is a book review editor for the Hopkins Quarterly. She earned her MA in Creative Writing (Poetry) and her PhD in Religion and Literature at Boston University, where she studied with Geoffrey Hill in 1995-96 and again in the early 2000s",1,,,no
"Endodontics Department, The Boston University Institute for Dental Research and Education, PO Box 505097, Dubai Healthcare City, Dubai, United Arab Emirates. sxc89@case.edu",1,,,no
"Environmental Quality Laboratory, California Institute of Technology, Pasadena, CA 91125, U.S.A.††Present address: Department of Aerospace and Mechanical Engineering, Boston University, 110 Cummington St., Boston, MA 02215",1,,,no
"Epidemiology Study Center and Boston University School of Medicine, Framingham, Massachusetts",1,Framingham Heart Study,I4210123017,yes
"Eric Bergman, RN, CCM, is an international nurse case manager for AXA Assistance USA, a major provider of travel insurance worldwide, as well as a third-party administrator for dozens of travel insurance contracts. Eric also has more than 6 years' experience as a medical escort for AXA, moving ill and injured patients on commercial flights all over the world. He began his career as a flight attendant for a major U.S. airline and after more than 20 years, returned to school to study nursing. Eric received his bachelor of arts degree from Boston University, an associate degree of applied science in nursing from the College of DuPage in Illinois. He spent 5 years as an oncology and inpatient hospice nurse before joining AXA in 2011. Eric is a certified case manager and president of Chicago Chapter of CMSA. He is an experienced national speaker who has presented at CMSA's national conference and other national venues. He is available to consult on travel-related issues as well as to speak",1,,,no
"Eric Bergman, RN, CCM, is an international nurse case manager for AXA Assistance USA, a major provider of travel insurance worldwide, as well as a third-party administrator for dozens of travel insurance contracts. Eric also has more than 6 years' experience as a medical escort for AXA, moving ill and injured patients on commercial flights all over the world. He began his career as a flight attendant for a major U.S. airline and after more than 20 years, returned to school to study nursing. Eric received his bachelor of arts degree from Boston University, an associate degree of applied science in nursing from the College of DuPage in Illinois. He spent 5 years as an oncology and inpatient hospice nurse before joining AXA in 2011. Eric is a certified case manager and president of Chicago Chapter of CMSA. He is an experienced national speaker who has presented at CMSA's national conference and other national venues. He is available to consult on travel-related issues as well as to speak at your event",1,,,no
"Eric Marshall White, PhD,  has been Curator of Special Collections at Bridwell Library since 1997. Since earning his doctorate in Art History from Boston University in 1995, he has focused his research mainly on Gutenberg and the spread of early printing. His publications include an in-depth commentary for the CD-ROM facsimile of the Gutenberg Bible at the University of Texas, Austin (2005), three articles in  Gutenberg-Jahrbuch  (2002, 2006, and 2012), and the catalogue for the Bridwell exhibition ”Peter Schoeffer: Printer of Mainz“ (2003). He is currently writing a book,  Editio princeps: A History of the Gutenberg Bible , which tells the story of every surviving copy of Europe’s first major printed book",1,,,no
"Eric Mick From the National Heart Lung and Blood Institute's and Boston University's Framingham Heart Study, Framingham, MA (D.D.M., K.T., M.G.L., J.E.F.)",1,"Framingham Heart Study | National Heart, Lung, and Blood Institute",I4210123017 I4210106489,yes
"Ernest M. Schuttenberg is an administrative assistant with the Merrimack Education Center, an organization which assists school systems in developing resource material and teacher motivation courses. He was formerly the manager of the Development Resources Center of Honeywell Information Systems. Previous to that, he worked in a similar capacity with American Airlines. Mr. Schuttenberg is currently working for a Ph.D. in adult education at the Boston University",1,,,no
"Est professeur de relations internationales et sociologie à l'université de Boston, et spécialisée sur l'Amérique latine et les migrations. Elle est notamment auteur des ouvrages suivants : The Immigrant Divide: How Cuban Americans Changed the U.S. and Their Homeland (2009), Back from the Future: Cuba under Castro (1994, 2003), The Poverty of Revolution: The State and Urban Poor in Mexico (1977, 1988), Power and Popular Protest: Latin American Social Movements (ed.) (1989, 2001), What Justice? Whose Justice: Fighting for Fairness in Latin America (2003) (co-ed.), and Struggles for Social Rights in Latin America (co-ed.) (2003). Elle a été présidente de l'Association d'Etudes Latino-américaines (LASA)",1,,,no
"Est professeur de relations internationales et sociologie à l’université de Boston, et spécialisée sur l’Amérique latine et les migrations. Elle est notamment auteur des ouvrages suivants : The Immigrant Divide: How Cuban Americans Changed the U.S. and Their Homeland (2009), Back from the Future: Cuba under Castro (1994, 2003), The Poverty of Revolution: The State and Urban Poor in Mexico (1977, 1988), Power and Popular Protest: Latin American Social Movements (ed.) (1989, 2001), What Justice? Whose Justice: Fighting for Fairness in Latin America (2003) (co-ed.), and Struggles for Social Rights in Latin America (co-ed.) (2003). Elle a été présidente de l’Association d’Etudes Latino-américaines (LASA)",1,,,no
"Eugene A. Roddy is director of Pupil Personnel Services for School Administrative Unit 22 in Hanover. He received his PhD in special education from Boston University. Address: Hanover, New Hampshire 03755",1,,,no
"Eugene Declercq is a Professor of Political Science at Merrimack College and Adjunct Associate Professor of Public Health at Boston University, Boston, Mussuchusetts",1,,,no
"Eugene Farrell is the Senior Conservation Scientist at the Center for Conservation and Technical Studies at Harvard University. Prior to joining the Center in 1977, he was on the staff of the Crystal Physics Laboratory at the Materials Research Center of the Massachusetts Institute of Technology. He holds MA and BA degrees in Geology from Boston University. Address: Center for Conservation and Technical Studies, Harvard University Art Museums, 32 Quincy Street, Cambridge, MA02138, USA",1,Massachusetts Institute of Technology,I63966007,no
"Eugene P. Rhee From the Framingham Heart Study of the National Heart, Lung and Blood Institute and Boston University School of Medicine, Framingham, MA (S.C., M.G.L., E.L.M., C.S.F., C.J.O., R.S.V., T.J.W.)",1,"Framingham Heart Study | National Heart, Lung, and Blood Institute",I4210123017 I4210106489,yes
"Evans Department of Clinical Research, Boston University School of Medicine Hospital, MA 02118, USA",1,,,no
"Evans Department of Medicine and Whitaker Cardiovascular Institute, Boston University Chobanian and Avedisian School of Medicine, Boston, MA, USA",1,,,no
"Evans Department of Medicine, Boston Univ. Medical Center, 88 E. Newton St., Robinson 2, Boston, MA 02118, USA",1,Boston Medical Center,I1286490081,no
"Evans Department of Medicine, Cardiovascular Medicine Section, Boston University School of Medicine, 72 East Harrison Street, Collamore 8, Boston, MA 02118, USA; Department of Epidemiology, Boston University School of Public Health, 72 East Harrison Street, Collamore 8, Boston, MA 02118, USA; The Framingham Heart Study, Framingham, MA, USA",1,,,no
"Evans Department of Medicine/Section of Cardiovascular Medicine and Whitaker Cardiovascular Institute, Boston University Chobanian & Avedisian School of Medicine, Boston, MA. Electronic address: Robert.eberhardt@bmc.org",1,,,no
Evans Department of MedicineWhitaker Cardiovascular InstituteBoston UniversityBostonMassachusettsUSA,1,Cardiovascular Institute of the South,I25790992,no
"Evans Department ofMedicine and Department ofPh , vsiology , Boston Universitl' Medical Center , Boston , MA 02118 ,",1,Boston Medical Center,I1286490081,no
"Evans Memorial Department of Clinical Medicine, University Hospital, Boston University School of Medicine, MA",1,,,no
"Evans Memorial Department of Clinical Research and Mallory Institute of Pathology , University Hospital , Boston , Massachusetts",1,,,no
"Evans Memorial Department of Clinical Research and Medicine, Boston, University Medical Center, MA",1,Boston Medical Center,I1286490081,no
"Evans Memorial Department of Clinical Research and Preventive Medicine , Mas- sachusetts Memorial Hospitals , The Radioisotope Service , Boston Veterans Ad- ministration Hospital , and the Department of Medicine , Boston Uni- versity School of Medicine , Boston , Mass",1,,,no
"Evans Memorial Department of Clinical Research and the Department of Medicine, The University Hospital, 02118, Boston, MA, USA",1,,,no
"Evans Memorial Department of Clinical Research and the Department of Medicine, University Hospital, Boston",1,,,no
"Evans Memorial Department of Clinical Research, Boston UniversityMedical Center, Massachusetts 02118",1,Boston Medical Center,I1286490081,no
"Evans Memorial Department of Clinical Research, Boston UniversityMedical Center, Massachusetts 02118, USA",1,Boston Medical Center,I1286490081,no
"Evans Memorial Department of Clinical Research, Boston UniversityMedical Center/University Hospital, Massachusetts 02118",1,,,no
"Evans Memorial Department of Clinical Research, University Hospital, Boston University School of Medicine, MA",1,,,no
Evans Memorial Department of MedicineWhitaker Cardiovascular InstituteBoston University School of MedicineBostonMassachusetts02118USA,1,Cardiovascular Institute of the South,I25790992,no
"Evans Memorial Whitaker Cardiovascular Institute, Boton University, Boston , Massachusetts",1,,,no
"Evans Menmorial, Massa-chuisetts Memorial Hospitals, and the Departmnent of Medicine, Boston Untiversity School of Medicine, Boston, Mass",1,,,no
"Ex. Sci. & P.E. Univ. of Iowa, Iowa City, IA 52242 and Div. Diabetes, BU School of Med., Boston, MA 02118",1,University of Iowa,I126307644,no
"FREDERICK FERRÉ (A.B., Boston University, M.A., Vanderbilt University; Ph.D., University of St. Andrews) is Professor and Chairman of the Department of Philosophy at Dickinson College, Carlisle, Pennsylvania. The present article is a paper read to a plenary session of the annual meeting of the AAR in Chicago in 1967",1,Dickinson College,I121058860,no
Faculdade De Medicina De Ribeirao Preto Usp E Universidade De Boston,1,,,no
"Faculté de médecine de Boston, 72 East Concord street, Boston, Massachusetts, 02118, États-Unis",1,,,no
Family Medicine BU Boston MA United States,1,,,no
Faye Harwell recently received her Ph.D. from Boston University. Send your career story to ,1,,,no
"Federal Reserve Bank of Cleveland Department of Economics 1455 East 6th Street Boston University Cleveland, OH 44101 270 Bay State Rd",1,Federal Reserve Bank of Cleveland,I4210109900,no
"Fellow and Director of Studies in Social Anthropology at Girton College, Cambridge. She was trained at Boston University and at Oxford, where she studied social anthropology as a Rhodes Scholar. She has published work on secrecy, publicity, crime, policing, and corruption in northern India and is co‐investigating a large, collaborative study of democratic cultures in India, Pakistan and Bangladesh, funded jointly by the ERC and the ESRC. She is also editor of <i>Patronage as politics in South",1,,,no
"Former postdoctoral student in Prosthodontics, Boston Univer-sity, School of Graduate Dentistry, and Assistant Professor of Prosthodontics, Course of Dentistry, Federal University of Cesra-Fortaleza, Ceara, Brazil",1,Universidade Federal do Ceará,I243754102,no
"Formerly, dental department, Michael Reese Hospital and Medical Center, Chicago; department of stomatology, Boston University, School of Medicine, Tehran, Iran",1,Mercy Hospital and Medical Center,I2802658705,no
"Foxboro Analytical, Foxboro, MA U.S.A",1,,,no
"Fram-ingham Heart Study (P.W.F.W.), Boston University School of Medicine, Framingham, Massachusetts",1,Framingham Heart Study,I4210123017,yes
"Framingham Center for Population &amp; Prevention Science and Framingham Heart Study (B.P., V.X., M.N.), Boston University Chobanian &amp; Avedisian School of Medicine, Framingham, MA",1,Framingham Heart Study,I4210123017,yes
"Framingham Center for Population and Prevention Science, Section of Preventive Medicine and Epidemiology, Department of Medicine, Boston University Chobanian and Avedisian School of Medicine, Boston, Massachusetts, USA; National Heart, Lung, and Blood Institute's Framingham Heart Study, Framingham, Massachusetts, USA",1,Framingham Heart Study,I4210123017,yes
"Framingham Center for Population and Prevention Science, Section of Preventive Medicine and Epidemiology, Department of Medicine, Boston University Chobanian and Avedisian School of Medicine, Boston, Massachusetts, USA; National Heart, Lung, and Blood Institute's Framingham Heart Study, Framingham, Massachusetts, USA; Department of Biostatistics, Boston University School of Public Health, Boston, Massachusetts, USA. Electronic address: vanessax@bu.edu",1,Framingham Heart Study,I4210123017,yes
"Framingham Center for Population and Prevention Science, and Section of Preventive Medicine and Epidemiology, Department of Medicine, Boston University Chobanian and Avedisian School of Medicine, Boston, Massachusetts, USA; National Heart, Lung, and Blood Institute's Framingham Heart Study, Framingham, Massachusetts, USA. Electronic address: dlloydjo@bu.edu",1,Framingham Heart Study,I4210123017,yes
"Framingham Center for Population and Prevention Science, and Section of Preventive Medicine and Epidemiology, Department of Medicine, Boston University Chobanian and Avedisian School of Medicine, Boston, Massachusetts, USA; National Heart, Lung, and Blood Institute's Framingham Heart Study, Framingham, Massachusetts, USA; Department of Biostatistics, Boston University School of Public Health, Boston, Massachusetts, USA",1,Framingham Heart Study,I4210123017,yes
"Framingham Heart Study , Boston University Chobanian & Avedisian School of Medicine , Boston , MA , 02118 , USA",1,Framingham Heart Study,I4210123017,yes
Framingham Heart Study Boston University School of Medicine  Framingham MA USA,1,Framingham Heart Study,I4210123017,yes
"Framingham Heart Study Brain Aging Program, Boston University Chobanian and Avedisian School of Medicine, Boston, MA, 02118, USA",1,Framingham Heart Study,I4210123017,yes
Framingham Heart Study NHLBIBoston University School of MedicineBostonMA,1,Framingham Heart Study,I4210123017,yes
"Framingham Heart Study National Heart, Lung, and Blood Institute Department of Epidemiology Boston University School of Public Health Boston MA USA",1,Framingham Heart Study,I4210123017,yes
"Framingham Heart Study National Heart, Lung, and Blood Institute and Boston University School of Medicine  Framingham Massachusetts USA",1,Framingham Heart Study,I4210123017,yes
Framingham Heart Study Section of Preventive Medicine Department of Medicine Boston University School of Medicine Boston MA USA,1,Framingham Heart Study,I4210123017,yes
"Framingham Heart Study and Boston University School of Medicine, Boston, MA 01702, USA; Department of Cardiology, Boston Children's Hospital, Boston, MA 02115, USA; Population Studies Branch, National Heart, Lung, and Blood Institute, NIH, Bethesda, MD 20892-7936, USA",1,Framingham Heart Study,I4210123017,yes
"Framingham Heart Study and Boston University School of Medicine, Boston, MA 01702-5803, USA. sjrobins@bu.edu",1,Framingham Heart Study,I4210123017,yes
Framingham Heart Study and Section of Preventive Medicine and Epidemiology Boston University School of Medicine  Boston Massachusetts USA,1,Framingham Heart Study,I4210123017,yes
"Framingham Heart Study and Section of Preventive Medicine and Epidemiology, Boston University School of Medicine, Boston, Massachusetts. Electronic address: vasan@bu.edu",1,Framingham Heart Study,I4210123017,yes
"Framingham Heart Study of Boston University School of Medicine and NHLBI, Framingham, MA, USA. Electronic address: marjap@bu.edu",1,Framingham Heart Study,I4210123017,yes
"Framingham Heart Study of Boston University School of Medicine and NHLBI, Framingham, MA, USA; NHLBI Division of Intramural Research, Bethesda, MD, USA; Cardiology Section, Department of Medicine, Boston Veteran's Administration Healthcare, Boston, MA, USA",1,Framingham Heart Study,I4210123017,yes
"Framingham Heart Study of Boston University School of Medicine and NHLBI, Framingham, MA, USA; NHLBI Division of Intramural Research, Bethesda, MD, USA; Cardiology Section, Department of Medicine, Boston Veteran's Administration Healthcare, Boston, MA, USA. Electronic address: Christopher.odonnell@va.gov",1,Framingham Heart Study,I4210123017,yes
"Framingham Heart Study of Boston University School of Medicine and NHLBI, Framingham, MA, USA; Population Sciences Branch, Division of Intramural Research, NHLBI, NIH, Bethesda, MD, USA",1,Framingham Heart Study,I4210123017,yes
"Framingham Heart Study of Boston University School of Medicine and NHLBI, Framingham, MA, USA; Population Sciences Branch, Division of Intramural Research, NHLBI, NIH, Bethesda, MD, USA. Electronic address: johnsonad2@nhlbi.nih.gov",1,Framingham Heart Study,I4210123017,yes
"Framingham Heart Study of Boston University School of Medicine and NHLBI, Framingham, MA, USA; Population Sciences Branch, Division of Intramural Research, NHLBI, NIH, Bethesda, MD, USA; Cardiology Section, Department of Medicine, Boston Veteran's Administration Healthcare, Boston, MA, USA",1,Framingham Heart Study,I4210123017,yes
"Framingham Heart Study of Boston University School of Medicine and NHLBI, Framingham, MA, USA; Section of Cardiovascular Medicine, Department of Medicine, Boston University School of Medicine, Boston, MA, USA",1,Framingham Heart Study,I4210123017,yes
"Framingham Heart Study of Boston University School of Medicine and NHLBI, Framingham, MA, USA; Section of General Internal Medicine, Department of Medicine, Boston University School of Medicine, Boston, MA, USA",1,Framingham Heart Study,I4210123017,yes
"Framingham Heart Study of the NHLBI and Boston University School of Medicine, Framingham, MA 0102",1,Framingham Heart Study,I4210123017,yes
"Framingham Heart Study of the NHLBI and Boston University School of Medicine, Framingham, MA 01702",1,Framingham Heart Study,I4210123017,yes
"Framingham Heart Study of the National Heart , Lung and Blood Institute and Boston University School of Medicine , Framingham , Massachusetts , USA",1,Framingham Heart Study,I4210123017,yes
"Framingham Heart Study of the National Heart, Lung and Blood Institute Boston University School of Medicine, Framingham, MA",1,"Framingham Heart Study | National Heart, Lung, and Blood Institute",I4210123017 I4210106489,yes
"Framingham Heart Study of the National Heart, Lung and Blood Institute and Boston University School of Medicine, Framingham",1,Framingham Heart Study,I4210123017,yes
"Framingham Heart Study of the National Heart, Lung and Blood Institute and Boston University School of Medicine, Framingham, 01702, Massachusetts, USA",1,"Framingham Heart Study | National Heart, Lung, and Blood Institute",I4210123017 I4210106489,yes
"Framingham Heart Study of the National Heart, Lung and Blood Institute and Boston University School of Medicine, Framingham, MA",1,"Framingham Heart Study | National Heart, Lung, and Blood Institute",I4210123017 I4210106489,yes
"Framingham Heart Study of the National Heart, Lung and Blood Institute and Boston University School of Medicine, Framingham, Massachusetts",1,"Framingham Heart Study | National Heart, Lung, and Blood Institute",I4210123017 I4210106489,yes
"Framingham Heart Study of the National Heart, Lung and Blood Institute and Boston University School of Medicine, Framingham, Massachusetts, USA",1,Framingham Heart Study,I4210123017,yes
"Framingham Heart Study of the National Heart, Lung and Blood Institute and Boston University School of Medicine, Framingham, Massachusetts; Cardiovascular Medicine Division, Department of Medicine, Vanderbilt University, Nashville, Tennessee",1,Framingham Heart Study,I4210123017,yes
"Framingham Heart Study of the National Heart, Lung and Blood Institute and Boston University School of Medicine, Framingham, Massachusetts; Division of Cardiovascular Medicine, Department of Medicine, Boston University School of Medicine, Boston, Massachusetts. Electronic address: jenho@bu.edu",1,Framingham Heart Study,I4210123017,yes
"Framingham Heart Study of the National Heart, Lung and Blood Institute, Boston University School of Medicine, Framingham, MA",1,"Framingham Heart Study | National Heart, Lung, and Blood Institute",I4210123017 I4210106489,yes
"Framingham Heart Study of the National Heart, Lung, and Blood Institute (NHLBI) and Boston University (BU) School of Medicine, Framingham, Massachusetts, USA",1,Framingham Heart Study,I4210123017,yes
"Framingham Heart Study of the National Heart, Lung, and Blood Institute Boston University School of Medicine  Framingham Massachusetts USA",1,Framingham Heart Study,I4210123017,yes
"Framingham Heart Study of the National Heart, Lung, and Blood Institute and Boston University School of Medicine, Framingham, MA, United States of America",1,"Framingham Heart Study | National Heart, Lung, and Blood Institute",I4210123017 I4210106489,yes
"Framingham Heart Study of the National Heart, Lung, and Blood Institute and Boston University School of Medicine, Framingham, MA 01702, USA",1,"Framingham Heart Study | National Heart, Lung, and Blood Institute",I4210123017 I4210106489,yes
"Framingham Heart Study of the National Heart, Lung, and Blood Institute and Boston University School of Medicine, Framingham, MA 01702, USA; Cardiology Section, Boston Medical Center, Boston University School of Medicine, Boston, MA 02118, USA",1,Framingham Heart Study,I4210123017,yes
"Framingham Heart Study of the National Heart, Lung, and Blood Institute and Boston University School of Medicine, Framingham, MA 01702, USA; Department of Neurology, Boston University School of Medicine, Boston, MA 02118, USA; Department of Biostatistics, Boston University School of Public Health, Boston, MA 02118, USA",1,Framingham Heart Study,I4210123017,yes
"Framingham Heart Study of the National Heart, Lung, and Blood Institute and Boston University School of Medicine, Framingham, Massachusetts, United States of America",1,"Framingham Heart Study | National Heart, Lung, and Blood Institute",I4210123017 I4210106489,yes
"Framingham Heart Study of the National Heart, Lung, and Blood Institute, Boston University School of Medicine, Framingham, Massachusetts, USA",1,"Framingham Heart Study | National Heart, Lung, and Blood Institute",I4210123017 I4210106489,yes
"Framingham Heart Study, 73 Mt. Wayte Ave., Framingham, MA 01702, USA; Boston University School of Medicine, 72 E. Concord St., Boston, MA 02118, USA",1,Framingham Heart Study,I4210123017,yes
"Framingham Heart Study, 73 Mt. Wayte Avenue, Suite 2, Framingham, MA 01702-5827, USA; Department of Biostatistics, Boston University School of Public Health, 715 Albany St., Boston, MA 02118, USA",1,Framingham Heart Study,I4210123017,yes
"Framingham Heart Study, Boston Univ Sch of Medicine, Framingham, MA",1,Framingham Heart Study,I4210123017,yes
"Framingham Heart Study, Boston Univ, Framingham, MA,",1,Framingham Heart Study,I4210123017,yes
"Framingham Heart Study, Boston University Alzheimer's Disease Research Center",1,Framingham Heart Study,I4210123017,yes
"Framingham Heart Study, Boston University Chobanian & Avedisian School of Medicine, Boston, Massachusetts, United States of America",1,Framingham Heart Study,I4210123017,yes
"Framingham Heart Study, Boston University Chobanian and Avedisian School of Medicine, Boston, MA",1,Framingham Heart Study,I4210123017,yes
"Framingham Heart Study, Boston University Chobanian and Avedisian School of Medicine, Boston, MA 02118, USA",1,Framingham Heart Study,I4210123017,yes
"Framingham Heart Study, Boston University Chobanian and Avedisian School of Medicine;",1,Framingham Heart Study,I4210123017,yes
"Framingham Heart Study, Boston University Medical School, Framingham, MA 01702",1,Framingham Heart Study,I4210123017,yes
"Framingham Heart Study, Boston University School of Medicine  Boston MA USA",1,Framingham Heart Study,I4210123017,yes
"Framingham Heart Study, Boston University School of Medicine, 72 E. Concord St., Boston, MA 02118-2526, USA",1,Framingham Heart Study,I4210123017,yes
"Framingham Heart Study, Boston University School of Medicine, 73 Mount Wayte Ave., Framingham, MA 01702-5803, USA",1,Framingham Heart Study,I4210123017,yes
"Framingham Heart Study, Boston University School of Medicine, 73 Mount Wayte Avenue, Framingham, MA 01702, USA",1,Framingham Heart Study,I4210123017,yes
"Framingham Heart Study, Boston University School of Medicine, Boston, MA  USA",1,Framingham Heart Study,I4210123017,yes
"Framingham Heart Study, Boston University School of Medicine, Boston, MA (R.S.V.)",1,Framingham Heart Study,I4210123017,yes
"Framingham Heart Study, Boston University School of Medicine, Boston, MA, USA. tdstein@bu.edu",1,Framingham Heart Study,I4210123017,yes
"Framingham Heart Study, Boston University School of Medicine, Boston, MA, United States",1,Framingham Heart Study,I4210123017,yes
"Framingham Heart Study, Boston University School of Medicine, Boston, Massachusetts 3Population Studies Branch, Division of Intramural Research, National Heart, Lung, and Blood Institute, National Institutes of Health, Bethesda, Maryland",1,"Framingham Heart Study | National Heart, Lung, and Blood Institute",I4210123017 I4210106489,yes
"Framingham Heart Study, Boston University School of Medicine, Framingham",1,Framingham Heart Study,I4210123017,yes
"Framingham Heart Study, Boston University School of Medicine, Framingham, 01702, MA, USA",1,Framingham Heart Study,I4210123017,yes
"Framingham Heart Study, Boston University School of Medicine, Framingham, MA 01701",1,Framingham Heart Study,I4210123017,yes
"Framingham Heart Study, Boston University School of Medicine, Framingham, MA 01702, USA",1,Framingham Heart Study,I4210123017,yes
"Framingham Heart Study, Boston University School of Medicine, Framingham, MA 01702-5803, USA",1,Framingham Heart Study,I4210123017,yes
"Framingham Heart Study, Boston University School of Medicine, Framingham, Mass (W.B.K.)",1,Framingham Heart Study,I4210123017,yes
"Framingham Heart Study, Boston University School of Medicine, Massachusetts 01702, USA",1,Framingham Heart Study,I4210123017,yes
"Framingham Heart Study, Boston University School of Public Health  Boston MA USA",1,Framingham Heart Study,I4210123017,yes
"Framingham Heart Study, Boston University's and National Heart, Lung, and Blood Institute's Framingham Heart Study, Boston, Massachusetts, USA",1,"Framingham Heart Study | National Heart, Lung, and Blood Institute",I4210123017 I4210106489,yes
"Framingham Heart Study, Boston University’s and National Heart, Lung, and Blood Institute’s Framingham Heart Study, Boston, Massachusetts, USA",1,Framingham Heart Study,I4210123017,yes
"Framingham Heart Study, Department of Medicine, Divisions of Preventive Medicine and Cardiology, Boston University School of Medicine, MA (R.S.V.)",1,Framingham Heart Study,I4210123017,yes
"Framingham Heart Study, Framingham, MA (C.A., A.L., M.G.L., E.J.B., J.M.M., S.J.B., R.S.V.) Department of Epidemiology, Boston University School of Public Health, Boston, MA (C.A., N.L.S., E.J.B., J.M.M., R.S.V.)",1,Framingham Heart Study,I4210123017,yes
"Framingham Heart Study, Framingham, MA 01701, USA; Department of Neurology, Boston University School of Medicine, Boston, MA 02215, USA; Glenn Biggs Institute for Alzheimer Disease and Neurodegenerative Diseases, University of Texas Health San Antonio, San Antonio, TX 78229, USA",1,Framingham Heart Study | The University of Texas at San Antonio Health Science Center,I4210123017 I165951966,yes
"Framingham Heart Study, Framingham, MA 01702, USA; Center for Population Studies, National Heart, Lung, and Blood Institute, Framingham, MA 01702, USA; Boston University School of Medicine, Boston, MA 02118, USA",1,Framingham Heart Study,I4210123017,yes
"Framingham Heart Study, Framingham, MA 01702, USA; Divisions of Epidemiology and Cardiology, Department of Medicine, Boston University School of Medicine, Boston, MA 02118, USA",1,Framingham Heart Study,I4210123017,yes
"Framingham Heart Study, Framingham, MA 01702, USA; Sections of Preventive Medicine and Epidemiology, and Cardiovascular Medicine, Boston University School of Medicine, Boston, MA 02118, USA",1,Framingham Heart Study,I4210123017,yes
"Framingham Heart Study, Framingham, MA, USA Division of Cardiology, Boston University School of Medicine, Boston, MA, USA Center for Population Studies, National Heart, Lung, and Blood Institute, Bethesda, MD, USA",1,Framingham Heart Study,I4210123017,yes
"Framingham Heart Study, Framingham, MA, USA Sections of Preventive Medicine and Cardiology, Boston University School of Medicine, Boston, MA, USA",1,Framingham Heart Study,I4210123017,yes
"Framingham Heart Study, Framingham, MA, USA; Boston University School of Public Health, Boston, MA, USA",1,Framingham Heart Study,I4210123017,yes
"Framingham Heart Study, Framingham, MA, USA; Department of Biostatistics, Boston University, Boston, MA, USA",1,Framingham Heart Study,I4210123017,yes
"Framingham Heart Study, Framingham, MA, USA; Department of Biostatistics, School of Public Health, Boston University, Boston, MA, USA",1,Framingham Heart Study,I4210123017,yes
"Framingham Heart Study, Framingham, MA, USA; Department of General Internal Medicine, Boston University School of Medicine, Boston, MA, USA",1,Framingham Heart Study,I4210123017,yes
"Framingham Heart Study, Framingham, MA, USA; Department of Medicine, Boston Medical Center, Boston University Chobanian and Avedisian School of Medicine, Boston, MA, USA",1,Framingham Heart Study,I4210123017,yes
"Framingham Heart Study, Framingham, MA, USA; Glenn Biggs Institute for Alzheimer's & Neurodegenerative Diseases, UT Health San Antonio, San Antonio, TX, USA; Department of Neurology, Boston University School of Medicine, Boston, MA, USA",1,Framingham Heart Study,I4210123017,yes
"Framingham Heart Study, Framingham, MA, USA; Sections of Preventive Medicine and Epidemiology, and Cardiovascular Medicine, Department of Medicine, Boston University School of Medicine, Boston, MA, USA",1,Framingham Heart Study,I4210123017,yes
"Framingham Heart Study, Framingham, MA, United States; Department of Biostatistics, Boston University School of Public Health, Boston, MA, United States",1,Framingham Heart Study,I4210123017,yes
"Framingham Heart Study, Framingham, MA, United States; Pulmonary Center, Boston University School of Medicine, Boston, MA, United States",1,Framingham Heart Study,I4210123017,yes
"Framingham Heart Study, Framingham, MA; Section of Preventive Medicine and Cardiology, Boston University School of Medicine, Boston, MA",1,Framingham Heart Study,I4210123017,yes
"Framingham Heart Study, Framingham, Mass., and the Department of Neurology, Boston University School of Medicine",1,Framingham Heart Study,I4210123017,yes
"Framingham Heart Study, Framingham, Massachusetts, USA; Department of Neurology, Boston University School of Medicine, Boston, Massachusetts, USA; Glenn Biggs Institute for Alzheimer's and Neurodegenerative Diseases, University of Texas Health Sciences Center, San Antonio, Texas, USA",1,Framingham Heart Study | The University of Texas at San Antonio Health Science Center,I4210123017 I165951966,yes
"Framingham Heart Study, Framingham, Massachusetts, USA; Section of Preventive Medicine and Epidemiology, Boston University School of Medicine, Boston, Massachusetts, USA; University of Texas School of Public Health, San Antonio, Texas, USA",1,Framingham Heart Study,I4210123017,yes
"Framingham Heart Study, Framingham, Massachusetts. Section of General Internal Medicine, Department of Medicine, Boston University School of Medicine, Boston, MA",1,Framingham Heart Study,I4210123017,yes
"Framingham Heart Study, Framingham, Massachusetts2Population Sciences Branch, Division of Intramural Research, National Heart, Lung, and Blood Institute, National Institutes of Health, Bethesda, Maryland3Boston University School of Medicine, Boston, Massachusetts",1,"Framingham Heart Study | National Heart, Lung, and Blood Institute",I4210123017 I4210106489,yes
"Framingham Heart Study, Framingham, Massachusetts; Preventive Medicine & Cardiology Sections, Boston University School of Medicine, Boston, Massachusetts",1,Framingham Heart Study,I4210123017,yes
"Framingham Heart Study, Framingham, Massachusetts; Preventive Medicine & Cardiology Sections, Boston University School of Medicine, Boston, Massachusetts. Electronic address: vasan@bu.edu",1,Framingham Heart Study,I4210123017,yes
"Framingham Heart Study, Framingham, Massachusetts; Section of Preventive Medicine & Epidemiology, Boston University School of Medicine, Boston, Massachusetts",1,Framingham Heart Study,I4210123017,yes
"Framingham Heart Study, Framingham, Massachusetts; Sections of Cardiology and Preventative Medicine, Department of Medicine, Boston University School of Medicine, Boston, Massachusetts",1,Framingham Heart Study,I4210123017,yes
"Framingham Heart Study, Framingham; and Preventive Medicine and Epidemiology, Boston University School of Medicine, Boston, Massachusetts",1,Framingham Heart Study,I4210123017,yes
"Framingham Heart Study, Framingham; and the Department of Medicine (PWFW), Section of Preventive Medicine and Epidemiology, Evans Memorial Research Foundation (WBK), Boston University School of Medicine, Boston, Massachusetts",1,Framingham Heart Study,I4210123017,yes
"Framingham Heart Study, MA (R.S.V., M.G.L., V.X.).; Section of Preventive Medicine and Epidemiology, Boston University School of Medicine, MA (R.S.V., V.X.)",1,Framingham Heart Study,I4210123017,yes
"Framingham Heart Study, MA (R.S.V., V.X.).; Section of Preventive Medicine and Epidemiology, Boston University School of Medicine, MA (R.S.V., V.X.)",1,Framingham Heart Study,I4210123017,yes
"Framingham Heart Study, MA, USA; Department of Biostatistics, Boston University School of Public Health, Boston, MA, USA;",1,Framingham Heart Study,I4210123017,yes
"Framingham Heart Study, MA, USA; Department of Neurology, Boston University Chobanian and Avedisian School of Medicine, Boston, MA, USA;",1,Framingham Heart Study,I4210123017,yes
"Framingham Heart Study, Massachusetts. Section of General Internal Medicine, Department of Medicine, Boston University School of Medicine, Boston, MA USA",1,Framingham Heart Study,I4210123017,yes
"Framingham Heart Study, Mt Wayte Avenue 73, Suite 2, Framingham, MA 01702-5827, USA; Section of Preventive Medicine and Epidemiology, Boston University School of Medicine, 801 Massachusetts Avenue, Suite 470, Boston, MA 02118, USA; Department of Cardiology, Gentofte Hospital, Niels Andersens vej 65, Hellerup 2900, Denmark. Electronic address: ca@heart.dk",1,Framingham Heart Study,I4210123017,yes
"Framingham Heart Study, National Heart, Blood and Lung Institute's and Boston University's Framingham Heart Study, Framingham, United States of America",1,Framingham Heart Study | Lung Institute,I4210123017 I4210101049,yes
"Framingham Heart Study, National Heart, Lung and Blood Institute and Boston University Chobanian and Avedisian School of Medicine, Framingham, MA, USA",1,Framingham Heart Study,I4210123017,yes
"Framingham Heart Study, National Heart, Lung, and Blood Institute and Boston University Chobanian & Avedisian School of Medicine and Boston Medical Center , 73 Mount Wayte Avenue, Framingham, MA 01702 ,",1,Framingham Heart Study,I4210123017,yes
"Framingham Heart Study, National Heart, Lung, and Blood Institute and Boston University Chobanian & Avedisian School of Medicine and Boston Medical Center, 73 Mount Wayte Avenue, Framingham, MA 01702, United States",1,"Framingham Heart Study | Boston Medical Center | National Heart, Lung, and Blood Institute",I4210123017 I1286490081 I4210106489,yes
"Framingham Heart Study, National Heart, Lung, and Blood Institute and Boston University Chobanian & Avedisian School of Medicine, Framingham, MA, USA,",1,Framingham Heart Study,I4210123017,yes
"Framingham Heart Study, National Heart, Lung, and Blood Institute and Boston University Chobanian & Avedisian School of Medicine, Framingham, MA, USA. murabito@bu.edu",1,Framingham Heart Study,I4210123017,yes
"Framingham Heart Study, National Heart, Lung, and Blood Institute and Boston University Chobanian & Avedisian School of Medicine, Framingham, MA, USA;",1,Framingham Heart Study,I4210123017,yes
"Framingham Heart Study, National Heart, Lung, and Blood Institute and Boston University Chobanian &amp; Avedisian School of Medicine  Framingham Massachusetts USA",1,Framingham Heart Study,I4210123017,yes
"Framingham Heart Study, National Heart, Lung, and Blood Institute and Boston University Chobanian &amp; Avedisian School of Medicine Framingham Massachusetts USA",1,"Framingham Heart Study | National Heart, Lung, and Blood Institute",I4210123017 I4210106489,yes
"Framingham Heart Study, National Heart, Lung, and Blood Institute and Boston University Chobanian and Avedisian School of Medicine , Framingham, Massachusetts ,",1,Framingham Heart Study,I4210123017,yes
"Framingham Heart Study, National Heart, Lung, and Blood Institute and Boston University Chobanian and Avedisian School of Medicine, Framingham, MA, United States",1,Framingham Heart Study,I4210123017,yes
"Framingham Heart Study, National Heart, Lung, and Blood Institute and Boston University Chobanian and Avedisian School of Medicine, Framingham, MA; Boston University Chobanian and Avedisian School of Medicine, Boston, MA; Department of Medicine, New York University Grossman School of Medicine, New York, NY. Electronic address: William.He@nyulangone.org",1,Framingham Heart Study,I4210123017,yes
"Framingham Heart Study, National Heart, Lung, and Blood Institute and Boston University Chobanian and Avedisian School of Medicine, Framingham, MA; Department of Biostatistics, Boston University School of Public Health, Boston, MA; Section of Preventive Medicine and Epidemiology, Boston University Chobanian and Avedisian School of Medicine, Boston, MA",1,Framingham Heart Study,I4210123017,yes
"Framingham Heart Study, National Heart, Lung, and Blood Institute and Boston University Chobanian and Avedisian School of Medicine, Framingham, MA; Department of Neurology, Boston Medical Center, Boston, MA",1,Framingham Heart Study,I4210123017,yes
"Framingham Heart Study, National Heart, Lung, and Blood Institute and Boston University Chobanian and Avedisian School of Medicine, Framingham, MA; Section of Preventive Medicine and Epidemiology, Boston University Chobanian and Avedisian School of Medicine, Boston, MA; University of Texas School of Public Health San Antonio, San Antonio, TX",1,Framingham Heart Study,I4210123017,yes
"Framingham Heart Study, National Heart, Lung, and Blood Institute and Boston University School of Medicine  Framingham Massachusetts USA",1,"Framingham Heart Study | National Heart, Lung, and Blood Institute",I4210123017 I4210106489,yes
"Framingham Heart Study, National Heart, Lung, and Blood Institute and Boston University School of Medicine, Framingham, MA, USA",1,"Framingham Heart Study | National Heart, Lung, and Blood Institute",I4210123017 I4210106489,yes
"Framingham Heart Study, National Heart, Lung, and Blood Institute and Boston University School of Medicine, Framingham, Massachusetts, USA",1,Framingham Heart Study,I4210123017,yes
"Framingham Heart Study, National Heart, Lung, and Blood Institute and Boston University School of Medicine, Framingham, Massachusetts, United States of America",1,"Framingham Heart Study | National Heart, Lung, and Blood Institute",I4210123017 I4210106489,yes
"Framingham Heart Study, National Heart, Lung, and Blood Institute, Framingham, MA 01702, USA; Center for Population Studies, National Heart, Lung, and Blood Institute, Bethesda, MD 20892, USA; Boston University School of Medicine, Boston, MA 02118, USA",1,Framingham Heart Study,I4210123017,yes
"Framingham Heart Study, National Heart, Lung, and Blood Institute, Framingham, MA 01702, USA; Divisions of Epidemiology and Cardiology, Department of Medicine, Boston University School for Medicine, Boston, MA 02118, USA",1,Framingham Heart Study,I4210123017,yes
"Framingham Heart Study, National Heart, Lung, and Blood Institute, NIH, Bethesda, MD 20982, USA; Department of Neurology, Boston University School of Medicine, Boston, MA 02118, USA",1,Framingham Heart Study,I4210123017,yes
"Framingham Heart Study, Population Sciences Branch, Division of Intramural Research National Heart Lung and Blood Institute, National Institutes of Health, Framingham, MA, USA, Department of Biostatistics, Boston University School of Public Health, Boston, MA, USA",1,Framingham Heart Study,I4210123017,yes
"Framingham Heart Study, Section of Preventive Medicine and Epidemiology, Boston University School of Medicine, Mass, USA",1,Framingham Heart Study,I4210123017,yes
"Framingham Heart Study, Section of Preventive Medicine and Epidemiology, Boston University, School of Medicine, Boston, MA 01701, USA",1,Framingham Heart Study,I4210123017,yes
"Framingham Heart Study/National Heart Lung and Blood Institute, Framingham, Massachusetts, USA ; Boston University School of Public Health, Boston, Massachusetts, USA",1,Framingham Heart Study,I4210123017,yes
"Framingham Study, Boston University School of Medicine, Framingham, Massachusetts, USA",1,Framingham State University | Framingham Heart Study,I47834966 I4210123017,yes
"Framington Heart Study, National Heart, Lung and Blood Institute Boston University School of Medicine, Boston, MA, U.S.A",1,Framingham Heart Study,I4210123017,yes
"Francesco Martinelli was born in Rome, Italy, in 1969. He received the Laurea degree magna cum laude in Electronic Engineering in 1994 and the Ph.D. degree in Computer Science and Control Engineering in 1998 both from the University of Rome Tor Vergata, Italy. During his Ph.D. studies, he spent approximately 8 months at the Department of Manufacturing Engineering at Boston University, MA, USA. In 1998 he obtained a scholarship at Fondazione U. Bordoni. Since October 1998 he is with the Department of Computer Science, Systems and Production of the University of Rome Tor Vergata as an Assistant Professor. His research interests include control of discrete event dynamic systems through the optimization of performance indexes, dynamic scheduling problems for manufacturing systems, motion planning of mobile robots, control theory regarding mechanical systems and non-linear systems",1,,,no
"Francine Kaufmann est professeure des universités, retraitée de Bar-Ilan (Ramat-Gan, Israël) où elle a enseigné de 1974 à 2011 et a dirigé à deux reprises le département de traduction, d’interprétation et de traductologie. Docteure ès lettres (Paris X – Nanterre en 1976), diplômée de l’École des langues orientales (hébreu) et de l’université de Boston (communication publique), elle a publié une centaine de contributions dans ses domaines de recherche (littérature de la Shoah, culture juive, traductologie). Elle est aussi interprète de conférence, traductrice et réalisatrice de télévision et de radio.(Page personnelle : http://translation.biu.ac.il/en/page/398.)",1,Université Paris Nanterre,I40434647,no
"Francis, Ph.D. Boston University, 1995. 259 pp. Major professor: Betty H. Zisk",1,,,no
"Francisco I. Perez, PhD, is an assistant professor of neurology in the Department of Neurology, Baylor College of Medicine, 1200 Moursund Avenue, Houston, Texas 77025. This article is based on a presentation at the 83rd meeting of the American Psychological Association, Chicago, Illinois, September, 1975. Reprints may be obtained from Dr. Taylor, Department of Special Education, Boston University, 765 Commonwealth Avenue, Boston, Massachusetts 02215",1,American Psychological Association,I161513276,no
"Fred Lee Jr. is an assistant professor of radiology at the University of Wisconsin Hospital and Clinics in Madison, WI. He received his medical degree from Boston University and completed a postgraduate internship in surgery at the University of Massachusetts Medical Center in Worcester, MA",1,,,no
"Frederick S. Pardee School of Global Studies, Boston, MA, USA",1,,,no
"From Atlanta, Georgia, HOWARD MOORE is a graduate of Morehouse College and Boston University Law School. He prepared and argued the landmark case in which the high court ordered the seating of Julian Bond in the Georgia legislature. A defense lawyer in the widely publicized, political trial of Angela Davis, Moore's list of clients have been many of the leaders of the black liberation struggle: Martin Luther King, Stokely Carmicheal, James Foreman, Cleveland Sellers, H. Rap Brown, Hosea Williams, and Ralph David Abernathy",1,,,no
"From Boston University (Dr. Frank), MA; University of Michigan (Dr. Kim), Ann Arbor; and University of Rochester (Drs. Kieburtz and Holloway), NY",1,,,no
"From Boston University Multipurpose Arthritis and Musculoskeletal Diseases Center, Boston University School of Medicine, Hebrew Rehabilitation Center for Aged, Research and Training Institute, and Harvard Medical School Division on Aging, Boston, Massachusetts; Veterans Administration Headquarters, Washington, D.C.; and National Heart Lung and Blood Institute's Framingham Heart Study, Framingham, Massachusetts",1,Framingham Heart Study,I4210123017,yes
"From Boston University Schools of Medicine and Public Health, Boston, Mass (E.J.B.); Framingham Heart Study, National Heart, Lung, and Blood Institute, National Institutes of Health, Framingham, Mass (E.J.B., D.L.); Krannert Institute of Cardiology, Indiana University, Indianapolis (P.C.); National Heart, Lung, and Blood Institute, National Institutes of Health, Bethesda, Md (D.E.B., A.M.M.); Brigham and Women’s Hospital, Boston, Mass (C.M.A.); University of Minnesota, Minneapolis (A.A.); Johns",1,"Framingham Heart Study | Indiana University – Purdue University Indianapolis | National Heart, Lung, and Blood Institute | University of Minnesota",I4210123017 I55769427 I4210106489 I130238516,yes
"From Brigham and Women's Hospital and Harvard Medical School, Boston, MA (C.A.M.); and Boston University School of Medicine and the National Heart, Lung, and Blood Institute, Framingham Heart Study, Boston, MA (R.S.V.)",1,Framingham Heart Study,I4210123017,yes
"From Cardiac MR PET CT Program, Department of Radiology, Massachusetts General Hospital, Harvard Medical School, Boston, MA (M.T.L., U.H.); Cardiology Division, Department of Medicine, Brigham and Women’s Hospital, Harvard Medical School, Boston, MA (O.K.O.); The Framingham Heart Study of the National Heart, Lung and Blood Institute (NHLBI) and Boston University, Framingham, MA (O.K.O., J.M.M., R.B.D., C.J.O., U.H.); Department of Biostatistics, Boston University School of Public Health, Boston, MA ",1,Framingham Heart Study,I4210123017,yes
"From Cardiovascular Division, Brigham and Women’s Hospital, Boston, MA (C.A.M.); Department of Medicine, Harvard Medical School, Boston, MA (C.A.M.); Broad Institute of Harvard and MIT, Boston, MA (C.A.M.); National Heart Lung and Blood Institute’s and Boston University’s Framingham Heart Study, Framingham, MA (R.S.V.); Evans Departments of Medicine and Epidemiology, Boston University Schools of Medicine and Public Health, MA (R.S.V.); and Preventive Medicine and Cardiology Sections, Boston",1,Framingham Heart Study,I4210123017,yes
"From Cardiovascular Engineering Inc, Norwood, MA (A.A.T., G.F.M.); Data Coordinating Center, Boston University School of Public Health, MA (N.W.); Department of Mathematics and Statistics, Boston University, MA (M.G.L.); National Heart, Lung, and Blood Institute’s Framingham Study, MA (M.G.L., D.L., E.J.B., R.S.V.); Evans Department of Medicine (N.M.H., J.A.V., E.J.B., R.S.V.), Whitaker Cardiovascular Institute (N.M.H., J.A.V., E.J.B., R.S.V.), and Preventive Medicine and Cardiology Sections (E.J.B",1,,,no
"From Cardiovascular Engineering Inc, Norwood, Mass (G.F.M.); Data Coordinating Center, Boston University School of Public Health, Boston, Mass (N.W., J.N.P.); Department of Mathematics and Statistics, Boston University, Boston, Mass (M.G.L.); NHLBI's Framingham Study, Framingham, Mass (M.G.L., D.L., E.J.B., R.S.V.); National Heart, Lung, and Blood Institute, Bethesda, Md (D.L.); and Evans Department of Medicine (N.M.H., J.A.V., E.J.B., R.S.V.), Whitaker Cardiovascular Institute (N.M.H., J.A.V., E.J",1,Framingham Heart Study,I4210123017,yes
"From Cardiovascular Engineering, Inc, Waltham, Mass (G.F.M.); National Heart, Lung, and Blood Institute Framingham Study, Framingham, Mass (C.G., E.J.B., M.G.L., M.J.K., R.S.V., D.L.); Department of Mathematics and Statistics, Boston University, Boston, Mass (C.G., M.G.L., M.J.K.); Evans Department of Medicine (E.J.B., J.A.V., R.S.V., D.L.), Whitaker Cardiovascular Institute (E.J.B., J.A.V., R.S.V.), and Section of Preventive Medicine (E.J.B., R.S.V.), Boston University School of Medicine, Boston,",1,Framingham Heart Study,I4210123017,yes
"From Cardiovascular Genetics Research, University of Utah, Salt Lake City, UT (P.N.H., S.C.H.); Department of Epidemiology, School of Public Health, University of North Carolina, Chapel Hill, NC (G.H.); Boston University School of Medicine, Boston, MA (R.C.E.); Division of Biostatistics, Washington University, St Louis, Mo (M.A.P.); Division of Epidemiology, School of Public Health (J.S.P.), and Department of Laboratory Medicine and Pathology (J.H.E.), University of Minnesota, Minneapolis, Minn",1,University of Minnesota,I130238516,no
"From Columbia University College of Physicians and Surgeons, New York, NY (L.M., A.H.L.); Boston University School of Medicine, Boston, Mass (E.J.B.); Stanford University School of Nursing, Palo Alto, Calif (K.B.); Mayo Clinic College of Medicine, Rochester, Minn (S.N.H.); Brigham and Women’s Hospital, Boston, Mass (B.W.W.); American Heart Association, Dallas, Tex (R.P.F.); and Segmentation Company, a Division of Yankelovich, Chapel Hill, NC (J.K., T.M., S.L.S.)",1,Stanford University,I97018004,no
"From Department of General and Interventional Cardiology, University Heart Center Hamburg, Germany (C.M., F.M.O., S.B., T.Z., R.B.S.); DZHK (German Center for Cardiovascular Research), partner site Hamburg/Kiel/Luebeck, Germany (C.M., S.B., T.Z., R.B.S.); National Heart, Lung and Blood Institute’s and Boston University’s Framingham Heart Study, MA (T.J.N.); Department of Community Medicine, University of Tromso The Arctic University of Norway, Tromsø (I.N.); Department of Epidemiology and Prevention",1,Framingham Heart Study | Universität Hamburg | University Medical Center Hamburg-Eppendorf,I4210123017 I159176309 I4210108711,yes
"From Department of Medicine, Boston University School of Medicine, MA (G.F.K.); Department of Global Health and Social Medicine, Harvard Medical School, Boston, MA (G.F.K., G.B.); Partners In Health, Boston, MA (G.F.K., G.B.); Department of Medicine, Groote Schuur Hospital and University of Cape Town, South Africa (B.M.M.); Universidade Eduardo Mondlane and the Instituto Nacional de Saúde, Maputo, Mozambique (A.O.M.); Department of Medicine, School of Medicine Universidad Peruana Cayetano Heredia,",1,,,no
"From Eaker Epidemiology Enterprises, LLC, Chili, Wis (E.D.E.); the Department of Mathematics and Statistics, Boston University School of Public Health, Boston, Mass (L.M.S., R.B.D.); the Departments of Neurology and Cardiology, Boston University School of Medicine, Boston, Mass (M.K.-H.); and the National Heart, Lung, and Blood Institutes’ Framingham Heart Study (L.M.S., M.K.-H., R.B.D., E.J.B.), Bethesda, Md",1,Framingham Heart Study,I4210123017,yes
"From Emory University (J.B., A.K., V.G., A.L.S., P.W.F.W.), Atlanta Ga; Epicenter (N.d.R.), Paris, France; the University of Lausanne (N.R.), Switzerland; Massachusetts General Hospital (U.H.), Harvard Medical School, Boston Mass; University of California San Francisco (A.K.); University of Pittsburgh (A.B.N.), Pa; Wake Forest University (S.B.K.), Winston Salem NC; Boston University School of Medicine (R.S.V.), Mass; and the Intramural Research Program (T.B.H.), National Institute of Aging, National",1,"University of California, San Francisco",I180670191,no
"From Evans Department of Medicine and Whitaker Cardiovascular Institute, Boston University School of Medicine, Boston, Mass, and Linus Pauling Institute, Oregon State University, Corvallis (B.F.)",1,,,no
"From Innsbruck Medical University (S.K., J.W.), Innsbruck, Austria; McMaster University (G.P.), Hamilton, Ontario, Canada; the University of Texas Health Science Center at Houston (M.B.), Houston, TX; Harvard Med School (L.Q.), Boston, MA; the National Heart, Lung, and Blood Institute &amp; Framingham Heart Study (J.D., E.J.B.), Boston, MA; Boston University School of Public Health (J.D., E.J.B.), Boston, MA; Erasmus Med Center (A.D., J.C.M.W.), Rotterdam, The Netherlands; the Netherlands Consortium",1,,,no
"From NHLBI’s Framingham Heart Study, Framingham, Mass (M.G.L., R.S.V., E.P.L., C.J.O., D.L.); the Cardiology Division, Department of Medicine, Massachusetts General Hospital, Harvard Medical School, Boston, Mass (C.J.O.); and the Department of Medicine, Boston Medical Center, Boston University School of Medicine, Boston, Mass (G.J.B.)",1,,,no
"From National Heart, Lung and Blood Institute’s Framingham Heart Study, Framingham, MA (T.M.A., C.S.F.); National Heart, Lung, and Blood Institute, Bethesda, MD (T.M.A., C.S.F.); Department of Endocrinology, Hypertension, and Diabetes, Brigham and Women’s Hospital and Harvard Medical School, Boston, MA (T.M.A., A.P., C.S.F.); Department of Biostatistics, Boston University School of Public Health, MA (J.M.M.); and Department of Radiology, Massachusetts General Hospital and Harvard Medical School,",1,Framingham Heart Study,I4210123017,yes
"From National Heart, Lung, and Blood Institute’s Framingham Heart Study, Framingham, Mass (J.P.S., M.G.L., H.T., J.C.E., C.J.O., D.L.); the National Heart, Lung, and Blood Institute, Bethesda, Md (C.J.O., D.L.); the Division of Epidemiology and Preventive Medicine, Boston University School of Medicine, Boston, Mass (J.P.S., M.G.L., J.C.E., D.L.); the Divisions of Cardiology and Clinical Epidemiology, Beth Israel Hospital, Boston, Mass (D.L.); the Cardiac Unit, Department of Medicine, Massachusetts",1,"Framingham Heart Study | National Heart, Lung, and Blood Institute",I4210123017 I4210106489,yes
"From Pacing and Arrhythmia Service of the Evans Memorial Department of Clinical Research and Section of Cardiology, University Hospital, Boston, Massachusetts",1,,,no
"From Pacing and Arrththmia Service of the Evans Memorial Department of Clinical Research and Section of Cardiology, University Hospital, Boston, Massachusetts",1,,,no
"From The Program in Genomics Applications: CardioGenomics Group—the Department of Genetics (H.M., S.B., C.E.S., J.G.S.), Massachusetts General Hospital (C.J.O.), and Children’s Hospital (J.N.H.), Harvard Medical School; Boston University School of Medicine, Boston (M.G.L., R.S.V., D.L., E.J.B.); the National Heart, Lung, and Blood Institute’s Framingham Heart Study, Framingham, Mass (M.G.L., R.S.V., C.J.O., D.L., D.C., E.J.B.); and Massachusetts Institute of Technology, Cambridge, Mass (J.N.H.)",1,Framingham Heart Study | Massachusetts Institute of Technology,I4210123017 I63966007,yes
"From Vanderbilt Memory &amp; Alzheimer’s Center, Department of Neurology, Vanderbilt University Medical Center, Nashville, TN (A.L.J.); Departments of Neurology (A.S.B., J.J.H., S.S., P.A.W., R.A.) and Medicine (E.J.B.), Boston University School of Medicine, Boston, MA; National Heart, Lung, and Blood Institute’s Framingham Heart Study, Framingham, MA (A.S.B., J.J.H., S.S., C.J.O., P.A.W., R.A., E.J.B.); Departments of Epidemiology (E.J.B.) and Biostatistics (A.S.B.), Boston University School of",1,Framingham Heart Study,I4210123017,yes
"From the
*Institute for Behavioral Health, Heller School for Social Policy and Management, Brandeis University, Waltham, Massachusetts†Clinical Addiction Research and Education Unit, Section of General Internal Medicine, Boston Medical Center, Boston, Massachusetts‡Youth Alcohol Prevention Center§Department of Epidemiology, Boston University School of Public Health, Boston, Massachusetts∥Department of Psychiatry, University of Michigan, Ann Arbor, Michigan#Department of Veterans Affairs, Health Services Research and Development, Serious Mental Illness Treatment Research and Evaluation Center, Ann Arbor, Michigan",1,,,no
"From the
*John F. Kennedy School of Government, Harvard University, Cambridge, Massachusetts†School of Medicine, Boston University, Boston, Massachusetts‡Samuel Bronfman Department of Medicine§Brookdale Department of Geriatrics and Adult Development, Mount Sinai School of Medicine, New York, New York∥Department of Epidemiology, School of Public Health, Columbia University, New York, New York",1,,,no
"From the 1Department of Cardiology, Hillingdon Hospital, Uxbridge, Middlesex, UB8 3NN, UK, 2Department of Medical Oncology/Hematology, Princess Margaret Hospital, University Health Network, Toronto, Ontario, Canada, MG5 2M9, 3Boston University Medical Center, Section of Hematology/Oncology, Boston, MA 02118, USA, 4Amyloidosis Center, University of Heidelberg, D-69120 Heidelberg, Germany, 5Amyloidosis Research and Treatment Center, Fondazione IRCCS Policlinico San Matteo, and Department of Biochemistry, University of Pavia, 27100 Pavia, Italy, 6Immuno-Hematology, Hôpital Saint Louis, 75475 Paris cedex 10, France, 7Multiple Myeloma and Amyloidosis Program, Cedars-Sinai Medical Center, Los Angeles, CA 90048, USA, 8Hematology Department, Institute of Hematology and Oncology, Institut d'Investigacions Biomèdiques August Pi i Sunyer, Hospital Clínic, University of Barcelona, E-08036 Barcelona, Spain, 9Hematology and Medical Oncology, Winship Cancer Institute of Emory University, Atlanta, GA 30322, USA, 10Memorial Sloan-Kettering Cancer Center, New York, NY 10065, USA, 11Johnson & Johnson Oncology Research & Development, Raritan, NJ 08869-1424, USA, 12Johnson & Johnson Pharmaceutical Research & Development, B-2430, Beerse, Belgium, 13Johnson & Johnson Oncology Research & Development, High Wycombe, Buckinghamshire, HP12 4EG, UK and 14Tufts Medical Center, Boston, MA 02111, USA",1,Johnson & Johnson (United States) | Memorial Sloan Kettering Cancer Center | University Hospital Heidelberg | University Hospital and Clinics | Princess Margaret Cancer Centre | Hillingdon Hospital | University Health Network | Heidelberg University,I1330063522 I1334819555 I2802164966 I4210108968 I2802654988 I2802900303 I1325899441 I223822909,no
"From the Arthritis and Connective Tissue Disease Section, the Thorndike Memorial Laboratory and Division of Medicine, Boston City Hospital, Boston University School of Medicine, Boston, MA",1,,,no
"From the Boston University Marine Program, Marine Biological Laboratory, Woods Hole, Massachusetts 02543",1,Marine Biological Laboratory,I1338920048,no
"From the Boston University School of Medicine, Boston, MA (K.E.T.); National Heart, Lung, and Blood Institute’s (NHLBI) Framingham Heart Study, Framingham, MA (K.E.T., A.P., J.M., C.S.F.); Department of Internal Medicine and Department of Computational Medicine and Bioinformatics, University of Michigan Medical School, Ann Arbor, MI (E.K.S.); Department of Biostatistics, Boston University School of Public Health, Boston, MA (J.M.M.); Section of General Internal Medicine, Boston University School of",1,Framingham Heart Study,I4210123017,yes
"From the Boston University Schools of Medicine and Public Health (A.P., A.S.B., J.J.H., R.A., M.H.-K., C.S.K., R.S.V., P.A.W., S.S.), Boston, Mass; Framingham Heart Study (A.P., A.S.B., R.A., M.H.-K., C.S.K., R.S.V., P.A.W., S.S.), Framingham, Mass; University of Hamburg (R.H.B., R.M., E.S., F.S.), Hamburg, and University of Erlangen-Nuremberg (R.M.), Nuremberg, Germany; and University of California at Davis (C.d.C.), Sacramento, Calif",1,Framingham Heart Study | Universität Hamburg,I4210123017 I159176309,yes
"From the Boston University Schools of Medicine and Public Health (A.P., A.S.B., J.W., J.J.H., M.K.-H., C.S.K., Q.Y., S.S., P.A.W.), Boston; and Framingham Heart Study (A.P., A.S.B., M.K.-H., C.S.K., Q.Y., S.S., P.A.W.), Framingham, MA",1,Framingham Heart Study,I4210123017,yes
"From the Boston University Schools of Medicine and Public Health, Boston, MA (A.P., A.S.B., J.J.H., S.D., R.A., M.K.-H., C.S.K., P.A.W., R.S.V., S.S.); Framingham Heart Study, Framingham, MA (A.P., A.S.B., S.D., R.A., T.J.W., M.K.-H., C.S.K., P.A.W., R.S.V., S.S.); University of California at Davis, Sacramento (C.D.C.); Jean Mayer US Department of Agriculture, Human Nutrition Research Center on Aging at Tufts University, Boston, MA (J.S.); Royal North Shore Hospital, Sydney, Australia (G.H.T.); and",1,Framingham Heart Study,I4210123017,yes
"From the Boston University Schools of Medicine and Public Health, Boston, MA (A.P., A.S.B., T.C.C., S.R.P., D.V., R.A., M.K.-H., C.S.K., P.A.W., R.S.V., S.S.); Framingham Heart Study, Framingham, MA (A.P., A.S.B., S.R.P., C.D., R.A., M.K.-H., C.S.K., P.A.W., R.S.V., S.S.); and University of California at Davis, Sacramento (C.D.)",1,Framingham Heart Study,I4210123017,yes
"From the Boston University’s and National Heart, Lung and Blood Institute’s Framingham Heart Study, MA (F.N.D., B.T.L., E.W.O., P.S., E.J.B., R.S.V.); Cardiovascular Division, Department of Medicine, University of California San Francisco (F.N.D.); Center for Primary Health Care Research, Lund University, Malmö, Sweden (X.L., B.Z., K.S.); Department of Biostatistics (S.L., Q.Y., V.X.), Department of Epidemiology (V.X., E.J.B., R.S.V.), and Cardiology and Preventive Medicine Sections, Department of",1,"Framingham Heart Study | University of California, San Francisco",I4210123017 I180670191,yes
"From the Boston tiniuersity School of Medicine, Biophysics Institute, Departments of Medicine Biochemistry, Boston, Massachusetts 02118",1,,,no
"From the Cardiac MR CT PET Program, Department of Radiology (G.A.R., U.H., A.A.M.), and the Cardiology Division (C.J.O.), Massachusetts General Hospital, Harvard Medical School, Boston; Federal Foundation School of Medical Sciences of Porto Alegre (G.A.R.), Porto Alegre, Rio Grande do Sul, Brazil; Boston University Department of Mathematics (J.M.M.), Boston, Mass; Department of Cardiology, Boston Medical Center (F.L.R., R.S.V.), Boston, Mass; Framingham Heart Study of the National Heart, Lung, and",1,Boston Medical Center,I1286490081,no
"From the Cardiology Section, Evans Memorial Department of Clinical Research and Department of Medicine, University Hospital, Boston Universiiy Medical Center, Boston, Massachusetts and The Division of Cardiology, Veterans Administration Hospital and the University of California, San Francisco, California",1,"Boston Medical Center | University of California, San Francisco",I1286490081 I180670191,no
"From the Cardiology Section, Whitaker Cardiovascular Institute, Evans Department of Medicine, Boston University School of Medicine, Boston, MA (J.W.M., E.J.B.); National Heart Lung and Blood Institute’s and Boston University’s Framingham Heart Study, Framingham, MA (J.W.M., E.J.B.); Data Coordinating Center (N.W.), Department of Biostatistics (K.P.N.), and Department of Epidemiology (E.J.B.), Boston University School of Public Health, Boston, MA; Department of Medicine, University of Tennessee,",1,Framingham Heart Study,I4210123017,yes
"From the Cardiology Section, Whitaker Cardiovascular Institute, Evans Department of Medicine, Boston University School of Medicine, Boston, MA (J.W.M., E.J.B.); National Heart Lung and Blood Institute’s and Boston University’s Framingham Heart Study, Framingham, MA (J.W.M., E.J.B.); Data Coordinating Center (N.W.), Department of Biostatistics (K.P.N.), and Department of Epidemiology (E.J.B.), Boston University School of Public Health, Boston, MA; Department of Medicine, University of Tennessee, Memphis, TN (S.C.); Section of Electrophysiology, Division of Cardiovascular Medicine, University of Pennsylvania, Philadelphia, PA (R.D.); Department of General Internal Medicine, University of Bern, Bern, Switzerland (N.R.); Cardiovascular Institute, University of Pittsburgh, Pittsburgh, PA (E.B.S.); Intramural Research Program, National Institute on Aging, National Institutes of Health, Bethesda, MD (M.E.G., C.L.P., T.B.H.); Department of Medicine, San Francisco VA Medical Center, Department of Epidemiology and Biostatistics, University of California, San Francisco, CA (M.G.S.); and Cardiovascular Research Center, Massachusetts General Hospital, Charlestown and Cardiac Arrhythmia Service, Massachusetts General Hospital, Boston, MA (P.T.E.)",1,"Framingham Heart Study | University of California, San Francisco",I4210123017 I180670191,yes
"From the Cardiology and Arthritis and Connective Tissue Disease Sections, the Thomdike Memorial Laboratory and the Division of Medicine, Boston City Hospital, Boston University School of Medicine, Boston, Massachusetts",1,,,no
"From the Cardiovascular Engineering, Inc, Norwood, MA (A.T., L.L.C., G.F.M.); Cardiovascular Research Center, Rhode Island Hospital, W. Alpert Medical School of Brown University, Providence (L.L.C.); National Heart, Lung, and Blood Institute’s and Boston University’s Framingham Heart Study, Framingham, MA (J.R., M.G.L., D.L., E.J.B., R.S.V.); Department of Biostatistics, Boston University School of Public Health, MA (M.G.L.); Evans Department of Medicine (N.M.H., E.J.B., R.S.V.), Whitaker",1,Framingham Heart Study,I4210123017,yes
"From the Cardiovascular Health Research Unit, Departments of Medicine, Epidemiology, and Health Services (B.M.P.), University of Wash; Center for Health Studies, Group Health (B.M.P.), Seattle, Wash; the National Heart, Lung and Blood Institute and the Framingham Heart Study (C.J.O.D.), Framingham, Mass; Icelandic Heart Association and the Department of Cardiovascular Genetics (Y.G.), University of Iceland, Reykjavik, Iceland; Department of Biostatistics (K.L.), Boston University School of Public",1,Framingham Heart Study,I4210123017,yes
"From the Cardiovascular Research Center (N.R.T., E.V.D., R.R.C., J.Y., W.J.H., H.S.J., V.A.P., L.-C.W., R.W.M., J.L.-M., S.A.L., D.J.M., P.T.E.) and Department of Surgery (G.V.), Massachusetts General Hospital, Boston; National Heart, Lung and Blood Institute’s and Boston University’s Framingham Heart, MA (H.L., E.J.B., K.L.L.); Computational Biomedicine Section (H.L.), Cardiology Section (E.J.B.), and Preventive Medicine Section (E.J.B.), Department of Medicine, Boston University School of Medicine",1,Framingham Heart Study,I4210123017,yes
"From the Cardiovascular Research Center (S.A.L., P.T.E.) and Cardiac Arrhythmia Service (S.A.L., P.T.E.), Massachusetts General Hospital, Boston, MA; National Heart, Lung, and Blood Institute's Framingham Heart Study, Framingham, MA (J.W.M., E.J.B.); Section of Cardiovascular Medicine (J.W.M., E.J.B.) and Preventive Medicine Section (E.J.B.), Department of Medicine, Boston University School of Medicine, Boston, MA; and Epidemiology Department, Boston University School of Public Health, Boston, MA (E",1,Framingham Heart Study,I4210123017,yes
"From the Cardiovascular Research Center, Cardiology Division (A.F.S., T.H., A.M., F.A.J.) and Center for Systems Biology (J.R.M.), Department of Cardiology, Massachusetts General Hospital, Harvard Medical School, Boston; Department of Physiology and Biophysics, Boston University School of Medicine, MA (J.A.H.); Department of Biomedical Engineering, Boston University, MA (J.A.H.); Institute of Biological and Medical Imaging, Chair of Biological Imaging, Technical University of Munich, Germany (V.N.);",1,,,no
"From the Cardiovascular Research Center, Massachusetts General Hospital (J.E.H.); Cardiovascular Medicine Section, Department of Medicine (R.S.) and Section of Preventive Medicine and Epidemiology (R.S.V.), Boston University School of Medicine, MA; National Heart, Lung, and Blood Institute’s and Boston University’s Framingham Heart Study, MA (J.E.H., R.S.V., D.L., M.G.L.); Department of Mathematics and Statistics, Boston University, MA (D.E., M.G.L.); Department of Cardiology (F.P.B., H.L.H., P.v.d",1,Framingham Heart Study,I4210123017,yes
"From the Cardiovascular Research Center, Massachusetts General Hospital, Charlestown (M.R., S.A.L., S.M., M.F.S., P.T.E.); Department of Cardiology, University Medical Center Groningen, University of Groningen, Groningen, the Netherlands (M.R., I.C.V.G.); National Heart Lung and Blood Institute's and Boston University's Framingham Heart Study, Framingham, MA (M.R., J.W.M., J.D.F., M.F.S., E.J.B.); Cardiac Arrhythmia Service, Massachusetts General Hospital, Boston (S.A.L., P.T.E.); Cardiology Section",1,University of Groningen | University Medical Center Groningen,I169381384 I1334415907,no
"From the Center for Cardiovascular Disease Prevention, the Division of Preventive Medicine (A.Y.C., F.G., D.I.C., P.M.R.), Division of Genetics (D.I.C.), and Division of Cardiology (P.M.R.), Brigham and Women’s Hospital, Boston, MA; Helmholtz ZentrumMünchen, German Research Center for Environmental Health, Research Unit of Molecular Epidemiology, Neuherberg, Germany (H.G.); National Heart, Lung, and Blood Institute’s and Boston University’s Framingham Heart Study, Framingham, MA (J.D.); Department",1,Framingham Heart Study,I4210123017,yes
"From the Center for Disaster and Extreme Event Preparedness, the Comprehensive Drug Research Center, and the Department of Public Health Sciences, University of Miami Miller School of Medicine, Miami (J.M.S.); and the School of Public Health, Boston University, Boston (S.G.)",1,,,no
"From the Center for Healthcare Organization and Implementation Research (CHOIR), Bedford VAMC Campus, Bedford, MA (A.M.B.); Department of Health Policy and Management, Boston University School of Public Health, MA (A.M.B.); Department of Medicine (A.M.B., A.H.) and Department of Surgery (H.J.M., A.K.R.), Boston University School of Medicine, MA; CHOIR, Boston VA Campus, MA (Q.C., H.J.M., M.S., A.H., A.K.R.); Boston University Questrom School of Business, MA (M.S.); Brigham and Women’s Hospital Heart",1,,,no
"From the Center for Policy and Research in Emergency Medicine, Department of Emergency Medicine (LMY, RF), and the Department of Public Health and Preventive Medicine (RF), Oregon Health & Science University, Portland, OR; the Department of Emergency Medicine, North Shore University Hospital (JL), Manhasset, NY; the Department of Emergency Medicine, Boston Medical Center and Boston University School of Medicine, (JAL) Boston, MA; Department of Emergency Medicine, Alameda County–Highland General Hospital (HGH), Oakland, CA; the Department of Emergency Medicine, Wake Forest University Health Sciences (CL), Winston-Salem, NC; the Department of Emergency Medicine, Mayo Clinic (DMN), Rochester, MN; the Department of Emergency Medicine, The Ohio State University Medical Center (NK), Columbus, OH; and the Division of Emergency Medicine, University of Wisconsin School of Medicine and Public Health (JT), Madison, WI",1,,,no
"From the Center for Policy and Research in Emergency Medicine, Department of Emergency Medicine (LMY, RF, EC, PB), Department of Public Health and Preventive Medicine (RF), Oregon Health and Science University, Portland, OR; Department of Emergency Medicine, Boston Medical Center and Boston University School of Medicine, (JAL) Boston, MA; Department of Emergency Medicine, Alameda County – Highland General Hospital, (HGH) Oakland, CA; Department of Emergency Medicine, Wake Forest University Health Sciences, (CL) Winston-Salem, NC; Department of Emergency Medicine, Mayo Clinic, (DMN) Rochester, MN; Department of Emergency Medicine, North Shore University Hospital, (JL) Manhasset, NY",1,Wake Forest University Health Sciences,I4405269449,no
"From the Center for Stroke Research, Chicago, Ill (P.B.G.); William Harvey Research Institute, London, UK (G.V.R.B.); Boston University, Boston, Mass (R.B.D.); The Johns Hopkins Hospital, Baltimore, Md (D.F.H.); The University of Texas Health Science Center, Houston, Tex (L.M.); and University of Florida College of Medicine, Gainesville, Fla (C.J.P.)",1,,,no
"From the Chobanian & Avedisian School of Medicine, Boston, MA, USA (A.R.T., F.R.L.). NHLBI's Framingham Heart Study, Framingham, MA, USA (A.P., S.D., S.S, J.R.R.). Department of Biostatistics, Boston University School of Public Health, Boston, MA, USA (A.P, S.D.); Department of Neurology. University of California at Davis, Davis, CA, USA (C.D., P.M); and Department of Radiology Veterans Affairs Boston Health (P.P.). Department of Neurology Chobanian & Avedisian School of Medicine, Boston, MA, USA (A.C., S.S, J.R.R.). From the The Glenn Biggs Institute for Alzheimer's and Neurodegenerative Diseases, University of Texas Health Sciences Center, San Antonio, TX 78229, USA (M.H.)",1,Framingham Heart Study | The University of Texas at San Antonio Health Science Center,I4210123017 I165951966,yes
"From the Circulation Editorial Offices, Boston MA (C.S.F., M.A.B., J.J.R., J.M.M., K.B., J.L.); Cardiovascular Division, Department of Medicine, Brigham and Women’s Hospital and Harvard Medical School, Boston, MA (M.A.B.); Division of Cardiovascular Medicine, Department of Medicine, University of Utah, Salt Lake City, UT (J.J.R.); Department of Biostatistics, Boston University School of Public Health, Boston, MA (J.M.M.); and Department of Medicine, Brigham and Women’s Hospital, Harvard Medical",1,,,no
"From the Countess of Chester Hospital, Chester, and Department of Medicine, University of Manchester, Manchester, UK (M.K.R.); Harvard Medical School and General Internal Medicine Unit, Department of Medicine, Massachusetts General Hospital, Boston (J.B.M.); Boston University School of Public Health (L.M.S., R.D.A.); and Boston University School of Medicine and National Heart, Lung, and Blood Institute’s Framingham (Mass) Heart Study, Boston, Mass (P.W.F.W.)",1,Framingham Heart Study | University of Manchester,I4210123017 I28407311,yes
"From the Dana-Farber Cancer Institute (Drs Sorensen, McLellan, and Allen), Boston, Mass; Harvard School of Public Health (Drs Sorensen, Pronk, Okechukwu, and Wagner), Boston, Mass; Northeastern University (Dr Dennerlein), Boston, Mass; HealthPartners, Inc (Dr Pronk), Minneapolis, Minn; Boston University School of Public Health (Dr Boden), Boston, Mass; Partners HealthCare, Inc (Dr Hashimoto), Boston, Mass; Boston College Law School (Dr Hashimoto), Newton Centre, Mass; New England Research Institutes (Dr Stoddard), Watertown, Mass; and National Institute for Occupational Safety and Health (Dr Wagner), Washington, DC",1,,,no
"From the Department of Anesthesiology, Ruijin Hospital, Shanghai Jiaotong University School of Medicine, Shanghai, China (X.Y., B.Y.); the Department of Anesthesia, Critical Care and Pain Medicine (X.Y., Y.J., J.B.D., F.M.-O., E.S.H., S.A.F.), and the Center for Regenerative Medicine (R.D.), Massachusetts General Hospital, Boston, Massachusetts; and the Department of Chemistry and Center for Molecular Discovery, Boston University, Boston, Massachusetts (L.E.B., R.T., W.X., S.E.S., J.A.P.)",1,,,no
"From the Department of Biostatistics (A.L.D., J.L.), Boston University School of Public Health, Mass; the Departments of Neurology (A.L.D.) and Epidemiology and Preventive Medicine (M.G.L., E.J.B., R.S.V., D.L.), Cardiology Section (E.J.B., R.S.V., D.L.), Boston University School of Medicine, Mass; the National Heart, Lung, and Blood Institute’s Framingham Heart Study (M.G.L., E.J.B., R.S.V., D.C., D.L.), Framingham, Mass; and Cardiovascular Engineering, Inc. (G.F.M.), Holliston, Mass",1,Framingham Heart Study,I4210123017,yes
"From the Department of Biostatistics (Q.Y.), Boston University School of Public Health, Boston, Mass; NHLBI's Framingham Heart Study (Q.Y., M.-H.C., S.-J.H., M.G.L., C.J.O., C.S.F.), Framingham, Mass; Department of Epidemiology (A.K., M.L., W.H.L.K., J.C.), Johns Hopkins University, Baltimore, Md; Department of Epidemiology (A.D., C.M.v.D., A.H., B.S., J.C.W.), Erasmus Medical Center, Rotterdam, The Netherlands (Member of The Netherlands Consortium on Healthy Aging [NCHA]); Icelandic Heart",1,,,no
"From the Department of Cardiology, Cleveland Clinic Foundation, Cleveland, Ohio (M.S.L.); the Department of Cardiology, the New York Hospital-Cornell Medical Center, New York, NY (P.M.O.); the Department of Preventive Medicine and Epidemiology, Boston (Mass) University School of Medicine (M.G.L.); and the Framingham Heart Study, National Heart, Lung, and Blood Institute, Framingham, Mass (M.G.L., J.C.E., D.L.)",1,Framingham Heart Study | Cornell University,I4210123017 I205783295,yes
"From the Department of Cardiology, Section of Heart Failure and Transplantation, Cleveland Clinic Foundation; the Department of Preventive Medicine and Epidemiology, Boston University School of Medicine; and the National Heart, Lung, and Blood Institute’s Framingham Heart Study, National Institutes of Health (NIH/NHLBI contract N01-HC-38038)",1,"Framingham Heart Study | National Heart, Lung, and Blood Institute",I4210123017 I4210106489,yes
"From the Department of Cardiology, University Medical Center Groningen, University of Groningen, Groningen, The Netherlands (M.R.); National Heart Lung and Blood Institute's and Boston University's Framingham Heart Study, Framingham, MA (D.D.M., E.J.B.); Cardiac Electrophysiology Section, Department of Medicine, University of Massachusetts Medical School, Worcester, MA (D.D.M.); Department of Biomedical Engineering, Worcester Polytechnic Institute, Worcester, MA (D.D.M.); Cardiology Section,",1,University of Massachusetts Chan Medical School | University Medical Center Groningen | University of Groningen,I166722992 I1334415907 I169381384,no
"From the Department of Clinical Neurosciences and Hotchkiss Brain Institute (E.E.S.), University of Calgary, AB, Canada; and Department of Neurology (J.R.R.), Boston University School of Medicine, and Framingham Heart Study, MA",1,,,no
"From the Department of Environmental Health, Harvard School of Public Health (Drs. Kales and Christiani) and Harvard Medical School (Dr. Kales), Cambridge, Mass; the Department of Medicine (Dr. Feldman) and Division of Sociomedical Sciences and Community Medicine, Emergency Medicine, (Dr. Fish), Boston University School of Medicine, Boston; and the Department of Environmental Health, Boston University School of Public Health, Boston (Drs. Pepper and Ozonoff)",1,,,no
"From the Department of Epidemiology (A.D., M.K., A.H., C.M.v.D., Y.S.A., J.C.W.), Erasmus Medical Center, Rotterdam, The Netherlands; National Heart, Lung, and Blood Institute Framingham Heart Study (Q.Y., M.G.L., J.M.M., S.K., A.D.J., C.J.O.), Framingham, Mass; Department of Biostatistics (A.D., Q.Y., M.-H.C.), School of Public Health, Boston University; Department of Neurology and Framingham Heart Study (M.-H.C.), Boston University, Boston, Mass; Division of Biostatistics University of Minnesota ",1,Framingham Heart Study | University of Minnesota,I4210123017 I130238516,yes
"From the Department of Health Law, Bioethics, and Human Rights, Boston University School of Public Health, Boston (G.J.A.); and the University of Pennsylvania School of Law (T.W.R.) and Perelman School of Medicine and the Leonard Davis Institute of Health Economics (J.P.R.) — all in Philadelphia",1,,,no
"From the Department of Health and Social Behavior, Harvard School of Public Health, and Channing Laboratory, Harvard Medical School (I.K., L.D.K.); Normative Aging Study, Department of Veterans Affairs Outpatient Clinic (D.S., A.S., P.S.V.); Boston University School of Public Health (A.S.), and Section of Preventive Medicine and Epidemiology and Evans Memorial Department of Clinical Research, Department of Medicine, Boston Medical Center, Boston University School of Medicine (P.S.V.); Channing",1,,,no
"From the Department of Mathematics , University ofBoston , and the Radcliffe Institute , Harvard University",1,,,no
"From the Department of Mathematics, University ofBoston, and the Radcliffe Institute, Harvard University",1,Harvard University,I136199984,no
"From the Department of Medicine (Cardiovascular Division) and Radiology, Brigham and Women's Hospital, Harvard Medical School, Boston, MA (R.B.); the Section of Cardiovascular Medicine, Yale University, New Haven, CT (K.N.); the National Heart, Lung, and Blood Institute and Boston University Framingham Heart Study, Framingham, MA (J.F.); and the Cardiac MR PET CT Program (W.A., F.B., I.S.R., C.L.S., A.T., T.J.B., U.H., Q.A.T.), the Division of Cardiology (Q.A.T.), the Department of Radiology (A.T.,",1,Framingham Heart Study,I4210123017,yes
"From the Department of Medicine (E.M.H., L.E.H.), Research Unit-Section of General Internal Medicine, Boston University School of Medicine, Mass; the Department of Medicine (J.D.), Cardiology Division, University of Pittsburgh, Pa; the Department of Medicine (C.E.-M.), University of Virginia, Charlottesville, Va; and the Department of Medicine (C.S., S.R.), Massachusetts General Hospital, Boston, Mass",1,,,no
"From the Department of Medicine (H.W., W.Z., C.Z., C.B., B.R.B., Y.H.), University of Minnesota, Minneapolis; the Department of Anesthesiology (C.Z.), New Jersey Medical School, University of Medicine &amp; Dentistry of New Jersey, Newark; the Department of Neurology (J.-F.C.), Boston University School of Medicine, Boston, Mass; the Department of Medicine (J.L.), University of Virginia Health System, Charlottesville; and the Department of Nutrition and Food Science (C.W.), Texas A&amp;M University,",1,University of Minnesota,I130238516,no
"From the Department of Medicine, Brigham and Women’s Hospital and Boston Veterans Affairs Healthcare System, Harvard Medical School, Boston, MA (T.F.I., Y.P., J.M.G., L.D.); Preventive Medicine and Epidemiology, Boston University School of Medicine, MA (R.C.E.); Department of Radiology and Radiological Sciences, Vanderbilt University, Nashville, TN (J.J.C.); Department of Epidemiology, University of Alabama at Birmingham (D.K.A.); Division of Epidemiology and Community Health, University of",1,,,no
"From the Department of Medicine, Cardiovascular Division (M.F., A.A., C.J.S., W.J.M., M.L.C.) and Department of Radiology (W.J.M.), Beth Israel Deaconess Medical Center, Boston, MA; Hospital de Clinicas de Porto Alegre, Federal University of Rio Grande do Sul, Porto Alegre, Brazil (M.F.); Department of Medicine, Boston University School of Medicine, MA (G.A., D.L.); The National Heart, Lung, and Blood Institute’s Framingham Heart Study, Framingham, MA (P.G., S.J.B., D.L., C.J.O., M.L.C.); College of",1,Framingham Heart Study | Universidade Federal do Rio Grande do Sul,I4210123017 I130442723,yes
"From the Department of Medicine, Cardiovascular Division, Beth Israel Deaconess Medical Center, Boston, MA (C.W.T.); Departments of Biostatistics (K.M.P., J.M.M.) and Epidemiology (E.J.B.), School of Public Health, and Department of Medicine, Sections of Cardiology and Preventative Medicine (E.J.B., R.S.V.), Boston University School of Medicine, MA; National Heart, Lung, and Blood Institute, Bethesda, MD (D.L.); The Framingham Heart Study, MA (C.W.T., E.J.B., D.L., R.S.V., C.J.O.); Division of",1,,,no
"From the Department of Medicine, Division of Geriatric Medicine, and the Easton Center for Alzheimer's Disease Research (Z.S.T.), David Geffen School of Medicine at the University of California at Los Angeles, Los Angeles; Cardiovascular Health Research Center (W.S.H.), Sanford Research, University of South Dakota, Sioux Falls; Department of Biostatistics (A.S.B., J.J.H.), Boston University School of Public Health, Boston; Departments of Neurology (A.S.B., J.J.H., S.S., R.A., S.D., A.P., P.A.W.) and",1,"University of California, Los Angeles",I161318765,no
"From the Department of Medicine, Section of General Internal Medicine, Boston University Chobanian and Avedisian School of Medicine (C.G.S., S.L.K.), and the GenderCare Center (C.G.S.) and the Immigrant and Refugee Health Center (S.L.K.), Boston Medical Center — both in Boston; and the LGBT Rights Program and Global Health Initiative, Human Rights Watch, San Francisco (K.K.)",1,,,no
"From the Department of Medicine, Section of Preventive Medicine and Epidemiology, Evans Memorial Research Foundation, Boston University School of Medicine/Framingham Heart Study, Boston, Mass",1,Framingham Heart Study | Memorial Foundation,I4210123017 I4210118445,yes
"From the Department of Medicine, University of Massachusetts Medical School, Worcester (A.Y.S.); Data Coordinating Center (N.W.), Department of Biostatistics (X.Y., M.G.L.), Department of Epidemiology (R.S.V.), and Department of Epidemiology (E.J.B.), Boston University School of Public Health, MA; National Heart Lung and Blood Institute’s and Boston University’s Framingham Heart Study, MA (X.Y., M.G.L., R.S.V., E.J.B.); Section of Cardiovascular Medicine, Preventive Medicine and Epidemiology,",1,Framingham Heart Study,I4210123017,yes
"From the Department of Molecular Behavioral Biology (Drs. Urade, Eguchi, Qu, Sakata, Huang and Hayaishi), Osaka Bioscience Institute, Osaka, Japan; Department of Neurology (Drs. Chen and Fink), Boston University School of Medicine, Boston, MA; and Molecular Neurobiology Laboratory (Dr. Schwarzschild), Massachusetts General Hospital, Boston, MA",1,,,no
"From the Department of Neurology (C.A.C.W, P.A.W, C.S.K, M.K.-H.), Boston University School of Medicine, and the Department of Epidemiology and Biostatistics (A.S.B.), Boston University School of Public Health (Mass), and the Framingham Study, National Heart, Lung, and Blood Institute, Framingham, Mass",1,Framingham Heart Study,I4210123017,yes
"From the Department of Neurology (Dr. Schwarzschild), Massachusetts General Hospital; Department of Neurology (Dr. Chen), Boston University School of Medicine; and Department of Nutrition (Dr. Ascherio), Harvard School of Public Health, Boston, MA",1,,,no
"From the Department of Neurology (Drs. Bachman, Wolf, Linn, and Knoefel), Boston University School of Medicine, Boston, MA; Department of Mathematics (J. Cobb, A. Belanger, and Dr. D'Agostino), Boston University, Boston, MA, and Epidemiology, Demography, and Biometry Program (Dr. White), National Institute on Aging, Bethesda, MD",1,,,no
"From the Department of Neurology (F.N., M.R.F.), Emory University, Atlanta, GA; the School of Public Health (A.L., S.J., J.A., V.J.H.), University of Alabama at Birmingham, Birmingham; and the Departments of Pediatrics and Epidemiology (P.K.N.), Boston University, Boston, MA",1,,,no
"From the Department of Neurology (J.R.R., A.B., P.A.W., C.S.K., S.S.), Section of Preventive Medicine (V.S.R.), and Department of Cardiology (V.S.R.), School of Medicine and Department of Biostatistics (S.R.P., A.B., J.J.H.), School of Public Health at Boston University, MA; Department of Medicine-Neurology, McMaster University and Population Health Research Institute, Hamilton, Ontario, Canada (A.S.); Department of Neurology, University of California-Davis (C.D.); and the NHLBI’s Framingham Heart",1,"University of California, Davis",I84218800,no
"From the Department of Neurology (J.S.), Center for Cognitive Neurology, New York University Grossman School of Medicine, New York; The Framingham Study (J.S., A.S.B., J.K.S., A.O., H.J.A., S.S.); Department of Biostatistics (A.S.B., J.K.S., A.O.), Boston University School of Public Health; Department of Neurology (A.S.B., H.J.A., S.S.), Boston University School of Medicine, MA; Department of Neurology (C.S.D.), University of California Davis; and Glenn Biggs Institute for Alzheimer's and",1,"University of California, Davis",I84218800,no
"From the Department of Neurology at Boston University School of Medicine (S.S.); the Framingham Heart Study (S.S.), Framingham, MA; and the Department of Neurology (F.-E.d.L.), Donders Institute of Brain Behaviour &amp; Cognition, Center for Neuroscience, Radboud University Medical Center Nijmegen, the Netherlands",1,Framingham Heart Study | Radboud University Nijmegen | Radboud University Medical Center,I4210123017 I145872427 I2802934949,yes
"From the Department of Neurology, Boston University School of Medicine (H.-J.L., P.A.W.); Cardiology Section, Boston City Hospital, Boston University School of Medicine (E.J.B.); Department of Mathematics, Boston University (A.J.B., R.B.D’A.); and the Framingham Study, National Heart, Lung, and Blood Institute, Framingham, Mass",1,Framingham Heart Study,I4210123017,yes
"From the Department of Neurology, Boston University School of Medicine (M. K.-H., P.A.W., C.S.C.), and the Department of Mathematics (J.M.M., R.B.D’A.), Boston, and the Framingham Study, National Heart, Lung, and Blood Institute, Framingham (F.N.B.), Mass",1,Framingham Heart Study,I4210123017,yes
"From the Department of Neurology, Boston University School of Medicine and the Framingham Heart Study, Boston, Mass",1,Framingham Heart Study,I4210123017,yes
"From the Department of Neurology, Boston University School of Medicine, Boston, MA (S.D., M.-H.C., A.D., S.-H.C., Q.Y., R.S.V., S.S.); the National Heart, Lung, and Blood Association's Framingham Heart Study (S.D., M.-H.C., A.D., Q.Y., R.S.V., S.S.); the “Cardiovascular Genetics” Research Unit, Université Henri Poincaré, Nancy, France (S.V.-S., M.A.N., J.-B.M., G.S., M.P.); the Department of Medical Epidemiology and Biostatistics, Karolinska Institutet, Stockholm, Sweden (E.I.); the Department of",1,Framingham Heart Study | Université de Lorraine | Karolinska Institutet,I4210123017 I90183372 I28166907,yes
"From the Department of Neurology, Boston University School of Medicine, MA; and Framingham Heart Study, MA",1,Framingham Heart Study,I4210123017,yes
"From the Department of Neurology, University of Münster (Germany) (E.B.R., D.W.D.); Department of Neurology, Boston University, Boston, Mass (V.L.B.); Division of Medical Physics, University of Leicester (UK) (D.H.E.); Department of Neurology, Northern General Hospital, Glasgow, Scotland (D.G.G.); Department of Neurology, University of Lübeck (Germany) (M.K.); Department of Clinical Neurosciences, King’s College School of Medicine and Dentistry and Institute of Psychiatry, London, UK (H.S.M.);",1,,,no
"From the Department of PM&R, University of Pittsburgh Medical Center, Pittsburgh, Pennsylvania (AS); Biostatistics and Epidemiology Data Analytics Center (BEDAC), Boston University School of Public Health, Boston, Massachusetts (NW); Boston University, Boston, Massachusetts (DTF); University of Alabama at Birmingham, Birmingham, Alabama (CEL); University of California, San Francisco, San Francisco, California (MCN); University of Kansas Medical Center, Kansas City, Kansas (NAS); and The University of Iowa, Iowa City, Iowa (NAS)",1,"University of California, San Francisco",I180670191,no
"From the Department of Pediatrics, Boston University School of Medicine (JOK), and the Division of Pediatric Infectious Diseases, Boston City Hospital (BMW, JOK), Boston, MA",1,,,no
"From the Department of Periodontology and Oral Biology (L.L., E.L.B., S.A.), School of Dental Medicine, Boston University, and Massachusetts General Hospital (E.M., R.A.L.), Boston, Mass",1,,,no
"From the Department of Periodontology and Oral Biology, Henry M. Goldman School of Dental Medicine and",1,,,no
"From the Department of Physical Therapy, Movement, and Rehabilitation                    Sciences, Northeastern University, 360 Huntington Ave, 301 Robinson Hall,                    Boston, MA 02115 (J.J.S.); the Clinical Epidemiology Research and Training Unit                    (R.W., T.N., D.T.F., J.J.S.) and Quantitative Imaging Center, Department of                    Radiology (M.R., M.J., F.W.R., A.G.), Boston University School of Medicine,                    Boston, Mass; Department of Radiology,",1,,,no
"From the Department of Physical Therapy, Movement, and Rehabilitation Sciences, Northeastern University, 360 Huntington Ave, 301 Robinson Hall, Boston, MA 02115 (J.J.S.); the Clinical Epidemiology Research and Training Unit (R.W., T.N., D.T.F., J.J.S.) and Quantitative Imaging Center, Department of Radiology (M.R., M.J., F.W.R., A.G.), Boston University School of Medicine, Boston, Mass; Department of Radiology,",1,,,no
"From the Department of Physiology and Biophysics (M.R.A., D.A., C.V.G., C.W.C.) and Department of Pharmacology and Experimental Therapeutics, Photonics Center (C.V.G.), Boston University School of Medicine, Boston, Massachusetts; Department of Neurobiology, University of Massachusetts Medical School, Worcester, Massachusetts (J.F., M.A.); and Department of Anesthesiology, Perioperative and Pain Medicine, Brigham and Women’s Hospital, Boston, Massachusetts (C.W.C.)",1,,,no
"From the Department of Physiology and Functional Genomics (J.Y.C., M.T., L.E.B., M.L.G., H.K.), University of Florida College of Medicine, Gainesville, Fla; Cardiology Division (J.T.L.), University of California, San Francisco; Department of Radiation Oncology (N.H.), Washington University School of Medicine, St Louis, Mo; Cardiovascular Research (E.O.W.), Boston University Medical Center, Boston, Mass; Department of Molecular Cardiovascular Biology (H.A.), Yamaguchi University School of Medicine,",1,"University of Florida | University of California, San Francisco",I33213144 I180670191,no
"From the Department of Preventive Medicine (D.M.L.-J.), Feinberg School of Medicine, Northwestern University, Chicago, Ill; National Heart, Lung, and Blood Institute’s Framingham Heart Study (E.P.L., M.G.L., R.S.V., D.L.), National Institutes of Health, Framingham, Mass; the Division of Epidemiology and Preventive Medicine (M.G.L., R.S.V., D.L.), Boston University School of Medicine, Boston, Mass; and the National Heart, Lung, and Blood Institute (D.L.), Bethesda, Md",1,Framingham Heart Study,I4210123017,yes
"From the Department of Psychiatry (H.C.), Cardiovascular Genetics (S.C.H.), Department of Internal Medicine, and the Department of Human Genetics (M.F.L.), University of Utah, Salt Lake City; the Section of Preventive Medicine and Epidemiology (R.H.M., L.D.), Evans Department of Medicine, Boston University School of Medicine, Boston, Mass; the Division of Biostatistics (I.B.B., M.A.P.), Washington University, St. Louis, Mo; and the Division of Epidemiology (D.K.A.), School of Public Health,",1,,,no
"From the Department of Psychiatry and Psychotherapy (R.P., A.K.) and Institute of Medical Statistics and Epidemiology (S.W.), Technische Universität München, Munich, Germany; Department of Clinical Neurosciences (R.P.), University of Cambridge, Cambridge, UK; Department of Biostatistics (K.L.L., L.A.C., L.A.F.), Boston University School of Public Health, Boston; Departments of Neurology, Medicine (Genetics Program), and Epidemiology (R.C.G., L.A.F.), Boston University Schools of Medicine and",1,University of Cambridge,I241749,no
"From the Department of Psychiatry, the Bioethics Program, and the Center for Behavioral and Decision Sciences in Medicine (S.Y.H.K.), University of Michigan, Ann Arbor; Departments of Neurology (R.G.H., C.Z., R.W., K.K.) and Biostatistics and Computational Biology (C.A.B.), University of Rochester, NY; and the Department of Neurology (S.F.), Boston University, MA",1,,,no
"From the Department of Psychology (J.P.H., K.V.), The Ohio State University, &amp; Chronic Brain Injury Program, The Ohio State University, Columbus; Translational Research Center for TBI and Stress Disorders (TRACTS) (M.E.P., E.B., D.S., J.C., W.M., R.M.), VA Boston Healthcare System, MA; Department of Psychiatry (M.E.P., M.W.L., M.W.M., B.R.H.), Boston University School of Medicine, MA; Neuroimaging Research for Veterans (NeRVe) Center (E.B., D.S., J.C., W.M., R.M.), VA Boston Healthcare System,",1,,,no
"From the Department of Sociology, University of Boston, and the Massachusetts General Hospital, Boston",1,Massachusetts General Hospital,I4210087915,no
"From the Department of Surgery (A.J.K.-H., S.M.S., D.R.C., A.P.R., D.S., N.N.S., S.E.S., C.M.T.), and Department of Orthopedic Surgery (M.S.K.), Boston Medical Center, Boston University Chobanian and Avedisian School of Medicine, Boston, Massachusetts",1,,,no
"From the Department of Veterans Affairs Medical Center (C.H.C., W.W.B., J.A.H., K.G.R., O.H.L.B.), Boston, Mass; Department of Medicine (C.H.C., W.W.B., O.H.L.B.), Tufts University School of Medicine, Boston, Mass; Department of Pathology (J.A.H.), Boston University School of Medicine, Boston, Mass; and Research Division (S.S.), Cleveland Clinic Foundation, Cleveland, Ohio",1,,,no
"From the Departments of Epidemiology and International Health, Boston University School of Public Health; Geriatrics Section, Department of Medicine, Boston University School of Medicine, Boston; University of Massachusetts Medical School, Worcester; Fallon Community Health Plan, Worcester, MA; Group Health Center for Health Studies, Seattle, WA; HealthPartners Research Foundation, Minneapolis, MN; Lovelace Health Systems, Albuquerque, NM; Wake Forest University School of Medicine, Winston-Salem, NC;",1,,,no
"From the Departments of Epidemiology and Nutrition, Harvard School of Public Health, Boston, MA (I.A., E.B.R.); Department of Medicine, Boston University, MA (N.L.G.); Department of Research and Education, St. Francis Hospital/SUNY at Stony Brook, NY (E.B.); Department of Biostatistics (M.L.B.), Department of Epidemiology (A.L.F.), and Cardiovascular Health Research Unit, Department of Medicine (D.S.S.), University of Washington, Seattle; Department of Medicine (L.D.) and Channing Division of",1,,,no
"From the Departments of Medicine (W.G., J.A.H.) and Biophysics (J.A.H.), Boston University School of Medicine, Boston, Mass; the Departments of Medicine and Biochemistry (J.D.M.) and the Department of Surgery (M.E.D.B., G.M.L.), Baylor College of Medicine, Houston, Tex",1,,,no
"From the Departments of Medicine 1 and Public Health, 2 Boston University Medical School, Boston, MA, and Framingham Heart Study, Framingham, MA 3",1,Framingham Heart Study,I4210123017,yes
"From the Departments of Neurology (A.L.J., P.A.W., S.S., R.A.) and Preventive Medicine (R.S.V., E.J.B.), Whitaker Cardiovascular Institute (R.S.V., J.F.K., I.L., E.J.B.), Boston University School of Medicine; National Heart, Lung and Blood Institute's Framingham Heart Study (J.M.M., P.A.W., S.S., R.A., R.S.V., M.G.L., S.K., E.J.B.), Framingham, MA; Department of Biostatistics (J.M.M.), Boston University School of Public Health; Department of Mathematics and Statistics (M.G.L.), Boston University;",1,Framingham Heart Study,I4210123017,yes
"From the Departments of Neurology (E.H.K., M.C.K., P.A., K.H.V.L.), Hematology &amp; Medical Oncology (C.V.E.), Orthopedic Surgery Sports Medicine (K.T.), Boston University School of Medicine; and Mass General Brigham Hospital (K.T.), Boston, MA",1,,,no
"From the Departments of Neurology (M.A.S., R.B., S.B., R.L., A.Y.H., G.B.) and Medicine (E.A.M.), Massachusetts General Hospital, Boston; University of Cincinnati (A.J.E.), OH; Rush University (C.G.G.), Chicago, IL; Michigan State University (J.L.G.), East Lansing; Struthers Parkinson's Center (S.A.P.), Minneapolis, MN; Boston University (M.H.S.-H.), MA; University of Rochester (A.R.), NY; University of Miami (J.M.H.), FL; Brigham and Women’s Hospital (G.C.C.), Boston, MA; Yale University School of",1,,,no
"From the Departments of Neurology (M.A.S., R.B., S.B., R.L., A.Y.H., G.B.) and Medicine (E.A.M.), Massachusetts General Hospital, Boston; University of Cincinnati (A.J.E.), OH; Rush University (C.G.G.), Chicago, IL; Michigan State University (J.L.G.), East Lansing; Struthers Parkinson's Center (S.A.P.), Minneapolis, MN; Boston University (M.H.S.-H.), MA; University of Rochester (A.R.), NY; University of Miami (J.M.H.), FL; Brigham and Women’s Hospital (G.C.C.), Boston, MA; Yale University School of Medicine (D.S.R.), New Haven, CT; and Department of Nutrition (A.A.), Harvard School of Public Health, Boston, MA",1,Massachusetts General Hospital,I4210087915,no
"From the Departments of Neurology, Boston University School of Medicine, Boston, Mass (R.E.P., A.S.B., S.S., M.K-.H., C.S.K., P.A.W.) and Biostatistics (A.S.B.), Boston University School of Public Health, Boston, Mass; and the National Heart, Lung, and Blood Institute’s Framingham Heart Study (A.S.B., S.S., M.K-.H., C.S.K., P.A.W.), Framingham, Mass",1,Framingham Heart Study,I4210123017,yes
"From the Departments of NeurologyBoston University School of Medicine (Dr. Babikian), and the Harvard Medical School (Dr. Caplan), Boston, MA",1,,,no
"From the Departments of Physical Medicine & Rehabilitation and Orthopaedics, Vanderbilt University Medical Center, Nashville, Tennessee (NBJ); Department of Physical Medicine and Rehabilitation, Spaulding Rehabilitation Hospital and Harvard Medical School, Charlestown, Massachusetts (JEM, JFB, NBJ); Department of Orthopaedic Surgery, Brigham and Women's Hospital and Harvard Medical School, Boston, Massachusetts (LDH, YD, JEC, JNK, NBJ); Department of Biostatistics, Boston University School of Public Health, Boston, Massachusetts (JEC); Department of Physical Therapy & Human Movement Sciences, Feinberg School of Medicine, Northwestern University, Chicago, Illinois (ALS); and Division of Rheumatology, Immunology, and Allergy, Brigham and Women's Hospital and Harvard Medical School, Boston, Massachusetts (JNK)",1,Spaulding Rehabilitation Hospital,I2799748957,no
"From the Departments of Pulmonary Medicine and Biochemistry of Bcston University School of Medicine and Boston Veterans Administration Medical Center, Boston, Massachusetts 02118",1,Boston Medical Center,I1286490081,no
"From the Departments of Radiology (J.Z., J.T., J.S., A.S.) and Neurosurgery (M.P., M.B., A.C., J.B., E.K.O.), Icahn School of Medicine, 1 Gustave Levy Pl, New York, NY 10029; and Department of Bioengineering and Bioinformatics, Boston University, Boston, Mass (J.L.)",1,,,no
"From the Divi-sion of Neoplastic Disea-se , Department of Medicine , the , Departnient Of Biochemistry , Boston University School of Medicine and the Outpatient Clinic , Boston Veterans Administration , Massachusetts , U.S.A",1,,,no
"From the Divi-sion of Neoplastic Disea-se, Department of Medicine, the, Departnient Of Biochemistry, Boston University School of Medicine and the Outpatient Clinic, Boston Veterans Administration, Massachusetts, U.S.A",1,,,no
"From the Division of Cardiology, University of Pennsylvania, Philadelphia (A.M.K.); Cardiology Division, Massachusetts General Hospital, Harvard Medical School, Boston (S.A.L., P.T.E., T.J.W.); Framingham Heart Study, Framingham, MA (L.M.S., D.L., R.S.V., E.J.B., T.J.W.); School of Public Health, Boston University, Boston, MA (L.M.S., J.X.S.); Center for Population Studies, National Heart, Lung, and Blood Institute, Bethesda, MD (D.L.), and Divisions of Cardiology (R.S.V., J.W.M., E.J.B.) and",1,Framingham Heart Study,I4210123017,yes
"From the Division of Gastroenterology, Boston Medical Center (M.T.L.), Section of Preventive Medicine, Department of Medicine (R.S.V.), Evans Department of Medicine, Whitaker Cardiovascular Institute and Cardiology Section (R.S.V., J.A.V., N.M.H.), Boston University School of Medicine, MA; National Heart, Lung, and Blood Institute’s Framingham Heart Study, MA (M.T.L., M.G.L., R.S.V., E.J.B., C.S.F.); Department of Mathematics and Statistics, Boston University, MA (M.G.L.); Cardiovascular Engineering",1,Framingham Heart Study,I4210123017,yes
"From the Division of General Internal Medicine, Center for Research on Health Care, Departments of Medicine and Epidemiology, University of Pittsburgh Schools of Medicine and Public Health, Pittsburgh, Pa (M.S.F.), and the Clinical Addiction Research and Education (CARE) Unit, Section of General Internal Medicine, Department of Medicine, Boston Medical Center and Boston University School of Medicine, Boston, Mass (J.H.S.)",1,,,no
"From the Division of Nephrology and Hypertension, Department of Medicine, University of Miami Miller School of Medicine, Miami, Fla (O.M.G., K.S., M.W.); Cardiology (J.L.J., T.J.W.) and Nephrology (T.I., K.L., G.C.) Divisions, Department of Medicine, and Department of Radiology (A.S., U.H.), Massachusetts General Hospital, Harvard Medical School, Boston; Cardiovascular Medicine Section, Department of Medicine, Boston University School of Medicine, Boston, Mass (E.C.); and Department of Pathology (R",1,,,no
"From the Division of Plastic and Reconstructive Surgery and the Carol Franc Buck Breast Care Center, Department of Surgery, University of California, San Francisco; and Boston University School of Medicine",1,"University of California, San Francisco",I180670191,no
"From the Duke Clinical Research Institute, Durham, NC (R.M., E.D.P., S.L., M.T.R., T.Y.W.); University of North Carolina, Chapel Hill (S.W.G.); Brigham and Women's Hospital, Boston, MA (S.D.W., E.M.A.); University of Oklahoma Health Sciences Center, Oklahoma City (J.F.S.); and Boston University School of Medicine, Boston, MA (A.K.J.)",1,,,no
"From the Evans Memorial Department of Clinical Research and Department of Medicine, University Hospital, Boston, Massachusetts USA",1,,,no
"From the Evans Memorial Department of Clinical Research and the Department of Medicine, University Hospital, Boston, Massachusetts USA",1,,,no
"From the Evans Memorial Department of Medicine (J.A.V., J.F.K., R.S.V., E.J.B.), Whitaker Cardiovascular Institute (J.A.V., J.F.K., I.L.), and Department of Preventive Medicine (M.G.L., R.S.V., E.J.B.), Boston University School of Medicine, Boston, Mass; Cardiovascular Engineering, Inc (G.F.M.), Holliston, Mass; and the NHLBI’s Framingham Study (M.G.L., M.J.K., J.M.M., B.T.L., S.F., E.O., P.W.F.W., R.S.V., E.J.B.), Framingham, Mass",1,,,no
"From the Evans Memorial Department of Medicine (J.F.K. R.S.V., P.W.F.W., J.A.V., E.J.B.), Whitaker Cardiovascular Institute (J.F.K., I.L., J.A.V.), and Department of Preventive Medicine (R.S.V., E.J.B.), Boston University School of Medicine; Department of Epidemiology and Biostatistics (J.M.M.), Boston University School of Public Health; and the National Heart, Lung, and Blood Institute Framingham Study (M.G.L., R.S.V., P.W.F.W., D.C., J.M.M., P.S., E.J.B.), Framingham, MA",1,,,no
"From the FXB Center for Health and Human Rights, Harvard T.H. Chan School of Public Health (M.T.B.); and Boston University School of Public Health (S.G.) — both in Boston",1,,,no
"From the Fifth and Sixth Medical Services, Boston City Hospital, and the Department of Medicine, Boston Uniiversity School of Medicine, Boston, Mass",1,,,no
"From the Framingham (Mass) Heart Study, Framingham (S.M.V., M.G.L., E.J.B., D.L.); the Divisions of Cardiology and Clinical Epidemiology, Beth Israel Hospital, Boston, Mass (D.L.); the Division of Cardiology, Cleveland (Ohio) Clinic (M.S.L.); the Cardiology Section, Boston City Hospital (E.J.B.); Boston University School of Medicine (E.J.B., D.L.); the Division of Preventive Medicine and Epidemiology, Boston University School of Medicine (M.G.L.); and the National Heart, Lung, and Blood Institute,",1,,,no
"From the Framingham Heart Study (J.M.M., R.B.D., H.S., P.W.F.W.) Framingham, Mass; Section of Preventive Medicine and Epidemiology (J.M.M.) and Section of General Internal Medicine (J.M.M.) of Boston University School of Medicine, Boston, Mass; Division of Epidemiology and Clinical Applications of the National Heart, Lung, and Blood Institute (P.W.F.W.), Bethesda, Md; and the Department of Mathematics of Boston University (R.B.D., H.S.), Boston, Mass",1,Framingham Heart Study,I4210123017,yes
"From the Framingham Heart Study (R.S.V., L.S., R.B.D., E.J.B., D.L., P.W.F.W.), Framingham, Mass; Cardiology Section (R.S.V., E.J.B., D.B.S.), Myocardial Biology Unit (D.B.S.), Endocrinology Section (P.W.F.W.), Preventive Medicine and Epidemiology (R.S.V., E.J.B., D.L., P.W.F.W.), Department of Medicine, Boston University School of Medicine, Boston, Mass; the Jean Mayer US Department of Agriculture Human Nutrition Research Center on Aging (R.R.) at Tufts University, Boston, Mass; the Department of",1,Framingham Heart Study,I4210123017,yes
"From the Framingham Heart Study (S.C., V.X., L.M.S., W.L., J.M., E.J.B., R.S.V.), Framingham, Mass; Division of Cardiovascular Medicine (S.C., J.A.), Department of Medicine, Brigham and Women’s Hospital, Boston, Mass; Clinical Investigator Training Program (S.C.), Beth Israel Deaconess Medical Center, Boston, Mass; Department of Biostatistics (V.X., L.M.S., J.M.) and Department of Epidemiology (E.J.B.), Boston University School of Public Health, Boston, Mass; Veterans Administration Hospital (J.A.),",1,Framingham Heart Study,I4210123017,yes
"From the Framingham Heart Study (T.J.W., J.C.E., E.J.B., D.L., E.C.L., R.S.V.), Framingham, Mass; Cardiology Division (T.J.W.), Massachusetts General Hospital, Harvard Medical School, Boston, Mass; National Heart, Lung &amp; Blood Institute (D.L.), Bethesda, Md; Cardiology Section (E.J.B., R.S.V.), Preventive Medicine and Epidemiology (D.L., E.J.B., R.S.V.), Department of Medicine, Boston Medical Center, Boston University School of Medicine, Boston, Mass",1,Framingham Heart Study,I4210123017,yes
"From the Framingham Heart Study (W.L., J.Z., M.G.L., R.S.V.), Framingham, Mass; Department of Cardiology (J.Z.), Children's Hospital Boston, Boston, Mass; Department of Pediatrics (J.Z.), Harvard Medical School, Boston, Mass; Cardiovascular Division (H.M.S., D.B.S.), Vanderbilt University, Nashville, TN; Cardiovascular Engineering Inc (G.F.M.), Norwood, Mass; and Department of Biostatistics (V.X., L.M.S., Q.Y.) Boston University School of Public Health; Division of Graduate Medical Sciences (R.S.);",1,,,no
"From the Framingham Heart Study (W.L., M.J.P., T.J.W., M.G.L., E.J.B., D.L., C.N.-C., R.S.V.), Framingham, Mass; Department of Mathematics (M.J.P., M.G.L., K.J.L.) and Preventive Medicine and Cardiology Sections (E.J.B., R.S.V.), Boston University School of Medicine, Mass; Divisions of Cardiology (T.J.W., C.N.-C.) and General Medicine (J.B.M.), Department of Medicine, Massachusetts General Hospital, Harvard Medical School, Boston; National Heart, Lung, and Blood Institute (D.L.), Bethesda, Md; Royal",1,Framingham Heart Study,I4210123017,yes
"From the Framingham Heart Study (W.L., R.S.V.), Framingham, Mass. and Section of Preventive Medicine and Epidemiology, Department of Medicine (R.S.V.), Boston University School of Medicine, Boston, Mass",1,Framingham Heart Study,I4210123017,yes
"From the Framingham Heart Study of the National Heart Lung and Blood Institute and Boston University School of Medicine (C.N.-C., C.-Y.G., P.G., M.G.L., E.J.B., T.J.W., S.K., C.J.O., D.L., R.S.V.), Framingham, Mass; the Broad Institute of Harvard and Massachusetts Institute of Technology (C.N.-C., S.K., S.L.M., A.L.C., J.A.D., J.N.H.), Cambridge; the Cardiology Division (C.N.-C., T.J.W., S.K., C.O.D.), Massachusetts General Hospital, Boston; the Department of Mathematics and Statistics (C.-Y.G., P.G",1,Framingham Heart Study | Massachusetts Institute of Technology,I4210123017 I63966007,yes
"From the Framingham Heart Study of the National Heart, Lung and Blood Institute and Boston University School of Medicine, Framingham, MA (S.C., M.G.L., E.L.M., C.S.F., C.J.O., R.S.V., T.J.W.); Cardiology Division (S.C., G.D.L., E.L.M., D.S., M.J.P.. L.D.R., A.D., C.J.O., R.E.G., T.J.W.), Cardiovascular Research Center (R.E.G., T.J.W.), Cardiovascular Research Center (E.P.R., G.D.L., R.E.G.), and Renal Division (E.P.R.), Massachusetts General Hospital, Harvard Medical School, Boston, MA; Division of",1,Framingham Heart Study,I4210123017,yes
"From the Framingham Heart Study of the National Heart, Lung, and Blood Institute, Framingham, Mass (R.S.V., S.D., L.A.C., E.J.B.); Evans Department of Medicine and Whitaker Cardiovascular Institute, Boston University School of Medicine, Boston, Mass (R.S.V., E.J.B.); Department of Biostatistics (S.D., L.A.C., C.W.) and Department of Epidemiology (L.A.C., E.J.B.), Boston University School of Public Health, Boston, Mass; Center for Cardiovascular Disease Prevention, Brigham and Women’s Hospital,",1,Framingham Heart Study,I4210123017,yes
"From the Framingham Heart Study, Boston University School of Medicine, Boston, Mass",1,Framingham Heart Study,I4210123017,yes
"From the Framingham Heart Study, Boston University School of Medicine, Framingham, MA",1,Framingham Heart Study,I4210123017,yes
"From the Framingham Heart Study, Boston University School of Medicine, Framingham, Mass (E.I., M.J.P., E.J.B., C.S.F., D.L., M.G.L., R.B.D., T.J.W., R.S.V.); Department of Mathematics (M.J.P., K.J.L., R.B.D.) and Cardiology Division and Preventive Medicine (E.J.B., R.S.V.), Boston University School of Medicine, Boston, Mass; Royal North Shore Hospital, Sydney, Australia (G.H.T.); Jean Mayer US Department of Agriculture Human Nutrition Research Center on Aging, Tufts University, Boston, Mass (P.F.J.,",1,,,no
"From the Framingham Heart Study, Framingham (R.S.V., W.B.K.), and the Sections of Preventive Medicine and Epidemiology (R.S.V., W.B.K.) and Cardiology (R.S.V.), Department of Medicine, Boston University School of Medicine, Boston, Mass",1,Framingham Heart Study,I4210123017,yes
"From the Framingham Heart Study, Framingham (W.L., M.J.P., M.G.L., E.J.B., R.S.V.), Department of Mathematics (M.J.P., M.G.L.) and Department of Biostatistics, Boston University School of Public Health (V.X., L.M.S.), and Preventive Medicine and Cardiology Sections (E.J.B., R.S.V.), Boston University School of Medicine, and Harvard Medical School, Boston, Mass (J.A.)",1,,,no
"From the Framingham Heart Study, Framingham, MA (F.N.D., R.S.V.); Department of Medicine (Cardiovascular Division), Beth Israel Deaconess Medical Center, Harvard Medical School, Boston, MA (F.N.D.); and Cardiology Section, and Preventive Medicine Section, Boston University School of Medicine, Boston, MA (R.S.V.)",1,Framingham Heart Study | Beth Israel Deaconess Medical Center,I4210123017 I1316535847,yes
"From the Framingham Heart Study, Framingham, MA (J.M.M., R.S.V., C.S.F.); Center for Population Studies, National Heart, Lung, and Blood Institute, Framingham, MA (S.A.P., A.P., C.S.F.); Department of Medicine, Stanford University School of Medicine, Stanford, CA (S.A.P.); Harvard Medical School, Boston, MA (C.S.F., U.H.); Department of Biostatistics, Boston University School of Public Health, Boston, MA (J.M.M.); Sections of Preventive Medicine and Epidemiology and Cardiology, Department of",1,Framingham Heart Study | Stanford University,I4210123017 I97018004,yes
"From the Framingham Heart Study, Framingham, MA (S.C., M.G.L., E.O., B.T.L., P.S., E.J.B., R.S.V.); Division of Cardiovascular Medicine, Department of Medicine, Brigham and Women’s Hospital, Boston, MA (S.C., S.D.S.); Department of Mathematics and Statistics, Boston University, Boston, MA (M.G.L., E.L.M.); Cardiovascular Division, Veterans Administration Hospital, West Roxbury, MA (J.A.); Whitaker Cardiovascular Institute, Preventive Medicine and Cardiology Sections, Boston University School of",1,,,no
"From the Framingham Heart Study, Framingham, Mass (C.S.P.L., W.L., E.J.B., R.S.V.); Department of Biostatistics, Boston University School of Public Health, Boston, Mass (V.X., L.M.S.); Mayo Clinic, Rochester, Minn (C.S.P.L., M.M.R.); Veterans Administration Hospital, West Roxbury, Mass (J.A.); Cardiovascular Engineering Inc, Norwood, Mass (G.F.M.); and Preventive Medicine and Cardiology Sections, Boston University School of Medicine, Boston, Mass (E.J.B., R.S.V.)",1,Framingham Heart Study,I4210123017,yes
"From the Framingham Heart Study, Framingham, Mass (D.M., J.A., J.Z., M.G.L., E.J.B., R.S.V.); Department of Mathematics (M.G.L.) and Department of Biostatistics (V.X., L.M.S.) and Epidemiology (E.J.B.), Boston University School of Public Health; Veterans Administration Hospital, West Roxbury, Mass, and Harvard Medical School Boston, Mass (J.A.); Children’s Hospital Boston (J.Z.); and Preventive Medicine and Cardiology Sections (E.J.B., R.S.V.), Boston University School of Medicine, Boston, Mass",1,,,no
"From the Framingham Heart Study, Framingham, Mass (R.S.V., P.G., M.G.L., T.J.W., D.L., E.J.B., J.B.M., R.S.V.); Department of Mathematics and Statistics (P.G., M.G.L.) and Preventive Medicine and Cardiology Sections, School of Medicine and Epidemiology Department of School of Public Health (E.J.B., R.S.V.), Boston University, Boston, Mass; Division of Cardiology, Massachusetts General Hospital, Boston (T.J.W.); Center for Population Studies, NHLBI, Bethesda, Md (D.L.); Jean Mayer US Department of",1,,,no
"From the Framingham Heart Study, Framingham, Mass (S.C., A.L., G.T.O., R.S.V.); Division of Cardiovascular Medicine, Department of Medicine, Brigham and Women's Hospital, Boston, Mass (S.C.); Clinical Investigator Training Program, Beth Israel Deaconess Medical Center, Boston, Mass (S.C.); Department of Mathematics and Statistics, Boston University, Boston, Mass (A.L.); Department of Biostatistics, Boston University School of Public Health, Boston, Mass (J.M.M.); Pulmonary Center (G.T.O.) and",1,,,no
"From the Framingham Heart Study, Framingham, Mass (T.J.W., M.G.L., D.L., E.J.B., D.C., E.P.L., R.S.V.); Cardiology Division, Massachusetts General Hospital, Harvard Medical School, Boston, Mass (T.J.W.); National Heart, Lung, and Blood Institute, Bethesda, Md (D.L.); and Cardiology Section, Boston University School of Medicine, Boston, Mass (D.L., E.J.B., R.S.V.)",1,Framingham Heart Study,I4210123017,yes
"From the Framingham Heart Study, Framingham, Mass (T.J.W., R.S.V.); Cardiology Division (T.J.W.), Massachusetts General Hospital, Harvard Medical School, Boston, Mass; and Sections of Cardiology and Preventive Medicine (R.S.V.), Boston Medical Center, Boston University School of Medicine, Boston, Mass",1,Boston Medical Center | Framingham Heart Study,I1286490081 I4210123017,yes
"From the Framingham Heart Study, Framingham, Mass (W.L., M.G.L., E.J.B., D.L., T.J.W., R.S.V.); Department of Mathematics and Statistics (M.G.L., X.Y.), Cardiology Division and Preventive Medicine (E.J.B., J.A.V., R.S.V.), and Epidemiology Section, School of Public Health (E.J.B.), Boston University, Boston, Mass; Royal North Shore Hospital, Sydney, Australia (G.H.T.); Jean Mayer US Department of Agriculture Human Nutrition Research Center on Aging, Tufts University, Boston, Mass (P.F.J., J.S.);",1,,,no
"From the Framingham Heart Study, Framingham, Mass; Cardiology Division (T.J.W.), Massachusetts General Hospital, Harvard Medical School, Boston, Mass; National Heart, Lung &amp; Blood Institute (D.L.), Bethesda, Md; and Sections of Cardiology (D.L., E.J.B., R.S.V.) and Preventive Medicine (D.L., E.J.B., P.W.F.W., R.S.V.), Boston Medical Center, Boston University School of Medicine, Boston, Mass",1,Framingham Heart Study,I4210123017,yes
"From the Framingham Heart Study, Framingham, Mass; Cardiology Division (T.J.W., C.J.O.), Massachusetts General Hospital, Departments of Medicine (D.L., W.J.M.) and Radiology (W.J.M., M.E.C.), Beth Israel-Deaconess Hospital, Harvard Medical School, Boston, Mass; Departments of Medicine and Preventive Medicine and Epidemiology (E.J.B., P.W.F.W.), Boston University School of Medicine, Boston, Mass; Department of Mathematics (R.B.D.), Boston University, Boston, Mass; and the National Heart, Lung, and",1,,,no
"From the Framingham Heart Study, MA (H.S., J.J.H., A.S.B., J.R.R., C.S.K., R.S.V., S.S.); Boston University School of Public Health, MA (J.J.H., A.S.B.); McMaster University/Population Health Research Institute, Hamilton, Ontario, Canada (A.S.); Department of Neurology, University of Toronto, Ontario, Canada (A.P.); Department of Medicine, Tufts University School of Medicine, Boston, MA (R.R.); Department of Neurology, Boston University School of Medicine, MA (J.J.H., A.S.B., J.R.R., C.S.K., R.S.V.,",1,,,no
"From the Framingham Heart Study, MA (M.N., R.S.V., V.X.); Division of Cardiovascular Medicine, Brigham and Women’s Hospital, Boston, MA (M.N.); Departments of Biostatistics (D.M.E., V.X.), Epidemiology (R.S.V., V.X.), and Sections of Preventive Medicine and Epidemiology and Cardiology, Department of Medicine (R.S.V., V.X.), Boston University School of Public Health, MA",1,,,no
"From the Framingham Heart Study, National Heart, Lung, and Blood Institute, Framingham, Mass (P.W.F.W., D.L.); Boston University Mathematics Department, Boston, Mass (R.B.D., A.M.B., H.S.); and Framingham Heart Study, Boston University School of Medicine, Framingham, Mass (W.B.K.)",1,Framingham Heart Study,I4210123017,yes
"From the Framingham Heart Study, Section of Preventive Medicine and Epidemiology, Department of Medicine, Boston University School of Medicine, Boston, Mass",1,Framingham Heart Study,I4210123017,yes
"From the Framingham Heart Study, and Section of Preventive Medicine and Epidemiology, Department of Medicine, Boston University School of Medicine, Framingham, Mass",1,Framingham Heart Study,I4210123017,yes
"From the Framingham Study (E.I., M.J.P., D.L., J.A., E.J.B., R.S.V.) and Evans Memorial Department of Medicine and Whitaker Cardiovascular Institute (E.J.B., R.S.V.), Boston University School of Medicine, Framingham, Mass; Department of Medical Epidemiology and Biostatistics (E.I.), Karolinska Institute, Stockholm, Sweden; Department of Mathematics (M.J.P.), Boston University, Mass; Center for Population Studies (D.L.), National Heart, Lung, and Blood Institute, Bethesda, Md; Veterans’",1,Karolinska Institutet,I28166907,no
"From the From the NHLBI’s Framingham Heart Study and Boston University School of Medicine, Framingham, Mass (P.W.F.W., L.I.K., C.J.O.); the Cardiology Division, Massachusetts General Hospital, Harvard Medical School, Boston (C.J.O.); Hebrew Rehabilitation Center for the Aged, Harvard Medical School, Division on Aging, Boston (D.P.K., M.H.); Brigham and Women’s Hospital, Harvard Medical School, Boston (J.M.P.); and the Department of Biostatistics and Epidemiology, Boston University School of Public",1,Framingham Heart Study,I4210123017,yes
"From the Group Health Center for Health Studies, Seattle, WA; Boston University School of Public Health and Boston University Medical Center, Boston; Meyers Primary Care Institute, University of Massachusetts Medical School, Fallon Community Health Plan, Fallon Foundation, Worcester, MA; Josephine Ford Cancer Center, Henry Ford Health System, Detroit, MI; Epidemiology and Public Health, Yale University School of Medicine, New Haven, CT; Case Western Reserve University School of Medicine, Division of",1,,,no
"From the Heart Disease Epidemiology Study, Framingham, Massachusetts, and the National Heart Institute, National Institutes of Health, U. S. Public Health Service, and Georgetown University Hospital, Washington, District of Columbia, and Boston University School of Medicine, Boston, Massachusetts",1,Framingham Heart Study | Georgetown University,I4210123017 I184565670,yes
"From the Heart Disease Prevention Program, Division of Cardiology, University of California, Irvine (S.S.F., S.S.G., V.H.C., N.D.W.); Framingham Heart Study, MA (M.G.L., D.L., R.S.V., G.F.M.); Department of Mathematics and Statistics, Boston University, MA (M.G.L.); Departments of Biostatistics (M.G.L.) and Epidemiology (R.S.V.), Boston University School of Public Health, MA; Population Sciences Branch, National Heart, Lung and Blood Institute, Bethesda, MD (D.L.); and Sections of Preventive",1,"University of California, Irvine",I204250578,no
"From the Institute for Clinical Research and Health Policy Studies (I.P., C.H.S.) and Molecular Cardiology Research Institute (G.S.H., R.D.P., R.H.K., M.E.M.), Tufts-New England Medical Center, Boston, Mass; the Center for Cancer Research (A.M.S., D.E.H.), Massachusetts Institute of Technology, Cambridge; National Heart, Lung, and Blood Institute’s Framingham Heart Study (R.S.V., E.J.B.), Framingham, Mass; the Biostatistics Department (L.A.C., S.D.), Boston University School of Public Health, Mass;",1,Framingham Heart Study | Massachusetts Institute of Technology,I4210123017 I63966007,yes
"From the Institute for Prevention of Cardiovascular Disease, Beth Israel Deaconess Medical Center (D.F., I.L., M.M.), the Cardiovascular Division, Brigham and Women’s Hospital (K.L.), the Cardiology Division, Massachusetts General Hospital, Harvard Medical School (C.J.O., J.E.M.), and the Statistics and Consulting Unit, Department of Mathematics, Boston University (R.B.D.), Boston, Mass; the Framingham Heart Study, the National Institutes of Health National Heart, Lung, and Blood Institute (M.G.L.,",1,,,no
"From the Institute of Epidemiology, Christian Albrechts Universität Kiel, Kiel, Germany (W.L.); The Framingham Heart Study, Framingham, MA (R.S.V.); and Boston University School of Medicine, Section of Preventive Medicine (R.S.V.)",1,Christian-Albrechts-Universität zu Kiel | Framingham Heart Study,I32021983 I4210123017,yes
"From the Jean Mayer US Department of Agriculture Human Nutrition Research Center on Aging at Tufts University, Boston, Mass (S.F., P.F.J., I.H.R., J.S.); and Boston University School of Medicine and the National Heart, Lung, and Blood Institute’s Framingham Heart Study, Framingham, Mass (P.W.F.W.)",1,Framingham Heart Study,I4210123017,yes
"From the Jean Mayer US Department of Agriculture Human Nutrition Research Center on Aging at Tufts University, Boston; the Hebrew Rehabilitation Center for the Aged and the Harvard Medical School Division on Aging, Boston; the Boston University School of Public Health Department of Epidemiology and Biostatistics; and the National Heart, Lung, and Blood Institute's Framingham Heart Study",1,Framingham Heart Study,I4210123017,yes
"From the Jean Mayer US Department of Agriculture Human Nutrition Research Center on Aging, Tufts University, Boston (KLT and HC); the Hebrew Rehabilitation Center for Aged and the Harvard Medical School Division on Aging, Boston (MTH and DPK); the Boston University School of Public Health (AC and PWFW) and Arthritis Center (DF); and the Framingham (MA) Heart Study, National Heart, Lung, and Blood Institute, Framingham, MA (PWFW)",1,Framingham Heart Study,I4210123017,yes
"From the Jean Mayer US Department of Agriculture Human Nutrition Research Center on Aging, Tufts University, Boston (NMM and PFJ); the General Medicine Division and Department of Medicine, Massachusetts General Hospital and Harvard Medical School, Boston (JBM); the Division of Preventive Medicine, Brigham and Women's Hospital and Harvard Medical School, Boston (SL); and The Boston University School of Public Health, Department of Epidemiology and Biostatistics, and the National Heart, Lung, and Blood Institute's Framingham Heart Study (PWFW)",1,,,no
"From the Laboratory of Environmental Epigenetics (A.B.), Exposure Epidemiology and Risk Program, Harvard School of Public Health, Boston, Mass; Cardiovascular Research Center (M.R.), Massachusetts General Hospital, Charlestown, Mass; National Heart, Lung, and Blood Institute and Boston University Framingham Heart Study (M.R., E.J.B.), Framingham, Mass; Department of Cardiology (M.R.), University Medical Center Groningen, University of Groningen, Groningen, The Netherlands; and Cardiology and",1,Framingham Heart Study | University of Groningen | University Medical Center Groningen,I4210123017 I169381384 I1334415907,yes
"From the Lipid Metabolism Laboratory (P.C., C.L., E.J.S., J.M.O.), Jean Mayer–USDA Human Nutrition Research Center on Aging at Tufts University, Boston, Mass; the Department of Biochemistry (J.D.O.), North Carolina State University, Raleigh; Boston University School of Public Health (L.A.C.) and the Framingham Heart Study (P.W.F.W.), National Heart, Lung, and Blood Institute, Framingham, Mass",1,Framingham Heart Study | North Carolina State University,I4210123017 I137902535,yes
"From the Maxwell Finland Laboratory for Infectious Diseases , Boston Medical Center , the Data Coordinating Center , Boston University School of Public Health , and the Department of Otolaryngology ,",1,,,no
"From the NHLBIs Framingham Heart Study (R.B.S., J.R., M.-H.C., R.S.V., E.J.B.), Framingham, Mass; Departments of Medicine (R.S.V., E.J.B.) and Preventive Medicine (E.J.B.), and Whitaker Cardiovascular Institute (I.L., R.S.V., E.J.B.), Boston University School of Medicine, Boston, Mass; Boston University’s Mathematics and Statistics Department (M.G.L.); Departments of Epidemiology (K.L.L., J.D., M.-H.C., Z.Z., J.F.Y., E.J.B.) and Biostatistics (K.L.L., J.D., M.-H.C., Z.Z., J.F.Y., E.J.B.), Boston",1,Framingham Heart Study,I4210123017,yes
"From the NHLBI’s Framingham Heart Study (P.W.F.W., R.B.D., H.P., L.S.), Framingham, Mass; Medical University of South Carolina (P.W.F.W.), Charleston, SC; Boston University Department of Mathematics (R.B.D., H.P., L.S.), Boston, Mass; and The General Medicine Division (J.B.M.), Department of Medicine, Massachusetts Hospital and Harvard Medical School, Boston, Mass",1,Framingham Heart Study,I4210123017,yes
"From the National Alzheimer's Coordinating Center, University of Washington, Seattle, Washington, USA (LMB, XHZ, WAK), Boston University Alzheimer's Disease and CTE Center (MLA, ACM, RAS), Department of Neurology, Boston University School of Medicine, Boston, MA, USA (MLA, ACM, RAS), Department of Neurology, University of California, San Francisco, CA, USA (LRG), VA Boston Healthcare System, U.S. Department of Veteran Affairs, Boston, MA, USA (ACM), Department of Pathology and Laboratory Medicine, Boston University School of Medicine, Boston, MA, USA (ACM), Department of Veterans Affairs Medical Center, Bedford, MA, USA (ACM), Department of Neurosurgery and Anatomy and Neurobiology, Boston University School of Medicine, Boston, MA (RAS), Department of Psychological Sciences, Kent State University, Kent, OH, USA (JG), Departments of Pathology and Neurological Science, Rush Alzheimer's Disease Center, Rush University, Chicago, IL, USA (JAS) and University of Southern California, Los Ange",1,"National Alzheimer's Coordinating Center | University of California, San Francisco",I4405272189 I180670191,no
"From the National Heart Lung and Blood Institute's and Boston University's Framingham Heart Study, Framingham, MA (E.J.B., D.D.M.); Cardiac Electrophysiology Section, Cardiovascular Medicine Division, Department of Medicine, University of Massachusetts Medical School, Worcester, MA (D.D.M.); Department of Biomedical Engineering, Worcester Polytechnic Institute, Worcester, MA (D.D.M.); Department of Cardiology, University of Groningen, University Medical Center Groningen, Groningen, The Netherlands ",1,University of Massachusetts Chan Medical School | University of Groningen | University Medical Center Groningen,I166722992 I169381384 I1334415907,no
"From the National Heart Lung and Blood Institute’s and Boston University’s Framingham Heart Study, Framingham, MA (D.D.M., K.T., M.G.L., J.E.F.); Cardiology Division, Department of Medicine (D.D.M, L.M.B., K.T., J.F.K., J.E.F.) and Epidemiology Division, Department of Quantitative Health Sciences (D.D.M, E.M.), University of Massachusetts Medical School, Worcester, MA; Section of Cardiovascular Medicine, Department of Medicine (E.J.B.) and Department of Mathematics and Statistics (M.G.L.), Boston",1,Framingham Heart Study,I4210123017,yes
"From the National Heart, Blood and Lung Institute’s and Boston University’s Framingham Heart Study, Framingham, MA (T.J.N., M.G.L., E.J.B., R.S.V.); Center for Clinical Translational Epidemiology and Comparative Effectiveness Research (B.K., R.S.V.), Section of Preventive Medicine, Department of Medicine (B.K., E.J.B., R.S.V.), Department of Biostatistics (M.G.L.), Evans Department of Medicine and Whitaker Cardiovascular Institute (N.M.H., E.J.B., R.S.V.), Section of Cardiology, Department of",1,Framingham Heart Study,I4210123017,yes
"From the National Heart, Lung and Blood Institute’s Framingham Heart Study (C.J.O., P.W.F.W., C.F.), Framingham, Mass; the Cardiology Division (C.J.O.), Department of Medicine, Massachusetts General Hospital, the Hebrew Rehabilitation Center for Aged Research and Training Institute and the Division on Aging (M.H., D.K.), Harvard Medical School, Boston, Mass; the Boston University School of Public Health Department of Epidemiology and Biostatistics (I.C., L.A.C.), Boston, Mass; and the National Heart",1,Framingham Heart Study,I4210123017,yes
"From the National Heart, Lung and Blood Institute’s Framingham Heart Study (C.S.F., P.A.W., R.A.D., C.J.O.), Framingham, Mass; Cardiology Division (C.J.O.), Department of Medicine, Massachusetts General Hospital, Boston; Departments of Radiology (J.F.P.) and Medicine (C.S.F.), Brigham and Women’s Hospital, Harvard Medical School, Boston, Mass; Departments of Neurology and Preventive Medicine and Epidemiology (P.A.W.), Boston University School of Medicine, Boston, Mass; Department of Biostatistics",1,Framingham Heart Study,I4210123017,yes
"From the National Heart, Lung and Blood Institute’s Framingham Heart Study, Framingham, Mass (C.S.F., C.O.D., M.G.L., P.G., J.M.M., R.B.D.); Division of Endocrinology, Metabolism, and Diabetes, Department of Medicine, Brigham and Women’s Hospital and Harvard Medical School, Boston Mass (C.S.F.); Harvard Medical School, Boston, Mass (SP); Boston University Department of Mathematics, Boston, Mass (J.M.M., M.G.L., P.G., R.B.D.); Radiology Department (U.H.) and the Department of Medicine (C.O.D.),",1,Framingham Heart Study,I4210123017,yes
"From the National Heart, Lung and Blood Institute’s Framingham Heart Study, Framingham, Mass (C.S.F., M.G.L., D.C., P.A.W., R.B.D., C.J.O.); National Heart, Lung, and Blood Institute, National Institutes of Health, Bethesda, Md (C.S.F., C.J.O.); Departments of Neurology and Preventive Medicine and Epidemiology, Boston University School of Medicine, Boston, Mass (M.G.L., P.A.W.); Department of Internal Medicine, Boston Medical Center, Boston, Mass (D.F.); Roche Genetics, Basel, Switzerland (K.L.);",1,"Framingham Heart Study | National Heart, Lung, and Blood Institute",I4210123017 I4210106489,yes
"From the National Heart, Lung and Blood Institute’s Framingham Heart Study, MA (S.Q., J.M.M., M.L.C., R.B.D., U.H., C.J.O.); Department of Biostatistics, Boston University School of Public Health, MA (J.M.M., R.B.D.); Cardiovascular Imaging Core Laboratory, Beth Israel Deaconess Medical Center, Boston, MA (M.L.C.); Cardiac MR PET CT Program and Department of Radiology, Massachusetts General Hospital, Boston (U.H.); Cardiology Section, Boston Veteran’s Administration Healthcare, MA (S.Q., C.J.O.);",1,Framingham Heart Study,I4210123017,yes
"From the National Heart, Lung, and Blood Institute Framingham Heart Study  (D.L., M.G.L., C.J.D.), Framingham, Mass; the Department of Epidemiology and  Biostatistics (A.L.D.S., L.A.C.), Boston University School of Public Health,  Boston, Mass; the Department of Neurology (A.L.D.S., M.G.L., R.H.M.), the  Cardiology Division (D.L.), the Genetics Program (A.L.D.S.), and the  Hypertension Section (H.G.), Department of Medicine, Boston University School  of Medicine, Boston, Mass; the Cardiology",1,Framingham Heart Study,I4210123017,yes
"From the National Heart, Lung, and Blood Institute Framingham Heart Study (D.L., M.G.L., C.J.D.), Framingham, Mass; the Department of Epidemiology and Biostatistics (A.L.D.S., L.A.C.), Boston University School of Public Health, Boston, Mass; the Department of Neurology (A.L.D.S., M.G.L., R.H.M.), the Cardiology Division (D.L.), the Genetics Program (A.L.D.S.), and the Hypertension Section (H.G.), Department of Medicine, Boston University School of Medicine, Boston, Mass; the Cardiology",1,Framingham Heart Study,I4210123017,yes
"From the National Heart, Lung, and Blood Institute Framingham Heart Study (S.K., Q.Y., M.G.L., C.J.O.), Framingham, Mass; Broad Institute of Harvard University and Massachusetts Institute of Technology (S.K., S.B.G., A.L.C., J.N.H., C.J.O.), Cambridge; Department of Biostatistics (Q.Y.), Boston University School of Public Health, Department of Neurology (Q.Y.), Boston University School of Medicine, Department of Mathematics and Statistics (M.G.L.), Boston University, Massachusetts; Royal North Shore",1,Framingham Heart Study | Massachusetts Institute of Technology,I4210123017 I63966007,yes
"From the National Heart, Lung, and Blood Institute and its Framingham Heart Study (C.J.O., D.L.), Framingham, Mass; Cardiology Division, Department of Medicine (C.J.O.), Massachusetts General Hospital, Boston, Mass; the Department of Biostatistics (S.D., C.W., L.A.C.), Boston University School of Public Health, Boston, Mass; the Center of Human Development and Aging (M.K., J.P.G., A.A.), University of Medicine and Dentistry of New Jersey, Newark, NJ; the Department of Mathematics and Statistics (R.B",1,Framingham Heart Study,I4210123017,yes
"From the National Heart, Lung, and Blood Institute's Framingham Heart Study (C.S.P.L., M.G.L., E.J.B., R.S.V.), Framingham, Mass; Departments of Biostatistics (X.L., Q.Y., M.J.P.) and Epidemiology (E.J.B.), Boston University School of Public Health, Boston, Mass; Department of Mathematics and Statistics (M.G.L.), Boston University, Boston, Mass; Harvard Medical School (J.A.), Boston, Mass; Mayo Clinic (C.S.P.L., M.M.R.), Rochester, Minn; and Cardiology Section and Department of Preventive Medicine",1,Framingham Heart Study,I4210123017,yes
"From the National Heart, Lung, and Blood Institute's Framingham Heart Study, Framingham, MA;1,2 the Cardiology Division1 and Department of Medicine,1,2Massachusetts General Hospital, Harvard Medical School, Boston, MA; the Department of Preventive Medicine, Boston Medical Center, Boston University School of Medicine, Boston, MA;2 and the National Heart, Lung, and Blood Institute, Bethesda, MD1",1,Framingham Heart Study,I4210123017,yes
"From the National Heart, Lung, and Blood Institute's Framingham Heart Study, Framingham, Massachusetts; Massachusetts General Hospital, Harvard Medical School, Boston Medical Center, and Boston University School of Medicine, Boston, Massachusetts; and the National Heart, Lung, and Blood Institute, Bethesda, Maryland",1,Framingham Heart Study,I4210123017,yes
"From the National Heart, Lung, and Blood Institute's Framingham Heart Study, Framingham, Massachusetts; and Boston University School of Medicine, Boston, Massachusetts",1,Framingham Heart Study,I4210123017,yes
"From the National Heart, Lung, and Blood Institute's Framingham Heart Study, Framingham, Massachusetts; the National Heart, Lung, and Blood Institute, Bethesda, Maryland; Boston University School of Medicine and Beth Israel Deaconess Medical Center, Boston, Massachusetts; University of California, Irvine, Irvine, California; Veterans Administration Medical Center, West Roxbury, Massachusetts; and MCP Hahnemann University Hospital, Philadelphia, Pennsylvania",1,"Framingham Heart Study | National Heart, Lung, and Blood Institute | University of California, Irvine",I4210123017 I4210106489 I204250578,yes
"From the National Heart, Lung, and Blood Institute's Framingham Heart Study, National Institutes of Health, Framingham, Massachusetts; Massachusetts General Hospital, Boston University School of Medicine, Beth Israel-Deaconess Medical Center, and Harvard Medical School, Boston, Massachusetts",1,Framingham Heart Study,I4210123017,yes
"From the National Heart, Lung, and Blood Institute’s Framingham  Heart Study (D.M.L.-J., J.C.E., M.G.L., C.J.O., D.L.), Framingham, Mass;  Cardiology Division (D.M.L.-J., C.J.O.), Department of Medicine, Massachusetts  General Hospital, Harvard Medical School, Boston, Mass; Division of  Epidemiology and Preventive Medicine (J.C.E., M.G.L., D.L.), Boston University  School of Medicine, Boston, Mass; National High Blood Pressure Education  Program (E.J.R.), National Heart, Lung, and Blood Institute,",1,Framingham Heart Study,I4210123017,yes
"From the National Heart, Lung, and Blood Institute’s Framingham Heart Study (A.M.M., M.G.L., D.L., R.S.V.), Framingham, Mass; the Divisions of Cardiology and Clinical Epidemiology, Beth Israel Hospital (D.L.), Harvard Medical School, Boston, Mass; the National Heart, Lung, and Blood Institute, Bethesda, Md (D.L.); and the Cardiology Section (R.S.V.) and Department of Preventive Medicine and Epidemiology (R.S.V., M.G.L., D.L.), Boston University School of Medicine, Boston, Mass",1,"Framingham Heart Study | National Heart, Lung, and Blood Institute",I4210123017 I4210106489,yes
"From the National Heart, Lung, and Blood Institute’s Framingham Heart Study (C.L., S.-J.H., A.D.J., R.S.V., D.L.), Framingham, MA; Center for Population Studies (C.L., S.-J.H., A.D.J., D.L.), National Heart, Lung, and Blood Institute, Bethesda, MD; Department of Biostatistics (Q.Y.), Boston University School of Public Health, Boston, MA; Department of Biological Sciences (F.Z.S.), University of Southern California, Los Angeles, CA; Department of Medicine (O.S.S., R.S.V., D.L., F.S.), Boston",1,Framingham Heart Study,I4210123017,yes
"From the National Heart, Lung, and Blood Institute’s Framingham Heart Study (C.S.F., D.L.), Framingham, Mass; Brigham and Women’s Hospital, Department of Endocrinology, Diabetes, and Hypertension, Harvard Medical School, Boston, Mass (C.S.F.); General Medicine Division, Department of Medicine, Massachusetts General Hospital and Harvard Medical School, Boston (J.B.M.); Department of Mathematics, Boston University, Boston, Mass (R.B.D., M.J.P.); Boston University School of Medicine (R.S.V.), Boston,",1,Framingham Heart Study,I4210123017,yes
"From the National Heart, Lung, and Blood Institute’s Framingham Heart Study (C.S.F., D.L.), Framingham, Mass; the Department of Epidemiology and Preventive Medicine and Epidemiology (W.B.K.) and the Department of Neurology (J.C.E., M.G.L.), Boston University School of Medicine, Boston, Mass; the National Heart, Lung and Blood Institute, National Institutes of Health (C.S.F., D.L.), Bethesda, Md; and the Department of Endocrinology, Diabetes, and Hypertension, Brigham and Women’s Hospital and Harvard",1,"Framingham Heart Study | National Heart, Lung, and Blood Institute",I4210123017 I4210106489,yes
"From the National Heart, Lung, and Blood Institute’s Framingham Heart Study (D.M.L.-J., J.C.E., M.G.L., C.J.O., D.L.), Framingham, Mass; Cardiology Division (D.M.L.-J., C.J.O.), Department of Medicine, Massachusetts General Hospital, Harvard Medical School, Boston, Mass; Division of Epidemiology and Preventive Medicine (J.C.E., M.G.L., D.L.), Boston University School of Medicine, Boston, Mass; National High Blood Pressure Education Program (E.J.R.), National Heart, Lung, and Blood Institute,",1,Framingham Heart Study,I4210123017,yes
"From the National Heart, Lung, and Blood Institute’s Framingham Heart Study (D.M.L.-J., J.C.E., M.G.L., D.L.), National Institutes of Health (NIH/NHLBI Contract N01-HC-25195), Framingham, Mass; the Cardiology Division, Department of Medicine, Massachusetts General Hospital, Harvard Medical School (D.M.L.-J.), Boston, Mass; the Division of Epidemiology and Preventive Medicine, Boston University School of Medicine (D.M.L.-J., J.C.E., M.G.L., D.L.), Boston, Mass; and the National Heart, Lung, and Blood",1,Framingham Heart Study,I4210123017,yes
"From the National Heart, Lung, and Blood Institute’s Framingham Heart Study (J.Ä., M.J.P., B.H.N., C.S.F., D.L., R.B.D., R.S.V.), National Heart, Lung, and Blood Institute, Bethesda, Md (C.S.F., D.L.); the Cardiology Section (R.S.V.), Preventive Medicine and Epidemiology (D.L., R.S.V.), Department of Medicine, Boston University School of Medicine, Boston, Mass; the Mathematics Department, Boston University, Boston, Mass (M.J.P., B.H.N., R.B.D.); Massachusetts General Hospital, Harvard Medical",1,"National Heart, Lung, and Blood Institute | Framingham Heart Study",I4210106489 I4210123017,yes
"From the National Heart, Lung, and Blood Institute’s Framingham Heart Study (N.I.P., S.H., M.G.L., C.S.F., E.S.M., J.M. Murabito, C.J.O.), Framingham, Mass; Brigham and Women’s Hospital, Harvard Medical School, Boston, Mass (C.S.F.); Department of Biostatistics, Boston University School of Public Health, Boston, Mass (A.C., J.M. Massaro); Section of General Internal Medicine, Boston University School of Medicine, Boston, Mass (J.M. Murabito); Departments of Cardiology (C.J.O.) and Radiology (U.H.),",1,Framingham Heart Study,I4210123017,yes
"From the National Heart, Lung, and Blood Institute’s Framingham Heart Study (R.D., T.J.W., C.S.F., R.B.D., and R.S.V.), Framingham, Mass; the Division of Cardiology (R.D.), Dartmouth Hitchcock Medical Center, Lebanon, NH; Masters in Public Health Program, Harvard School of Public Health (R.D.), Boston, Mass; the Department of Biostatistics (P.G. and R.B.D.), Boston University School of Public Health, Boston, Mass; the Division of Cardiology (T.J.W.), Massachusetts General Hospital, Harvard Medical",1,Framingham Heart Study,I4210123017,yes
"From the National Heart, Lung, and Blood Institute’s Framingham Heart Study (R.D., T.J.W., C.S.F., R.S.V.), Framingham, Mass; Massachusetts Veterans Epidemiology Research and Information Center (R.D., J.M.G.), VA Boston Healthcare System, Boston, Mass; Division of Aging (R.D., J.M.G.), Brigham and Women’s Hospital, Harvard Medical School, Boston, Mass; Alice Peck Day Memorial Hospital (R.D.), Lebanon, NH; Department of Biostatistics (L.S., R.B.D.), Boston University School of Public Health, Boston,",1,Framingham Heart Study,I4210123017,yes
"From the National Heart, Lung, and Blood Institute’s Framingham Heart Study (R.S.V., P.W.F.W., S.S., D.L.), Framingham, Mass; the Cardiology Section (R.S.V.), Preventive Medicine and Epidemiology (R.S.V., P.A.W., D.L.), Endocrinology Section (P.W.F.W.), and Department of Neurology (S.S., P.A.W.), Boston University School of Medicine, the Divisions of Cardiology and Clinical Epidemiology, Beth Israel Deaconess Medical Center (D.L.), Harvard Medical School, and the Departments of Epidemiology and",1,Framingham Heart Study,I4210123017,yes
"From the National Heart, Lung, and Blood Institute’s Framingham Heart Study (R.S.V., S.D., L.A.C., D.L., E.J.B.), Framingham, Mass; Sections of Preventive Medicine and Cardiology (R.S.V., E.J.B.), Evans Department of Medicine and Whitaker Cardiovascular Institute, Boston University School of Medicine, Boston, Mass; Department of Biostatistics (S.D., L.A.C., C.W.), Department of Epidemiology (E.J.B.), Boston University School of Public Health, Boston, Mass; The Center of Human Development and Aging ",1,Framingham Heart Study,I4210123017,yes
"From the National Heart, Lung, and Blood Institute’s Framingham Heart Study (S.K., Q.Y., M.G.L, D.L., C.J.O.), Framingham, Mass; Broad Institute of Harvard University and Massachusetts Institute of Technology (S.K., S.B.G., A.L.L., J.N.H., C.J.O.), Cambridge, Mass; Department of Biostatistics (Q.Y.), Boston University School of Public Health; Department of Neurology (Q.Y.), Boston University School of Medicine; Department of Mathematics and Statistics (M.G.L.), Boston University, Boston, Mass; Royal",1,Framingham Heart Study | Massachusetts Institute of Technology,I4210123017 I63966007,yes
"From the National Heart, Lung, and Blood Institute’s Framingham Heart Study (all authors), Framingham, Mass; the Cardiology Division, Department of Medicine, Massachusetts General Hospital, Boston, Mass (C.J.O.); the Cardiology Section, Department of Medicine and Preventive Medicine Section, Boston University School of Medicine, Boston, Mass (R.S.V., D.L., E.J.B.); the Department of Mathematics, Boston University, Boston, Mass (H.P., R.D.); and the National Heart, Lung, and Blood Institute, National",1,Framingham Heart Study,I4210123017,yes
"From the National Heart, Lung, and Blood Institute’s Framingham Heart Study, Boston University School of Medicine, MA; and Department of Neurology, Boston University School of Medicine, Framingham Heart Study, Boston, MA",1,Framingham Heart Study,I4210123017,yes
"From the National Heart, Lung, and Blood Institute’s Framingham Heart Study, Framingham (C.J.O’D., W.B.K.); the Department of Preventive Medicine, Boston Medical Center, Boston University School of Medicine (W.B.K.); the Cardiology Division, Department of Medicine, Massachusetts General Hospital, Harvard Medical School, Boston (C.J.O’D.), Mass",1,Framingham Heart Study,I4210123017,yes
"From the National Heart, Lung, and Blood Institute’s Framingham Heart Study, Framingham, Mass (A.W.H., L.C., M.G.L., J.C.E., M.H.C., D.L.); the National Heart, Lung, and Blood Institute, Bethesda, Md (D.L.); the Section of Epidemiology and Preventive Medicine, Boston University School of Medicine, Boston, Mass (A.W.H., M.G.L., J.C.E., D.L.); and the Divisions of Cardiology and Clinical Epidemiology Beth Israel Deaconess Medical Center, Boston, Mass (M.H.C., D.L.)",1,"Framingham Heart Study | National Heart, Lung, and Blood Institute",I4210123017 I4210106489,yes
"From the National Heart, Lung, and Blood Institute’s Framingham Heart Study, Framingham, Mass (J.M. Massaro, R.S.V., M.G.L., J.M. Murabito, C.J.D., E.J.B., C.S.F.); Division of Endocrinology, Metabolism, and Diabetes, Brigham and Women’s Hospital and Harvard Medical School, Boston, Mass (K.M.P., C.S.F.); Boston University School of Public Health, Departments of Biostatistics (J.M. Massaro, M.G.L.) and Epidemiology (E.J.B.), Boston, Mass; Cardiac MR PET CT Program, Massachusetts General Hospital,",1,Framingham Heart Study,I4210123017,yes
"From the National Heart, Lung, and Blood Institute’s Framingham Heart Study, Framingham, Mass (J.P.S., M.G.L., C.J.O., H.T., J.C.E., D.L.); the National Heart, Lung, and Blood Institute, Bethesda, Md (C.J.O., D.L.); the Division of Epidemiology and Preventive Medicine, Boston University School of Medicine, Boston, Mass (J.P.S., M.G.L., J.C.E., D.L.); the Divisions of Cardiology and Clinical Epidemiology, Beth Israel Hospital (D.L.) and the Cardiac Unit (C.J.O) and Department of Medicine (J.P.S.),",1,"Framingham Heart Study | National Heart, Lung, and Blood Institute",I4210123017 I4210106489,yes
"From the National Heart, Lung, and Blood Institute’s Framingham Heart Study, Framingham, Mass (J.P.S., M.G.L., J.C.E., C.J.O., D.L.); the National Heart, Lung, and Blood Institute, Bethesda, Md (T.A.M., C.J.O., D.L.); the Division of Epidemiology and Preventive Medicine, Boston University School of Medicine, Boston, Mass (J.P.S., M.G.L., J.C.E., D.L.); the Department of Cardiology, Cleveland Clinic Foundation, Cleveland, Ohio (M.L.); and the Divisions of Cardiology and Clinical Epidemiology, Beth",1,"Framingham Heart Study | National Heart, Lung, and Blood Institute",I4210123017 I4210106489,yes
"From the National Heart, Lung, and Blood Institute’s Framingham Heart Study, Framingham, Mass (R.S.V., D.L.); the Divisions of Cardiology and Clinical Epidemiology, Beth Israel Hospital, Boston, Mass (D.L.); the Department of Preventive Medicine and Epidemiology, Boston University School of Medicine, Boston, Mass (R.S.V., D.L.); and the National Heart, Lung, and Blood Institute, Bethesda, Md (D.L.)",1,Framingham Heart Study,I4210123017,yes
"From the National Heart, Lung, and Blood Institute’s Framingham Heart Study, Framingham, Mass (U.C.G., J.C.E., M.G.L., P.W.F.W., J.M.M., D.L.); National Heart, Lung, and Blood Institute, Bethesda, Md (P.W.F.W., D.L.); Sections of Preventive Medicine (U.C.G., J.C.E., M.G.L., J.M.M., D.L.) and General Internal Medicine (J.M.M.), Boston University School of Medicine, Boston, Mass; and the Divisions of Cardiology and Clinical Epidemiology, Beth Israel Hospital, Harvard Medical School, Boston, Mass (D.L.)",1,Framingham Heart Study,I4210123017,yes
"From the National Heart, Lung, and Blood Institute’s Framingham Heart Study, Framingham, Mass (W.S.P., M.G.L., R.H.M., M.G., D.L.); the Division of Cardiology, Beth Israel Hospital, Boston, Mass (D.L.); the Department of Neurology (R.H.M.), Division of Epidemiology and Preventive Medicine (M.G.L., D.L.), Boston University School of Medicine; the National Heart, Lung, and Blood Institute, Bethesda, Md (D.L.), University of Naples, Italy (M.G.); and the Division of Cardiology, Johns Hopkins Hospital,",1,"Framingham Heart Study | National Heart, Lung, and Blood Institute",I4210123017 I4210106489,yes
"From the National Heart, Lung, and Blood Institute’s Framingham Heart Study, Framingham, Massachusetts &amp; Sections of Cardiovascular Medicine and Preventive Medicine, Boston Medical Center (J.K., E.J.B.), Boston University School of Medicine, MA",1,"Framingham Heart Study | Boston Medical Center | National Heart, Lung, and Blood Institute",I4210123017 I1286490081 I4210106489,yes
"From the National Heart, Lung, and Blood Institute’s Framingham Heart Study, National Institutes of Health, Framingham, Mass (E.J.B., P.A.W., R.B.D., H.S., W.B.K., D.L.); Departments of Cardiology (E.J.B.), Preventive Medicine (E.J.B., P.A.W., D.L.), and Neurology (P.A.W.), Boston University School of Medicine, Boston, Mass; Department of Mathematics, Boston University (R.B.D., H.S.), Boston, Mass; Division of Cardiology and Clinical Epidemiology, Beth Israel Hospital, Boston, Mass (D.L.); and",1,Framingham Heart Study,I4210123017,yes
"From the National Heart, Lung, and Blood Institute’s Framingham Heart Study, and the Cardiology Section and Department of Preventive Medicine and Epidemiology, Boston University School of Medicine, Boston, Mass",1,Framingham Heart Study,I4210123017,yes
"From the National Heart, Lung, and Blood Institute’s Framingham Heart Study; the Cardiology Section, and the Department of Preventive Medicine and Epidemiology, Boston University School of Medicine, Boston, Mass",1,Framingham Heart Study,I4210123017,yes
"From the National Heart, Lung, and Blood Institute’s and Boston University’s Framingham Heart Study, Framingham, Massachusetts; the",1,"Framingham Heart Study | National Heart, Lung, and Blood Institute",I4210123017 I4210106489,yes
"From the National Institutes of Health/National Heart, Lung, and Blood Institute's Framingham Heart Study and Faculty of Medicine, Boston University, Boston, Mass",1,Framingham Heart Study,I4210123017,yes
"From the National Institutes of Health/National Heart, Lung, and Blood Institute, Framingham Heart Study (G.T., R.S.V., C.J.O., C.S.F.), Framingham, Mass; Boston University School of Medicine (G.T.), Boston, Mass; Boston University School of Public Health (J.M.M., R.S.V.), Boston, Mass; Massachusetts General Hospital and Harvard Medical School (U.H., A.A.M., C.J.O.), Boston, Mass; MGH Cardiac MR PET CT Program (U.H., A.A.M.); Division of Intramural Research (C.J.O.), National Institutes of Health;",1,Framingham Heart Study,I4210123017,yes
"From the Norwegian Research Center for Active Rehabilitation, Department of Orthopedics, Oslo University Hospital, Oslo, Norway; Clinical Epidemiology Research and Training Unit, and Quantitative Imaging Center, Department of Radiology, Boston University School of Medicine; Data Coordinating Center, Boston University School of Public Health, Boston, Massachusetts; Department of Epidemiology and Biostatistics, University of California, San Francisco, California; Department of Physical Therapy, University of Delaware, Newark, Delaware; Department of Rehabilitation Medicine, University of Kansas, Kansas City, Kansas; Division of Preventive Medicine, University of Alabama at Birmingham, Birmingham, Alabama, USA; Department of Radiology, University of Erlangen-Nuremberg, Erlangen, Germany; Arthritis Research UK Epidemiology Unit, University of Manchester, Manchester, UK.B.E. Øiestad, PT, PhD, Norwegian Research Center for Active Rehabilitation, Department of Orthopedics, Oslo University Hos",1,"University of Manchester | University of California, San Francisco",I28407311 I180670191,no
"From the Preventive Cardiology Program, University of California, Irvine (S.S.F., S.A.K., N.D.W.); National Heart, Lung and Blood Institute’s Framingham Heart Study, Framingham, Mass (M.G.L., E.P.L., D.L.); National Heart, Lung and Blood Institute, Bethesda, Md (D.L.); and Department of Epidemiology and Biostatistics, Boston University School of Medicine, Boston, Mass (E.P.L)",1,"Framingham Heart Study | University of California, Irvine",I4210123017 I204250578,yes
"From the Program in Nutrition and Metabolism, Boston University School of Medicine, Boston, MA (RSA-A and DHH); Helen Keller International, New York, NY (RSA-A and KHB); the Program in International and Community Nutrition, University of California, Davis, CA (RSA-A and KHB); the Division of GI/Nutrition, Boston Children's Hospital, Boston, MA (CMM); the Department of Public Health, Faculty of Medicine, University of Bamako, Bamako, Mali (SD); the University of Indonesia, Jakarta, Indonesia (JGE); the Center for Global Health and Development, Boston University, Boston, MA (DHH); and the Department of Global Health, Boston University School of Public Health, Boston, MA (DHH)",1,"University of California, Davis",I84218800,no
"From the Rheumatology Section , Boston Veterans Administration Medical Center , and the Multipurpose Arthritis Centers ofBoston University , Boston MA , and",1,Boston Medical Center,I1286490081,no
"From the Rheumatology Section , Medical Service and the Radiology Service , Boston Veterans Administration Medical Center , and the Arthritis Center ofBoston University School of Medicine , Boston , MA , USA",1,Boston Medical Center | United States Department of Veterans Affairs,I1286490081 I1322918889,no
"From the School of Physical Therapy, Massachusetts College of Pharmacy and Health Sciences, Worcester, MA (CTJ); Section of General Internal Medicine, Department of Medicine, Boston University Chobanian and Avedisian School of Medicine and Boston Medical Center, Boston, MA (EJR, EH, NEM); School of Health and Rehabilitation Sciences, University of Pittsburgh, Pittsburgh, PA (CNS, CGP, CMM, JMS, AD); Department of Physical Therapy, College of Public Health and Health Professions, University of Florida, Gainesville, FL, United States (JB); Clinical Research Center, Brooks Rehabilitation, Jacksonville, FL, United States (JB); Department of Wellness and Preventive Medicine, Cleveland Clinic, Cleveland, OH, USA (RBS)",1,,,no
"From the School of Physical Therapy, Massachusetts College of Pharmacy and Health Sciences, Worcester, MA (CTJ); Section of General Internal Medicine, Department of Medicine, Boston University Chobanian and Avedisian School of Medicine and Boston Medical Center, Boston, MA (EJR, EH, NEM); School of Health and Rehabilitation Sciences, University of Pittsburgh, Pittsburgh, PA (CNS, CGP, CMM, JMS, AD); Department of Physical Therapy, College of Public Health and Health Professions, University of Florida, Gainesville, FL, United States (JB); Clinical Research Center, Brooks Rehabilitation, Jacksonville, FL, United States (JB); Department of Wellness and Preventive Medicine, Cleveland Clinic, Cleveland, OH, USA (RBS). Christopher.Joyce@mcphs.edu",1,,,no
"From the Section of Cardiology (J.W.M., K.M.M., E.J.B.), Division of Medicine (M.A.W.), Division of Preventive Medicine (E.J.B.), Whitaker Cardiovascular Institute (E.J.B.), Boston University School of Medicine; Department of Epidemiology (E.J.B.), School of Public Health, Boston, Mass; the National Heart Lung and Blood Institute’s Framingham Study (E.J.B.), Framingham, Mass; and Cardiovascular Research Center and Cardiac Arrhythmia Service (P.T.E.), Massachusetts General Hospital, Boston, Mass",1,Framingham Heart Study,I4210123017,yes
"From the Section of Cardiology , Boston Medical Center , Boston Uni- versity Medical Center , Boston , Massachusetts",1,Boston Medical Center,I1286490081,no
"From the Section of Cardiovascular Medicine, Boston University School of Medicine &amp; National Heart, Lung and Blood Institute and Boston University’s Framingham Heart Study, MA (J.W.M., E.J.B.); Department of Biostatistics, Boston University School of Public Health, MA (N.W., L.M.S.); Intramural Research Program, National Institute on Aging, National Institutes of Health, Bethesda, MD (M.E.G., C.L.P.); Division of General Internal Medicine, University of California, San Francisco (D.C.B.); Stony",1,"Framingham Heart Study | University of California, San Francisco",I4210123017 I180670191,yes
"From the Section of Pediatric Cardiology, Department of Pediatrics, Baylor College of Medicine and Texas Children’s Hospital, Houston (J.P.Z.); Department of Biostatistics (J.R., M.G.L.) and Department of Epidemiology (E.J.B., R.S.V.), School of Public Health, Sections of Preventive Medicine and Cardiovascular Medicine, Department of Medicine, School of Medicine (N.M.H., E.J.B., R.S.V.), Boston University’s and National Heart, Blood and Lung Institute’s Framingham Heart Study (J.R., M.G.L., E.J.B.,",1,,,no
"From the Section of Preventive Medicine and Epidemiology (N.L.S., R.S.V.), The Whitaker Cardiovascular Institute (N.L.S.), and Department of Neurology (J.J.H., A.S.B., S.S.), Boston University School of Medicine; the Framingham Heart Study (N.L.S., J.J.H., A.S.B., R.S.V., S.S.); Departments of Biostatistics (A.S.B.) and Epidemiology (R.S.V.), Boston University School of Public Health; Cardiology Division (G.D.L.) and the Pulmonary and Critical Care Unit (G.D.L.), Massachusetts General Hospital,",1,,,no
"From the Slone Epidemiology Center at Boston University, Boston, MA (LAW, RGR, JRP, DAB, and LR), and the Department of Biostatistics & Epidemiology, University of Pennsylvania School of Medicine, Philadelphia, PA (SKK)",1,,,no
"From the Slone Epidemiology Unit, Boston University School of Medicine, Brookline, MA, and the Division of Epidemiology, Columbia School of Public Health New York, NY",1,,,no
"From the The Department of Psychiatry and Behavioral Medicine, Seattle Public Health Hospital 1131 Fourteenth Avenue South, Seattle, WA 98114, the Aphasia Research Center, Boston University School of Medicine Boston, MA 02130 and the Department of Neurology, Harvard Medical School Boston, MA 02215, USA",1,,,no
"From the The Framingham Heart Study, MA (C.A., R.S.V.); Department of Cardiology, Gentofte Hospital, University of Copenhagen, Denmark (C.A.); and Sections of Preventive Medicine and Cardiology, Departments of Medicine and Epidemiology, Boston University Schools of Medicine and Public Health, MA (R.S.V.)",1,,,no
"From the The National Heart, Lung, and Blood Institute’s Framingham Heart Study, Framingham, MA (C.A., R.S.V.); Section of Preventive Medicine and Cardiology, Boston University School of Medicine, Boston, MA (C.A., R.S.V.); and Department of Cardiology, Gentofte Hospital, University of Copenhagen, Hellerup, Denmark (C.A.)",1,Framingham Heart Study,I4210123017,yes
"From the Thoracic Services , Departments of Medicine and Surgery , Bos- ton University School of Medicine ; the Department of Radiology , Har- vard Medical School , Boston , MA ; and the",1,,,no
"From the Tzanio Hospital, Piraeus, Greece, and the Hypertension and Atherosclerosis Section of the Department of Medicine, Boston (Mass) University School of Medicine",1,Tzaneion General Hospital,I4210127688,no
"From the UIeDartment of Molecular Biolopv and Microbiology and Weuroscience Program , University School of "" I Medicine , Bos'ton , Massachusetts 02111",1,,,no
"From the USC Neurobehavior Clinic and Department of Neurology (Drs. Henderson and Chui) and the Department of Medicine (Dr. Weiner), University of Southern California School of Medicine, Los Angeles, CA; the Department of Neurology (Dr. Naeser), Boston University School of Medicine, Boston, MA: and the Department of Psychology (Ms. Pieniadz), University of Vermont, Burlington, VT",1,,,no
"From the Vascular Biology Unit, Whitaker Cardiovascular Institute, Department of Medicine and Cardiothoracic Surgery, Boston University Medical Center (T.A., R.M., S.X., M.K., H.L.L., R.A.C.), Boston, Mass, and the Department of Pharmaceutical Chemistry, University of Kansas School of Pharmacy (V.S.S., C.S.), Lawrence, Kan",1,,,no
"From the a Framingham Heart Study, Framingham, b Department of Epidemiology and Biostatistics, Boston University School of Public Health, Boston, c Cardiology Division, Massachusetts General Hospital, Harvard Medical School, Boston, d Department of Medicine, Beth Israel-Deaconess Medical Center, Harvard Medical School, Boston, e Hebrew Rehabilitation Center for Aged Research and Training Institute, Harvard Medical School, Division on Aging, Boston, Mass, and the f National Heart, Lung, and Blood Institute, National Institute of Health, Bethesda, Md",1,Framingham Heart Study,I4210123017,yes
"From the aDivision of Pharmacoepidemiology and Pharmacoeconomics, Brigham and Women's Hospital & Harvard Medical School, Boston, MA; bResearch Triangle Institute, Research Triangle Park, NC; cBoston University School of Public Health, Boston, MA; dDepartment of Anesthesia, Critical Care, and Pain Medicine, Massachusetts General Hospital, Harvard Medical School, Boston, MA; and eDepartment of Epidemiology, Harvard T.H. Chan School of Public Health, Boston, MA",1,,,no
"From the aExposure, Epidemiology, and Risk Program, Department of Environmental Health, Harvard T.H. Chan School of Public Health, Boston, MA; bDepartment of Geography and Environmental Development, Ben-Gurion University of the Negev, Beer Sheva, Israel; cDepartment of Biostatistics, Harvard T.H. Chan School of Public Health, Boston, MA; dVA Normative Aging Study, Veterans Affairs Boston Healthcare System and the Department of Medicine, Boston University School of Medicine, Boston, MA; and eChanning Laboratory, Brigham and Women's Hospital, Harvard Medical School, Boston, MA",1,,,no
"From the aResearch Triangle Institute, Waltham, MA; and bDepartment of Epidemiology, Boston University, Boston, MA",1,,,no
Fudan U.Georgia State U.Boston CollegeBoston U,1,Fudan University,I24943067,no
"Funding/Support: The affinity research collaboratives are funded by the Evans Medical Foundation at Boston University School of Medicine and by the Clinical and Translational Science Institute, and the Interdisciplinary Biomedical Research Office by the Office of the Associate Provost for Research",1,Evans Medical Foundation | Clinical and Translational Science Institute,I4405270410 I4405260963,yes
"Fuzhong Qin BOSTON UNIV MEDICAL CTR, Boston, MA",1,,,no
"G. CLARKE CHAPMAN, JR. (B.A., Arizona State University; S.T.B., Ph.D., Boston University) is Associate Professor of Religion at Moravian College. His article is based on a paper read at the Annual Meeting of the American Academy of Religion in Chicago, October 21, 1966",1,American Academy of Religion,I1284630609,no
GARY B. MELTON received his PhD in clinical-community psychology from Boston University in 1978. He is director of the Institute for Families in Society at the University of South Carolina,1,University of South Carolina,I155781252,no
"GRIBBONS, WARREN D. Address: Regis Coll., Weston, Mass. 02193. Title: Prof. Age: 45. Degrees: B.A. Boston Univ., Ed.D. Harvard Univ. Specializations: Development, guidance",1,,,no
"Gail K. Sergenian is an assistant professor of accounting at Suffolk University and ABD from the University of Connecticut. She has a BS from Boston University, an MA from Columbia University, and an MBA from Pace University. She is interested in cognition and decision behavior in complex contexts",1,Suffolk University,I24306055,no
"Gary F. Mitchell Boston University's and National Heart, Lung, and Blood Institute's Framingham Heart Study, Framingham, MA Cardiovascular Engineering, Inc, Norwood, MA",1,"Framingham Heart Study | National Heart, Lung, and Blood Institute",I4210123017 I4210106489,yes
"Gary F. Mitchell From the National Heart, Blood and Lung Institute's and Boston University's Framingham Heart Study, Framingham, MA (T.J.N., M.G.L., E.J.B., R.S.V.)",1,Framingham Heart Study | Lung Institute,I4210123017 I4210101049,yes
"Gary F. Mitchell From the National Heart, Lung, and Blood Institute's and Boston University's Framingham Heart Study, MA (T.J.N., A.L., M.G.L., E.J.B., R.S.V.)",1,"Framingham Heart Study | National Heart, Lung, and Blood Institute",I4210123017 I4210106489,yes
"Gary Grieve-Carlson is Professor of English and Director of General Education at Lebanon Valley College in Annville, Pennsylvania. He was educated at Bates College and at Boston University, and he has taught at the University of Tennessee, at Virginia Polytechnic Institute, and at the Carolo–Wilhelmina Technische Universität in Braunschweig, Germany",1,Technische Universität Braunschweig,I94509681,no
"Gary M. Bedell, PhD, OT, is Assistant Professor, Tufts University, Department of Occupational Therapy, 26 Winthrop Street, Medford, Massachusetts 02155; . At the time of this study, Dr. Bedell was Postdoctoral Research Fellow at the Center for Rehabilitation Effectiveness, Sargent College of Health and Rehabilitation Sciences, Boston University, Boston, Massachusetts",1,,,no
"General Dentistry, BU School of Dental Medicine, Boston, Massachusetts",1,Boston University Academy,I4210114918,no
"General Medicine Division, Department of Medicine, Massachusetts General Hospital, Harvard Medical School, Boston, MA; National Heart Lung and Blood Institute's and Boston University's Framingham Heart Study, Framingham, MA",1,"Framingham Heart Study | Massachusetts General Hospital | National Heart, Lung, and Blood Institute",I4210123017 I4210087915 I4210106489,yes
"Genomics Program and Division of Genetics (Boston, MA - États-Unis)",1,,,no
"Geoffrey H. Tofler From the National Heart, Lung, and Blood Institute's and Boston University's Framingham Study (R.B.S., M.G.L., P.A.W., D.L., R.S.V., E.J.B.), Framingham, Mass",1,"Framingham Heart Study | National Heart, Lung, and Blood Institute",I4210123017 I4210106489,yes
"Geoffrey W. Wilkinson is with the Boston University School of Social Work, Boston, MA. Alan Sager is with the Boston University School of Public Health. Sara Selig is with Brigham & Women’s Hospital/Harvard Medical School, Boston. Richard Antonelli is with Boston Children’s Hospital/Harvard Medical School, Boston. Samantha Morton is with Medical Legal Partnership Boston. Gail Hirsch is with the Office of Community Health Workers, Massachusetts Department of Public Health, Boston. Celeste Reid Lee is with",1,,,no
"George Chen National Heart, Lung, and Blood Institute's and Boston University's Framingham Heart Study, Framingham, MA",1,"Framingham Heart Study | National Heart, Lung, and Blood Institute",I4210123017 I4210106489,yes
"George L. Kline was educated at Boston University, Columbia College, and Columbia University. He has taught at Columbia and the University of Chicago, and is at present professor of philosophy at Bryn Mawr College. He is the author of Spinoza in Soviet Philosophy (1952) and Religious and Anti-Religious Thought in Russia (1968), translator of V. V. Zenkovsky's History of Russian Philosophy (2 vols., 1953), editor of Alfred North Whitehead: Essays on His Philosophy (1963), European Philosophy Today (1965), and co-editor of Russian Philosophy (3 vols., 1965). He contributed an essay and bibliography on “Whitehead in the non-English-speaking World” to Process and Divinity. a Festschrift for Charles Hartshorne (ed. W. Reese and E. Freeman, 1964)",1,University of Chicago,I40347166,no
Gerald Wogan assigned to Massachusetts Institute of Technology; Boston Universi,1,Massachusetts Institute of Technology,I63966007,no
"Gerald Wogan, Frederick Bargoot, Christophe Ferrari assigned to Massachusetts Institute of Technology; Boston Universi",1,Massachusetts Institute of Technology,I63966007,no
"Gian Luca Clementi is with New York University's Stern School of Business and the National Bureau of Economic Research. Berardino Palazzo is with the Capital Markets Section of the Federal Reserve Board. We thank the Editors, Kenneth Singleton and Stefan Nagel, one Associate Editor, and two anonymous referees for suggestions that greatly improved the paper. We are also grateful to Frederico Belo; Martin Boileau; Andrea Buffa; Ilan Cooper; João Gomes; Dirk Hackbart; Xiaoji Lin; Lars Lochstoer; Sydney Ludvigson; Felipe Saffie; and Stijn Van Nieuwerburgh; as well as seminar attendants at NHH Bergen, Bank of Italy, Boston University, Federal Reserve Bank of St. Louis, NYU, University of Minnesota, University of Southern California, Wharton, University of Wisconsin, CAPR Workshop (Oslo), CIREQ Workshop (Montreal), Duke-UNC Asset Pricing Conference, “Firm Dynamics and the Aggregate Economy” at the Becker-Friedman Institute, ENSAI Economic Day (Rennes), EUI Macro Conference (Florence), Midwest Macro Meeting, NY/Philly Workshop on Quantitative Macroeconomics, and meetings of the American Finance Association, European Finance Association, Canadian Macro Study Group, and Society for Economic Dynamics for their comments and insights. Marco Casiraghi and Peifan Wu provided excellent research assistance. All remaining errors are our own responsibility. The views expressed are those of the authors and do not necessarily reflect those of the Federal Reserve Board or the Federal Reserve System. We have read the Journal of Finance 's disclosure policy and have no conflicts of interest to disclose",1,ENSAE Paris | NOAA National Weather Service,I84009706 I4210095787,no
"Glenn Biggs Institute for Alzheimer's & Neurodegenerative Diseases, UT Health San Antonio, San Antonio, TX, USA; Department of Neurology, Boston University School of Medicine, Boston, MA, USA; The Framingham Heart Study, Framingham, MA, USA. Electronic address: deboramelovanlentresearch@gmail.com",1,Framingham Heart Study,I4210123017,yes
"Glenn Biggs Institute for Alzheimer's and Neurodegenerative Diseases, UT Health San Antonio, San Antonio, Texas; Department of Population Health Sciences, UT Health San Antonio, San Antonio, Texas; Framingham Heart Study, Framingham, Massachusetts; Department of Neurology, Boston University School of Medicine, Boston, Massachusetts",1,,,no
"Glenn Biggs Institute for Alzheimer's and Neurodegenerative Diseases, University of Texas Health San Antonio, San Antonio, TX, USA; Framingham Heart Study, MA, USA; Department of Biostatistics, Boston University School of Public Health, Boston",1,Framingham Heart Study | The University of Texas at San Antonio Health Science Center,I4210123017 I165951966,yes
"Glenn Biggs Institute for Alzheimer's and Neurodegenerative Diseases, University of Texas Health Science Center at San Antonio, San Antonio, TX, USA; The Framingham Heart Study, Framingham, MA, USA; Department of Biostatistics, Boston University School of Public Health, Boston, MA, USA",1,Framingham Heart Study | The University of Texas at San Antonio Health Science Center,I4210123017 I165951966,yes
"Glenn Biggs Institute for Alzheimer's and Neurodegenerative Diseases, University of Texas Health Sciences Center, San Antonio, TX, USA; Framingham Heart Study and Department of Neurology, Boston University School of Medicine, Boston, MA, USA",1,Framingham Heart Study | The University of Texas at San Antonio Health Science Center,I4210123017 I165951966,yes
"Glenn Biggs Institute for Alzheimer's & Neurodegenerative Diseases, UT Health San Antonio, San Antonio, TX, USA; The Framingham Heart Study, Framingham, MA, USA; Department of Neurology, Boston University School of Medicine, Boston, MA, USA",1,Framingham Heart Study,I4210123017,yes
"Glenn Jacobs is Associate Professor of Sociology at the University of Massachusetts, Boston. His work includes a book on the Boston University role in the Chelsea Public Schools and the response of the Hispanic community to it",1,,,no
Global Economic Policy at Boston University's Frederick S. Pardee School of Global Studies,1,,,no
"Global Smile Foundation, Boston, Massachusetts and Assistant Clinical Professor of Otolaryngology, Tufts University School of Medicine, Clinical Instructor in Otology and Laryngology, Harvard Medical School, and Clinical Instructor of Otolaryngology, Boston University School of Medicine, Boston, Massachusetts",1,,,no
"Goldman School Of Dental Medicine, Boston, MA, USA",1,,,no
"Grace Xing Hu is from Faculty of Business and Economics, University of Hong Kong, and Jun Pan and Jiang Wang are from MIT Sloan School of Management, CAFR, and NBER. We are grateful to Cam Harvey (the Editor), the Associate Editor, two anonymous reviewers, Darrell Duffie, Mark Kritzman, Krishna Ramaswamy, Dimitri Vayanos, Adrien Verdelhan, and Haoxiang Zhu for valuable discussions. We are also grateful for comments from seminar participants at Boston University, Shanghai University of Finance and Economics, University of Maryland, University of Michigan, University of Pennsylvania, University of Western Australia, Capula Investment Management LLC, 2011 NBER Asset Pricing Program Spring Meeting, Moody's 2011 Credit Risk Conference, Morgan Stanley, and Q Group 2012 Spring Conference",1,University of Hong Kong,I889458895,no
"Graduate Institute of Injury Prevention and Control, Taipei Medical University, Taipei, Taiwan; Health and Disability Research Institute, Boston University School of Public Health, Boston, MA. Electronic address: fhchang@bu.edu",1,,,no
"Graduate Medical Sciences, Boston University School of Medicine, Boston, MA, USA; NHLBI's Framingham Heart Study, Framingham, MA, USA",1,Framingham Heart Study,I4210123017,yes
"Graduate School of Management, University of California at Irvine, USAA previous version of this paper appeared as Chapter 1 of Yu's doctoral dissertation at Cornell University. We thank Warren Bailey, Richard Green (the editor), Haitao Li, Robert Masson, George Oldfield, George Pennacchi, an anonymous referee, and seminar participants at Baruch College, Boston University, the College of William and Mary, Cornell University, the Federal Reserve Bank of New York, Georgetown University, McGill University, Rice University, the University of British Columbia, the University of California at Irvine, the University of Illinois at Urbana-Champaign, the University of Iowa, the University of Wyoming, the 2000 Derivatives Securities Conference at Boston University, and the 1999 Frank Batten Young Scholars Conference at the College of William and Mary for useful comments. Yu acknowledges the support of a Sage Graduate Fellowship from Cornell University while part of this research was completed",1,Robert Morris University | Georgetown University | Cornell University,I178605575 I184565670 I205783295,no
"Graduate student at Boston University's, Center for International Relations",1,School of International Relations,I4210091705,no
Gray Herbarium of Harvard University College of Liberal Arts of Boston University,1,Harvard University,I136199984,no
"Grayken Center for Addiction and Clinical Addiction Research and Education Unit, Section of General Internal Medicine Boston Medical Center and Boston University Chobanian and Avedisian School of Medicine  Boston MA USA",1,Boston Medical Center,I1286490081,no
"Grayken Center for Addiction, Boston Medical Center, Boston University School of Medicine, Boston, MA; Department of Medicine, McGill University Health Centre, Montréal, QC. Electronic address: miriam.harris@medportal.ca",1,,,no
"Gregory D. Lewis From the Framingham Heart Study of the National Heart, Lung and Blood Institute and Boston University School of Medicine, Framingham, MA (S.C., M.G.L., E.L.M., C.S.F., C.J.O., R.S.V., T.J.W.)",1,"Framingham Heart Study | National Heart, Lung, and Blood Institute",I4210123017 I4210106489,yes
"Gregory S. Alexander is A. Robert Noll Professor of Law, Cornell University. I am deeply grateful to the participants at the Conference on American and Scandinavian Legal Realism, sponsored by the Institute of Legal Genetics, Stockholm, for their helpful comments. Marie Sandström and Claes Peterson, both of the University of Stockholm Faculty of Law, and Heikki Pihlajamäki, of the University of Helsinki Faculty of Law, offered especially valuable observations on the political dimension of Scandinavian Legal Realism. Thanks also to Terry Fisher and to Claes Peterson for inviting me to the conference. I am also grateful to participants at a Legal Studies Workshop at Cornell and at the Elizabeth Batelle Clark Legal History Colloquium at Boston University School of Law for their helpful comments on an earlier draft of this paper. Fred Konefsky, Mort Horwitz, and David Lyons offered especially valuable suggestions, and I am much in their debt",1,Cornell University,I205783295,no
"Greta Lee Splansky Framingham Heart Study, Framingham, MA (D.L., G.L.S.). Boston University School of Medicine, Boston, MA (G.L.S.)",1,Framingham Heart Study,I4210123017,yes
"HELEN L. AIKINS, R.N., is associate director of nursing services, Peter Bent Brigham Hospital, Boston. Formerly nursing supervisor, general medical clinic, and nursing coordinator, comprehensive care and teaching program, New York Hospital and Cornell University Medical College, she received her B.S. degree in nursing education from Boston University School of Nursing and her M.A. degree in nursing-service administration from Teachers College, Columbia University. This paper was presented at the sixth",1,Columbia College of Nursing | Cornell University,I2800856465 I205783295,no
"HERO, Boston University, Postnet Suite 212, Private Bag X2600, Houghton, 2041, South Africa",1,,,no
"HH Doctor en Sociología ( Universidad de Massachusetts) , Masters en Trabajo Social Clínico (Boston University) , Licenciado en Filosofía ( Universidad del Salvador , Argentina )",1,Universidad del Salvador,I11383257,no
"Halit Silbershatz From the National Heart, Lung, and Blood Institute's Framingham Study (P.A.W., C.S.K., M.K.-H., P.W.F.W.), Framingham, Mass, and the Departments of Neurology (N.S.R., P.A.W., C.S.K., M.K.-H.), Mathematics and Statistics (H.S., R.B.D), Epidemiology and Biostatistics (J.M.M.), Biochemistry (C.F.), and Medicine (P.W.F.W.), Boston University School of Medicine, Boston, Mass",1,Framingham Heart Study,I4210123017,yes
"Haralambos Gavras BOSTON UNIV MED CTR, Boston, MA",1,,,no
Harold Goodglass Aphasia Research CenterDepartment of NeurologyBoston University Medical School and the Medical Research ServiceVA Boston Healthcare SystemUSA,1,VA Boston Healthcare System,I2801671727,no
Harvard College and the Boston Univer-sity School of Law,1,,,no
"Harvard Experiments Working Group and the Harvard American Politics Research Workshop, conference and seminar participants at Boston University, Columbia, Dartmouth, Georgetown,",1,,,no
Harvard Medical School and Boston Univ,1,Harvard University,I136199984,no
"Harvard Medical School and Sargent College of Allied Health, Boston University, Boston",1,,,no
"Harvard Medical School, University of Boston, Boston, MA, USA",1,Harvard University,I136199984,no
"Harvard T.H. Chan School of Public Health, Boston, MA. 2Boston University, Boston, MA. 3Judge Baker Children’s Center, Boston, MA",1,Judge Baker Children's Center,I4210166342,no
"Harvard T.H. Chan School of Public Health, Boston, Massachusetts (Dr López Gómez, Dr Williams, and Dr Sorensen); Boston College, School of Social Work, Boston, Massachusetts (Dr Sabbath); Boston University School of Public Health, Boston, Massachusetts (Dr Boden); Department of Health Policy and Management, University of Kansas School of Medicine, University of Kansas Medical Center, Kansas City, Kansas (Dr Williams); Workplace Health and Wellbeing, Partners HealthCare System, Boston, Massachusetts (Dr Hopcia); Partners HealthCare, Inc., Boston, Massachusetts (Dr Hashimoto); Boston College Law School, Boston, Massachusetts (Dr Hashimoto); Dana-Farber Cancer Institute, Center for Community-Based Research, Boston, Massachusetts (Dr Williams and Dr Sorensen)",1,,,no
Harvard U.Harvard Business SchoolMcGill U.Massachusetts Institute of TechnologyBentley U.Boston U.Boston U,1,Harvard University,I136199984,no
"Hassan Mehrpour received the B.E. degree in communication engineering from PTT College in Iran in 1971, the M.Sc. degree in computer engineering from Boston University in 1980, and the Ph.D. degree in electrical engineering from the University of New South Wales in 1992. After joining Telecommunication Company of Iran, Teheran, Iran, in 1973, he undertook stored program control (SPC) network studies in RCA Laboratories in New York and Camden, N.J. in 1974, and subsequently he was responsible for technical support of SPC switches in Iran. He also participated in the CCITT study group 1X for the period of 1980–1984. Currently he is a lecturer in the School of Electrical Engineering at the University of New South Wales, Australia, where he teaches in undergraduate and graduate courses, concerned with data communications and broadband integrated networks",1,,,no
"He holds a Bachelor's Degree in Chemical Engineering from Rensselaer Polytechnic Institute, a Master's Degree in Hydrology from Boston University, and a Ph.D. in Resource Economics from the University of Virginia. He specializes in environmental management and water resource planning. He has worked in the petroleum industry as a development engineer and has been a consultant for the electroplating industry for several years",1,,,no
"He received his PhD from Purdue University and an AB from Boston University. He is a member of AMA, AIChE and APCA",1,Purdue University System,I2801333002,no
"Head and Neck Oncology Fellow, Department of Otolaryngology, University Hospital, Boston, Massachusetts",1,,,no
"Health Research & Educational Trust, Chicago, IL; Northwestern University, Chicago, IL; Boston University, Boston, IL; Nortwestern University, Chicago, IL",1,Northwestern University | Northwestern University | Health Research and Educational Trust,I111979921 I4210100400 I4210143337,no
"Health and Disability Research Institute, School of Public Health, Boston, MA",1,Disability Practice Institute,I4210167242,no
"Hearing Res. Ctr., Boston Univ. and Tech. Univ., Košice, Slovakia",1,Technical University of Košice,I183764125,no
"Hematology Section, Department of Medicine, and Evans Memorial Department of Clinical Research, University Hospital, Boston, Massachusetts",1,,,no
"Hemorrhagic Stroke Research Program, J Philip Kistler Research Center, Department of Neurology, Massachusetts General Hospital, Boston, MA, USA; Framingham Heart Study and Department of Neurology, Boston University School of Medicine, Boston, MA, USA",1,,,no
"Henry M. Goldman School of Dental Medicine, 635 Albany street, Boston MA 02118",1,,,no
"Henry M. Goldman School of Dental Medicine, Department of Periodontology, 650 Albany Street, Boston, MA, USA",1,,,no
Henry M. Goldman School of Dental MedicineBoston UniversityBostonMAUSA,1,,,no
"Henry-Goldman school of dental medicine, Boston, États-Unis",1,,,no
"Her education in basic nursing was at St. Mary's. Duluth, Minn. She earned a B.S. at the College of St. Scholastica. Duluth, and an M.S. at Boston University. She is certified in school psychology and is a doctoral student in child development at Ohio University",1,College of St. Scholastica | Ohio University,I181761882 I4210106879,no
Hertie School of GovernanceHertie School of GovernanceBoston U,1,Hertie School,I24830596,no
"Hertzberg is from Columbia Business School. Liberti is from DePaul University. Paravisini is from Columbia Business School and BREAD. The authors thank Campbell Harvey (the editor); the associate editor; two anonymous referees; Patrick Bolton; Doug Diamond; Andrea Eisfeldt; Tom Hubbard; Ulrike Malmendier; David Matsa; Atif Mian; Thomas Philippon; Jonah Rockoff; Morten Sorensen; Scott Stern; Per Stromberg; Catherine Thomas; Jules van Binsbergen; seminar participants at Berkeley Haas School of Business, Boston University, Chicago, GSB, Columbia Business School, Duke Fuqua School of Business, Harvard/MIT Organizational Economics, LBS, LSE, MIT Sloan, Northwestern University Kellogg, NYU Stern, San Francisco Federal Reserve Bank, and Stanford GSB; and participants at the CEPR European Summer Symposium in Financial Markets, European Finance Association Annual Meeting, CEPR Banking and Macroeconomy Conference, London School of Economics Financial Markets Group Conference, and NBER Corporate Finance Spring Meeting. We greatly appreciate the superb research assistance of Michael Niessner and Ronald Chan. We especially thank Germán Blanco for helping us to assemble this database",1,DePaul University,I118353179,no
"Historien de la vie culturelle, religieuse et intellectuelle américaine, David D. Hall a enseigné à Yale, à l’Université de Boston et, depuis 1989, à la Harvard Divinity School. Influencé par l’histoire culturelle telle que présentée dans les Annales, ou d’autres œuvres sur la culture, la lecture et la littérature populaires, il est l’auteur de Worlds of Wonder, Days of Judgment : Popular Religious Belief in Early New England, livre publié en 1989 et primé. Il dirige par la suite un projet d’archives documenté de l’ensemble des cas de chasse aux sorcières en Nouvelle-Angleterre (1991). En 1985, il est directeur d’études invité à l’EHESS à Paris, et occupe la position une seconde fois en 2001. En parallèle, il devient directeur éditorial d’un ouvrage en cinq volumes consacré à l’histoire du livre en Amérique, History of the Book in America (2000-2010). Plus récemment, il mêle histoire politique, sociale et religieuse dans A Reforming People : Puritanism and the Transformation of Public Life in Early New England (2011), un projet qu’il a élargi depuis pour inclure l’Écosse et l’Angleterre dans un livre en cours de rédaction",1,,,no
"Historienne du cinéma documentaire, Jennifer Cazenave est professeure assistante à l’université de Boston (USA). Spécialiste des archives filmées et de la représentation des génocides du xxe siècle, elle est notamment l’auteure de l’ouvrage américain An Archive of the Catastrophe: The Unused Footage of Claude Lanzmann’s « Shoah » (SUNY Press, 2019), récompensé par une mention honorable pour le Prix du Meilleur Premier Livre de la Society for Cinema & Media Studies. Elle a également publié une douzaine d’articles et d’essais sur le cinéma documentaire de Sébastien Lifshitz, Rithy Panh et Agnès Varda",1,,,no
"Holds a B.A. degree from Boston University, where he was initiated into Phi Beta Kappa, a M.A. degree from Catholic University of America, and a D.H.L. degree from Jewish Theological Seminary of America, where he was ordained in 1944. He is the Director of the B'nai B'rith Hillel Foundation at the University of Pennsylvania. This article represents the reworking, on the part of the author, of a series of radio talks delivered over the University of Illinois Radio Station, WILL, in February, 1952. He prepared this article at the invitation of one of the editors of EDUCATIONAL THEORY because this editor found the contents of the radio talks intellectually provocative. The talks are presented almost exactly as they were delivered, with the addition of some bibliographical references. The author, who, in a sense, earns his livelihood as a teacher, is by no means a professional educator. At the same time, he has a keen interest in education and was prompted to deliver his radio series because of his personal conviction that the “theological” as contrasted with the “philosophical” foundations for education should be included in a Social Foundations curriculum",1,,,no
"Holds a PhD in Anthropology from Boston University and has been a member of the Faculty of Philosophy and Human Sciences of the Federal University of Bahia (UFBA) in Salvador, Brazil, since 1982",1,Universidade Federal da Bahia,I126158947,no
"Honghuang Lin Framingham Heart Study, MA (C.A., H.L., C.L., D.L., M.G.L., R.S.V.). Section of Computational Biomedicine, Department of Medicine (H.L.), Boston University School of Medicine, MA",1,Framingham Heart Study,I4210123017,yes
"Honghuang Lin National Heart, Lung, and Blood Institute, Boston University's Framingham Heart Study, MA (L.S., S.R.P., H.L., E.J.B., L.T.). Section of Computational Biomedicine (H.L.), Department of Medicine, Boston University School of Medicine, MA",1,Framingham Heart Study,I4210123017,yes
"Huang is at the McCombs School of Business, University of Texas at Austin. Wei is at the School of Management, University of Texas at Dallas. Yan is at the Moore School of Business, University of South Carolina. We thank Jonathan Berk, Keith Brown, Wayne Ferson, Alexei Goriaev, Anthony Lynch, David Musto, Lubos Pastor, Lukasz Pomorski, Brian Reid, Mark Seasholes, Clemens Sialm, Erik Sirri, Laura Starks, Sheridan Titman, Jay Wellman, Tong Yao, Lu Zheng, and an anonymous referee for insightful suggestions, and presentation participants at Australian Graduate School of Management, Boston University, Cheung Kong Graduate School of Business, the U.S. Securities & Exchange Commission, the University of Texas at Austin, the 2004 European Finance Association meeting, the 2005 China International Conference in Finance, the 2005 Michigan Mitsui Life Symposium, the 2005 Texas Finance Festival, and the 2005 Western Finance Association meeting for useful comments. All remaining errors are our own",1,University of South Carolina,I155781252,no
"Hubert Walters is an instructor (on leave) at Shaw University; a lecturer on Black Music at Howard University; a visiting professor of Afro-American Studies and instructor of Black Music at Boston State College; and an instructor on “The History of Black Music” at Goddard College, Plainfield, Vermont. Last month Walters presented a lecture on the “History of Black Church Music” at Indiana University's annual Black Music Seminar. He is presently a candidate for the Doctor of Musical Arts degree at Boston University where he has received a fellowship from the Southern Educational Foundation to write a music dissertation this fall",1,,,no
"Hugo J. Aparicio NHLBI's Framingham Heart Study, Framingham, MA (R.P., A.P., S.D., O.E., H.J.A., C.L.S., A.S.B., S.S., V.-A.L., J.R.R.). Department of Neurology, Boston University Chobanian and Avedisian School of Medicine, Boston, MA (H.J.A., C.L.S., A.S.B., S.S., J.R.R.)",1,,,no
"I am indebted to Larry G. Epstein for his illuminating guidance and invaluable advice. I thank D. Ahn, P. Barelli, P. Ghirardato, F. Gul, I. Kopylov, B. Lipman, M. Marinacci, K. Nehring, B. Polak, and P. Wakker for helpful discussions and suggestions. I also thank audiences at the University of Rochester, Boston University, the University of Chicago, Washington University in St. Louis, Rice University, Yale University, Northwestern University, the Canadian Economic Theory Conference, the RUD'06 Workshop on Risk, Utility and Decision, and the 2006 NBER/NSF/CEME Conference on General Equilibrium. Finally, the detailed comments of the co-editor and the referees were extremely valuable",1,,,no
"IRCCS San Raffaele Scientific Institute, San Raffaele Telethon Institute for Gene Therapy (SR-Tiget), 20132 Milan, Italy; The National Emerging Infectious Diseases Laboratories (NEIDL), University of Boston, Boston, MA 02118, USA",1,The San Raffaele Telethon Institute for Gene Therapy,I4210142418,no
"Infant Botulism Treatment and Prevention Program, California Department of Public Health, Richmond, CA; Human Research Affairs, Boston University School of Medicine, Boston, MA",1,,,no
"Infertility Ctr of St. Louis, St. Louis, MO; Boston Univ Sch of Medicine, Boston, MA; Institute for Reproductive Medicine and Science, Livingston, NJ; The Farah Hosp, Amman, Jordan; Institute for Reproductive Medicine and Science of St Barnabas, Livingston, NJ USA",1,Saint Barnabas Medical Center,I1283092701,no
"Information Systems DepartmentBoston University School of ManagementBostonMAU.S.A",1,University of Massachusetts Boston,I33434090,no
Information Systems DepartmentBoston University School of Management Boston MA U.S.A,1,University of Massachusetts Boston,I33434090,no
"Innovative Drug Research Centre, Chongqing University, Chongqing 401331, China; Vascular Biology Section, Department of Medicine, Whitaker Cardiovascular Institute, Boston University School of Medicine, Boston, MA 02118, USA. Electronic address: xiaoyongtong@cqu.edu.cn",1,,,no
"Inst. f. Astroph. Research, BU",1,,,no
Institut für Pharmazie und Lebensmittelchemie der Universität Würzburg und dem Biochemischen Institut der Universität Boston (USA),1,,,no
Institut für Pharmazie und Lebensmittelchemie der Universität Würzburg und dem Biochemischen Institut der Universität Boston (USA),1,,,no
"Institute for Business and Home Safety, Boston, U.S.A",1,,,no
"Institute for Fiscal Studies Department of Economics 180 / 182 Tottenhain Court Road Boston University London , W1P 9LE 270 Bay State Road England Boston , MA 02215",1,Institute for Fiscal Studies,I139607695,no
"Institute for Medical Informatics, Biometry and Epidemiology, University Hospital Essen, Germany; Department of Epidemiology, Boston University School of Public Health, 715 Albany St, Boston, MA, 02118, United States of America",1,,,no
"Institute of Lifestyle Medicine and Spaulding Rehabilitation Hospital, USA; MARY A. KENNEDY, MS, is a Research Associate at the Institute of Lifestyle Medicine where she identifies, coordinates, and contributes to research projects for the Institute. She has a BS degree in Exercise Physiology from Boston University, MS degree in Nutrition from Tufts University, and is certified as a Health Fitness Specialist from the American College of Sports Medicine",1,,,no
"Institute on Urban Health Research, Bouvé College of Health Sciences, Northeastern University, 360 Huntingdon Avenue, Stearns Center, Suite 503, Boston University, MA 02115, USA. h.armaro@neu.edu",1,University of Bahrain,I106663880,no
"Instituto de Biologia Andina, Morococha, Peru and Harvard, Yale, Johns Hopkins, Florida and Boston Universities; Department of Medicine, Harvard University, Boston, Massachusetts",1,Harvard University,I136199984,no
"Instructor in Medicine, Boston University School of Medicine; Assistant Visiting Physician, Massachusetts Memorial Hospitals, Boston",1,,,no
"Instructor in Physical Medicine and Rehabilitation, Boston University School ofMedicine; Assistant Chief, Rehabilitation and Physical Medicine, Massachusetts Memorial Hospitals, Boston",1,,,no
"Instructor in medicine, Harvard Medical School; research associate, Department of Pathology, Boston University School of Medicine; research pathologist, Mallory Institute of Pathology, and associate visiting physician, Boston City Hospital",1,,,no
"Instructor, Thomas Jefferson School of Allied Health, Department of Dental Hygiene, Philadelphia, PA. Paper written in partial fulfillment of requirements for M.S. degree at Boston University",1,Thomas Jefferson University,I149251103,no
"Interna- tional Relations and Economics , cum laude , from Boston University",1,,,no
"Internist, Prenatal Metabolism Clinic, and associate in medicine, Boston City Hospital; assistant in medicine, Boston University School of Medicine",1,,,no
"J. E. Barnhart was educated at Boston University. Having taught at the University of Redlands and lectured at the University of California at Riverside, he now teaches philosophy at North Texas State University in Denton. Among his various articles we might mention his “Incarnation and Process Philosophy,” Religious Studies, Spring 1967",1,"University of California, Riverside",I103635307,no
"JACQUELINE A. McNALLY is associate professor and coordinator of adult health and illness at the Louisiana State University Medical Center School of Nursing. Graduate Program in New Orleans. She has an M.S. in nursing from Boston University and an Ed.D, in Nursing Education from Teachers College, Columbia University",1,Louisiana State University Health Sciences Center New Orleans,I75420490,no
"JAMES L. CHRISTIAN is Assistant Professor in Philosophy and Religion in the Department of Philosophy and Religion of Simpson College, Indianola, Iowa. Dr. Christian's doctoral dissertation at Boston University was entitled “Arnold Toynbee's Concept of Man.” However, this article is not a summary of the dissertation, but a specific illustration of its main conclusion that it is his concept of human nature which unifies Toynbee's whole philosophy",1,,,no
"JANICE L. PENDER is head therapeutic dietitian, Salem (Mass.) Hospital. She obtained her B.S. degree from Boston University, with a major in foods and nutrition",1,,,no
"JOHN J. SHEA is Assistant Professor of Anthropology at the State University of New York at Stony Brook, (Stony Brook, N.Y. 11794–4364, U.S.A. [[email protected]]). Born in 1960, he earned his B.A. from Boston University (1982) and his Ph.D. from Harvard University (1991). His research interests include paleoanthropology, lithic technology, and the Pleistocene archaeology of western Eurasia. His principal archaeological fieldwork has been in the Near East (Israel and Jordan), and he is currently investigating Middle Paleolithic sites in northwestern Jordan. Among his publications are ""Spear Points from the Middle Paleolithic of the Levant"" (Journal of Field Archaeology 15:441–56), ""A Functional Study of the Lithic Industries Associated with Hominid Fossils in the Kebara and Qafzeh Caves, Israel"" in The Human Revolution, edited by P. Mellars and C. Stringer (Edinburgh: Edinburgh University Press), ""Middle Paleolithic Spear Point Technology"" in Projectile Technologies, edited by H. Knecht (New York: Plenum Press), and (with D. E. Lieberman) ""Behavioral Differences between Neandertals and Early Modern Humans in the Levantine Mousterian"" (American Anthropologist 96:300–332). The present paper was submitted 23 V 97 and accepted 9 IX 97",1,State University of New York | Harvard University,I1327163397 I136199984,no
"JOHN J. SHEA is Assistant Professor of Anthropology at the State University of New York at Stony Brook, (Stony Brook, N.Y. 11794–4364, U.S.A. [[email protected]]). Born in 1960, he earned his B.A. from Boston University (1982) and his Ph.D. from Harvard University (1991). His research interests include paleoanthropology, lithic technology, and the Pleistocene archaeology of western Eurasia. His principal archaeological fieldwork has been in the Near East (Israel and Jordan), and he is currently investigating Middle Paleolithic sites in northwestern Jordan. Among his publications are “Spear Points from the Middle Paleolithic of the Levant” (Journal of Field Archaeology 15:441–56), “A Functional Study of the Lithic Industries Associated with Hominid Fossils in the Kebara and Qafzeh Caves, Israel” in The Human Revolution, edited by P. Mellars and C. Stringer (Edinburgh: Edinburgh University Press), “Middle Paleolithic Spear Point Technology” in Projectile Technologies, edited by H. Knecht (New York: Plenum Press), and (with D. E. Lieberman) “Behavioral Differences between Neandertals and Early Modern Humans in the Levantine Mousterian” (American Anthropologist 96:300–332). The present paper was submitted 23 V 97 and accepted 9 IX 97; the final version reached the Editor's office 26 IX 97",1,Stony Brook University,I59553526,no
"JULIAN A. WALLER, M.D., M.P.H., is Professor of Medicine at The University of Vermont and former chairman of the Department of Epidemiology and Environmental Health at that institution. He received his M.D. degree from Boston University and his M.P.H. in epidemiology from Harvard School of Public Health. Dr. Waller is Board-certified in Public Health. He is author of over 200 publications, most ofwhich are concerned with injury control",1,,,no
"Jacob Selhub From the National Heart, Lung, and Blood Institute's and Boston University's Framingham Study (R.B.S., M.G.L., P.A.W., D.L., R.S.V., E.J.B.), Framingham, Mass",1,"Framingham Heart Study | National Heart, Lung, and Blood Institute",I4210123017 I4210106489,yes
"Jacqueline Fendt est professeur de stratégie et d’entrepreneuriat à ESCP Europe, Directeur Scientifique de la Chaire Entrepreneuriat de la Fondation Européenne ESCP Europe. Elle est titulaire d’un MBA de Boston University, USA et GSBA Zurich, Suisse ainsi que d’un Doctorat en sciences du management et des organisations de l’Université de Leiden, Pays-Bas. Elle a aussi une longue expérience de création et de direction d’entreprise. Depuis 1999, elle est membre du conseil administratif de l’International Center for Economic Growth (www.iceg.org) en Californie",1,ESCP Business School,I94271068,no
"James (Jim) E. Shanahan is an Associate Professor in the Cornell University Communication Department. Jim earned a Ph.D. from the University of Massachusetts, Amherst, an M.S from Boston University, and a B.A. from Tufts. His research interests include mass media effects on attitudes toward natural resources",1,Aims Community College | Cornell University,I346547768 I205783295,no
"James (Jim) Shanahan is an associate professor in the Cornel University Communication Department. Jim earned a Ph.D. from the University of Massachusetts, Amherst; an M.S from Boston University; and a B.A. from Tufts. His research interests include mass media effects on attitudes toward natural resources",1,,,no
"James B. Meigs From the National Heart, Lung, and Blood Institute's and Boston University's Framingham Study (R.B.S., M.G.L., P.A.W., D.L., R.S.V., E.J.B.), Framingham, Mass",1,"Framingham Heart Study | National Heart, Lung, and Blood Institute",I4210123017 I4210106489,yes
"Jane E. Freedman From the National Heart Lung and Blood Institute's and Boston University's Framingham Heart Study, Framingham, MA (D.D.M., K.T., M.G.L., J.E.F.)",1,"Framingham Heart Study | National Heart, Lung, and Blood Institute",I4210123017 I4210106489,yes
"Jane J. Lee National Heart, Lung, and Blood Institute's and Boston University's Framingham Heart Study, Framingham, MA",1,"Framingham Heart Study | National Heart, Lung, and Blood Institute",I4210123017 I4210106489,yes
"Janet M. Quarn, RN, MS, ANP-C, is education coordinator and nurse practitioner at Courage Residence, Golden Valley, MN. She is a graduate of Boston University with a master's degree in rehabilitation nursing",1,,,no
"Jared W. Magnani From the National Heart, Lung, and Blood Institute's and Boston University's Framingham Study (R.B.S., M.G.L., P.A.W., D.L., R.S.V., E.J.B.), Framingham, Mass",1,"Framingham Heart Study | National Heart, Lung, and Blood Institute",I4210123017 I4210106489,yes
"Jarrow is from the Johnson Graduate School of Management, Cornell University, and Ka-makura Corporation, and Yu is from the Graduate School of Management, University of California at Irvine. A previous version of this paper appeared as Chapter 1 of Yu's doctoral dissertation at Cornell University. We thank Warren Bailey, Richard Green (the editor), Haitao Li, Robert Masson, George Oldfield, George Pennacchi, an anonymous referee, and seminar participants at Baruch College, Boston University, the College of William and Mary, Cornell University, the Federal Reserve Bank of New York, Georgetown University, McGill University, Rice University, the University of British Columbia, the University of California at Irvine, the University of Illinois at Urbana-Champaign, the University of Iowa, the University of Wyoming, the 2000 Derivatives Securities Conference at Boston University, and the 1999 Frank Batten Young Scholars Conference at the College of William and Mary for useful comments. Yu acknowledges the support of a Sage Graduate Fellowship from Cornell University while part of this research was completed",1,Tama University | Georgetown University | Cornell University,I201480613 I184565670 I205783295,no
"Jay S. Kim is Assistant Professor of Operations Management at Boston University's School of Management. He received his Ph.D. in operations management from The Ohio State University, his M.B.A. from Bowling Green State University, and his B.A. in management from Seoul National University, Korea. His research is focused on implementing manufacturing strategy, particularly on the strategic relationship between new product introduction and process selection decisions in a dynamic manufacturing environment. Dr. Kim has published in the Journal of Purchasing and Materials Management and is a member of Decision Sciences Institute, TIMS, APICS, and POMS",1,,,no
"Jeanine Young-Mason, EdD, CS, RN, is Assistant Professor, Division of Nursing, University of Massachusetts, in Amherst. She has a BS in Nursing from the University of Michigan, an MS in Psychiatric-Mental Health Nursing from Boston University, and a Doctorate in Education in Humanistic and Behavioral Studies from Boston University School of Education. The Death of Ivan llych is one of several literary works Professor Young-Mason uses in undergraduate and graduate nursing programs to study the themes of suffering and compassion. Her clinical practice and teaching experience includes consultation-liaison work at Massachusetts General Hospital and clinical instructor at Tufts University School of Medicine. She has published several articles on the application of literature and the arts to nursing education",1,University of Massachusetts Amherst,I24603500,no
"Jeffrey Mehlman est critique littéraire et historien des idées. Il a enseigné à l’université de Cornell et à l’université Johns Hopkins. Il est actuellement professeur de littérature française à l’université de Boston. Son dernier livre publié : Émigrés à New York : les intellectuels français à Manhattan, 1940-1944 (Albin Michel, 2005)",1,Francophone University Association | Cornell University,I198919678 I205783295,no
"Jelena Kornej https://orcid.org/0000-0003-3551-1145 Boston University's and National Heart, Lung, and Blood Institute's Framingham Heart Study, MA (H.L., E.J.B., E.S.M., K.F., J.K., M.M.H., J.M.M.)",1,Framingham Heart Study,I4210123017,yes
"Jen Bacon, M.S., has 15 years of experience in the health and fitness industry in the commercial, corporate, and community settings. Her education includes a B.S. in Natural Science and Mathematics from Muhlenberg College and an M.S. in Applied Anatomy and Physiology from Boston University. She has had the benefit of experiencing the industry from several vantage points as a trainer, program manager, general manager, and in several corporate leadership roles. Her areas of focus include building fee for service programs and creating engaged teams. She currently is the director of Operating Support Services for MediFit",1,,,no
"Jennifer Bacon, M.S.,has 20 years of experience in the health and fitness industry in the commercial, corporate, and community settings. Her education includes a B.S. in Natural Science and Mathematics from Muhlenberg College and an M.S. in Applied Anatomy and Physiology from Boston University. Jen’s had the benefit of experiencing the industry from several vantage points as a trainer, program manager, general manager, human resources director, and in several corporate leadership roles. Her areas of focus include project management and team engagement. She is currently leading the fitness line of service for Premise Health as the associate vice president of Fitness",1,,,no
"Jennifer F. Yamamoto From the National Heart, Lung, and Blood Institute's and Boston University's Framingham Study (R.B.S., M.G.L., P.A.W., D.L., R.S.V., E.J.B.), Framingham, Mass",1,"Framingham Heart Study | National Heart, Lung, and Blood Institute",I4210123017 I4210106489,yes
"Jennifer J. Griffin : , DBA Boston University, is Assistant Professor of Management and Public Policy at the George Washington University School of Business and Public Management. Her research interests include corporate public affairs, corporate political strategy and strategic stakeholder management. A Trustee of the Board of the Foundation for Public Affairs FPA in Washington, DC, Dr Griffin is on the Foundation's research committee. Her research has appeared in Public Administration Review, Business and Society, and Corporate Reputation Review, among others. Prior to academe, Professor Griffin worked in the US and the Netherlands for General Electric and has worked for 3M and Texas Instruments. Special thanks to Jean Boddewyn, Baruch College, Steve Brenner, Portland State University, Craig Fleisher, University of New Brunswick and Leslie Swift-Rosenzweig Executive Director, Foundation for Public Affairs for their contributions to this bibliography. Editorial assistance from Rochelle E. Rediang, Fakhri Hilmi and Robert Gompf is greatly appreciated ",1,,,no
"Jennifer J. Griffin : is an associate professor of strategic management and public policy at The George Washington University, School of Business and Public Management. She received her doctorate in management policy from Boston University. Her research interests include empirical testing of public affairs strategy, and issues involving corporate social performance and strategic stakeholder management. Prior to joining academia, she worked for General Electric in the USA and The Netherlands",1,,,no
"Jennifer J. Griffin:  is an associate professor of strategic management and public policy at The George Washington University, School of Business and Public Management. She received her doctorate in management policy from Boston University. Her research interests include empirical testing of public affairs strategy, and issues involving corporate social performance and strategic stakeholder management. Prior to joining academia, she worked for General Electric in the USA and The Netherlands",1,,,no
"Jennifer J. Griffin: , DBA Boston University, is Assistant Professor of Management and Public Policy at the George Washington University School of Business and Public Management. Her research interests include corporate public affairs, corporate political strategy and strategic stakeholder management. A Trustee of the Board of the Foundation for Public Affairs FPA in Washington, DC, Dr Griffin is on the Foundation's research committee. Her research has appeared in Public Administration Review, Business and Society, and Corporate Reputation Review, among others. Prior to academe, Professor Griffin worked in the US and the Netherlands for General Electric and has worked for 3M and Texas Instruments. Special thanks to Jean Boddewyn, Baruch College, Steve Brenner, Portland State University, Craig Fleisher, University of New Brunswick and Leslie Swift-Rosenzweig Executive Director, Foundation for Public Affairs for their contributions to this bibliography. Editorial assistance from Rochelle E. Rediang, Fakhri Hilmi and Robert Gompf is greatly appreciated",1,,,no
"Jennifer L. Bacon, M.S., has 15 years of experience in the health and fitness industry in the commercial, corporate, and community settings. Her education includes a B.S. in Natural Science and Mathematics from Muhlenberg College and an M.S. in Applied Anatomy and Physiology from Boston University. She has had the benefit of experiencing the industry from several vantage points as a trainer, program manager, general manager, and in several corporate leadership roles. Her areas of focus include building fee for service programs and creating engaged teams. She currently is the Director of Human Resources at MediFit",1,,,no
"Jennifer L. Bacon, M.S., has 15 years of experience in the health and fitness industry in the commercial, corporate, and community settings. Her education includes a B.S. in Natural Science and Mathematics from Muhlenberg College and an M.S. in Applied Anatomy and Physiology from Boston University. She has had the benefit of experiencing the industry from several vantage points as a trainer, program manager, general manager, and in several corporate leadership roles. Her areas of focus include building fee for service programs and creating engaged teams. She currently is the director of Human Resources for MediFit",1,,,no
"Jennifer L. Bacon, M.S., has 18 years of experience in the health and fitness industry in the commercial, corporate, and community settings. Her education includes a B.S. in Natural Science and Mathematics from Muhlenberg College and an M.S. in Applied Anatomy and Physiology from Boston University. Jen has had the benefit of experiencing the industry from several vantage points as a trainer, program manager, general manager, human resources director, and in several corporate leadership roles. Her areas of focus include project management and team engagement. She currently is leading the fitness line of service for Premise Health as the Director of Fitness",1,,,no
"Jennifer L. Bacon, M.S., has 18 years of experience in the health and fitness industry in the commercial, corporate, and community settings. Her education includes a B.S. in Natural Science and Mathematics from Muhlenberg College and an M.S. in Applied Anatomy and Physiology from Boston University. Jen’s had the benefit of experiencing the industry from several vantage points as a trainer, program manager, general manager, human resources director, and in several corporate leadership roles. Her areas of focus include project management and team engagement. She is currently leading the fitness line of service for Premise Health as the director of fitness",1,,,no
"Jennifer L. Bacon, M.S.,has 18 years of experience in the health and fitness industry in the commercial, corporate, and community settings. Her education includes a B.S. in Natural Science and Mathematics from Muhlenberg College and an M.S. in Applied Anatomy and Physiology from Boston University. Jen has had the benefit of experiencing the industry from several vantage points as a trainer, program manager, general manager, human resources director, and in several corporate leadership roles. Her areas of focus include project management and team engagement. She currently is leading the fitness line of service for Premise Health as the director of fitness",1,,,no
"Jennifer L. Bacon, M.S.,has 18 years of experience in the health and fitness industry in the commercial, corporate, and community settings. Her education includes a B.S. in Natural Science and Mathematics from Muhlenberg College and an M.S. in Applied Anatomy and Physiology from Boston University. Jen’s had the benefit of experiencing the industry from several vantage points as a trainer, program manager, general manager, human resources director, and in several corporate leadership roles. Her areas of focus include project management and team engagement. She is currently leading the fitness line of service for Premise Health as the Assistant Vice President, Fitness",1,,,no
"Jennifer L. Bacon, M.S.,has 19 years of experience in the health and fitness industry in the commercial, corporate, and community settings. Her education includes a B.S. in Natural Science and Mathematics from Muhlenberg College and an M.S. in Applied Anatomy and Physiology from Boston University. Jen has had the benefit of experiencing the industry from several vantage points as a trainer, program manager, general manager, human resources director, and in several corporate leadership roles. Her areas of focus include project management and team engagement. She is currently leading the fitness line of service for Premise Health as the director of fitness",1,,,no
"Jennifer L. Bacon, M.S.,has 19 years of experience in the health and fitness industry in the commercial, corporate, and community settings. Her education includes a B.S. in Natural Science and Mathematics from Muhlenberg College and an M.S. in Applied Anatomy and Physiology from Boston University. Jen has had the benefit of experiencing the industry from several vantage points as a trainer, program manager, general manager, human resources director, and in several corporate leadership roles. She is currently leading the fitness line of service for Premise Health®as the associate vice president of fitness",1,,,no
"Jennifer S. Bard, J.D., M.P.H., Ph.D., is a visiting professor of law at Penn State Law and Medical School and a member of the faculty of the University of Cincinnati College of Law and the University of Cincinnati College of Medicine, Department of Internal Medicine. I want to thank Professor Emeritus Frances H. Miller, Professor Law Emerita, Boston University and Visiting Professor of Law, University of Hawaii, for inviting me to participate in this important symposium as well as all her advice and support that began when we met by chance at St. Hilda's College, Oxford in 1983. Thank you as well to Kylee Reynolds, Penn State Law Class of 2018, for her excellent research help with this article",1,,,no
"Jian Rong National Heart, Lung and Blood Institute's and Boston University's Framingham Heart Study, , Framingham, , MA",1,"Framingham Heart Study | National Heart, Lung, and Blood Institute",I4210123017 I4210106489,yes
"Jingwen Jiang is with University of Chicago. Bryan Kelly is with Yale University, AQR Capital Management, and NBER. Dacheng Xiu is with University of Chicago. We are grateful for comments from Ronen Israel; Serhiy Kozak (discussant); Ari Levine; Chris Neely (discussant); and seminar and conference participants at Washington University in St. Louis, University of Oxford, University of Rochester, Rutgers Business School, Boston University, Chinese University of Hong Kong, ITAM Business School, Singapore Management University, National University of Singapore, Cheung Kong Graduate School of Business, University of Science and Technology of China, Nanjing Audit University, University of Iowa, University of Houston, Renmin University, Hong Kong University of Science and Technology, AEA/ASSA North American Meetings, SFS Cavalcade, Society of Financial Econometrics, China International Conference in Finance, Society of Quantitative Analysts, and INQUIRE UK. AQR Capital Management is a global investment management firm, which may or may not apply similar investment techniques or methods of analysis as described herein. The views expressed here are those of the authors and not necessarily those of AQR. We have read The Journal of Finance 's disclosure policy and have no conflicts of interest to disclose",1,Chinese University of Hong Kong | University of Chicago,I177725633 I40347166,no
"Joan M. McGuire is an assistant professor and director of the University of Connecticut College Program for Students with Learning Disabilities (UPLD). She received her PhD from the University of Connecticut. Dr. McGuire directed the LD support program at Mitchell College before moving to Storrs. She has expertise in the areas of program development, evaluation, and administration. Address: Loring C. Brinckerhoff, LD Support Services, 19 Deerfield St., Boston University, Boston, MA 02215",1,University of Connecticut,I140172145,no
"Joanne M. Murabito Section of General Internal Medicine, Department of Medicine (J.M.M.), Boston University School of Medicine. Boston University's & National Heart, Lung, and Blood Institute's Framingham Heart Study, Framingham (J.M.M., M.G.L., R.S.V.)",1,Framingham Heart Study,I4210123017,yes
"Joanne M. Murabito, Michael J. Pencina, Margaret Kelly-Hayes, and Ralph B. D’Agostino Sr are with the National Heart, Lung, and Blood Institute’s Framingham Heart Study, Framingham, MA. Joanne M. Murabito is with the Department of Medicine, Section of General Internal Medicine, Boston University School of Medicine, Boston, MA. Margaret Kelly-Hayes is with the Department of Neurology, Boston University School of Medicine, Boston. Michael J. Pencina, Lei Zhu, Peter Shrader, and Ralph B. D’Agostino Sr are",1,Framingham Heart Study,I4210123017,yes
"John D. Mullen is Associate Professor of Philosophy and Coordinator of the Humanities Division at Dowling College in Oakdale, Long Island, New York. He received his Ph. D. from Boston University, and has written in the areas of Preference Logic, the Philosophy of Psychology, as well as Kierkegaard studies",1,Dowling College,I162646704,no
"John D. O'Bryant School of Mathematics and Science, Boston, MA, USA",1,,,no
"John D. O’Bryant School of Mathematics and Science, Boston, MA, USA",1,,,no
"John F. KeaneyJr From the National Heart Lung and Blood Institute's and Boston University's Framingham Heart Study, Framingham, MA (D.D.M., K.T., M.G.L., J.E.F.)",1,"Framingham Heart Study | National Heart, Lung, and Blood Institute",I4210123017 I4210106489,yes
"John Welch earned his doctorate from Boston University. He is currently Associate Fellow in Philosophy at Tufts University, and teaches at the University of Massachusetts-Boston",1,,,no
"Johns Hopkins All Children’s Hospital St Petersburg, Florida: 20Boston University Medical Center Boston, Massachusetts: 21University of North Carolina School of Medicine Chapel Hill, North Carolina: 22University of California San Francisco School of Medicine San Francisco, California: 23National Institute of Neurological Disorders and Stroke Bethesda, Maryland: 24University of Rochester Medical Center Rochester, New York: 25Stanford University and Lucile Packard Children’s Hospital Palo Alto, California: 26Vanderbilt University Medical Center Nashville, Tennessee: 27University of Chicago Chicago, Illinois",1,,,no
"Jordan Chambers BOSTON UNIV MEDICAL CTR, Boston, MA",1,,,no
"Jorge Heine , ancien ambassadeur du Chili en Chine, en Inde et en Afrique du Sud, est professeur à la Frederick S. Pardee School of Global Studies et directeur par intérim du Pardee Center for the Study of the Longer-Range Future à l’université de Boston. Il a récemment publié Latin American Foreign Policies in the New World Order: The Active Non-Alignment Option , Londres, Anthem Press, 2023",1,,,no
"Joseph A. Vita From Boston University's and the National Heart, Lung, and Blood Institute's Framingham Heart Study (M.G.L., B.T.L., R.S.V., D.L., E.J.B.), Framingham, MA",1,"Framingham Heart Study | National Heart, Lung, and Blood Institute",I4210123017 I4210106489,yes
"Joseph A. Vita From the Boston University's and the National Heart, Lung, and Blood Institute's Framingham Heart Study (M.G.L., R.S.V., E.J.B.), MA",1,"Framingham Heart Study | National Heart, Lung, and Blood Institute",I4210123017 I4210106489,yes
"Joseph M. Massaro From the National Heart, Lung, and Blood Institute's Framingham Study (P.A.W., C.S.K., M.K.-H., P.W.F.W.), Framingham, Mass, and the Departments of Neurology (N.S.R., P.A.W., C.S.K., M.K.-H.), Mathematics and Statistics (H.S., R.B.D), Epidemiology and Biostatistics (J.M.M.), Biochemistry (C.F.), and Medicine (P.W.F.W.), Boston University School of Medicine, Boston, Mass",1,Framingham Heart Study,I4210123017,yes
"Joseph Palmisano From the Boston University's and the National Heart, Lung, and Blood Institute's Framingham Heart Study (M.G.L., R.S.V., E.J.B.), MA",1,"Framingham Heart Study | National Heart, Lung, and Blood Institute",I4210123017 I4210106489,yes
"Joseph R. Carter is Associate Professor of Purchasing and Logistics Management at Arizona State University. Dr. Carter holds a D.B.A. degree in operations management from Boston University and is recognized as a Certified Purchasing Manager. His major research interests are supplier quality management, buyer and supplier communication systems, and international supply management systems",1,,,no
Joseph R. Carter is Associate Professor of Purchasing and Logistics Management at Arizona State University. He holds a D.B.A. degree in operations management from the Boston University Graduate School of Management. Dr. Carter also has earned the designation of Certified Purchasing Manager,1,,,no
"Joseph R. Carter is a professor of purchasing and logistics management in the College of Business at Arizona State University. Dr. Carter holds a DBA in oper- ations management from the Boston University Graduate School of Management and is recognized as a certified purchasing manager by the National Association of Purchasing Management. His major research interests are supplier quality management, buyer and supplier communication system, and international supply management systems",1,,,no
"Joseph R. Carter is university professor of supply management, National Association of Purchasing Management (NAPM) professor in the College of Business Administration, and chair of the Supply Chain Management Department at Arizona State University. Dr. Carter earned his D.B. A. degree from the Boston University Graduate School of Management",1,,,no
"Joseph R. Carter is university professor of supply management, National Association of Purchasing Management (NAPM) professor in the College of Business Administration, and chair of the Supply Chain Management Department at Arizona State University. Dr. Carter earned his D.B.A. degree from the Boston University Graduate School of Management",1,,,no
"Joseph S. Lucas is a director and senior editor of HISTORICALLY SPEAKING, the journal of Boston University's The Historical Society",1,,,no
"Journaliste et professeuse de journalisme scientifique à l'université de Boston, dans le Massachusetts",1,World Federation of Science Journalists,I4210099644,no
"Judith Geva, MSW, LMSW, is research assistant, Department of Pediatrics, Boston City Hospital, Boston University School of Medicine, Boston. Maxine L. Weinman, DrPH, ACSW, is associate professor, Graduate School of Social Work, University of Houston, 4800 Calhoun Street, Houston, TX 77204-4492. Address correspondence to Maxine L. Weinman",1,University of Houston,I44461941,no
"Judith Herman, a psychiatrist who earned her M.D. at Harvard Medical School, is a member of the Women's Mental Health Collective in Somerville, Massachusetts. Lisa Hirschman received her master's in education from Boston University and is a member of the psychology department faculty at the University of Montreal. This article is based on a talk given at the annual meeting of the American Psychiatric Association in Toronto earlier this year",1,Université de Montréal,I70931966,no
"Judith Herman, a psychiatrist who earned her M.D. at Harvard Medical School, is a member of the Women's Mental Health Collective in Somerville, Massachusetts. Lisa Hirschman received her master's in education from Boston University and is a member of the psychology department faculty at the University of Montreal. This article is based on a talk given at the annual meeting of the American Psychiatric Association in Toronto earlier this year ",1,Université de Montréal,I70931966,no
"Judy S. Gibbs is a mechanical engineer in the Military Power Systems group of Avco Research Laboratory, Inc. She received her B.S. degree in mechanical engineering from the Pennsylvania State University. She is currently enrolled in a part-time master's degree program in the Aerospace/Mechanical Engineering Department at Boston University. Ms. Gibbs has worked on several programs involving the computer code development for and the analysis of the hydrodynamic and thermodynamic aspects of magnetohydrodynamic systems. Currently, she is responsible for the design, fabrication, and testing of a sea-water flow loop that will be used for electrode development and bubble phenomena assessment",1,,,no
"Judy S. Gibbs is a mechanical engineer in the Military Power Systems group of Avco Research Laboratory, Inc. She received her B.S. degree in mechanical engineering from the Pennsylvania State University. She is currently enrolled in a part-time master's degree program in the Aerospace/Mechanical Engineering Department at Boston University. Ms. Gibbs has worked on several programs involving the computer code development for and the analysis of the hydrodynamic and thermodynamic aspects of magnetohydrodynamic systems. Currently, she is responsible for the design, fabrication, and testing of a sea-water flow loop that will be used for electrode development and bubble phenomena assessment ",1,,,no
"Kahraman Tanriverdi From the National Heart Lung and Blood Institute's and Boston University's Framingham Heart Study, Framingham, MA (D.D.M., K.T., M.G.L., J.E.F.)",1,"Framingham Heart Study | National Heart, Lung, and Blood Institute",I4210123017 I4210106489,yes
"Kaitlyn is a Health Promotion Specialist at the Lawrence-Douglas County Health Department. She received her BS from the University of Kansas (Lawrence, KS) and her MPH from Boston University School of Public Health (Boston, MA)",1,,,no
"Kansai Medical University (H.T.), Osaka, Japan; Lahey Clinic Medical Center (F.J.V.), Burlington, Mass; Framingham Heart Study (H.T., M.G.L., E.S.M., J.C.E., D.L.), Framingham, Mass; National Heart, Lung, and Blood Institute (D.L.), Bethesda, Md; Brigham and Women's Hospital (C.L.F.), Boston, Mass; the Divisions of Cardiology and Clinical Epidemiology of Beth Israel Hospital (D.L.), Boston, Mass; and the Divisions of Epidemiology and Preventive Medicine of Boston University School of Medicine (D.L.)",1,,,no
"Karen Zander, RN, MS, CMAC, FAAN, is the President and CEO of The Center for Case Management, which has provided leadership, critical paths/CareMap(TM) tools, and consultation to case management professionals since 1986. Prior to starting CCM, Karen was a head nurse, nursing supervisor, staff education instructor, and Organizational Development Specialist at New England Medical Center (now Tufts Medical Center) in Boston. She holds a BSN from Ill Wesleyan, an MSN from Boston University, and an honorary doctorate from Ill Wesleyan",1,Tufts Medical Center,I1290900354,no
"Kate R. Lorig, RN, DrPH, received her bachelor of science degree in nursing from Boston University, Boston, MA, and her master of science in nursing from the University of California, San Francisco, CA. Ms. Lorig also holds a master's degree and a doctoral degree in public health/health education from the University of California, Berkeley, CA. She is director of patient education research, Stanford Arthritis Center, Stanford, CA",1,,,no
"Katherine M. Keyes is with the Department of Epidemiology, Columbia University, New York, NY. Sandro Galea is Dean and Professor, School of Public Health, Boston University, Boston, MA",1,,,no
"Kathleen B. Scanlon received her AB in psychology from Wilson College in Chambersburg, Pennsylvania; her basic nursing education in the Coordinated Program of Radcliffe College and the Massachusetts General Hospital; and her MSN from Boston University. She is a research associate at Georgetown University and clinical coordinator of the Neonatal Intensive Care Unit Developmental Evaluation Clinic at Columbia Hospital for Women, both in Washington, DC",1,Georgetown University | Hernia Center,I184565670 I4210089943,no
"Kathryn A. Britton National Heart, Lung, and Blood Institute's and Boston University's Framingham Heart Study, Framingham, MA Division of Cardiovascular Medicine, Brigham and Women's Hospital, Boston, MA Harvard Medical School, Boston, MA",1,Framingham Heart Study | Brigham and Women's Hospital,I4210123017 I1283280774,yes
"Kathryn L. Lunetta NHLBI and Boston University's Framingham Heart Study, Framingham, MA (K.L.L.) Department of Biostatistics, Boston University School of Public Health, MA (K.L.L.)",1,Framingham Heart Study,I4210123017,yes
"Kathryn L. Lunetta https://orcid.org/0000-0002-9268-810X Department of Biostatistics, Boston University School of Public Health, MA (S.G., L.T., K.L.L.). Boston University and National Heart, Lung, and Blood Institute's Framingham Heart Study, MA (L.T., K.L.L., E.J.B.)",1,Framingham Heart Study,I4210123017,yes
"Kathryn R. Jeanes (Emory University School of Nursing, Atlanta, Georgia; M.S., Boston University, Boston, Massachusetts) is assistant professor of nursing at the College of Nursing, Medical University of South Carolina, Charleston. She has completed a pediatric nurse clinician course at the University of Virginia, Charlottesville",1,Medical University of South Carolina,I153297377,no
"Kathy Kelley, RN, BSN, is Senior Director of Clinical Affairs at AirXpanders and has more than 20 years of experience in hospital clinical, quality, and risk management, including more than 10 years of experience in medical device clinical research and medical quality analysis. Kathy received her Bachelor of Science in Nursing from Boston University",1,,,no
"Kathy Kelley, RN, BSN, is Senior Director of Clinical Affairs at AirXpanders and has more than 20 years of experience in hospital clinical, quality, and risk management, including more than 10 years of experience in medical device clinical research and medical quality analysis. Kathy received her Bachelor of Science in Nursing from Boston University. Jennie Kim, MHS, is Senior Director of Global Marketing at AirXpanders and has more than 15 years of experience in healthcare marketing and public relations including extensive experience in medical device marketing targeting healthcare professionals and consumers. Jennie received her Masters of Health Sciences degree from the Johns Hopkins University School of Public Health and her Bachelor of Arts degree from Pomona College",1,Johns Hopkins University | Morpho (United States),I145311948 I174015415,no
"Katie B. Biello is with the School of Public Health, Brown University, Providence, RI. Angela R. Bazzi is with the School of Public Health, Boston University, Boston, MA. Seamus Vahey, Mary Harris, Leah Shaw, and Jennifer Brody are with the Boston Healthcare for the Homeless Program, Boston",1,,,no
"Kelsey Fusco https://orcid.org/0000-0002-8805-2520 Boston University's and National Heart, Lung, and Blood Institute's Framingham Heart Study, MA (H.L., E.J.B., E.S.M., K.F., J.K., M.M.H., J.M.M.)",1,Framingham Heart Study,I4210123017,yes
"Kenneth J. Cox, M.A. is a psychological consultant of Hamilton, Ontario. He graduated in 1931 with the Bachelor of Science degree from Boston University and received his M.A. in 1932. He spent a number of years with Y.M.C.A. doing vocational guidance work, and during the war was with Selective Service. He has specialized in aptitude tests and personality evaluation by means of projective techniques. He is a member of the Canadian Psychological Association, the Ontario Psychological Association and is an associate member of the American Psychological Association, and also an Associate in the Division of Clinical and Abnormal Psychology of American Psychological Association. He is Vice President of Toronto Psychological Association and a member of the Certification Committee of the Ontario Psychological Association",1,,,no
"Kenneth J. Rothman is with the Boston University Medical Center, Boston, Mass. Sander Greenland is with the University of California, Los Angeles",1,"University of California, Los Angeles",I161318765,no
"Khanna is at the University of Michigan Law School; Kim is at the University of Michigan Ross School of Business; and Lu is at Tsinghua University School of Economics and Management. We are grateful for helpful comments and suggestions by Campbell Harvey (the Editor), the Associate Editor, an anonymous referee, Cindy Alexander, Jennifer Arlen, John Coates, Simon Johnson, Jeffrey Smith, David Wilkins, and participants at business and/or law school seminars/roundtables at Boston University, Central University of Finance and Economics, Harvard University, Indian School of Business, Renmin University, Shanghai University of Finance and Economics, University of Miami, University of Michigan, University of Southern California, and Yale University, as well as participants at the 2013 American Finance Association Meetings, the 2013 American Law and Economics Association Annual Meeting, the 7th Conference on Empirical Legal Studies, and the 2014 NASDAQ OMX Conference on Capital Markets. We are indebted to Jonathan Karpoff and Gerald Martin for generously sharing their Federal Securities Regulation (FSR) database. We also thank Joseph Rewoldt, Satoko Kikuta, Guodong Chen, Paul A. Sandy, Alex Pierson, Melan A. Patel, Rudresh Singh, Tamar Groswald Ozery, Shinwoo Kang, and Robert Powell for excellent research assistance. This project received generous financial support from Mitsui Life Financial Research Center at the University of Michigan. Yao Lu acknowledges support from Project 71202020 of the National Natural Science Foundation of China",1,,,no
Klaus Brinkmann enseigne la philosophie grecque et la philosophie de l'idéalisme allemand à l'Université de Boston depuis 1990. Il a récemment achevé une étude sur la philosophie hégélienne intitulée Idealism Without Limits : Hegel and the Problem of Objectivity et il prépare une traduction anglaise de la Logique de l'Encyclopédie de Hegel,1,,,no
Klaus Brinkmann enseigne la philosophie grecque et la philosophie de l’idéalisme allemand à l’Université de Boston depuis 1990. Il a récemment achevé une étude sur la philosophie hégélienne intitulée Idealism Without Limits : Hegel and the Problem of Objectivity et il prépare une traduction anglaise de la Logique de l’Encyclopédie de Hegel,1,,,no
"Kristen Dahlmann’s practice and interest in architecture and landscape architecture drive her research and writing about both disciplines. A graduate of Smith College, she holds an MA in Preservation Studies from Boston University, with a focus on historic architecture and landscape. Her writings explore the role of architecture and landscape in cultural heritage, horticulture, intangible culture, and the spirit of place. Kristen’s expertise in historic preservation informs her practice and her influential roles on the Board of Directors for both the Friends of Fairsted at Olmsted National Historic Park and the Concord Historic Districts Commission",1,,,no
"Kuangran Li, Ph.D. Candidate, Shanghai Jiao Tong University Law School. LL.B. (ECUPL), LL.M. (McGill), LL.M. (Boston U)",1,Shanghai Jiao Tong University | East China University of Political Science and Law,I183067930 I78974044,no
"L. Adrienne Cupples https://orcid.org/0000-0003-0273-7965 Biostatistics Department, Boston University School of Public Health, MA (E.L., L.A.C., C.-T.L.). NHLBI Framingham Heart Study, MA (L.A.C.)",1,Framingham Heart Study,I4210123017,yes
"LEE KILLAM, R.N., M.S., associate clinical professor and director of nursing, University of Oregon Medical School Hospital, Portland, received a B.S. degree in nursing from the University of Portland, and an M.S.N. from the University of Oregon School of Nursing. She did post-master's work in rehabilitative nursing at Boston University",1,,,no
"LEONARD STEVENS is known to Journal readers as the author of previous articles on psychiatric mining. Mr. Stevens was graduated from the McLean Hospital School of Nursing, Waverly, Mass., and earned a bachelor's and a master's decree at Boston University. He is chief, Nursing Service, Veterans Administration Hospital, Topeka, Kan. This article was written when he was in a similar position at the VA Hospital, St. Cloud, Minn",1,,,no
"LISA FERRARI received a B.A. from Williams College in 1986. Currently, she is a master's degree candidate in international relations at Boston University, and is interested in the study of political psychology and group behavior",1,,,no
"Laboratory for Neuronal Gene Regulation and Epigenetics, Center for NeuroMedicine, Korea Institute of Science and Technology, Seoul, Republic of Korea; Boston University Alzheimer's Disease Center and Department of Neurology, Boston University School of Medicine, Boston, MA, USA",1,,,no
"Laboratory of Addiction Genetics, Current Location: Department of Pharmaceutical Sciences and Center for Drug Discovery, Northeastern University, 140 The Fenway, X138, Boston, MA 02115, USA; Transformative Training Program in Addiction Science, Boston University Chobanian and Avedisian School of Medicine, 72 E. Concord St., Boston, MA 02118, USA; Ph.D. Program in Biomedical Sciences, Graduate Program in Genetics and Genomics, Boston University Chobanian and Avedisian School of Medicine, 72 E. Concord St., Boston, MA 02118, USA",1,,,no
"Laboratory of Sensory Physiology and tBoston University Marine Program , Marine Biological Laboratory , Woods Hole , MA 02543 , and tDepartment of Physiology ,",1,Marine Biological Laboratory,I1338920048,no
"Laboratory of Sensory Physiology and tBoston University Marine Program, Marine Biological Laboratory, Woods Hole, MA 02543, and tDepartment of Physiology,",1,Marine Biological Laboratory,I1338920048,no
"Laila Staerk Department of Cardiology, Copenhagen University Hospital Herlev and Gentofte, Helleup, Denmark National Heart, Lung, and Blood Institute's and Boston University's Framingham Heart Study, Framingham, MA",1,"Framingham Heart Study | Copenhagen University Hospital | National Heart, Lung, and Blood Institute",I4210123017 I2802567020 I4210106489,yes
"Laila Staerk National Heart, Lung, and Blood Institute's and Boston University's Framingham Heart Study, MA (L.S., H.L., D.L., E.J.B., L.T.). Department of Cardiology, Copenhagen University Hospital Herlev and Gentofte, Helleup, Denmark (L.S.)",1,Gentofte Hospital,I2802582725,no
"Laila Staerk National Heart, Lung, and Blood Institute, Boston University's Framingham Heart Study, MA (L.S., S.R.P., H.L., E.J.B., L.T.). Department of Cardiology, Copenhagen University Hospital Herlev and Gentofte, Helleup, Denmark (L.S.)",1,Gentofte Hospital | Framingham Heart Study,I2802582725 I4210123017,yes
"Laura Campion (Incarnate Word College School of Nursing, San Antonio, Texas; M.S., Boston University, Boston, Massachusetts) is clinical nurse specialist, Texas Institute for Rehabilitation and Research, Houston",1,University of the Incarnate Word,I54166199,no
"Law Clerk, Schulte Roth & Zabel LLP. J.D., New York University School of Law, 2019; B.S., Health Science, Boston University, 2016",1,,,no
"Lea M. Beaulieu From the National Heart Lung and Blood Institute's and Boston University's Framingham Heart Study, Framingham, MA (D.D.M., K.T., M.G.L., J.E.F.)",1,"Framingham Heart Study | National Heart, Lung, and Blood Institute",I4210123017 I4210106489,yes
"Lecturer, Harvard Center for International Studies. Summarized by permission from Boston University Review, Spring, 1960",1,,,no
"Lecturer, Northeastern University School of Law; A.B., Brandeis Univer-sity, 1967; J.D., Boston University Law School, 1970",1,Northeastern University,I12912129,no
"Lee D. Roberts From the Framingham Heart Study of the National Heart, Lung and Blood Institute and Boston University School of Medicine, Framingham, MA (S.C., M.G.L., E.L.M., C.S.F., C.J.O., R.S.V., T.J.W.)",1,"Framingham Heart Study | National Heart, Lung, and Blood Institute",I4210123017 I4210106489,yes
"Leo Plaszczynski, Jr., R.N., B.S., was formerly director, nursing services at Burnham City Hospital, Champaign, Illinois where this method was developed. He is currently director, nursing service at Candler General Hospital, Savannah, Georgia. He is also a candidate for a masters degree in Nursing Supervision and Administration at Boston University. His field study plans to measure the response of nursing leaders selected by this method",1,,,no
"Leonardo Schiocchet é doutor em antropologia (Boston University, 2011), pesquisador do Instituto para Antropologia Social da Academia Austríaca de Ciências em Viena, Áustria,",1,Institute for Social Anthropology,I4210109128,no
"Leslie Bennett is the Movement Specialist for the Department of Theatre and Film. She has a diverse background in theatre arts, dance and vocal music and has performed professionally in all of those venues. Bennett received her MFA from Boston University in Movement and Voice and taught movement there in the Opera and Music departments. She also taught movement at Emerson College and was on the Applied Voice Faculty there. Since coming to KU, Leslie has served as choreographer for numerous productions, performed the role of Judith in Hay Fever and made her directing debut in Rodgers and Hammerstein's A Grand Night for Singing",1,,,no
"Leventhal School of Accounting, University of Southern California. We thank Liesbeth Bruynseels, Sung Gon Chung, Victoria Dickinson, Ron Guymon, Debra Jeter, Bruce Johnson, Bill Kinney, S. P. Kothari, Ling Lei, Roger Meuwissen, Reiner Quick, Doug Skinner, Ross Watts, David Weber, Jerry Zimmerman, two anonymous reviewers, and participants at the 2006 AAA Auditing Midyear Conference, Boston University, University of Chicago, University of Florida, Georgetown University, University of Iowa, Massachusetts Institute of Technology, Michigan State University, Penn State University, Tilberg University, University of Connecticut, University of Southern California, and University of Texas",1,University of Southern California | Georgetown University,I1174212 I184565670,no
"Limb Preservation and Wound Healing Clinical Research, Department of Surgery, Boston University Medical Center and Boston University School of Medicine, Boston, MA. Dr. Driver is now with the Department of Surgery, VA New England Health Care Division, Providence, RI",1,,,no
"Linda Mollenhauer:  is an independent consultant with over 17 years of experience working in the not-for-profit sector. As President of the Canadian Centre for Philanthropy and as Director of the IMAGINE programme, she gained an overview of the sector and worked with both funders and not-for-profit organisations. Ms Mollenhauer did extensive study of social marketing while completing a Master's degree in communications from Boston University. She has delivered speeches and workshops across Canada and in the United States and Europe. This paper has been adapted from a speech delivered at the 15th Annual International Fundraising Conference",1,,,no
"Lisa M. Sullivan From Boston University's and the National Heart, Lung, and Blood Institute's Framingham Heart Study (M.G.L., B.T.L., R.S.V., D.L., E.J.B.), Framingham, MA",1,"Framingham Heart Study | National Heart, Lung, and Blood Institute",I4210123017 I4210106489,yes
"Lisa M. Sullivan From the National Heart, Lung, and Blood Institute's and Boston University's Framingham Study (R.B.S., M.G.L., P.A.W., D.L., R.S.V., E.J.B.), Framingham, Mass",1,"Framingham Heart Study | National Heart, Lung, and Blood Institute",I4210123017 I4210106489,yes
Livre-docente em Teoria Geral do Estado pela Faculdade de Direito da Universidade de São Paulo-USP. Pós-doutor em Direito Comparado (Boston University) e em Teoria Literária (Universidade de Brasília). Doutor e Mestre em Filosofia do Direito e do Estado pela Pontifícia Universidade Católica de São Paulo-PUC-SP. Professor pesquisador visitante na Faculdade de Direito da Universidade da California (Berkeley) e no Instituto Max-Planck de História do Direito Europeu (Frankfurt). Professor do programa de pós-graduação em Direito do Uniceub. Consultor da União,1,Pontifícia Universidade Católica de São Paulo,I98466806,no
"Lombardi Comprehensive Cancer Center at Georgetown University, Washington, DC, Howard University Cancer Center, Washington, DC, Howard University College of Medicine, Washington, DC, Boston University, Slone Epidemiology Center, Washington, DC",1,Howard University | Georgetown University,I137853757 I184565670,no
"London , Berlin Boston Uni- versity Global Development Policy Center ; Centre for Sustainable Finance ,",1,Center for Global Development,I1319597252,no
London School of Economics and a Visiting Professor at Boston University,1,,,no
"Lu is at Tsinghua University School of Economics and Management. We are grateful for helpful comments and suggestions by Campbell Harvey (the Editor), the Associate Editor, an anonymous referee, Cindy Alexander, Jennifer Arlen, John Coates, Simon Johnson, Jeffrey Smith, David Wilkins, and participants at business and/or law school seminars/roundtables at Boston University, Central University of Finance and Economics, Harvard University, Indian School of Business, Renmin University, Shanghai University of Finance and Economics, University of Miami, University of Michigan, University of Southern California, and Yale University, as well as participants at the 2013 American Finance Association Meetings, the 2013 American Law and Economics Association Annual Meeting, the 7th Conference on Empirical Legal Studies, and the 2014 NASDAQ OMX Conference on Capital Markets. We are indebted to Jonathan Karpoff and Gerald Martin for generously sharing their Federal Securities Regulation (FSR) database. We also thank Joseph Rewoldt, Satoko Kikuta, Guodong Chen, Paul A. Sandy, Alex Pierson, Melan A. Patel, Rudresh Singh, Tamar Groswald Ozery, Shinwoo Kang, and Robert Powell for excellent research assistance. This project received generous financial support from Mitsui Life Financial Research Center at the University of Michigan. Yao Lu acknowledges support from Project 71202020 of the National Natural Science Foundation of China",1,,,no
"Lucy Jane Miller is the Executive Director of The Foundation for Knowledge in Development and a practicing occupational therapist. She received her MS, OTR from Boston University and is a docioral candidate in Early Childhood Special Education at ihe University of Denver. Address: Lucy Jane Miller, PhD, 3106 S. Vine St., Englewood. CO 80110",1,,,no
"Ludovic Trinquart Massachusetts General Hospital, Boston. Department of Biostatistics, Boston University School of Public Health, MA (L.T.) Boston University and National Heart, Lung, and Blood Institute's Framingham Heart Study, MA (L.T., E.J.B.)",1,Framingham Heart Study,I4210123017,yes
"Ludovic Trinquart https://orcid.org/0000-0002-3028-4900 Department of Biostatistics, Boston University School of Public Health, Boston, MA (L.T.). Boston University and National Heart, Lung, and Blood Institute's Framingham Heart Study, MA (L.T.)",1,Framingham Heart Study,I4210123017,yes
"Ludovic Trinquart https://orcid.org/0000-0002-3028-4900 Department of Biostatistics, Boston University School of Public Health, MA (S.G., L.T., K.L.L.). Boston University and National Heart, Lung, and Blood Institute's Framingham Heart Study, MA (L.T., K.L.L., E.J.B.)",1,Framingham Heart Study,I4210123017,yes
"Lung, and Blood Institute's Framingham Heart Study, Boston University's and National Heart, Framingham, Massachusetts, United States of America",1,Framingham Heart Study,I4210123017,yes
"M. Dubreuil, MD, MSc, Section of Rheumatology, Boston University Chobanian & Avedisian School of Medicine, Boston, Massachusetts, and Division of Rheumatology, University of Washington, Seattle, Washington, USA. mdubreui@bu.edu",1,,,no
"M.A., Boston University) is a student in the doctoral program at Catholic University, Washington, D.C. A lieutenant colonel in the Army Nurse Corps, she formerly was on the staff of the Department of Nursing, Walter Reed Army Institute of Research.; ROSEMARY T. MCCARTHY (McClean Hospital School of Nursing, Boston, Massachusetts",1,Walter Reed Army Institute of Research,I92664306,no
"M.A., Boston University) is director of nursing education of Pensacola Junior College, Pensacola",1,Pensacola State College,I2800392916,no
"M.D., Professor of Pediatrics and Chairman of the Department of Pediatrics, Boston University School of Medicine; Director of Pediatrics, Boston City Hospital; and Benjamin M. Kagan, M.D., Director, Department of Pediatrics, Cedars of Lebanon Hospital, Los Angeles; Clinical Professor of Pediatrics, University of California, Los Angeles. xxxv + 747 pages. W. B. Saunders Company, Philadelphia and London. 1964. $16.00",1,"University of California, Los Angeles",I161318765,no
"M.Ed., Boston University) is well known at a nurse educator and author",1,,,no
M.S. Boston University is an associate professor at University of Wisconsin-Madison School of Nursing,1,University of Wisconsin–Madison,I135310074,no
"M.S. Boston University, Boston, Massachusetts) is nursing coordinator, Medical Ambulatory Services, Peter Bent Brigham Hospital, Boston, Massachusetts. For nine years she was venereal disease nurse epidemiologist at Peter Bent Brigham Hospital, where she worked in cooperation with the Massachusetts Department of Public Health Venereal Disease Division",1,,,no
"M.S. Boston University, School of Nursing) is an assistant professor of nursing at Wayne State University, College of Nursing",1,Wayne State University,I185443292,no
"M.S., Boston University) is acting assistant professor of maternal and child nursing at the University of California School of Nursing, San Francisco, Calif",1,"University of California, San Francisco",I180670191,no
"M.S., Boston University) is assistant professor in the College of Nursing, University of Illinois, Chicago, Ill",1,University of Illinois Chicago | Illinois College,I39422238 I16820183,no
"M.S., Boston University) is assistant professor of mental health-psychiatric nursing at Buffalo",1,Buffalo Psychiatric Center,I4210132958,no
"M.S., Boston University) is director of nurses at the Boston Psychopathic Hospital where Miss Behymer (St. Luke's Hospital School of Nursing, St. Louis, Mo",1,,,no
"M.S., Boston University) is nursing supervisor at the Clinical Research Center, Peter Bent Brigham Hospital, Boston, Working with Miss Shea are head nurse CATHERINE P. O'CONNOR (B.S., University of Massachusetts School of Nursing, Amherst) and staff nurse ELAINE G. KARAFELIS (Lowell General Hospital School of Nursing. Lowell, Mass.) DR. THORN is physician-in-chief, Peter Bent Brigham Hospital and Hersey professor of the theory and practice of physics, Harvard Medical School, DR. KOZAK is assistant in medicine, Peter Bent Brigham Hospital, and research fellow in medicine, Harvard Medical School.; MISS SHEA (B.S.N., Georgetown University School of Nursing. Washington, D.C",1,Brigham and Women's Hospital | Georgetown University,I1283280774 I184565670,no
"M.S., Boston University) is psychiatric nursing instructor for St. Elizabeth students at Boston State Hospital",1,St. Elizabeth's Hospital,I4210161943,no
"M.S., Boston University) was a teaching fellow in psychiatric nursing when this article was written",1,,,no
"M.S., Boston University) was assistant professor of nursing at Wayne State University College of Nursing. She is now assistant professor of nursing at Michigan State University, Lansing",1,Michigan State University,I87216513,no
"M.S., Boston University) was, first, secretary and now coordinator of the project described here",1,,,no
"M.S., Boston University), assistant professor in the Child Health Nursing Department at the State University of New York at Buffalo, is engaged in study of nursing of the handicapped child at the University of Washington, Seattle",1,,,no
"M.S., Boston University, Boston, Mass.) is community mental health consultant in the Golden State Community Mental Health Center, Pacoima, California.; M.S., University of California at Los Angeles) is a doctoral student at the University of California at Los Angeles.; MARGARET TOPF (California State at Los Angeles School of Nursing, Los Angeles, Calif.; RUTH GORDON BYERS (Tuskegee Institute School of Nursing, Tuskegee, Alabama",1,"University of California, Los Angeles",I161318765,no
"M.S., Boston University, Boston, Massachusetts) is an instructor in family nursing at the University of San Francisco School of Nursing, San Francisco, California",1,University of San Francisco,I76766440,no
"M.S., Boston University, Boston, Massachusetts) is an instructor in maternal-child health at the University of Massachusetts School of Nursing, Amherst",1,University of Massachusetts Amherst | University of Massachusetts Boston,I24603500 I33434090,no
"M.S., Boston University, Boston, Massachusetts) is maternal-child health nursing instructor, Nursing Department, Salem State College, Salem, Massachusetts",1,Salem State University,I44948468,no
"M.S., Boston University, Mass.) has a Certificate of Advanced Graduate Standing from Boston University, and is instructor of maternal and child nursing at Simmons College, Boston, Mass",1,Simmons University,I179245896,no
"M.S., Boston University, Mass.) is now a psychiatric nurse clinician at the Massachusetts General Hospital. In this role. Miss Bascom is a resource person for medical-surgical nursing personnel. For more than a year. Miss Bascom has led a group of recovering MI male patients to learn about their ongoing concerns and adjustment processes. The work described here was performed under contract PHS-43–67-I443, with National Institutes of Health, USPIIS. DR. WISHNIE (Atbert Einstein College of Medicine, New York, N.Y.) is currently chief resident at the Massachusetts Mental Health Center, and a clinical research and teaching fellow at Harvard Medical School. Dr. Wishnie in participating in the Myocardial Infarction Research Unit, has concentrated specifically on patients postdischarge emotional problems",1,,,no
"M.S., Boston University, Mass.) is supervisor of orthopedic nursing at the State University of Iowa Hospitals in Iowa City",1,University of Iowa Hospitals and Clinics,I2802216851,no
"MA in International Relations, Boston University",1,School of International Relations | University of International Relations,I4210091705 I67636235,no
MA in poetry and a PhD in modern European history from Boston University,1,,,no
"MARIE DACEY, EdD, is an Associate Professor of Psychology at the Massachusetts College of Pharmacy and Health Sciences. Her teaching and research focus on health professionals' education in behavioral sciences, counseling and health promotion. Her doctorate is in counseling psychology from Boston University and she is licensed as an educational psychologist",1,Massachusetts College of Pharmacy and Health Sciences,I165817395,no
"MARY A. KENNEDY, MS, is a Research Associate at the Institute of Lifestyle Medicine where she identifies, coordinates, and contributes to research projects for the Institute. She has a BS degree in Exercise Physiology from Boston University, MS degree in Nutrition from Tufts University, and is certified as a Health Fitness Specialist from the American College of Sports Medicine",1,,,no
"MARY SWEENEY BEAULIEU, R.N., administrator of Whitinsville (Mass.) Hospital, was formerly assistant administrator, Winthrop (Mass.) Community Hospital, and administrator, Alice Peck Day Memorial Hospital, Lebanon, N.H. She is a graduate of the Massachusetts General Hospital School of Nursing and received her B.S. degree in health education from Boston University",1,,,no
"MARY WYNNE BOHANNON (Villanova University School of Nursing Villanova. Pennsylvania: M.S., Boston University. Boston. Massachusetts) is a staff nurse at Tufts New England Medical Center, Boston. Massachusetts",1,Villanova University,I7863295,no
"MAVERIC VA Boston Healthcare System, Dept of Epidemiology, Boston Univ Sch of Public Health, Boston, MA",1,VA Boston Healthcare System,I2801671727,no
"MISS ANDRUSKIW is professor and chairman of the Department of Nursing at Russell Sage. She was graduated from Massachusetts General Hospital School of Nursing, Boston, Mass., and then earned a bachelor's degree at Teachers College, Columbia University, New York. N.Y, a master of education degree at Sienna College, Memphis, Tenn., and a master of science degree in nursing at Boston University",1,,,no
"MISS HARRIS received her B.S. degree from Syracuse (N.Y.) University School of Nursing, where she is currently assistant professor, teaching courses in advanced clinical nursing and nursing unit administration. She earned her M.S. degree at Boston University",1,Syracuse University,I70983195,no
"MISS MURPHY interrupted her work as a project nurse in the San Francisco Satellite Clinics to go to Boston University, where she earnd an M.S. degree. Her basic nursing education was at St. Mary's, San Francisco, and she earned a. B.S. degree at the University of California. She is a supervisory public health nurse in the San Francisco Department of Public Health",1,,,no
"MISS OBRIG (B.S., Cornell University-New York Hospital School of Nursing: M.S., Boston University, Miss.: M.P.H. and certificate of Nurse-Midwifery, Johns Hopkins University, Md.) is an instructor in the Department of Maternal and Newborn Nursing at the Yale University School of Nursing. Conn",1,Johns Hopkins Medicine | Johns Hopkins University | Cornell University,I2799853436 I145311948 I205783295,no
"MISS WHITE is an assistant professor of nursing at the University of Pittsburgh School of Nursing, Penna. She received her B.S. degree from the University of Cincinnati School of Nursing. Ohio, and her M.S. degree from Boston University School of Nursing",1,University of Pittsburgh,I170201317,no
"MIT &amp; Boston Univ. &amp; Clinical Prof. of EENT, Dept. of Laser Medical Research, Shanghai First Medical College, People’s Republic of China",1,,,no
"MIT Sloan School of Management and NBER, and Harvard University and NBER, respectively. This paper is a completely overhauled version of our March 1997 NBER working paper (#5969) with the same title. We have received research support from the National Science Foundation and the Finance Research Center at MIT. We are grateful to Charlie Hadlock, Oliver Hart, Laurie Hodrick, Bengt Holmström, Preston McAfee, Vik Nanda, Julio Rotemberg, René Stulz, Dimitri Vayanos, Luigi Zingales, Jeff Zwiebel, the referees and seminar participants at Columbia, Harvard, Indiana, the NBER, Boston University, Utah, Ohio State, Stanford, Stockholm, Yale, the ASSA meetings, and the New York Fed for helpful comments. Thanks also to Melissa Cunniffe and Svetlana Sussman for help in preparing the manuscript",1,U.S. National Science Foundation,I1311060795,no
"MIT and BU, USA",1,Massachusetts Institute of Technology,I63966007,no
"MIT, Cambridge, MA 02139, USA; Brandeis Univ, Div Linguist & Cognit Sci, Waltham, MA 02254, USA; Boston Univ, Sch Med, Apasia Res Ctr, Boston, MA 02118, USA and Reed Coll, Portland, OR 97202, USA",1,Massachusetts Institute of Technology,I63966007,no
"MORRIS L. HELLER, M.D., is an Associate Professor of Anesthesiology at Dartmouth Medical School, and a member of the staff of the Hitchcock Clinic in Hanover, New Hampshire. He graduated from Boston University School of Medicine in 1940. His Residency in Anesthesiology was spent in the Dartmouth-Veterans Administration Program, and the Army-Air Force School of Anesthesia in Greensboro, North Carolina. Dr. Heller received the Bronze Star Medal in the European Theater of Operations in 1945",1,,,no
"MR. ELWELL, now associate commissioner for mental health, State of new York Department of Mental Hygine, prepared the original document on which some of this paper is based when he was program development officer, National Institute of Mental Health. He was graduated from Butler Hospital School of Nursing. Providence, R.I., and received a bachelor's degree from Boston University, Mass., and a master's degree from American University (Washington, D.C.) School of Covernment and Public Administration",1,,,no
"MRS. JARVIS received her B.S. degree in nursing from Cornell University in New York City and her M.S. degree from Boston University. Currently a nursing instructor at the University of Rochester (New York), her interest in postcardiac surgery patients' perceptions of core was stimulated while working with the patients and nursing staff as an intensive core unit supervisor",1,Ashland (United States) | Cornell University,I907500627 I205783295,no
"MRS. MURRAY, assistant professor in nursing at the University of Vermont, Burlington, is a graduate of Heaton Hospital School of Nursing. Montpelier, Vt. and earned her B.S. and M.S. at Boston University, Mass, and Hunter College, N.Y. respectively",1,University of Vermont,I111236770,no
"MRS. STEWART, as a wife, mother, and part-time graduate student, has been in the position of a part-time nurse. She was graduated from Johns Hopkins School of Nursing in Baltimore, Md., and received both her B.S.N. and M.S.N. degrees from Boston University",1,Johns Hopkins University,I145311948,no
"MS. DALY is an inservice nursing instructor at the Veterans Administration Hospital in Boston, Mass. She was graduated from Henry W. Bishop III Memorial School of Nursing in I'ittslield, Mass. and received her B.S. degree in nursing from Boston University",1,,,no
"MS. GRIBBONS is nurse consultant for the Regional Cancer Program at Boston University Medical Center. She received her diploma in nursing from the Peter Bent Brigham Hospital School of Nursing, Boston, Mass., and B.S. from Boston University School of Nursing",1,,,no
"MS. LACASSE received her B.S.N. from Boston University School of Nursing, Boston. Mass. She is an instructor in Nursing of Children at Mary Hitchcock School of Nursing, Hanover, New Hampshire",1,,,no
"MS. LANG, a graduate of the New England Baptist School of Nursing. Roxbury, Mass., has a B.S.N, degree from Boston University, Mass., and an M.S. from the University of Pennsylvania, Phila. She is supervisor of the neurology service at Boston VA Hospital",1,New England Baptist Hospital,I1334126862,no
"MS. LEWIS is the project director of the University of California at Los Angeles Primex Program, research that has been supported by U.S. Public Health Service grant HS-00773. Her basic nursing education was at the University of Kansas, Kansas City, Kan., and she has an M.S. from Boston University",1,"United States Public Health Service | University of California, Los Angeles",I35344726 I161318765,no
"MS. MARCHANT is liaison nurse at Rancho Los Amigos Hospital. Downey, Calif. She earned a diploma at St. Agnes, Fond du Lac. Wis.: a B.S. at Marquette University, Milwaukee, Wis.: and an M.S. at Boston University, Mass",1,Rancho Los Amigos National Rehabilitation Center,I2802549562,no
"MS. PROTZEL was graduated from Boston University with a B.S. in nursing, moved to Connecticut, and worked as a nursing consultant at the Danbury Federal Correctional Institution. She received her M.S.N. from Yale University. New Haven. Conn., and is now an instructor at the University of Colorado School of Nursing, Denver",1,Yale University,I32971472,no
"Mallory Institute of Pathology, Boston, MA USA",1,,,no
"Manufacturing Engr. BU. , Boston, MA 02446",1,,,no
"Manufacturing Engr. BU., Boston, MA 02446",1,Boston University Academy,I4210114918,no
"March D. Home received her doctorate from Boston University. She is currently an assistant professor in the Department of Educational Psychology and Statistics at the State University of New York at Albany. Requests for reprints should be sent to Dr. Home at the Department of Educational Psychology and Statistics, State University of New York at Albany, 1400 Washington Ave., Albany, N.Y. 12222",1,"University at Albany, State University of New York | Albany State University",I392282 I113508548,no
"Margaret A. Colliton, R.N., Ed.D., assistant professor, Graduate Program in Psychiatric Nursing, Saint Xavier College, Chicago, Illinois, was awarded a doctorate in Nursing Science from Boston University in 1964. She was graduated from Saint Agnes Hospital School of Nursing, Raltiniore, Maryland, in 1955",1,,,no
"Margaret B. W. Graham is associate dean of the Graduate School of Management atBoston Universityand a director of The Winthrop Group, Inc",1,,,no
"Margaret Kelly-Hayes From the National Heart, Lung, and Blood Institute's Framingham Study (P.A.W., C.S.K., M.K.-H., P.W.F.W.), Framingham, Mass, and the Departments of Neurology (N.S.R., P.A.W., C.S.K., M.K.-H.), Mathematics and Statistics (H.S., R.B.D), Epidemiology and Biostatistics (J.M.M.), Biochemistry (C.F.), and Medicine (P.W.F.W.), Boston University School of Medicine, Boston, Mass",1,Framingham Heart Study,I4210123017,yes
"Mariannes großem Lehrer -Prof. Thannhauser -der jetzt an der Universität Boston den Lehrstuhl für innere Medizin innehat. Ihm war es nicht vergönnt, in Deutschland seine",1,,,no
"Marjorie Perlman Lorch is Reader in Brain and Language at Birkbeck College, University of London, England, where she has been based for more than 20 years. She received her doctorate in neurolinguistics from Boston University. Her research interests include clinical, experimental, and theoretical explorations of spoken and written language production, with a specific interest in cross-linguistic comparisons and bilingual speakers",1,"Birkbeck, University of London",I98259816,no
"Mark W. Millard is medical director of the Baylor Asthma and Pulmonary Rehabilitation Center at Baylor University Medical Center in Dallas, TX. He completed an undergraduate degree at Duke University, followed by an MD at the University of Texas Southwestern Medical School. He accomplished an internship and a residency in internal medicine at Yale-New Haven Hospital, followed by a fellowship in pulmonary medicine at Boston University",1,Baylor University Medical Center,I2802366037,no
Mark Weber recently received his Ph.D. from Boston University. He is currently teaching philosophy on a part-time basis at several colleges in Connecticut and pursuing research in Wittgenstein and in the philosophy of psychology,1,,,no
"Martin G. Larson Boston University and the NHLBI's Framingham Heart Study, MA (M.G.L., E.J.B.). Department of Biostatistics, Boston University School of Public Health, MA (M.G.L.)",1,Framingham Heart Study,I4210123017,yes
"Martin G. Larson Boston University's and NHLBI's Framingham Heart Study, MA (J.R., R.S.V., M.G.L.)",1,Framingham Heart Study,I4210123017,yes
"Martin G. Larson Department of Biostatistics, Boston University School of Public Health, Boston, MA (A.C., P.E.M., M.G.L., R.V.S.). Boston University's & National Heart, Lung, and Blood Institute's Framingham Heart Study, Framingham (J.M.M., M.G.L., R.S.V.)",1,Framingham Heart Study,I4210123017,yes
"Martin G. Larson Department of Biostatistics, Boston University School of Public Health, MA (Q.Y., Y.Z., M.G.L.). The National Heart, Lung, and Blood Institute's Framingham Heart Study, Framingham, MA (M.G.L.)",1,Framingham Heart Study,I4210123017,yes
"Martin G. Larson Framingham Heart Study, Framingham, MA (M.N., M.G.L, R.S.V). Department of Biostatistics, Boston University School of Public Health, Boston, MA (M.I.S., Q.Y., M.G.L.)",1,Framingham Heart Study,I4210123017,yes
"Martin G. Larson Framingham Heart Study, MA (C.A., H.L., C.L., D.L., M.G.L., R.S.V.). Department of Biostatistics (C.L., M.G.L.), Boston University School of Public Health, MA",1,,,no
"Martin G. Larson Framingham Heart Study, MA (R.S.V., V.X., A.B., M.G.L., S.S.). Department of Biostatistics (S.P., V.X., A.B., M.G.L.), Boston University School of Public Health, MA",1,,,no
"Martin G. Larson From Boston University's and the National Heart, Lung, and Blood Institute's Framingham Heart Study (M.G.L., B.T.L., R.S.V., D.L., E.J.B.), Framingham, MA",1,"Framingham Heart Study | National Heart, Lung, and Blood Institute",I4210123017 I4210106489,yes
"Martin G. Larson From the Boston University's and the National Heart, Lung, and Blood Institute's Framingham Heart Study (M.G.L., R.S.V., E.J.B.), MA",1,"Framingham Heart Study | National Heart, Lung, and Blood Institute",I4210123017 I4210106489,yes
"Martin G. Larson From the Framingham Heart Study of the National Heart, Lung and Blood Institute and Boston University School of Medicine, Framingham, MA (S.C., M.G.L., E.L.M., C.S.F., C.J.O., R.S.V., T.J.W.)",1,"Framingham Heart Study | National Heart, Lung, and Blood Institute",I4210123017 I4210106489,yes
"Martin G. Larson From the National Heart Lung and Blood Institute's and Boston University's Framingham Heart Study, Framingham, MA (D.D.M., K.T., M.G.L., J.E.F.)",1,"Framingham Heart Study | National Heart, Lung, and Blood Institute",I4210123017 I4210106489,yes
"Martin G. Larson From the National Heart, Blood and Lung Institute's and Boston University's Framingham Heart Study, Framingham, MA (T.J.N., M.G.L., E.J.B., R.S.V.)",1,Framingham Heart Study | Lung Institute,I4210123017 I4210101049,yes
"Martin G. Larson From the National Heart, Lung, and Blood Institute's and Boston University's Framingham Study (R.B.S., M.G.L., P.A.W., D.L., R.S.V., E.J.B.), Framingham, Mass",1,"Framingham Heart Study | National Heart, Lung, and Blood Institute",I4210123017 I4210106489,yes
"Martin G. Larson National Heart, Lung, and Blood Institute's Framingham Heart Study, MA (B.M.K., C.A., M.S.D., M.G.L., R.S.V.). Department of Biostatistics, Boston University School of Public Health, MA (M.G.L.)",1,Framingham Heart Study,I4210123017,yes
"Martin G. Larson The Framingham Heart Study, MA (R.S.V., E.J.B., M.G.L., D.L.). Department of Biostatistics, Boston University School of Public Health, MA (D.W., P.C., M.G.L.)",1,,,no
"Martin G. Larson https://orcid.org/0000-0002-9631-1254 Department of Biostatistics (S.R.P., M.G.L.), Boston University School of Public Health, MA. Framingham Heart Study, Framingham, MA (J.M.M., M.G.L., E.J.B.)",1,Framingham Heart Study,I4210123017,yes
"Martin M. Teaseley (M.A., Boston University; M.L., Emporia State University) is Assistant Director of the Dwight D. Eisenhower Presidential Library, Abilene, KS",1,Emporia State University,I93131583,no
"Martin Magnusson From the Framingham Heart Study of the National Heart, Lung and Blood Institute and Boston University School of Medicine, Framingham, MA (S.C., M.G.L., E.L.M., C.S.F., C.J.O., R.S.V., T.J.W.)",1,"Framingham Heart Study | National Heart, Lung, and Blood Institute",I4210123017 I4210106489,yes
"Martina Schulze is academic program coordinator of the Georg Arnhold Program on Education for Sustainable Peace and coordinator of international affairs at the Georg Eckert Institute (GEI). Before joining the GEI, she worked for more than 15 years as a cultural affairs specialist for the US Consulate General in Hamburg and as an educational advisor at the Amerika Haus Hamburg. She holds an MA in international relations from Boston University and an MA in American studies and history from the University of Hamburg",1,Leibniz Institute for Educational Media | Georg Eckert Institute | Universität Hamburg,I4210107033 I159176309,no
"Martine K. Geary-Souza () is a recent Boston University master of public health graduate, a former community mental health provider, and a dedicated advocate for trauma-informed care. She thanks the therapists and providers who validated, supported, and fought with her. She also expresses her gratitude to Craig Andrade for helping her with the original draft of this essay and for his continued mentorship—his support has been vital to where she is today, and she thanks him for always empowering her to own her story. The author also thanks the editors and reviewers at Health Affairs for their time and attention to this important issue. To access the author’s disclosures, click on the Details tab of the article online",1,,,no
"Mary Ann Thenganatt is a graduate of the Seven Year Program in Liberal Arts and Medicine at Boston University (MA, USA) and obtained her medical degree from Boston University School of Medicine in 2006. She subsequently completed a residency in neurology at the Neurological Institute of New York at Columbia University Medical Center. She is currently a Movement Disorders Fellow at Columbia University Medical Center (NY, USA)",1,Columbia University Irving Medical Center,I2799503643,no
"Mary-'Vesta Marston (Yale University School of Nursing, New Haven, Connecticut; Ph.D., Boston University, Boston, Massachusetts) is an associate professor of public health nursing, Frances Payne Bolton School of Nursing, Case Western Reserve University, Cleveland, Ohio. Dr. Marston's primary interest is in the problems of adjustment to chronic iliness",1,,,no
"Marylou Sawatzky is a graduate of Wagner College School of Nursing (BS) and Boston University (MS). She is a lecturer in MCH nursing at Boston College and has been a parent educator with experience in prepared childbirth, breastfeeding, postpartum, and infant and toddler groups. Ms. Sawatzky is a member of NAACOG, ICEA, BACE, NAPSAC, and Sigma Theta Tau",1,,,no
"Massachusetts General Hospital Biostatistics Center, 50 Staniford Street, Boston, MA, 02114, United States; Department of Global Health, Boston University School of Public Health, 715 Albany Street, Boston, MA, 02118, United States. Electronic address: sowmya.rao@gmail.com",1,,,no
"Massachusetts General Hospital, Boston. NHLBI’s &amp; Boston University’s Framingham Heart Study, MA (X.Y., H.L., L.A.C.)",1,Framingham Heart Study,I4210123017,yes
"Massachusetts General Hospital, Center for Women's Mental Health, 185 Cambridge St, Boston, MA 02114, United States; Boston University School of Public Health, Department of Epidemiology, 715 Albany Street, The Talbot Building, T3E & T4E, Boston, MA 02118, United States",1,,,no
"Massachusetts General Hospital, Harvard Medical School, Boston University of Montreal",1,Harvard University,I136199984,no
Massachusetts Memorial Hospital and University of Boston,1,Memorial Hospital,I4210160694,no
"Master of City and Regional Planning , Boston University 2012",1,,,no
"Master of Science in Applied Communication Research from College of Communication Boston University , MA , USA &",1,University of Massachusetts Boston | Massachusetts College of Pharmacy and Health Sciences,I33434090 I165817395,no
"Master of Science in Media Ventures,  Boston University, Massachusetts, United States",1,,,no
"Matthew Nayor National Heart, Lung, and Blood Institute's and Boston University's Framingham Heart Study, Framingham, MA Division of Cardiovascular Medicine, Brigham and Women's Hospital, Boston, MA",1,"Framingham Heart Study | Brigham and Women's Hospital | National Heart, Lung, and Blood Institute",I4210123017 I1283280774 I4210106489,yes
Mavis Donahue is an arrociate professor of education at the University of Illinois at Chicago. She received her doctorate in special education from Boston University,1,Korean Council for University Education | University of Illinois Chicago,I3131689172 I39422238,no
"Mavis L. Donahue received her doctorate in Applied Psycholinguistics from Boston University. She is currently an Associate Professor of Special Education at the University of Illinois at Chicago. Her research has focused on language and communicative development in students with learning disabilities. ADDRESS CORRESPONDENCE TO: Mavis L. Donahue, Ph.D. College of Education m/c 147 1040 W. Harrison Street University of Illinois Chicago, IL 60607 E-mail: mavis.donahue@UICVM.edu",1,University of Illinois Chicago,I39422238,no
"Maxwell Finland Laboratory for Infectious Diseases and Department of Medicine, Boston City Hospital, Boston University Medical School, State Laboratory Institute, Massachusetts Department of Public Health",1,,,no
"Maxwell Finland Laboratory for Infectious Diseases, Boston, Massachusetts. Electronic address: spelton@bu.edu",1,,,no
"Maxwell Finland Laboratory of Infectious Diseases, Boston City Hospital and the Division of Infectious Diseases and Department of Medicine, Boston University School of Medicine, 818 Harrison Avenue, 02118, Boston, Massachusetts, USA",1,,,no
Medicine BU Boston MA United States,1,,,no
"Melanie Rogers is with the University of New England, Biddeford, ME. Ericka A. Lara Ovares is with the University of Minnesota School of Public Health, Minneapolis. Olushola Olaitan Ogunleye is with the Department of Public and Community Health, Liberty University, Lynchburg, VA. Tara Twyman is with Saint Louis University, St Louis, MO. Cem Akkus is with the University of Memphis, Memphis, TN. Kalpita Patel is an alumna of Boston University School of Public Health, Boston, MA. Marwa Fadlalla is with",1,University of Minnesota,I130238516,no
"Melinda J. Palma From the Framingham Heart Study of the National Heart, Lung and Blood Institute and Boston University School of Medicine, Framingham, MA (S.C., M.G.L., E.L.M., C.S.F., C.J.O., R.S.V., T.J.W.)",1,"Framingham Heart Study | National Heart, Lung, and Blood Institute",I4210123017 I4210106489,yes
"Melissa M. Garrido () is associate director of the Partnered Evidence-Based Policy Resource Center at the VA Boston Healthcare System and an associate professor of health law, policy, and management, Boston University School of Public Health",1,,,no
"Melissa M. Garrido is associate director of the Partnered Evidence-Based Policy Resource Center at the VA Boston Healthcare System and a research associate professor in the Department of Health Law, Policy, and Management, Boston University School of Public Health",1,,,no
Melissa Middleton Stone is assistant professor of management policy at Boston University's School of Management. She has founded and managed nonprofit organizations and teaches regular M.B.A. students as well as those concentrating in public and nonprofit management,1,,,no
Mellon Post Doctoral Fellow in Islamic Studies at Wheaton College. She holds a PhD in Anthropology from Boston University,1,,,no
"Member of the Brussels and Paris Bars, Member of the LCIA Court. The author wishes to express his thanks to Mrs. Mireille Eastman, student at the Boston University School of Law, for the thorough research she carried out in preparation of this article",1,,,no
"Member of the English Bar, LL.M. Boston University, former staff member of the Swiss Institute of Comparative Law",1,Swiss Institute of Comparative Law,I4210159301,no
"Memorial Department of Cliniical Research antd thle Departments of AMedicinie and Pathology , Bostoni University Medical Center , and",1,Boston Medical Center,I1286490081,no
"Merrimack College, North Andover, MA.2Esperanza Academy, Lawrence, MA.3Boston University, Boston, MA.4University of Massachusetts, Boston, MA",1,Merrimack College,I4058158,no
"Meryl Reis Louis is an associate professor at Boston University's School of Management and a research associate at the Center for Applied Social Science. Her research interests have centered on career transitions, sense-making practices in work settings, work place cultures, information systems and strategic human resource management planning and the sociology of social science. For the past ten years, she has been studying life after MBA school with a panel of graduates from four major MBA programs. Before returning to UCLA's Graduate School of Management for a doctorate, Professor Louis served on the consulting staff of Arthur Andersen & Company and worked as a counselor in a community mental health center. She has been a faculty member at the University of Illinois at Urbana-Champaign and the Naval Post Graduate School and was a visiting faculty member at MIT. Professor Louis is a member of the editorial boards of Administrative Science Quarterly, Academy of Management Review, Organizational Behavior Teaching Review, Organizational Dynamics, Consultation , and is a Fellow of Boston University's Human Resource Policy Institute",1,,,no
"Meryl Reis Louis is an associate professor at Boston University's School of Management and a research associate at the Center for Applied Social Science. Her research interests have centered on career transitions, sense-making practices in work settings, work place cultures, information systems and strategic human resource management planning and the sociology of social science. For the past ten years, she has been studying life after MBA school with a panel of graduates from four major MBA programs. Before returning to UCLA's Graduate School of Management for a doctorate, Professor Louis served on the consulting staff of Arthur Andersen & Company and worked as a counselor in a community mental health center. She has been a faculty member at the University of Illinois at Urbana-Champaign and the Naval Post Graduate School and was a visiting faculty member at MIT. Professor Louis is a member of the editorial boards of Administrative Science Quarterly, Academy of Management Review, Organizational Behavior Teaching Review, Organizational Dynamics, Consultation, and is a Fellow of Boston University's Human Resource Policy Institute",1,,,no
"Michael H. Frimpter is Chief of the Massachusetts Office of tbe Water Resources Division, U.S. (Geological Survey, in Boston. He received his B. A. from Williams College and bis M.A. and Ph.D. in Geo1ogy from Boston University, His research includes assessments of ground-water quantity and quality in New York and New England",1,United States Geological Survey,I1286329397,no
"Michael J. Pencina From the National Heart, Lung, and Blood Institute's and Boston University's Framingham Study (R.B.S., M.G.L., P.A.W., D.L., R.S.V., E.J.B.), Framingham, Mass",1,"Framingham Heart Study | National Heart, Lung, and Blood Institute",I4210123017 I4210106489,yes
"Michael L. Chuang National Heart, Lung and Blood Institute's and Boston University's Framingham Heart Study, Framingham, MA",1,"Framingham Heart Study | National Heart, Lung, and Blood Institute",I4210123017 I4210106489,yes
"Michael M. Hammond Boston University's and National Heart, Lung, and Blood Institute's Framingham Heart Study, MA (H.L., E.J.B., E.S.M., K.F., J.K., M.M.H., J.M.M.)",1,Framingham Heart Study,I4210123017,yes
Michael Meyer completed his Ph.d. at Boston University. He is currently employed as a Part-Time Lecturer at Northeastern University,1,Northeastern University,I12912129,no
"Michael T. Pope wurde 1933 in Exeter, England, geboren und studierte Chemie in Oxford. 1954 erhielt er seinen B.A. und 1957 seinen Ph. D. (bei R. J. P. Williams). Die Chemie der Heteropolyanionen lernte er als Postdoktorand während eines Forschungsaufenthalts bei Louis C. W. Baker an der Boston University kennen. Nach einer dreijährigen Tätigkeit bei laporte Industries in England ging er 1962 als Assistant Professor an die Georgetown University in Washintong, DC. Seit 1973 ist er in Georgetown als Full Professor tätig und zur Zeit als Department Chairman. Sein forschungsinteresse konzentriert sich auf alle Aspekte der Reaktivität, Struktur und Anwendung von polyoxometallat-Chustern",1,Hess (United States) | Georgetown University,I16718484 I184565670,no
"Michael Zank est Professeur en Etudes religieuses à l'Université de Boston. Ses publications portent sur Hermann Cohen, Franz Rosenzweig, Martin Buber et le jeune Leo Strauss, dont il a introduit et édité les premiers écrits en anglais (SUNY Press, 2002). Voir aussi The Idea of Atonement in the Philosophy of Hermann Cohen (Providence/R.I, Brown Judaic Studies, 2000). Un volume d'essais sur la dimension apologétique de la philosophie juive moderne est en préparation",1,,,no
"Michael Zank est Professeur en Etudes religieuses à l’Université de Boston. Ses publications portent sur Hermann Cohen, Franz Rosenzweig, Martin Buber et le jeune Leo Strauss, dont il a introduit et édité les premiers écrits en anglais (SUNY Press, 2002). Voir aussi The Idea of Atonement in the Philosophy of Hermann Cohen (Providence/R.I, Brown Judaic Studies, 2000). Un volume d’essais sur la dimension apologétique de la philosophie juive moderne est en préparation",1,,,no
"Mike Inouye Department of Public Health and Primary Care, , University of Cambridge, , United Kingdom National Heart, Lung and Blood Institute's and Boston University's Framingham Heart Study, , Framingham, , MA",1,"Framingham Heart Study | National Heart, Lung, and Blood Institute | University of Cambridge",I4210123017 I4210106489 I241749,yes
"Min Reuchamps est professeur de science politique à l'Université catholique de Louvain (UCLouvain) en Belgique. Il est diplômé de l'Université de Liège et de Boston University. Ses enseignements et ses recherches portent sur le fédéralisme et la gouvernance multiniveaux, la démocratie et ses transformations et innovations, les méthodes participatives et délibératives, ainsi que les relations entre langue(s) et politique(s), en particulier le rôle des métaphores dans les discours politiques",1,UCLouvain,I95674353,no
"Min Reuchamps est professeur de science politique à l'Université catholique de Louvain et diplômé de l'Université de Liège ainsi que de Boston University. Ses enseignements et ses recherches portent sur le fédéralisme et la gouvernance multi-niveaux, les innovations démocratiques ainsi que les méthodes participatives et délibératives. Il a publié plusieurs ouvrages sur ces questions. Il est le président de l'Association belge francophone de science politique (ABSP) et le coordinateur de la cellule méthodologie du G1000, une initiative citoyenne de démocratie délibérative en Belgique",1,UCLouvain,I95674353,no
"Min Reuchamps est professeur de science politique à l’Université catholique de Louvain et diplômé de l’Université de Liège ainsi que de Boston University. Ses enseignements et ses recherches portent sur le fédéralisme et la gouvernance multi-niveaux, les innovations démocratiques ainsi que les méthodes participatives et délibératives. Il a publié plusieurs ouvrages sur ces questions. Il est le président de l’Association belge francophone de science politique (ABSP) et le coordinateur de la cellule méthodologie du G1000, une initiative citoyenne de démocratie délibérative en Belgique",1,UCLouvain,I95674353,no
"Mingjiang Li is Assistant Professor at the S. Rajaratnam School of International Studies, Nanyang Technological University. He did his PhD at Boston University in political science. His current research interests focus on China's international relations in East Asia",1,,,no
"Minister, University Methodist Church, College Park, Maryland. Dr. Smith received his Th.D. from the Boston University School of Theology in 1954. This article provides a brief summary in popular form of the results of the investigation on which his doctoral dissertation was based",1,,,no
"Mirja Hartimo graduated from Boston University in 2005 with a dissertation entitled Edmund Husserl's Phenomenology and the Development of Mathematics in the Late Nineteenth Century. Since her graduation, she has lectured at Tufts University and, beginning in 2006, she is working as a researcher at the University of Tampere, Finland. She has published articles on Husserl in Synthese, Journal of History and Philosophy of Logic, and Philosophy Today",1,E Ink (South Korea) | Tampere University,I185848579 I4210133110,no
"Miss Josephine G. Paterson received her degree in nursing at Lenox Hill Hospital and earned her B.S.N.E. from St. Johns University. She was awarded the M.P.H. from John Hopkins University, School of Hygiene and Public Health. Miss Paterson received the D.N.S. from the Boston University School of Nursing. She has worked in public health, mental health and psychiatric nursing. Miss Paterson has been a staff nurse, assistant professor, consultant and she was an agency educational coordinator for the Visiting Nurse Association, and presently is a Clinical Specialist at the Veterans Administration Hospital in New York",1,,,no
"Molecular Biology Research Laboratory and Departments of Biomedical Engineering, Biology, and Pharmacology and Experimental Therapeutics, 36 Cummington Street, Boston, MA 02215, United States",1,,,no
"Molecular Biology Research Laboratory, and Departments of Biomedical Engineering, Biology and Pharmacology, 36 Cummington Street, Boston, MA 02215, USA",1,,,no
Molecular BiologyCell BiologyBiochemistryBoston University5 Cummington StreetBostonMA02215,1,,,no
"Molecular Biotechnology Research Laboratory, Department of Biomedical Engineering, 36 Cummington Street, Boston, MA 02215, USA",1,,,no
"Molecular Biotechnology Research Laboratory, Departments of Biomedical Engineering, Biology and Pharmacology and Experimental Therapeutics, 36 Cummington Street, Boston, MA 02215, USA",1,,,no
"Montclair State University, Montclair, NJ 07043, USA; Summer Undergraduate Research Fellowship Program, Boston University, Boston, MA 02215, USA",1,Montclair State University,I166088655,no
"Mr. Bornstein, now assistant director, Newark Beth Israel Hospital, previously was assistant director, Barnert Memorial Hospital, Paterson, N.J. He holds a B.S. degree from Boston University and an M.P.H. degree in hospital administration from Yale University",1,,,no
"Mr. Cohen is a Junior Associate of the law firm Epstein, Becker, Borsody & Green in New York City, and a graduate of Boston University School of Law",1,,,no
"Ms. Kowalsky entered Boston University's graduate program in rehabilitation nursing after five years of general duty, home visiting and teaching. Since receiving her Master's degree, she has taught and worked as a clinical specialist in rehabilitation nursing at the Eastern Kentucky Comprehensive Rehabilitation Center. She is now a self-employed rehabilitation nursing consultant",1,,,no
"Ms. MCGRATH, a graduate of the Mt. Auburn Hospital School of Nursing, Cambridge, Mass., has a B.S.N, degree from Boston University. She is head nurse of the neurology service at Boston VA Hospital",1,,,no
"Ms. Wolfe is Senior Physical Therapist, Department of Physical Therapy, Lahey Clinic Medical Center, 41 Mall Rd, Burlington, MA 01803 (USA). This manuscript was written in partial fulfillment of the requirements for her Master of Science degree in Physical Therapy, Boston University, Boston, MA",1,Lahey Hospital and Medical Center,I1289019353,no
"Multipurpose Arthritis Center, Boston University School of Medicine, Boston, Massachusetts and the Cooperative Systematic Studies of Rheumatic Diseases Program, University of Utah School of Medicine, Salt Lake City",1,,,no
"Myocardial Biology Lab, BOSTON UNIV MEDICAL CTR, Boston, MA",1,,,no
"Médecins Sans Frontières and Boston University School of Public Health, 715 Albany Street, Boston, 02118, USA. katharinehutchinson@gmail.com",1,,,no
"NANCY WELLS completed her doctorate from Boston University in 1988  and was a Robert Wood Johnson Clinical Nurse Scholar at the University of Rochester  from 1988 to 1990. Since 1990, Dr. Wells has been a clinical nurse researcher and  School of Nursing faculty member at both the University of Rochester and Vanderbilt  University",1,University of Rochester,I5388228,no
"NAPM Professor at Arizona State University. He earned his D.B.A. degree from Boston University. Dr. Carter's research interests include supplier quality management, buyer-supplier communications, and international supply management systems",1,,,no
"NAVAL BLOOD RESEARCH LABORATORY BOSTON UNIVERSITY SCHOOL OF MEDICINE 615 ALBANY STREET CD BOSTON , MA 02118",1,,,no
"NHBLI and Boston University's Framingham Heart Study , Framingham, MA ,",1,Framingham Heart Study,I4210123017,yes
"NHBLI and Boston University's Framingham Heart Study, Framingham, MA, USA",1,Framingham Heart Study,I4210123017,yes
"NHLBI Division of Intramural Research and 11 Cardiology Section, Boston Medical Center, BU School of Medicine, Boston, Massachusetts, USA",1,Boston Medical Center,I1286490081,no
"NHLBI Framingham Heart Study, Bethesda, MD, USA Boston University Department of Statistics, Boston, MA, USA",1,Framingham Heart Study,I4210123017,yes
"NHLBI Framingham Heart Study, Framingham, MA 01702, USA; Department of Neurology, Boston University School of Medicine, Boston, MA 02118, USA",1,Framingham Heart Study,I4210123017,yes
"NHLBI Framingham Heart Study, Framingham, MA 01702, USA; Departments of Medicine & Epidemiology, Boston University Schools of Medicine & Public Health, Boston, MA 02118, USA",1,Framingham Heart Study,I4210123017,yes
"NHLBI and Boston University Framingham Heart Study, Framingham, MA, USA",1,Framingham Heart Study,I4210123017,yes
"NHLBI and Boston University's Framingham Heart Institute, Framingham, MA (M.G.L., E.J.B.)",1,Framingham Heart Study,I4210123017,yes
"NHLBI and Boston University's Framingham Heart Study, Framingham, Massachusetts",1,Framingham Heart Study,I4210123017,yes
"NHLBI and Boston University's Framingham Heart Study, Framingham, Massachusetts, USA",1,Framingham Heart Study,I4210123017,yes
"NHLBI and Boston University's Framingham Heart Study, Framingham, Massachusetts; Whitaker Cardiovascular Institute, Boston University School of Medicine, Boston, Massachusetts",1,Framingham Heart Study,I4210123017,yes
"NHLBI and Boston University's Framingham Heart Study, MA (E.J.B.)",1,Framingham Heart Study,I4210123017,yes
"NHLBI and Boston University's The Framingham Heart Study, Framingham, Massachusetts, USA",1,Framingham Heart Study,I4210123017,yes
"NHLBI and Boston Universitys Framingham Heart Institute, Framingham, MA, United States of America",1,Framingham Heart Study,I4210123017,yes
"NHLBI and Boston Universitys Framingham Heart Institute, Framingham, MA, United States of America; Boston University School of Medicine, Department of Medicine, Cardiology and Preventive Medicine Section, Boston, MA, United States of America",1,Framingham Heart Study,I4210123017,yes
"NHLBI and Boston University’s Framingham Heart Study (J.K., E.J.B., R.S.V)",1,Framingham Heart Study,I4210123017,yes
"NHLBI and Boston University’s Framingham Heart Study, Framingham, MA (K.L.L.)",1,Framingham Heart Study,I4210123017,yes
"NHLBI's Framingham Heart Study, 73 Mt Wayte Avenue, Framingham, MA 01702, USA; Department of Biostatistics, Boston University School of Public Health, 715 Albany St, Boston, MA 02118, USA",1,Framingham Heart Study,I4210123017,yes
"NHLBI's Framingham Heart Study, 73 Mt Wayte Avenue, Framingham, MA 01702, USA; Department of Neurology, Boston University Chobanian & Avedisian School of Medicine, 72 E Concord Street, Boston, MA 02118, USA. Electronic address: joromero@bu.edu",1,Framingham Heart Study,I4210123017,yes
"NHLBI's Framingham Heart Study, Framingham, MA, USA; Boston University School of Medicine, Boston, MA, USA; The Glenn Biggs Institute for Alzheimer's and Neurodegenerative Diseases, University of Texas Health Sciences Center, San Antonio, TX, USA",1,Framingham Heart Study | The University of Texas at San Antonio Health Science Center,I4210123017 I165951966,yes
"NHLBI's Framingham Heart Study, Framingham, MA, USA; Department of Biostatistics, Boston University School of Public Health, Boston, MA, USA",1,Framingham Heart Study,I4210123017,yes
"NHLBI's Framingham Heart Study, Framingham, MA, USA; Department of Biostatistics, Boston University School of Public Health, Boston, MA, USA; The Glenn Biggs Institute for Alzheimer's and Neurodegenerative Diseases, University of Texas Health Sciences Center, San Antonio, TX, USA",1,Framingham Heart Study | The University of Texas at San Antonio Health Science Center,I4210123017 I165951966,yes
"NHLBI's Framingham Heart Study, Framingham, MA, USA; Department of Biostatistics, School of Public Health at Boston University, Boston, MA, USA",1,Framingham Heart Study,I4210123017,yes
"NHLBI's Framingham Heart Study, Framingham, MA, USA; Department of Neurology, Boston University School of Medicine, Boston, MA. Electronic address: joromero@bu.edu",1,Framingham Heart Study,I4210123017,yes
"NHLBI's Framingham Heart Study, Framingham, Massachusetts 01702; Section of General Internal Medicine, Boston University School of Medicine, Boston, Massachusetts 02118",1,Framingham Heart Study,I4210123017,yes
"NHLBI's and Boston University Chobanian &amp; Avedisian School of Medicine's Framingham Heart Study, Framingham, MA, USA",1,Framingham Heart Study,I4210123017,yes
"NHLBI's and Boston University's Framingham Heart Study, Framingham, 01702, Massachusetts, USA",1,Framingham Heart Study,I4210123017,yes
"NHLBI's and Boston University's Framingham Heart Study, Framingham, MA, 01702, USA. murabito@bu.edu",1,Framingham Heart Study,I4210123017,yes
"NHLBI's and Boston University's Framingham Heart Study, Framingham, MA, USA. murabito@bu.edu",1,Framingham Heart Study,I4210123017,yes
"NHLBI's and Boston University's Framingham Heart Study, Framingham, Massachusetts 01702, USA",1,Framingham Heart Study,I4210123017,yes
"NHLBI's and Boston University's Framingham Heart Study, Framingham, Massachusetts, USA",1,Framingham Heart Study,I4210123017,yes
"NHLBI's and Boston University's Framingham Study, Framingham Heart Study 73 Mt. Wayte Avenue, Suite 2, Framingham, MA 01702-5827, USA",1,Framingham Heart Study,I4210123017,yes
"NHLBI's and Boston University's Framingham Study, Framingham, MA; Department of General and Interventional Cardiology, University Heart Center Hamburg, DZHK (German Centre for Cardiovascular Research), Partner Site Hamburg/Kiel/Lübeck, Hamburg, Germany. Electronic address: r.schnabel@uke.de",1,German Centre for Cardiovascular Research | Universität Hamburg | University Medical Center Hamburg-Eppendorf,I4210127591 I159176309 I4210108711,no
"NHLBI's and Boston Univesity's Framingham Heart Study, Massachusetts",1,Framingham Heart Study,I4210123017,yes
"NHLBI, Div Epidemiol & Clin Applicat, Epidemiol & Biometry Program, Bethesda, MD 20892, USA; NHLBI, Div Epidemiol & Clin Applicat, Epidemiol & Biometry Program, Field Studies & Biometry Branc, Framingham, MA 01701, USA and Boston Univ, Sch Med, Prevent Med & Epidemiol Sect, Framingham, MA 01701, USA",1,,,no
"NHLBI’s and Boston University’s Framingham Heart Study , Framingham, MA ,",1,Framingham Heart Study,I4210123017,yes
NHLBI’s and Boston University’s Framingham Heart Study Boston MA,1,Framingham Heart Study,I4210123017,yes
"NHLBI’s and Boston University’s Framingham Study, Framingham Heart Study 73 Mt. Wayte Avenue, Suite 2, Framingham, MA 01702-5827, USA",1,Framingham Heart Study,I4210123017,yes
"NHLBI’s and Boston Univesity’s Framingham Heart Study, Massachusetts",1,Framingham Heart Study,I4210123017,yes
"NORMAN MILGRAM is Professor of Psychology at Tel Aviv University. He earned a Ph.D. in psychology from Boston University in 1958. A Fellow of APA Divisions 7 and 12, he is the editor of two books on war-related traumatic stress",1,Tel Aviv University,I16391192,no
"NYU Medical Ctr, New York, NY; Columbia Univ, New York, NY; Univ Space  Research Assoc, Washington, DC; New York Medical Coll, Valhala, NY; Boston  Univ Sch of Medicine, Boston, MA; NYU Medical Ctr, New York, NY",1,New York Medical College,I181190671,no
"NYU Medical Ctr, New York, NY; Columbia Univ, New York, NY; Univ Space Research Assoc, Washington, DC; New York Medical Coll, Valhala, NY; Boston Univ Sch of Medicine, Boston, MA; NYU Medical Ctr, New York, NY",1,New York Medical College,I181190671,no
"Nairi Foundation. Boston Univertity, College of Arts and Sciences",1,,,no
"Nancy Wainer Cohen is the co-founder of C/SEC, Inc. She graduated from Boston University with a B.S. in Speech and Hearing Pathology, and is a La Leche League Leader",1,,,no
"Nancy Wainer Cohen is the co‐founder of C/SEC, Inc. She graduated from Boston University with a B.S. in Speech and Hearing Pathology, and is a La Leche League Leader",1,,,no
"Naomi M. Hamburg From the National Heart, Blood and Lung Institute's and Boston University's Framingham Heart Study, Framingham, MA (T.J.N., M.G.L., E.J.B., R.S.V.)",1,Framingham Heart Study | Lung Institute,I4210123017 I4210101049,yes
"Naomi M. Hamburg From the National Heart, Lung, and Blood Institute's and Boston University's Framingham Heart Study, MA (T.J.N., A.L., M.G.L., E.J.B., R.S.V.)",1,"Framingham Heart Study | National Heart, Lung, and Blood Institute",I4210123017 I4210106489,yes
"Naomi Zewde, Erica Eliason, and Heidi Allen are with Columbia University School of Social Work, New York, NY. Tal Gross is with Boston University Questrom School of Business, Boston, MA",1,Columbia University,I78577930,no
"Nataiie A. Badian is a consulting teacher for Holbrook, Massachusetts Public Schools and a research fellow in neurology at the Children's Hospital Medical Center, Boston. She received her EdD in special education from Boston University. Address: Dr. Badian, 101 Monroe Road, Quincy. MA 02169",1,Boston Children's Hospital,I1288882113,no
"Natalia S. Rost From the National Heart, Lung, and Blood Institute's Framingham Study (P.A.W., C.S.K., M.K.-H., P.W.F.W.), Framingham, Mass, and the Departments of Neurology (N.S.R., P.A.W., C.S.K., M.K.-H.), Mathematics and Statistics (H.S., R.B.D), Epidemiology and Biostatistics (J.M.M.), Biochemistry (C.F.), and Medicine (P.W.F.W.), Boston University School of Medicine, Boston, Mass",1,Framingham Heart Study,I4210123017,yes
"Nathlie A. Badian is a consulting teacher for the Holbrook. Public Schools, Holbrook, Mass. She received her EdD degree in Special Education from Boston University. Address: Nathlie A. Badian, EdD, 101 Monroe Road, Quincy, MA 02169",1,,,no
"Nathlie A. Badian received her EdD from Boston University in the field of special education. She is currently a Consulting Teacher for the Holbrook Public Schools and a Research Fellow in Neurology at The Children's Hospital Medical Center in Boston. Address: Nathlie A. Badian, EdD, 101 Monroe Road, Quincy, MA 02169",1,,,no
"Nathlie A. Badian received her EdD in special education from Boston University. She is currently a consulting teacher for the Holbrook Public Schools and a research fellow in neurology at Children's Hospital in Boston. Her main research interests include reading disability and the early prediction of reading achievement. Address: Nathlie A. Badian, 101 Monroe Rd., Quincy, MA 02169",1,,,no
"National Association of Purchasing Management Professor of Supply Management in the College of Business Administration at Arizona State University. He holds a D.B.A. degree from Boston University. Dr. Carter's major research interests are supplier quality management and communication systems, and international supply chain management systems",1,,,no
"National Center for PTSD, VA Boston Healthcare System, and Boston University.Address correspondence to Patricia Resick, Ph.D. Director, Women's Health Sciences Division (116B-3), National Center for PTSD, VA Boston Healthcare System, 150 S. Huntington Street, Boston, MA 02130; e-mail: [email protected]",1,National Center for PTSD | VA Boston Healthcare System,I4210103836 I2801671727,no
National Emerging Infectious Disease Laboratory Boston UniversityBostonMAUnited States,1,,,no
"National Emerging Infectious Diseases Laboratory, University School of Medicine, Boston, USA",1,National University of Computer and Emerging Sciences,I201384688,no
"National Heart Lung and Blood Institute &amp; Boston University’s Framingham Heart Study, Framingham, MA (R.S.V.)",1,Framingham Heart Study,I4210123017,yes
"National Heart Lung and Blood Institute and Boston University's Framingham Heart Study, Framingham, MA",1,"Framingham Heart Study | National Heart, Lung, and Blood Institute",I4210123017 I4210106489,yes
"National Heart Lung and Blood Institute and Boston University's Framingham Heart Study, Framingham, MA, USA",1,"Framingham Heart Study | National Heart, Lung, and Blood Institute",I4210123017 I4210106489,yes
"National Heart Lung and Blood Institute and Boston University's Framingham Heart Study, Framingham, MA, United States of America",1,Framingham Heart Study,I4210123017,yes
"National Heart Lung and Blood Institute and Boston University's Framingham Heart Study, Framingham, Massachusetts",1,"Framingham Heart Study | National Heart, Lung, and Blood Institute",I4210123017 I4210106489,yes
"National Heart Lung and Blood Institute and Boston University's Framingham Heart Study, Framingham, Massachusetts; Department of Epidemiology, Boston University School of Public Health, Boston, Massachusetts",1,Framingham Heart Study,I4210123017,yes
"National Heart Lung and Blood Institute and Boston University's Framingham Heart Study, Framingham, Massachusetts; Departments of Medicine and Quantitative Health Sciences, University of Massachusetts, Worcester, Massachusetts; Department of Biomedical Engineering, Worcester Polytechnic Institute, Worcester, Massachusetts",1,Framingham Heart Study,I4210123017,yes
"National Heart Lung and Blood Institute and Boston University’s Framingham Heart Study, Framingham, MA",1,Framingham Heart Study,I4210123017,yes
"National Heart Lung and Blood Institute and Boston University’s Framingham Heart Study, Framingham, MA, USA",1,Framingham Heart Study,I4210123017,yes
"National Heart Lung and Blood Institute and Boston University’s Framingham Heart Study, Framingham, MA, United States of America",1,"Framingham Heart Study | National Heart, Lung, and Blood Institute",I4210123017 I4210106489,yes
National Heart Lung and Blood Institute's Boston University's Framingham Heart Study Framingham Massachusetts,1,Framingham Heart Study,I4210123017,yes
"National Heart Lung and Blood Institute's Framingham Heart Study, 73 Mt. Wayte Avenue, Suite 2, Framingham, MA 01702 USA ; Department of Medicine, Boston University School of Medicine, 72 East Concord St, Boston, MA 02118 USA",1,Framingham Heart Study,I4210123017,yes
"National Heart Lung and Blood Institute's and Boston University's Framingham Heart Study , Framingham, MA 01702,",1,Framingham Heart Study,I4210123017,yes
National Heart Lung and Blood Institute's and Boston University's Framingham Heart Study Framingham MA USA,1,Framingham Heart Study,I4210123017,yes
"National Heart Lung and Blood Institute's and Boston University's Framingham Heart Study, Framingham, 01702, Massachusetts, USA",1,"Framingham Heart Study | National Heart, Lung, and Blood Institute",I4210123017 I4210106489,yes
"National Heart Lung and Blood Institute's and Boston University's Framingham Heart Study, Framingham, MA (J.W.M., E.J.B.)",1,"Framingham Heart Study | National Heart, Lung, and Blood Institute",I4210123017 I4210106489,yes
"National Heart Lung and Blood Institute's and Boston University's Framingham Heart Study, Framingham, MA (R.S.V.)",1,"Framingham Heart Study | National Heart, Lung, and Blood Institute",I4210123017 I4210106489,yes
"National Heart Lung and Blood Institute's and Boston University's Framingham Heart Study, Framingham, MA 01702, USA Cardiology Division, Massachusetts General Hospital, Boston, MA 02114, USA",1,Framingham Heart Study,I4210123017,yes
"National Heart Lung and Blood Institute's and Boston University's Framingham Heart Study, Framingham, MA 01702, USA Center for Population Studies, NHLBI, Framingham, MA 01702, USA",1,Framingham Heart Study,I4210123017,yes
"National Heart Lung and Blood Institute's and Boston University's Framingham Heart Study, Framingham, MA 01702, USA Departments of Medicine and Quantitative Health Sciences, University of Massachusetts, Worcester, MA 01605, USA Department of Biomedical Engineering, Worcester Polytechnic Institute, Worcester, MA 01609, USA",1,Framingham Heart Study,I4210123017,yes
"National Heart Lung and Blood Institute's and Boston University's Framingham Heart Study, Framingham, MA 01702-5827, USA",1,"Framingham Heart Study | National Heart, Lung, and Blood Institute",I4210123017 I4210106489,yes
"National Heart Lung and Blood Institute's and Boston University's Framingham Heart Study, Framingham, MA 02118, USA",1,"Framingham Heart Study | National Heart, Lung, and Blood Institute",I4210123017 I4210106489,yes
"National Heart Lung and Blood Institute's and Boston University's Framingham Heart Study, Framingham, MA, USA. hhlin@bu.edu",1,Framingham Heart Study,I4210123017,yes
"National Heart Lung and Blood Institute's and Boston University's Framingham Heart Study, Framingham, MA, USA. mcmanusd@ummhc.org",1,Framingham Heart Study,I4210123017,yes
"National Heart Lung and Blood Institute's and Boston University's Framingham Heart Study, Framingham, MA, USA. suseshad@bu.edu",1,Framingham Heart Study,I4210123017,yes
"National Heart Lung and Blood Institute's and Boston University's Framingham Heart Study, Framingham, MA, United States of America",1,"Framingham Heart Study | National Heart, Lung, and Blood Institute",I4210123017 I4210106489,yes
"National Heart Lung and Blood Institute's and Boston University's Framingham Heart Study, Framingham, MA; Division of Cardiovascular Medicine, Vanderbilt University, Nashville, TN",1,Framingham Heart Study,I4210123017,yes
"National Heart Lung and Blood Institute's and Boston University's Framingham Heart Study, Framingham, MA; Division of Endocrinology and Metabolism, Brigham and Women's Hospital and Harvard Medical School, Boston, MA",1,Framingham Heart Study,I4210123017,yes
"National Heart Lung and Blood Institute's and Boston University's Framingham Heart Study, Framingham, Massachusetts 01702, USA",1,Framingham Heart Study,I4210123017,yes
"National Heart Lung and Blood Institute's and Boston University's Framingham Heart Study, Framingham, Massachusetts, United States of America; Cardiology Division, Department of Medicine, and Epidemiology Division, Department of Quantitative Health Sciences, University of Massachusetts Medical School, Worcester, Massachusetts, United States of America",1,Framingham Heart Study,I4210123017,yes
"National Heart Lung and Blood Institute's and Boston University's Framingham Heart Study, Framingham, Massachusetts, United States of America; Mathematical and Statistical Computing Laboratory, Center for Information Technology, National Institutes of Health, Bethesda, Maryland, United States of America; Population Sciences Branch, Division of Intramural Research, National Heart, Lung, and Blood Institute, Bethesda, Maryland, United States of America",1,"National Heart, Lung, and Blood Institute",I4210106489,no
"National Heart Lung and Blood Institute's and Boston University's Framingham Heart Study, Framingham, Massachusetts, United States of America; Population Sciences Branch, Division of Intramural Research, National Heart, Lung, and Blood Institute, Bethesda, Maryland, United States of America",1,Framingham Heart Study,I4210123017,yes
"National Heart Lung and Blood Institute's and Boston University's Framingham Heart Study, Framingham, Massachusetts; Cardiology Division, Department of Medicine, University of Massachusetts Medical School, Worcester, Massachusetts",1,Framingham Heart Study,I4210123017,yes
"National Heart Lung and Blood Institute's and Boston University's Framingham Heart Study, Framingham, Massachusetts; Cardiology Division, Department of Medicine, University of Massachusetts Medical School, Worcester, Massachusetts; Epidemiology Division, Department of Quantitative Health Sciences, University of Massachusetts Medical School Worcester, Massachusetts. Electronic address: mcmanusd@ummhc.org",1,Framingham Heart Study | University of Massachusetts Chan Medical School,I4210123017 I166722992,yes
"National Heart Lung and Blood Institute's and Boston University's Framingham Heart Study, Framingham, Massachusetts; Cardiology Division, Department of Medicine, and Epidemiology Division, Department of Quantitative Health Sciences, University of Massachusetts Medical School, Worcester, Massachusetts",1,Framingham Heart Study,I4210123017,yes
"National Heart Lung and Blood Institute's and Boston University's Framingham Heart Study, Framingham, Massachusetts; Population Research Branch and Division of Intramural Research, National Heart, Lung, and Blood Institute of the National Institutes of Health, Bethesda, Massachusetts",1,Framingham Heart Study,I4210123017,yes
"National Heart Lung and Blood Institute's and Boston University's Framingham Heart Study, Massachusetts",1,"Framingham Heart Study | National Heart, Lung, and Blood Institute",I4210123017 I4210106489,yes
"National Heart Lung and Blood Institute, Boston University's Framingham Heart Study, Framingham, MA, USA",1,Framingham Heart Study,I4210123017,yes
"National Heart Lung and Blood Institute, Boston University’s Framingham Heart Study, Framingham, MA, USA",1,Framingham Heart Study,I4210123017,yes
"National Heart Lung and Blood Institute, Boston Univ’s Framingham Heart Study, Framingham, MA",1,"Framingham Heart Study | National Heart, Lung, and Blood Institute",I4210123017 I4210106489,yes
"National Heart Lung and Blood Institute’s and Boston University’s Framingham Heart Study, Framingham, MA 01701, USA",1,"Framingham Heart Study | National Heart, Lung, and Blood Institute",I4210123017 I4210106489,yes
"National Heart Lung and Blood Institute’s and Boston University’s Framingham Heart Study, Framingham, MA 01702, USA",1,Framingham Heart Study,I4210123017,yes
"National Heart Lung and Blood Institute’s and Boston University’s Framingham Heart Study, Framingham, MA 01702-5827, USA",1,"Framingham Heart Study | National Heart, Lung, and Blood Institute",I4210123017 I4210106489,yes
"National Heart Lung and Blood Institute’s and Boston University’s Framingham Heart Study, Framingham, MA 02118, USA",1,"Framingham Heart Study | National Heart, Lung, and Blood Institute",I4210123017 I4210106489,yes
"National Heart Lung and Blood Institute’s and Boston University’s Framingham Heart Study, Massachusetts",1,"Framingham Heart Study | National Heart, Lung, and Blood Institute",I4210123017 I4210106489,yes
"National Heart Lung and Blood Institute’s and Boston Univ’s Framingham Heart Study, Boston, MA",1,"Framingham Heart Study | National Heart, Lung, and Blood Institute",I4210123017 I4210106489,yes
"National Heart Lung and Blood institute and Boston University's Framingham Heart Study, Framingham MA 01702, USA",1,Framingham Heart Study,I4210123017,yes
"National Heart Lung and Blood institute and Boston University’s Framingham Heart Study, Framingham MA 01702, USA",1,Framingham Heart Study,I4210123017,yes
"National Heart, Blood and Lung Institute's and Boston University's Framingham Heart Study, 73 Mt. Wayte Avenue, Suite 2, Framingham, MA 01702, USA",1,Framingham Heart Study | Lung Institute,I4210123017 I4210101049,yes
"National Heart, Blood and Lung Institute's and Boston University's Framingham Heart Study, Framingham, MA",1,Framingham Heart Study | Lung Institute,I4210123017 I4210101049,yes
"National Heart, Blood and Lung Institute's and Boston University's Framingham Heart Study, Framingham, MA 01702, USA",1,Framingham Heart Study,I4210123017,yes
"National Heart, Blood and Lung Institute's and Boston University's Framingham Heart Study, Framingham, MA 01702, USA teemu.niiranen@thl.fi",1,Framingham Heart Study,I4210123017,yes
"National Heart, Blood and Lung Institute's and Boston University's Framingham Heart Study, Framingham, MA, USA",1,Framingham Heart Study | Lung Institute,I4210123017 I4210101049,yes
"National Heart, Blood and Lung Institute's and Boston University's Framingham Heart Study, Framingham, Massachusetts, USA",1,Framingham Heart Study | Lung Institute,I4210123017 I4210101049,yes
"National Heart, Blood and Lung Institute’s and Boston University’s Framingham Heart Study, Framingham, MA 01702, USA",1,Framingham Heart Study | Lung Institute,I4210123017 I4210101049,yes
"National Heart, Lung and Blood Institute (NHLBI) Framingham Heart Study, Framingham, Mass; Section of General Internal Medicine, Department of Medicine, Boston University School of Medicine, Boston, Mass",1,Framingham Heart Study,I4210123017,yes
"National Heart, Lung and Blood Institute Framingham Heart Study, Massachusetts. Section of General Internal Medicine, Department of Medicine, Boston University School of Medicine, Massachusetts",1,Framingham Heart Study,I4210123017,yes
"National Heart, Lung and Blood Institute and Boston University's The Framingham Heart Study Framingham, MA",1,"Framingham Heart Study | National Heart, Lung, and Blood Institute",I4210123017 I4210106489,yes
"National Heart, Lung and Blood Institute's Framingham Heart Study, Framingham, MA 01702, USA Department of Medicine, Section of General Internal Medicine, Boston University School of Medicine, Boston, MA, USA ctchen@fhcrc.org rajkovic@upmc.edu murabito@bu.edu christopher.haiman@med.usc.edu",1,Framingham Heart Study,I4210123017,yes
"National Heart, Lung and Blood Institute's Framingham Heart Study, Framingham, MA, USA Department of Neurology, Boston University School of Medicine, Boston, MA, USA",1,Framingham Heart Study,I4210123017,yes
"National Heart, Lung and Blood Institute's and Boston University's Framingham Heart Study",1,Framingham Heart Study,I4210123017,yes
"National Heart, Lung and Blood Institute's and Boston University's Framingham Heart Study, Framingham, MA 01701, USA",1,"Framingham Heart Study | National Heart, Lung, and Blood Institute",I4210123017 I4210106489,yes
"National Heart, Lung and Blood Institute's and Boston University's Framingham Heart Study, Framingham, MA, 01702, USA",1,Framingham Heart Study,I4210123017,yes
"National Heart, Lung and Blood Institute's and Boston University's Framingham Heart Study, Framingham, MA, USA; Mathematical and Statistical Computing Laboratory, Center for Information Technology, National Institute of Health, Bethesda, MD, USA",1,Framingham Heart Study,I4210123017,yes
"National Heart, Lung and Blood Institute's and Boston University's Framingham Heart Study, Framingham, MA, USA; The Population Sciences Branch, National Heart, Lung, and Blood Institute, Bethesda, MD, USA",1,Framingham Heart Study,I4210123017,yes
"National Heart, Lung and Blood Institute's and Boston University's Framingham Heart Study, Framingham, MA, United States",1,"Framingham Heart Study | National Heart, Lung, and Blood Institute",I4210123017 I4210106489,yes
"National Heart, Lung and Blood Institute's and Boston University's Framingham Heart Study, Massachusetts",1,Framingham Heart Study,I4210123017,yes
"National Heart, Lung and Blood Institute's and Boston University's Framingham Heart, MA (H.L., E.J.B., K.L.L.)",1,"Framingham Heart Study | National Heart, Lung, and Blood Institute",I4210123017 I4210106489,yes
"National Heart, Lung and Blood Institute, Framingham Heart Study, and the Boston University School of Medicine, Evans Research Foundation, Boston",1,"Framingham Heart Study | National Heart, Lung, and Blood Institute",I4210123017 I4210106489,yes
"National Heart, Lung and Blood Institutes Framingham Study and Boston University School of Medicine, Framingham, Massachusetts 01702-5827, USA. kannel@fram.nhlbi.nih.gov",1,Framingham Heart Study,I4210123017,yes
"National Heart, Lung and Blood Institutes Framingham Study and Boston University School of Medicine, Framingham, USA",1,"Framingham Heart Study | National Heart, Lung, and Blood Institute",I4210123017 I4210106489,yes
"National Heart, Lung and Blood Institute’s and Boston University’s Framingham Heart Study, Framingham, MA",1,"Framingham Heart Study | National Heart, Lung, and Blood Institute",I4210123017 I4210106489,yes
"National Heart, Lung and Blood Institute’s and Boston University’s Framingham Heart Study, Framingham, Massachusetts",1,Framingham Heart Study,I4210123017,yes
"National Heart, Lung, and Blood                     Institute's and Boston University's Framingham Heart Study,                     Framingham, Mass",1,"Framingham Heart Study | National Heart, Lung, and Blood Institute",I4210123017 I4210106489,yes
"National Heart, Lung, and Blood                     Institute’s and Boston University’s Framingham Heart Study,                     Framingham, Mass",1,Framingham Heart Study,I4210123017,yes
"National Heart, Lung, and Blood Institute Boston University's Framingham Heart Study Framingham Massachusetts USA",1,"Framingham Heart Study | National Heart, Lung, and Blood Institute",I4210123017 I4210106489,yes
"National Heart, Lung, and Blood Institute Framingham Heart Study, Framingham, Mass., Boston University School of Medicine, Boston",1,"Framingham Heart Study | National Heart, Lung, and Blood Institute",I4210123017 I4210106489,yes
"National Heart, Lung, and Blood Institute Framingham Heart Study, Framingham, Massachusetts; National Heart, Lung, and Blood Institute,  Bethesda, Maryland; Cardiology Department, Section of Preventive Medicine, and Pulmonary Center, Boston University School of Medicine,  Boston, Massachusetts; and Divisions of Cardiology and Clinical Epidemiology, Beth Israel Hospital, Harvard Medical School, Boston, Massachusetts",1,"Framingham Heart Study | National Heart, Lung, and Blood Institute",I4210123017 I4210106489,yes
"National Heart, Lung, and Blood Institute Framingham Heart Study, Framingham, Massachusetts; National Heart, Lung, and Blood Institute, Bethesda, Maryland; Cardiology Department, Section of Preventive Medicine, and Pulmonary Center, Boston University School of Medicine, Boston, Massachusetts; and Divisions of Cardiology and Clinical Epidemiology, Beth Israel Hospital, Harvard Medical School, Boston, Massachusetts",1,"Framingham Heart Study | National Heart, Lung, and Blood Institute",I4210123017 I4210106489,yes
"National Heart, Lung, and Blood Institute and Boston Univ's Framingham Heart Study, Framingham, MA",1,"Framingham Heart Study | National Heart, Lung, and Blood Institute",I4210123017 I4210106489,yes
"National Heart, Lung, and Blood Institute and Boston University Framingham Heart Study (M.R., E.J.B.), Framingham, Mass",1,"Framingham Heart Study | National Heart, Lung, and Blood Institute",I4210123017 I4210106489,yes
"National Heart, Lung, and Blood Institute and Boston University Framingham Heart Study, Framingham, Massachusetts",1,"Framingham Heart Study | National Heart, Lung, and Blood Institute",I4210123017 I4210106489,yes
"National Heart, Lung, and Blood Institute and Boston University Framingham Heart Study, MA;",1,"Framingham Heart Study | National Heart, Lung, and Blood Institute",I4210123017 I4210106489,yes
"National Heart, Lung, and Blood Institute and Boston University's Framingham Heart Institute, Framingham, MA;",1,"Framingham Heart Study | National Heart, Lung, and Blood Institute",I4210123017 I4210106489,yes
"National Heart, Lung, and Blood Institute and Boston University's Framingham Heart Study, Framingham MA 01702, USA; Population Sciences Branch, National Heart, Lung, and Blood Institute, National Institutes of Health, Bethesda, MD 20814, USA",1,"Framingham Heart Study | National Heart, Lung, and Blood Institute",I4210123017 I4210106489,yes
"National Heart, Lung, and Blood Institute and Boston University's Framingham Heart Study, Framingham MA 01702, USA; Section of Preventive Medicine and Epidemiology, Evans Department of Medicine, Boston University School of Medicine, Boston, MA 02118, USA; Whitaker Cardiovascular Institute and Cardiology Section, Evans Department of Medicine, Boston University School of Medicine, Boston, MA 02118, USA",1,Framingham Heart Study,I4210123017,yes
"National Heart, Lung, and Blood Institute and Boston University's Framingham Heart Study, Framingham, Massachusetts, USA; Cardiology Division, Department of Medicine, Massachusetts General Hospital, Harvard Medical School, Boston, Massachusetts, USA",1,Framingham Heart Study,I4210123017,yes
"National Heart, Lung, and Blood Institute and Boston University's Framingham Heart Study, Framingham, Massachusetts, USA; Cardiovascular Division, Department of Medicine, Beth Israel Deaconess Medical Center and Harvard Medical School, Boston, Massachusetts, USA",1,Framingham Heart Study,I4210123017,yes
"National Heart, Lung, and Blood Institute and Boston University's Framingham Heart Study, Framingham, Massachusetts, USA; Department of Biostatistics, Boston University School of Public Health, Boston, Massachusetts, USA",1,Framingham Heart Study,I4210123017,yes
"National Heart, Lung, and Blood Institute and Boston University's Framingham Heart Study, Framingham, Massachusetts, USA; Department of Medicine, Section of Cardiovascular Medicine, Boston Medical Center, Boston University School of Medicine, Boston, Massachusetts, USA. Electronic address: ca@heart.dk",1,Framingham Heart Study,I4210123017,yes
"National Heart, Lung, and Blood Institute and Boston University's Framingham Heart Study, Framingham, Massachusetts; Department of Biostatistics, Boston University School of Public Health, Boston, Massachusetts",1,Framingham Heart Study,I4210123017,yes
"National Heart, Lung, and Blood Institute and Boston University's Framingham Heart Study, Framingham, Massachusetts; Section of Cardiovascular Medicine, Department of Medicine, Boston University School of Medicine, Boston, Massachusetts; Department of Epidemiology, Boston University School of Public Health, Boston, Massachusetts",1,Framingham Heart Study,I4210123017,yes
"National Heart, Lung, and Blood Institute and Boston University's Framingham Heart Study, Framingham, Massachusetts; Section of Computational Biomedicine, Department of Medicine, Boston University School of Medicine, Boston, Massachusetts",1,Framingham Heart Study,I4210123017,yes
"National Heart, Lung, and Blood Institute and Boston University's, Framingham Heart Study, Framingham, MA, United States",1,Framingham Heart Study,I4210123017,yes
"National Heart, Lung, and Blood Institute and Boston University’s FHS (Framingham Heart Study) Framingham MA",1,"Framingham Heart Study | National Heart, Lung, and Blood Institute",I4210123017 I4210106489,yes
"National Heart, Lung, and Blood Institute and Boston University’s Framingham Heart Study Framingham MA",1,"Framingham Heart Study | National Heart, Lung, and Blood Institute",I4210123017 I4210106489,yes
"National Heart, Lung, and Blood Institute and Boston University’s Framingham Heart Study, Framingham MA 01702, USA; Section of Preventive Medicine and Epidemiology, Evans Department of Medicine, Boston University School of Medicine, Boston, MA 02118, USA; Whitaker Cardiovascular Institute and Cardiology Section, Evans Department of Medicine, Boston University School of Medicine",1,Framingham Heart Study,I4210123017,yes
"National Heart, Lung, and Blood Institute and Boston University’s Framingham Heart Study, Framingham, Massachusetts",1,"Framingham Heart Study | National Heart, Lung, and Blood Institute",I4210123017 I4210106489,yes
"National Heart, Lung, and Blood Institute and Boston University’s Framingham Heart Study, Framingham, Massachusetts, USA",1,"Framingham Heart Study | National Heart, Lung, and Blood Institute",I4210123017 I4210106489,yes
"National Heart, Lung, and Blood Institute and Boston University’s Framingham Heart Study, MA (M.G.L., E.J.B.)",1,Framingham Heart Study,I4210123017,yes
"National Heart, Lung, and Blood Institute and Boston University’s, Framingham Heart Study , Framingham, MA ,",1,Framingham Heart Study,I4210123017,yes
"National Heart, Lung, and Blood Institute's Framingham Heart Study and National Institutes of Health, Framingham, MA, the †Department of Musculoskeletal Radiology, Boston University Medical Center and Boston City Hospitals, Boston, MA, the ‡Hebrew Rehabilitation Center for the Aged and Harvard Medical School, Division on Aging, Boston, MA, the §Health Services/Epidemiology Research Unit, Arthritis Section, Boston University School of Medicine, Boston, MA, and the ∥Department of Orthopedic Surgery, New England Baptist Hospital, Tufts University School of Medicine, Boston, MA",1,Framingham Heart Study,I4210123017,yes
"National Heart, Lung, and Blood Institute's Framingham Heart Study, Boston University School of Public Health, Boston, MA, USA",1,Framingham Heart Study,I4210123017,yes
"National Heart, Lung, and Blood Institute's Framingham Heart Study, Framingham, MA 01702, USA; Department of Biostatistics, Boston University School of Public Health, Boston, MA 02118, USA",1,Framingham Heart Study,I4210123017,yes
"National Heart, Lung, and Blood Institute's Framingham Heart Study, Framingham, MA, USA Department of Cardiology, Boston University School of Medicine, Boston, MA, USA",1,Framingham Heart Study,I4210123017,yes
"National Heart, Lung, and Blood Institute's Framingham Heart Study, Framingham, MA, USA Department of Neurology, Boston University School of Medicine, Boston, MA, USA",1,Framingham Heart Study,I4210123017,yes
"National Heart, Lung, and Blood Institute's Framingham Heart Study, Framingham, MA, USA General Internal Medicine, Boston University School of Medicine, Boston, MA, USA",1,Framingham Heart Study,I4210123017,yes
"National Heart, Lung, and Blood Institute's Framingham Heart Study, Framingham, MA, USA Pulmonary Center, Boston University School of Medicine, Boston, MA, USA",1,Framingham Heart Study,I4210123017,yes
"National Heart, Lung, and Blood Institute's Framingham Heart Study, Framingham, MA, USA Sections of Preventive Medicine, Boston University School of Medicine, Boston, MA, USA Department of Cardiology, Boston University School of Medicine, Boston, MA, USA Department of Epidemiology, Boston University School of Medicine, Boston, MA, USA",1,Framingham Heart Study,I4210123017,yes
"National Heart, Lung, and Blood Institute's Framingham Heart Study, Framingham, MA, USA; Department of Medicine and Whitaker Cardiovascular Institute, School of Medicine, Boston University, Boston, MA, USA",1,Framingham Heart Study,I4210123017,yes
"National Heart, Lung, and Blood Institute's Framingham Heart Study, Framingham, Massachusetts (S.K., E.J.B., J.C.E., R.S.V.); Cardiovascular Division, Brigham and Women's Hospital, Boston, Massachusetts (S.K.); Harvard Medical School, Boston, Massachusetts (S.K.); Boston VA Healthcare System, West Roxbury, Massachusetts (J.A.); and Section of Preventive Medicine, and Cardiology section, Boston University School of Medicine, Boston, Massachusetts (E.J.B, R.S.V.)",1,Framingham Heart Study,I4210123017,yes
"National Heart, Lung, and Blood Institute's Framingham Heart Study, Framingham, Massachusetts, Boston University School of Medicine, Boston, Massachusetts. Electronic address: jmagnani@bu.edu",1,Framingham Heart Study,I4210123017,yes
"National Heart, Lung, and Blood Institute's Framingham Heart Study, Framingham, Massachusetts, USA; Department of Biostatistics, Boston University School of Public Health, Boston, Massachusetts, USA. Electronic address: srpreis@bu.edu",1,Framingham Heart Study,I4210123017,yes
"National Heart, Lung, and Blood Institute's Framingham Heart Study, Framingham, Massachusetts, United States of America; Department of Biostatistics, Boston University School of Public Health, Boston, Massachusetts, United States of America",1,Framingham Heart Study,I4210123017,yes
"National Heart, Lung, and Blood Institute's Framingham Heart Study, Framingham, Massachusetts; Boston University School of Medicine, Boston, Massachusetts",1,Framingham Heart Study,I4210123017,yes
"National Heart, Lung, and Blood Institute's Framingham Heart Study, Framingham, Massachusetts; Cardiology Section, Boston University School of Medicine, Boston, Massachusetts; Preventive Medicine Section, Boston University School of Medicine, Boston, Massachusetts",1,Framingham Heart Study,I4210123017,yes
"National Heart, Lung, and Blood Institute's Framingham Heart Study, Framingham, Massachusetts; Department of Biostatistics, Boston University School of Public Health, Boston, Massachusetts",1,Framingham Heart Study,I4210123017,yes
"National Heart, Lung, and Blood Institute's Framingham Heart Study, Framingham, Massachusetts; Preventive Medicine Section, Boston University School of Medicine, Boston, Massachusetts",1,Framingham Heart Study,I4210123017,yes
"National Heart, Lung, and Blood Institute's Framingham Study, 73 Mt. Wayte Avenue, Suite 2, Framingham, MA 01702, USA; Department of Biostatistics, Boston University School of Public Health, Crosstown Building, 801Massachusetts Avenue, 3rd Floor, Boston, MA 02118, USA",1,Framingham Heart Study,I4210123017,yes
"National Heart, Lung, and Blood Institute's Framingham Study, 73 Mt. Wayte Avenue, Suite 2, Framingham, MA 01702, USA; Sections of Preventive Medicine and Cardiology, Boston University School of Medicine, Crosstown Building, 801 Massachusetts Avenue, 4th Floor, Boston, MA, USA",1,Framingham Heart Study,I4210123017,yes
"National Heart, Lung, and Blood Institute's Framingham Study, Framingham, MA, USA; Department of Biostatistics, Boston University School of Public Health, Boston, MA, USA",1,Framingham Heart Study,I4210123017,yes
"National Heart, Lung, and Blood Institute's Framingham Study, Framingham, MA, USA; Department of Biostatistics, Boston University School of Public Health, Boston, MA, USA; Neurology Department, School of Medicine, Boston University, Boston, MA, USA",1,Framingham Heart Study,I4210123017,yes
"National Heart, Lung, and Blood Institute's Framingham Study, Framingham, MA, USA; Neurology Department, School of Medicine, Boston University, Boston, MA, USA; Preventive Medicine Section, School of Medicine, Boston University, Boston, MA, USA",1,Framingham Heart Study,I4210123017,yes
"National Heart, Lung, and Blood Institute's Framingham Study, Framingham, MA, USA; Preventive Medicine Section, School of Medicine, Boston University, Boston, MA, USA; Population Sciences Branch, Division of Intramural Research, National Heart, Lung, and Blood Institute, National Institutes of Health, Bethesda, MD, USA",1,"Framingham Heart Study | National Heart, Lung, and Blood Institute",I4210123017 I4210106489,yes
"National Heart, Lung, and Blood Institute's Framingham Study, National Institutes of Health, Boston University School of Medicine, Framingham, Mass 01702, USA. billkannel@yahoo.com",1,Framingham Heart Study,I4210123017,yes
"National Heart, Lung, and Blood Institute's Framingham Study, National Institutes of Health, Boston University School of Medicine, Framingham, Mass, USA",1,"Framingham Heart Study | National Heart, Lung, and Blood Institute",I4210123017 I4210106489,yes
"National Heart, Lung, and Blood Institute's and BostonUniversity's Framingham Heart StudyFramingham, MA (Magnani, Fontes, Benjamin)",1,"Framingham Heart Study | National Heart, Lung, and Blood Institute",I4210123017 I4210106489,yes
"National Heart, Lung, and Blood Institute's and Boston University's Framingham Heart Study , Boston , USA",1,"Framingham Heart Study | National Heart, Lung, and Blood Institute",I4210123017 I4210106489,yes
"National Heart, Lung, and Blood Institute's and Boston University's Framingham Heart Study , Framingham, MA , USA",1,"Framingham Heart Study | National Heart, Lung, and Blood Institute",I4210123017 I4210106489,yes
"National Heart, Lung, and Blood Institute's and Boston University's Framingham Heart Study Framingham, MA",1,"Framingham Heart Study | National Heart, Lung, and Blood Institute",I4210123017 I4210106489,yes
"National Heart, Lung, and Blood Institute's and Boston University's Framingham Heart Study, 73 Mount Wayte Ave. Suite 2, Framingham, MA, USA",1,"Framingham Heart Study | National Heart, Lung, and Blood Institute",I4210123017 I4210106489,yes
"National Heart, Lung, and Blood Institute's and Boston University's Framingham Heart Study, 73 Mount Wayte Avenue, Framingham, MA, 01702, USA",1,"Framingham Heart Study | National Heart, Lung, and Blood Institute",I4210123017 I4210106489,yes
"National Heart, Lung, and Blood Institute's and Boston University's Framingham Heart Study, Framingham, MA (J.D.)",1,"Framingham Heart Study | National Heart, Lung, and Blood Institute",I4210123017 I4210106489,yes
"National Heart, Lung, and Blood Institute's and Boston University's Framingham Heart Study, Framingham, MA (R.B.D., J.M.M., C.J.O.)",1,"Framingham Heart Study | National Heart, Lung, and Blood Institute",I4210123017 I4210106489,yes
"National Heart, Lung, and Blood Institute's and Boston University's Framingham Heart Study, Framingham, MA, 01702, USA",1,"Framingham Heart Study | National Heart, Lung, and Blood Institute",I4210123017 I4210106489,yes
"National Heart, Lung, and Blood Institute's and Boston University's Framingham Heart Study, Framingham, MA, USA; Center for Population Studies and the Division of Intramural Research, National Heart, Lung, and Blood Institute, National Institutes of Health, Bethesda, MD, USA",1,"Framingham Heart Study | National Heart, Lung, and Blood Institute",I4210123017 I4210106489,yes
"National Heart, Lung, and Blood Institute's and Boston University's Framingham Heart Study, Framingham, MA, USA; Mathematical and Statistical Computing Laboratory, Center for Information Technology, National Institute of Health, Bethesda, MD, USA; Population Sciences Branch, National Heart, Lung, and Blood Institute, Bethesda, MD, USA",1,"National Heart, Lung, and Blood Institute | Framingham Heart Study",I4210106489 I4210123017,yes
"National Heart, Lung, and Blood Institute's and Boston University's Framingham Heart Study, Framingham, MA, USA; Population Sciences Branch, National Heart, Lung, and Blood Institute, Bethesda, MD, USA",1,Framingham Heart Study,I4210123017,yes
"National Heart, Lung, and Blood Institute's and Boston University's Framingham Heart Study, Framingham, MA, United States of America",1,"Framingham Heart Study | National Heart, Lung, and Blood Institute",I4210123017 I4210106489,yes
"National Heart, Lung, and Blood Institute's and Boston University's Framingham Heart Study, Framingham, Massachusetts; Cardiology Section, Boston Veterans Administration Healthcare, Boston, Massachusetts; Department of Medicine, Harvard Medical School, Boston, Massachusetts",1,Framingham Heart Study,I4210123017,yes
"National Heart, Lung, and Blood Institute's and Boston University's Framingham Heart Study, Framingham, Massachusetts; Preventive Medicine and Cardiovascular Medicine Sections, Department of Medicine; Cardiology Division, Department of Medicine",1,Framingham Heart Study,I4210123017,yes
"National Heart, Lung, and Blood Institute's and Boston University's Framingham Heart Study, Framingham, USA. emelia@bu.edu",1,Framingham Heart Study,I4210123017,yes
"National Heart, Lung, and Blood Institute's and Boston University's Framingham Heart Study, MA (R.S.V., E.J.B.)",1,"Framingham Heart Study | National Heart, Lung, and Blood Institute",I4210123017 I4210106489,yes
"National Heart, Lung, and Blood Institute's and Boston University's Framingham Heart Study, MA (S.D., A.S.B., E.J.B., S.S.)",1,Framingham Heart Study,I4210123017,yes
"National Heart, Lung, and Blood Institute's and Boston University's Framingham Heart Study, MA, USA",1,"Framingham Heart Study | National Heart, Lung, and Blood Institute",I4210123017 I4210106489,yes
"National Heart, Lung, and Blood Institute's and Boston University's Framingham Heart Study; Framingham MA USA",1,Framingham Heart Study,I4210123017,yes
"National Heart, Lung, and Blood Institute's, Boston University's Framingham Heart Study, Framingham, MA 01702, USA Department of Biostatistics",1,Framingham Heart Study,I4210123017,yes
"National Heart, Lung, and Blood Institute, Boston University's Framingham Heart Study, Framingham, MA, USA",1,"Framingham Heart Study | National Heart, Lung, and Blood Institute",I4210123017 I4210106489,yes
"National Heart, Lung, and Blood Institute, Boston University's Framingham Heart Study, Framingham, MA, USA. jkornej@bu.edu",1,Framingham Heart Study,I4210123017,yes
"National Heart, Lung, and Blood Institute, Boston University's Framingham Heart Study, Framingham, MA, United States",1,"Framingham Heart Study | National Heart, Lung, and Blood Institute",I4210123017 I4210106489,yes
"National Heart, Lung, and Blood Institute, Boston University's Framingham Heart Study, Framingham, MA, United States; Population Sciences Branch, Division of Intramural Research, National Heart, Lung, and Blood Institute, National Institutes of Health, Bethesda, MA, United States",1,"Framingham Heart Study | National Heart, Lung, and Blood Institute",I4210123017 I4210106489,yes
"National Heart, Lung, and Blood Institute, Boston University's Framingham Heart Study, Framingham, Massachusetts",1,"Framingham Heart Study | National Heart, Lung, and Blood Institute",I4210123017 I4210106489,yes
"National Heart, Lung, and Blood Institute, Boston University's Framingham Heart Study, Framingham, Massachusetts; Population Sciences Branch, Division of Intramural Research, National Heart, Lung, and Blood Institute, National Institutes of Health, Bethesda, Maryland",1,"Framingham Heart Study | National Heart, Lung, and Blood Institute",I4210123017 I4210106489,yes
"National Heart, Lung, and Blood Institute, Boston University’s Framingham Heart Study, MA (L.S., S.R.P., H.L., E.J.B., L.T.)",1,Framingham Heart Study,I4210123017,yes
"National Heart, Lung, and Blood Institute, National Institutes of Health (NHLBI) and Boston University's Framingham Heart Institute, Framingham, MA, 01702, USA",1,"Framingham Heart Study | National Heart, Lung, and Blood Institute",I4210123017 I4210106489,yes
"National Heart, Lung, and Blood Institute, the Framingham Heart Study, Framingham, Massachusetts, United States of America; Department of Biostatistics, Boston University School of Public Health, Boston, Massachusetts, United States of America",1,Framingham Heart Study,I4210123017,yes
"National Heart, Lung, and Blood Institute’s Framingham Heart Study, Framingham, Massachusetts, Boston University School of Medicine, Boston, Massachusetts",1,"Framingham Heart Study | National Heart, Lung, and Blood Institute",I4210123017 I4210106489,yes
"National Heart, Lung, and Blood Institute’s Framingham Heart Study, Framingham, Massachusetts8Pulmonary Center, Department of Medicine, Boston University, Boston, Massachusetts",1,"Framingham Heart Study | National Heart, Lung, and Blood Institute",I4210123017 I4210106489,yes
"National Heart, Lung, and Blood Institute’s and Boston University’s Framingham Heart Study",1,Framingham Heart Study,I4210123017,yes
"National Heart, Lung, and Blood Institute’s and Boston University’s Framingham Heart Study (S.R.P., R.B.D., D.L., S.J.R., R.S.V., C.J.O., C.S.F.), Framingham, Massachusetts 01702;",1,"Framingham Heart Study | National Heart, Lung, and Blood Institute",I4210123017 I4210106489,yes
"National Heart, Lung, and Blood Institute’s and Boston University’s Framingham Heart Study Framingham MA",1,"Framingham Heart Study | National Heart, Lung, and Blood Institute",I4210123017 I4210106489,yes
"National Heart, Lung, and Blood Institute’s and Boston University’s Framingham Heart Study Framingham, MA",1,"Framingham Heart Study | National Heart, Lung, and Blood Institute",I4210123017 I4210106489,yes
"National Heart, Lung, and Blood Institute’s and Boston University’s Framingham Heart Study, Framingham, MA (D.L., J.H., S.-J.H)",1,Framingham Heart Study,I4210123017,yes
"National Heart, Lung, and Blood Institute’s and Boston University’s Framingham Heart Study, Framingham, MA (R.S.V.)",1,Framingham Heart Study,I4210123017,yes
"National Heart, Lung, and Blood Institute’s and Boston University’s Framingham Heart Study, Framingham, MA, 01702, USA",1,Framingham Heart Study,I4210123017,yes
"National Heart, Lung, and Blood Institute’s and Boston University’s Framingham Heart Study, Framingham, Massachusetts, United States of America",1,"Framingham Heart Study | National Heart, Lung, and Blood Institute",I4210123017 I4210106489,yes
"National Heart, Lung, and Blood Institute’s and Boston University’s Framingham Heart Study, MA (D.L.)",1,Framingham Heart Study,I4210123017,yes
"National Heart, Lung, and Blood Institute’s and Boston University’s Framingham Heart Study, MA (L.S., H.L., D.L., E.J.B., L.T.)",1,Framingham Heart Study,I4210123017,yes
"National Heart, Lung, and Blood Institute’s and Boston University’s, The Framingham Heart Study , Framingham, MA , USA",1,"Framingham Heart Study | National Heart, Lung, and Blood Institute",I4210123017 I4210106489,yes
"National Institute of Health, Multidisciplinary Clinical Research Center, Boston University, USA",1,,,no
"National Research Council Postdoctoral Research Associate, National Risk Management Research Laboratory, Office of Research and Development, United States Environmental Protection Agency, 26 West Martin Luther King Dr., Cincinnati, OH 45268; Graduate Program Manager, Dept. of Biology, Boston Univ., Boston, MA 02215",1,Environmental Protection Agency,I1302368450,no
Natural ScienceBoston University871 Commonwealth AvenueBostonMA02215,1,Kingston University,I4210154901,no
"Neural Systems Laboratory , Department of Health Sciences, , 635 Commonwealth Ave, Boston, MA 02215 , United States",1,,,no
"NeuroMuscular Research Center, Boston, MA 02215, USA. cjd@bu.edu",1,,,no
Neuromuscular Research Center and Department of Physical Therapy and Health SciencesBoston University,1,,,no
"New England Hospital for Women and Children), who has studied at Boston University and at Simmons as well as Teachers College, Columbia, was formerly nursing arts instructor at the school of nursing of New England Hospital for Women and Children. She recently returned from Poland where she served as nursing educational consultant with the UNRRA Poland Mission",1,,,no
New England Medical Ctr./Tufts Univ. School of Medicine and Boston Univ. (United States),1,Tufts University,I121934306,no
"Nicholas Teebagy is Assistant Professor in the Department of Mathematical Sciences at Bentley College. He received his Ph.D. from Boston University. Dr. Teebagy's research interests include applied statistics and data analysis. His work has been presented at various professional meetings including those of the Decision Sciences Institute, the Institute of Management Sciences, and the American Statistical Association. Dr. Teebagy is currently the vice president of the Boston chapter of the American Statistical Association",1,American Statistical Association,I143622237,no
"Nikhil Bhattacharya, Assistant Professor of Philosophy at the University of Texas at San Antonio, received his Ph. D. in philosophy from Boston University in 1976. His publications include articles in The Philosophical Forum, and proceedings from several international conferences",1,The University of Texas at San Antonio,I45438204,no
"Nikhil Bhattacharya, Assistant Professor of Philosophy at the University of Texas at San Antonio, received his Ph. D. in philosophy from Boston University in 1976. His publications include articles in The Philosophical Forum, and proceedings from several international conferences; presently he is working on a forthcoming book on epistemology",1,,,no
"Nikolov is with the Simon School of Business at the University of Rochester. Whited is with the Simon School of Business at the University of Rochester and the NBER. We are grateful for helpful comments from Cam Harvey, an anonymous referee, an Associate Editor, Hui Chen, Laurent Frésard, Arthur Korteweg, Laura Liu, Erwan Morellec, Beau Page, Yuri Tserlukevich, and seminar participants at Lingnan University, City University of Hong Kong, Chinese University of Hong Kong, HKUST, Harvard Business School, Boston University, University of Oklahoma, DePaul University, University of Oregon, Oxford, University of New South Wales, McGill University, University of Texas, Drexel University, Carnegie Mellon University, and University of Washington",1,Chinese University of Hong Kong | University of Rochester | City University of Hong Kong | Carnegie Mellon University,I177725633 I5388228 I168719708 I74973139,no
"Nikolov is with the Simon School of Business at the University of Rochester. Whited is with the Simon School of Business at the University of Rochester and the NBER. We are grateful for helpful comments from Cam Harvey, an anonymous referee, an Associate Editor, Hui Chen, Laurent Frésard, Arthur Korteweg, Laura Liu, Erwan Morellec, Beau Page, Yuri Tserlukevich, and seminar participants at Lingnan University, City University of Hong Kong, Chinese University of Hong Kong, HKUST, Harvard Business School, Boston University, University of Oklahoma, DePaul University, University of Oregon, Oxford, University of New South Wales, McGill University, University of Texas, Drexel University, Carnegie Mellon University, and University of Washington",1,Chinese University of Hong Kong | University of Rochester | City University of Hong Kong | Carnegie Mellon University,I177725633 I5388228 I168719708 I74973139,no
No funding was received for this work and the authors have no conflicts of interest to report. The interviews conducted were deemed exempt by the Institutional Review Board of the Boston University Medical Campus,1,,,no
"Noguchi Clinic and the Veterans Administration Hospital and Boston University School of Medicine Beppu, Japan",1,Noguchi Hospital,I4210140374,no
"Noha Roushdy received her PhD in anthropology from Boston University in 2021. Her doctoral work focused on the production of national and class belonging in and around Cairo’s international schools. She is currently postdoctoral fellow of the Arab Council for Social Sciences, and is working on a book manuscript based on her dissertation",1,,,no
"Northern Essex Community College (NECC), Haverhill, MA, in January 1991 to devote himself to issues of education and governmental reform at all levels. A graduate of Harvard College and Boston University, he taught high school chemistry and physics before joining the Polytechnic Institute of Brooklyn as graduate research fellow in 1951. He spent twenty years in private sector management and training before returning to public education in 1974, creating a pilot model training program for the state of Massachusetts, then serving as the statewide coordinator for training for the Massachusetts Department of Education. Returning to NECC in 1984, he instituted perhaps the first-in-the-country degree program in Total Quality Management for a two-year public college and became interested in the applications of TQM to the public sector and, in particular, to education. Melvin is a founding board member of the National Educational Quality Initiative, Inc. (NEQI) and of the Massachusetts Municipal Quality Network and a member of OAL/QPC, AQP, ASQC, and the Total Quality Network (AASA). He currently provides consulting and training services primarily to municipalities and educational enterprises",1,,,no
"Northpo rt, New York ; and tArthritis Center, Departmcnt of Medi cin e. Boston Unive rsity Medical Ce ntcr and Boston Veteran s Administration. Boston . Massac hu sctts, U.S.A ",1,Boston Medical Center,I1286490081,no
"Norwood Hospital & Boston Univ. School Medicine, Norwood, USA",1,Norwood Hospital,I2799712993,no
"Now with Servier Pharmaceuticals, LLC, Boston, Massachusetts",1,,,no
"Noyan Gokce From Evans Department of Medicine and Whitaker Cardiovascular Institute, Boston University School of Medicine, Boston, Mass, and Linus Pauling Institute, Oregon State University, Corvallis (B.F.)",1,,,no
"N~th~a~arn Unlvar~ity Boston, Massachusetts Int,roduc~ipn,",1,,,no
"Occupational therapist & ergonomist, E-mail: Kjacobs@bu.edu, blogs.bu.edu/kjacobs/, @WORK_Journal, [REF]",1,,,no
"Occupational therapist & ergonomist, Kjacobs@bu.edu. workjournal.org, blogs.bu.edu/kjacobs/, @WORK_Journal",1,,,no
"Oleg Rytchkov is at the Fox School of Business, Temple University. This paper draws upon my earlier paper circulated under the title ""Dynamic Margin Constraints."" I am grateful to Nina Baranchuk, Lorenzo Garlappi, Ilan Guedj, Jennifer Huang, Leonid Kogan, Igor Makarov, Jun Pan, Dimitris Papanikolaou, Steve Ross, Astrid Schornick (discussant), Elizaveta Shevyakhova, Sophie Shive (discussant), Sheridan Titman, Stathis Tompaidis, Jiang Wang, seminar participants at Boston University, New Economic School, Nova Southeastern University, Purdue University, Temple University, University of Texas at Austin, and University of Texas at Dallas, as well as participants of the 2009 European Finance Association Meetings and 2009 Financial Management Association Meetings for very helpful and insightful comments. I especially thank Campbell Harvey (the Editor), an anonymous Associate Editor, and two anonymous referees for many comments and suggestions that substantially improved the paper. All remaining errors are my own",1,,,no
"Oleg Rytchkov is at the Fox School of Business, Temple University. This paper draws upon my earlier paper circulated under the title “Dynamic Margin Constraints.” I am grateful to Nina Baranchuk, Lorenzo Garlappi, Ilan Guedj, Jennifer Huang, Leonid Kogan, Igor Makarov, Jun Pan, Dimitris Papanikolaou, Steve Ross, Astrid Schornick (discussant), Elizaveta Shevyakhova, Sophie Shive (discussant), Sheridan Titman, Stathis Tompaidis, Jiang Wang, seminar participants at Boston University, New Economic School, Nova Southeastern University, Purdue University, Temple University, University of Texas at Austin, and University of Texas at Dallas, as well as participants of the 2009 European Finance Association Meetings and 2009 Financial Management Association Meetings for very helpful and insightful comments. I especially thank Campbell Harvey (the Editor), an anonymous Associate Editor, and two anonymous referees for many comments and suggestions that substantially improved the paper. All remaining errors are my own",1,,,no
"Olga B. Santos received her doctoral degree in special education from Boston University in 1987. She teaches special education students and bilingual students with special needs in the Worcester Public Schools, Worcester, Massachusetts. Her research interests include examining the role of language in the mediation of cognitive processes. Address: Olga B. Santos, 41 Hemlock Dr., Holden, MA 01520",1,,,no
"Olle Melander From the Framingham Heart Study of the National Heart, Lung and Blood Institute and Boston University School of Medicine, Framingham, MA (S.C., M.G.L., E.L.M., C.S.F., C.J.O., R.S.V., T.J.W.)",1,"Framingham Heart Study | National Heart, Lung, and Blood Institute",I4210123017 I4210106489,yes
"Oluchi Ekenze https://orcid.org/0000-0002-2510-8427 Graduate Medical Sciences (O.E.), Boston University School of Medicine, Boston, MA. NHLBI's Framingham Heart Study, Framingham, MA (R.P., A.P., S.D., O.E., H.J.A., C.L.S., A.S.B., S.S., V.-A.L., J.R.R.)",1,Framingham Heart Study,I4210123017,yes
"Oral Biology Department, Goldman School of Medicine, Boston, MA, USA",1,,,no
"Organizational Behavior DepartmentBoston University School of ManagementBostonMAU.S.A",1,University of Massachusetts Boston,I33434090,no
Organizational Behavior DepartmentBoston University School of Management Boston MA U.S.A,1,University of Massachusetts Boston,I33434090,no
Orthopaedic Research LaboratoryBoston University School of MedicineBostonMAUSA,1,Orthopaedic Research,I4210134067,no
"PHU LE joined J.P. Morgan's Asia Pacific Corporate Finance Advisory team based in Hong Kong in 2015. Prior to joining Corporate Finance Advisory, Phu was part of the Derivatives Product team in J.P. Morgan's Private Banking business. Phu holds a BS in Business Administration and MS in Financial Economics from Boston University and an MBA from IE Business School in Madrid",1,,,no
"PK Levangie, DSc, PT, is Associate Professor, Physical Therapy Program, Sacred Heart University, Fairfield, Conn. This research was completed in partial fulfillment of the requirements for her Doctor of Science degree in epidemiology at Boston University's School of Public Health, Boston, Mass",1,Sacred Heart University,I130186095,no
"Pablo Vázquez Gestal es chercheur associé en el Centro Roland Mousnier (Sorbonne Université-CNRS) y profesor en la Boston University (Paris Campus). Sus investigaciones tienen por objeto el estudio de las culturas políticas y las políticas culturales entre España, Italia y Latinoamérica durante los siglos xvii y xviii. Es autor de numerosos trabajos, destacando sus monografías El espacio del poder. La corte en la historiografía modernista española y europea (2005) y Una nueva majestad. Felipe V, Isabel de Farnesio y la identidad de la monarquía (1700-1729) (2013), distinguido con el IV Premio de Ensayo Pablo de Olavide. Es además el editor de Verso la riforma della Spagna. Il carteggio fra Maria Amalia di Sassonia e Bernardo Tanucci (1759-1760), vol. I: Introduzioni",1,Sorbonne Université | Universidad Autónoma de Centro América | Centre National de la Recherche Scientifique,I39804081 I4210089522 I1294671590,no
"Pacing & Arrhythmia Service, Evans Memorial Department of Clinical Research, Section of Cardiology, University Hospital, Boston, Massachusetts",1,,,no
"Pacing and Arrhythmia Section, Section of Cardiology, Evans Memorial Department of Clinical Research, The University Hospital, Boston, Massachusetts",1,,,no
"Pacing and Arrhythmia Service, Evans Memorial Department of Clinical Research, Section of Cardiology, The University Hospital, Boston, Massachusetts",1,,,no
"Pakistan Institute of Learning and Living,Pakistan, andBoston University,USA",1,Pakistan Institute of Learning and Living,I4210148250,no
"Pardee School of Global Studies , 154 Bay State Road , Boston MA 02215 , USA",1,Bay State College,I78063147,no
Part of the work reported here is contained in a dissertation submitted by the first author in partial fulfillment of requirements for the Ph.D. degree at Boston University,1,,,no
"Patrick T. Ellinor From the National Heart, Lung, and Blood Institute's and Boston University's Framingham Study (R.B.S., M.G.L., P.A.W., D.L., R.S.V., E.J.B.), Framingham, Mass",1,"Framingham Heart Study | National Heart, Lung, and Blood Institute",I4210123017 I4210106489,yes
"Paul Courchesne National Heart, Lung, and Blood Institute's and Boston University's Framingham Heart Study, Framingham, MA",1,"Framingham Heart Study | National Heart, Lung, and Blood Institute",I4210123017 I4210106489,yes
"Paul F. Jacques From the National Heart, Lung, and Blood Institute's and Boston University's Framingham Study (R.B.S., M.G.L., P.A.W., D.L., R.S.V., E.J.B.), Framingham, Mass",1,"Framingham Heart Study | National Heart, Lung, and Blood Institute",I4210123017 I4210106489,yes
"Paul G. Allen School for Global Animal Health, Washington State University, Pullman, WA, Eric.Lofgren@wsu.edu Department of Epidemiology, Brown School of Public Health, Brown University, Providence, RI School of Public Health, Boston University, Boston, MA",1,,,no
"Paul Schneider is at USI Lugano and the Swiss Finance Institute. Fabio Trojani is at the University of Geneva and Swiss Finance Institute. We are indebted to Editor Ken Singleton and two anonymous referees for key comments that strongly improved our paper. Our thanks for helpful discussions and comments also go to Jaroslav Borovička, Peter Carr, Gianluca Cassese, Jerome Detemple, Damir Filipovic, Patrick Gagliardini, Stefano Giglio, Peter Gruber, Leonid Kogan, Abraham Lioui, Eric Renault, Steve Ross, Mirela Sandulescu, Olivier Scaillet, Raman Uppal, Christian Wagner, Liuren Wu, and workshop participants at Boston University, Brown University, EDHEC Business School, EPFL, IFSID Montreal, MIT, Morgan Stanley, University of Zurich, SFI Annual Research Days, and USI. We are indebted to Dacheng Xiu for providing us with parameters and state variables. Financial support from the Swiss Finance Institute (Project “Term structures and cross sections of asset risk premia,”) and the Swiss National Science Foundation (Projects “Trading Asset Pricing Models,” “Model-Free Asset Pricing,” and “Higher Order Robust Resampling and Multiple Testing Methods”) is gratefully acknowledged. We have read the Journal of Finance disclosure policy and have no conflicts of interest to disclose",1,Swiss Finance Institute,I54157616,no
"Paul Tibbets, Assistant Professor of Philosophy at the University of Dayton, received his M.A. from Boston University and is in the process of completing his Ph.D. at Purdue University. Besides being the editor of Perception: and Phenomenology (1969), he has published numerous papers in epistemology, the philosophy of mind, and pragmatic philosophy",1,,,no
"Paul Tibbets, Assistant Professor of Philosophy at the University of Dayton, received his M.A. from Boston University and is in the process of completing his Ph.D. at Purdue University. Besides being the editor of Perception: and Phenomenology (1969), he has published numerous papers in epistemology, the philosophy of mind, and pragmatic philosophy ",1,,,no
"Paul Trainor is associate professor of philosophy at Providence College, Providence, RI 02918. He received his Ph.D. from Boston University and has published articles on Plato and R. G. Collingwood and on autobiography as philosophical argument",1,Providence College,I196272386,no
Paul Trainor received his Ph. D. from Boston University and presently teaches at Providence College in Rhode Island,1,Providence College,I196272386,no
"Paula Giraldo received funding from the Boston University Undergraduate Research Opportunities Program (UROP).The other authors have disclosed that they have no significant relationships with, or financial interest in any commercial companies pertaining to this article",1,,,no
"Paxton, MA, USA",1,Anna Maria College,I88569485,no
"Pediatric Dental Resident, Department of Pediatric Dentistry, Henry Goldman School of Dental Medicine, Boston, MA",1,,,no
Pediatrics BU Boston MA United States,1,Boston University Academy,I4210114918,no
"Pediatrics, BU Sch of Medicine, Boston, MA",1,Boston University Academy,I4210114918,no
"Peds, BU Schl Med, Boston, MA",1,,,no
"Periodontology Department, The Boston University Institute for Dental Research and Education, PO Box 505097, Dubai Healthcare City, Dubai, United Arab Emirates. kinaia@perio.org",1,,,no
"Peter DeMarzo is at Stanford University and NBER. Ron Kaniel is at the University of Rochester; FISF, Fudan; Reichman University; and CEPR. We are grateful to Shai Bernstein; Gian Luca Clementi; Florian Ederer; Willie Fuchs; Denis Gromb; Adriano Rampini; Jeff Zwiebel; and seminar and conference participants at Amherst, Baruch College, Boston University, Cheng Kong Graduate School of Business, Chinese University of Hong Kong, Drexel University, Emory, Federal Reserve Bank of New York, Frankfurt School of Finance and Management, Fudan, IDC Herzeliya, INSEAD, John Hopkins, London School of Economics, National University of Singapore, Pompeu Fabra and Barcelona GSE, Rice, Rutgers, Singapore Management University, Stanford, Stockholm School of Economics, Tel Aviv University, Tulane, University of Chicago, University of Gothenburg, University of Hong Kong, University of Houston, University of Lugano, University of Melbourne, University of Minnesota, University of Rome, University of Texas at Dallas, University of Toronto, Vienna University of Economics and Business, Washington University in St. Louis, Annual Meeting of the Western Finance Association, Utah Winter Finance Conference, Finance Theory Group conference, Luxembourg Asset Management Summit, and the Annual Meeting of the American Finance Association for helpful comments. The research leading to these results has received funding from the European Research Council under the European Union's Seventh Framework Programme (FP7/2007-2013) / ERC Grant Agreement no. 312842. Under the American Finance Association disclosure guidelines, we both have nothing to disclose. An earlier version of this paper was circulated under the title “Relative Pay for Non-Relative Performance: Keeping Up with the Joneses with Optimal Contracts.”",1,Chinese University of Hong Kong | Institute of Semitic Studies | Stanford University,I177725633 I4210138778 I97018004,no
"Peter T. Ward is an associate professor of operations management at The Ohio State University. He earned a DBA in operations management from Boston University. Before beginning his academic career, Peter worked as a manufacturing engineering manager. His teaching and research interests are focused on operations strategy or, more specifically, gaining competitive advantage through manufacturing. His articles on operations strategy include papers in Decision Sciences, Journal of Operations Management, Journal of Management, and Production and Operations Management. He is an associate director of the Center for Excellence in Manufacturing Management and chair of the Operations Management Division in the Academy of Management for 1998- 1999",1,,,no
"Peter W. F. Wilson, MD, Framingham Heart Study, Boston University School of Medicine, Boston, MA",1,Framingham Heart Study,I4210123017,yes
"Peter W.F. Wilson From the National Heart, Lung, and Blood Institute's Framingham Study (P.A.W., C.S.K., M.K.-H., P.W.F.W.), Framingham, Mass, and the Departments of Neurology (N.S.R., P.A.W., C.S.K., M.K.-H.), Mathematics and Statistics (H.S., R.B.D), Epidemiology and Biostatistics (J.M.M.), Biochemistry (C.F.), and Medicine (P.W.F.W.), Boston University School of Medicine, Boston, Mass",1,Framingham Heart Study,I4210123017,yes
"Ph. D. en Ciencia Política, Boston University, M. A. en Ciencia Política, Boston University, Politóloga, Universidad de los Andes. Profesora e investigadora del Departamento de Ciencia Política de la Universidad de los Andes",1,,,no
"Ph. D. en Educación, Harvard University; Master en Educación, Harvard University; Master en Sistemas Cognitivos y Neuronales, Boston University; Físico, Universidad de los Andes; Ingeniero Industrial, Universidad de los Andes. Profesor e investigador, Centro de Investigación y Formación en Educación, CIFE y Departamento de Psicología, Facultad de Ciencias Sociales, Universidad de los La investigación en la que se basa este artículo es posible gracias a la financiación del Instituto Colombiano para el",1,Departamento de Educación | Universidad de Los Andes,I4210160027 I162096671,no
"Ph.D. Candidate in American Studies, Boston Univ",1,,,no
"Ph.D. Received: Boston University, 2006, Major Advisor: Robert Hoffmeister",1,,,no
"Ph.D. en Ciencia Política de Boston University, profesora asociada del Departamento de Ciencia Política de la Universidad de los Andes y directora de su Programa de Investigación sobre Construcción de Paz (ConPaz). Correo electrónico:",1,Universidad de Los Andes,I4210143738,no
"Ph.D. en Economía , Boston University. Investigador Independiente CONICET , Investigador Titular Centro de Estudios de Estado y Sociedad (CEDES) , y Profesor Titu- lar , Facultad de Ciencias Económicas , Universidad Na- cional de Buenos Aires",1,Center for the Study of State and Society,I4210150950,no
"Ph.D. en Economía, Boston University. Investigador Independiente CONICET, Investigador Titular Centro de Estudios de Estado y Sociedad (CEDES),",1,Center for the Study of State and Society | Consejo Nacional de Investigaciones Científicas y Técnicas,I4210150950 I151201029,no
"Ph.D., Boston University Graduate School) is Associate Professor of New Testament Studies, School of Theology, Virginia Union University. This essay was developed while the author was a research associate at the Institute for Antiquity and Christianity, 1969-1970",1,,,no
"Ph.D., Brown University, Providence, Rhode Island) is a research associate in the Population Studies and Training Center, Department of Sociology, Brown University, Providence, Rhode Island. Dr. Monteiro is an associate of the Nursing Archive Association of Boston University",1,Brown University,I27804330,no
"PhD candidate, Laboratory of Biomaterials and Computational Mechanics, Department of Mechanical Engineering, University of Western Macedonia, Kozani, Greece; and Visiting Researcher, Laboratory for Applied Biomechanics, Department of Restorative Sciences & Biomaterials, Henry M. Goldman School of Dental Medicine, Boston University, Boston, Mass.; and Boston University Center for Multiscale and Translational Mechanobiology, Boston, Mass",1,,,no
"PhD em Sociologia pela Boston University, professor do Departamento de Ciências Sociais da Univer-sidade Federal da Paraíba (UFPB) e pesquisador do Laboratório de Estudos e Pesquisas em Políticas Públi-cas e Trabalho -LAEPT/UFPB (João Pessoa/PB/Brasil)",1,Universidade Federal da Paraíba,I169045520,no
Pharmacology &amp; Experimental TherapeuticsBoston UniversityBostonMAUnited States,1,,,no
"Pharmacology and Experimental Therapeutics, Boston, MA, 02118, USA. cabraham@bu.edu",1,,,no
Pharmacology and Experimental TherapeuticsBoston University School of MedicineBostonMassachusettsUnited States,1,,,no
Pharmacology and Experimental TherapeuticsBoston University School of MedicineUnited States,1,,,no
Pharmacology and Experimental TherapeuticsBoston UniversityBostonMAUnited States,1,,,no
"Philip A. Wolf From the Boston University School of Medicine, The Framingham Heart Study, Boston University School of Medicine, Boston, Massachusetts",1,Framingham Heart Study,I4210123017,yes
"Philip A. Wolf From the National Heart, Lung, and Blood Institute's Framingham Study (P.A.W., C.S.K., M.K.-H., P.W.F.W.), Framingham, Mass, and the Departments of Neurology (N.S.R., P.A.W., C.S.K., M.K.-H.), Mathematics and Statistics (H.S., R.B.D), Epidemiology and Biostatistics (J.M.M.), Biochemistry (C.F.), and Medicine (P.W.F.W.), Boston University School of Medicine, Boston, Mass",1,Framingham Heart Study,I4210123017,yes
"Philip A. Wolf From the National Heart, Lung, and Blood Institute's and Boston University's Framingham Study (R.B.S., M.G.L., P.A.W., D.L., R.S.V., E.J.B.), Framingham, Mass",1,"Framingham Heart Study | National Heart, Lung, and Blood Institute",I4210123017 I4210106489,yes
"Philosophy Department of Boston, Boston, Massachusetts, USA, 02215)",1,,,no
"Philosophy Department, Boston University, Boston, Afghanistan",1,,,no
"Physics Department and Division of Materials Science and Engineering, 590 Commonwealth Avenue, Boston, MA, 02215 USA",1,,,no
"Physics Department, Center for Polymer Studies, Boston, MA 02215, USA",1,Institute of Polymers | Cambridge Polymer Group (United States),I4210088296 I4210156512,no
"Physics Department, College of Science, Boston, MA, 02115, USA",1,Boston College,I103531236,no
"Physics Department, College of Science, Boston, USA",1,Boston College,I103531236,no
PhysicsBoston University590 Commonwealth AvenueBostonMA02215,1,Kingston University,I4210154901,no
"Pierre Collin-Dufresne is at EPFL and Swiss Finance Institute. Benjamin Junge is at Capital Fund Management. Anders B. Trolle is at HEC Paris and Copenhagen Business School. We thank Stefan Nagel (the Editor), two anonymous referees, Bruno Biais, Darrell Duffie, Thierry Foucault, Larry Glosten, Michael Johannes, René Kallestrup, Laurence Lescourret, Albert Menkveld, Ioanid Rosu, Grigory Vilkov, Søren Willemann, Hongjun Yan, Zhaodong Zhong, Alex Zhou, Haoxiang Zhu, and seminar participants at the Bank of England, BI Norwegian Business School, Boston University, the Commodity Futures Trading Commission, Cornerstone Research, Deutsche Bundesbank, EPFL, ESSEC, the European Central Bank, the Federal Reserve Bank of New York, the Federal Reserve Board, Frankfurt School of Finance & Management, HEC Paris, Lombard Odier, McGill University, Rutgers University, University of New South Wales, University of St. Gallen, the 12th Annual Central Bank Conference on Microstructure of Financial Markets, the 2016 Paris Finance Meeting, the 2016 SFI Research Days, the 2017 Chicago Financial Institutions Conference, the 2017 Fixed Income and Financial Institutions Conference, the 2017 Four Nations Cup, the Midwest Finance Association 2017 meeting, the American Finance Association 2018 meeting, the Northern Finance Association 2018 meeting, the 2018 FRIC conference, the 2018 NFI conference, the 2018 Paris Microstructure Forum, and the Society for Financial Econometrics 2018 conference for comments and suggestions. Collin-Dufresne acknowledges research support from the Swiss Finance Institute. Trolle acknowledges support from the Investissements d'Avenir Labex (ANR-11-IDEX-0003/Labex Ecodec/ANR-11-LABX-0047) and the Danish Finance Institute. The authors do not have any conflicts of interest as identified in The Journal of Finance disclosure policy",1,École Polytechnique Fédérale de Lausanne | Labex Ecodec,I5124864 I4405269741,no
"Pierre Collin-Dufresne is at EPFL and Swiss Finance Institute. Benjamin Junge is at Capital Fund Management. Anders B. Trolle is at HEC Paris and Copenhagen Business School. We thank Stefan Nagel (the Editor), two anonymous referees, Bruno Biais, Darrell Duffie, Thierry Foucault, Larry Glosten, Michael Johannes, René Kallestrup, Laurence Lescourret, Albert Menkveld, Ioanid Rosu, Grigory Vilkov, Søren Willemann, Hongjun Yan, Zhaodong Zhong, Alex Zhou, Haoxiang Zhu, and seminar participants at the Bank of England, BI Norwegian Business School, Boston University, the Commodity Futures Trading Commission, Cornerstone Research, Deutsche Bundesbank, EPFL, ESSEC, the European Central Bank, the Federal Reserve Bank of New York, the Federal Reserve Board, Frankfurt School of Finance & Management, HEC Paris, Lombard Odier, McGill University, Rutgers University, University of New South Wales, University of St. Gallen, the 12th Annual Central Bank Conference on Microstructure of Financial Markets, the 2016 Paris Finance Meeting, the 2016 SFI Research Days, the 2017 Chicago Financial Institutions Conference, the 2017 Fixed Income and Financial Institutions Conference, the 2017 Four Nations Cup, the Midwest Finance Association 2017 meeting, the American Finance Association 2018 meeting, the Northern Finance Association 2018 meeting, the 2018 FRIC conference, the 2018 NFI conference, the 2018 Paris Microstructure Forum, and the Society for Financial Econometrics 2018 conference for comments and suggestions. Collin-Dufresne acknowledges research support from the Swiss Finance Institute. Trolle acknowledges support from the Investissements d'Avenir Labex (ANR-11-IDEX-0003/Labex Ecodec/ANR-11-LABX-0047) and the Danish Finance Institute. The authors do not have any conflicts of interest as identified in The Journal of Finance  disclosure policy",1,École Polytechnique Fédérale de Lausanne | Labex Ecodec,I5124864 I4405269741,no
Policy Center of Boston University (smurau Department of Political Science of the University of Amsterdam,1,University of Amsterdam,I887064364,no
"Politics and ir, Boston University London, London, UK",1,Investor Relations Society,I4210133483,no
"Polítologa, Ph. D. en ciencia política de la Universidad de Boston",1,,,no
"Pontifícia Universidade Católica de Campinas - Especialista em Pediatra pela SBP/AMB, Pós-Graduando em Nutrologia na Boston University School - Presidente do Departamento de Pediatria Ambulatorial da SBP Presidente da SPSP - Regional Campinas",1,Pontifícia Universidade Católica de Campinas,I79767729,no
"Population Sciences Branch, Division of Intramural Research, National Heart, Lung and Blood Institute, Bethesda, MD 20892, USA; National Heart Lung and Blood Institute's and Boston University's Framingham Heart Study, Framingham, MA 01701, USA",1,Framingham Heart Study,I4210123017,yes
"Population Sciences Branch, Division of Intramural Research, National Heart, Lung and Blood Institute, Bethesda, MD 20892, USA; National Heart, Lung and Blood Institute's and Boston University's Framingham Heart Study, Framingham, MA 01701, USA",1,Framingham Heart Study,I4210123017,yes
"Population Sciences Branch, Division of Intramural Research, National Heart, Lung, and Blood Institute, Bethesda, Md; Framingham Heart Study, Framingham, Mass; Boston University School of Medicine, Boston, Mass",1,Framingham Heart Study,I4210123017,yes
"Population Sciences Branch, Division of Intramural Research, National Heart, Lung, and Blood Institute, Bethesda, Md; Framingham Heart Study, Framingham, Mass; Department of Medicine, Division of Gastroenterology, Boston University School of Medicine, Boston, Mass. Electronic address: mtlong@bu.edu",1,Framingham Heart Study,I4210123017,yes
"Population Sciences Branch, Division of Intramural Research, National Heart, Lung, and Blood Institute, Bethesda, Md; Framingham Heart Study, Mass; Boston University School of Medicine, Mass",1,Framingham Heart Study,I4210123017,yes
"Population Sciences Branch, Division of Intramural Research, National Heart, Lung, and Blood Institute, Bethesda, Md; Framingham Heart Study, Mass; Department of Medicine, Division of Gastroenterology, Boston University School of Medicine, Mass. Electronic address: mtlong@bu.edu",1,Framingham Heart Study,I4210123017,yes
"Population Sciences Branch, Division of Intramural Research, National Heart, Lung, and Blood Institute, National Institutes of Health, Bethesda, MD, USA; Department of Medicine, Preventive Medicine & Epidemiology Section, Boston University Chobanian & Avedisian School of Medicine, Boston University and the National Heart, Lung and Blood Institute's Framingham Heart Study, Framingham, MA, USA",1,"Framingham Heart Study | National Heart, Lung, and Blood Institute",I4210123017 I4210106489,yes
"Population Sciences Branch, Division of Intramural Research, National Heart, Lung, and, Blood Institute's and Boston University's Framingham Heart Study, Framingham, Massachusetts",1,"Framingham Heart Study | National Heart, Lung, and Blood Institute",I4210123017 I4210106489,yes
"Population Sciences Branch, Division of Intramural Research, National Heart, Lung, and, Blood Institute's and Boston University's Framingham Heart Study, Framingham, Massachusetts; Department of Medicine, Boston University School of Medicine, Boston, Massachusetts; Department of Epidemiology, Boston University School of Public Health, Boston, Massachusetts. Electronic address: emelia@bu.edu",1,Framingham Heart Study,I4210123017,yes
"Population Sciences Branch, Division of Intramural Research, National Heart, Lung, and, Blood Institute's and Boston University's Framingham Heart Study, Framingham, Massachusetts; Division of Endocrinology, Harvard Medical School, Brigham and Women's Hospital, Boston, Massachusetts",1,Framingham Heart Study,I4210123017,yes
"Portions of this investigation were originally submitted by Stephen J. Joyce in partial fulfillment of the requirements for the degree of Master of Arts, Boston University Graduate School, Department of Biology, 1967",1,,,no
"Postdoctoral student, Periodontology, Boston School of Graduate Dentistry, Boston, Massachusetts 02118",1,National Postdoctoral Association,I4210104914,no
"Postgraduate Periodontology Program, Boston University Institute of Dental Research and Education, Dubai, UAE",1,,,no
"Postgraduate Periodontology Program, Boston University Institute of Dental Research and Education, Dubai, UAE. abkinaiadds@yahoo.com",1,,,no
"Precision Diagnostics Center, BU, Boston, MA",1,,,no
"Precision Diagnostics Center, BU, Boston, MA, USA",1,Precision for Medicine (United States),I4210116328,no
"Preision Diagnostis Center, BU, Boston, MA, USA",1,,,no
"Present address: Boston University Marine Program, Marine Biological LaboratoriesWoods Hole, MA 02543, USA",1,Marine Biological Laboratory,I1338920048,no
"President of INFOSEC Engineering, has over 14 years experience in the information security field. His particular expertise is quantifying security risks, vulnerabilities, and applying the state-of-the-art security technology to information systems solution. He actively participates in the formulation of corporate information security strategies, policies, and designs of enterprise- wide security architectures. Mr. King has an extensive background in implementing information security programs in a large corporate environment and is a member of ISSA and USENIX. Mr. King has a bachelors degree in Electrical Engineering from Northeastern University and has done postgraduate work at Boston University in system engineering. His corporate affiliations include NSA, MITRE, Fidelity Investments, and AT&T Labs. He can be reached at (978) 256-4494, cking@infoseceng.com",1,,,no
"President, American College of Rheumatology, Boston University Arthritis Center 80 East Concord Street, Boston, MA 02118, USA",1,,,no
"PresidentBoston University School of Medicine#R##N#Alumni AssociationBoston, Mass",1,,,no
"Preventive Medicine & Epidemiology Section, Boston University School of Medicine and Framingham Heart Study , Framingham, MA ,",1,Framingham Heart Study,I4210123017,yes
"Preventive Medicine & Epidemiology Section, Boston University School of Medicine and Framingham Heart Study, Framingham, USA",1,Framingham Heart Study,I4210123017,yes
Preventive Medicine &amp; Epidemiology Section Boston University School of Medicine and Framingham Heart Study Framingham Massachusetts USA,1,Framingham Heart Study,I4210123017,yes
"Preventive Medicine and Epidemiology, Boston University School of Medicine, Boston, MA 02118, USA; Framingham Heart Study of the NHLBI and Boston University School of Medicine, Framingham, MA 01702, USA",1,Framingham Heart Study,I4210123017,yes
"Prof. Dr. jur., M.A. (Sociology, Boston University), Professor für Kriminologie, Direktor,
        Seminars für Jugendrecht und Jugendhilfe, Universität Hamburg, Deutschland",1,Universität Hamburg,I159176309,no
"Profesora e investigadora, Departamento de Ciencia Política, Universidad de los Andes. Ph.D. en Ciencia Política, Boston University. M.A. en Ciencia Política, Boston University. Politóloga, Universidad de los Andes",1,,,no
"Professeur à l'université de Boston et chercheur senior au Global Development and Environment Institute, à l'université de Tufts [1]",1,Tufts University,I121934306,no
"Professeur à l’université de Boston, Stanley Rosen est Borden Parker Bowne Professor of Philosophy, University Professor depuis 1994. Spécialiste de philosophie antique, de philosophie politique, de métaphysique et d’histoire de la philosophie, il a traduit plusieurs dialogues de Platon (Plato’s Sophist, en 1983, Plato’s Symposium, en 1987, Plato’s Statesman: The web of Politics, en 1995). Parmi ses nombreux ouvrages, on notera une étude sur Hegel (G. W. F. Hegel: An Introduction to the Science of Wisdom, 1974) et, plus récemment, en 1999, Metaphysics in Ordinary Language, ouvrage réunissant diverses contributions parmi lesquelles « Kojève’s Paris: A Memoir », dont le texte est donné infra.En novembre et décembre 2003, il fut invité par l’Institut catholique de Paris à donner un cycle de conférences (« Le concept métaphysique de “production”. Heidegger, interprète de Platon ») qui doit être prochainement publié aux éditions des Presses universitaires de France",1,,,no
"Professor and Chairman, Department of Cardiothoracic Surgery, University Hospital, Boston, Massachusetts",1,,,no
"Professor and Chairman, Department of Orthopedic Surgery, University Hospital, Boston, Massachusetts",1,,,no
Professor of Anthropology and Global StudiesBoston University,1,Kingston University,I4210154901,no
"Professor of Dermatology, Boston University School of Medicine; Chief of Dermatology, Massachusetts Memorial Hospitals",1,,,no
"Professor of Law, Bentley College. B.A. from the University of Pennsylvania (1972); J.D. Boston University School of Law (1976)",1,Bentley University,I139924743,no
"Professor of Mechatronics Engineering at Middle Tennessee State Uni-versity. He received his Ph.D. degree from Boston University,",1,Middle Tennessee State University,I169615421,no
"Professor of Medicine , Boston University School of Medicine , Laboratory Director , Framingham Heart Study , 73 Mt Wayte Ave , Framingham , MA 01702 , USA",1,Framingham Heart Study,I4210123017,yes
"Professor of Medicine , Boston University School of Medicine , Laboratory Director , Framingham Heart Study , 73 Mt Wayte Ave , Framingham , MA 01702 , USA,",1,Framingham Heart Study,I4210123017,yes
"Professor of Pediatrics, Boston Univerisity School of Medicine, Boston MA.   Dr Klein is a consultant to Eli Lily Company;is a consultant to and lecturer for Bristol Myers Squibb and SmithKline Beecham;is a consultan to and has grant support from Abott Laboratories abd Pfizer Pharmaceuticals;and is a consultant to a, lecturer for, and has grant support from Roche Laboratories",1,,,no
"Professor of Pediatrics, Boston Univerisity School of Medicine, Boston MA. Dr Klein is a consultant to Eli Lily Company;is a consultant to and lecturer for Bristol Myers Squibb and SmithKline Beecham;is a consultan to and has grant support from Abott Laboratories abd Pfizer Pharmaceuticals;and is a consultant to a, lecturer for, and has grant support from Roche Laboratories",1,,,no
"Professor of Philosophy and head of the department at West Virginia Wesleyan College. A Puerto Rican by birth, Dr. Fránquiz received his higher education in the United States, holding degrees from Colgate University (B.A, 1930) and Boston University (S.T B., 1933 and Ph. D, 1940). Before coming to West Virginia Wesleyan College Dr. Fránquiz was a teacher in the department of philosophy of the University of Puerto Rico, 1936–46. He has participated in the Inter-American Congresses of Philosophy and has contributed numerous articles to various learned journals in America and abroad This article was first read as a paper before a meeting of the Southern Society for Philosophy of Religion in Atlanta, Georgia, during the first week of March, 1952",1,,,no
"Professor of Public Health and Medicine, Director, School of Public Health, University of Boston, Boston, Massachusetts",1,University of Massachusetts Boston,I33434090,no
Professor of international relations and anthropology at Boston University1,1,University of International Relations | School of International Relations,I67636235 I4210091705,no
"Professor of pathology, Boston University School of Medicine; instructor in pathology, Harvard Medical School; assistant pathologist, Mallory Institute of Pathology, Boston City Hospital",1,,,no
"Professor of pathology, Boston University School of Medicine; lecturer on pathology, Harvard Medical School; director, Mallory Institute of Pathology, and pathologist-in-chief, Boston City Hospital",1,,,no
"Professora Titular aposentada pela ECA-USP. Pós-Doutorado pelo Teachers College da Columbia University e pela University of Central England. Doutora em Educação Humanística pela Boston University. Mestre em Arte Educação pela Southern Connecticut State College. Especialista em Educação para Adultos pela Secretary of Education of New Haven. Curadora de Arte e autora de vários livros sobre Arte e Educação. Líder do Grupo de Pesquisa no CNPq: Design, Arte e Educação. Foi presidente da InSEA -International Society of Education Through Art (1990-1993), Anpap (",1,Southern Connecticut State University,I35462925,no
"Program Director for the Bureau of Industrial Relations. He is known as a speaker a t many management groups throughout the United States and has consulted on and participated in many industrial management development and training programs. He is a contributing editor of Management of Personnel Quarterly and Supervision and has acted as review-consultant for the publishing house of Allyn and Bacon, Boston. Before coming to the Bureau in 1960, he was manager of the research and employment department for a midwest employers' association",1,,,no
"Program Director of Stepping Stone, a Day Treatment Program. He received his A.S. from Laboure Junior College, his B.S.N., from Northeastern University, and his M.S. in Nursing from Boston University",1,Northeastern University,I12912129,no
"Program in Bioinformatics (M.E.S., U.H.), Boston, Massachusetts 02215",1,,,no
Psychology Service Boston VA Hospital: Neurology Department. Boston University School OJ Medicine; Center for Problem Drinking. VA Outpatient Clinic (Boston),1,,,no
"Public Health Service Research Fellow of the National Heart Institute and assistant in medicine, Boston University School of Medicine and Boston Veterans Administration Hospital",1,,,no
"Pulmonary Center , Bos- ton University School of Medicine , 80 E. Concord Street , K-603 , Bos- ton , MA 02118",1,,,no
"Pulmonary Center Boston University, Boston, MA, USA; The National Heart Lung and Blood Institute's Framingham Heart Study, Framingham, MA, USA",1,Framingham Heart Study,I4210123017,yes
"Pulmonary Center, Boston University Chobanian & Avedisian School of Medicine, Boston, MA. Electronic address: justin.lui@bmc.org",1,,,no
"Pulmonary Center, Boston University Chobanian & Avedisian School of Medicine, Boston, MA; The NHLBI's Framingham Heart Study Framingham, MA",1,Framingham Heart Study,I4210123017,yes
"Pulmonary Center, Boston University School of Medicine, Boston, MA, USA, The NHLBI's Framingham Heart Study, Framingham, MA, USA",1,Framingham Heart Study,I4210123017,yes
"Pulmonary Center, Boston University School of Medicine, Boston, MA, USA; NHLBI Framingham Heart Study, Framingham, MA, USA",1,Framingham Heart Study,I4210123017,yes
"Pulmonary Center, Chobanian and Avedisian School of Medicine, Boston, MA, United States",1,Pulmonary Associates,I4210142345,no
"Pulmonary and Critical Care, BU, Boston, MA, United States",1,Pulmonary and Critical Care Associates,I4210165183,no
"Quantitative Imaging Center, Department of Radiology, Boston University School of Medicine, FGH Building, 3rd floor, 820 Harrison Ave, Boston, MA 02118, USA. Electronic address: guermazi@bu.edu",1,,,no
"Quantitative Imaging Ctr., Dept. of Radiology, Boston Univ. Sch. of Med",1,Quantitative BioSciences,I4210098931,no
Questrom School of Business  Boston Massachusetts USA,1,,,no
"Questrom School of Business 595 Commonwealth Ave. Boston, MA 02215 and NBER",1,,,no
"Questrom School of Business 595 Commonwealth Avenue Boston, MA 02215",1,,,no
"Questrom School of Business, Boston, MA;",1,,,no
"Questrom School of Business, Management and Organizations, Boston, Massachusetts, United States;",1,,,no
"R.N., Lincoln General Hospital; B.S., Nebraska Wesleyan University, Lincoln, Nebraska; M.S.N., Boston University",1,Nebraska Wesleyan University,I98924952,no
"R.N., received her B.S. degree at Boston University and her M.A. degree at New York University. Mrs. Gupta's experiences include teaching psychiatric nursing at Columbia University and with the In-Service Education Department at the New York State Psychiatric Institute",1,,,no
"RAND Health, Santa Monica, Calif (Drs Wang, Lim, Elliott, and Schuster); Department of Pediatrics, Boston Medical Center and Boston University School of Medicine, and Department of Maternal and Child Health, Boston University School of Public Health, Boston, Mass (Dr Wang); Department of Health Systems and Policy, UMDNJ-School of Public Health, New Brunswick, NJ (Dr Rogowski); Division of General Pediatrics, Department of Medicine, Children's Hospital Boston, Boston, Mass (Ms Ratner and Dr Schuster); and Harvard Medical School, Boston, Mass (Dr Schuster)",1,,,no
"RICHARD DICKINSON received his Bachelor's degree and his Master's degree in Education from American International College. He completed his seminary training at Boston University's School of Theology, where he has also done the residence work toward the Doctor of Philosophy degree in the field of Social Ethics. Since September, 1957, Mr. Dickinson has been Chaplain and Instructor in Religion at Wheaton College, Mass",1,,,no
"RICHARD H. IMMERMAN, associate professor of history at the University of Hawaii, received his Ph.D. from Boston College but wrote his dissertation under Arnold Offner at Boston University. In 1983 he won the Stuart L. Bernath Book Prize for The CIA in Guatemala: The Foreign Policy of Intervention (1982). His other publications include (as coauthor) Milton S. Eisenhower: Educational Statesman (1983), (as collaborator) How Presidents Test Reality: Decisions on Vietnam, 1954 and 1965 (1989), and (as editor) John Foster Dulles and the Diplomacy of the Cold War (1990). As an SSRC/MacArthur Fellow in International Peace and Security Studies, he spent from 1987 to 1989 at Princeton University's Woodrow Wilson School, where he served as coordinator for the John Foster Dulles Program for the Study of Leadership and International Affairs",1,,,no
"RICHARD N. SOULEN (A.B., Baker University; S.T.B., Boston University School of Theology; Ph.D., Boston University Graduate School) is Associate Professor of New Testament Studies, School of Theology, Virginia Union University. This essay was developed while the author was a research associate at the Institute for Antiquity and Christianity, 1969-1970",1,,,no
"RUSS KLEINBACH received his Ph.D. in social ethics from Boston University in 1976 and is now an associate professor in the Department of Humanities and Social Sciences at the Philadelphia College of Textiles and Science. He worked for two years as a civilian with refugees in Vietnam during the war. He has been doing research and teaching for 15 years (on social science courses, including cultural anthropology, sociology of death, and social ethics)",1,,,no
"Rachel Thrasher completed her Master's degree in International Relations at Boston University in 2008 where she focused her research on US-style free trade agreements and their impact on Latin American countries. She received her J.D. in June of 2007, also from Boston University. Since graduate school, Rachel has been exploring policy and legal issues related to regional trade agreements, multilateral environmental agreements, and global forests governance",1,,,no
Radiation OncologyBoston Medical CenterBoston University Chobanian and Avedisian School of MedicineBoston MA,1,,,no
"RadiologyBoston University Chobanian &amp; Avedisian School of Medicine, and Rush University Medical CenterBoston MA",1,Rush University Medical Center,I1285301757,no
"Rafik B. Hariri Institute for Computing and Computational Science & Engineering, Boston, MA, USA. yannisp@bu.edu",1,,,no
"Rafik B. Hariri Institute for Computing and Computational Science & Engineering, Boston, Massachusetts 02215",1,,,no
"Ralph B. D'Agostino From the National Heart, Lung, and Blood Institute's Framingham Study (P.A.W., C.S.K., M.K.-H., P.W.F.W.), Framingham, Mass, and the Departments of Neurology (N.S.R., P.A.W., C.S.K., M.K.-H.), Mathematics and Statistics (H.S., R.B.D), Epidemiology and Biostatistics (J.M.M.), Biochemistry (C.F.), and Medicine (P.W.F.W.), Boston University School of Medicine, Boston, Mass",1,Framingham Heart Study,I4210123017,yes
"Ramachandran S. Vasan Framingham Heart Study, Department of Medicine, Divisions of Preventive Medicine and Cardiology, Boston University School of Medicine, MA (R.S.V.)",1,Framingham Heart Study,I4210123017,yes
"Ramachandran S. Vasan Framingham Heart Study, Framingham, MA (M.N., M.G.L, R.S.V). Sections of Preventive Medicine & Epidemiology, and Cardiology (R.S.V.), Department of Medicine, Boston University School of Medicine, Boston, MA",1,Framingham Heart Study,I4210123017,yes
"Ramachandran S. Vasan From Boston University's and the National Heart, Lung, and Blood Institute's Framingham Heart Study (M.G.L., B.T.L., R.S.V., D.L., E.J.B.), Framingham, MA",1,"Framingham Heart Study | National Heart, Lung, and Blood Institute",I4210123017 I4210106489,yes
"Ramachandran S. Vasan From National Heart Lung and Blood Institute's and Boston University's Framingham Heart Study, Framingham, MA (R.S.V., E.J.B.)",1,"Framingham Heart Study | National Heart, Lung, and Blood Institute",I4210123017 I4210106489,yes
"Ramachandran S. Vasan From the Boston University's and the National Heart, Lung, and Blood Institute's Framingham Heart Study (M.G.L., R.S.V., E.J.B.), MA",1,"Framingham Heart Study | National Heart, Lung, and Blood Institute",I4210123017 I4210106489,yes
"Ramachandran S. Vasan From the Framingham Heart Study of the National Heart, Lung and Blood Institute and Boston University School of Medicine, Framingham, MA (S.C., M.G.L., E.L.M., C.S.F., C.J.O., R.S.V., T.J.W.)",1,"Framingham Heart Study | National Heart, Lung, and Blood Institute",I4210123017 I4210106489,yes
"Ramachandran S. Vasan From the Framingham Heart Study, Boston University School of Medicine, Boston, Mass",1,Framingham Heart Study,I4210123017,yes
"Ramachandran S. Vasan From the Framingham Heart Study, Boston University School of Medicine, Framingham, Mass",1,Framingham Heart Study,I4210123017,yes
"Ramachandran S. Vasan From the Framingham Heart Study, Framingham (R.S.V., W.B.K.), and the Sections of Preventive Medicine and Epidemiology (R.S.V., W.B.K.) and Cardiology (R.S.V.), Department of Medicine, Boston University School of Medicine, Boston, Mass",1,Framingham Heart Study,I4210123017,yes
"Ramachandran S. Vasan From the Framingham Heart Study, Section of Preventive Medicine and Epidemiology, Department of Medicine, Boston University School of Medicine, Boston, Mass",1,Framingham Heart Study,I4210123017,yes
"Ramachandran S. Vasan From the Framingham Heart Study, and Section of Preventive Medicine and Epidemiology, Department of Medicine, Boston University School of Medicine, Framingham, Mass",1,Framingham Heart Study,I4210123017,yes
"Ramachandran S. Vasan From the National Heart, Blood and Lung Institute's and Boston University's Framingham Heart Study, Framingham, MA (T.J.N., M.G.L., E.J.B., R.S.V.)",1,Framingham Heart Study | Lung Institute,I4210123017 I4210101049,yes
"Ramachandran S. Vasan From the National Heart, Lung, and Blood Institute's and Boston University's Framingham Heart Study, MA (T.J.N., A.L., M.G.L., E.J.B., R.S.V.)",1,"Framingham Heart Study | National Heart, Lung, and Blood Institute",I4210123017 I4210106489,yes
"Ramachandran S. Vasan From the National Heart, Lung, and Blood Institute's and Boston University's Framingham Study (R.B.S., M.G.L., P.A.W., D.L., R.S.V., E.J.B.), Framingham, Mass",1,"Framingham Heart Study | National Heart, Lung, and Blood Institute",I4210123017 I4210106489,yes
"Ramachandran S. Vasan National Heart, Lung, and Blood Institute's Framingham Heart Study, MA (B.M.K., C.A., M.S.D., M.G.L., R.S.V.). Department of Medicine, Boston University School of Medicine, MA (R.S.V.). Department of Epidemiology, Boston University School of Public Health, MA (R.S.V.)",1,Framingham Heart Study,I4210123017,yes
"Ramachandran S. Vasan Sections of Preventive Medicine and Epidemiology and Cardiovascular Medicine and Departments of Medicine and Epidemiology, Boston University Schools of Medicine and Public Health, MA (R.S.V.). The Framingham Heart Study, MA (R.S.V.)",1,Framingham Heart Study,I4210123017,yes
"Ramachandran S. Vasan https://orcid.org/0000-0001-7357-5970 Boston University's and NHLBI's Framingham Heart Study, MA (J.R., R.S.V., M.G.L.)",1,Framingham Heart Study,I4210123017,yes
"Ramachandran S. Vasan https://orcid.org/0000-0001-7357-5970 Department of Epidemiology (R.J.S, R.S.V.), Boston University School of Public Health, MA. Department of Medicine, Section of Cardiovascular Medicine (R.S.V., C.A.), Boston University Schools of Public Health and Medicine, MA. Boston University's and National Heart Lung and Blood Institute's Framingham Heart Study, MA (R.S.V., V.X., C.A.)",1,Framingham Heart Study,I4210123017,yes
"Ramachandran S. Vasan https://orcid.org/0000-0001-7357-5970 Framingham Heart Study, MA (C.A., R.S.V.). Section of Preventive Medicine and Epidemiology and Cardiovascular medicine, Departments of Medicine and Epidemiology, Boston University Schools of Medicine and Public Health, MA (R.S.V.)",1,Framingham Heart Study,I4210123017,yes
"Ramachandran S. Vasan https://orcid.org/0000-0001-7357-5970 The Framingham Heart Study, MA (R.S.V.). Sections of Preventive Medicine and Epidemiology and Cardiology, Department of Medicine, and Department of Epidemiology, Boston University Schools of Medicine and Public Health, and Center for Computing and Data Sciences, Boston University, MA (R.S.V.)",1,,,no
"Rania Ghosn is an architect, geographer, and currently Assistant Professor of Architecture at the University of Michigan. She completed a Mellon Postdoctoral Fellowship at Boston University, and holds degrees from American University of Beirut, University College London, and Harvard University. She has taught at a number of schools and has written for a variety of journals, including New Geographies where she is Founding Editor. Her research explores nature, technology, and power, highlighting the territorial domain of infrastructure, particularly that of energy",1,American Association of Geographers | University College London,I1283633810 I45129253,no
"Ravi V. Shah https://orcid.org/0000-0002-4471-7156 Department of Biostatistics, Boston University School of Public Health, Boston, MA (A.C., P.E.M., M.G.L., R.V.S.). Cardiology Division, Department of Medicine, Massachusetts General Hospital, Harvard Medical School (R.M., N.E.H., R.V.S., G.D.L.). Vanderbilt Clinical & Translational Research Center, Cardiology Division, Vanderbilt University Medical Center, Nashville, TN (R.V.S.)",1,,,no
"Real-World Evidence Team, Evidera, Boston, Massachusetts, USA",1,,,no
"Real‐World Evidence Team, Evidera Boston Massachusetts USA",1,AIR Worldwide (United States),I4210104594,no
"Rebecca J Song BU Sch of Public Health, Boston, MA",1,,,no
"Received an M.A. in poetry from Boston University, and was a Fulbright creative writing fellow in Iceland. She is a graduate student in oceanography at the University of Washington",1,,,no
"Received her Bachelor's Degree from the University of Minnesota, her Master's Degree from the Catholic University of America and her Doctor of Nursing Science from Boston University",1,,,no
"Received her PhD in anthropology from Boston University in 2009 and is currently a visiting scholar at Amherst College. Her research focuses on conservation, agriculture and environmentalism among rural communities. Her most recent publication is “Regulation, Conservation and Collaboration: Ecological Anthropology in the Mississippi Delta” (Human Ecology 37:1)",1,,,no
Recently received Ph.D. in Philosophy from Boston University and has accepted an appointment as Assistant Professor of Philosophy at Denison University,1,Denison University,I20577493,no
"Rechtsanwältin und Mediatorin SAV, SDM, SKWM, CEDR, LLM Boston University, Präsidentin des Schweizerischen Anwaltsverbandes Lecturer on commercial mediation at: MIDS Master in International Dispute Settlements, Graduate Institute Geneva; LL.M. International Business Law, UNIL Lausanne; CAS-DAS in mediation, University of Fribourg and HEIH-VD",1,Swiss Institute of Comparative Law,I4210159301,no
"Reliable Comput. Lab., BU Boston, Boston, MA, USA",1,,,no
"Religious and Theological StudiesBoston University745 Commonwealth AvenueBoston, MA 02215USA [email protected]",1,,,no
"Renal Section, EBRC 504, Boston Univ. Medical Ctr., 650 Albany St., Boston, MA 02118, USA",1,Boston Medical Center,I1286490081,no
"Renal Section, Evans Memorial Department of Clinical Research and The Department of Medicine, University Hospital, Boston, MA, 02118",1,,,no
"Renate B. Schnabel From the National Heart, Lung, and Blood Institute's and Boston University's Framingham Study (R.B.S., M.G.L., P.A.W., D.L., R.S.V., E.J.B.), Framingham, Mass",1,"Framingham Heart Study | National Heart, Lung, and Blood Institute",I4210123017 I4210106489,yes
"Res. Inst. for Solid State Physics and Optics-Budapest, Boston Univ",1,Institute for Solid State Physics and Optics,I4210107617,no
"Research Department Department of Economics Research Department Federal Reserve Bank Boston University Federal Reserve Bank of Phildelphia 270 Bay State Road of Richmond 10 Independence Mall Boston, MA 02215 P.O. Box 27622 Philadelphia, PA 19106 and",1,Federal Reserve Bank of Boston,I46510805,no
"Research Fel- low in Endocrinology , Department of Medicine , Boston Uni- versity",1,,,no
"Research Fel-low in Endocrinology, Department of Medicine, Boston Uni-versity School of Medicine and is presently an Instructor in Medicine, Harvard Medical School, Department of En-docrinology, Beth Israel Hospital, Boston, Mass. Sidney",1,Beth Israel Deaconess Hospital,I2801337628,no
"Research Laboratory of Electronics, Massachusetts Institute of TechnologyCambridge, MA, USA; Department of Speech, Language and Hearing Sciences, Sargent College of Health and Rehabilitation Sciences, Boston UniversityBoston, MA, USA",1,,,no
"Research Laboratory of Electronics, Massachusetts Institute of TechnologyCambridge, MA, USA; Department of Speech, Language and Hearing Sciences, Sargent College of Health and Rehabilitation Sciences, Boston UniversityBoston, MA, USA; Bloorview Research Institute, Holland Bloorview Kids Rehabilitation HospitalToronto, ON, Canada; Department of Speech-Language Pathology, Faculty of Medicine, University of TorontoToronto, ON, Canada",1,Holland Bloorview Kids Rehabilitation Hospital | Bloorview Research Institute,I2801420703 I4405266480,no
"Research Professor of Medicine, Director, School of Public Health, University of Boston, Boston, Massachusetts",1,,,no
"Research Psychologist at the VA Hospital, Brockton, an Associate in Social Psychology at Boston Univ., and a Clinical Instructor at Tufts Univ",1,,,no
"Research Service, VA Boston Healthcare System, and Departments of Medicine and Neurology, Boston University School of Medicine, Boston, Massachusetts; and the National Heart, Lung, and Blood Institute's Framingham Heart Study, Framingham, Massachusetts",1,Framingham Heart Study,I4210123017,yes
"Research associate, Third (Boston University) Surgical Service and Research Laboratory, Boston City Hospital",1,,,no
"Research professor of preventive medicine (epidemiology), Boston University School of Medicine; director, Epidemiology Study Center, Framingham",1,Framingham Heart Study,I4210123017,yes
"Researcher, Global Economic Governance Initiative Boston University's Pardee School of Global Studies  Boston USA",1,,,no
"Resident, Department of Emergency Medicine, Brigham and Women’s Hospital, Boston, Massachusetts. When this letter was written, he was a trainee and student coordinator, Boston University School of Medicine Advocacy Training Program, Boston University School of Medicine, Boston, Massachusetts",1,,,no
"Resident, Third (Boston University) Surgical Service, Boston City Hospital",1,,,no
"Respectively, Center for Global Health and Development, Boston University School of Public Health, 801 Massachusetts Avenue, Crosstown 3rd Floor, Boston, MA 02118 ( [email protected] ); Centre for Social Research, University of Malawi and University of York, UK; and Management Sciences for Health, Cambridge, MA",1,University of York,I52099693,no
"Retina Service, Boston University Eye Associates, Boston Medical Center, Boston, Massachusetts",1,Retina Associates | Boston Medical Center,I4210105172 I1286490081,no
"Rev. J. Robert Nelson, PhD, presently director of The Institute of Religion, Texas Medical Center, has been a professor of theology at Boston University's School of Theology and Vanderbilt Divinity School. His latest book is Human Life: A Biblical Perspective for Bioethics",1,,,no
"Rheumatology section, Boston University School of Medicine, Boston, Netherlands",1,Boston Scientific (Netherlands),I4210109325,no
"Rhonda S. Olson, MS RN is rehabilitation program coordinator at St. Luke's Hospital in Milwaukee, WI. She was a graduate student at Boston University studying neurological rehabilitation nursing",1,,,no
"Ricardo J. Elia est maître de conférences et directeur du Département d’archéologie à l’Université de Boston. Il enseigne la déontologie archéologique, le droit et la gestion du patrimoine. Ses recherches portent notamment sur la protection et la politique archéologiques et le marché des antiquités",1,,,no
"Richard O. Michaud, Ph.D., is Vice President and Manager of the Equity Analytics Group of Merrill Lynch Capital Markets. Prior to joining Merrill, he was a quantitative analyst at The Boston Company, Director of Quantitative Investment Services at The Bache Company and Director of Valuation Services at the Zacks Company. Dr. Michaud is currently Director of the “Q” Institute and on the editorial board of the Financial Analysts Journal. He holds a Ph.D. from Boston University, and has taught courses and",1,,,no
"Rob Cross is a manager in Arthur Andersen's Knowledge Business Solutions Practice, where he consults with organizations on issues of organizational learning, knowledge-based strategy, and organizational design. He is also an advanced doctoral candidate and part-time faculty member in Boston University's Organizational Behavior Department. A member of National Productivity Review's editorial advisory board",1,,,no
"Rob Cross is a manager with Arthur Andersen's Business Consulting practice, where he leads the change management and organizational design practice for the Baltimore, Washington, and Richmond offices. He is also an advanced doctoral candidate in Boston University's School of Management, where he has researched organizational change and the social aspects of knowledge management and organizational learning. He is co-editor of the forthcoming book, Strategic Learning in a Knowledge Economy: Critical Individual, Collective and Organizational Processes",1,,,no
"Robert Dawson Evans Memorial Department of Clinical Research, BostonUniversity Medical Center, Massachusetts 02118",1,Boston Medical Center,I1286490081,no
"Robert E. Gerszten From the Framingham Heart Study of the National Heart, Lung and Blood Institute and Boston University School of Medicine, Framingham, MA (S.C., M.G.L., E.L.M., C.S.F., C.J.O., R.S.V., T.J.W.)",1,"Framingham Heart Study | National Heart, Lung, and Blood Institute",I4210123017 I4210106489,yes
"Rodica E. Petrea https://orcid.org/0000-0001-6214-3566 Department of Medicine, Section of Preventive Medicine and Epidemiology (R.P.), Boston University School of Medicine, Boston, MA. NHLBI's Framingham Heart Study, Framingham, MA (R.P., A.P., S.D., O.E., H.J.A., C.L.S., A.S.B., S.S., V.-A.L., J.R.R.)",1,Framingham Heart Study,I4210123017,yes
"Roger J. Gagnon is Assistant Professor of Production/Operations Management in the Faculty of Management Sciences at Ohio State University. He received his B.S. in engineering management from Boston University, his MBA from Clark University, and his Ph.D. in production/operations management from the University of Cincinnati. His industrial experience includes six years as plant industrial engineer in the steel industry. Dr. Gagnon is a former president and board member of the Northeast Georgia Chapter of the Institute of Industrial Engineers and is still an active, senior member. He is also a member of the American Production and Inventory Control Society and former member of the board of directors of the Columbus (Ohio) APICS Chapter. In addition, he is affiliated with the Decision Sciences Institute, TIMS, the Operations Management Association, the Society of Manufacturing Engineers, and the Engineering Management Society of IEEE. Dr. Gagnon's teaching and research interests include operations strategy, performance improvement in using advanced technologies, and the strategic/economic justification of acquiring advanced technologies",1,,,no
"Ronald E. Santoni, Professor and Acting Chairman of Philosophy at Denison University, Ph.D. from Boston University, Co-editor of Social and Political Philosophy, Double-day Anchor Book , 1963, Editor of Religious Language and The Problem of Religious Knowledge, Indiana University Press , 1968; he has contributed to several journals. Also contributor to Current Philosophical Issues, honoring C. J. Ducasse",1,,,no
"Ronald W. Anderson is with the London School of Economics. M. Cecilia Bustamante is with the Robert H. Smith School of Business, University of Maryland. Stéphane Guibaud is with SciencesPo. Mihail Zervos is with the London School of Economics. We are especially grateful to Bruno Biais (the Editor) and two anonymous referees for helping us improve the paper significantly. We also thank Catherine Casamatta, Peter DeMarzo, Mike Fishman, Denis Gromb, Zhiguo He, Andrey Malenko, Guillaume Plantin, Jean-Marc Robin, Antoinette Schoar, our discussants David Dicks, Oliver Spalt, Sergey Stepanov, and John Zhu, seminar participants at Boston University, École Polytechnique, London School of Economics, Queen Mary University of London, SciencesPo, Toulouse, and UT Austin, and conference participants at the meetings of the CEPR European Summer Symposium in Financial Markets, China International Conference in Finance, European Finance Association, European Finance Summit, International Moscow Finance Conference, Séminaire Bachelier Paris, and Western Finance Association for helpful comments. We have read the Journal of Finance 's disclosure policy and have no conflict of interest to disclose",1,London School of Economics and Political Science,I909854389,no
"Ronald W. Anderson is with the London School of Economics. M. Cecilia Bustamante is with the Robert H. Smith School of Business, University of Maryland. Stéphane Guibaud is with SciencesPo. Mihail Zervos is with the London School of Economics. We are especially grateful to Bruno Biais (the Editor) and two anonymous referees for helping us improve the paper significantly. We also thank Catherine Casamatta, Peter DeMarzo, Mike Fishman, Denis Gromb, Zhiguo He, Andrey Malenko, Guillaume Plantin, Jean-Marc Robin, Antoinette Schoar, our discussants David Dicks, Oliver Spalt, Sergey Stepanov, and John Zhu, seminar participants at Boston University, École Polytechnique, London School of Economics, Queen Mary University of London, SciencesPo, Toulouse, and UT Austin, and conference participants at the meetings of the CEPR European Summer Symposium in Financial Markets, China International Conference in Finance, European Finance Association, European Finance Summit, International Moscow Finance Conference, Séminaire Bachelier Paris, and Western Finance Association for helpful comments. We have read the Journal of Finance's disclosure policy and have no conflict of interest to disclose",1,London School of Economics and Political Science,I909854389,no
"Rotterdam School of ManagementLuiss Guido Carli U.New York U.London Business SchoolU. of Wisconsin, MilwaukeeNortheastern U.Boston U",1,,,no
"S. E. Anderson, mathematician, poet and essayist, has published his work in Negro Digest, Black World, Journal of Black Poetry, Black Dialogue, New African, Mojo, and has appeared in several anthologies, Black Fire and New Black Poets. He is also on the advisory board of Drum and Spear Press. Anderson and Cyril Boynes are presently writing a textbook on the history of black mathematics. His essay, “Revolutionary Black Nationalism for Pan-African Liberation, ” is a shorter and revised version of “Revolutionary Black Nationalism and the Pan-African Idea” published in The Black 70's, edited by Floyd B. Barbour, Porter Sargent Publishers, Boston, Mass., 1970. On January 14, 1971, Brother Anderson and his wife, Carolyn, added to our struggle an eight pound warrior named Dedan Agaja",1,,,no
"S. E. Anderson, mathematician, poet and essayist, has published his work in Negro Digest, Black World, Journal of Black Poetry, Black Dialogue, New African, Mojo, and has appeared in several anthologies, Black Fire and New Black Poets. He is also on the advisory board of Drum and Spear Press. Anderson and Cyril Boynes are presently writing a textbook on the history of black mathematics. His essay, “Revolutionary Black Nationalism for Pan-African Liberation,” is a shorter and revised version of “Revolutionary Black Nationalism and the Pan-African Idea” published in The Black 70's, edited by Floyd B. Barbour, Porter Sargent Publishers, Boston, Mass., 1970. On January 14, 1971, Brother Anderson and his wife, Carolyn, added to our struggle an eight pound warrior named Dedan Agaja",1,,,no
"S. Jay Kuder is associate professor and chair in the Department of Special Educational Services/Instruction at Glassboro State College in New Jersey. He received his doctorate in applied psycholinguistics from Boston University in 1984. His research interests focus on the relationship between language disabilities and learning disorders. Address: S. Jay Kuder, Department of Special Educational Services/Instruction, Glassboro State College, Glassboro, NJ 08028",1,,,no
"S. Jay Kuder is associate professor and chair of the Department of Special Educational Services/Instruction, Glassboro State College, Glassboro, New Jersey. He received his EdD in applied psycholinguistics from Boston University in 1984. His research interests focus on language abilities and learning disorders. Address: S. Jay Kuder, Department of Special Educational Services/Instruction, Glassboro State College, Glassboro, NJ 08028",1,,,no
"S.R. Rao is statistician, Department of Global Health, Boston University School of Public Health and Massachusetts General Hospital Biostatistics Center, Boston, Massachusetts ; srrao@mgh.harvard.edu",1,,,no
"S.T.B., Ph.D., Boston University) is Associate Professor of Religion at Moravian College. His article is based on a paper read at the Annual Meeting of the American Academy of Religion in Chicago, October 21, 1966",1,American Academy of Religion,I1284630609,no
SAR‐Health SciencesBoston UniversityBostonMA,1,Kingston University,I4210154901,no
"SUNY Stony Brook, Dept Comp Sci, Stony Brook, NY 11794, USA; Max Planck Inst Informat, D 66123 Saarbrucken, Germany and Boston Univ, Dept Comp Sci, Boston, MA 02215, USA",1,Max Planck Institute for Informatics,I4210109712,no
"SUSAN A. LAROCCO, MS, RN, is the Assistant Director of Nursing at Goldwater Memorial Hospital, member of New York City Health and Hospital Corporation. Ms. LaRocco holds a master's in nursing administration from Boston University",1,,,no
"Sachiko Oshio received her BS in nursing from St. Luke's College of Nursing in Tokyo, Japan, an MS in nursing from Boston University, a PhD in nursing from the University of Washington, and a certificate in nurse-midwifery from the Oregon Health Sciences University. Dr. Oshio is an Assistant Professor at the University of Washington. She is the Chair of the ACC Research Committee",1,,,no
"Saint John College of Cleveland (BS), Pepper Pike, Ohio; Boston University (MS), Boston, Massachusetts; and is currently a doctoral candidate in the School of Public Health at the University of North Carolina at Chapel Hill. Ms. Peoples has worked as director of a Public health nursing service, a clinical instructor, a pediatric nurse practitioner, and as a clinic and public health nurse. She is a member of NAACOG, ANA, and NLN",1,American Nurses Association,I1300848581,no
Salem State U.Boston U,1,Salem State University,I44948468,no
"Sandra Y. S. Loo. R.N., is a graduate of the University of Hawaii School of Professional Nursing. She received her M.S. in Rehabilitation Nursing from Boston University. Massachusetts, and then returned to serve as Clinical Specialist at the Rehabilitation Hospital of the Pacific, Hawaii",1,University of Hawaii System,I1331384533,no
"Sara Rosenbaum, J.D., is the Harold and Jane Hirsh Professor of Health Law and Policy and Founding Chair of the Department of Health Policy, Milken Institute School of Public Health at the George Washington University. She received her B.A. from Wesleyan University and her J.D. from Boston University School of Law. Jane Hyatt Thorpe, J.D., is an Associate Professor and Vice Chair for Academic Affairs in the Department of Health Policy and Management, Milken Institute School of Public Health at the George Washington University. She received her A.B. from Princeton University and her J.D. from the Vanderbilt University School of Law",1,Milken Institute,I1302991022,no
"Sarah R. Preis National Heart, Lung, and Blood Institute, Boston University's Framingham Heart Study, MA (L.S., S.R.P., H.L., E.J.B., L.T.). Department of Biostatistics (S.R.P., K.L., L.T.), Boston University School of Public Health, MA",1,Framingham Heart Study,I4210123017,yes
Sargent College of Health and Rehabilitation SciencesBoston University,1,,,no
"Sch of Medicine, Boston Univ and NHLBI’s Framingham Heart Study, Framingham, MA",1,Framingham Heart Study,I4210123017,yes
"School of Business 595 Commonwealth Ave. Boston, MA 02215 and NBER",1,,,no
"School of Business and Management, University of Boston",1,School of Business and Management,I4210107574,no
"School of Dental Medicine, Bos-ton University. 282",1,,,no
School of Education Boston UniversityBostonMassachusetts,1,,,no
"School of Electrical and Computer Engineering, Boston, MA, USA",1,,,no
"School of Hospitality Administration, University of Boston, Boston, Massachusetts, USA",1,,,no
"School of Management, Boston University, UK",1,Universities UK,I185658715,no
"School of Medicine (A.M.T.) Boston , Massachusetts 02118",1,,,no
"School of Medicine, 715 Albany St., Boston, MA 02118 USA",1,,,no
"School of Medicine, Boston University, Boston, MA 02118, USA; The Framingham Heart Study, Population Sciences Branch, Division of Intramural Research, National Heart, Lung and Blood Institute, Framingham, MA 01702, USA",1,Framingham Heart Study,I4210123017,yes
"School of Medicine, University Research Institute on Aging, University of Boston, Massachusetts, USA",1,Institute on Aging,I4210136305,no
"School of Medicine; and from the Evans Memorial Department of the Massachusetts Memorial Hospitals and the New England Center Hospital, Boston, Mass",1,,,no
"School of Optometry and Ophthalmology and Eye Hospital, Institute of Molecular Medicine, Wenzhou Medical UniversityWenzhou, China; Department of Neurology, School of Medicine, Boston UniversityBoston, MA, USA",1,Wenzhou Medical University | Affiliated Eye Hospital of Wenzhou Medical College,I27781120 I4210086973,no
"School of Public Health Department of Global Health and Population 665 Huntington Ave Building 1, Suite 1202 Boston, MA 02115",1,,,no
"School of Public Health, BU",1,Faculty of Public Health,I4210120717,no
"School of Public Health, Boston University and the National Heart, Lung, and Blood Institute Framingham Heart Study, Boston, MA, USA",1,Framingham Heart Study,I4210123017,yes
"School of Public Health, Department of Global Health and Population, Boston, MA, United States",1,,,no
"School of Puiblic Hcalth, Bostonl",1,,,no
"School of Social Work, 264 Bay State Road, Boston, MA 02215, USA. Electronic address: hahm@bu.edu",1,Bay State College,I78063147,no
"School of Social Work, Boston University, 264 Bay State Rd, Boston, MA 02215, United States; Department of Public Health Sciences, Division of Prevention Science & Community Health, University of Miami, Miami, FL, United States",1,,,no
"School of Social Work, Boston University, 264 Bay State Rd, Boston, MA, 02215, USA; Department of Public Health Sciences, Division of Prevention Science & Community Health, University of Miami, Miami, FL, USA",1,,,no
"School of Social Work, University of Boston, Boston, MA, USA",1,,,no
"Science Policy Researcher and Certified Public Accountant (CPA) National Science and Technology Development Agency Ministry of Science and Technology, Thailand, and Hubert H. Humphrey, Fellow, Boston University MA, USA",1,National Science and Technology Development Agency | Ministry of Science and Technology Thailand,I1332092204 I4210129478,no
"Section of Cardiology, University Hospital, 75 East Newton Street, Boston, Massachusetts 02118",1,,,no
"Section of Cardiovascular Medicine (R.S.V.), Boston University School of Medicine, MA.; The Framingham Heart Study, MA (K.D.-P., A.B., R.S.V., S.S.)",1,Framingham Heart Study,I4210123017,yes
"Section of Cardiovascular Medicine, Boston University School of Medicine, Boston, MA; National Heart Lung and Blood Institute's Framingham Heart Study, Framingham, MA. Electronic address: jmagnani@bu.edu",1,Framingham Heart Study,I4210123017,yes
"Section of Cardiovascular Medicine, Boston University School of Medicine, Boston, MA; National Heart Lung and Blood Institute's Framingham Heart Study, Framingham, MA; Department of Epidemiology, Boston University School of Public Health, Boston, MA",1,Framingham Heart Study,I4210123017,yes
"Section of Cardiovascular Medicine, Department of Medicine, Boston University School of Medicine, Boston, Massachusetts; National Heart Lung and Blood Institute and Boston University's Framingham Heart Study, Framingham, Massachusetts. Electronic address: jmagnani@bu.edu",1,Framingham Heart Study,I4210123017,yes
"Section of Cardiovascular Medicine, Department of Medicine, Boston University School of Medicine, Boston, Massachusetts; National Heart Lung and Blood Institute and Boston University's Framingham Heart Study, Framingham, Massachusetts; Department of Epidemiology, Boston University School of Public Health, Boston, Massachusetts",1,Framingham Heart Study,I4210123017,yes
"Section of Computational Biomedicine (H.L.) and Section of Cardiovascular Medicine (E.J.B.), Department of Medicine, Boston University School of Medicine, MA. National Heart Lung and Blood Institute’s and Boston University’s Framingham Heart Study, MA (H.L., E.J.B.). Department of Cardiology, Division Heart &amp; Lungs, University Medical Center Utrecht, University of Utrecht, The Netherlands (J.v.S., F.W.A.). Icelandic Heart Association, Kopavogur (A.V.S., V.G.). Faculty of Medicine, University of",1,Framingham Heart Study | Utrecht University,I4210123017 I193662353,yes
"Section of Computational Biomedicine, Department of Medicine, Boston University School of Medicine, Boston, MA, USA; National Heart, Lung, and Blood Institute's and Boston University's Framingham Heart Study, Framingham, MA, USA. Electronic address: hhlin@bu.edu",1,Framingham Heart Study,I4210123017,yes
"Section of Computational Biomedicine, Department of Medicine, Boston University School of Medicine, Boston, Massachusetts, United States of America; National Heart Lung and Blood Institute's and Boston University's Framingham Heart Study, Framingham, Massachusetts, United States of America",1,Framingham Heart Study,I4210123017,yes
"Section of Emergency Medicine, Yale University School of Medicine, New Haven, CT (D'Onofrio, Degutis); the Department of Emergency Medicine, Harvard University, Boston, MA (Nadel); and The Statistics and Consulting Unit (Sullivan), Department of Emergency Medicine (Casper, Bernstein), and the Clinical Addiction Research and Education Unit, Section of General Internal Medicine (Samet), Boston University School of Medicine, Boston, MA",1,,,no
"Section of Endocrinology, Diabetes, Nutrition, and Weight Management, Boston University Chobanian and Avedisian School of Medicine (BUCASM) and Boston Medical Center, Boston, MA 02118, USA; Boston University's and National Heart, Lung, and Blood Institute's Framingham Heart Study, Framingham, MA 01702, USA",1,Framingham Heart Study,I4210123017,yes
"Section of Endocrinology, Diabetes, Nutrition, and Weight Management, Boston University Chobanian and Avedisian School of Medicine (BUCASM) and Boston Medical Center, Boston, MA, United States; Boston University's and National Heart, Lung, and Blood Institute's Framingham Heart Study, Framingham, MA United States",1,Framingham Heart Study,I4210123017,yes
"Section of Endocrinology, Diabetes, Nutrition, and Weight Management, Boston University School of Medicine, Boston, MA, USA; Framingham Heart Study, Framingham, MA, USA. Electronic address: Spartano@bu.edu",1,Framingham Heart Study,I4210123017,yes
"Section of Gastroenterology, Boston Medical Center, Boston University School of Medicine, Boston, MA, 02118, USA; National Heart, Lung, and Blood Institute’s and Boston University’s Framingham Heart Study",1,Framingham Heart Study,I4210123017,yes
"Section of Gastroenterology, Boston Medical Center, Boston University School of Medicine, Boston, Massachusetts; National Heart, Lung, and Blood Institute's and Boston University's Framingham Heart Study, Framingham, Massachusetts. Electronic address: mtlong@bu.edu",1,Framingham Heart Study,I4210123017,yes
"Section of Gastroenterology, Evans Department of Medicine, Boston University School of Medicine, Boston, Massachusetts; National Heart, Lung, and Blood Institute's and Boston University's Framingham Heart Study, Framingham, Massachusetts. Electronic address: mtlong@bu.edu",1,Framingham Heart Study,I4210123017,yes
"Section of Gastroenterology, University Hospital, Boston, Massachusetts 02118",1,,,no
Section of GastroenterologyBoston Medical CenterBoston University School of MedicineBostonMAUS,1,Boston Medical Center,I1286490081,no
"Section of General Internal Medicine (PB de la Vega), Department of Medicine, Boston Medical Center and the Boston University Chobanian and Avedisian School of Medicine, Boston, Mass",1,Boston Medical Center,I1286490081,no
"Section of General Internal Medicine and the Cllnlcal Addiction Research and Education (CARE) Unit, Departments of Medicine and Social and Behavloral SciencesBoston University Schools of Medicine and Public HealthBostonMA",1,,,no
"Section of General Internal Medicine, BU School of Medicine, Boston Medical Center",1,Boston Medical Center,I1286490081,no
"Section of General Internal Medicine, Department of Medicine, BUCASM and Boston Medical Center, Boston, MA 02118, USA; Boston University's and National Heart, Lung, and Blood Institute's Framingham Heart Study, Framingham, MA 01702, USA",1,Framingham Heart Study,I4210123017,yes
"Section of General Internal Medicine, Department of Medicine, Boston University School of Medicine and National Heart, Lung, Blood Institute's Framingham Heart Study, Massachusetts",1,Framingham Heart Study,I4210123017,yes
"Section of General Internal Medicine, Department of Medicine, Boston University School of Medicine, 801 Massachusetts Ave, 2nd floor, Boston, MA, 02118, USA. ghulam.khan@bmc.org",1,,,no
"Section of General Internal Medicine, Dept of Medicine, Boston Univ Sch of Medicine, Boston, MA",1,,,no
"Section of Geriatrics, Department of Medicine, Boston Medical Center, Boston, University School of Medicine, Massachusetts",1,Boston Medical Center,I1286490081,no
"Section of Hematology/Oncology, Department of Medicine, Boston University Chobanian and Avedisian School of Medicine, Boston, MA, USA. Electronic address: maya.abdallah@bmc.org",1,,,no
"Section of Infectious Diseases, Boston Medical Center, 801 Massachusetts Ave., Crosstown Center, 2nd Floor, Boston, MA 02118, United States of America; Boston University School of Public Health, 801 Massachusetts Ave., Crosstown Center, Boston, MA 02118, United States of America; Boston University School of Medicine, 801 Massachusetts Ave., Crosstown Center, 2(nd) Floor, Boston, MA 02118, United States of America. Electronic address: Benjamin.Linas@bmc.org",1,,,no
"Section of Infectious Diseases, Department of Medicine, Boston University Chobanian and Avedisian School of Medicine, 72 East Concord Street, Boston, MA 02118, USA. Electronic address: katherine.reifler@bmc.org",1,,,no
"Section of Infectious Diseases, Department of Medicine, Boston University Chobanian and Avedisian School of Medicine, 72 East Concord Street, Boston, MA, 02118, USA. Electronic address: katherine.reifler@bmc.org",1,,,no
"Section of Infectious Diseases, Department of Medicine, Boston University School of Medicine, 801 Massachusetts Ave., Crosstown Center, 2nd Floor, Boston, MA, 02118, USA. sabrina.assoumou@bmc.org",1,,,no
Section of Infectious DiseasesBoston University Medical Center,1,University Medical Center,I2802849423,no
"Section of Molecular Genetics, Department of Med-icine and Biochemistry, Cardiovascular Research Institute, Boston Uni-versity Medical Centre, Boston, MA",1,Boston Medical Center,I1286490081,no
"Section of Nephrology, Boston Medical Center and Boston University Chobanian & Avedisian School of Medicine, Boston, MA",1,Boston Medical Center,I1286490081,no
"Section of Otolaryngology, Boston Veterans Administration Medical Center; and the Department of Otolaryngology, BoBton University School of Medicine",1,United States Department of Veterans Affairs,I1322918889,no
"Section of Preventive Medicine and Cardiology and Cardiovascular Medicine, Department of Medicine, Boston University School of Medicine, Boston, Massachusetts; The Framingham Heart Study, Framingham, Massachusetts; Population Sciences Branch, Division of Intramural Research National Heart, Lung, and Blood Institute, National Institutes of Health, Bethesda, Maryland",1,Framingham Heart Study,I4210123017,yes
"Section of Preventive Medicine and Epidemiology and Cardiovascular Medicine, Dept of Medicine, and Dept of Epidemiology, Boston Univ Schs of Medicine and Public Health, Boston, MA",1,,,no
"Section of Preventive Medicine and Epidemiology, Department of Medicine, Boston University School of Medicine, Boston, MA, USA; Boston University's and National Heart, Lung, and Blood Institute's Framingham Heart Study, Framingham, MA, USA; Department of Biostatistics, Boston University School of Public Health, Boston, MA, USA",1,Framingham Heart Study,I4210123017,yes
"Section of Preventive Medicine and Epidemiology, Department of Medicine, Boston University School of Medicine, Boston, MA, USA; Boston University's and National Heart, Lung, and Blood Institute's Framingham Heart Study, Framingham, MA, USA; Department of Biostatistics, Boston University School of Public Health, Boston, MA, USA.. Electronic address: vanessax@bu.edu",1,Framingham Heart Study,I4210123017,yes
"Section of Preventive Medicine and Epidemiology, Department of Medicine, Boston University School of Medicine, and the Framingham Heart Study, Framingham, Massachusetts 01701, USA",1,Framingham Heart Study,I4210123017,yes
"Section of Preventive Medicine and Epidemiology, Department of Medicine, Chobanian and Avedisian School of Medicine, Boston University; Framingham Heart Study, Framingham, MA, USA",1,Framingham Heart Study,I4210123017,yes
"Section of Preventive Medicine and Epidemiology, Evans Memorial Department of Clinical Research and Department of Medicine, University Hospital, Boston",1,,,no
"Section of Preventive Medicine and Epidemiology, Evans Memorial Department of Clinical Research and Department of Medicine, University Hospital, Boston, MA, USA",1,,,no
"Section of Preventive Medicine and Epidemiology, Evans Memorial Department of Clinical Research and Department of Medicine, University Hospital, Boston, Mass., USA",1,,,no
"Section of Preventive Medicine and Epidemiology, Evans Memorial Department of Clinical Research and Department of Medicine, University Hospital, Boston, Massachusetts",1,,,no
"Section of Vascular Surgery , Dlvlston of Surgery , Boston University Methcal Center , 88 East Newton Street , D506 , Boston , Massachusetts 02118 ",1,,,no
"Sections of Gastroenterology and Arthritis, Evans Memorial Department of Clinical Research, The University Hospital, Boston",1,,,no
"Sections of Gastroenterology and Arthritis, Evans Memorial Department of Clinical Research, The University Hospital, Boston, Massachusetts",1,,,no
"Sections of Preventive Medicine and Epidemiology, and Cardiovascular Medicine, Boston University School of Medicine, Boston, MA, 02118, USA; Framingham Heart Study, NHLBI/NIH, Framingham, MA 01702, USA",1,Framingham Heart Study,I4210123017,yes
"Senior Program Associate, the Vera Institute of Justice; B.A. Vassar College; J.D., Boston University",1,Vera Institute of Justice,I1311218932,no
"Senior Research Fellow, Solomon Center for Health Law and Policy at Yale Law School. J.D., 2019, New York University School of Law; B.S., Health Science, 2016, Boston University. For helpful conversations and comments on earlier drafts of this article and the moot court problem which inspired this article, I would like to thank Nicholas Bagley, Mary Ann Chirba, Ariel Geist, Randy Hertz, Orin Kerr, Sylvia Law, Madhu Swarna, the staff of the N.Y.U. Moot Court Board, the judges and competitors in the 2019 Wendell F. Grimes Moot Court Competition at Boston College Law School, and the staff and anonymous peer reviewer of the American Journal of Law and Medicine. An extra special thank you to Mary Ann Chirba, who supervised my work on the moot court problem that inspired this piece and gave extensive comments on earlier drafts of this article. All opinions and errors are my own",1,,,no
"Senior Vice President, Fixed-Income Portfolio Manager, and Director of Baring America Asset Management Company. Mr. Perry's primary responsibilities are portfolio management and company research in high-yield securities. Prior to joining Bar-ing America, he was a faculty member of the University of Lowell Management Department. He has worked as a consultant to several investment firms, specializing in the application of information systems to investment management. Mr. Perry is also a doctoral candidate at the Boston University School of Management, where he received his MBA",1,,,no
"Senior assistant resident, Third (Boston University) Surgical Service and Research Laboratory, Boston City Hospital",1,,,no
"Senior vice president and chief investment officer at Statt Street Global Advisors (formerly State Street Asset Management) in Boston. He is responsible for overseeing the management of all global passive and active equity portfolio Mr. Martin is a graduate of Cornell University with a degree in applied mathematics and holds an M.B.A, from Boston University",1,Fidelity Investments (United States) | Cornell University,I1318611468 I205783295,no
"Serkalem Demissie NHLBI's Framingham Heart Study, Framingham, MA (R.P., A.P., S.D., O.E., H.J.A., C.L.S., A.S.B., S.S., V.-A.L., J.R.R.). Department of Biostatistics, Boston University School of Public Health, Boston, MA (A.P., S.D., A.S.B.)",1,Framingham Heart Study,I4210123017,yes
"Servier Pharmaceuticals , Boston, MA , United States",1,,,no
"Servier Pharmaceuticals , Boston, Massachusetts",1,,,no
"Servier Pharmaceuticals , Boston, Massachusetts , USA",1,,,no
"Servier Pharmaceuticals LLC, Boston, Massachusetts, United States",1,,,no
"Servier Pharmaceuticals, Boston, MA USA",1,,,no
"Servier Pharmaceuticals, Boston, MA, USA.;",1,,,no
"Servier Pharmaceuticals, Boston, MA, USA;",1,,,no
"Servier Pharmaceuticals, Boston, MA, United States;",1,,,no
"Servier Pharmaceuticals, Boston, MA. (Sponsor: Linda Pescatello, FACSM)",1,,,no
"Servier Pharmaceuticals, Boston, Massachusetts",1,,,no
"Seton Hall School of Law , Class of 2026 ; B.S. , 2023 , Boston University ",1,Seton Hall University,I12524447,no
"Seton Hall University School of Law; B.A. Psychology and Public Health, cum laude, 2021, Boston University",1,Seton Hall University,I12524447,no
"Siggi Siggurdsson Glenn Biggs Institute for Alzheimer's & Neurodegenerative Diseases, UT Health San Antonio, San Antonio, TX (C.L.S., S.S.). The Framingham Heart Study, MA (C.L.S., A.S.B., J.R.R., S.S.). Department of Neurology (C.L.S., A.S.B., J.R.R., S.S.), Boston University School of Medicine, MA",1,Framingham Heart Study,I4210123017,yes
"Since receiving his Ph.D. from Boston University in 1992, Mark Weber has been teaching philosophy as an Adjunct Assistant Professor at various colleges in Connecticut. He has published an article on Wittgenstein, and he is also pursuing research in the philosophy of psychology",1,,,no
"Sloan School of Management, Massachusetts Institute of Technology. We are grateful for helpful comments from Ray Ball, Anne Beatty, Michelle Hanlon, Krishnagopal Menon, Katherine Schipper, Terry Shevlin, Richard Sloan, Regina Wittenberg-Moerman, Greg Waymire, Mike Willenborg, seminar participants at The Journal of Accounting Research Conference, MIT, Arizona State University, The University of Houston Accounting Conference, Duke University, Boston University, an anonymous referee, and the editors",1,Massachusetts Institute of Technology,I63966007,no
"Slone Epidemiology Center, 1010 Commonwealth Avenue, Boston, MA 02215, USA. lwise@bu.edu",1,,,no
"Slone Epidemiology Center, BU",1,,,no
Slone Epidemiology CenterBoston UniversityBostonMA,1,,,no
"Slone Epidemiology Centre, Boston University, South Africa",1,,,no
Slone Epidemiology UnitBoston University,1,,,no
"Smidt Heart Institute, Cedars-Sinai Medical Center, Los Angeles, California; Boston University's and National Heart, Lung, and Blood Institute's Framingham Heart Study, Framingham, Massachusetts",1,Framingham Heart Study,I4210123017,yes
"Social Economy and Supervisor of Field Work, Boston School of Social Work",1,,,no
"Sociologue, enseigne à l'Université de Boston. Elle est l'auteur de Into the Red : the Birth of the Credit Card Market in Postcommunist Russia (Stanford University Press, 2008). Elle travaille actuellement sur l'émergence des marchés des cartes de crédit dans plusieurs économies postcommunistes d'Asie et d'Europe centrale et orientale",1,,,no
"Sociologue, enseigne à l’Université de Boston. Elle est l’auteur de Into the Red : the Birth of the Credit Card Market in Postcommunist Russia (Stanford University Press, 2008). Elle travaille actuellement sur l’émergence des marchés des cartes de crédit dans plusieurs économies postcommunistes d’Asie et d’Europe centrale et orientale",1,,,no
"Socrates Boutsikaris, BS, is a biomedical engineer with Medsun at FDA. He received his BS in Biomedical Engineering from Boston University. He can be reached at Socrates.B[email protected]",1,,,no
"Speech Lab, Department of Speech, Language and Hearing Sciences, Boston UniversityBoston, MA, USA; Laboratory for Speech Physiology and Motor Control, Department of Speech and Hearing Sciences, University of WashingtonSeattle, WA, USA",1,University of Washington,I201448701,no
Sprint Advanced Technology Labs. and Boston Univ. (USA),1,Sprint (United States),I110995367,no
"Spécialiste des mondes russe et turc, docteur ès lettres de l’Université de Paris IV-Sorbonne et diplômée de Boston University en relations internationales et études stratégiques. Auditrice de l’IHEDN",1,Sorbonne Université,I39804081,no
"Spécialiste des mondes russe et turc, docteur ès lettres de l’Université de Paris IV-Sorbonne et diplômée de Boston University en relations internationales et études stratégiques. Auteure de plusieurs ouvrages de géostratégie. Auditrice de l’IHEDN. Éditorialiste à l’institut FMES de Toulon. www.ana-pouvreau.com",1,Sorbonne Université,I39804081,no
"Spécialiste des mondes russe et turc, docteur ès lettres de l’Université de Paris IV-Sorbonne et diplômée de Boston University en relations internationales et études stratégiques. Auteure de plusieurs ouvrages de géostratégie. Éditorialiste à l’Institut FMES. Auditrice de l’IHEDN",1,Sorbonne Université | Institut Pasteur,I39804081 I157536573,no
"Spécialiste des mondes russe et turc, docteur ès lettres de l’Université de Paris IV-Sorbonne et diplômée de la Boston University en relations internationales et études stratégiques. Auditrice de l’IHEDN",1,Sorbonne Université,I39804081,no
"Spécialiste des mondes russe et turc, docteur ès lettres de l’Université de Paris IV-Sorbonne et diplômée de Boston University en relations internationales et études stratégiques",1,Sorbonne Université,I39804081,no
"Spécialiste des mondes russe et turc, docteur ès lettres de l’Université de Paris IV-Sorbonne et diplômée de Boston University en relations internationales et études stratégiques. Auteure de plusieurs ouvrages de géostratégie. Auditrice de l’IHEDN. Éditorialiste à l’institut FMES de Toulon",1,Sorbonne Université,I39804081,no
"Spécialiste des mondes russe et turc. Écrivain et chercheur en sciences politiques, docteur ès lettres de l’Université de Paris IV-Sorbonne et diplômée de Boston University en relations internationales et études stratégiques. Auteure de plusieurs ouvrages de géostratégie",1,Sorbonne Université,I39804081,no
"Spécialiste des mondes russe et turc. Écrivain et chercheur en sciences politiques, docteur ès lettres de l’Université de Paris IV-Sorbonne et diplômée de Boston University en relations internationales et études stratégiques, elle est l’auteur de plusieurs ouvrages de géostratégie",1,,,no
"Spécialiste des mondes russe et turc. Écrivain et chercheur en sciences politiques, docteur ès lettres de l’Université de Paris IV-Sorbonne et diplômée de Boston University en relations internationales et études stratégiques, elle est l’auteure de plusieurs ouvrages de géostratégie",1,,,no
"Starkey Hearing Res. Ctr., 44 Cummington St, Boston, MA 02215, ysu11@bu.edu",1,Starkey Hearing Technologies (United States),I4210137835,no
"Stefan G. Kertesz, M.D., M.Sc., is a professor at the Department of Medicine, UAB School of Medicine and research investigator at the Birmingham VA Medical Center. He is a board-certified internal medicine (American Board of Internal Medicine) and addiction medicine physician (American Board of Addiction Medicine). His research career began in 2000 and he has been funded by both the National Institute on Drug Abuse and the Health Services Research & Development Branch of the Department of Veterans Affairs. He received his MD from Harvard Medical School in Boston, MA and his MSc from Boston University School of Public Health in Boston, MA. Ajay Manhapra, M.D., is Lecturer at Yale School of Medicine in the Department of Psychiatry, Assistant Professor, at the Eastern Virginia Medical School in the Department of Physical Medicine and Rehabilitation and Psychiatry, and Research Scientist at the VA New England Mental Illness Research, Education and Clinical Center. Dr. Manhapra is a board-c",1,American Board of Internal Medicine,I1296325673,no
"Stephen J. Trachtcnberg har been president of the University of Hartford since 1977. He came to Connecticut after eight years as professor, dean, and vice-prehient at Boston Universisity",1,,,no
"Steven Katz est Directeur du Centre Elie Wiesel pour les Etudes juives à l'Université de Boston, et Alvin J. and Shirley Slater Professor in Jewish and Holocaust Studies dans cette Université. Il est l'éditeur de la revue Modern Judaism et a publié de nombreux essais et ouvrages, parmi lesquels on signalera tout particulièrement les Post-Holocaust Dialogues, lauréat du National Jewish Book Award en 1984",1,,,no
"Steven Katz est Directeur du Centre Elie Wiesel pour les Etudes juives à l’Université de Boston, et Alvin J. and Shirley Slater Professor in Jewish and Holocaust Studies dans cette Université. Il est l’éditeur de la revue Modern Judaism et a publié de nombreux essais et ouvrages, parmi lesquels on signalera tout particulièrement les Post-Holocaust Dialogues, lauréat du National Jewish Book Award en 1984",1,,,no
"Study data were collected and managed using REDCap electronic data capture tools hosted at the Boston University, CTSI 1UL1TR001430. This study was supported by the National Center for Advancing Translational Sciences, National Institutes of Health (NIH), under BU-CTSI Grant Number 1UL1TR001430 and 1KL2TR001411. Its contents are solely the responsibility of the authors and do not necessarily represent the official views of the NIH",1,National Center for Advancing Translational Sciences | Clinical and Translational Science Institute,I4210148682 I4405260963,yes
"Sudha Seshadri National Heart, Lung, and Blood Institute's and Boston University's Framingham Heart Study, Framingham, MA Biggs Institute for Alzheimer's Disease, University of Texas Health Sciences Center at San Antonio, TX",1,"Framingham Heart Study | National Heart, Lung, and Blood Institute | The University of Texas at San Antonio Health Science Center",I4210123017 I4210106489 I165951966,yes
"Sudha Seshadri https://orcid.org/0000-0001-6135-2622 NHLBI's Framingham Heart Study, Framingham, MA (R.P., A.P., S.D., O.E., H.J.A., C.L.S., A.S.B., S.S., V.-A.L., J.R.R.). Department of Neurology, Boston University Chobanian and Avedisian School of Medicine, Boston, MA (H.J.A., C.L.S., A.S.B., S.S., J.R.R.). Glenn Biggs Institute for Alzheimer's and Neurodegenerative Diseases, University of Texas Health Sciences Center, San Antonio, TX (C.L.S., S.S.)",1,Framingham Heart Study | The University of Texas at San Antonio Health Science Center,I4210123017 I165951966,yes
"Susan Cheng Boston University's and National Heart, Lung, and Blood Institute's Framingham Heart Study, Framingham, MA Cardiology Division, Department of Medicine, Brigham and Women's Hospital, Boston, MA",1,"Framingham Heart Study | Brigham and Women's Hospital | National Heart, Lung, and Blood Institute",I4210123017 I1283280774 I4210106489,yes
"Susan Cheng From the Framingham Heart Study of the National Heart, Lung and Blood Institute and Boston University School of Medicine, Framingham, MA (S.C., M.G.L., E.L.M., C.S.F., C.J.O., R.S.V., T.J.W.)",1,"Framingham Heart Study | National Heart, Lung, and Blood Institute",I4210123017 I4210106489,yes
"Susan Cheng National Heart, Lung and Blood Institute's and Boston University's Framingham Heart Study, Framingham, MA Division of Cardiovascular Medicine, Department of Medicine, Brigham and Women's Hospital, Harvard Medical School, Boston, MA",1,"Framingham Heart Study | Brigham and Women's Hospital | National Heart, Lung, and Blood Institute",I4210123017 I1283280774 I4210106489,yes
"Susan Cheng National Heart, Lung, and Blood Institute's and Boston University's Framingham Heart Study Framingham, MA",1,"Framingham Heart Study | National Heart, Lung, and Blood Institute",I4210123017 I4210106489,yes
"Sushil Vachani is an Associate Professor at Boston University's School of Management where he has served as chair of the Strategy and Policy Department and Director of the International Management Program in Japan. He has a B. Tech from IIT Kanpur, a PGDM from IIM, Ahmedabad, and a doctorate in international business from Harvard Business School. He has worked with Philips, Tata Administrative Service, TELCO, and Boston Consulting Group. His research, which focuses on relations between",1,,,no
"Sushil Vachani is an Associate Professor at Boston University's School of Management where he has served as chair of the Strategy and Policy Department and Director of the International Management Program in Japan. He has a B. Tech from IIT Kanpur, a PGDM from IIM, Ahmedabad, and a doctorate in international business from Harvard Business School. He has worked with Philips, Tata Administrative Service, TELCO, and Boston Consulting Group. His research, which focuses on relations between multinationals,",1,,,no
"Suzanne F. Seri, Ms, RN, received her BA in Modern Languages from McGill University, Montreal, Canada, a BSN from Cornell University-New York Hospital School of Nursing, and an MS in Community Health Nursing from Boston University School of Nursing. Suzanne has been self–employed with Community Health Network for over 10 years",1,Health Net | Community Health Network | Cornell University,I2802948906 I4210138333 I205783295,no
"THE AUTHOR:is currently the Director. Office of Maritime Affairs. Naval Sea Systems Command. He received his BS degree in Business Administration from the College of Business Administration, Boston University and later his MBA degree from the Graduate School of Business, Stanford University. His post—college career started with National Paper & Type Company, New York, in export",1,Naval Sea Systems Command,I1328969757,no
"THE AUTHOR:is currently the Director. Office of Maritime Affairs. Naval Sea Systems Command. He received his BS degree in Business Administration from the College of Business Administration, Boston University and later his MBA degree from the Graduate School of Business, Stanford University. His post—college career started with National Paper & Type Company, New York, in export; then to a public accounting firm in San Juan, Puerto Rico, as Senior Auditor. He then served 23 years on active duty in the U.S. Navy, beginning at San Juan in 1942 as an Ensign in the Supply Corps, later attending the Naval Supply Corps School. Harvard University, and ultimately retiring in June 1964 with the rank of Commander. During this time his duty assignments included among others: Supply Officer. USS Regulus (AK—14) and USS Quincy (CA—71); Supply Advisor. Chilean Navy; Assistant Chief of Staff for Supply and Transportation. United Nations Military Observer Group in Palestine; Task Group 71 Supply Officer, Eniwetok Proving Grounds; and Executive Officer, Supply Department, U.S. Naval Station. Washington, D.C. In his present position he represents the Commander, Naval Sea Systems Command in his capacity as Coordinator of Shipbuilding Conversion and Repair for the Department of Defense and as Cordinator of Ship Repair for the Departments of Defense and Commerce. His responsibilities include overview of relationships with the U.S. private shipbuilding industry and close working relationships with the Departments of Commerce and Transportation, the Maritime Administration, and shipbuilding trade organizations. In addition, Mr. Wheeler's office also coordinates the design review of Construction Differential Subsidy (CDS) Merchant Ships and recommends to the Secretary of the Navy national defense features to be incorporated therein",1,Naval Sea Systems Command,I1328969757,no
"Tafts Medical School, University of Boston, MA, United States",1,,,no
"Tak Wing Edward Lau is presently a Post-doctoral fellow in the Division of Engineering and Applied Sciences at Harvard University where he also received his Ph.D. in Applied Mathematics in 1997. He was a Chu scholar at Boston University where he earned his B.S. degrees and M.S. degrees, both in Manufacturing Engineering. His research interests include simulation, optimization and analysis of manufacturing systems, algorithm design and software implementation with emphasis on industrial applications",1,,,no
"Tammy Vehige, MEd, CHES, is a Doctoral student in the Social and Behavioral Sciences Department at Boston University's School of Public Health, Boston, Massachusetts. Earlier she was at the Centers for Disease Control and Prevention, Division of Nutrition and Physical Activity",1,Centers for Disease Control and Prevention,I4210145675,no
"Teaches political theory, Boston University ; Visiting scholar at Harvard University",1,,,no
"Technology & Policy Research Initiative BU School of Law 765 Commonwealth Ave. Boston, MA 02215",1,,,no
"Teemu J. Niiranen From the National Heart, Lung, and Blood Institute's and Boston University's Framingham Heart Study, MA (T.J.N., A.L., M.G.L., E.J.B., R.S.V.)",1,"Framingham Heart Study | National Heart, Lung, and Blood Institute",I4210123017 I4210106489,yes
"Teemu J. Niiranen National Heart, Blood and Lung Institute's and Boston University's Framingham Heart Study, Framingham, MA",1,Framingham Heart Study | Lung Institute,I4210123017 I4210101049,yes
"Teemu J. Niiranen National Heart, Lung, and Blood Institute's and Boston University's Framingham Heart Study, Framingham, MA Department of Medicine, Turku University Hospital and University of Turku, Finland Department of Public Health Solutions, National Institute for Health and Welfare, Turku, Finland",1,"Framingham Heart Study | University of Turku | Turku University Hospital | National Heart, Lung, and Blood Institute",I4210123017 I155660961 I2801970007 I4210106489,yes
"Tel Aviv Univ, Dept Psychol, IL 69978 Tel Aviv, Israel; Boston Univ, Sch Med, Aphasia Res Ctr, Boston, MA 02118, USA; MIT, Dept Brain & Cognit Sci, Cambridge, MA 02139, USA; MIT, Dept Linguist & Philosophy, Cambridge, MA 02139, USA and Calif State Univ, San Bernardino, CA, USA",1,Massachusetts Institute of Technology,I63966007,no
"Tel Aviv University, IsraelBoston University, United States",1,,,no
"Terrence Gargiulo is an international speaker, author, organizational development consultant, and group process facilitator. He is a four-time author, and his first book has been translated into Chinese. He holds a master's degree in Management in Human Services from the Florence Heller School at Brandeis University and is a recipient of Inc. Magazine's Marketing Master. Among his numerous clients, past and present, are General Motors, Dreyer's Ice Cream, DTE Energy, the U.S. Coast Guard, Merck, Boston University, the cities of Boston and Lowell, Massachusetts, Arthur D. Little, Raytheon, and Coca-Cola. Terrence is a frequent presenter at International Society for Performance Improvement, American Society for Training & Development, and the Academy of Management international conferences. He may be reached at terrence@makingstories.net or www.makingstories.net ",1,,,no
The Boston Univ. Neurophotonics Ctr,1,NeoPhotonics (United States) | Neurophotonics Laboratory,I4210088641 I4210087937,no
"The Boston University Institute for Dental Research and Education, PO Box 505097, Dubai Healthcare City, Dubai, United Arab Emirates. harold.goodis@ucsf.edu",1,,,no
"The Boston University Marine Program, Marine Biological Laboratory, 02543, Woods Hole, MA, USA",1,Marine Biological Laboratory,I1338920048,no
"The Boston University Marine Program, Marine Biological Laboratory, Woods Hole, USA",1,Marine Biological Laboratory,I1338920048,no
"The Boston University School of Public Health, Department of Epidemiology and Biostatistics, and the National Heart, Lung, and Blood Institute's Framingham Heart Study (PWFW)",1,Framingham Heart Study,I4210123017,yes
"The Boston University's and NHLBI's Framingham Heart Study, Framingham, MA, USA",1,Framingham Heart Study,I4210123017,yes
"The Boston University's and National Heart, Lung, Blood Institute's Framingham Heart Study, Framingham, MA, USA. Electronic address: ca@heart.dk",1,Framingham Heart Study,I4210123017,yes
"The Boston University's and National Heart, Lung, Blood Institute's Framingham Heart Study, Framingham, MA, USA; Division of Cardiovascular Medicine, Vanderbilt University, Nashville, TN, USA",1,Framingham Heart Study,I4210123017,yes
"The Center for Anxiety and Related Disorders, Boston#R#University",1,"Center for Anxiety and Depression | Lesbian, Gay, Bisexual and Transgender Community Center",I4210149423 I4210095019,no
"The Framingham Heart Study (P.W.F.W.), Boston University School of Medicine, Framingham, Mass",1,Framingham Heart Study,I4210123017,yes
The Framingham Heart Study Boston University School of Medicine  Boston Massachusetts USA,1,Framingham Heart Study,I4210123017,yes
The Framingham Heart Study Boston University School of Medicine Boston MA 02118 USA,1,Framingham Heart Study,I4210123017,yes
The Framingham Heart Study Boston University School of Medicine Boston MA USA,1,Framingham Heart Study,I4210123017,yes
"The Framingham Heart Study and Boston University School of Medicine, Framingham, Mass",1,Framingham Heart Study,I4210123017,yes
"The Framingham Heart Study and Boston University School of Medicine, Framingham, Mass, USA",1,Framingham Heart Study,I4210123017,yes
"The Framingham Heart Study of the National Heart Lung and Blood Institute of the National Institutes of Health (Bethesda, MD) and Boston University School of Medicine, Boston, MA",1,"Framingham Heart Study | National Institutes of Health | National Heart, Lung, and Blood Institute",I4210123017 I1299303238 I4210106489,yes
"The Framingham Heart Study, Avedisian School of Medicine, Boston University Chobanian, Boston, MA, United States",1,Framingham Heart Study,I4210123017,yes
"The Framingham Heart Study, Boston Univ Sch of Medicine, Framingham, MA",1,Framingham Heart Study,I4210123017,yes
"The Framingham Heart Study, Boston University Chobanian & Avedisian School of Medicine , Boston, MA ,",1,Framingham Heart Study,I4210123017,yes
"The Framingham Heart Study, Boston University Chobanian & Avedisian School of Medicine, Boston, MA USA",1,Framingham Heart Study,I4210123017,yes
"The Framingham Heart Study, Boston University Chobanian & Avedisian School of Medicine, Boston, Massachusetts, United States",1,Framingham Heart Study,I4210123017,yes
"The Framingham Heart Study, Boston University Chobanian &amp; Avedisian School of Medicine  Boston Massachusetts USA",1,Framingham Heart Study,I4210123017,yes
"The Framingham Heart Study, Boston University Chobanian &amp; Avedisian School of Medicine, Boston, MA, USA",1,Framingham Heart Study,I4210123017,yes
"The Framingham Heart Study, Boston University Chobanian and Avedisian School of Medicine , Boston, MA ,",1,Framingham Heart Study,I4210123017,yes
"The Framingham Heart Study, Boston University Chobanian and Avedisian School of Medicine , Framingham, MA 01702 ,",1,Framingham Heart Study,I4210123017,yes
"The Framingham Heart Study, Boston University Chobanian and Avedisian School of Medicine, 72 E. Concord St, Boston, MA, USA - 02118",1,Framingham Heart Study,I4210123017,yes
"The Framingham Heart Study, Boston University Chobanian and Avedisian School of Medicine, Boston, MA, USA. rhodaau@bu.edu",1,Framingham Heart Study,I4210123017,yes
"The Framingham Heart Study, Boston University Chobanian and Avedisian School of Medicine, Boston, Massachusetts",1,Framingham Heart Study,I4210123017,yes
"The Framingham Heart Study, Boston University School of Medicine, Framingham, MA, USA",1,Framingham Heart Study,I4210123017,yes
"The Framingham Heart Study, Boston-University School of Medicine, Boston, Massachusetts",1,Framingham Heart Study,I4210123017,yes
"The Framingham Heart Study, Division of Intramural Research, National Heart, Lung, and Blood Institute, Framingham, MA, United States; Department of Epidemiology, Boston University School of Public Health, Boston, MA, United States; Evans Department of Medicine, Whitaker Cardiovascular Institute and Cardiology Section, Boston University School of Medicine, Boston, MA, United States",1,Framingham Heart Study,I4210123017,yes
"The Framingham Heart Study, Framingham, MA, USA The Population Sciences Branch, Division of Intramural Research, National Heart, Lung, & Blood Institute, Bethesda, MD, USA Department of Biostatistics, Boston University School of Public Health, 715 Albany St, Boston, MA, USA",1,"Framingham Heart Study | National Heart, Lung, and Blood Institute",I4210123017 I4210106489,yes
"The Framingham Heart Study, Framingham, MA, USA; Boston University Chobanian & Avedisian School of Medicine, Boston, MA, USA",1,Framingham Heart Study,I4210123017,yes
"The Framingham Heart Study, Framingham, MA, USA; Department of Biostatistics, Boston University School of Public Health, Boston, MA, USA",1,Framingham Heart Study,I4210123017,yes
"The Framingham Heart Study, Framingham, MA, USA; Department of Neurology, Boston University School of Medicine, Boston, MA, USA; Glenn Biggs Institute for Alzheimer's and Neurodegenerative Diseases, University of Texas Health Sciences Center, San Antonio, TX, USA",1,Framingham Heart Study | The University of Texas at San Antonio Health Science Center,I4210123017 I165951966,yes
"The Framingham Heart Study, Framingham, MA, USA; Section of Preventive Medicine and Cardiology, Boston University School of Medicine, Boston, MA, USA",1,Framingham Heart Study,I4210123017,yes
"The Framingham Heart Study, Framingham, MA, USA; Section of Preventive Medicine and Cardiology, Boston University School of Medicine, Boston, MA, USA. Electronic address: vasan@bu.edu",1,Framingham Heart Study,I4210123017,yes
"The Framingham Heart Study, Framingham, Massachusetts; Department of Medicine, Boston University School of Medicine, Boston, Massachusetts",1,Framingham Heart Study,I4210123017,yes
"The Framingham Heart Study, Framingham, USA; Department of Biostatistics, Boston University School of Public Health, Boston, USA",1,Framingham Heart Study,I4210123017,yes
"The Framingham Heart Study, Framingham, USA; Department of Neurology, Boston University School of Medicine, Boston, USA. Electronic address: joromero@bu.edu",1,Framingham Heart Study,I4210123017,yes
"The Framingham Heart Study, Framingham, USA; Department of Neurology, Boston University School of Medicine, Boston, USA; Glenn Biggs Institute for Alzheimer's & Neurodegenerative Diseases, UT Health San Antonio, San Antonio, USA",1,Framingham Heart Study,I4210123017,yes
"The Framingham Heart Study/Boston University School of Medicine, 73 Mount Wayte Avenue, Framingham, MA 01702, USA. billkannel@yahoo.com",1,Framingham Heart Study,I4210123017,yes
"The Framingham Study, Boston University School of Medicine, Framingham, MA, USA. E-mail: ",1,Framingham Heart Study | Framingham State University,I4210123017 I47834966,yes
"The Framingham Study, Boston University School of Medicine, Framingham, MA, USA. vasan@bu.edu",1,Framingham State University | Framingham Heart Study,I47834966 I4210123017,yes
"The Framingham Study, Framingham, MA, USA; Department of Neurology, Boston University School of Medicine, Boston, MA, USA; Glenn Biggs Institute for Alzheimer's and Neurodegenerative Diseases, University of Texas Health Sciences Center, San Antonio, TX 78229, USA",1,Framingham Heart Study | The University of Texas at San Antonio Health Science Center,I4210123017 I165951966,yes
"The Glenn Biggs Institute for Alzheimer's and Neurodegenerative Diseases, University of Texas Health Sciences Center, San Antonio, TX, USA; NHLBI's Framingham Heart Study, Framingham, MA, USA; Department of Neurology, Boston University Chobanian & Avedisian School of Medicine, Boston, MA, USA",1,Framingham Heart Study | The University of Texas at San Antonio Health Science Center,I4210123017 I165951966,yes
"The Maxwell Finland Laboratory for Infectious Diseases , Departments of Pediatrics and Medicine , Boston City Hospital , and Boston University School ofMedicine , Boston , Massachusetts 02118",1,,,no
"The Maxwell Finland Laboratoryfor Infectious Diseases , Boston City Hospital , Boston University School ofMedicine , Boston , Massachusetts 02118",1,,,no
"The NHLBI's Framingham Heart Study, Framingham, MA, USA, Department of Biostatistics, Boston University School of Public Health, Boston, MA, USA",1,Framingham Heart Study,I4210123017,yes
"The NHLBI's Framingham Heart Study, Framingham, MA, USA; Department of Biostatistics, School of Public Health, Boston University, Boston, MA, USA",1,Framingham Heart Study,I4210123017,yes
"The NHLBI's Framingham Heart Study, Framingham, Massachusetts; Department of Biostatistics, Boston University School of Public Health, Boston, Massachusetts",1,Framingham Heart Study,I4210123017,yes
"The NHLBI's and Boston University's Framingham Heart Study, Framingham, Massachusetts",1,Framingham Heart Study,I4210123017,yes
"The National Emerging Infectious Diseases Laboratories (NEIDL), Boston University, Belfield, Dublin 4, Ireland",1,National University of Ireland,I181231927,no
"The National Heart Lung Blood Institute and Boston University's Framingham Heart Study, Framingham, Massachusetts",1,Framingham Heart Study,I4210123017,yes
"The National Heart Lung and Blood Institute's Framingham Heart Study, 73 Mount Wayte, Suite 2, Framingham, MA 01701, USA; Section of General Internal Medicine, Department of Medicine, Boston University School of Medicine, 720 East Concord Street, Boston, MA 02118, USA. Electronic address: murabito@bu.edu",1,Framingham Heart Study,I4210123017,yes
"The National Heart Lung and Blood Institute's Framingham Heart Study, Framingham, Massachusetts, USA Pulmonary Center and Department of Medicine, Boston University School of Medicine, Boston, Massachusetts, USA",1,Framingham Heart Study,I4210123017,yes
"The National Heart Lung and Blood Institute's and Boston University's Framingham Heart Study, Framingham, Massachusetts",1,"Framingham Heart Study | National Heart, Lung, and Blood Institute",I4210123017 I4210106489,yes
"The National Heart, Lung and Blood Institute &amp; Boston University's Framingham Heart Study, 73 Mount Wayte Avenue, Framingham, MA 01702, USA",1,"Framingham Heart Study | National Heart, Lung, and Blood Institute",I4210123017 I4210106489,yes
"The National Heart, Lung and Blood Institute's and Boston University's Framingham Heart Study, Framingham, Massachusetts, United States of America",1,"Framingham Heart Study | National Heart, Lung, and Blood Institute",I4210123017 I4210106489,yes
"The National Heart, Lung, and Blood Institute , Boston University's Framingham Heart Study , Framingham , MA , USA;",1,Framingham Heart Study,I4210123017,yes
"The National Heart, Lung, and Blood Institute's Framingham Heart Study, 73 Mt. Wayte Avenue, Framingham, MA 01702-5827, USA ; Cardiology and Preventive Medicine Section, Boston University School of Medicine, Boston, 715 Albany Street, MA 02118, USA ; Department of Epidemiology, Boston University School of Public Health, Boston, 715 Albany Street, MA 02118, USA",1,Framingham Heart Study,I4210123017,yes
"The National Heart, Lung, and Blood Institute's Framingham Heart Study, Framingham, MA, Boston University School of Medicine, Boston, MA, USA",1,"Framingham Heart Study | National Heart, Lung, and Blood Institute",I4210123017 I4210106489,yes
"The National Heart, Lung, and Blood Institute's and Boston University's Framingham Heart Study, 73 Mt. Wayte Avenue, Framingham, MA, USA",1,"Framingham Heart Study | National Heart, Lung, and Blood Institute",I4210123017 I4210106489,yes
"The National Heart, Lung, and Blood Institute's and Boston University's Framingham Heart Study, Framingham, 01702, Massachusetts, USA",1,"Framingham Heart Study | National Heart, Lung, and Blood Institute",I4210123017 I4210106489,yes
"The National Heart, Lung, and Blood Institute's and Boston University's Framingham Heart Study, Framingham, MA 01702",1,"Framingham Heart Study | National Heart, Lung, and Blood Institute",I4210123017 I4210106489,yes
"The National Heart, Lung, and Blood Institute's and Boston University's Framingham Heart Study, Framingham, Massachusetts 01702, USA",1,Framingham Heart Study,I4210123017,yes
"The National Heart, Lung, and Blood Institute, Boston University's Framingham Heart Study, Framingham, MA, USA; Department of Epidemiology, Boston University School of Public Health, Boston, MA, USA",1,Framingham Heart Study,I4210123017,yes
"The National Heart, Lung, and Blood Institute, Boston University's Framingham Heart Study, Framingham, MA, USA; The Population Sciences Branch, Division of Intramural Research, National Heart, Lung, and Blood Institute, Bethesda, MD, USA",1,Framingham Heart Study,I4210123017,yes
"The Population Sciences Branch of the National Heart, Lung and Blood Institute, Bethesda, MD, USA and the Framingham Heart Study, Framingham, MA, USA; Department of Medicine, Boston University School of Medicine, Boston, MA, USA",1,Framingham Heart Study,I4210123017,yes
"The Pulmonary Center, Boston University Chobanian & Avedisian School of Medicine, 72 East Concord Street, R‑304, Boston, MA, 02118, USA. justin.lui@bmc.org",1,,,no
"The Pulmonary Center, Boston University Chobanian & Avedisian School of Medicine, Boston, MA, USA. Electronic address: justin.lui@bmc.org",1,,,no
"The Pulmonary Center, Boston University School of Medicine, Boston, Massachusetts 02118; Eleanor Roosevelt Institute for Cancer Research and Department of Medicine, University of Colorado Health Science Center, Denver, Colorado 80202; Cardiovascular Research Institute, Department of Medicine, University of California, San Francisco, California 94143; Department of Cellular and Molecular Physiology, The Pennsylvania State University College of Medicine, Hershey, Pennsylvania 16802; and Section of Biomolecular Medicine, Department of Medicine, Boston University, Boston, Massachusetts",1,"University of California, San Francisco",I180670191,no
"The Rev. Cullene Bryant is the director of pastoral care at the University of Alberta Hospitals in Edmonton, AB. She received her bachelor of arts degree from the University of Toronto, and her master of divinity degree from Boston University. Ordained in the United Church of Canada, she holds a doctorate from Princeton Seminary in Princeton, NJ",1,,,no
"The Technology Commercialization Institute, The University of Boston, Mass., USA",1,,,no
"The Wharton School, University of Pennsylvania. Respondents to the MIT Sloan Financing New High-Tech Ventures Survey made this project possible. I would like to thank Diane Burton, Joshua Gans, Rick Green (the editor), Thomas Hellmann, Steve Kaplan, Augustin Landier, Josh Lerner, Ken Morse, Ed Roberts and especially Scott Stern and an anonymous referee, for supplying helpful comments and suggestions. I thank seminar participants at Boston University, Carnegie Mellon, Case Western, Columbia, Harvard, INSEAD, University of Maryland, the MIT Organizational Economics lunch, Michigan, the NBER Productivity lunch, National University of Singapore, New York University, Stanford, University of Toronto, University of Texas, Washington University, Wharton, and the 2002 Yale Conference on Entrepreneurship, Venture Capital and Initial Public Offerings for interesting comments and discussions. Jaimie Lien provided excellent research assistance. Funding for this project from the Wharton Management Department, the MIT Entrepreneurship Center and the MIT Center for Innovation in Product Development through NSF Cooperative Agreement EEC-9529140 is gratefully acknowledged",1,Carnegie Mellon University,I74973139,no
The Whitaker Cardiovascular InstituteBoston University School of MedicineBostonMassachusettsUSA,1,Cardiovascular Institute of the South,I25790992,no
The author has a Ph.D. in Cultural Geography from Boston University and is at present employed as an educational consultant by the State of Massachusetts,1,,,no
"The author is Assistant Professor of Finance in the Department of Political Economy at the University of Toronto. This research was supported, in part, by Boston University and the Institute of Finance and Accounting, London Graduate School of Business Studies, UK. The author would like to thank Dave Fehr for helpful discussion",1,,,no
"The author of numerous publications, he has presented papers before national meetings of WWEMA, APCA, AIChE, Catalysis Society, ACS, and AIChE. Ph.D. from Purdue University and an AB from Boston University",1,American Institute of Chemical Engineers,I154016704,no
"The author thanks Marcelo Moreira, Whitney Newey, Jack Porter, Jim Powell, Jim Stock, two anonymous referees, and seminar participants at Aarhus, Berkeley, Boston University, Brown, the 2005 CEME conference, Harvard/MIT, Michigan, Penn, UC Davis, UCLA, UCSD, Wisconsin, and the 2005 World Congress of the Econometric Society for helpful comments. Financial support from CREATES (funded by the Danish National Research Foundation) is gratefully acknowledged",1,,,no
"The author wishes to express his thanks to Dr P. D. F. Strydom of Senbank and Professor M. Blejer of the Hebrew and Boston Universities, respectively, for their useful comments. Any errors are, of course, the author's",1,,,no
The author wishes to thank Professor John J. Hughes of Boston University and Robert L. Heilbroner of the New School for Social Research for their assistance in writing this paper. He also wishes to thank Eugene Epstein of the New School and Vedat Sayar of Brooklyn College for their editorial assistance,1,New School,I102179633,no
"The authors are at the Ecosystems Center and Boston University Marine Program, Marine Biological Laboratory, Woods Hole, MA 02543, USA. E-mail: ivaliela@mbl.edu sefox@mbl.edu",1,Marine Biological Laboratory,I1338920048,no
"The authors are from Bendey College, Waltham, Massachusetts. They would like to acknowledge the many insightful comments of Ashok Vora, and also the helpful comments of the members of the Finance Workshop at Boston University. Thanks to Joan Piasecki for help in data collection",1,,,no
"The authors are respectively from the David Eccles School of Business at the University of Utah, Carroll School of Management at Boston College, and Darden Graduate School of Business at the University of Virginia. They gratefully acknowledge the financial support of Boston College, the University of Utah, and the University of Virginia Darden School Foundation. The authors appreciate the research assistance of Ryan Kiracofe, Chris Liong, Christopher Rusyniak and Craig Tessiatore. They appreciate helpful comments and suggestions from an anonymous referee, Andrew Stark (editor), Bill Baber, Wenli Huang, Ryan Leece, Lei Li, Philip Strahan, Hassan Tehranian, and Pete Wilson, and from workshop participants at Boston University, Emory University, Georgetown University, London Business School, The Ohio State University, Yale University, University of Colorado at Boulder, University of Toronto Conference, the 2010 American Accounting Association annual meeting, and the 2011 American Accounting Association Management Accounting Section conference",1,Knowledge Foundation | Georgetown University,I4210116758 I184565670,no
"The paper is an extensively revised version of Chapter 1 of my PhD dissertation submitted to Boston University. I am deeply indebted to Albert Ma for his suggestions and comments. I thank Dirk Bergemann, Shingo Ishiguro, Dilip Mookherjee, Tetsuya Shinkai, Yoshimasa Shirai, Yasunari Tamada, Masatoshi Tsumagari, Makoto Yano, and an anonymous referee for their helpful comments. Robert Rosenthal deserves credit for his generous assistance at the beginning of this research project. Any errors are my own. Part of the work was carried out while I was visiting Boston University; their hospitality is very much appreciated",1,,,no
The work reported here is contained in a dissertation submitted by the first author in partial fulfillment of the requirements for the Ph.D. degree at Boston University,1,,,no
"Theodore Stefos was an economist in the US Department of Veterans Affairs (VA) and an assistant professor in Boston University's School of Public Health in Boston, Mass. In the VA's Office of Productivity, Efficiency, and Staffing in West Haven, Conn., Eileen A. Moran is director, and Stacy A. Poe is a program analyst. Roderick S. Hooker is a health policy analyst. The authors have disclosed no potential conflicts of interest, financial or otherwise",1,,,no
Theological Seminary; 1994 S.T.M. Boston University; 2003 Ph.D,1,,,no
"Think College Inclusive Higher Education Network, University of Boston",1,,,no
"Think College Inclusive Higher Education Network, University of Boston, Boston, MA, USA",1,,,no
"This article is based on my Walras–Bowley Lecture, presented at the North American Summer Meetings of the Econometric Society, Boston University, June 2009. Helpful comments were received from participants in seminars at IFS, Stockholm University, Sciences Po, CREST-INSEE, Cambridge University, the Paris School of Economics, and conferences at the Milton Friedman Institute (University of Chicago), Jerusalem (Bank of Israel), and Venice (CSEifo). I am particularly grateful to Rob Shimer, Iouri Manovskii, Jean-Olivier Hairault, Thomas Piketty, Pierre Cahuc, Francis Kramarz, Guy Laroque, Boyan Jovanovic, Tom Sargent, and Fabien Postel-Vinay whose questions and comments have definitely influenced this paper",1,University of Cambridge | University of Chicago,I241749 I40347166,no
"This paper is based on Chapter 2 of my Ph.D. Thesis (Noor (2005)). I am greatly indebted to Larry Epstein for his guidance and encouragement throughout the project and to Bart Lipman for many useful discussions. I have also benefitted from comments from Paulo Barelli, Faruk Gul, Klaus Nehring, Wolfgang Pesendorfer, Gábor Virág, seminar participants at Rochester, Princeton, Yale, Iowa, and Boston University, participants at the Canadian Economic Theory Conference (May 2004), the Risk, Uncertainty and Decisions Conference (June 2004), and the Midwest Economic Theory Meeting (Nov. 2004), and in particular from the editor and referees. The usual disclaimer applies",1,,,no
This paper was prepared (in part) from data in a dissertation submitted to Boston University Graduate School in partial fulfillment of the requirements for the Doctor of Philosophy degree,1,,,no
This work was done in partial fulfillment of the requirements for the degree of Master of Arts at Boston University,1,,,no
"Thomas J. Wang From the Framingham Heart Study of the National Heart, Lung and Blood Institute and Boston University School of Medicine, Framingham, MA (S.C., M.G.L., E.L.M., C.S.F., C.J.O., R.S.V., T.J.W.)",1,"Framingham Heart Study | National Heart, Lung, and Blood Institute",I4210123017 I4210106489,yes
"Thomas J. Wang From the National Heart, Lung, and Blood Institute's and Boston University's Framingham Study (R.B.S., M.G.L., P.A.W., D.L., R.S.V., E.J.B.), Framingham, Mass",1,"Framingham Heart Study | National Heart, Lung, and Blood Institute",I4210123017 I4210106489,yes
"Thomas Jefferson Univ., Philadelphia, PA, and 2Dept. of Pediatrics, Boston Univ. School of Medicine, Boston, MA",1,Thomas Jefferson University,I149251103,no
"Thorndike Memorial Laboratory, Boston City Hospital, Boston UniversityMedical Center, Massachusetts 02118",1,,,no
"Timothy Tian-min Lin is Assistant Professor of Philosophy and Religion at Tougaloo College. He received his B.A. in Philosophy from National Taiwan University, B.D. and S.T.M. in Philosophical Theology from Yale University, and Ph.D. in Philosophical Theology from Boston University. He has published a number of articles and reviews",1,,,no
"Tobias Adrian is with the International Monetary Fund. Richard Crump is with the Federal Reserve Bank of New York. Erik Vogt is with Citadel. The views expressed in this paper are those of the authors and do not necessarily represent those of the International Monetary Fund, the Federal Reserve Bank of New York, the Federal Reserve System, or Citadel. The authors thank Ken Singleton (the Editor), three anonymous referees, Michael Bauer, Tim Bollerslev, Andrea Buffa, John Campbell, Itamar Drechsler, Rob Engle, Eric Ghysels, Arvind Krishnamurthy, Ivan Shaliastovich, Allan Timmermann, Peter Van Tassel, Ken West, Jonathan Wright, as well as seminar and conference participants at Boston University, the Federal Reserve Bank of New York, the Federal Reserve Bank of San Francisco, the NYU Stern Volatility Institute, the NBER 2015 Summer Institute, and the 2016 AFA Annual Meeting for helpful comments and suggestions. Daniel Stackman, Rui Yu, and Oliver Kim provided outstanding research assistance. The authors declare that they have no relevant or material financial interests related to the research in this paper",1,Federal Reserve Bank of New York,I43638361,no
"Torben G. Andersen and Viktor Todorov are at the Kellogg School of Management, Northwestern University. Nicola Fusari is at the Carey Business School, The Johns Hopkins University. We are thankful to Ken Singleton (the Editor) and anonymous referees, as well as seminar participants at the Booth School of Business, University of Chicago, the Kellogg School of Management, Northwestern University, Stanford University, Johns Hopkins University, the Second International Workshop in Financial Econometrics, Salvador, Brazil, October 2015, the European Econometric Society Meeting in Milan, December 2015, the Empirical Finance Workshop at ESSEC Business School, Office of Financial Research, Washington, DC, Boston University and the Market Microstructure and High Frequency Data Conference at the Stevanovich Center, University of Chicago, May 2016. We also thank Ian Dew-Becker, Anna Cieslak, Ravi Jagannathan, Roger Lee, Jeff Russell, Fabio Trojani, and Dacheng Xiu for helpful comments. Yupeng Wang provided skillful research assistance. Finally, we are very grateful to John Angelos and Mike Warsh from the CBOE for detailed explanations regarding the institutional organization of trading in weekly options, and to Luca Benzoni and Ivana Ruffini from the Federal Reserve Bank of Chicago for facilitating this information exchange. Andersen gratefully acknowledges support from CREATES, Center for Research in Econometric Analysis of Time Series (DNRF78), funded by the Danish National Research Foundation. The work is partially supported by NSF Grant SES-1530748. We also acknowledge financial support from the CME Group and access to data from the CME DataMine system",1,,,no
"Trustees of Boston University , BUMC Office of Sponsored Programs 85 East Newton Street , M-921 Boston , MA 02118",1,,,no
"Tufts Medical Center, Tufts Boston University, Boston, MA, USA, and",1,Tufts Medical Center,I1290900354,no
"Tufts University, Boston, MA. 4Boston University, Boston, MA",1,Tufts University,I121934306,no
U. Carlos III de MadridBoston U.Boston U,1,Universidad Carlos III de Madrid,I50357001,no
"U. S. Army Res. Inst. Environ. Med., Natick MA 01760–5007 and Naval Blood Res. Lab./Boston Univ. Sch. Med., Boston MA 02118",1,U.S. Army Research Institute of Environmental Medicine,I121067369,no
U. of AlbertaStanford U.EMLYON Business SchoolU. of AlbertaMcGill U.Boston U.U. of Cambridge,1,,,no
"U. of California, San DiegoU. of California, San DiegoWaseda U.Boston U",1,University of San Diego,I160856358,no
"US Army Research Institute of Environmental Medicine, Matick, MA 01760, and Dept. of Health Sciences, Boston Univ",1,U.S. Army Research Institute of Environmental Medicine,I121067369,no
"USC Law Center, the Institute for Law and Economics at the University of Pennsylvania for its financial support; and audiences at USC, Stanford Uni-versity, University of Pennsylvania, George Mason University, George Washington Uni-versity, Vanderbilt University, Boston University,",1,George Washington University | George Mason University | Vanderbilt University | University of Pennsylvania,I193531525 I162714631 I200719446 I79576946,no
"Ulf Axelson is with London School of Economics and SIFR, and Philip Bond is with the University of Washington. A previous version of this paper circulated under the title “Investment Banking Careers.” We thank Bruno Biais (the Editor); two anonymous referees; Wouter Dessein; Paolo Fulghieri; Andrew Hertzberg; Camelia Kuhnen; Alan Morrison; Christian Opp; Paul Oyer; Uday Rajan; David Robinson; Ibola Schindele; and seminar audiences at the American Economic Association meetings, BI Oslo, Boston University, Carnegie Mellon University, University of Chicago, Columbia, Cornell, the European Finance Association meetings, University of Exeter, ESMT Berlin, the Federal Reserve Bank of Philadelphia, the Federal Reserve Bank of Minneapolis, the Financial Intermediation Research Society meetings, University of Frankfurt (Goethe), University of Glasgow, HEC Paris, University of Houston, IE, IESE, Jackson Hole Finance Group conference, London Business School, London School of Economics, McGill, MIT, Michigan State University, University of Minnesota, NBER, Ohio State University, Oxford University, SIFR/SSE, SSE Riga, Temple, UT Austin, Stanford, and Toulouse IDEI for helpful comments and suggestions. Any errors are our own",1,Goethe University Frankfurt | Cornell University | Carnegie Mellon University,I114090438 I205783295 I74973139,no
"Ulf von Lilienfeld-Toal is at the Stockholm School of Economics. Stefan Ruenzi is at the University of Mannheim. We thank Cam Harvey (the Editor), an Associate Editor, an anonymous referee, Franklin Allen, Yakov Amihud, Laurent Bach, Efraim Benmelech, Matthias Blonski, Ingolf Dittmann, Darrell Duffie, Alex Edmans, Jay Hartzell, Dirk Jenter, Eugene Kandel, Preston McAfee, Dilip Mookherjee, Alexandra Niessen-Ruenzi, Lasse Pedersen, Jeremy Stein, Bruno Strulovici, Sheridan Titman, and seminar participants at Boston University, Tilburg University, Stockholm School of Economics, University of Bergen, Free University of Berlin, University of Calgary, University of Adelaide, University of Frankfurt, University of Maryland at College Park, University of Texas at Austin, Erasmus University Rotterdam, BI Oslo, Bocconi University, NHH Bergen, Pompeu Fabra Barcelona, Oxford University, Dartmouth University, University of Amsterdam, Vrije University Amsterdam, UNSW Sydney, and the CEPR European Summer Symposium in Financial Markets for helpful comments and suggestions. We also wish to thank Rüdiger Fahlenbrach for sharing his founder CEO data with us and Saumitra Saha for excellent research assistance. Parts of this paper were written while the authors were visiting the Financial and Economic Data Center (FEDC) at Humboldt University, Berlin. This research was supported by the Deutsche Forschungsgemeinschaft through the SFB 649 “Economic Risk.” Financial support from the NASDAQ OMX Nordic Foundation and the Jan Wallanders and Tom Hedelius Foundation is gratefully acknowledged",1,"Straumann (Switzerland) | University of Maryland, College Park | Goethe University Frankfurt",I2801762138 I66946132 I114090438,no
"Ulf von Lilienfeld-Toal is at the Stockholm School of Economics. Stefan Ruenzi is at the University of Mannheim. We thank Cam Harvey (the Editor), an Associate Editor, an anonymous referee, Franklin Allen, Yakov Amihud, Laurent Bach, Efraim Benmelech, Matthias Blonski, Ingolf Dittmann, Darrell Duffie, Alex Edmans, Jay Hartzell, Dirk Jenter, Eugene Kandel, Preston McAfee, Dilip Mookherjee, Alexandra Niessen-Ruenzi, Lasse Pedersen, Jeremy Stein, Bruno Strulovici, Sheridan Titman, and seminar participants at Boston University, Tilburg University, Stockholm School of Economics, University of Bergen, Free University of Berlin, University of Calgary, University of Adelaide, University of Frankfurt, University of Maryland at College Park, University of Texas at Austin, Erasmus University Rotterdam, BI Oslo, Bocconi University, NHH Bergen, Pompeu Fabra Barcelona, Oxford University, Dartmouth University, University of Amsterdam, Vrije University Amsterdam, UNSW Sydney, and the CEPR European Summer Symposium in Financial Markets for helpful comments and suggestions. We also wish to thank Rüdiger Fahlenbrach for sharing his founder CEO data with us and Saumitra Saha for excellent research assistance. Parts of this paper were written while the authors were visiting the Financial and Economic Data Center (FEDC) at Humboldt University, Berlin. This research was supported by the Deutsche Forschungsgemeinschaft through the SFB 649 ""Economic Risk."" Financial support from the NASDAQ OMX Nordic Foundation and the Jan Wallanders and Tom Hedelius Foundation is gratefully acknowledged",1,"Straumann (Switzerland) | University of Maryland, College Park | Goethe University Frankfurt",I2801762138 I66946132 I114090438,no
"Uni-versity of Illinois at Chicago. bResearch Fellow in Prosthodontics, Department of Prosthetic Dentistry, Harvard School of Dental Medicine. CAssistant Professor, Department of Prosthetic Dentistry, Har-vard School of Dental Medicine. dAssistant Professor, Department of Biomaterials, Boston Uni-versity",1,,,no
"United States Department of Veteran Affairs, Center for Healthcare Organization and Implementation Research (CHOIR) and Boston University's School of Public Health",1,,,no
"Univ Calif San Diego, Dept Psychol, 0109, LA Jolla, CA 92093, USA; Brandeis Univ, Waltham, MA 02254, USA and Boston Univ, Sch Med, Boston, MA 02218, USA",1,Brandeis University,I6902469,no
"Univ Calif Santa Barbara, Dept Math, Santa Barbara, CA 93106, USA; Iowa State Univ Sci & Technol, Dept Comp Sci, Ames, IA 50011, USA and Boston Univ, Dept Comp Sci, Boston, MA 02215, USA",1,"University of California, Santa Barbara",I154570441,no
"Univ Heidelberg, Inst & Poliklin Occupat & Social Med, W 6900 Heidelberg, Germany; Natl Inst Environm Studies, Yatabe, Ibaraki 305, Japan and Boston Univ, Dept Neurol, Boston, MA 02215, USA",1,Heidelberg University,I223822909,no
"Univ Illinois, Inst Neuropsychiat, Dept Neurol, 912 S Wood St, Chicago, IL 60612, USA; Boston Univ, Sch Med, Dept Neurol, Boston, MA 02118, USA; Univ Maryland, Sch Med, Dept Neurol, Baltimore, MD 21201, USA and Columbia Presbyterian Med Ctr Inst, Dept Neurol, New York, NY, USA",1,Columbia University Irving Medical Center,I2799503643,no
"Univ Minnesota, Sch Publ Hlth, Div Epidemiol, 1300 S 2ND St, Minneapolis, MN 55054, USA; Boston Univ, Sch Med, Evans Dept Med, Prevent Med & Epidemiol Sect, Boston, MA 02118, USA; Univ Calif San Diego, Dept Pediat, La Jolla, CA 92093, USA; Univ Massachusetts, Sch Publ Hlth, Amherst, MA 01003, USA; Louisiana State Univ, Med Ctr, Dept Med, New Orleans, LA 70112, USA; Univ Texas, Dept Kinesiol & Hlth Educ, Austin, TX 78712, USA and Univ Texas, Hlth Sci Ctr, Ctr Hlth Promot Res & Dev, Houston, TX 77225, USA",1,University of Minnesota,I130238516,no
"Univ Tennessee, Knoxville, TN 37996, USA; Cornell Univ, Ithaca, NY 14853, USA and Boston Univ, Boston, MA 02215, USA",1,Cornell University | University of Tennessee at Knoxville,I205783295 I75027704,no
"Univ Wisconsin, Dept Math, La Crosse, WI 54601, USA; Boston Univ, Dept Math, Boston, MA 02215, USA and Howard Univ, Dept Math, Washington, DC 20059, USA",1,,,no
"Univ of Texas Medical Branch, Galveston, TX; Clin Research Institute of  Montreal, Montreal, PQ Canada; Boston Univ Sch of Medicine, Boston, MA; Univ  of Texas Medical Branch, Galveston, TX",1,The University of Texas Medical Branch at Galveston,I55302922,no
"Univ of Texas Medical Branch, Galveston, TX; Clin Research Institute of Montreal, Montreal, PQ Canada; Boston Univ Sch of Medicine, Boston, MA; Univ of Texas Medical Branch, Galveston, TX",1,The University of Texas Medical Branch at Galveston,I55302922,no
"Univ. of Boston, Boston, MA, USA",1,,,no
"Univ. of Oregon, Eugene, OR (United States); Boston Univ., MA (United States)",1,University of Oregon,I181233156,no
"Universidade de Boston,  EUA",1,,,no
"Universidade de Boston,  Estados Unidos da América",1,,,no
"University Hospital, Boston University Medical Center Boston, Mass., and Heart Disease Epidemiology Study Framingham, Mass",1,Framingham Heart Study | Boston Medical Center,I4210123017 I1286490081,yes
"University Hospital, Department of Orthopaedics, Boston, Massachusetts",1,,,no
"University HospitalBoston University Medical CenterBoston, Mass",1,,,no
"University School of Medicine, Boston",1,University School,I4210153792,no
"University School of Medicine, Boston, US",1,University School,I4210153792,no
"University School of Social Work, 264 Bay State Road, Boston, MA, 02215, USA",1,Bay State College,I78063147,no
"University School of Theology, Boston,",1,University School,I4210153792,no
"University School ofMedicine, Boston, Massachusetts 02118",1,,,no
"University Schools of Medicine and Public Health. Boston, MA",1,Boston Public Schools,I4210136996,no
"University of Boston ,",1,,,no
"University of Boston , Boston",1,,,no
"University of Boston , Massachusetts , United States;",1,University of Massachusetts Boston,I33434090,no
University of Boston Boston MA USA,1,,,no
University of Boston Law School (Autumn 2010),1,,,no
"University of Boston, 725 Commonwealth Avenue, Boston, MA 02215, USA",1,,,no
"University of Boston, Boston MA, USA",1,,,no
"University of Boston, Boston, Ma",1,,,no
"University of Boston, Boston, Massachusetts, 02118",1,,,no
"University of Boston, Boston, Massachusetts, United States",1,University of Massachusetts Boston,I33434090,no
"University of Boston, Center for Psychiatric
                    Rehabilitation",1,University Psychiatric Hospital | Psychiatric Rehabilitation Association,I4210160367 I2802913063,no
"University of Boston, Center for Psychiatric
 Rehabilitation",1,,,no
"University of Boston, Department of Earth and Environment, MA, USA",1,University of Massachusetts Boston,I33434090,no
"University of Boston, Massachusetts, USA",1,University of Massachusetts Boston,I33434090,no
"University of Boston, Massachusetts, United States;",1,University of Massachusetts Boston,I33434090,no
"University of Boston, School of Medicine, Boston, MA, USA",1,,,no
"University of Boston, Wheelock College of Education& Human Development, United States",1,Wheelock College,I48530168,no
"University of Boston,Boston,America,02215",1,,,no
University of Boston/ University of Oxford (Balliol College),1,University of Oxford,I40120149,no
"University of Bristol and Research Fellow in Archaeology, University of Boston",1,Department of Archaeology | University of Bristol,I4210161471 I36234482,no
"University of British Columbia, Boston University, C.R.D.E. and N.B.E.R",1,,,no
"University of Cambridge Marco Bronckers , University of Leiden Ronald Cass , Boston University School of Law Piet Eeckhout , Kings College , London",1,University of Cambridge,I241749,no
University of Helsinki . The opponent was Professor Gareth Dylan Smith ( Boston University,1,University of Helsinki,I133731052,no
"University of Iowa , Boston University , University of Arizona , University of Miami. Department of Economics ,",1,University of Arizona,I138006243,no
"University of Pittsburgh School of Medicine, 3459 Fifth Avenue 9S, Pittsburgh, PA (PJR); Chair, Department of Community Health Sciences, Boston University School of Public Health, Professor of Community Health Sciences & Medicine, Boston University School of Public Health and Medicine, Clinical Addiction Research and Education Unit and Grayken Center for Addiction, Boston Medical Center, MA (RS)",1,,,no
"University of Pittsburgh, School of Dental Medicine, Department of Oral Medicine/Pathology, 628 Salk Hall, 3501 Terrace Street, Pittsburgh, PA 15261, USA, 

bUniversity of Pittsburgh, School of Medicine, Department of Human Genetics, Pittsburgh, PA 15261, USA, 

cDepartment of Periodontology, University of Istanbul School of Dentistry, Istanbul, Turkey, 

dBoston University, Goldman School of Dental Medicine, Department of Periodontology and Oral Biology, Boston, MA 02118-2392, USA, 

eDepartment of Community Dentistry, Hebrew University-Hadassah Faculty of Dental Medicine, Jerusalem, Israel, 

fDepartment of Dermatology, Hebrew University-Hadassah Medical Center, Jerusalem, Israel, 

gDepartment of Periodontology, Hebrew University-Hadassah Faculty of Dental Medicine, Jerusalem, Israel",1,University of Pittsburgh,I170201317,no
"University of Science and Technology of China, his Masters from Renmin University of China, and his doctorate in Management Information Systems from Boston University",1,Renmin University of China,I78988378,no
University of Texas Health Science Center San Antonio and Boston University  San Antonio Texas USA,1,The University of Texas at San Antonio Health Science Center,I165951966,no
University of UtrechtBoston University,1,Utrecht University,I193662353,no
"Universität Boston, School of Medicine, Germany",1,,,no
"Univerza v Bostonu, Združene države",1,,,no
VA Boston HCS and BU School of Medicine,1,VA Boston Healthcare System | Indiana University School of Medicine,I2801671727 I4394709130,no
"VA Boston Healthcare System,Boston,MA,USAandBoston University School of Medicine,Boston,MA,USA",1,VA Boston Healthcare System,I2801671727,no
"VA Boston Healthcare System/BU School of Medicine, Boston, Massachusetts, United States",1,VA Boston Healthcare System,I2801671727,no
"VA Health Services R & D Service, Boston Universi Medical Center",1,,,no
"VA Nonmative Aging Study, Boston VA Outpatient Clinic; Boston University Goldman School of Dental Medicine",1,,,no
"VA Nonmative Aging Study, Boston VA Outpatient Clinic; Boston University School of Public Health",1,,,no
"VU University Medical Center and Boston University School of Medicine, Amsterdam, The Netherlands",1,Amsterdam UMC Location Vrije Universiteit Amsterdam,I911458345,no
"Vanessa Xanthakis Department of Biostatistics, Boston University Schools of Public Health and Medicine, Boston, MA Framingham Heart Study, National Heart, Lung, and Blood Institute, Framingham, MA",1,"Framingham Heart Study | National Heart, Lung, and Blood Institute",I4210123017 I4210106489,yes
"Vanessa Xanthakis https://orcid.org/0000-0002-7352-621X Department of Biostatistics (V.X.), Boston University School of Public Health, MA. Boston University's and National Heart Lung and Blood Institute's Framingham Heart Study, MA (R.S.V., V.X., C.A.)",1,Framingham Heart Study,I4210123017,yes
"Vasan S. Ramachandran https://orcid.org/0000-0001-7357-5970 Department of Medicine, Boston University School of Medicine, MA (V.S.R.). Department of Epidemiology, Boston University School of Public Health, MA (V.S.R.). Framingham Heart Study, Framingham, MA (V.S.R., K.M.M.)",1,Framingham Heart Study,I4210123017,yes
Vascular Biology UnitWhitaker Cardiovascular InstituteBoston University School of MedicineBostonMassachusettsUSA,1,Cardiovascular Institute of the South,I25790992,no
"Vascular Medicine Section, Evans Medical Department of Clinical Research and Department of Medicine, Boston University Medical Center/The University Hospital, Boston, Maryland, U.S.A",1,Boston Medical Center,I1286490081,no
"Vascular Medicine Section, The University Hospital, Boston, Massachusetts",1,,,no
"Veronica Meneses, MD, MSHS, Douglas Vanderbilt, MD, Center for Excellence in Developmental Disabilities, Children's Hospital Los Angeles, University of Southern California Keck School of Medicine, Los Angeles, CA. Linda Barnes, PhD, Department of Family Medicine, Boston University School of Medicine, Boston, MA. Marilyn, Augustyn, MD, Department of Pediatrics, Boston University School of Medicine, Boston, MA",1,,,no
"Veterans Administration Hospital and Boston Uni-versity School of Medicine, Boston",1,United States Department of Veterans Affairs,I1322918889,no
"Vice president and general manager of VASCO (www.vasco.com). He received his bachelor's degree in computer science in 1983 from Hebrew University in Jerusalem, and his master's degree in computer science in 1987 from Boston University. He is a member of Usenix, Sage, and ISSA and can be reach at 978-635-9070 or at jec@vasco.com",1,Hebrew University of Jerusalem,I197251160,no
"Vice-President, First National Bank of Boston. Summarized by permission from Boston University Business Review, Fall, 1962",1,National Australia Bank,I273905872,no
"Victoria Pass trained as an art historian at Boston University (BA) and the School of the Art Institute of Chicago (MA). A doctoral candidate in Visual and Cultural Studies at the University of Rochester, she is currently completing her dissertation on the relationship between the fashion industry and the art world in the 1920s and 1930s. Two of Pass's short essays on Sex and the City have just been published in the book September 11 in Popular Culture: A Guide",1,Art Institute of Chicago,I158129278,no
"Vienna University of Economics and Business, Austria; Boston University’s Global Development  Policy Initiative, US; University of Zurich, Switzerland",1,Vienna University of Economics and Business,I102248843,no
"Vienna University of Economics and Business, Austria; Boston University’s Global Development Policy Initiative, US; University of Zurich, Switzerland",1,Vienna University of Economics and Business | University of Zurich,I102248843 I202697423,no
Vienna University of Economics and Business; Boston University’s Global Development Policy Initiative; University of Zurich,1,Center for Global Development,I1319597252,no
"Vincent J. Merluzzi:  is currently Director of Immunology at Boehringer Ingelheim Pharmaceuticals, Inc. He received a B.A. degree in Biology from Northeastern University, followed by a Ph.D. degree in Microbiology at Boston University Medical School. He was a postdoctoral candidate for two years at The Memorial Sloan–Kettering Cancer Center in New York before joining the staff there as a Research Associate and later as an Assistant Member. His early work centered around cytokines, specifically IL-2, and infectious diseases and cancer. Later, at Boehringer Ingelheim Pharmaceuticals, Inc., he worked on the receptor for the major subgroup of rhinoviruses, ICAM-1, and also the reverse transcriptase of HIV-1",1,Memorial Sloan Kettering Cancer Center,I1334819555,no
"Vincent J. Merluzzi: is currently Director of Immunology at Boehringer Ingelheim Pharmaceuticals, Inc. He received a B.A. degree in Biology from Northeastern University, followed by a Ph.D. degree in Microbiology at Boston University Medical School. He was a postdoctoral candidate for two years at The Memorial Sloan–Kettering Cancer Center in New York before joining the staff there as a Research Associate and later as an Assistant Member. His early work centered around cytokines, specifically IL-2, and infectious diseases and cancer. Later, at Boehringer Ingelheim Pharmaceuticals, Inc., he worked on the receptor for the major subgroup of rhinoviruses, ICAM-1, and also the reverse transcriptase of HIV-1",1,Memorial Sloan Kettering Cancer Center,I1334819555,no
"Vincent Murphy, EdD, received his doctorate in counseling psychology from Boston University. He is director of Children's and Family Services at Integra. He is also director of Camp Towhee, Integra's residential treatment program for children who experience social/emotional problems related to their learning disabilities. Kathleen HicksStewart, MEd, is a doctoral candidate in clinical developmental psychology at York University. She is assistant director of Camp Towhee and is involved in research at",1,,,no
"Vivien A. Schmidt est titulaire de la chaire Jean Monnet d’intégration européenne, professeure de relations internationales et science politique, et directrice fondatrice du Centre pour l’étude de l’Europe à l’université de Boston. Elle a publié de nombreux ouvrages sur l’économie politique, les institutions et la démocratie européennes ainsi que sur la théorie politique et institutionnelle. Elle est l’auteure de douze livres, parmi lesquels des plus récents : Resilient Liberalism in Europe’s Political Economy (Cambridge, 2013) et Democracy in Europe (Oxford, 2006), traduit en français avec le titre Démocratie en Europe (Paris, La Découverte, 2010), et nommé en 2014 par le Parlement européen comme un des « 100 ouvrages mémorables sur l’Europe ». Son ouvrage à paraître est sur la crise de la légitimité en Europe causé par la gouvernance de la crise de l’euro, intitulé : Europe’s Crisis of Legitimacy : Governing by Rules and Ruling by Numbers in the Eurozone (Oxford, 2018)",1,,,no
"Vivien A. Schmidt est titulaire de la chaire Jean-Monnet d'intégration européenne et professeure de relations internationales et de science politique à l'Université de Boston. Ses travaux portent sur l'économie politique, les institutions et la démocratie européennes ainsi que sur la théorie politique et institutionnelle. Elle a récemment publié Europe's Crisis of Legitimacy. Governing by Rules and Ruling by Numbers in the Eurozone (Oxford, Oxford University Press, 2020)",1,,,no
"Vivien A. Schmidt est titulaire de la chaire Jean-Monnet d’intégration européenne et professeure de relations internationales et de science politique à l’Université de Boston. Ses travaux portent sur l’économie politique, les institutions et la démocratie européennes ainsi que sur la théorie politique et institutionnelle. Elle a récemment publié Europe’s Crisis of Legitimacy. Governing by Rules and Ruling by Numbers in the Eurozone (Oxford, Oxford University Press, 2020)",1,,,no
"Vivien A. Schmidt, Jean Monnet Professor of European Integration, est directrice du Center for International Relations à l’université de Boston. En 2008, elle a obtenu un doctorat d’honneur à l’université libre de Bruxelles (ULB) et compte parmi ses publications récentes : Democracy in Europe (Londres, OUP, 2006 – à paraître aux éditions La Découverte en 2010)",1,,,no
"Vivien A. Schmidt, professeur Jean Monnet d’intégration européenne à l’Université de Boston et titulaire de la chaire Franqui (Université libre et Université catholique de Bruxelles), est professeur invité à l’Institut d’études politiques de Paris. Elle est l’auteur de Democracy in Europe: the EU and National Politics, New-York, Oxford University Press, 2006",1,,,no
"Vivien Schmidt est professeur de relations internationales, Jean Monnet Professor de politique européenne, et directeur du Centre des études de l’Europe à l’université de Boston.
	Traduit de l’anglais par François Boisivon",1,,,no
Vivien Schmidt est professeure d'intégration européenne Jean Monnet à l'université de Boston,1,,,no
"Warren E. Steinkraus holds the Ph.D. from Boston University and is Professor of Philosophy at the State University of New York at Oswego. He has published numerous papers in professional journals and is editor of New Studies in Berkeley's Philosophy ( 1966 ), New Studies in Hegel's Philosophy (1971), and author of a recently published book , Philosophy of Art (1974) ",1,,,no
"Warren E. Steinkraus holds the Ph.D. from Boston University and is Professor of Philosophy at the State University of New York at Oswego. He has published numerous papers in professional journals and is editor of New Studies in Berkeley's Philosophy (1966), New Studies in Hegel's Philosophy (1971), and author of a recently published book, Philosophy of Art (1974)",1,,,no
"Washington University, St Louis, MN. 4Boston University, Boston, MA",1,Washington University in St. Louis,I204465549,no
"Wayne A. Pettyjohn is a Professor in the Department of Geology at Oklahoma State University. He recently completed a one-year project with the Robert S. Ken Research Center in Ada, Oklahoma. Previously he was a Professor of Geology at Ohio State University. He received a B.A. and M.A. in Geology from the University of South Dakota in 1959 and a Ph.D. in Geology from Boston University in 1964. While with the U.S.G.S. in North Dakota, he studied law and was admitted to the bar in 1968",1,,,no
"Wayne A. Pettyjohn is a professor in the Department of Geology at Oklahoma State University. He recently completed a one-year project with the Robert S. Kerr Research Center in Ada, Oklahoma. Previously he was a professor of geology at Ohio State University. He received a BA. and MA., in geology from the University of South Dakota in 1959andaPh.D. in geology from Boston University in 1964. While with the USGS in North Dakota, he studied law and was admitted to the bar in 1968",1,,,no
"Wayne W. LaMorte is a professor of surgery at Boston University School of Medicine and professor of epidemiology and biostatistics at the Boston University School of Public Health. As chief of the surgical research section at Boston Medical Center, he is involved in a broad range of basic and clinical research. His basic research has focused on the relationship between dietary lipids and disease",1,,,no
"We are indebted to Adam Brandenburger, John Nachbar, and Marciano Siniscalchi for many helpful conversations. Jeff Ely and three referees provided important input—much thanks. We also thank Ethan Bueno de Mesquita, Alfredo Di Tillio, Alejandro Manelli, Elena Manzoni, Andres Perea, Larry Samuelson, Adam Szeidl, and seminar participants at Bocconi University, Boston University, Maastricht University, New York University, Northwestern University, Toulouse, UC Berkeley, the 2009 Southwest Economic Theory Conference, the 2009 North American Econometric Society Meetings, the Kansas Economic Theory Conference, the 2009 SAET conference, and the 2009 European Econometric Society Meetings for important input. Battigalli thanks MIUR and Bocconi University. Friedenberg thanks the W.P. Carey School of Business and the Olin Business School",1,,,no
"We thank an editor and four referees for very useful suggestions, and R. Anderson, F. Forges, I. Gilboa, R. Laraki, B. Lipman, M. Marinacci, J.-F. Mertens, C. Shannon, N. Vielle, and W. Zame for helpful discussions. Seminar audiences in Barcelona (JOCS), Boston University, Chicago, Harvard/MIT, Hebrew University, Northwestern, Rutgers, Rochester, University of California at San Diego, Vienna, Washington University, the Decentralization Conference at Duke, and the Cowles Foundation Conference on Robust Mechanism Design provided useful comments",1,,,no
"Wendy Chavkin and Diana Romero are with the Heilbrunn Department of Population and Family Health, Mailman School of Public Health, Columbia University, New York, NY. Paul Wise is with the Department of Pediatrics, School of Medicine, Boston University, Boston, Mass",1,,,no
"Wheelock College of Education & Human Development, Boston University’s, Boston, Massachusetts, USA",1,Wheelock College,I48530168,no
"Whitaker Cardiovascular Institute (E.J.B., N.M.H.), Boston University Chobanian &amp; Avedisian School of Medicine, MA",1,,,no
Whitaker Cardiovascular Institute and Cardiology SectionEvans Department of MedicineBoston University School of MedicineBostonMAUS,1,,,no
Whitaker Cardiovascular InstituteBoston University School of MedicineBostonMassachusettsUSA,1,,,no
"Whitaker Cardiovascular Research Institute, University School of Medicine, Boston, MA, USA",1,,,no
"William A. Rottschaefer is Assistant Professor of Philosophy at Lewis and Clark College, Portland, Oregon. He received his Ph.D. from Boston University. He has published articles in such journals as New Scholasticism and The Modern Schoolman. Much of his research and writing has focused on problems connected with the relationship of scientific theory and observation",1,Lewis & Clark College,I74201987,no
"William A. Rottschaefer is Assistant Professor of Philosophy at Lewis and Clark College, Portland, Oregon. He received his Ph.D. from Boston University. He has published articles in such journals as New Scholasticism and The Modern Schoolman. Much of his research and writing has focused on problems connected with the relationship of scientific theory and observation ",1,Lewis & Clark College,I74201987,no
"William B. Kannel From the Framingham Heart Study, Framingham (R.S.V., W.B.K.), and the Sections of Preventive Medicine and Epidemiology (R.S.V., W.B.K.) and Cardiology (R.S.V.), Department of Medicine, Boston University School of Medicine, Boston, Mass",1,Framingham Heart Study,I4210123017,yes
William Crittenden Associate professor of management policy at Boston University's School of Management He is currently chairman elect of the Public and Nonprofit Sector Division of the Academy of Management,1,National Academy of Governance,I1296990705,no
"William E. Kiernan is the Director of Rehabilitation and Administrator of the University @listed Facility at Boston Children's Hospital, Developmental Evaluation Clinic. He is also project director 4 t h e e national pmjects on employment. He holds a PhD in special education and rehabilitation fmm Boston College and an MBA fmm Boston University",1,Boston Children's Hospital,I1288882113,no
"William Nelson Cromwell Professor of Law, Harvard Law School. A different version of Sections C and D of this Essay will appear in the Boston University Law Review",1,,,no
"William P. Leeman earned his Ph.D. in American history from Boston University in 2006. Special Lecturer in History at Providence College, he is currently working on a book manuscript, “The Long Road to Annapolis: The Naval Academy Debate and the Emerging American Republic.”",1,Naval Academy,I157637111,no
"Wilson S Colucci BOSTON UNIV MEDICAL CTR, Boston, MA",1,,,no
"Wolfgang Lieb From the Framingham Heart Study, Boston University School of Medicine, Boston, Mass",1,Framingham Heart Study,I4210123017,yes
"Wolfgang Lieb From the Framingham Heart Study, Boston University School of Medicine, Framingham, Mass",1,Framingham Heart Study,I4210123017,yes
"Wolfgang Lieb From the Framingham Heart Study, and Section of Preventive Medicine and Epidemiology, Department of Medicine, Boston University School of Medicine, Framingham, Mass",1,Framingham Heart Study,I4210123017,yes
"Women's Health Unit, Section of General Internal Medicine, Department of Medicine, Boston University School of Medicine, Boston, MA, USA. tracy.battaglia@bmc.org",1,,,no
Women's and Gender StudiesBoston UniversityBostonMAUSA,1,Gender Studies,I4210089577,no
Worcester Polytechnic Institute and an M.Ed. in Science Education from Boston University,1,Worcester Polytechnic Institute,I107077323,no
Xiaoshuo Hou is Assistant Professor of Sociology at St. Lawrence University and received her Ph.D. in Sociology from Boston University,1,St. Lawrence University,I100236772,no
"Xiaoyan Yin National Heart, Lung, and Blood Institute's and Boston University's Framingham Heart Study, Framingham, MA",1,"Framingham Heart Study | National Heart, Lung, and Blood Institute",I4210123017 I4210106489,yes
"Yineng Zhu Framingham Heart Study, Department of Medicine, Divisions of Preventive Medicine and Cardiology, Boston University School of Medicine, MA (R.S.V.)",1,Framingham Heart Study,I4210123017,yes
"Ying-Ju Lai grew up in Taipei, Taiwan, and received her MFA degree from Boston University. Her fiction has appeared in Ploughshares. She is currently working on a novel set in a nursing home in Taiwan. The novel does not offer any insights on the history of Taiwan or any other countries in the world, nor does it attempt to answer any important questions whatsoever. Ying-Ju lives in Boston",1,,,no
"[Department of Electrical and Computer Engineering, Boston, MA, USA]",1,,,no
"[Institute for the Study of Islamic Thought in Africa and Department of Religion – Northwestern University, 1860 Campus Drive – Evanston, IL 60208-2164; Boston University Niger – BP 10 652, Niamey, Niger – a-sounaye@northwestern.edu]",1,Northwestern University,I111979921,no
a B.A. from Boston University (1970). She is a member of the New Jersey and Maryland Bars,1,,,no
"a Fellow of the Society for the Arts, Religion, and Contemporary Culture. He received his doctorate in social ethics from Boston University and serves as Lecturer in Music at the Massachusetts Institute of Technology and the New England Conservatory. He is an ordained Methodist minister",1,New England Conservatory of Music | Massachusetts Institute of Technology,I90488548 I63966007,no
"a National Heart, Blood and Lung Institute's and Boston University's Framingham Heart Study , Framingham , MA , USA",1,Framingham Heart Study,I4210123017,yes
"a member of The Missionaries of the Virgin Mary, an order of religious sisters founded in Iraq in 1996. She has a BS in Biology and Hematology from Arbil University (Iraq), a BA in Philosophy and Theology from Urbaniana University (Rome), and has studied Islamic Science. After coming to the United States in 2001 to pursue a Master's degree in Spirituality and Ministry at Boston College, she has been involved in campus ministry at the Catholic Center at Boston University",1,,,no
"aBoston University, Boston, Massachusetts bUniversity of Minnesota, Minneapolis, Minnesota cColumbia University, New York City, New York, USA",1,University of Minnesota,I130238516,no
"aCardiovascular Engineering, Inc., Norwood bNHLBI's Framingham Study, Framingham, Massachusetts cPopulation Sciences Branch, National Heart, Lung, and Blood Institute, Bethesda, Maryland dDepartment of Mathematics and Statistics, Boston University eEvans Department of Medicine fWhitaker Cardiovascular Institute gSection of Preventive Medicine, Boston University School of Medicine, Boston, Massachusetts, USA",1,Framingham Heart Study,I4210123017,yes
"aCenter for Global Health & Development, Boston University, Boston, Massachusetts, USA bHealth Economics and Epidemiology Research Office, Department of Internal Medicine, School of Clinical Medicine, Faculty of Health Sciences, University of the Witwatersrand, Johannesburg, South Africa cBrown University, School of Public Health, Providence, Rhode Island, USA",1,,,no
"aDepartment of Dermatology , Brigham and Women's Hospital , Boston , MA BBoston University School of Medicine , Boston , MA",1,Brigham and Women's Hospital,I1283280774,no
"aDepartment of Epidemiology, Brown University School of Public Health, Providence, Rhode Island bFenway Health cBeth Israel Deaconess Medical Center dDepartment of Systems Biology, Harvard Medical School eBoston University School of Public Health, Boston, Massachusetts fNational Development and Research Institutes, New York, New York, USA",1,,,no
"agentes económicos no es modificado por la imposición del impuesto. Para emprender nuestro análisis de eficiencia se requiere un estudio del café por el lado de la oferta. Caracterizando la oferta de café podemos de terminar los costos en que la sociedad incurre por la utilización del im puesto a la exportación. • Este artlculos es un resumen de uno de los capltulos de la tesis doctoral del autor, titulada Taxation of Coffee Exports and the Behavior of Coffee Prices in El Salvador. La tesis presentada en Boston University en di ciembre de 1990",1,,,no
"all at the University of Washington School of Medicine, Seattle. Dr. Sarfaty is assistant dean for student affairs, Boston University School of Medicine, Boston, Massachusetts",1,,,no
"an instructor on “The History of Black Music” at Goddard College, Plainfield, Vermont. Last month Walters presented a lecture on the “History of Black Church Music” at Indiana University's annual Black Music Seminar. He is presently a candidate for the Doctor of Musical Arts degree at Boston University where he has received a fellowship from the Southern Educational Foundation to write a music dissertation this fall",1,,,no
and Blood Institute; FHS: Framingham Heart Study; BUSM: Boston University School of Medicine;,1,Framingham Heart Study,I4210123017,yes
"assistant director,
        Boston University's Law-Medicine Institute, 141 Bay State Road, 02215, Boston, Mass",1,Bay State College,I78063147,no
"autobot@bu.edu, United States",1,iRobot (United States),I138423393,no
"b Associate Professor of Business and Department Chair, Business Department, Alvernia University; LL.M., J.D., Boston University School of Law",1,,,no
"bBoston Medical Center/BU Chobanian & Avedisian School of Medicine, Boston, Massachusetts",1,Boston Medical Center,I1286490081,no
bBoston University and NBER,1,,,no
"bBoston University, NBER, CEPR and IZA",1,Center for Economic and Policy Research,I1279858714,no
c  Boston University Boulder CO 80307 USA,1,University of Colorado Boulder,I188538660,no
"cBoston University Chobanian &amp; Avedisian School of Medicine, Boston Medical Center, Boston, MA, USA",1,Boston Medical Center,I1286490081,no
"cBoston University, USA",1,Kingston University,I4210154901,no
"chief, Nursing Service, Veterans Administration Hospital, Topeka, Kan., is a graduate of McLean Hospital School of Nursing, Waverly, Mass., and earned both bachelor's and master's degrees at Boston University",1,,,no
"cum laude, 1976, Boston University School of Law; B.A., cum laude, 1973,",1,,,no
"dBoston University School of Medicine, Division of Hematology and Oncology, Roger Williams Hospital, Providence, Rhode Island, USA",1,Roger Williams Medical Center | Providence College,I1336196053 I196272386,no
"dBoston University, Department of Neurology, Alzheimer's Disease CenterUSA",1,,,no
"department of stomatology, Boston University, School of Medicine, Tehran, Iran",1,University of Tehran,I23946033,no
"director, Third (Boston University) Surgical Service, Boston City Hospital",1,,,no
directrice du Training and International Consultation Center for Psychiatrie Rehabilitation de l'Université de Boston,1,,,no
"e    Department of Biomedical Engineering, Boston University, 44 Cummington Street, Boston, MA 02215, USA; Department of Physiology &amp; Division of Bioengineering, UCSF, MC 2520 Byers Hall, Room 203C, San Francisco, CA 94158-2330,  USA",1,"University of California, San Francisco",I180670191,no
"e-mail: kq@bu.eduBoston University Medical CenterBoston, Massachusetts 02118",1,,,no
"formerly Assistant Professor of French, Boston (MA) University",1,University of Massachusetts Boston,I33434090,no
"formerly, Fulbright Fellow in Medicine, Boston University School of Medicine",1,,,no
"formerly, chief resident, Third (Boston University) Surgical Service, Boston City Hospital",1,,,no
"her MSN from Boston University. She is a research associate at Georgetown University and clinical coordinator of the Neonatal Intensive Care Unit Developmental Evaluation Clinic at Columbia Hospital for Women, both in Washington, DC",1,George Washington University Hospital | Georgetown University,I1286207013 I184565670,no
"https://ror.org/05qwgg493Boston University EMS, Boston, MA, USA",1,Twitter (United States),I113979032,no
"is a Senior Scientist at the Stockholm Environment Institute (11 Curtis Ave., Somerville, MA 02144, USA). He has expertise in modelling and scenario analysis, and has worked on projects that focused on water, land and energy resources, climate mitigation and adaptation, urbanization, and livelihoods. He received his doctorate in physics from Boston University",1,Stockholm Environment Institute,I37426187,no
"is a research fellow with the Council on Economic Policies (CEP), where he focuses on comparative research and advocacy in the field of tax expenditures. He holds Bachelor's degrees from Pierre et Marie Curie (Mathematics) and Panthéon-Assas (Law) universities. He further obtained a Master's in Law and International Relations from Panthéon-Assas and Paris-Sorbonne, followed by an LL.M. from Boston University. Millán-Narotzky's peer-reviewed research includes a quantitative assessment of tax treaty aggressiveness (International Centre for Tax and Development) and a comparative analysis of profit-shifting risks (Oxford University Press). As part of his ongoing work with the Tax Justice Network (TJN), he develops index methodologies and regularly assists elected representatives, investigative journalists and fellow researchers in understanding the dynamics of contemporary financial and tax systems. He represents TJN at the European Commission's Platform for Tax Good Governance",1,Sorbonne Université | Université Paris-Panthéon-Assas,I39804081 I117841876,no
"is a research fellow with the Council on Economic Policies (CEP), where he focuses on comparative research and advocacy in the field of tax expenditures. He holds Bachelor’s degrees from Pierre et Marie Curie (Mathematics) and Panthéon-Assas (Law) universities. He further obtained a Master’s in Law and International Relations from Panthéon-Assas and Paris-Sorbonne, followed by an LL.M. from Boston University. Millán-Narotzky’s peer-reviewed research includes a quantitative assessment of tax treaty aggressiveness (International Centre for Tax and Development) and a comparative analysis of profit-shifting risks (Oxford University Press). As part of his ongoing work with the Tax Justice Network (TJN), he develops index methodologies and regularly assists elected representatives, investigative journalists and fellow researchers in understanding the dynamics of contemporary financial and tax systems. He represents TJN at the European Commission’s Platform for Tax Good Governance",1,Sorbonne Université | Université Paris-Panthéon-Assas,I39804081 I117841876,no
"of Boston, professor of biology and public health at the",1,,,no
"of the Trauma Unit, Bos-ton University Medical Center",1,,,no
"partment of Hematology/Oncology, Boston Univer-sity Medical Center, Evans 5, 88 East Newton Avenue, Boston, MA 02118",1,Boston Medical Center,I1286490081,no
"performed doctoral research, under a USAEC fellowship, at Brookhaven National Laboratory and obtained Ph.D. degree from Boston University (USA) in 1968 in physical chemistry. In August 1968 he joined the U.S. Army as a civilian and has since then performed research at ARDEC, Picatinny Arsenal, New Jersey. His publications span the areas of time-resolved photo- and radiation chemistry, polymer science and energetic materials",1,United States Department of the Army,I1304082316,no
"professeur Relations internationales à l'Université de
Boston, Chaire Jean Monnet d'intégration européenne",1,,,no
"professeur Relations internationales à l’Université de
Boston, Chaire Jean Monnet d’intégration européenne",1,,,no
"professeur de relations internationales à l'université de Boston et chercheur senior au Global Development and Environment Institute (GDAE), Tufts University (MA),",1,Center for Global Development | Tufts University,I1319597252 I121934306,no
"professeur de science politique et d’études afro-américaines à l’Université de Boston. Elle a publié notamment Argument and Change in World Politics : Ethics, Decolonization and Humanitarian Intervention (Cambridge University Press, 2002) et Soviet Military Aircraft (Lexington Books, 1987) et a codirigé How Sanctions Work : Lessons from South Africa (Macmillan, 1999). Ses articles sur le rôle des émotions dans la politique mondiale, la Ligue iroquoise, les questions éthiques liées à la guerre contre le terrorisme, la guerre préventive, la responsabilité morale en matière de victimes civiles ont été publiés dans de très nombreuses revues, dont International Security, International Organization, Perspectives on Politics, Orbis, Ethics and International Affairs, Journal of Political Philosophy ainsi que dans des ouvrages collectifs. Elle est actuellement membre de la commission « Éthique » de l’Association américaine de science politique, après avoir été membre de son conseil d’administration et du comité de rédaction de l’American Political Science Review",1,,,no
"professor emérito de Sociologia na Universidade de Boston, onde ocasionalmente ministra cursos de teoria sociológica e culturas políticas",1,,,no
roblyer@bu.edu,1,,,no
"school of Public health, Boston, MA, UsA;",1,,,no
ssommers@bu.edu,1,,,no
student in philosophy of cognitive science at the Université du Québec à Montréal with previous degrees in engineering and music from McGill and Boston University,1,Centre for Interdisciplinary Research in Music Media and Technology | Université du Québec à Montréal,I4210145168 I159129438,no
surgical nursing at Madison (Wis) General Hospital. She has BS from Boston University,1,UW Health University Hospital,I2799905417,no
"taught philosophy at Abdou Moumouni University in Niger and in the Boston University Niamey's Program. He is currently finishing a PhD on Islam in the public sphere in Niger. His research focuses on the connections Muslims make between knowledge and moral economies. He has published several book chapters and articles on Islam in Niger, focusing on the contemporary period",1,Université Abdou Moumouni,I130359222,no
"technology strategy. He holds a Bachelor of Arts (BA) degree from Boston University in Economics, as well as a Master of Business Administration (MBA) degree from Georgia Tech",1,,,no
"the Department of Otolaryngology, BoBton University School of Medicine",1,,,no
"the Department of Pediatrics, Boston University School of Medicine (JOK), and the Division of Pediatric Infectious Diseases, Boston City Hospital (BMW, JOK), Boston, MA",1,,,no
"the Departments of Pediatrics, Boston University School of Medicine and Boston City Hospital, and The Maxwell Finland Laboratory for Infectious Diseases, Boston City Hospital",1,,,no
"the Director of the Department of Education at the Menninger Foundation, Topeka, Kansas. Born in The Netherlands, he was educated both in Holland and in the United States. He took his doctorate in psychology at Boston University. He is the author of A Dynamic Psychology of Religion (1968",1,,,no
"the Framingham Heart Study, Boston University Medical School Boston, Mass. USA",1,Framingham Heart Study,I4210123017,yes
"the Framingham Heart Study, Boston University School of Medicine, Boston, Mass (W.B.K.)",1,Framingham Heart Study,I4210123017,yes
"the Framingham Heart Study, Boston University School of Medicine, Framingham, MA",1,Framingham Heart Study,I4210123017,yes
"the Health Services Department, Boston University School of Public Health (Drs Ren and Kazis), the Department of Mathematics, Boston University (Dr Lee), and the Health Institute, Department of Clinical Care Research, New England Medical Center (Dr Rogers), Boston, Mass",1,,,no
"the Health Services Department, Boston University School of Public Health, Mass (Drs Miller, Clark, and Kazis), the Health Institute, Department of Clinical Care Research, New England Medical Center, Boston, Mass (Dr Rogers), the Normative Aging Study, Boston VA Healthcare System, Mass (Dr Spiro), the Department of Epidemiology, Boston University School of Public Health, Mass (Dr Spiro), and the Department of Mathematics, Boston University, Mass (Dr Lee)",1,,,no
"the Medical Service and Thorndike Mlemorial Laboratories , Boston City Hospital , Boston Univer-sity School of Aledicine , Boston , Massachllsetts 02118",1,,,no
"the National Heart, Lung, and Blood Institute and Boston University Framingham Heart Study, Framingham, MA (J.F.)",1,"Framingham Heart Study | National Heart, Lung, and Blood Institute",I4210123017 I4210106489,yes
"the Neurology Service, VA Medical Centers, West Roxbury and Brockton, and the Departments of Neurology, tBoston University School of Medicine, and",1,,,no
thperls@bu.edu,1,,,no
"to Dr Ralph B. D'Agostino, Boston University and the Framingham Study, 111 Cummington Street, Boston, MA 02215, USA Tel: +1 617 353 2767; fax: +1 617 353 4267; e-mail: [email protected]",1,,,no
"vijaysree venkatraman is a native of Madras, South India, who now makes her home in Boston. An inorganic chemist, she analyzed sequencing data for the Human Genome Project at mit for over four years. She is a graduate of the science journalism program at Boston University and also a food writer. Her work has appeared in many newspapers and magazines, including the New Scientist, the Christian Science Monitor, and Madras Musings",1,,,no
"vijaysree venkatraman, a native of Chennai, South India, now lives in Boston. At MIT, she analyzed sequencing data for the Human Genome Project for close to five years. She is a graduate of the science journalism program at Boston University. Her work has appeared in the New Scientist, the Christian Science Monitor, Science Careers, and Madras Musings, among other publications",1,,,no
"~? "" Boston University Marine Program, Marine Biological Laboratory, Woods Hole, Massachusetts, 02543, USA",1,Marine Biological Laboratory,I1338920048,no
"Écrivain et chercheur en sciences politiques, docteur ès lettres de l’Université de Paris IV-Sorbonne et diplômée de Boston University en relations internationales et études stratégiques. Auteur d’un ouvrage sur la Légion étrangère Le système Légion (2008). Spécialiste des mondes russe et turc",1,Sorbonne Université,I39804081,no
"åW. +Van Nostrand, ▴E. Koo, ▴J. Meschia, ▴S. Sisodia. φBoston University Medical School, Boston, MA 02118, åUniversity of California, Irvine, CA 92717, ▴Johns Hopkins University School of Medicine, Baltimore, MD 21205",1,Johns Hopkins University,I145311948,no
"Медичний центр Бостонського університету, м. Бостон, штат Массачусетс, США",1,,,no
"Школа менеджмента Бостонского университета, США",1,,,no
"кафедра биохимии и кафедра урологии, медицинская школа Бостонского университета, штат Массачусетс, США",1,,,no
مرکز الاستشعار عن بعد - جامعة بوسطن,1,,,no
— Rachel Nolan est une historienne spécialiste de l'Amérique latine qui enseigne à l'Université de Boston.— Cet article est paru dans le numéro de septembre 2020 du mensuel américain Harper's Magazine,1,,,no
— Rachel Nolan est une historienne spécialiste de l’Amérique latine qui enseigne à l’Université de Boston.— Cet article est paru dans le numéro de septembre 2020 du mensuel américain Harper’s Magazine,1,,,no
’s Print+ Platform. She was previously a Postdoctoral Fellow in the Kilachand Honors College at Boston University,1,,,no
"†Also at Boston University Harold Goodglass Aphasia Research Center at the VA Boston Healthcare System, Boston, MA 02130; Research Service, Department of Veterans Affairs Medical Center, Providence, RI 02908; Research Service, VA Boston Healthcare System, Boston, MA 02130",1,VA Boston Healthcare System,I2801671727,no
"‡ Boston University School of Medicine and the National Heart, Lung and Blood Institute's Framingham Heart Study, Boston, MA 01702",1,Framingham Heart Study,I4210123017,yes
"‡Chief, Surgical Service, Veterans Administration Hospital, Providence, R. I., and Associate Professor of Clinical Surgery, Boston University School of Medicine, Boston, Mass",1,,,no
"‡Slone Epidemiology Center, BU",1,,,no
"• Este artículo es un resumen de uno de los capítulos de la tesis doctoral del autor, titulada Taxation of Cofee Export and Behavior of Coffee Prices in El Salvador. La tesis fue presentada en Boston Uni versity en diciembre de 1990",1,,,no
∥BU School of Public Health,1,,,no
"☆ MORRIS L. HELLER, M.D., is an Associate Professor of Anesthesiology at Dartmouth Medical School, and a member of the staff of the Hitchcock Clinic in Hanover, New Hampshire. He graduated from Boston University School of Medicine in 1940. His Residency in Anesthesiology was spent in the Dartmouth-Veterans Administration Program, and the Army-Air Force School of Anesthesia in Greensboro, North Carolina. Dr. Heller received the Bronze Star Medal in the European Theater of Operations in 1945",1,,,no
ボストン大,1,,,no
ボストン大学応用言語学科博士課程,1,,,no
ボストン大学教育学部,1,,,no
