raw_affiliation_string,works,now_assigned_to,now_assigned_ids,still_counts_via_lineage
"National Institute of Materials and Chemical Research, Tsukuba, Ibaraki, Japan",70,,,no
"National Institute of Materials and Chemical Research, Ibaraki, Japan",48,,,no
"National Institute of Materials and Chemical Research, Tsukuba, Japan",40,,,no
"National Institute for Researches in Inorganic Materials, Ibaraki, Japan",37,,,no
"National Institute for Research in Inorganic Materials (NIRIM), 1-1 Namiki, Tsukuba, Ibaraki 305-0044, Japan",34,,,no
"National Institute for Research in Inorganic Materials, Tsukuba, Ibaraki 305-0044, Japan",34,,,no
"Department of Physical Chemistry, National Institute of Materials and Chemical Research, Tsukuba, Ibaraki 305, Japan",33,,,no
"National Institute of Materials and Chemical Research, Tsukuba 305-8565, Japan",31,,,no
National Institute of Materials and Chemical Research (Japan),29,,,no
"WPI-MANA - International Center for Materials Nanoarchitectonics (1-1 Namiki Tsukuba, Ibaraki 305-0044 JAPAN - Japan)",26,,,no
"Busshitsu Zairyo Kenkyu Kiko, Tsukuba, Ibaraki, JP",24,,,no
"National Institute for Research in Inorganic Materials, Japan",23,,,no
"National Institute for Research in Inorganic Materials, Namiki, Tsukuba, Ibaraki 305, Japan",21,,,no
"National Institute for Research in Inorganic Materials, 1-1 Namiki, Sakura-mura, Niihari-gun, Ibaraki 305, Japan",19,,,no
"National Institute of Materials and Chemical Research (NIMC), 1-1 Higashi, Tsukuba, Ibaraki 305-8565, Japan",18,,,no
"School of Materials Science and Engineering, National Institute for Advanced Materials",14,,,no
National Institute for Research in Inorganic Materials (Japan),12,,,no
"National Institute for Researches in Inorganic Materials, Sakura-mura, Niihari-gun, Ibaraki 300-31, Japan",10,,,no
"National Inst. for Researches in Inorganic Materials, Sakura, Ibaraki (Japan)",9,,,no
"National Institute for Research in Inorganic Materials, 1-1 Namiki, 305, Tsukuba, Ibaraki, Japan",9,,,no
"National Institute for Research in Inorganic Materials, 1-1, Namiki, Tsukuba-shi, Ibaraki 305, Japan",9,,,no
"National Institute for Research in Inorganic Materials, Namiki 1-1, Sakura-mura, Niihari-gun, 305, Ibaraki, Japan",9,,,no
"National Institute for Researches in Inorganic Materials, Sakura-mura, Niihari-gun, Ibaraki, 300-31, Japan",9,,,no
"National Institute of Materials and Chemical Research (NIMC), Higashi 1-1, Tsukuba, Ibaraki 305, Japan",9,,,no
"Supercond. Mater. Center, Nat. Inst. for Mater. Sci., Tsukuba, Japan",9,,,no
"Int. Cent. Mater. Nanoarchitecton., Natl. Inst. Mater. Sci., Univ. Tsukuba, Tsukuba, Ibaraki 305, Japan",8,University of Tsukuba,I146399215,no
"National Institute for Research in Inorganic Materials, 1-1 Namiki, Tsukuba, Ibaraki 305 Japan",8,,,no
"National Institute of Materials and Chemical Research , 1-1 Higashi, Tsukuba, Ibaraki , 305 , Japan",8,,,no
"National Institute of Materials and Chemical Research, 1-1 Higashi, Tsukuba, Ibaraki 305",8,,,no
"National Institute of Materials and Chemical Research, 1-1 Higashi, Tsukuba-shi, Ibaraki 305, Japan",8,,,no
"Institute of Materials Structure Science, Tsukuba 305-0801, Japan",7,Institute of Materials Structure Science,I4389425390,no
"International Center for Materials Nanoarchitectonics (WPI-MANA), 1-1 Namiki, Tsukuba, Ibaraki 305-0044, Japan",7,,,no
"NIRIM, 1-1 Namiki, Tsukuba, Ibaraki 305, Japan",7,,,no
"NIRIM, 1-1 Namiki, Tsukuba, Ibaraki 305-0044, Japan",7,,,no
National Institute for Materials Science - Innovative Structural Materials Association (ISMA),7,Innovative Structural Materials Association,I4210125714,no
"National Institute for Research in Inorganic Materials, 1-1 Namiki, Tsukuba 305-0044, Japan",7,,,no
"National Institute for Research in Inorganic Materials, Namiki 1-1, Tsukuba, Japan",7,,,no
"National Institute for Research in Inorganic Materials, Sakura-mura, Niihari-gun, Ibaraki, Japan",7,,,no
"National Institute for Researches in Inorganic Materials, Ibaraki-Ken, Japan",7,,,no
"National Institute for Researches in Inorganic Materials, Sakura-mura, Ibaraki, Japan",7,,,no
"National Institute of Materials and Chemical Research , 1-1 Higashi, Tsukuba , 305 , Japan",7,,,no
"National Institute of Materials and Chemical Research, Higashi 1-1, Tsukuba 305, Japan",7,,,no
"National Research Laboratory of Metrology, 1-1-4 Umezono, Tsukuba 305, Japan",7,,,no
"Center for Rare Earth and Inorganic Functional Materials, School of Materials Science and Engineering & National Institute for Advanced Materials",6,,,no
"Department of Inorganic Materials, National Institute of Materials and Chemical Research, Higashi 1-1, Tsukuba, Ibaraki 305, Japan",6,,,no
"Department of Polymer Chemistry, National Institute of Materials and Chemical Research, 1-1 Higashi, Tsukuba, Ibaraki 305, Japan",6,,,no
"Department of Polymer Physics, National Institute of Materials and Chemical Research, 1-1 Higashi, Tsukuba, Ibaraki 305, Japan",6,,,no
"Environmental Remediation Materials Unit and International Center for Materials Nanoarchitectonics (WPI-MANA), 1-1 Namiki, Tsukuba, Ibaraki 305-0044 (Japan)",6,,,no
"NIRIM, Namiki 1-1, Tsukuba, Ibaraki 305, Japan",6,,,no
"National Institute for Research in Inorganic Materials (NIRIM), 1-1 Namiki, Tsukuba, Ibaraki, 305 Japan",6,,,no
"National Institute for Research in Inorganic Materials (NIRIM), Namiki 1-1, Tsukuba, Ibaraki 305-0044, Japan",6,,,no
"National Institute for Research in Inorganic Materials 1-1, Namiki, Tsukuba, Ibaraki 305, Japan",6,,,no
"National Institute for Research in Inorganic Materials, 1-1 Namiki, Sakura, Niihari, Ibaraki 305, Japan",6,,,no
"National Institute for Research in Inorganic Materials, 1-1 Namiki, Sakura-mura, Niihari-gun, 305, Ibaraki, Japan",6,,,no
"National Institute for Research in Inorganic Materials, 1-1 Namiki, Sakura-mura, Niihari-gun, Ibaraki, 305 Japan",6,,,no
"National Institute for Research in Inorganic Materials, 1-1 Namiki, Tsukuba, 305, Ibaraki, Japan",6,,,no
"National Institute for Research in Inorganic Materials, 1-1, Namiki, Sakura-mura, Niihari-gun, Ibaraki 305, Japan",6,,,no
"National Institute for Research in Inorganic Materials, 305, Tsukuba, Ibaraki, Japan",6,,,no
"National Institute for Research in Inorganic Materials, Ibaraki-ken, Japan",6,,,no
"National Institute for Research in Inorganic Materials, Namiki 1-1, Tsukuba 305-0044, Japan",6,,,no
"National Institute for Research in Inorganic Materials, Namiki 1-1, Tsukuba, 305, Ibaraki, Japan",6,,,no
"National Institute for Researches in Inorganic Materials, Ibaraki 305 Japan",6,,,no
"National Institute for Researches in Inorganic Materials, Kurakake, Sakura-mura, Niihari-gun, Ibaraki 300-31, Japan",6,,,no
"National Institute for Researches in Inorganic Materials, Kurakake, Sakura-mura, Niihari-gun, Ibaraki, 300-31, Japan",6,,,no
"National Institute for Researches in Inorganic Materials, Sakura-mura, Niihari-gun, Ibaraki, Japan",6,,,no
"National Institute of Materials and Chemical Research (NIMC), Higashi 1-1, Tsukuba, Ibaraki 305-8565, Japan",6,,,no
"National Institute of Materials and Chemical Research, 1-1 Higashi, Tsukuba, Ibaraki, 305 Japan",6,,,no
"National Institute of Materials and Chemical Research, 1-1, Higashi, Tsukuba, Ibaraki, Japan",6,,,no
"National Institute of Materials and Chemical Research, 1–1 Higashi, Tsukuba, Ibaraki 305–8565, Japan",6,,,no
"National Institute of Materials and Chemical Research, Japan",6,,,no
"Tsukuba Institute for Super Materials, ULVAC, Inc",6,Ulvac (Japan),I4210125446,no
"a  National Institute of Materials and Chemical Research , 1-1 Higashi, Tsukuba,  Ibaraki ,  305 ,  Japan",6,,,no
"Core Research for Evolutional Science and Technology (CREST) of Japan Science and Technology Corporation (JST), c/o National Institute for Research in Inorganic Materials (NIRIM), 1-1 Namiki, Tsukuba, Ibaraki 305-0044, Japan",5,Japan Science and Technology Agency,I4210086780,no
"Core Research for Evolutional Science and Technology (CREST), Japan Science and Technology Corporation (JST), c/o National Institute for Research in Inorganic Materials (NIRIM), 1-1 Namiki, Tsukuba, Ibaraki 305-0044, Japan",5,Japan Science and Technology Agency,I4210086780,no
"Department of Chemical Systems, National Institute of Materials and Chemical Research, 1-1 Higashi, Tsukuba, Ibaraki 305-8565, Japan",5,,,no
"Department of Chemical Systems, National Institute of Materials and Chemical Research, Tsukuba 305, Japan",5,,,no
"Department of Polymer Physics, National Institute of Materials and Chemical Research (NIMC), 1-1 Higashi, Tsukuba, Ibaraki 305, Japan",5,,,no
"International Center for Materials Nanoarchitectonics (MANA), 1-1 Namiki, Tsukuba, Ibaraki 305-0044, Japan",5,,,no
"National Institute for Research in Inorganic Materials (NIRIM), 1-1 Namiki, Tsukuba, Ibaraki 305-0044, Japan",5,,,no
"National Institute for Research in Inorganic Materials, 1-1 Namiki, 305-0044, Tsukuba, Ibaraki, Japan",5,,,no
"National Institute for Research in Inorganic Materials, 1-1 Namiki, Tsukuba, 305-0044 Japan",5,,,no
"National Institute for Research in Inorganic Materials, 1-1 Namiki, Tsukuba-shi, Ibaraki-ken 305, Japan",5,,,no
"National Institute for Research in Inorganic Materials, Namiki 1-1, Tsukuba, Ibaraki 305 Japan",5,,,no
"National Institute for Research in Inorganic Materials, Namiki 1–1, Tsukuba, Ibaraki 305–0044, Japan",5,,,no
"National Institute for Research in Inorganic Materials, Namiki 1–1, Tsukuba, Ibaraki, 305-0044, Japan",5,,,no
"National Institute for Researches in Inorganic Materials, 1-1 Namiki, Sakura-mura, Niihari-gun, Ibaraki 305, Japan",5,,,no
"National Institute for Researches in Inorganic Materials, Ibaraki 305, Japan",5,,,no
"National Institute for Researches in Inorganic Materials, Sakura-mura, Niihari-gun, 300-31, Ibaraki, Japan",5,,,no
"National Institute for Researches in Inorganic Materials, Sakura-mura, Niihari-gun, Ibaraki 305, Japan",5,,,no
"National Institute for Researches in Inorganic Materials, Tokyo, Japan",5,,,no
"National Institute of Materials and Chemical Research (NIMC), 1-1 Higashi, Tsukuba, Ibaraki 305, Japan",5,,,no
"National Institute of Materials and Chemical Research 1-1, Higashi, Tsukuba, Ibaraki, 305, Japan",5,,,no
"National Institute of Materials and Chemical Research, 1-1 Higashi, Tsukuba, Ibaraki, 305-8565 Japan",5,,,no
"National Institute of Materials and Chemical Research, MITI, Higashi 1-1, Tsukuba, Ibaraki 305, Japan",5,,,no
"Core Research for Evolutional Science and Technology (CREST) of Japan Science and Technology Corporation (JST), c/o National Institute for Research in Inorganic Materials (NIRIM), 1-1 Namiki, Tsukuba, Ibaraki 305-0044, Japan",4,Japan Science and Technology Agency,I4210086780,no
"Department of Chemical Systems, National Institute of Materials and Chemical Research (NIMC), 1-1 Higashi, Tsukuba, Ibaraki 305-8565, Japan",4,,,no
"Department of Chemical Systems, National Institute of Materials and Chemical Research, 1-1, Higashi, Tsukuba, Ibaraki 305, Japan",4,,,no
"Department of Chemical Systems, National Institute of Materials and Chemical Research, 1‐1, Higashi, Tsukuba, Ibaraki 305, Japan",4,,,no
"Department of Chemical Systems, National Institute of Materials and Chemical Research, Higashi 1-1, Tsukuba, Ibaraki 305, Japan",4,,,no
"Institute of Materials Structure Science, Tsukuba-shi, Ibaraki-ken, 305, Japan",4,Institute of Materials Structure Science,I4389425390,no
International Center for Materials Nanoarchitectonics (MANA) (Japan),4,,,no
"Kavli Institute of Nanoscience Delft, National Institute for Materials Science, Rijksuniversiteit Groningen, Tohoku Daigaku, Tohoku University, Universiteit Twente, University of the Chinese Academy of Sciences",4,Chinese Academy of Sciences | University of Twente | University of Groningen | Tohoku University | University of Chinese Academy of Sciences,I19820366 I94624287 I169381384 I201537933 I4210165038,no
"Molecular Recognition Laboratory, National Institute of Materials and Chemical Research, 1-1 Higashi, Tsukuba, Ibaraki, Japan",4,,,no
"National Institute for Advanced Interdisciplinary Research (NAIR), Tsukuba 305-8562, Japan;",4,,,no
"National Institute for Advanced Interdisciplinary Research, Tsukuba Science City, Japan",4,,,no
"National Institute for Research in Inorganic Materials, 1-1 Namiki, 305, Tsukuba, Japan",4,,,no
"National Institute for Research in Inorganic Materials, 1-1 Namiki, Sakura-Mura, Niihari-Gun, Ibaraki 305 Japan",4,,,no
"National Institute for Research in Inorganic Materials, 1-1 Namiki, Sakura-mura, Niihari-gun, Ibaraki, 305, Japan",4,,,no
"National Institute for Research in Inorganic Materials, 1-1 Namiki, Tsukuba-city 305, Japan",4,,,no
"National Institute for Research in Inorganic Materials, 1-1 Namiki, Tsukuba-shi, 305, Ibaraki, Japan",4,,,no
"National Institute for Research in Inorganic Materials, 1-1 Namiki, Tsukuba-shi, Ibaraki-ken, 305-0044, Japan",4,,,no
"National Institute for Research in Inorganic Materials, 1-1, Namiki, Sakuramura, Niiharigun, Ibaraki-ken 305, Japan",4,,,no
"National Institute for Research in Inorganic Materials, 1-1, Namiki, Tsukuba-shi, 305, Ibaraki, Japan",4,,,no
"National Institute for Research in Inorganic Materials, 1‐1 Namiki, Tsukuba, Ibaraki 305, Japan",4,,,no
"National Institute for Research in Inorganic Materials, Namiki 1-1, Sakura-mura, Niihari-gun, Ibaraki, 305, Japan",4,,,no
"National Institute for Research in Inorganic Materials, Namiki 1-1, Tsukuba-shi, Ibaraki 305-0044, Japan",4,,,no
"National Institute for Research in Inorganic Materials, Namiki, Sakura-mura, Niihari-gun, 305, Ibaraki, Japan",4,,,no
"National Institute for Research in Inorganic Materials, Namiki, Tsukuba, Ibaraki, Japan",4,,,no
"National Institute for Research in Inorganic Materials, Niihari-gun, Ibaraki, Japan",4,,,no
"National Institute for Research in Inorganic Materials, Sakura-mura, Niihari-gun, Ibaraki 305 Japan",4,,,no
"National Institute for Research in Inorganic Materials, Sakuramura, Niiharigun, Ibaraki 305, Japan",4,,,no
"National Institute for Researches in Inorganic Materials, Kurakake, Sakura-mura, Niiharigun, Ibaraki 300-31, Japan",4,,,no
"National Institute for Researches in Inorganic Materials, Namiki 1-1, Sakura-mura, Niihari-gun, 305, Ibaraki, Japan",4,,,no
"National Institute for Researches in Inorganic Materials, Namiki, Sakura-mura, Niihari-gun, 305, Ibaraki, Japan",4,,,no
"National Institute for Researches in Inorganic Materials, Sakura-Mura, Ibaraki, Japan",4,,,no
"National Institute for Researches in Inorganic Materials, Sakura-mura, Niihari-gun, Ibaraki 300-31 Japan",4,,,no
"National Institute for Researches in Inorganic Materials, Sakura-mura, Niihari-gun, Ibaraki, 300-31 Japan",4,,,no
"National Institute of Materials and Chemical Research , 1-1 Higashi, Tsukuba , Ibaraki , 305 , Japan",4,,,no
"National Institute of Materials and Chemical Research, 1-1 Higashi, 305, Tsukuba, Ibaraki, Japan",4,,,no
"National Institute of Materials and Chemical Research, MITI, Higashi 1-1, Tsukuba, Ibaraki 305-8565, Japan",4,,,no
"National, Inst. Res. Inorg. Mat. Namiki 1, Tsukuba, 305 Japan,",4,,,no
"Photocatal. Mater. Cent., Natl. Inst. Mater. Sci., Tsukuba, Ibaraki 305, Japan",4,,,no
"Tsukuba Magn. Lab., Nat. Inst. for Mater. Sci., Tsukuba",4,,,no
"a  National Institute of Materials and Chemical Research , 1-1 Higashi,  Tsukuba, Ibaraki ,  305-8565 ,  Japan",4,,,no
"Biomaterial Systems Group, Biomaterials Center and International Center for Materials Nanoarchitectonics (MANA), Tsukuba, Ibaraki, Japan",3,,,no
"Department of Analytical Chemistry, National Institute of Materials and Chemical Research, 1-1 Higashi, Tsukuba, Ibaraki 305, Japan",3,,,no
"Department of Chemical Systems, National Institute of Materials and Chemical Research, 1-1 Higashi, Tsukuba, Ibaraki 305, Japan",3,,,no
"Department of Composite Materials, National Institute of Materials and Chemical Research, Higashi 1-1, Tsukuba, Ibaraki 305-0046, Japan",3,,,no
"Department of Inorganic Materials, National Institute of Materials and Chemical Research, Higashi 1-1, Tsukuba, Ibaraki 305-8565, Japan",3,,,no
"Department of Materials Science and Engineering, Japan",3,,,no
"Department of Organic Materials , National Institute of Materials and Chemical Research , 1-1 Higashi, Tsukuba, Ibaraki , 305 , JAPAN",3,,,no
"Department of Physical Chemistry, National Institute of Materials and Chemical Research, 1-1 Higashi, Tsukuba, Ibaraki 305, Japan",3,,,no
"Department of Polymer Engineering, National Institute of Materials and Chemical Research, 1-1 Higashi, Tsukuba, Ibaraki 305, Japan",3,,,no
"Department of Polymer Engineering, National Institute of Materials and Chemical Research, 1-1 Higashi, Tsukuba, Ibaraki 305-8565, Japan",3,,,no
"Department of Polymer Physics , National Institute of Materials and Chemical Research , 1-1 Higashi, Tsukuba, Ibaraki , 305-8565 , Japan",3,,,no
"Ecomater. Cent., Natl. Inst. Mater. Sci., Tsukuba, Ibaraki 305, Japan",3,,,no
"Environmental Remediation Materials Unit and International Center for Materials Nanoarchitectonics (WPI-MANA), 1-1 Namiki, Tsukuba, Ibaraki 305-0044, Japan",3,,,no
International Center for Materials Nanoarchitectonics  Tsukuba Ibaraki 305‐0044 Japan,3,,,no
"International Center for Materials Nanoarchitectonics Satellite (WPI-MANA), Tsukuba, Ibaraki 305-0044, Japan",3,,,no
"International Center for Materials Nanoarchitectonics, 1-1 Namiki, Tsukuba 305-0044, Japan",3,,,no
"International Center for Materials Nanoarchitectonics, 1-1 Namiki, Tsukuba, Ibaraki 305-0044, Japan",3,,,no
"International Center for Materials Nanoarchitectonics, Tsukuba, Japan",3,,,no
International Center for Materials and Nanoarchitectronics (MANA) and Research Center for Advanced Measurement and Characterization (RCAMC),3,,,no
"Mechanical Engineering Laboratory, MITI, Namiki 1-2, Tsukuba-shi, Ibaraki-ken, 305 Japan",3,,,no
"Mechanical Engineering Laboratory, Namiki 1-2, Sakura-mura, Niihari-gun, Tsukuba, Ibaraki 305, Japan",3,,,no
"National Institute for Research in Inorganic Materials (NIRIM), 1-1 Namiki, Tsukuba, Ibaraki, 305, Japan",3,,,no
"National Institute for Research in Inorganic Materials (NIRIM), 1-1 Namiki, Tsukuba, Ibaraki, 305-0044, Japan",3,,,no
"National Institute for Research in Inorganic Materials (NIRIM), 1-1, Namiki, Tsukuba, Ibaraki 305, Japan",3,,,no
"National Institute for Research in Inorganic Materials (NIRIM), Tsukuba, Ibaraki 305–0044, Japan",3,,,no
"National Institute for Research in Inorganic Materials 1-1 Namiki, Tsukuba, Ibaraki, 305 Japan",3,,,no
"National Institute for Research in Inorganic Materials NIRIM, Namiki 1-1, Tsukuba, Ibaraki 305-0044, Japan",3,,,no
"National Institute for Research in Inorganic Materials Sakura-mura, Niihari-gun, Ibaraki 305, Japan",3,,,no
"National Institute for Research in Inorganic Materials, 1-1 Namiki, 305, Tsukuba-shi, Ibaraki, Japan",3,,,no
"National Institute for Research in Inorganic Materials, 1-1 Namiki, Sakura-Mura, Niihari-Gun, Ibaraki 305, Japan",3,,,no
"National Institute for Research in Inorganic Materials, 1-1 Namiki, Sakura-mura, Niihari-gun, Ibaraki 305 Japan",3,,,no
"National Institute for Research in Inorganic Materials, 1-1 Namiki, Sakura-mura, Niiharigun, Ibaraki 305 Japan",3,,,no
"National Institute for Research in Inorganic Materials, 1-1 Namiki, Tsukuba, Ibaraki 305 0044, Japan",3,,,no
"National Institute for Research in Inorganic Materials, 1-1 Namiki, Tsukuba, Ibaraki 305, Japan;",3,,,no
"National Institute for Research in Inorganic Materials, 1-1 Namiki, Tsukuba, Ibaraki, Japan",3,,,no
"National Institute for Research in Inorganic Materials, 1-1 Namiki, Tsukuba, Japan",3,,,no
"National Institute for Research in Inorganic Materials, 1-1 Namiki, Tsukuba-shi 305, Japan",3,,,no
"National Institute for Research in Inorganic Materials, 1-1, Namiki, Sakuramura, Niiharigun, Ibaraki-ken, Japan 305",3,,,no
"National Institute for Research in Inorganic Materials, 1-1, Namiki, Tsukuba 305, Japan",3,,,no
"National Institute for Research in Inorganic Materials, 1-1, Namiki, Tsukuba, Ibaraki, 305-0044, Japan",3,,,no
"National Institute for Research in Inorganic Materials, 1-Namiki, Tsukuba 305, Japan",3,,,no
"National Institute for Research in Inorganic Materials, 1–1 Namiki, Tsukuba, Ibaraki, 305, Japan",3,,,no
"National Institute for Research in Inorganic Materials, 1–1 Namiki, Tsukuba, Ibaraki, 305–0044, Japan",3,,,no
"National Institute for Research in Inorganic Materials, Kurakake, Sakura-mura, Niihari-gun, Ibaraki, Japan",3,,,no
"National Institute for Research in Inorganic Materials, Namiki 1-1, 305, Tsukuba-shi, Ibaraki, Japan",3,,,no
"National Institute for Research in Inorganic Materials, Namiki 1-1, Ibaraki 305, Japan",3,,,no
"National Institute for Research in Inorganic Materials, Namiki 1-1, Sakura-mura, Niihari-gun, Ibaraki 300-31, Japan",3,,,no
"National Institute for Research in Inorganic Materials, Namiki 1-1, Sakura-mura, Niihari-gun, Ibaraki 305 Japan",3,,,no
"National Institute for Research in Inorganic Materials, Namiki 1-1, Sakura-mura, Niihari-gun, Ibaraki-ken, 305 Japan",3,,,no
"National Institute for Research in Inorganic Materials, Namiki 1-1, Tsukuba-shi, 305, Ibaraki, Japan",3,,,no
"National Institute for Research in Inorganic Materials, Namiki, Sakura-Mura, Niihari-Gun, Ibaraki, Japan",3,,,no
"National Institute for Research in Inorganic Materials, Namiki, Tsukuba-shi, 305, Ibaraki-ken, Japan",3,,,no
"National Institute for Research in Inorganic Materials, Sakura-Mura, Niihari-Gun, Ibaraki 305, Japan",3,,,no
"National Institute for Research in Inorganic Materials, Sakura-mura, Niihari-gun, 305, Ibaraki, Japan",3,,,no
"National Institute for Research in Inorganic Materials, Sakura-mura, Niihari-gun, Ibaraki, 305, Japan",3,,,no
"National Institute for Researches in Inorganic Materials, Japan",3,,,no
"National Institute for Researches in Inorganic Materials, Kurakake, Sakura-mura, Niihari-gun, Ibaraki, 300-31 Japan",3,,,no
"National Institute for Researches in Inorganic Materials, Namiki 1-1, Sakura-mura, Niihari-gun, Ibaraki 300-31, Japan",3,,,no
"National Institute for Researches in Inorganic Materials, Namiki, Sakura-mura, Niihari-gun, 300-31, Ibaraki, Japan",3,,,no
"National Institute for Researches in Inorganic Materials, Namiki, Sakura-mura, Niihari-gun, Ibaraki 305, Japan",3,,,no
"National Institute for Researches in Inorganic Materials, Nihari-gun, Ibaraki, Japan",3,,,no
"National Institute for Researches in Inorganic Materials, Sakura-Mura, Niihari-Gun, Ibaraki, Japan",3,,,no
"National Institute for Researches in Inorganic Materials, Sakura-Mura, Niihari-Gun, Ibaraki-Ken, Japan",3,,,no
"National Institute for Researches in Inorganic Materials, Sakura-mura, Niihari-gun, 300-31, Ibaraki-ken, Japan",3,,,no
"National Institute for Researches in Inorganic Materials, Sakura-mura, Niihari-gun, 305, Ibaraki, Japan",3,,,no
"National Institute for Researches in Inorganic Materials, Sakura-mura, Niihari-gun, Ibaraki-ken, 300-31, Japan",3,,,no
"National Institute for Researches in Inorganic Materials, Sakura-mura, Niihari-gun, Ibaraki-ken, Japan",3,,,no
"National Institute of Materials and Chemical Research 
(NIMC), Higashi 1-1, Tsukuba, Ibaraki, Japan",3,,,no
"National Institute of Materials and Chemical Research (NIMC), Higashi 1-1, Tsukuba, 305 Ibaraki, Japan",3,,,no
"National Institute of Materials and Chemical Research , 1-1 Higashi, Tsukuba , Ibaraki , 305 , JAPAN",3,,,no
"National Institute of Materials and Chemical Research 1-1, Higashi, Tsukuba, Ibaraki 305 (Japan)",3,,,no
"National Institute of Materials and Chemical Research 1‐1, Higashi, Tsukuba, Ibaraki 305 (Japan)",3,,,no
"National Institute of Materials and Chemical Research, 1-1 Higashi, Tsukuba, 305, Ibaraki, Japan",3,,,no
"National Institute of Materials and Chemical Research, 1-1 Higashi, Tsukuba, Ibaraki 305-8565, Japan (Fax: +81-298/54-6355,",3,,,no
"National Institute of Materials and Chemical Research, 1-1 Higashi, Tsukuba, JAPAN",3,,,no
"National Institute of Materials and Chemical Research, 1-1 Higashi, Tsukuba, Japan",3,,,no
"National Institute of Materials and Chemical Research, 1-1 Higashi, Tsukuba,Ibaraki,Japan",3,,,no
"National Institute of Materials and Chemical Research, 1-1, Higashi, Tsukuba 305, Japan",3,,,no
"National Institute of Materials and Chemical Research, 1-1, Higashi, Tsukuba, Ibaraki 305 Japan",3,,,no
"National Institute of Materials and Chemical Research, Higashi 1-1, Tsukuba, Ibaraki, Japan",3,,,no
"Natl. Inst. Res. Inorg. Mater., Tsukuba, Ibaraki 305, Jap",3,,,no
"Research Center for Advanced Materials, National Institute for Research in Inorganic Materials (NIRIM), 1-1 Namiki, Tsukuba 305, Japan",3,,,no
"Research Center for Functional Materials, 1-1 Namiki, Tsukuba 305-0044, Japan",3,,,no
"Tsukuba Institute for Super Materials, ULVAC Japan Ltd",3,Ulvac (Japan),I4210125446,no
"Tsukuba Institute for Super Materials, ULVAC Japan, Ltd",3,Ulvac (Japan),I4210125446,no
"WPI-MANA - International Center for Materials Nanoarchitectonics (1-1 Namiki Tsukuba, Ibaraki 305-0044 JAPAN - Japon)",3,,,no
"a  National Institute of Materials and Chemical Research , 1-1 Higashi,  Tsukuba ,  Ibaraki ,  305 ,  JAPAN",3,,,no
"a  National Institute of Materials and Chemical Research , 1-1 Higashi,  Tsukuba ,  Ibaraki ,  305 ,  Japan",3,,,no
"b  National Institute of Materials and Chemical Research , 1-1 Higashi,  Tsukuba ,  305 ,  Japan",3,,,no
"Adv. Mater. Process. Unit, Nat. Inst. for Mater. Sci., Tsukuba, Japan",2,,,no
"Advanced Materials Laboratory and Nanomaterials Laboratory, 1-1 Namiki, Tsukuba, Ibaraki 305-0044, Japan",2,,,no
"Biomater. Center, Nat. Inst. for Mater. Sci., Ibaraki, Japan",2,,,no
"Biomaterials Center, National Inst. for Mater. Sci., Ibaraki, Japan",2,,,no
"Biomechanics Division, Mechanical Engineering Laboratory, MITI, Namiki 1-2, Tsukuba, Ibaraki 305, Japan",2,,,no
"COMET-NIRIM, National Institute for Research in Inorganic Materials, 1-1 Namiki, Tsukuba, Ibaraki 305-0044, Japan",2,,,no
"Dep. Surf. Chem., Natl. Inst. Mater. Chem. Res., Tsukuba, Ibaraki 305, Japan",2,,,no
"Department of Analytical Chemistry, National Institute of Materials and Chemical Research (NIMC), 1-1 Higashi, Tsukuba, Ibaraki 305-8565, Japan",2,,,no
"Department of Analytical Chemistry, National Institute of Materials and Chemical Research, Tsukuba, Ibaraki, Japan",2,,,no
"Department of Chemical Systems, National Institute of Materials and Chemical Research (NIMC), Higashi 1-1, Tsukuba, Ibaraki 305, Japan",2,,,no
"Department of Chemical Systems, National Institute of Materials and Chemical Research, 1-1 Higashi, Tsukuba, 305, Ibaraki, Japan",2,,,no
"Department of Chemical Systems, National Institute of Materials and Chemical Research, 1–1, Higashi, Tsukuba, Ibaraki 305, Japan",2,,,no
"Department of Chemical Systems, National Institute of Materials and Chemical Research, Higashi 1-1, Tsukuba, Ibaraki 305-8565, Japan",2,,,no
"Department of Chemical Systems, National Institute of Materials and Chemical Research, Higashi 1-1, Tsukuba, Ibaraki 305, Japan",2,,,no
"Department of Chemical Systems, National Institute of Materials and Chemical Research, Ibaraki, Japan",2,,,no
"Department of Chemical Systems, National Institute of Materials and Chemicals Research, 1-1 Higashi, Tsukuba, Ibaraki, 305-8565, Japan",2,,,no
"Department of Composite Material, National Institute of Materials and Chemical Research, Higashi 1-1, Tsukuba, Ibaraki 305-0046, Japan",2,,,no
"Department of Composite Materials, National Institute of Materials and Chemical Research, Higashi 1‐1, Tsukuba, Ibaraki 305‐0046, Japan",2,,,no
"Department of Inorganic Materials, National Institute of Materials and Chemical Research, 1-1 Higashi, Tsukuba, Ibaraki, 305-6585, Japan",2,,,no
"Department of Inorganic Materials, National Institute of Materials and Chemical Research, Ibaraki, Japan",2,,,no
"Department of Inorganic Materials, National Institute of Materials and Chemical Research, Tsukuba)",2,,,no
"Department of Inorganic Materials, National Institute of Materials and Chemical Research, Tsukuba, Ibaraki, Japan",2,,,no
Department of Materials Science and Engineering (Japan),2,,,no
Department of Materials Science and Tsukuba Research Center for Energy Materials Science (TREMS),2,,,no
Department of Mechanical Engineering and Materials Science (Japan),2,,,no
"Department of Molecular Engineering , National Institute of Materials and Chemical Research , 1-1 Higashi, Tsukuba, Ibaraki , 305 , JAPAN",2,,,no
"Department of Molecular Engineering, National Institute of Materials and Chemical Research, 1-1 Higashi, Tsukuba, Ibaraki 305, Japan",2,,,no
"Department of Molecular Engineering, National Institute of Materials and Chemical Research, 1-1 Higashi, Tsukuba, Ibaraki 305-8565, Japan",2,,,no
"Department of Molecular Engineering, National Institute of Materials and Chemical Research, 1-1 Higashi, Tsukuba, Ibaraki, 305, JAPAN",2,,,no
"Department of Organic Materials, National Institute of Materials and Chemical Research, 1-1 Higashi, Tsukuba, Ibaraki, 305, Japan",2,,,no
"Department of Organic Materials, National Institute of Materials and Chemical Research, Ibaraki, Japan",2,,,no
"Department of Physical Chemistry, National Institute of Materials and Chemical Research, 1-1 Higashi, Tsukuba Science City, Ibaraki 305-8565, Japan",2,,,no
"Department of Physical Chemistry, National Institute of Materials and Chemical Research, 1-1 Higashi, Tsukuba, Ibaraki 305-8565, Japan",2,,,no
"Department of Polymer Chemistry, National Institute of Materials and Chemical Research, 1-1 higashi, Tsukuba, Ibaraki 305-3565, Japan",2,,,no
"Department of Polymer Engineering, National Institute of Materials and Chemical Research, 1-1 Higashi, Tsukuba, Ibaraki, 305, Japan",2,,,no
"Department of Polymer Physics, National Institute of Materials and Chemical Research (NIMC), 1-1 Higashi, Tsukuba, Ibaraki 305-8565, Japan",2,,,no
"Department of Polymer Physics, National Institute of Materials and Chemical Research, 1-1 Higashi, Tsukuba, Ibaraki 305-8565 (Japan)",2,,,no
"Department of Polymer Physics, National Institute of Materials and Chemical Research, Higashi, Tsukuba, Ibaraki 305, Japan",2,,,no
"Department of Polymer Physics, National Institute of Materials and Chemical Research, Ibaraki 305-8565, Japan",2,,,no
"Department of Surface Chemistry, National Institute of Materials and Chemical Research, 1-1, Higashi, Tsukuba, Ibaraki, 305-8565, Japan",2,,,no
"Department of Surface Chemistry, National Institute of Materials and Chemical Research, Ibaraki, Japan",2,,,no
"Department of Surface Chemistry, National Institute of Materials and Chemical Research, MITI, Tsukuba, Ibaraki 305, Japan",2,,,no
"Dept. of Chemical Systems, National Institute of Materials and Chemical Research 1-1, Higashi, Tsukuba, Ibaraki 305, Japan",2,,,no
"Earth System Division , National Institute for Environmental Studies , Tsukuba 305-8506 , Japan",2,National Institute for Environmental Studies,I200202764,no
"Elements Strategy Initiative Center for Magnetic Materials (ESICMM), Tsukuba, Japan",2,,,no
"Energetic Materials Lab, National Institute of Materials and Chemical Research, Higashi 1-1, 305, Tsukuba, Ibaraki, Japan",2,,,no
"Energetic Materials Laboratory, National Institute of Materials and Chemical Research, 1-1 Higashi, Tsukuba, Ibaraki, 305-8565, Japan",2,,,no
"Energetic Materials Laboratory, National Institute of Materials and Chemical Research, Higashi 1-1, Tsukuba, Ibaraki 305, Japan",2,,,no
"Environmental of Remediation Materials Unit and International Center for Materials Nanoarchitectures (WPI-MANA), 1-1 Namiki, Tsukua, Ibaraki 305-004, Japan",2,,,no
"Global Research Center for Environment and Energy based on Nanomaterials Science (GREEN), Namiki 1-1, Tsukuba, Ibaraki 305-0044, Japan",2,,,no
"Institute of Materials Structure Science, 1-1 Oho, Tsukuba 305-0801, Japan",2,Institute of Materials Structure Science,I4389425390,no
"Institute of Materials Structure Science, Tsukuba, 305-0801, Japan",2,Institute of Materials Structure Science,I4389425390,no
"Institute of Mechanical Systems Engineering National Institute of Advanced Science and Technology, 1-2-1 Namiki, Tsukuba-shi, Ibaraki, 305-8564",2,National Institute of Advanced Industrial Science and Technology,I73613424,no
"International Center for Materials Nanoarchitecnics (WPI-MANA) and Environmental Remediation Materials Unit, 1-1 Namiki, Tsukuba, Ibaraki, Japan",2,,,no
"International Center for Materials Nanoarchitectonics, 1-1 Namiki Tsukuba, Ibaraki 305-0044, Japan",2,,,no
International center for Materials and Nano‐architectronics (MANA)  1–1 Namiki 305–0044 Japan,2,,,no
"Japan Science and Technology Corporation, National Institute of Research in Inorganic Materials. 1–1 Namiki, Tsukuba-shi, Ibaraki 305–0044, Japan",2,,,no
"Laser Induced Reaction Lab, National Institute of Materials and Chemical Research, Higashi 1-1, 305, Tsukuba, Ibaraki, Japan",2,,,no
"Laser Induced Reaction Laboratory, National Institute of Materials and Chemical Research, Higashi 1-1, Tsukuba, Ibaraki 305, Japan",2,,,no
"Mater. Eng. Lab., Natl. Inst. Mater. Sci., Tsukuba, Ibaraki 305, Japan",2,,,no
"Mechanical Engineering Laboratory, Namiki 1-2, Sakura-mura, Niihari-gun, Ibaraki, 305 Japan",2,,,no
"NIMC - National Institute of Materials and Chemical Research (Higashi 1-1-1, Tsukuba, Ibaraki 305-8565 - Japan)",2,,,no
"NIRIM, 1-1 Namiki, Tsukuba, Ibaraki, 305-0044, Japan",2,,,no
"NIRIM, 1-1 Namiki, Tsukuba, Ibaraki 305-0044, Japan",2,,,no
"NIRIM, Namiki 1-1, Tsukuba, Ibaraki, 305, Japan",2,,,no
"Namiki, Tsukuba 305-8564",2,,,no
"Nano Electronics Device Materials Group, MANA, Namiki 1-1, Tsukuba, Ibaraki, 305-0044, Japan",2,,,no
Nano and Information Materials (NIMs) Laboratory,2,,,no
"Nat. Inst. for Res. in Inorganic Materials, Ibaraki, Japan",2,,,no
"National Inst. for Research in Inorganic Materials, Ibaraki (Japan)",2,,,no
"National Institute for Advanced Interdisciplinary Research, National Institute of Materials and Chemical Research, 1-1-4 Higashi, Tsukuba, Ibaraki 305, Japan",2,,,no
"National Institute for Advanced Interdisciplinary Research, Tsukuba, Ibaraki, Japan. miyake@nair.go.jp",2,,,no
"National Institute for Research in Inorganic Material, Namiki, Tsukuba-shi, Ibaraki 305, Japan",2,,,no
"National Institute for Research in Inorganic Materials (NIRIM), 1-1 Namiki, Tsukuba-shi, Ibaraki 305-0044, Japan",2,,,no
"National Institute for Research in Inorganic Materials (NIRIM), 1-1, Namiki, Tsukuba, Ibaraki 305-0044, Japan",2,,,no
"National Institute for Research in Inorganic Materials (NIRIM), Namiki 1-1, Tsukuba, Ibaraki 305, Japan",2,,,no
"National Institute for Research in Inorganic Materials (NIRIM), Namiki 1-1, Tsukuba, Japan",2,,,no
"National Institute for Research in Inorganic Materials (NIRIM), Sakura, Niihari, Ibaraki 305, Japan",2,,,no
"National Institute for Research in Inorganic Materials (NIRIM), Tsukuba, Ibaraki 305, Japan",2,,,no
"National Institute for Research in Inorganic Materials (NIRIM), Tsukuba-shi, Ibaraki 305, Japan",2,,,no
"National Institute for Research in Inorganic Materials , 1-1 Namiki , Tsukuba 305 , Japan",2,,,no
"National Institute for Research in Inorganic Materials , 1-1 Namiki, Tsukuba, Ibaraki , 305 , Japan",2,,,no
"National Institute for Research in Inorganic Materials , 1-1 Namiki, Tsukuba, Ibaraki, 305, Japan",2,,,no
"National Institute for Research in Inorganic Materials , 1-1 Namiki- Tsukuba-shi, Ibaraki , 305 , Japan",2,,,no
"National Institute for Research in Inorganic Materials , Namiki 1-1 , Sakura-mura , Niihari-gun , Ibaragi 305 , Japan",2,,,no
"National Institute for Research in Inorganic Materials , Namiki 1-1, Tsukuba, Ibaraki , 305-0044 , Japan",2,,,no
"National Institute for Research in Inorganic Materials , Namiki 1-1, Tsukuba, Ibaraki, 305, Japan",2,,,no
"National Institute for Research in Inorganic Materials , Namiki 1-1, Tsukuba, Ibaraki, 305-0044, Japan",2,,,no
"National Institute for Research in Inorganic Materials , Namiki 1–1, Tsukuba, Ibaraki, 305-0044,  Japan",2,,,no
"National Institute for Research in Inorganic Materials , Namiki 1–1, Tsukuba, Ibaraki, 305-0044, Japan",2,,,no
"National Institute for Research in Inorganic Materials 1-1 Namiki, Ibaraki, Japan",2,,,no
"National Institute for Research in Inorganic Materials 1-1 Namiki, Sakura-mura, Niihari-gun Ibaraki, 305 Japan",2,,,no
"National Institute for Research in Inorganic Materials 1-1 Namiki, Sakura-mura, Niihari-gun, Ibaraki, 305 Japan",2,,,no
"National Institute for Research in Inorganic Materials 1-1, Namiki, Sakura-mura, Niihari-gun, Ibaraki 305, Japan",2,,,no
"National Institute for Research in Inorganic Materials 1-1, Namiki, Sakuramura, Niiharigun, Ibaraki-ken, Japan 305",2,,,no
"National Institute for Research in Inorganic Materials Namiki 1-1, Tsukuba, Ibaraki, 305 Japan",2,,,no
"National Institute for Research in Inorganic Materials Namiki 1–1, Tsukuba, Ibaraki 305-0044, Japan",2,,,no
National Institute for Research in Inorganic Materials and National Research Institute for (Japan),2,,,no
"National Institute for Research in Inorganic Materials, 1 - 1 Namiki, Sakura-mura, Niihari-gun, Ibaraki 305, Japan",2,,,no
"National Institute for Research in Inorganic Materials, 1 Namiki, Sakura, Niihari, Ibaraki, 305, Japan",2,,,no
"National Institute for Research in Inorganic Materials, 1-1 Namiki Tsukuba-City, Ibaraki 305, Japan",2,,,no
"National Institute for Research in Inorganic Materials, 1-1 Namiki, 305, Tsukuba-shi, Japan",2,,,no
"National Institute for Research in Inorganic Materials, 1-1 Namiki, Sakura-Mura, Niihari-Gun, Ibaraki-Ken, 305, Japan",2,,,no
"National Institute for Research in Inorganic Materials, 1-1 Namiki, Sakura-Mura, Niihari-gun, 305, Ibaraki, Japan",2,,,no
"National Institute for Research in Inorganic Materials, 1-1 Namiki, Sakura-mura, Ibaraki 305, Japan",2,,,no
"National Institute for Research in Inorganic Materials, 1-1 Namiki, Sakura-mura, Niihari-gun, 305, Ibaraki-ken, Japan",2,,,no
"National Institute for Research in Inorganic Materials, 1-1 Namiki, Sakura-mura, Niihari-gun, Ibaraki-ken 305, Japan",2,,,no
"National Institute for Research in Inorganic Materials, 1-1 Namiki, Sakura-mura, Niiharigun, 305, Ibaraki, Japan",2,,,no
"National Institute for Research in Inorganic Materials, 1-1 Namiki, Tsukuba, Ibaraki 305-0044",2,,,no
"National Institute for Research in Inorganic Materials, 1-1 Namiki, Tsukuba-City, Ibaraki 305, Japan",2,,,no
"National Institute for Research in Inorganic Materials, 1-1 Namiki, Tsukuba-Shi, Ibaraki 305, Japan",2,,,no
"National Institute for Research in Inorganic Materials, 1-1 Namiki, Tsukuba-shi, Ibaraki, 305 Japan",2,,,no
"National Institute for Research in Inorganic Materials, 1-1 Namiki, Tsukuba-shi, Ibaraki, 305-0044, Japan",2,,,no
"National Institute for Research in Inorganic Materials, 1-1 Namiki, Tsukuba-shi, Ibaraki-ken, 305 Japan",2,,,no
"National Institute for Research in Inorganic Materials, 1-1 Namiki, Tsukuba-shi, Ibaraki 305-0044, Japan",2,,,no
"National Institute for Research in Inorganic Materials, 1-1 Namiki, Tukuba, Ibaraki 305-0044, Japan",2,,,no
"National Institute for Research in Inorganic Materials, 1-1, Namiki, Sakura-mura, Niihari-gun, Ibaraki, 305, Japan",2,,,no
"National Institute for Research in Inorganic Materials, 1-1, Namiki, Tsukuba 305-0044, Japan",2,,,no
"National Institute for Research in Inorganic Materials, 1-1, Namiki, Tsukuba, Ibaraki 305 Japan",2,,,no
"National Institute for Research in Inorganic Materials, 1-1, Namiki, Tsukuba-shi 305, Japan",2,,,no
"National Institute for Research in Inorganic Materials, 1-1, Namiki, Tsukuba-shi, Ibaraki, 305-0044, Japan",2,,,no
"National Institute for Research in Inorganic Materials, 1-1, Namiki, Tsukuba-shi, Ibaraki-ken, 305 Japan",2,,,no
"National Institute for Research in Inorganic Materials, 1-Namiki, Sakura-mura, Niihari-gun, Ibaraki 305, Japan",2,,,no
"National Institute for Research in Inorganic Materials, 1‐1 Namiki, Tsukuba, Ibaraki 305‐0044, Japan",2,,,no
"National Institute for Research in Inorganic Materials, 1‐1 Namiki, Tsukuba‐shi, Ibaraki 305, Japan",2,,,no
"National Institute for Research in Inorganic Materials, 1‐Namiki, Tsukuba 305, Japan",2,,,no
"National Institute for Research in Inorganic Materials, 1–1, Namiki, Tsukuba, Ibaraki, 305, Japan",2,,,no
"National Institute for Research in Inorganic Materials, 305-0044, Tsukuba, Ibaraki, Japan",2,,,no
"National Institute for Research in Inorganic Materials, Advanced Beam Analysis Station, 1-1 Namiki, Tsukuba, Ibaraki 305-0044, Japan",2,,,no
"National Institute for Research in Inorganic Materials, Bunkyo, Tokyo, Japan",2,,,no
"National Institute for Research in Inorganic Materials, Ibarakiken, Japan",2,,,no
"National Institute for Research in Inorganic Materials, NIRIM, Namiki 1-1, Tsukuba, Ibaraki 305-0044, Japan",2,,,no
"National Institute for Research in Inorganic Materials, NIRIM/STA, Namiki 1-1, Tsukuba, Ibaraki 305-0044, Japan",2,,,no
"National Institute for Research in Inorganic Materials, Namiki 1-1, 305, Tsukuba, Japan",2,,,no
"National Institute for Research in Inorganic Materials, Namiki 1-1, 305, Tsukuba-shi, Japan",2,,,no
"National Institute for Research in Inorganic Materials, Namiki 1-1, 305-0044, Tsukuba, Ibaraki, Japan",2,,,no
"National Institute for Research in Inorganic Materials, Namiki 1-1, Sakura, Niihari, Ibaraki, 300-31 Japan",2,,,no
"National Institute for Research in Inorganic Materials, Namiki 1-1, Sakura-mura, 305, Niihari-gun, Ibaraki, Japan",2,,,no
"National Institute for Research in Inorganic Materials, Namiki 1-1, Sakura-mura, Niihari, Ibaraki 305, Japan",2,,,no
"National Institute for Research in Inorganic Materials, Namiki 1-1, Sakura-mura, Niihari-gun, 305, Ibaragi, Japan",2,,,no
"National Institute for Research in Inorganic Materials, Namiki 1-1, Sakura-mura, Niiharigun, Ibaraki 305 Japan",2,,,no
"National Institute for Research in Inorganic Materials, Namiki 1-1, Sakuramura, Niiharigun, Ibaraki 305, Japan",2,,,no
"National Institute for Research in Inorganic Materials, Namiki 1-1, Tsukuba, 305-0044, Ibaraki, Japan",2,,,no
"National Institute for Research in Inorganic Materials, Namiki 1-1, Tsukuba-shi, Ibaraki 305 Japan",2,,,no
"National Institute for Research in Inorganic Materials, Namiki 1-1, Tsukuba 305-0044, Japan",2,,,no
"National Institute for Research in Inorganic Materials, Namiki 1‐1, Tsukuba, Ibaraki 305‐0044, Japan",2,,,no
"National Institute for Research in Inorganic Materials, Namiki, Japan",2,,,no
"National Institute for Research in Inorganic Materials, Namiki, Sakura-mura, Niihari-gun, Ibaraki, Japan",2,,,no
"National Institute for Research in Inorganic Materials, Namiki, Tsukuba 305-0044, Japan",2,,,no
"National Institute for Research in Inorganic Materials, Research Centre for Creating New Materials, 1-1 Namiki, Tsukuba, 305-0044 Ibaraki, Japan",2,,,no
"National Institute for Research in Inorganic Materials, Research Centre for Creating New Materials, 1-1 Namiki, Tsukuba, 305-0044 Ibaraki, Japan. nespolo@nirim.go.jp",2,,,no
"National Institute for Research in Inorganic Materials, Sakura-Mura, Ibaraki, Japan",2,,,no
"National Institute for Research in Inorganic Materials, Sakura-mura, Ibaraki, Japan",2,,,no
"National Institute for Research in Inorganic Materials, Sakura-mura, Niihari-gun, Ibaraki 300-31, Japan",2,,,no
"National Institute for Research in Inorganic Materials, Sakura-mura, Niihari-gun, Ibaraki, 305 Japan",2,,,no
"National Institute for Research in Inorganic Materials, Sakura-mura, Niiharigun, Ibaraki, 305, Japan",2,,,no
"National Institute for Research in Inorganic Materials, Sakura‐Mura, Niihari‐Gun, Ibaraki 305, Japan",2,,,no
"National Institute for Research in Inorganic Materials, Science and Technology Agency, 1-1 Namiki, Tsukuba-shi, Ibaraki 305, Japan",2,Japan Science and Technology Agency,I4210086780,no
"National Institute for Research in Inorganic Materials, Tsukubashi, Ibaraki, Japan",2,,,no
"National Institute for Research in Inorganic Materials1-1 Namiki, Tsukuba, Ibaraki, 305 Japan",2,,,no
"National Institute for Research in Inorganic MaterialsNamiki 1-1, Tsukuba, Ibaraki, 305 Japan",2,,,no
"National Institute for Research in Inorganic materials, 1-1 Namiki, Tsukuba, Ibaraki, 305, Japan",2,,,no
"National Institute for Researchers in Inorganic Materials, Sakura-mura, Niihari-gun, Ibaraki 305, Japan",2,,,no
"National Institute for Researches in Inorganic Materials Bunkyo-ku, Tokyo 113, Japan",2,,,no
"National Institute for Researches in Inorganic Materials Kurakake, Sakura-mura, Niihari-gun, Ibaraki, 300-31, Japan",2,,,no
"National Institute for Researches in Inorganic Materials Sakura-Mura, Ibaraki, 300-31, Japan",2,,,no
"National Institute for Researches in Inorganic Materials Sakura-mura, Niihari-gun, Ibaraki, 300-31, Japan",2,,,no
"National Institute for Researches in Inorganic Materials, 1-1 Namiki, Sakura-mura, Niihari-gun, 300-31, Ibaraki, Japan",2,,,no
"National Institute for Researches in Inorganic Materials, 1-1 Namiki, Sakura-mura, Niihari-gun, 305, Ibaraki, Japan",2,,,no
"National Institute for Researches in Inorganic Materials, Ibaraki-ken, Japan",2,,,no
"National Institute for Researches in Inorganic Materials, Kurakake, Sakura-Mura, Niihari-Gun, Ibaraki 300-31, Japan",2,,,no
"National Institute for Researches in Inorganic Materials, Kurakake, Sakura-Mura, Niihari-Gun, Ibaraki, 300-31, Japan",2,,,no
"National Institute for Researches in Inorganic Materials, Kurakake, Sakura-Mura, Niihari-Gun, Ibaraki, Japan",2,,,no
"National Institute for Researches in Inorganic Materials, Kurakake, Sakura-mura, Niihari-gun, 300-31, Ibaraki, Japan",2,,,no
"National Institute for Researches in Inorganic Materials, Kurakake, Sakura-mura, Niihari-gun, Ibaraki, Japan",2,,,no
"National Institute for Researches in Inorganic Materials, Kurakake, Sakura-mura, Niihari-gun, Ibaraki-ken, Japan",2,,,no
"National Institute for Researches in Inorganic Materials, Kurakake, Sakuramura, Niihari-gun, Ibaraki-ken, 300-31 Japan",2,,,no
"National Institute for Researches in Inorganic Materials, Namiki 1-1, Saknia-mura, Ibaraki, Japan",2,,,no
"National Institute for Researches in Inorganic Materials, Namiki 1-1, Sakura-mura, Niihari-gun, Ibaraki, 305, Japan",2,,,no
"National Institute for Researches in Inorganic Materials, Namiki 1-1, Sakuramura, Niihari-gun, Ibaraki, 300-31, Japan",2,,,no
"National Institute for Researches in Inorganic Materials, Namiki, Sakura-mura, Niihari-gun, Ibaraki 300-31, Japan",2,,,no
"National Institute for Researches in Inorganic Materials, Namiki, Sakura-mura, Niihari-gun, Ibaraki, 305 Japan",2,,,no
"National Institute for Researches in Inorganic Materials, Namiki, Sakura-mura, Niihari-gun, Ibaraki-ken, 300-31 Japan",2,,,no
"National Institute for Researches in Inorganic Materials, Namiki, Sakura‐mura, Niihari‐gun, Ibaraki, 305 Japan",2,,,no
"National Institute for Researches in Inorganic Materials, Namiki-1 chome, Sakura-mura, Niihari-gun, 300-31, Ibaraki, Japan",2,,,no
"National Institute for Researches in Inorganic Materials, Sakura, Ibaragi, Japan",2,,,no
"National Institute for Researches in Inorganic Materials, Sakura, Niihari, Ibaraki, 305, Japan",2,,,no
"National Institute for Researches in Inorganic Materials, Sakura-mura Niihari-gun Ibaraki-ken, 300-31, Japan",2,,,no
"National Institute for Researches in Inorganic Materials, Sakura-mura, Ibaraki 305, Japan",2,,,no
"National Institute for Researches in Inorganic Materials, Sakura-mura, Niihari, Ibaragi 300-31, Japan",2,,,no
"National Institute for Researches in Inorganic Materials, Sakura-mura, Niihari-gun, 305, Ibaraki-ken, Japan",2,,,no
"National Institute for Researches in Inorganic Materials, Sakura-mura, Niihari-gun, Ibaraki, 300–31 Japan",2,,,no
"National Institute for Researches in Inorganic Materials, Sakura-mura, Niihari-gun, Ibaraki, 300–31, Japan",2,,,no
"National Institute for Researches in Inorganic Materials, Sakura-mura, Niihari-gun, Ibaraki, 305, Japan",2,,,no
"National Institute for Researches in Inorganic Materials, Sakura-mura, Niihari-gun, Ibaraki-ken, 300-31 Japan",2,,,no
"National Institute for Researches in Inorganic Materials, Sakura-mura, Niiharigun, Ibaraki, 305 Japan",2,,,no
"National Institute for Researches in Inorganic Materials, Sakura‐mura Niihari‐gun Ibaraki‐ken, 300‐31, Japan",2,,,no
"National Institute for Researches in Inorganic Materials, Sakura‐mura, Ibaraki, Japan",2,,,no
"National Institute for Researches in Inorganic Materials, Sukura-mura, Niihari-gun, Ibaraki, Japan",2,,,no
"National Institute of Advanced Industrial Science and Technology ( 1-2-1 Namiki , Tsukuba-shi , Ibaraki 305-8564 )",2,National Institute of Advanced Industrial Science and Technology,I73613424,no
"National Institute of Advanced Industrial Science and Technology , 1-2-1 Namiki , Tsukuba-shi , Ibaraki , 305-8564 Japan",2,National Institute of Advanced Industrial Science and Technology,I73613424,no
"National Institute of Material and Chemical Research 1-1 Higashi Tsukuba, Ibaraki 305, Japan",2,,,no
"National Institute of Materials and Chemical Research  1‐1, Higashi 305‐8565 Tsukuba, Ibaraki Japan",2,,,no
"National Institute of Materials and Chemical Research #N#(NIMC), Higashi 1-1, Tsukuba,Ibaraki,Japan",2,,,no
"National Institute of Materials and Chemical Research (NIMC), 1-1 Higashi, Tsukuba, Ibaraki, Japan",2,,,no
"National Institute of Materials and Chemical Research (NIMC), 1-1 Higashi, Tsukuba,Ibaraki,Japan",2,,,no
"National Institute of Materials and Chemical Research (NIMC), 1-1, Higashi, Tsukuba, Ibaraki 305-8565, Japan",2,,,no
"National Institute of Materials and Chemical Research (NIMC), Higashi 1-1, Tsukuba, Ibaraki 305-8565 Japan",2,,,no
"National Institute of Materials and Chemical Research (NIMC), Higashi 1-1, Tsukuba, Ibaraki 305-8565, Japan, , , , , , JP",2,,,no
"National Institute of Materials and Chemical Research (NIMC), Higashi 1‐1, Tsukuba, Ibaraki 305‐8565 Japan",2,,,no
"National Institute of Materials and Chemical Research (NIMC), Higashi 1‐1, Tsukuba, Ibaraki 305‐8565, Japan",2,,,no
"National Institute of Materials and Chemical Research (NIMC), Ibaraki, Japan",2,,,no
"National Institute of Materials and Chemical Research , 1-1, Higashi, Tsukuba, Ibaraki, 305, Japan",2,,,no
"National Institute of Materials and Chemical Research , 1–1 Higashi, Tsukuba , Ibaraki , 305 , Japan",2,,,no
"National Institute of Materials and Chemical Research 1-1 Higashi, Tsukuba 305, Japan",2,,,no
"National Institute of Materials and Chemical Research 1-1 Higashi, Tsukuba, Ibaraki 305 Japan",2,,,no
"National Institute of Materials and Chemical Research 1‐1, Higashi 305‐8565 Tsukuba, Ibaraki Japan",2,,,no
"National Institute of Materials and Chemical Research A.I.S.T., M.I.T.I. 1-1 Higashi Tsukuba, Ibaraki, 305 Japan",2,,,no
"National Institute of Materials and Chemical Research Agency of IST, MITI, Tsukuba 305, Japan",2,,,no
"National Institute of Materials and Chemical Research, 1 - 1 Higashi, Tsukuba, Ibaraki 305, Japan",2,,,no
"National Institute of Materials and Chemical Research, 1-1 Higashi, Tsukuba, Ibaraki 305-8565, Japan, and Center for Intelligent Materials Research, College of Chemistry and Molecular Engineering, Peking University, Beijing 100871, China",2,Peking University,I20231570,no
"National Institute of Materials and Chemical Research, 1-1 Higashi, Tsukuba, Ibaraki, 305-0046 Japan",2,,,no
"National Institute of Materials and Chemical Research, 1-1 Higashi, Tsukuba, Ibaraki, 305-8565",2,,,no
"National Institute of Materials and Chemical Research, 1-1 Higashi,Tsukuba,Japan",2,,,no
"National Institute of Materials and Chemical Research, 1-1 Higashi,Tsukuba-shi,Japan",2,,,no
"National Institute of Materials and Chemical Research, 1-1, Higashi, 305, Tsukuba, Ibaraki, Japan",2,,,no
"National Institute of Materials and Chemical Research, 1-1, Higashi, Tsukuba Ibaraki 305-8565, Japan",2,,,no
"National Institute of Materials and Chemical Research, 1-1, Higashi, Tsukuba, Japan",2,,,no
"National Institute of Materials and Chemical Research, 1‐1 Higashi, Tsukuba 305, Japan",2,,,no
"National Institute of Materials and Chemical Research, 1‐1 Higashi, Tsukuba, Ibaraki 305 Japan",2,,,no
"National Institute of Materials and Chemical Research, 1‐1 Higashi, Tsukuba, Ibaraki, 305, Japan",2,,,no
"National Institute of Materials and Chemical Research, 1–1 Higashi, Tsukuba, Ibaraki 305–8565 (Japan),",2,,,no
"National Institute of Materials and Chemical Research, 305, Tsukuba, Ibaraki, (Japan)",2,,,no
"National Institute of Materials and Chemical Research, Department of Surface Chemistry, 1-1, Hagashi, Tsukuba, Ibaraki 305, Japan",2,,,no
"National Institute of Materials and Chemical Research, Higaghi, 305, Tsukuba-shi, Ibaraki, Japan",2,,,no
"National Institute of Materials and Chemical Research, Higashi 1-1, 305, Tsukuba, Japan",2,,,no
"National Institute of Materials and Chemical Research, Higashi 1–1, Tsukuba Ibaraki 305 (Japan)",2,,,no
"National Institute of Materials and Chemical Research, Higashi, 305, Tskuba-shi, Ibaraki, Japan",2,,,no
"National Institute of Materials and Chemical Research, National Institute for Advanced Interdisciplinary Research, 1-1-4 Higashi, Tsukuba, Ibaraki 305, Japan",2,,,no
"National Institute of Materials and Chemicals Research, 1‐1 Higashi, Tsukuba, Ibaraki 305‐8565, Japan",2,,,no
"National Institute of Research in Inorganic Materials, 1-1 Namiki, Tsukuba, Ibaraki, 305, Japan",2,,,no
"National Research Laboratory of Metrology, 1-4, 1 Chome Umezono, Tsukuba, Ibaraki 305, Japan",2,,,no
"Quantum Beam Center, National Institute for Material Research, Namiki, Tsukuba, Ibaraki 305-0044, Japan",2,,,no
"Reaction Engineering Laboratory, Department of Chemical Systems, National Institute of Materials and Chemical Research, Higashi 1-1, Tsukuba, Ibaraki 305, Japan",2,,,no
"Research Center for Advanced Materials, National Institute for Research in Inorganic Materials (NIRIM), 1-1 Namiki, Tsukuba, Ibaraki 305-0044, Japan",2,,,no
"Research Center for Functional Materials, Institute for Materials Science, 1-1 Namiki, Tsukuba 305-0044, Japan",2,,,no
"Supercond. Mater. Center, Nat. Inst. for Mater. Sci., Ibaraki, Japan",2,,,no
"Surface Engineering Laboratory, Department of Polymer Physics, National Institute of Materials and Chemical Research, Higashi 1-1, Tsukuba, Ibaraki, 305-8565, Japan",2,,,no
Tianjin University-National Institute for Materials Science Joint Research Center,2,Tianjin University,I162868743,no
Tokyo Institute of Technology and National Institute for Research in Inorganic Materials (Japan),2,Tokyo Institute of Technology,I114531698,no
"Tokyo Institute of Technology, National Institute for Research in Inorganic Materials, and (Japan)",2,Tokyo Institute of Technology,I114531698,no
"Tsukuba Insitute for Super Materials, ULVAC JAPAN Ltd",2,Ulvac (Japan),I4210125446,no
"Tsukuba Institute for Super Materials, ULVAC Inc",2,Ulvac (Japan),I4210125446,no
"Tsukuba Institute for Super Materials, ULVAC JAPAN Ltd",2,Ulvac (Japan),I4210125446,no
"Tsukuba Institute for Super Materials, ULVAC JAPAN Ltd, 5-9-7, Tohkodai, Tsukuba, Ibaraki, 300-26 Japan",2,Ulvac (Japan),I4210125446,no
"Tsukuba Institute for Super Materials, ULVAC JAPAN Ltd., 5-9-7 Tohkohdai, Tsukuba, Ibaraki 300-26",2,Ulvac (Japan),I4210125446,no
"Tsukuba Institute for Super Materials, ULVAC JAPAN, Ltd., Tohkodai 5-9-7, Tsukuba, Ibaraki 300-26, Japan",2,Ulvac (Japan),I4210125446,no
"Tsukuba Institute for Super Materials, ULVAC Japan Ltd., 5-9-7 Tohkohdai, Tsukuba-shi, Ibaraki 300-26, Japan",2,Ulvac (Japan),I4210125446,no
"Tsukuba Institute for Super Materials, ULVAC Japan Ltd., 5–9–7 Tohkohdai, Tsukuba-shi, Ibaraki 300–26, Japan",2,Ulvac (Japan),I4210125446,no
"Tsukuba Institute for Super Materials, ULVAC Japan, Ltd., Tsukuba, Ibaragi 300-26, Japan",2,Ulvac (Japan),I4210125446,no
"Tsukuba Institute for Super Materials, ULVAC, Inc., 5-9-6 Tohkohdai, Tsukuba, Ibaraki 300-2635, Japan",2,Ulvac (Japan),I4210125446,no
"Tsukuba Institute for Super Materials, ULVAC, Inc., 5‐9‐6 Tohkohdai, Tsukuba, Ibaraki 300‐2635, Japan",2,Ulvac (Japan),I4210125446,no
"Tsukuba Magnet Laboratory (TML), National Research Institute for Metals (NRIM), Tsukuba, Ibaraki 305-0003, Japan",2,,,no
Tsukuba Materials Information Laboratory,2,,,no
"Tsukuba Research Center for Energy Materials Science (TREMS) 2 , Tsukuba 305-8571, Japan",2,,,no
"Tsukuba Research Center for Energy Materials Science (TREMS), Tsukuba 305-8571, Japan",2,,,no
"World Premier International Research Center for Materials Nanoarchitectonics, 1-2-1 Sengen, Tsukuba, Ibaraki 305-0047, Japan",2,,,no
"a   Department of Organic Materials , National Institute of Materials and Chemical Research , 1-1 Higashi,  Tsukuba, Ibaraki ,  305 ,  JAPAN",2,,,no
"a  National Institute for Research in Inorganic Materials , 1-1 Namiki,  Tsukuba, Ibaraki ,  305 ,  Japan",2,,,no
"a  National Institute for Research in Inorganic Materials Namiki 1-1 , Tsukuba,  Ibaraki ,  305 ,  Japan",2,,,no
"a National Institute of Materials and Chemical Research , 1-1 Higashi, Tsukuba, Ibaraki , 305-8565 , Japan",2,,,no
"b  National Institute of Materials and Chemical Research , 1-1 Higashi, Tsukuba,  Ibaraki ,  305 ,  Japan",2,,,no
"""National Institute of Materials and Chemical Research, 1-1 Higasi, Tsukuba, Ibaraki 305, Japan, and bSchool of Engineering,",1,,,no
"#N#1National Institute for Research in Inorganic Materials, 1-1 Namiki, Tsukuba-shi, Ibaraki, 305, Japan",1,,,no
"#N#National Institute for Research in Inorganic Materials, 1-1 Namiki, Tsukuba, Ibaraki 305-0044, Japan #N#",1,,,no
"#N#a#N#National Institute of Materials and Chemical Research, Ibaraki 305-8565, Japan #N#",1,,,no
"#N#aNational Institute of Materials and Chemical Research, 1-1, Higashi, Tsukuba, lbaraki 305-8565, Japan",1,,,no
"( National Institute for Research in Inorganic Materials , Ibaraki",1,,,no
"(National Institute of Materials and Chemical Research, Ibaraki, Japan)",1,,,no
"**National institute for Research in inorganic Materials1-1 Namiki, Sakura-mura, Niihari-gun, ibaraki, 305 Japan",1,,,no
"*National Institute for Research in Inorganic Materials, 1-1, Namiki, Tsukuba 305-0044, Japan",1,,,no
"-1 Namiki , Tsukuba-shi 3 0 5 , JAPAN",1,,,no
". National Metrology Institute of Japan , AIST Tsukuba Central 3 , Umezono1-1-1 , Tsukuba 305-8563 , Japan ＊E-mail : ,",1,National Institute of Advanced Industrial Science and Technology | National Metrology Institute of Japan,I73613424 I4405273829,no
1 Namiki Tsukuba 305-8564) ＊,1,,,no
"1-1 Namiki, Tsukuba, Ibaraki, 305 Japan, National Institute for Research in Inorganic Materials, 1-1 Namiki, Tsukuba, Ibaraki, 305, Japan",1,,,no
"10th Research Group, National Institute for Research in Inorganic Materials (NIRIM), Namiki 1-1, Tsukuba, Ibaraki 305 0044, Japan",1,,,no
"10th Research Group, National Institute for Research in Inorganic Materials, 1-1, Namiki, Tsukuba, Ibaraki, 305-0044, Japan",1,,,no
"10th Research Group, National Institute for Research in Inorganic Materials, 1-1, Namiki, Tsukuba-city, Ibaraki 305, Japan",1,,,no
"10th Research Group, National Institute for Research in Inorganic Materials, Namiki 1-1, Tsukuba, Ibaraki 305-0044, Japan",1,,,no
"10th Research Group, National Institute for Research in Inorganic Materials, Namiki 1–1, Tsukuba, Ibaraki, 305–0044, Japan",1,,,no
"10th Research Group, National Institute for Research in Inorganic Materials, Tsukuba, Ibaraki, Japan",1,,,no
"10th Research Group, National Institute for Research in Inorganic Materials, Tsukuba, Ibaraki, Japan. D.Walsh@bristol.ac.uk",1,,,no
"13 Group, National Institute for Research in Inorganic Materials, 1-1 Namiki, Tsukuba, Ibaraki 305-0044, Japan",1,,,no
"1National Institute for Materials Science, 2ISIS Facility, STFC Rutherford Appleton Laboratory, 3Italian Institute of Technology,",1,Rutherford Appleton Laboratory,I1286704778,no
"1Tsukuba Primate Center for Medical Science , the National Institute of Health , Tsukuba , Ibaraki 305 ,",1,,,no
"1st Research Group, National Institute for Research in Inorganic Materials, Tsukuba, Ibaraki 305-0044, Japan",1,,,no
"2-9-517 , Namiki , Tsukuba 305-0044 , Japan",1,,,no
"2Environmental Remediation Materials Unit and International Center for Materials Nanoarchitectonics (WPI-MANA), 1-1 Namiki, Tsukuba, Ibaraki 305-0044, Japan",1,,,no
"2Tsukuba Research Center for Energy Materials Science (TREMS), Tsukuba 305-8571, Japan",1,,,no
"3 株式会社 コメット 〒305-0044 茨城県つくば市並木 1-1 Comet Inc. , 1-1 Namiki , Tsukuba , Ibaraki 305-0047 , Japan",1,,,no
"3D Tissue Engineering Group, National Institute for Advanced Interdisciplinary Research, Tsukuba, Ibaraki, Japan",1,,,no
"3D Tissue Engineering Group, National Institute for Advanced Interdisciplinary Research, Tsukuba, Japan",1,,,no
"4International Center for Materials Nanoarchitectonics (WPI-MANA), 1-1 Namiki, Tsukuba, Ibaraki 305-0044, Japan",1,,,no
"5Earth System Division, National Institute for Environmental Studies, Tsukuba, Japan",1,National Institute for Environmental Studies,I200202764,no
"ABS, National Institute for Research of Inorganic Materials (NIRIM), 1-Namiki, Tsukuba, Ibaraki, 305-0044, Japan",1,,,no
"ABS, National Institute for Research of Inorganic Materials (NIRIM), Ibaraki, Japan",1,,,no
"AIST , Namiki 1-2-1 Tsukuba , Ibaraki , Japan",1,National Institute of Advanced Industrial Science and Technology,I73613424,no
"Adv. Electr. Mater. Center, Nat. Inst. for Mater. Sci., Tsukuba, Japan",1,,,no
"Adv. Mater. Lab., Nat. Inst. for Mater. Sci., Tsukuba, Japan",1,,,no
"Adv. Med. Mater. Group, Biomater. Cent., Natl. Inst. Mater. Sci., Tsukuba, Ibaraki 305, Japan",1,University of Tsukuba,I146399215,no
"Advanced Beam Analysis Station, National Institute for Research in Inorganic Materials , 1-Namiki, Tsukuba, Ibaraki 305-0044, Japan",1,,,no
"Advanced Manufacturing Research Institute , 1-2-1 Namiki , Tsukuba-shi , Ibaraki , 305-8564 Japan",1,,,no
"Advanced Materials Laboratory , National Institurte for Matrial Sciences , Japan",1,,,no
"Advanced Materials Laboratory and Nanomaterials Laboratory, Namiki, Tsukuba, Ibaraki 305-0044, Japan",1,,,no
"Advanced Materials Laboratory, 1-1 Namiki, Tsukuba, Ibaraki 305-0044, Japan",1,,,no
"Advanced Materials Laboratory, 1-1 Namiki, Tsukuba, Ibaraki 305-0044, Japan",1,,,no
"Advanced Materials Laboratory, 1-1 Namiki, Tsukuba, Japan and",1,,,no
"Advanced Materials Laboratory, National Institurte for Matrial Sciences, Japan",1,,,no
"Advanced Materials Laboratory, National Institute for Mater Science (NIMS)",1,,,no
"Advanced Materials Laboratory, National Institute for Research in Inorganic Materials, Namiki 1-1, Tsukuba, Ibaraki 305-0044, Japan",1,,,no
"Applied Physics and Information Sciences Division, Mechanical Engineering Laboratory, Namiki 1–2, Tsukuba-shi, Ibaraki, 305, Japan",1,,,no
"April 2001, the National Institute for Research in Inorganic Materials was renamed as: National Institute for Materials Science, Advanced Materials Laboratory",1,,,no
"Asian Research Group, National Institute for Environmental Studies, Tsukuba, Japan",1,National Institute for Environmental Studies,I200202764,no
"Australian Institute for Bioengineering and Nanotechnology (AIBN), Corner College and Cooper Rds (Bldg 75), The University of Queensland; World Premier International (WPI) Research Center for Materials Nanoarchitectonics (MANA), National Institute for Materials Science (NIMS)",1,The University of Queensland,I165143802,no
"BEANS Laboratory, 1-2-1 Namiki Tsukuba, Japan",1,,,no
"BEANS laboratory, 1-2-1 Namiki Tsukuba, Japan",1,,,no
"Biomaterial Systems Group, Biomaterials Center and International Center for Materials Nanoarchitectonics (MANA), Tsukuba, Ibaraki, Japan. martin.pumera@gmail.com",1,,,no
"Biomaterials Unit, Nano-bio field, International Center for Materials Nanoarchitectonics (MANA), Ibaraki, Japan",1,,,no
"Biomechanics Division, Department of Material Science and Bioengineering, Namiki, 1-2, Tsukuba, Ibaraki, 305, Japan",1,,,no
"Biomechanics Division, Mechanical Engineering Laboratory 1-2 Namiki, Tsukuba 305 Japan",1,,,no
"Biomechanics Division, Mechanical Engineering Laboratory, 1-2 Namiki, Tsukuba, 305, Japan",1,,,no
"Biomechanics Division, Mechanical Engineering Laboratory, 1-2 Namiki, Tsukuba, Ibaraki, Japan",1,,,no
"Biomechanics Division, Mechanical Engineering Laboratory, MITI, Namiki 1-2, Tsukuba, Ibaraki, 305 Japan",1,,,no
"Biomimetics Division, Mechanical Engineering Laboratory, Namiki, Tsukuba, 305-8564, Japan",1,,,no
"Biomolecular Research Group, National Institute for Advanced Interdisciplinary Research, Ibaraki, Tsukuba, 305-8562, Japan",1,,,no
"Biomolecular Research Group, National Institute for Advanced Interdisciplinary Research, Tsukuba, Ibaraki 305-8562, Japan. uyeda@nair.go.jp",1,,,no
"Bionic Design Group, National Institute for Advanced Interdisciplinary Research, Tsukuba Research Center, Ibaraki, Japan",1,,,no
"Bionic Design Group, National Institute for Advanced Interdisciplinary Research, Tsukuba, 305-8562, Ibaraki, Japan",1,,,no
"Bionic Design Research Group, National Inst. for Advanced Interdisciplinary Research, Tsukuba, Ibaraki, Japan",1,,,no
"Bionic design group , National Institute for Advanced Interdisciplinary Research , Tsukuba , Ibaraki 305 , Japan;",1,,,no
"Biosystem and Biomolecule Control Group, Biomaterials Center, National Institute for Mate-rials Science, 1-1 Namiki, Tsukuba, Ibaraki 305-0044, Japan and",1,,,no
"CD-FMat, AIST, Tsukuba, Ibaraki 305-8568, Japan; CMI2, MaDIS, NIMS, Tsukuba, Ibaraki 305-0047, Japan; ESICMM, NIMS, Tsukuba, Ibaraki 305-0047, Japan",1,National Institute of Advanced Industrial Science and Technology,I73613424,no
"CEMES-CNRS Nanosciences Group and MANA Satellite, , 31055 Toulouse, France and International Center for Materials Nanoarchitectonics (MANA), , 1-1 Namiki, Tsukuba, Ibaraki 305-0044, Japan",1,Centre National de la Recherche Scientifique | Centre d’Élaboration de Matériaux et d’Études Structurales,I1294671590 I4210135147,no
"CGER, National Institute for Environmental Studies Tsukuba, Ibaraki 305-8506, Japan",1,National Institute for Environmental Studies,I200202764,no
CNRS−Saint-Gobain–National Institute for Materials Science (NIMS),1,,,no
"COE Laboratory, National Institute of Materials and Chemical Research, 1-1 Higashi, Tsukuba 305-8565, Japan",1,,,no
"COE Program of Photoreaction Control and Photofunctional Materials, National Institute of Materials and Chemical Research , Higashi, Tsukuba, Ibaraki , 305-8565 , Japan",1,,,no
"COMET, National Research Institute in Inorganic Materials, Japan",1,,,no
"COMET-NIRIM, National Institute for Inorganic Materials, 1-1 Namiki, Tsukuba, Ibaraki, 305-004, Japan",1,,,no
"COMET-NIRIM, National Institute for Research in Inorganic Materials, 1-1 Namiki, Tsukuba, Ibaraki 305-0044, Japan",1,,,no
"COMET–NIRIM, National Institute for Research in Inorganic Materials, 1-1 Namiki, Tsukuba, Ibaraki 305-0044, Japan",1,,,no
"CREST of JST; and NIRIM, 1-1 Namiki, Tsukuba, Ibaraki 305-0044, Japan",1,Japan Science and Technology Agency,I4210086780,no
"Carbon Materials laboratory, National Institute for Resources and Environment, Tsukuba, 305, Japan",1,,,no
Center for Basic Research on Materials  1‐1 Namiki Tsukuba Ibaraki 305‐0044 Japan,1,,,no
"Center for Basic Research on Materials, 1-1 Namiki, Tsukuba, Ibaraki, 305-0044 Japan",1,,,no
"Center for Green Research on Energy and Environmental Materials (GREEN), International Center for Materials Nanoarchitectonics (MANA), Tsukuba, Japan",1,,,no
Center for Green Research on Energy and Environmental Materials and International Center for Materials Nanoarchitectonics (MANA),1,,,no
Center for Materials Nanoarchitectonics (MANA),1,,,no
"Centro de Física de Materiales (CSIC-UPV/EHU)-Materials Physics Center (MPC), Paseo Manuel Lardizabal 5, 20018 San Sebastián, Spain;
Donostia International Physics Center (DIPC), Paseo Manuel Lardizabal 4, San Sebastián, Spain;
Nano-Bio Spectroscopy group and European Theoretical Spectroscopy Facility, Departamento Fisica de Materiales UPV/EHU, San Sebastián, Spain;
Department of Physics, University of Johannesburg, Auckland Park, Johannesburg, South Africa;
CNR-IOM, Laboratorio Nazionale TASC, Basovizza SS-14 Km. 163.5, I-34149, Trieste, Italy;
Advanced Electronic Materials Center, National Institute for Materials Science, 1-1 Namiki, Tsukuba 305-0044, Japan;
Departamento de Fisica Aplicada I, UPV/EHU, 20018 San Sebastián, Spain;
Department of Physics, University of California at Berkeley, Berkeley, California, United States",1,University of Johannesburg | Donostia International Physics Center | Material Physics Center,I24027795 I47686490 I4210131160,no
"Chemical Systems Department, National Institute of Materials and Chemical Research, 1–1 Higashi, Tsukuba Ibaraki 305, Japan",1,,,no
"Chinese Academy of Sciences, National Institute for Materials Science",1,Chinese Academy of Sciences,I19820366,no
"Co mputa ti onal Ma teri al s Science Center Nati onal Insti tute for Ma teri al s Science 1-2-1 Sengen, Tsukuba , Iba ra ki 305-0047, Japan",1,,,no
"Combinatorial Materials Exploration and Technology (COMET) in National Institute for Research in Inorganic Materials (NIRIM), Namiki 1-1, Tsukuba, Ibaraki 305-0044, Japan",1,,,no
"Combinatorial Materials Exploration and Technology (COMET), 1-1 Namiki, Tsukuba 305-0044, Japan, , , , , , JP",1,,,no
"Composite Materials Department, National Institute of Materials and Chemical Research, 1–1 Higashi, Tsukuba Ibaraki 305, Japan",1,,,no
"Composite Materials Division, National Institute of Materials and Chemical Research, 1 - 1 Higashi, Tsukuba 305, Japan",1,,,no
"Computational Science Group, National Institute for Advanced Interdisciplinary Research, Tsukuba, 305-8562, Japan",1,,,no
"Computer Science Division, Applied Physics and Information Science Department, MITI, Namiki 1–2, Tsukuba, Ibaraki 305, Japan",1,,,no
"Contribution from the Department of Organic Materials, National Institute of Materials and Chemical Research, 1-1 Higashi, Tsukuba, Ibaraki 305, Japan",1,,,no
"Contribution from the National Institute for Research in Inorganic Materials, 1-1 Namiki, Tsukuba, Ibaraki 305, Japan",1,,,no
"Contribution from the National Institute for Research in Inorganic Materials, 1-1 Namiki, Tsukuba, Ibaraki 305-0044, Japan",1,,,no
"Core Research for Evolutional Science and Technology (CREST) of Japan Science and Technology Corporation (JST) and National Institute for Research in Inorganic Materials (NIRIM), 1-1 Namiki, Tsukuba, Ibaraki 305-0044, Japan",1,Japan Science and Technology Agency,I4210086780,no
"Core Research for Evolutional Science and Technology (CREST) of Japan Science and Technology Corporation (JST), and National Institute for Research in Inorganic Materials (NIRIM), 1-1 Namiki Tsukuba, Ibaraki, 305-0044, Japan",1,Japan Science and Technology Agency,I4210086780,no
"Core Research for Evolutional Science and Technology (CREST) of Japan Science and Technology Corporation (JST), c/o National Institute for Research in Inorganic Materials (NIRIM), 1-1 Namiki Tsukuba, Ibaraki, 305-0044, Japan",1,Japan Science and Technology Agency,I4210086780,no
"Core Research for Evolutional Science and Technology (CREST) of Japan Science and Technology Corporation (JST), c/o National Institute for Research in Inorganic Materials (NIRIM), 1–1 Namiki, 305-0044, Tsukuba, Ibaraki, Japan",1,Japan Science and Technology Agency,I4210086780,no
"Core Research for Evolutional Science and Technology (CREST) of Japan Science and Technology Corporation (JST), c/o National Institute for Research in Inorganic Materials (NIRIM), 1–1 Namiki, Tsukuba, Ibaraki 305–0044, Japan",1,Japan Science and Technology Agency,I4210086780,no
"Core Research for Evolutional Science and Technology (CREST) of Japan Science and Technology Corporation (JST), c/o National Institute for Research in Inorganic Materials (NIRIM), Namiki 1-1 Tsukuba, Ibaraki 305-0044, Japan",1,Japan Science and Technology Agency,I4210086780,no
"Core Research for Evolutional Science and Technology (CREST), Japan Science and Technology Corporation (JST), c/o National Institute for Research in Inorganic Materials (NIRIM), 1-1 Namiki, Tsukuba, Ibaraki 305, Japan",1,Japan Science and Technology Agency,I4210086780,no
"Core Research for Evolutional Science and Technology (CREST), c/o National Institute for Research in Inorganic Materials (NIRIM), 1-1 Namiki, Tsukuba, Ibaraki 305, Japan",1,,,no
"Core Research for Evolutional Science and Technology (CREST), c/o National Institute for Research in Inorganic Materials (NIRIM), 1-1 Namiki, Tsukuba, Ibaraki, 305, Japan",1,,,no
"Core Research for Evolutional Science and Technology (CREST), c/o National Institute for Research in Inorganic Materials (NIRIM), Tsukuba, Japan",1,,,no
"Core Research for Evolutional Science and Technology of Japan Science and Technology Corporation c/o National Institute for Research in Inorganic Materials, 1-1 Namiki, Tsukuba, Ibaraki 305, Japan",1,,,no
"Core Research for Evolutional Science and Technology of Japan Science and Technology Corporation, National Institute in Inorganic Materials, 1-1 Namiki, Tsukuba, Ibaraki 305-0044, Japan",1,,,no
"Core Research for Evolutional Science and Technology of Japan Science and Technology Corporation, c/o National Institute for Research in Inorganic Materials, 1-1 Namiki, Tsukuba, Ibaraki 305, Japan",1,,,no
"Creep Resistant Mater. Group, National Inst. for Mater. Sci., Tsukuba, Ibaraki, Japan",1,,,no
Departement of Materials Science and Engineering (Japan),1,,,no
"Department of Analytical Chemistry, National Institute of Materials and Chemical Research 1-1, Higashi, Tsukuba, Ibaraki, 305-8565, Japan",1,,,no
"Department of Analytical Chemistry, National Institute of Materials and Chemical Research 1‐1, Higashi, Tsukuba, Ibaraki, 305‐8565, Japan",1,,,no
"Department of Analytical Chemistry, National Institute of Materials and Chemical Research, 1-1 Higashi, 305, Tsukuba-shi, Ibaraki, Japan",1,,,no
"Department of Analytical Chemistry, National Institute of Materials and Chemical Research, 1-1 Higashi, Tsukuba 305-0046, Japan",1,,,no
"Department of Analytical Chemistry, National Institute of Materials and Chemical Research, 1-1, Higashi, Tsukuba, Ibaraki 305, Japan",1,,,no
"Department of Analytical Chemistry, National Institute of Materials and Chemical Research, 305, Tsukuba, Ibaraki, Japan",1,,,no
"Department of Analytical Chemistry, National Institute of Materials and Chemical Research, Higashi, Tsukuba, Ibaraki, 305-8565, Japan",1,,,no
"Department of Analytical Chemistry, National Institute of Materials and Chemical Research, Tsukuba-shi, Ibaraki, Japan",1,,,no
"Department of Applied Chemistry, Graduate School of Engineering, Nagoya University, Nagoya 464-8603, Japan, and National Institute for Research in Inorganic Materials, Namiki 1-1, Tsukuba, Ibaraki 305-0044, Japan",1,Nagoya University,I60134161,no
"Department of Applied Physics and Information Science,#N##TAB##TAB##TAB##TAB##TAB#Mechanical Engineering Laboratory, Namaki 1-2, Tsukula-shi, Ibaraki 305,#N##TAB##TAB##TAB##TAB##TAB##TAB#Japan",1,,,no
"Department of Applied Physics and Information Sciences, Mechanical Engineering Laboratory, Namiki 1-2, Tsukuba-shi, Ibaraki 305, 
Japan",1,,,no
"Department of Applied Physics and Information Sciences, Mechanical Engineering Laboratory, Namiki 1-2, Tsukuba-shi, Ibaraki 305, #N#Japan",1,,,no
"Department of Biomechanics, National Engineering Laboratory, 1-2 Namiki, Tsukuba, Ibaragi 305-8504 Japan",1,,,no
"Department of Chemical Systems , National Institute of Materials and Chemical Research , Higashi 1-1, Tsukuba, Ibaraki, 305-8565, Japan",1,,,no
"Department of Chemical Systems National Institute of Materials and Chemical Research, 1-1 Higashi Tsukuba, Ibaraki 305-8565, Japan, , , , , , JP",1,,,no
"Department of Chemical Systems National Institute of Materials and Chemical Research, 1-1 Higashi Tsukuba, Ibaraki 305-8565, Japan, JP",1,,,no
"Department of Chemical Systems, National Institute of Material and Chemistry Research (NIMC), Higashi 1-1, Tsukuba, Ibaraki 305, Japan",1,,,no
"Department of Chemical Systems, National Institute of Materials and Chemical Research (NIMC), 1-1 Higashi, Tsukuba, Ibaraki, 305-8565 Japan",1,,,no
"Department of Chemical Systems, National Institute of Materials and Chemical Research (NIMC), 1-1 Higashi, Tsukuba, Ibaraki, 305-8565, Japan",1,,,no
"Department of Chemical Systems, National Institute of Materials and Chemical Research (NIMC), Tsukuba 305, Japan",1,,,no
"Department of Chemical Systems, National Institute of Materials and Chemical Research (NIMC), Tsukuba 305-8565, Japan",1,,,no
"Department of Chemical Systems, National Institute of Materials and Chemical Research 1-1, Higashi, Tsukuba, Ibaraki 305, Japan",1,,,no
"Department of Chemical Systems, National Institute of Materials and Chemical Research, 1-1 Higashi, Tsukuba 305, Japan",1,,,no
"Department of Chemical Systems, National Institute of Materials and Chemical Research, 1-1 Higashi, Tsukuba, Ibaraki, 305-8565 Japan",1,,,no
"Department of Chemical Systems, National Institute of Materials and Chemical Research, 1-1, Higashi, Tsukuba, Ibaraki 305 Japan",1,,,no
"Department of Chemical Systems, National Institute of Materials and Chemical Research, 1-1, Higashi, Tsukuba, Ibaraki 305-8565, Japan",1,,,no
"Department of Chemical Systems, National Institute of Materials and Chemical Research, Higashi 1-1, Tsukuba, Ibaraki, 305-8565, Japan",1,,,no
"Department of Chemical Systems, National Institute of Materials and Chemical Research, Ibaraki 305-8565, Japan",1,,,no
"Department of Chemical Systems, National Institute of Materials and Chemical Research, MITI, Japan. 1-1, Higashi, Tsukuba-shi, Ibaraki 305-8565",1,,,no
"Department of Chemical Systems, National Institute of Materials and Chemical Research.:1-1, Higashi Tukuba, Ibaraki, 305 Japan",1,,,no
"Department of Chemical Syxstems, National Institute of Materials and Chemicals Research, 1-1 Higashi, Tsukuba, Ibaraki 305-8565, Japan",1,,,no
"Department of Chemistry and Materials Engineering, Japan",1,,,no
"Department of Chemistry, Faculty of Science, Kobe University, Kobe, Hyogo, 657 Japan; Institute of Materials Science, University of Tsukuba, Tsukuba, Ibaraki, 305 Japan; National Institute for Research in Inorganic Materials, Tsukuba, Ibaraki, 305 Japan; Department of Chemistry, Faculty of Engineering, Mie University, Tsu, Mie, 514 Japan and Institute for Chemical Research, Kyoto University, Uji, Kyoto, 611 Japan",1,Kyoto University | Kobe University | University of Tsukuba | Mie University | Kyoto University Institute for Chemical Research,I22299242 I65837984 I146399215 I178574317 I4399598384,no
"Department of Chemistry, Faculty of Science, Kobe University, Nada, Kobe, Hyogo, 657 Japan; Institute of Materials Science, University of Tsukuba, Tennodai, Tsukuba, Ibaraki, 305 Japan; National Institute for Research in Inorganic Materials, 1-1, Namiki, Tsukuba, Ibaraki, 305 Japan and Department of Chemistry, Oregon State University, Corvallis, Oregon",1,Kobe University | Oregon State University | University of Tsukuba,I65837984 I131249849 I146399215,no
"Department of Chemistry, School of Science, The University of Tokyo, Hongo, Bunkyo-ku, Tokyo 113, Japan; and National Institute for Research in Inorganic Materials, 1-1 Namiki, Tsukuba, Ibaraki 305, Japan",1,The University of Tokyo,I74801974,no
"Department of Chemistry, University of Leuven, Celestijnenlaan 200F, B-3001 Heverlee, Belgium and Department of Physical Chemistry, National Institute of Materials and Chemical Research, Tsukuba, 305 Ibaraki, Japan",1,KU Leuven,I99464096,no
"Department of Chemistry, University of Tsukuba Tsukuba, Ibaraki 305, Japan National Institute of Materials and Chemical Research Tsukuba, Ibaraki 305, Japan",1,University of Tsukuba,I146399215,no
"Department of Chemistry, University of Tsukuba, Tennodai, Tsukuba, 305-8571, Japan, Institute for Molecular Science, Myodaiji, Okazaki 444-8585, Japan, and National Institute of Materials and Chemical Research, Higashi, Tsukuba 305-8565, Japan",1,University of Tsukuba | Institute for Molecular Science,I146399215 I4210143791,no
"Department of Chemistry, Wichita State University, 1845, Fairmount, Wichita, Kansas 67260-0051, School of Materials Science, Japan Advanced Institute of Science and Technology (JAIST), Nomi, Ishikawa, 923-1292 Japan, PRESTO, JST, 4-1-8, Kawaguchi, Saitama, 332-0012, Japan, Department of Physical Sciences and Mathematics, Carhart Science 320, Wayne State College, 111 Main Street, Wayne, Nebraska 68787, and MRAM, Tohoku University, Sendai, Japan, Fullerene Group, NIMS, Tsukuba, 305-0044, Japan",1,Wichita State University | Wayne State College | Japan Advanced Institute of Science and Technology | Tohoku University,I39587148 I125866687 I177738480 I201537933,no
"Department of Composite Material, National Institute of Materials and Chemical Research, Higashi 1‐1, Tsukuba, Ibaraki 305‐0046, Japan",1,,,no
"Department of Composite Materials, National Institute of Materials and Chemical Research, 1-1 Higashi, Tsukuba, Ibaraki 305, Japan",1,,,no
"Department of Composite Materials, National Institute of Materials and Chemical Research, 1-1, Higashi, Tsukuba, Ibaraki 305, Japan",1,,,no
"Department of Composite Materials, National Institute of Materials and Chemical Research, Higashi 1-1, Tsukuba, Ibaraki 305, Japan",1,,,no
"Department of Composite Materials, National Institute of Materials and Chemical Research, Higashi 1‐1, Tsukuba, Ibaraki 305, Japan",1,,,no
"Department of Composite Materials, National Institute of Materials and Chemical Research, Ibaraki, Japan",1,,,no
"Department of Composite Materials, National Institute of Materials and Chemical Research, Japan",1,,,no
"Department of Composite Materials, National Institute of Materials and Chemical Research, Tsukuba, Ibaraki 305, Japan",1,,,no
"Department of Environmental Sciences, Faculty of Science, Ibaraki University, Mito, 310, Japan; National Institute of Materials and Chemical Research, Tsukuba, 305, Japan",1,Ibaraki University,I6178835,no
"Department of Epidemiology, National Institute for Longevity Sciences, University of Tsukuba. okura@nils.go.jp",1,University of Tsukuba,I146399215,no
"Department of Inorganic Chemistry, National Institute of Materials and Chemical Research, 1‐1 Higashi, Tsukuba, Ibaraki 305, Japan",1,,,no
"Department of Inorganic Materials, National Institute of Materials and Chemical Research, 1-1 Higashi, Tsukuba 305-8565, Japan",1,,,no
"Department of Inorganic Materials, National Institute of Materials and Chemical Research, 1-1 Higashi, Tsukuba, Ibaraki 305, Japan",1,,,no
"Department of Inorganic Materials, National Institute of Materials and Chemical Research, Higashi 1-1, Tsukuba, 305, Ibaraki, Japan",1,,,no
"Department of Inorganic Materials, National Institute of Materials and Chemical Research, Higashi 1-1, Tsukuba, Ibaraki 305 Japan",1,,,no
"Department of Inorganic Materials, National Institute of Materials and Chemical Research, Higashi 1-1, Tsukuba, Ibaraki, 305, Japan",1,,,no
"Department of Inorganic Materials, National Institute of Materials and Chemical Research, Higashi 11, Tsukuba, Ibaraki 305, Japan",1,,,no
"Department of Inorganic Materials, National Institute of Materials and Chemical Research, Higashi, Tsukuba, 305, Ibaraki, Japan",1,,,no
"Department of Inorganic Materials, National Institute of Materials and Chemical Research, Ibaraki, Higashi 1–1, 305, Tsukuba, Japan",1,,,no
"Department of Inorganic materials, National Institute of Materials and Chemical Research, Higashi 1-1, Tsukuba, Ibaraki 305-8565, Japan",1,,,no
"Department of Material Science, University of Tsukuba, 1-1-1 Tennoudai, Tsukuba, Ibaraki 305-0006, Japan; National Institute for Research in Inorganic Materials, 1-1 Namiki, Tsukuba, Ibaraki 305-0044, Japan",1,University of Tsukuba,I146399215,no
"Department of Materials Chemistry, Graduate School of Engineering, Kyoto University, Kyoto 606-8501, Japan, and National Institute of Materials and Chemical Research, Tsukuba 305-8565, Japan",1,Kyoto University,I22299242,no
"Department of Materials Science and Engineering and Materials Research Center, Northwestern University, Evanston, Illinois, 60201, U.S.A.; National Research Institute for Metals, Tsukuba Laboratories, Sakura-Mura, Ibaraki, 305, Japan",1,Northwestern University,I111979921,no
"Department of Materials Science and Technology, Science University of Tokyo, Noda, Chiba 278-8510, Japan; National Institute for Research in Inorganic Materials 1-1, Namiki, Tsukuba, Ibaraki 305-0044, Japan",1,Tokyo University of Science,I161296585,no
"Department of Materials Science, Kyusyu Institute of Technology, Tobata, Kita-kyusyu 804-8550, Japan, and National Institute for Research in Inorganic Materials, Tsukuba, Ibaraki 305-0044, Japan",1,Kyushu Institute of Technology,I207014233,no
"Department of Metallurgy and Ceramic Science, Tokyo Institute of Technology, 2-12-1 O-okayama, Meguro-ku, Tokyo 152-8552, Japan, and National Institute of Materials Science, 1-1 Namiki, Tsukuba, Ibaraki 305-0044, Japan",1,Tokyo Institute of Technology,I114531698,no
"Department of Molecular Engineering , National Institute of Materials and Chemical Research (NIMC) , 1-1 Higashi, Tsukuba, Ibaraki , 305-8565 , Japan",1,,,no
"Department of Molecular Engineering , National Institute of Materials and Chemical Research , 1-1 Higashi, Tsukuba , Ibaraki , 305 , Japan",1,,,no
"Department of Molecular Engineering , National Institute of Materials and Chemical Research , 1-1 Higashi, Tsukuba, Ibaraki , 305-8565 , Japan",1,,,no
"Department of Molecular Engineering , National Institute of Materials and Chemical Research, Higashi , Tsukuba , 305-8565 , Japan",1,,,no
"Department of Molecular Engineering, National Institute of Materials and Chemical Research, 1 Higashi, Tsukuba, Ibaraki 305-8566, Japan",1,,,no
"Department of Molecular Engineering, National Institute of Materials and Chemical Research, 1-1 Higashi, 305, Tsukuba, Ibaraki, Japan",1,,,no
"Department of Molecular Engineering, National Institute of Materials and Chemical Research, 1-1 Higashi, Tsukuba Ibaraki 305, Japan",1,,,no
"Department of Molecular Engineering, National Institute of Materials and Chemical Research, 1-1 Higashi, Tsukuba, Ibaraki 305-8566, Japan",1,,,no
"Department of Molecular Engineering, National Institute of Materials and Chemical Research, 1-1 Higashi, Tsukuba, Ibaraki 307, Japan",1,,,no
"Department of Molecular Engineering, National Institute of Materials and Chemical Research, 1-1 Higashi, Tsukuba, Ibaraki, 305-8565, Japan",1,,,no
"Department of Molecular Engineering, National Institute of Materials and Chemical Research, 1-1, Higashi, Tsukuba 305, Japan",1,,,no
"Department of Molecular Engineering, National Institute of Materials and Chemical Research, 1‐1 Higashi, Tsukuba, Ibaraki 305‐8565, Japan",1,,,no
"Department of Molecular Engineering, National Institute of Materials and Chemical Research, 1–1 Higashi, Tsukuba, Ibaraki 305–8565, Japan",1,,,no
"Department of Molecular Engineering, National Institute of Materials and Chemical Research, Higashi 1-1, Tsukuba, Ibaraki 305, Japan",1,,,no
"Department of Molecular Engineering, National Institute of Materials and Chemicals Research, Higashi, Tukuba, Ibaraki 305-8566, Japan",1,,,no
"Department of Organic Materials , National Institute of Materials and Chemical Research , 1-1 Higashi , Tsukuba-shi , Ibaraki 305-8565",1,,,no
"Department of Organic Materials , National Institute of Materials and Chemical Research , 1-1 Higashi, Tsukuba, Ibaraki , 305 , Japan",1,,,no
"Department of Organic Materials , National Institute of Materials and Chemical Research , 1-1 Higashi, Tsukuba, Ibaraki, 305, Japan",1,,,no
"Department of Organic Materials National Institute of Materials and Chemical Research 1-1 Higashi, Tsukuba, Ibaraki 305, Japan",1,,,no
"Department of Organic Materials, National Institute of Materials and Chemical Research and CREST, JST (Japan Science and Technology), 1-1 Higashi, Tsukuba, Ibaraki 305-8565, Japan",1,Japan Science and Technology Agency,I4210086780,no
"Department of Organic Materials, National Institute of Materials and Chemical Research, 1-1 Higashi Tsukuba, Ibaraki 305, Japan",1,,,no
"Department of Organic Materials, National Institute of Materials and Chemical Research, 1-1 Higashi, Tsukuba 305-8565, Japan",1,,,no
"Department of Organic Materials, National Institute of Materials and Chemical Research, 1-1 Higashi, Tsukuba, 305, Ibaraki, Japan",1,,,no
"Department of Organic Materials, National Institute of Materials and Chemical Research, 1-1 Higashi, Tsukuba, Ibaraki 305-8565, Japan",1,,,no
"Department of Organic Materials, National Institute of Materials and Chemical Research, 1-1 Higashi, Tsukuba, Ibaraki 305-8565, Japan. mmasuda@nimc.go.jp",1,,,no
"Department of Organic Materials, National Institute of Materials and Chemical Research, 1-1, Higashi, 305, Tsukuba Ibaraki, Japan",1,,,no
"Department of Organic Materials, National Institute of Materials and Chemical Research, 1-1-4 Higashi, Tsukuba, Ibaraki 305, Japan",1,,,no
"Department of Organic Materials, National Institute of Materials and Chemical Research, 1‐1 Higashi, Tsukuba 305‐8565, Japan",1,,,no
"Department of Organic Materials, National Institute of Materials and Chemical Research, Higashi 1-1, Tsukuba, Ibaraki 305-8565, Japan",1,,,no
"Department of Organic Materials, National Institute of Materials and Chemical Research, Higashi, Tsukuba, Ibaraki 305, Japan",1,,,no
"Department of Organic Materials, National Institute of Materials and Chemical Research, I-I Higashi, Tsukuba, Ibaraki 305, Japan",1,,,no
"Department of Physical Chemistry, National Institute of Materials and Chemical Research 
(NIMC), 1-1 Higashi, Tsukuba, Ibaraki, Japan",1,,,no
"Department of Physical Chemistry, National Institute of Materials and Chemical Research (NIMC), Higashi 1-1, Tsukuba, Ibaraki, 305-8565, Japan",1,,,no
"Department of Physical Chemistry, National Institute of Materials and Chemical Research (NIMC), Ibaraki, Japan",1,,,no
"Department of Physical Chemistry, National Institute of Materials and Chemical Research, 1-1 Higashi, Tsukuba 305-8565, Japan",1,,,no
"Department of Physical Chemistry, National Institute of Materials and Chemical Research, 1-1 Higashi, Tsukuba, Ibaraki, 305 Japan, +81-298-544536",1,,,no
"Department of Physical Chemistry, National Institute of Materials and Chemical Research, 1-1 Higashi, Tsukuba, Ibaraki 305-8565, Japan",1,,,no
"Department of Physical Chemistry, National Institute of Materials and Chemical Research, 305, Tsukuba, Ibaraki, Japan",1,,,no
"Department of Physical Chemistry, National Institute of Materials and Chemical Research, Higashi 1-1, Tsukuba, Ibaraki 305-8565, Japan",1,,,no
"Department of Polymer Chemistry , National Institute of Materials and Chemical Research , 1-1 Higashi, Tsukuba, Ibaraki , 305-8565 , JAPAN",1,,,no
"Department of Polymer Chemistry, National Institute of Material and Chemical Research, 1-1 Higashi, Tsukuba, Ibaraki 305-8565, Japan",1,,,no
"Department of Polymer Chemistry, National Institute of Material and Chemical Research, 1‐1 Higashi, Tsukuba, Ibaraki 305‐8565, Japan",1,,,no
"Department of Polymer Chemistry, National Institute of Materials and Chemical Research (NIMC), 1-1 Higashi, Tsukuba 305-8565, Japan",1,,,no
"Department of Polymer Chemistry, National Institute of Materials and Chemical Research, 1-1 Higashi, Tsukuba 305-8565, Japan",1,,,no
"Department of Polymer Chemistry, National Institute of Materials and Chemical Research, 1-1 Higashi, Tsukuba Ibaraki, 305-8565 Japan",1,,,no
"Department of Polymer Chemistry, National Institute of Materials and Chemical Research, 1-1 Higashi, Tsukuba, 305-8565, Japan",1,,,no
"Department of Polymer Chemistry, National Institute of Materials and Chemical Research, 1-1 Higashi, Tsukuba, Ibaraki 305-8565, Japan",1,,,no
"Department of Polymer Chemistry, National Institute of Materials and Chemical Research, 1-1 Higashi, Tsukuba, Ibaraki, 305, Japan",1,,,no
"Department of Polymer Chemistry, National Institute of Materials and Chemical Research, 1-1 Higashi, Tsukuba, Ibaraki 305-8565, Japan",1,,,no
"Department of Polymer Chemistry, National Institute of Materials and Chemical Research, 1‐1 Higashi, Tsukuba, Ibaraki 305, Japan",1,,,no
"Department of Polymer Engineering , National Institute of Materials and Chemical Research , 1-1 Higashi, Tsukuba Ibaraki , 305-8565 , Japan",1,,,no
"Department of Polymer Engineering , National Institute of Materials and Chemical Research , 1-1 Higashi, Tsukuba, Ibaraki , 305 , Japan",1,,,no
"Department of Polymer Engineering , National Institute of Materials and Chemical Research , 1-1 Higashi, Tsukuba, Ibaraki , 305-8565 , Japan",1,,,no
"Department of Polymer Engineering, National Institute of Materials and Chemical Research 1-1 Higashi, Tsukuba 305, Japan",1,,,no
"Department of Polymer Engineering, National Institute of Materials and Chemical Research, 1-1 Higashi, 305-8565, Tsukuba, Japan",1,,,no
"Department of Polymer Engineering, National Institute of Materials and Chemical Research, 1-1 Higashi, Tsukuba, Ibaraki 305-8565, JAPAN",1,,,no
"Department of Polymer Engineering, National Institute of Materials and Chemical Research, 1-1 Higashi, Tsukuba, Ibaraki 305-8565, Japan Fax +81 (298) 61-6232",1,,,no
"Department of Polymer Engineering, National Institute of Materials and Chemical Research, 1-1 Higashi, Tsukuba, Ibaraki, 305-8565, Japan",1,,,no
"Department of Polymer Engineering, National Institute of Materials and Chemical Research, 1-1 Higashi, Tsukuba, Ibaraki, 305–8565, Japan",1,,,no
"Department of Polymer Engineering, National Institute of Materials and Chemical Research, 1-1 Higashi, Tsukuba, Ibaraki 305-8565, Japan",1,,,no
"Department of Polymer Engineering, National Institute of Materials and Chemical Research, 1‐1 Higashi, Tsukuba, Ibaraki 305, Japan",1,,,no
"Department of Polymer Engineering, National Institute of Materials and Chemical Research, 1‐1 Higashi, Tsukuba, Ibaraki 305‐8565, JAPAN",1,,,no
"Department of Polymer Engineering, National Institute of Materials and Chemical Research, 1‐1 Higashi, Tsukuba, Ibaraki 305‐8565, Japan",1,,,no
"Department of Polymer Engineering, National Institute of Materials and Chemical Research, 1‐1 Higashi, Tsukuba, Ibaraki, 305, Japan",1,,,no
"Department of Polymer Engineering, National Institute of Materials and Chemical Research, Higashi, Tsukuba, Ibaraki 305-8565, Japan",1,,,no
"Department of Polymer Materials , National Institute for Materials and Chemical Research , 1-1, Higashi, Tsukuba, Ibaraki, 305, Japan",1,,,no
"Department of Polymer Physics , National Institute of Materials and Chemical Research , 1-1 Higashi, Tsukuba Ibaraki, 305-8565, Japan",1,,,no
"Department of Polymer Physics , National Institute of Materials and Chemical Research , 1-1 Higashi, Tsukuba, Ibaraki , 305 , Japan",1,,,no
"Department of Polymer Physics , Surface Engineering Laboratory, National Institute of Materials and Chemical Research , 1-1 Higashi, Tsukuba, Ibaraki, 305-8565, Japan",1,,,no
"Department of Polymer Physics, National Institute of Materials and Chemical Research (NIMC), 1-1 Higashi, Tsukuba, Ibaraki 305-8565, Japan, Department of Chemistry, Imperial College of Science, Technology and Medicine, London SW7 2AY, U.K., Department of Applied Chemistry, Faculty of Engineering, Chiba University, 1-33 Yayoicho, Inageku, Chiba 263-8522, Japan",1,Imperial College London | Chiba University,I47508984 I159385669,no
"Department of Polymer Physics, National Institute of Materials and Chemical Research (NIMC), 1-1 Higashi, Tsukuba, Ibaraki, 305-8565, Japan",1,,,no
"Department of Polymer Physics, National Institute of Materials and Chemical Research, 1-1 Higashi Tsukuba, Ibaraki 305, Japan",1,,,no
"Department of Polymer Physics, National Institute of Materials and Chemical Research, 1-1 Higashi, Tsukuba 305-8565, Japan",1,,,no
"Department of Polymer Physics, National Institute of Materials and Chemical Research, 1-1 Higashi, Tsukuba Ibaraki, 305-8565, Japan",1,,,no
"Department of Polymer Physics, National Institute of Materials and Chemical Research, 1-1 Higashi, Tsukuba, Ibaraki, 305, Japan",1,,,no
"Department of Polymer Physics, National Institute of Materials and Chemical Research, 1-1 Higashi, Tsukuba, Ibaraki, 305-8565 Japan",1,,,no
"Department of Polymer Physics, National Institute of Materials and Chemical Research, 1-1 Higashi, Tsukuba, Ibaraki 305-8565, Japan",1,,,no
"Department of Polymer Physics, National Institute of Materials and Chemical Research, 1‐1 Higashi, Tsukuba, Ibaraki 305‐8565 (Japan)",1,,,no
"Department of Polymer Physics, National Institute of Materials and Chemical Research, 1‐1 Higashi, Tsukuba, Ibaraki 305‐8565, Japan",1,,,no
"Department of Polymer Physics, National Institute of Materials and Chemical Research, 1‐1 Higashi, Tsukuba, Ibaraki, 305‐8565 Japan",1,,,no
"Department of Polymer Physics, National Institute of Materials and Chemical Research, 1–1, Higashi, Tsukuba, Ibaraki 305, Japan",1,,,no
"Department of Polymer Physics, National Institute of Materials and Chemical Research, Higashi 1-1, Tsukuba 305, Japan",1,,,no
"Department of Polymer Physics, National Institute of Materials and Chemical Research, Higashi 1-1, Tsukuba, Ibaraki 305, Japan",1,,,no
"Department of Polymer Physics, National Institute of Materials and Chemical Research, Higashi 1‐1, Tsukuba, Ibaraki 305, Japan",1,,,no
"Department of Polymer Physics, National Institute of Materials and Chemical Research, Higashi, Tsukuba, Ibaraki, 305-8565 Japan",1,,,no
"Department of Polymer Physics, National Institute of Materials and Chemical Research, Ibaraki, Japan. sohnishi@nimc.go.jp",1,,,no
"Department of Polymer Physics, National Institute of Materials and Chemical Research, MITI, Higashi 1-1, Tsukuba, Ibaraki 305-8565, Japan",1,,,no
"Department of Polymer Physics, National Institute of Materials and Chemical Research, Tsukuba 305-0046, Japan",1,,,no
"Department of Polymer Physics, National Institute of Materials and Chemistry Research, 1-1 Higashi, Tsukuba, Ibaraki 305, Japan",1,,,no
"Department of Polymer Physics, Surface Engineering Laboratory, National Institute of Materials and Chemical Research, 1-1 Higashi, Tsukuba, Ibaraki 305, Japan",1,,,no
"Department of Polymer Physics, Surface Engineering Laboratory, National Institute of Materials and Chemical Research, Ibaraki, Japan",1,,,no
"Department of Surface Chemistry National Institute of Materials and Chemical Research 1‐1, Higashi Tsukuba, Ibaraki 305 Japan",1,,,no
"Department of Surface Chemistry, National Institute of Materials and Chemical Research, 1-1 Higashi, 305, Tsukuba, Ibaraki, Japan",1,,,no
"Department of Surface Chemistry, National Institute of Materials and Chemical Research, 1-1 Higashi, Tsukuba, Ibaraki 305-8565, Japan",1,,,no
"Department of Surface Chemistry, National Institute of Materials and Chemical Research, 1-1 Higashi, Tsukuba, Ibaraki, 305-8565, Japan",1,,,no
"Department of Surface Chemistry, National Institute of Materials and Chemical Research, 1-1 Higashi, Tsukuba-shi, Ibaraki, 305, Japan",1,,,no
"Department of Surface Chemistry, National Institute of Materials and Chemical Research, 1-1, Higashi, Tsukuba, Ibaraki 305, Japan",1,,,no
"Department of Surface Chemistry, National Institute of Materials and Chemical Research, 1‐1 Higashi, Tsukuba, Ibaraki 305, Japan",1,,,no
"Department of Surface Chemistry, National Institute of Materials and Chemical Research, 1‐1 Higashi, Tsukuba, Ibaraki, 305‐8565, Japan",1,,,no
"Department of Surface Chemistry, National Institute of Materials and Chemical Research, 305, Tsukuba, Ibaraki, Japan",1,,,no
"Department of Surface Chemistry, National Institute of Materials and Chemical Research, Higashi 1-1, Tsukuba, 305, Ibaraki, Japan",1,,,no
"Department of Surface Chemistry, National Institute of Materials and Chemical Research, Ibaraki, 305, Tsukuba, Japan",1,,,no
"Department of Surface Chemistry, National Institute of Materials and Chemical Research, MITI, Tsukuba Research Center, Ibaraki, Japan",1,,,no
"Department of Surface Chemistry, National Institute of Materials and Chemical Research, MITI, Tsukuba Research Center, Tsukuba, 305, Ibaraki, Japan",1,,,no
"Department of Surface Chemistry, National Institute of Materials and Chemical Research, MITI-AISTTsukuba, Ibaraki",1,,,no
"Department of Surface Chemistry, National Institute of Materials and Chemical Research, Tsukuba 305, Japan",1,,,no
"Department of Surface Science, National Institute of Material and Chemical Research, 1-1, Higashi, Tsukuba, Ibaraki 305-8565, Japan",1,,,no
"Dept. of Molecular Engineering, National Institute of Materials and Chemical Research, 1-1 Higashi, Tsukuba, Ibaraki 305, Japan, Phone: +81-298-54-4673, Fax: +81-298-54-4474",1,,,no
"Dept. of Polymer Chemistry , National Institute of Materials and Chemical Research , 1-1 Higashi, Tsukuba Ibaraki , 305-8565 , Japan",1,,,no
"Dept. of Polymer Chemistry, National Institute of Materials & Chemical Research (NIMC). 1-1 Higashi, Tsukuba 305-8565, Japan",1,,,no
"Dept. of Polymer Engineering , National Institute of Materials and Chemical Research , 1-1 Higashi, Tsukuba Ibaraki , 305-8565 , Japan",1,,,no
"Dept. of Polymer Engineering, National Institute of Materials and Chemical Research (NIMC), 1-1 Higashi, Tsukuba, Ibaraki, 305-8565, Japan",1,,,no
"Director, Mechanical Engineering Laboratory, 1-2 Namiki, Sakura-mura, Niihari-gun, Ibaraki 305, Japan",1,,,no
"Director, National Institute of Material and Chemical Research , 1-1 Higashi , Tsukuba 305- 8565 , Japan",1,,,no
"Division of Advanced Therapeutical Sciences, National Institute for Research in Organic Materials, Ibaraki, Japan",1,,,no
Division of Materials Science and Tsukuba Research Center for Interdisciplinary Materials Science (TIMS),1,,,no
"Division of Materials and Manufacturing Science, Graduate School of Engineering, Osaka University, 2-1, Yamada-oka, Suita, Osaka 565-0871, JapanNational Institute for Materials Science, 1-2-1 Sengen, Tsukuba, Ibaraki, 305-0047, Japan",1,The University of Osaka,I98285908,no
Division of Physics and Tsukuba Research Center for Energy Materials Science,1,,,no
"Division of Plasticity and Forming, Mechanical Engineering Laboratory, 1-2 Namiki, Tsukuba 305, Japan",1,,,no
"Earth System Division , National Institute for Environmental Studies (NIES) , Tsukuba , 305-8506 , Japan,",1,National Institute for Environmental Studies,I200202764,no
"Editor-in-chief, Advanced Composite Materials National Aerospace Laboratory, Tokyo, Japan",1,,,no
"Elem. Strategy Initiative Cent. Magn. Mater., Natl. Inst. Mater. Sci., Tsukuba, Ibaraki 305, Japan",1,,,no
"Elements Strategy Initiative Center for Magnetic Materials, Tsukuba 305-0047, Japan",1,,,no
"Elements Strategy Initiative Center for Magnetic Materials, Tsukuba, 305-0047, Japan",1,,,no
"Elements Strategy Initiative Center for Magnetic Materials, Tsukuba, Japan",1,,,no
"Energy-related Materials Group, National Institute of Materials and Chemical Research, 1-1 Higashi, Tsukuba, Ibaraki 305-8565, Japan",1,,,no
Environmental Remediation Materials Unit and International Center for Materials Nanoarchitectonics (MANA),1,,,no
"Environmental Remediation Materials Unit and International Center for Materials Nanoarchitectonics (WPI-MANA) 2 , 1-1 Namiki, Tsukuba, Ibaraki 305-0044, Japan",1,,,no
"Environmental Remediation Materials Unit and International Center for Materials Nanoarchitectonics (WPI-MANA), 1-1 Namiki, Tsukuba, Ibaraki 305-0044 (Japan); Graduate School of Chemical Science and Engineering, Hokkaido University, Sapporo 060-0814 (Japan)",1,Hokkaido University,I205349734,no
"Environmental of Remediation Materials Unit and Interantional Center for Materials Nanoarchitectures (WPI-MANA), 1-1 Namiki, Tsukuba, Ibaraki 305-004, Japan",1,,,no
Environmental of Remediation Materials Unit and International Center for Materials Nanoarchitectures (WPI-MANA),1,,,no
"Environmental of Remediation Materials Unit and International Center for Materials Nanoarchitectures (WPI-MANA), 1-1 Namiki, Tsukua, Ibaraki, 305-004, Japan",1,,,no
"FCT Project, JFCC, c/o National Institute of Materials and Chemical Research, Tsukuba, Ibaraki 305-8565, Japan",1,,,no
"Faculty of Science and Technology, Science University of Tokyo Yamazaki, 2641, Noda, Chiba-ken, 278–8510, Japan ; National Institute for Reseach in Inorganic Materials, Namiki 1–1, Tsukuba, Ibaraki, 305–0044, Japan",1,Tokyo University of Science,I161296585,no
"Fax +81-2 98-54-45 11; National Institute of Materials and Chemical Research, 1-1, Higashi, Tsukuba, Ibaraki 305-8565, Japan",1,,,no
"Fax +81-2 98-61-44 87; National Institute of Materials and Chemical Research, 1-1 Higashi, Tsukuba, Ibaraki 305-8565, Japan",1,,,no
"Fax +81-298-54-4511; National Institute of Materials and Chemical Research, 1-1, Higashi, Tsukuba, Ibaraki 305-8565, Japan",1,,,no
"Fine Particle Processing Group, National Institute for Materals Science, 1-2-1 Sengen, Tsukuba, Ibaraki 305-0047, Japan",1,,,no
"First Research Group, National Institute for Research in Inorganic Materials, 1-1, Namiki Tsukuba, Ibaraki, 305-0044, Japan",1,,,no
"First Research Group, National Institute for Research in Inorganic Materials, 1-1, Namiki, Tsukuba, Ibaraki, 305-0044, Japan",1,,,no
"First Research Group, National Institute for Research in Inorganic Materials, Ibaraki, Japan",1,,,no
"Force and Torque Standards Group, National Metrology Institute of Japan (NMIJ), Tsukuba Central 3, 1-1-1 Umezono, Tsukuba, Ibaraki, 305-8563, Japan",1,National Metrology Institute of Japan,I4405273829,no
"Former National Agriculture Research Center , Tsukuba , Ibaraki 305 , Japan",1,,,no
"Former National Agriculture Research Center, Tsukuba, Ibaraki 305, Japan",1,,,no
"Formerly National Institute of Materials and Chemical Research, 1-1, Higashi, Tsukuba, Ibaraki 305-865, Japan",1,,,no
"Functional Molecules Laboratory, National Institute of Materials and Chemical Research, 1-1 Higashi, Tsukuba, Ibaraki 305 Japan",1,,,no
"Functional Molecules Laboratory, National Institute of Materials and Chemical Research, 1-1 Higashi, Tsukuba, Ibaraki 305, Japan",1,,,no
"Global Research Center for Environment & Energy based on Nanomaterials Science, Tsukuba, Japan",1,,,no
"Global Research Center for Environment and Energy based on Nanomaterials Science (GREEN) , Namiki 1-1 , Tsukuba , 25n-nn44 JAPAN",1,,,no
"Global Research Center for Environment and Energy based on Nanomaterials Science, 1-1 Namiki, Tsukuba, Ibaraki 305-0044, Japan",1,,,no
"Graduate School of Pure and Applied Sciences, University of Tsukuba, 1-1 Namiki, Tsukuba, Ibaraki, 305-0055, Japan. nakayama.tomonobu@nims.go.jp",1,University of Tsukuba,I146399215,no
"Graduate Student, Kyushu University, now National Institute for Material Science",1,Kyushu University,I135598925,no
"Griffith University - National Institute for Materials Science (NIMS), Queensland, Australia",1,Griffith University,I11701301,no
"H. Shimada, National Institute of Materials and Chemical Research, 1-1 Higashi, Tsukuba, Ibaraki 305-8565, Japan",1,,,no
"Helmholtz Zentrum Geesthacht, Germany (formerly of National Institute for Materials Science, Japan)",1,Helmholtz-Zentrum Hereon,I4210139239,no
"High Pressure Laboratory, National Institute of Materials and Chemical Research, 1 -1 Higashi, Tsukuba 305 Japan",1,,,no
"High Pressure Station, National Institute for Research in Inorganic Materials, 1-1 Namiki, Tsukuba-shi, Ibaraki 305, Japan",1,,,no
"High Temperature Research Station, National Institute for Research in Inorganic Materials, I-1 Namiki, Tsukuba, Ibaraki 305, Japan",1,,,no
"ICORP, JST Nanoscale Quantum Conductor Array Project, , Kawaguchi, Saitama 332-0112, Japan and Nanomaterials Laboratories, , 1-1 Namiki, Tsukuba, Ibaraki 305-0044, Japan",1,Japan Science and Technology Agency,I4210086780,no
"ICYS, International Center for Materials Nanoarchitectonics (MANA), 1-1 Namiki, Tsukuba, Japan",1,,,no
"Ibaraki Prefectural Namiki Secondary School , 4-5-1 Namiki , Tsukuba , Ibaraki 305-0044 , Japan; Department of Biological Science ,",1,,,no
"Ibaraki/Japan, National Institute for Researches in Inorganic Materials",1,,,no
"Inhalation Toxicology & Pathophysiology Research Team, National Institute for Environmental Studies, Tsukuba, Ibaraki, Japan",1,National Institute for Environmental Studies,I200202764,no
"Inhalation Toxicology Research Team, National Institute for Environmental Studies, Tsukuba, Ibaraki, Japan",1,National Institute for Environmental Studies,I200202764,no
"Inhalation Toxicology Research Team, National Institute for Environmental Studies, Tsukuba, Japan",1,National Institute for Environmental Studies,I200202764,no
"Inorganic Analysis Laboratory, Department of Analytical Chemistry, National Institute of Materials and Chemical Research, Higashi 1-1, Tsukuba, Ibaraki 305, Japan",1,,,no
"Inorganic Materials Division, National Institute of Materials and Chemical Research, 1-1 Higashi, Tsukuba, Ibaraki 305-8575, Japan",1,,,no
"Institute for Integrated Cell-Materials Science (iCeMS), Japan",1,,,no
"Institute for Materials Research, Tohoku University, Katahira 2-1-1, Aoba-ku, Sendai, 980-77, Japan ; National Research Institute for Metals, Sengen 1–2-1, Tsukuba, Ibaraki, 305, Japan",1,"Tohoku University | Institute for Materials Research, Tohoku University",I201537933 I4387152242,no
"Institute for Materials Research, Tohoku University, Katahira, Aoba-ku, Sendai, 980, Japan ; National Research Institute for Metals, Sengen 1-2-1, Tsukuba, Ibaraki, 305, Japan",1,"Tohoku University | Institute for Materials Research, Tohoku University",I201537933 I4387152242,no
"Institute for Materials Research, Tohoku University, Sendai 980-77, Japan; and Institute of Materials Science, University of Tsukuba, Tsukuba 305, Japan",1,"University of Tsukuba | Tohoku University | Institute for Materials Research, Tohoku University",I146399215 I201537933 I4387152242,no
"Institute for Materials Science , 1-2-1 Sengen, Tsukuba, Ibaraki 305-0047, Japan",1,,,no
"Institute for Materials Science, 1-2-1 Sengen, Tukuba, Ibaraki 305-8577, Japan",1,,,no
"Institute for Materials Science, Tsukuba 305-0003, Japan",1,,,no
"Institute for Materials Science, Tsukuba 305-0047, Japan",1,,,no
"Institute for Materials Structure Science,1-1,Oho,Tsukuba-shi,IbarakiPref. 305-0801,Japan",1,Institute of Materials Structure Science,I4389425390,no
"Institute for Materials and Chemical Process, National Institute for Advanced Industrial Science and Technology, 1-1-1, Higashi, Tsukuba, Ibaraki, 305-8565, Japan",1,National Institute of Advanced Industrial Science and Technology,I73613424,no
"Institute for Molecular Science , Okazaki , Aichi 444-8585 , Japan National Institute of Materials and Chemical Research , Tsukuba 305-8565 , Japan",1,Institute for Molecular Science,I4210143791,no
"Institute for Super Materials, ULVAC, 29, Wadai, Tsukuba 300-42, Japan",1,Ulvac (Japan),I4210125446,no
"Institute for Super Materials, ULVAC, Inc. 5 , Tsukuba 300-2635, Japan",1,Ulvac (Japan),I4210125446,no
"Institute for Super Materials, ULVAC, Tsukuba, Japan",1,Ulvac (Japan),I4210125446,no
"Institute of Applied Physics, University of Tsukuba, Tsukuba, Ibaraki 305-8573, Japan, National Institute for Research in Inorganic Materials, Tsukuba, Ibaraki 305-0044, Japan, National Institute of Materials and Chemical Research, Tsukuba, Ibaraki 305-8565, Japan, National Institute for Advanced Interdisciplinary Research, Tsukuba, Ibaraki 305-8562, Japan, and Institute of Materials Science, University of Tsukuba, Tsukuba, Ibaraki 305-8573, Japan",1,University of Tsukuba,I146399215,no
"Institute of Materials Structure Science , Tsukuba 305-0801, Japan",1,Institute of Materials Structure Science,I4389425390,no
"Institute of Materials Structure Science, 1-1 Ouho, Tsukuba, Ibaraki 305-0801, Japan",1,Institute of Materials Structure Science,I4389425390,no
"Institute of Materials Structure Science, Tsukuba, 305-0801, Ibaraki, Japan",1,Institute of Materials Structure Science,I4389425390,no
"Institute of Materials Structure Science, Tsukuba 305-0801, Japan",1,Institute of Materials Structure Science,I4389425390,no
"Institute of Physics AS CR, NA Slovance 2, , 182 21, Prague 8 Czech Republic; WPI-MANA NIMS, 1-1 Namiki, Tsukuba, Ibaraki, 305-0044, Japan",1,FZU ‒ Institute of Physics of the Academy of Sciences of the Czech Republic,I4210122644,no
"Int. Center for Materials Nanoarchitectonics, Ibaraki 305-0044, Japan",1,,,no
"Int. Res. Cent. Mater. Nanoarchitecton., Natl. Inst. Mater. Sci., Tsukuba, Ibaraki 305, Japan",1,,,no
International Center for Material Nanoarchitectonics (MANA),1,,,no
"International Center for Materials Nanoacrhitectonics (MANA) 1 , 1-1 Namiki, Tsukuba, Ibaraki 305-0044, Japan",1,,,no
"International Center for Materials Nanoarchitectonics (MANA) , Medical Materials Group , 1-1 Namiki Tsukuba Ibaraki , 305-0044 , Japan",1,,,no
"International Center for Materials Nanoarchitectonics (MANA) 1 , 1-1-1 Namiki, Tsukuba, Ibaraki 305-0044, Japan",1,,,no
"International Center for Materials Nanoarchitectonics (MANA) 3 , 1-1 Namiki, Tsukuba, Ibaraki 305-0044, Japan",1,,,no
"International Center for Materials Nanoarchitectonics (MANA) 5 , 1-1 Namiki, Tsukuba, Ibaraki 305-0044, Japan",1,,,no
"International Center for Materials Nanoarchitectonics (MANA), 1-1 Namiki,Tsukuba, Ibaraki 305-0044, Japan",1,,,no
"International Center for Materials Nanoarchitectonics (MANA), 1-1 Namiki, Tsukuba, 305-0044 Ibaraki, Japan",1,,,no
"International Center for Materials Nanoarchitectonics (MANA), 1-1 Namiki, Tsukuba, 305-0044, Ibaraki, Japan",1,,,no
"International Center for Materials Nanoarchitectonics (MANA), 1-1 Namiki, Tsukuba, Ibaraki, Japan",1,,,no
"International Center for Materials Nanoarchitectonics (MANA), 1-1 Namiki, Tsukuba, Japan",1,,,no
"International Center for Materials Nanoarchitectonics (MANA), 1-1 Namiki, Tsukuba,#N#Ibaraki 305-0044,#N#Japan",1,,,no
"International Center for Materials Nanoarchitectonics (MANA), 1-1, Namiki, Tsukuba, Ibaraki, 305-0044, Japan",1,,,no
"International Center for Materials Nanoarchitectonics (MANA), 1-2-1 Sengen, Tsukuba, Ibaraki 305-0047, Japan",1,,,no
"International Center for Materials Nanoarchitectonics (MANA), Namiki 1-1,Tsukuba, Ibaraki 305-0044, Japan",1,,,no
"International Center for Materials Nanoarchitectonics (MANA), Tsukuba, Japan",1,,,no
"International Center for Materials Nanoarchitectonics (MANA), and Research Unit for Environmental Remediation Materials",1,,,no
"International Center for Materials Nanoarchitectonics (MANA)1-1 Namiki, Tsukuba, Ibaraki 305-0044 (Japan)",1,,,no
"International Center for Materials Nanoarchitectonics (NIMS), Research Center for Macromolecules and Biomaterials, Tsukuba, Japan",1,,,no
International Center for Materials Nanoarchitectonics (WPI MANA),1,,,no
"International Center for Materials Nanoarchitectonics (WPI-MANA) and Center for Functional Sensor & Actuator (CFSN), Namiki 1-1, Tsukuba 305-0044, Japan",1,,,no
"International Center for Materials Nanoarchitectonics (WPI-MANA), 1-1 Namiki, Tsukuba, 305-0044 Japan",1,,,no
"International Center for Materials Nanoarchitectonics (WPI-MANA), 1-1 Namiki, Tsukuba, 305-0044, Japan",1,,,no
"International Center for Materials Nanoarchitectonics (WPI-MANA), Environmental Remediation Materials Unit , 1-1 Namiki, Tsukuba, Ibaraki 305-0044, Japan",1,,,no
"International Center for Materials Nanoarchitectonics (WPI-MANA), Environmental Remediation Materials Unit, 1-1 Namiki, Tsukuba, Ibaraki 305-0044, Japan",1,,,no
International Center for Materials Nanoarchitectonics (WPI‐MANA)  1‐1 Namiki Tsukuba 305‐0044 Japan,1,,,no
"International Center for Materials Nanoarchitectonics Satellite (MANA), Tsukuba, Ibaraki 305-0044, Japan",1,,,no
"International Center for Materials Nanoarchitectonics, 1-2-1 Sengen, Tsukuba, Ibaraki 350047, Japan",1,,,no
"International Center for Materials Nanoarchitectonics, 1-2-1 Sengen, Tsukuba, Ibaraki, 305-0047, Japan",1,,,no
"International Center for Materials Nanoarchitectonics, 1-2-1, Sengen, Tsukuba, Ibaraki 305 0047, Japan",1,,,no
"International Center for Materials Nanoarchitectonics, 1-2-1, Sengen, Tsukuba, Ibaraki, Japan",1,,,no
"International Center for Materials Nanoarchitectonics, MANA, 1-1 Namiki, Tsukuba 305-0044, Japan",1,,,no
"International Center for Materials and Nanoarchitectronics (MANA), Tsukuba, Japan",1,,,no
"International Center for Materials and Nanoarchitectronics (WPI-MANA), Research Center for Advanced Measurement and Characterization (RCAMC), Tsukuba, Japan",1,,,no
"International Center for Materials and Nanoarchitectronics, Japan",1,,,no
"International Center for Young Scientists, 1-1 Namiki, Tsukuba, Ibaraki 305-0044, Japan. Jonathan.Hill@nims.go.jp",1,,,no
"International Center of Materials Nanoarchitectonics (MANA), Japan",1,,,no
"International Center of Materials Nanoarchitectonics (WPI-MANA), Namiki 1-1, Tsukuba 305-0044, Japan",1,,,no
International Research Center for Materials Nanoarchitectonics (MANA),1,,,no
"International center for Materials and Nano-architectronics (MANA), 1-1 Namiki, Ibaraki 3050044, Japan",1,,,no
"J oint Research Center for Atom Technology -National Institute for Advanced Interdisciplinary Research, 1-1-4 Higashi, Tsukuba-shi, Ibaraki 305-8562 *",1,,,no
"Japan Science and Technology Corporation, National Institute for Research in Inorganic Materials, 1-1 Namiki, Tsukuba-shi, Ibaraki, 305-0044, Japan",1,,,no
"Japan Science and Technology Corporation, National Institute for Research in Inorganic Materials, Research Center for Creating New Materials, 1-1 Namiki, Tsukuba-shi, Ibaraki 305-0044, Japan",1,,,no
"Japan Science and Technology Corporation, National Institute of Materials and Chemical Research, Tsukuba 305-8565, Japan",1,,,no
"Joint Research Center for Atom Technology (JRCAT), Tsukuba 305-8562, Japan, National Institute of Materials and Chemical Research, Tsukuba 305-8565, Japan, and Department of Applied Physics, University of Tokyo, Tokyo 113-8656, Japan",1,The University of Tokyo,I74801974,no
"Joint Research Center for Atom Technology (JRCAT), Tsukuba 305-8562, Japan; National Institute of Materials and Chemical Research, Tsukuba 305-8565, Japan; and Department of Applied Physics, University of Tokyo, Tokyo 113-8656, Japan",1,The University of Tokyo,I74801974,no
"Joint Research Center for Atom Technology (JRCAT), Tsukuba 305-8562, JapanNational Institute of Materials and Chemical Research, Tsukuba 305-8565, Japan",1,,,no
"Joint Research Center for Atom Technology, Tsukuba 305-8562, Japan, National Institute ofMaterials and Chemical Research, Tsukuba 305-8565, Japan, and Department of AppliedPhysics, University of Tokyo, Tokyo 113-8656, Japan",1,The University of Tokyo,I74801974,no
"Joint-Graduate School Program between NIMS and Science University of Tokyo, Japan",1,Tokyo University of Science,I161296585,no
"KENS, Institute of Materials Structure Science, Tsukuba, 305-0801, Japan",1,Institute of Materials Structure Science,I4389425390,no
"Laser-induced Reaction Laboratory, Department of Advanced Chemical Technology, National Institute of Materials and Chemical Research, Higashi, Tsukuba, Ibaraki, Japan",1,,,no
"Macro Bio-Electromechanical-Autonomous-Nano-Systems (BEANS) Center , BEANS Project, 1-2-1, Namiki, Tsukuba, Ibaraki 305-8564, Japan and Advanced Manufacturing Research Institute, , 1-2-1, Namiki, Tsukuba, Ibaraki 305-8564, Japan",1,,,no
"Macromolecular Characterization Group, Department of Analytical Chemistry, National Institute of Materials and Chemical Research,1-1 Higashi, Tsukuba, Ibaraki 305-8565, Japan",1,,,no
"Mater. Eng. Lab, Nat. Inst. for Mater. Sci., Tsukuba, Japan",1,,,no
"Mater. Process. Unit, Natl. Inst. Mater. Sci., Tsukuba, Ibaraki 305, Japan",1,,,no
"Material Sciences Division, Electrotechnical Laboratory and National Institute of Interdisciplinary Research, Tsukuba City, Ibaraki 305, Japan",1,,,no
"Materials Characterization Division, National Metrology Institute of Japan, Tsukuba Central 5, 1-1-1 Higashi, Tsukuba, Ibaraki, 305-8565, Japan. kayori.takahashi@ni.aist.go.jp",1,National Metrology Institute of Japan,I4405273829,no
"Materials Characterization Laboratory, Department of Analytical Chemistry, National Institute of Materials and Chemical Research, Higashi 1-1, Tsukuba, Ibaraki 305, Japan",1,,,no
"Materials Design Laboratory, Department of Organic Materials, National Institute of Materials and Chemical Research, 1-1 Higashi, Tsukuba-City, 305, Ibaraki, Japan. n.yamazaki@home.nimc.go.jp",1,,,no
"Materials Design Laboratory, Department of Organic Materials, National Institute of Materials and Chemical Research, 1-1 Higashi, Tsukuba-City, Ibaraki 305, Japan",1,,,no
"Materials Engineering Dept., Mechanical Engineering Laboratory, Namiki 1-2, Tukuba city, 305 Japan",1,,,no
"Materials Processing Department, National Institute for Resources and Environment, Tsukuba 305–8569",1,,,no
"Materials Processing Division, National Institute for Resources and Environment, Tsukuba, 305-8569, Japan",1,,,no
"Materials Research Consortium for Energy Efficient Electronic Devices, 1-1, Namiki, Tsukuba 305-0044, Japan",1,,,no
"Materials and Structures Laboratory, Tokyo Institute of Technology, 4259 Nagatsuta, Midori-ku, Yokohama 226-8503, Japan, Research Center, Asahi Glass Co. Ltd., 1150 Hazawa, Kanagawa-ku, Yokohama 221-8755, Japan, Department of Electrical and Electronic Engineering, Shizuoka University, Hamamatsu 432-8561, Japan, Frontier Collaborative Research Center Laboratory, Tokyo Institute of Technology, 4259 Nagatsuta, Midori-ku, Yokohama 226-8503, Japan, NIMS-COMET, 1-1 Namiki Tsukuba, Ibaraki 305-0044, Japan, and",1,Tokyo Institute of Technology | Shizuoka University | Asahi Glass (Japan),I114531698 I1298590031 I4210127379,no
"Mechanical Engineering Laboratory, 1-2 Namiki Sakura-mura Niihari-gun Ibaraki-ken 305, Japan",1,,,no
"Mechanical Engineering Laboratory, 1-2 Namiki, Sakura-mura, Niihari-gun, Ibaraki 305 Japan",1,,,no
"Mechanical Engineering Laboratory, 1-2 Namiki, Tsukuba City, Ibaraki-Ken, 305, Japan",1,,,no
"Mechanical Engineering Laboratory, 1-2 Namiki, Tsukuba, Ibaraki, 305 Japan",1,,,no
"Mechanical Engineering Laboratory, 1-2 Namiki, Tsukuba-shi, Ibaraki-ken 305 Japan",1,,,no
"Mechanical Engineering Laboratory, 1–2 Namiki, Tsukuba, 305-8564, Japan",1,,,no
"Mechanical Engineering Laboratory, 1–2 Namiki, Tsukuba, Ibaraki, 305 Japan",1,,,no
"Mechanical Engineering Laboratory, 2-1 Namiki, Tsukuba-shi, Ibaraki 305 Japan",1,,,no
"Mechanical Engineering Laboratory, Department of Bioengineering and Materials Science, Tribology Division, Namiki 1-2, Tsukuba, Ibaraki, 305 JAPAN",1,,,no
"Mechanical Engineering Laboratory, Namiki 1-2, Tsukuba Science City, Ibaraki 305, Japan",1,,,no
"Mechanical Engineering Laboratory, Namiki 1-2, Tsukuba, 1baraki, 305, Japan",1,,,no
"Mechanical Engineering Laboratory, Namiki 1‐2, Tsukuba, Ibaraki, 305, Japan",1,,,no
"Mechanical Engineering Laboratory, Namiki 1–2, Sakura-mura, Niihari-gun, Ibaraki, 305 Japan",1,,,no
"Mechanical Engineering Laboratory, Namiki 1–2, Tsukuba, Ibarraki 305, Japan",1,,,no
"Mechanical Engineering Laboratory, Namiki 1–2, Tsukuba-shi, Ibaraki, 305, Japan",1,,,no
"Mechanical Engineering Laboratory, Namiki, Tsukuba 305, Japan",1,,,no
"Mechanical Engineering Laboratory, Namiki, Tsukuba, Ibaraki 305, Japan",1,,,no
"Mechanical Engineering Laboratory, Namiki, Tsukuba-shi, 305",1,,,no
"Mechanical Engineering Laboratory, Namiki, Tsukuba 305, Japan",1,,,no
"Mechanical Engineering Laboratory; Namiki, Tsukuba, Ibaraki, 305, Japan",1,,,no
"Meson Science Laboratory, Institute of Materials Structure Science, Tsukuba, Japan",1,Institute of Materials Structure Science,I4389425390,no
"Meson Science Laboratory, Institute of Materials Structure Science, Tsukuba-shi, Ibaraki, 305, Japan",1,Institute of Materials Structure Science,I4389425390,no
"Mie University, Japan National Institute of Materials and Chemical Research, Japan",1,Mie University,I178574317,no
"Millennium Project-NIRIM, National Institute for Research in Inorganic Materials, 1-1 Namiki, Tsukuba, Ibaraki 305-0044, Japan",1,,,no
"Molecular Biology Section, National Institute for Environmental Studies, Tsukuba, Japan. hsaji@nies.go.jp",1,National Institute for Environmental Studies,I200202764,no
"Molecular Chemistry Laboratory, National Institute of Materials and Chemical Research, 1-1 Higashi, Tsukuba, Ibaraki 305, Japan",1,,,no
"Molecular Function Group, Department of Molecular Engineering, National Institute of Materials and Chemical Research, 1-1 Higashi, Tsukuba, Ibaraki 305-8565, Japan",1,,,no
"Molecular Photonics Group, Department of Polymer Chemistry, National Institute of Materials and Chemical Research, 1-1 Higashi, Tsukuba 305, Japan",1,,,no
"Molecular Photonics Group, Department of Polymer Chemistry, National Institute of Materials and Chemical Research, 1-1 Higashi, Tsukuba 305-8565, Japan",1,,,no
"Molecular Photonics Group, Department of Polymer Chemistry, National Institute of Materials and Chemical Research, Tsukuba 305, Japan",1,,,no
"Molecular Recognition Laboratory and Inorganic Compounds Laboratory, National Institute of Materials and Chemical Research, 1-1 Higashi, Tsukuba, 305 Ibaraki, Japan",1,,,no
"Molecular Recognition Laboratory, Department of Surface Chemistry, National Institute of Materials and Chemical Research, 1-1, Hagashi, 305, Tsukuba, Ibaraki, Japan",1,,,no
"Molecular Recognition Laboratory, National Institute of Materials and Chemical Research, 1-1 Higashi, Tsukuba, Ibaraki 305, Japan",1,,,no
"Molecular Recognition Laboratory, National Institute of Materials and Chemical Research, Ibaraki, Japan",1,,,no
"Molecular Systems Laboratory, Molecular Engineering Department , National Institute of Materials and Chemical Research , Higashi, Ibaraki, Tsukuba , Japan",1,,,no
"Molecular Systems Laboratory, Molecular Engineering Department, National Institute of Materials and Chemical Research, 1-1 Higashi, Ibaraki, Tsukuba, Japan",1,,,no
"Muki-Zaishitsu Kenkyu-Sho (National Institute for Research in Inorganic Materials), Tsukuba-Shi, Ibaraki-Ken, 305, Japan",1,,,no
"Muki-Zaishitsu Kenkyu-Sho (National Institute for Research in Inorganic Materials), Tsukuba-Shi, Ibaraki-Ken, 305, Japan ; Facult. of Engin., Chiba Univ., Chiba-Shi, 260",1,Chiba University,I159385669,no
"Muki-Zaishitsu Kenkyu-Sho (National Institute for Research in Inorganic Materials), Tsukuba-Shi, Ibaraki-Ken, 305, Japan ; Ube Res. Center, Central Glass Co., Ube-Shi, 755",1,Central Glass (Japan),I4210137430,no
"Muki-Zaishitsu Kenyu-Sho (National Institute for Research in Inorganic Materials), Ibaraki, Japan",1,,,no
"Muki-Zaishitsu Kenyu-Sho (National Institute for Research in Inorganic Materials), Namiki 1-1, Sakura-Mura, Niihari-Gun, 305, Ibaraki, Japan",1,,,no
"Mukizaishitsu Kenkyusho (National Institute for Research in Inorganic Materials), 305, Ibaraki-ken, Japan",1,,,no
"Mukizaishitsu Kenkyusho (National Institute for Research in Inorganic Materials), Ibaraki-ken, Japan",1,,,no
"Mukizaishitsu Kenkyusho (National Institute for Researches in Inorganic Materials), 300-31, Ibaraki-ken, Japan",1,,,no
"Mukizaishitsu Kenkyusho (National Institute for Researches in Inorganic Materials), Ibaraki, Japan",1,,,no
"NIMS, Hitachi Cable Limited, Tokushima, Japan",1,"Hitachi Cable, Ltd. (Japan)",I4405274984,no
"NIMS, Hitachi Cable Limited, Tsuchiura, Japan",1,"Hitachi Cable, Ltd. (Japan)",I4405274984,no
"NIRIM - National Institute for Research in Inorganic Materials, Namiki 1-1, Tsukuba, Ibaraki 305, Japan",1,,,no
"NIRIM Namiki , Tsukuba, 305,  Japan",1,,,no
"NIRIM Namiki, Tsukuba, 305, Japan",1,,,no
"NIRIM National Institute for Research in Inorganic Materials, Tsukuba, Ibaraki 305, Japan",1,,,no
"NIRIM, 1-1 Namiki, Tsukuba, Ibaraki 305, Japan",1,,,no
"NIRIM, 1‐1 Namiki, Tsukuba, Ibaraki 305‐0044, Japan",1,,,no
"NIRIM, Namiki 1-1, Tsukuba, Ibaraki 305-0044, Japan",1,,,no
"NIRIM, Namiki 1-1, Tsukuba, Ibaraki, 305-0044, Japan",1,,,no
"NIRIM, Namiki 1-1, Tsukubashi, 305, Ibaraki, Japan",1,,,no
"NIRIM, Namiki 1–1, 305, Tsukuba, Japan",1,,,no
"NIRIM, Namiki 1–1, Tsukuba, 305, Japan",1,,,no
"NIRIM, National Institute for Research in Inorganic Materials, 1-1 Namiki, Tsukuba, Ibaraki 305-0044, Japan",1,,,no
"NIRIM, Tsukuba, 305, Japan",1,,,no
"NIRIM, Tsukuba, Ibaraki, 305, Japan",1,,,no
"NRIM Sengen, Tsukuba 305, Japan",1,,,no
"Namiki , Tsukuba-shi , Ibaraki , 305",1,,,no
"Namiki 2-9-517, Tsukuba, 305-0044, Japan",1,,,no
Namiki Tsukuba Ibaraki 305 -8564,1,,,no
Nanjing Tech University Jinhua Ye National Institute for Materials Science,1,Nanjing Tech University,I134687103,no
"Nanjing University of Aeronautics and Astronautics, National Institute for Materials Science",1,Nanjing University of Aeronautics and Astronautics,I9842412,no
"Nano Electronics Device Materials Group, MANA, Namiki 1-1, Tsukuba, Ibaraki 305-0044, Japan",1,,,no
"Nano Electronics Device Materials Group, Research Center for Electronic and Optical Materials, 1-1 Namiki, Tsukuba 305-0044, Ibaraki, Japan",1,,,no
Nano and Information Materials (NIMs) Lab,1,,,no
"Nano-Ionics Materials Group, Fuel Cell Materials Center, 1-1 Namiki, Tsukuba 305-0044, Japan",1,,,no
"Nanoscale Materials Center, Namiki 1-1, Tsukuba, Ibaraki, 305-0044, Japan",1,,,no
"Nanoscale Materials Research Department, Tsukuba Institute for Super Materials, ULVAC Inc., Tohkohdai 5-9-7, Tsukuba, Ibaraki 300-2635, Japan",1,Ulvac (Japan),I4210125446,no
"Nanosciences Group and MANA Satellite , CEMES-CNRS, 31055 Toulouse, France and International Center for Materials Nanoarchitectonics (MANA), , 1-1 Namiki, Tsukuba, Ibaraki 305-0044, Japan",1,Centre National de la Recherche Scientifique | Centre d’Élaboration de Matériaux et d’Études Structurales,I1294671590 I4210135147,no
"Nanosystem Research Institute , National Institute of Advanced Industrial Science and Technology , Japan (1-2-1 Namiki , Tsukuba , Ibaraki , Japan 305-8564",1,National Institute of Advanced Industrial Science and Technology,I73613424,no
"Nat'l Inst. for P.esearch in Inorgaruc Haterials , Namiki 1-l , Sakura-mura Niihari-guil Ibaraki 305 , Japan, ( )i",1,,,no
"Nat. Inst. Res. Inorganic Materials, Kurakake, Sakura-mura, Niihari-gun, Ibaraki, Japan",1,,,no
"Nat. Inst. for Res. in Inorganic Materials, Niihari-gun, Ibaraki, Japan",1,,,no
"Nat. Inst. for Res. in Inorganic Materials, Sakura-mura, Niihari-gun, Ibaraki, Japan",1,,,no
"Nat. Inst. for Res. in Ionorganic Materials, Ibaraki, Japan",1,,,no
"Nat. Inst. for Research in Inorganic Materials, 1-1, Namiki, Sakuramura, Niiharigun, 305, Ibaraki, Japan",1,,,no
"Nat. Inst. for Researches in Inorganic Materials, Kurakake, Sakura-mura, Niiharigun, Ibaraki, Japan",1,,,no
"National , Institute for Research in Inorganic Materials , Niihari-gun , Ibaraki",1,,,no
National Center for Research in Materials Science,1,Centre National de Recherches en Sciences des Materiaux,I4396570660,no
National Chung Hsing University HAN YUN WEI National Chung Hsing University YI CHUN LIU National Chung Hsing University THIYAGU SUBRAMANI National Institute for Materials Science (NIMS),1,National Chung Hsing University,I162838928,no
"National Insitute for Reseaches in Inorganic Materials, Ibaraki, Japan",1,,,no
"National Insitute for Reseaches in Inorganic Materials, Kurakake, Sakura-Mura, Niihari-Gun, Ibaraki, Japan",1,,,no
"National Insitute for Research in Inorganic Materials, 1-1 Namiki, Tsukuba-shi, Ibaraki 305, Japan",1,,,no
"National Insitute for Research in Inorganic Materials, Sakura-Mura, Niihari-Gun,Ibaraki 305 Japan",1,,,no
"National Insitute for Research in Inorganic Materials, Tsukuba 305, Japan",1,,,no
"National Insitute of Materal Science, Sengen 1-2-1, Tsukuba, Ibaraki, 305-0047, Japan",1,,,no
"National Inst. Mater. Sci., Tsukuba, Ibaraki 305-0003, Japan",1,,,no
"National Inst. for Mat. Sci., Tsukuba, 305-0003, Ibaraki, Japan",1,,,no
"National Inst. for Researches in Inorganic Materials, Sakura-mura, Niihari-gun, Ibaraki 300-31 (Japan)",1,,,no
National Inst. of Materials and Chemical Research (Japan),1,,,no
"National Inst. of Materials and Chemical Research (NIMC), Ibaraki (Japan)",1,,,no
"National Institue for Research in Inorganic Materials Namiki, Ibaraki-ken, Japan",1,,,no
"National Institue for Research in Inorganic Materials Namiki, Sakura-mura, Niihari-gun, 305, Ibaraki-ken, Japan",1,,,no
"National Institue for Research in Inorganic Materials, 1-1 Namiki, Sakura-mura, Niihari-gun, Ibaraki 305 Japan",1,,,no
"National Institut of Materials and Chemical Research, Higashi 1-1, Tsukaba 305, Japan",1,,,no
"National Institut of Materials and Chemical Research, Higashi 1‐1, Tsukaba 305, Japan Fax: (internat.) + 81 (0)298/544487",1,,,no
"National Institute for Advanced Interdisciplinary 
Research, Tsukuba, Ibaraki, Japan",1,,,no
"National Institute for Advanced Interdisciplinary #N#Research, Tsukuba,Ibaraki,Japan",1,,,no
"National Institute for Advanced Interdisciplinary Research (NAIR), Tsukuba 305, Japan;",1,,,no
"National Institute for Advanced Interdisciplinary Research (NAIR), Tsukuba Research Center, Tsukuba, Ibaraki, Japan",1,,,no
National Institute for Advanced Interdisciplinary Research Tsukuba Science City 305-8562,1,,,no
"National Institute for Advanced Interdisciplinary Research and National Institute of Materials and Chemical Research, 1-1-4 Higashi, Tsukuba 305, Japan",1,,,no
"National Institute for Advanced Interdisciplinary Research, 305, Tsukuba, Ibarak, Japan",1,,,no
"National Institute for Advanced Interdisciplinary Research, Bionic Design Research Group, Tsukuba, Ibaraki, Japan",1,,,no
"National Institute for Advanced Interdisciplinary Research, National Institute of Materials and Chemical Research, 1-1–4 Higashi, Tsukuba, Ibaraki 305, Japan",1,,,no
"National Institute for Advanced Interdisciplinary Research, Tsukuba 305, Japan;",1,,,no
"National Institute for Advanced Interdisciplinary Research, Tsukuba Research Center, Ibaraki",1,,,no
"National Institute for Advanced Interdisciplinary Research, Tsukuba Science City 305-8562",1,,,no
"National Institute for Advanced Interdisciplinary Research, Tsukuba, Ibaraki 305-8562, Japan (Fax: +81-298/54-2549,",1,,,no
"National Institute for Advanced Interdisciplinary Research, University of Tsukuba, Tsukuba Science City, Japan",1,University of Tsukuba,I146399215,no
"National Institute for Advanced Materials, Smart Sensor Interdisciplinary Science Center, School of Materials Science and Engineering",1,,,no
"National Institute for Ago-Environmental Sciences, Tsukuba 305–8604, Japan, , , , , , JP",1,,,no
"National Institute for Environmental Studies, Tsukuba 305-8506, Japan. Electronic address: shi.yusheng@nies.go.jp",1,National Institute for Environmental Studies,I200202764,no
"National Institute for Environmental Studies, Tsukuba, 305-0053, Japan ; Institute of Applied Biochemistry, Tsukuba University, Tsukuba, 305-8572, Japan",1,University of Tsukuba | National Institute for Environmental Studies,I146399215 I200202764,no
"National Institute for Environmental Studies, Tsukuba, 305-8506, Japan. elizabeth.betty.lala@gmail.com",1,National Institute for Environmental Studies,I200202764,no
"National Institute for Environmental Studies, Tsukuba, Japan. tanaka.tomoaki@nies.go.jp",1,National Institute for Environmental Studies,I200202764,no
"National Institute for Environmental Study, Yatabe, Tsukuba-gun, Ibaraki 305, Japan",1,National Institute for Environmental Studies,I200202764,no
National Institute for Inorganic Materials (Japan),1,,,no
"National Institute for Inorganic Materials Advanced Materials Laboratory, , 1-1 Namiki, Tsukuba, Ibaraki 305-0044, Japan and , 1-6-6 Taitoh, Taitoh-ku, Tokyo 110-0016, Japan",1,,,no
"National Institute for Inorganic Materials Advanced Materials Laboratory, , 1-1 Namiki, Tsukuba, Ibaraki 305-0044, Japan and Ceramic Forum Co. Ltd., 1-6-6 Taitoh, Taitoh-ku, Tokyo 110-0016, Japan",1,,,no
"National Institute for Mater ials Science, 1 1 Namiki, Tsukuba, Ibaraki 305 0044 Japan",1,,,no
"National Institute for Materials Science, East China Normal University, University of Queensland",1,East China Normal University | The University of Queensland,I66867065 I165143802,no
"National Institute for Materials Science, Nanjing University of Science and Technology",1,Nanjing University of Science and Technology,I36399199,no
"National Institute for Materials Science, Overseas Operation Office, WA 98105 USA",1,,,no
"National Institute for Materials Science, University of Wollongong",1,University of Wollongong,I204824540,no
"National Institute for Materials Science, also at School of Materials Science and Engineering, Seoul National University",1,Seoul National University,I139264467,no
"National Institute for Materials Science,The Hong Kong Polytechnic University,National Institute for Materials Science",1,Hong Kong Polytechnic University,I14243506,no
"National Institute for Materials Science; Indian Institute of Technology, Madras",1,Indian Institute of Technology Madras,I24676775,no
"National Institute for Materials and Chemical Research , 1-1 Higashi, Tsukuba, Ibaraki, 305, Japan",1,,,no
"National Institute for Materials and Chemical Research, 1-1 Higashi, Tsukuba 305, Japan",1,,,no
"National Institute for Materials and Chemical Research, 1-1 Higashi, Tsukuba 305-8565, Japan, , , , , , JP",1,,,no
"National Institute for Materials and Chemical Research, 1-1 Higashi, Tsukuba 305-8565, Japan, , JP",1,,,no
"National Institute for Materials and Chemical Research, 1-1 Higashi, Tsukuba, 305, Ibaraki, Japan",1,,,no
"National Institute for Materials and Chemical Research, 1-1 Higashi, Tsukuba, Ibaraki, 305, Japan",1,,,no
"National Institute for Materials and Chemical Research, Department of Composite Materials, 1-1, Higashi, Tsukuba, Ibaraki 305, Japan",1,,,no
"National Institute for Materials and Chemical Research, Ibaraki, Japan",1,,,no
"National Institute for Recherches in Inorganic Materials, Japan",1,,,no
"National Institute for Reseach in Inorganic Materials , Namiki 1–1, Tsukuba, Ibaraki, 305–0044,  Japan",1,,,no
"National Institute for Reseach in Inorganic Materials, Kurakake, Sakura-mura, Niihari-gun, Ibaraki, 300-31, Japan",1,,,no
"National Institute for Reseaches in Inorganic Materials, Sakura-mura, Ibaraki-ken, Japan",1,,,no
"National Institute for Research In Inorganic Materials , 1-1 Namiki, Tsukuba, Ibaraki, 305, Japan",1,,,no
"National Institute for Research In Inorganic Materials, 1-1 Namiki, Tsukuba, Ibaraki, 305 Japan",1,,,no
"National Institute for Research In Inorganic Materials, 1-1 Namiki, Tsukuba, Ibaraki, 305, Japan",1,,,no
"National Institute for Research and Inorganic Materials, 1-1 Namiki, Tsukuba, Ibaraki, 305, Japan",1,,,no
"National Institute for Research in InOrganic Materials, Namiki, Sakura-mura, Niihari-gun, Ibaraki 305, Japan",1,,,no
"National Institute for Research in Inoganic Materials 1-1, Namiki, Sakura-mura, Niihari-gun, Ibaraki 305",1,,,no
"National Institute for Research in Inogranic Materials, Ibaraki-ken, Japan",1,,,no
"National Institute for Research in Inogranic Materials, Namiki 1-1, Sakura-mura, Niihari-gun, 305, Ibaraki-ken, Japan",1,,,no
"National Institute for Research in Inorganic
Materials, 1-1 Namiki, Tsukuba, Japan",1,,,no
"National Institute for Research in Inorganic  Materials (NIRIM), 1-1 Namiki, Tsukuba, Ibaraki, 305-0044, Japan",1,,,no
National Institute for Research in Inorganic Mater (Japan),1,,,no
"National Institute for Research in Inorganic Material, 1-1 Namiki, Tsukuba 305, Japan",1,,,no
"National Institute for Research in Inorganic Material, 1–1 Namiki, Tsukubashi, Ibaraki 305, Japan",1,,,no
"National Institute for Research in Inorganic Material, Namiki 1-1, Niihari, Ibaraki 305, Japan",1,,,no
"National Institute for Research in Inorganic Material, Tsukuba, Ibaraki 305, Japan",1,,,no
National Institute for Research in Inorganic Materials  Tsukuba Japan,1,,,no
"National Institute for Research in Inorganic Materials (1–1, Namiki, Sakuramura, Niiharigun, Ibarakikien, Japan 305)",1,,,no
"National Institute for Research in Inorganic Materials (NIRIM) , 1-1 Namiki , Tsukuba , Ibaraki 305-0044 , Japan",1,,,no
"National Institute for Research in Inorganic Materials (NIRIM) , 1-1 Namiki, Tsukuba, Ibaraki , 305-0044 , Japan",1,,,no
"National Institute for Research in Inorganic Materials (NIRIM) , Tsukuba, Ibaraki , 305-0044 , Japan",1,,,no
"National Institute for Research in Inorganic Materials (NIRIM) 1-1 Namiki, Tsukuba, Ibaraki 305, Japan",1,,,no
"National Institute for Research in Inorganic Materials (NIRIM) 1-1, Namiki, Tsukuba, Ibaraki 305, Japan",1,,,no
"National Institute for Research in Inorganic Materials (NIRIM) 1-1, Namiki, Tsukuba-shi, Ibaraki 305-0044, Japan",1,,,no
"National Institute for Research in Inorganic Materials (NIRIM) Namiki 1–1, Tsukuba, Ibaraki 305-0044, Japan",1,,,no
"National Institute for Research in Inorganic Materials (NIRIM) Tsukuba, Ibaraki, Japan",1,,,no
"National Institute for Research in Inorganic Materials (NIRIM), 1-1 Namiki , Tsukuba, Ibaraki, 305, Japan E-mail: e-mai:kitamura@nirim.go.jp",1,,,no
"National Institute for Research in Inorganic Materials (NIRIM), 1-1 Namiki Tsukuba Ibaraki 305, Japan",1,,,no
"National Institute for Research in Inorganic Materials (NIRIM), 1-1 Namiki Tsukuba, Ibaraki, 305-0044, Japan",1,,,no
"National Institute for Research in Inorganic Materials (NIRIM), 1-1 Namiki, 305, Tsukuba, Ibaraki, Japan",1,,,no
"National Institute for Research in Inorganic Materials (NIRIM), 1-1 Namiki, 305, Tsukuban, Ibaraki, Japan",1,,,no
"National Institute for Research in Inorganic Materials (NIRIM), 1-1 Namiki, Tsukuba 305 Ibaraki, Japan",1,,,no
"National Institute for Research in Inorganic Materials (NIRIM), 1-1 Namiki, Tsukuba 305, Japan",1,,,no
"National Institute for Research in Inorganic Materials (NIRIM), 1-1 Namiki, Tsukuba City, 305-0044, Japan",1,,,no
"National Institute for Research in Inorganic Materials (NIRIM), 1-1 Namiki, Tsukuba City, 305-0044, Japan (Fax: +81-298/52-7449,",1,,,no
"National Institute for Research in Inorganic Materials (NIRIM), 1-1 Namiki, Tsukuba Ibaraki 305, Japan",1,,,no
"National Institute for Research in Inorganic Materials (NIRIM), 1-1 Namiki, Tsukuba,",1,,,no
"National Institute for Research in Inorganic Materials (NIRIM), 1-1 Namiki, Tsukuba, 305-0044 Japan",1,,,no
"National Institute for Research in Inorganic Materials (NIRIM), 1-1 Namiki, Tsukuba, 305-0044, Japan",1,,,no
"National Institute for Research in Inorganic Materials (NIRIM), 1-1 Namiki, Tsukuba, Ibaraki 305 Japan",1,,,no
"National Institute for Research in Inorganic Materials (NIRIM), 1-1 Namiki, Tsukuba, Ibaraki 305-0044, Japan, JP",1,,,no
"National Institute for Research in Inorganic Materials (NIRIM), 1-1 Namiki, Tsukuba, Ibaraki, 305 Japan and Department of Geological and Geophysical Sciences and Princeton Materials Institute, Princeton University, Princeton, New Jersey 08544",1,Princeton University,I20089843,no
"National Institute for Research in Inorganic Materials (NIRIM), 1-1 Namiki, Tsukuba, Ibaraki, 305, Japan E-mail: e-mai:kitamura@nirim.go.jp",1,,,no
"National Institute for Research in Inorganic Materials (NIRIM), 1-1 Namiki, Tsukuba, Ibaraki, 305-0044 Japan",1,,,no
"National Institute for Research in Inorganic Materials (NIRIM), 1-1 Namiki, Tsukuba, Ibaraki, Japan",1,,,no
"National Institute for Research in Inorganic Materials (NIRIM), 1-1 Namiki, Tsukuba-Shi, Ibaraki 305-0044, Japan",1,,,no
"National Institute for Research in Inorganic Materials (NIRIM), 1-1 Namiki,Tsukuba, Ibaraki 305-0044, Japan",1,,,no
"National Institute for Research in Inorganic Materials (NIRIM), 1-1, Namiki, Tsukuba, 305-0044, Ibaraki, Japan",1,,,no
"National Institute for Research in Inorganic Materials (NIRIM), 1-1, Namiki, Tsukuba, Ibaraki 305, Japan",1,,,no
"National Institute for Research in Inorganic Materials (NIRIM), 13th Research Group, 1-1, Namiki, Tsukuba-shi, 305 Japan",1,,,no
"National Institute for Research in Inorganic Materials (NIRIM), 1–1 Namiki, Tsukuba 305–0044, Japan",1,,,no
"National Institute for Research in Inorganic Materials (NIRIM), 1–1 Namiki, Tsukuba Ibaraki 305 Japan",1,,,no
"National Institute for Research in Inorganic Materials (NIRIM), 1−1 Namiki, Tsukuba, Ibaraki, 305-0044, Japan",1,,,no
"National Institute for Research in Inorganic Materials (NIRIM), I-I Namiki, Tsukuba Ibaraki, 305 Japan",1,,,no
"National Institute for Research in Inorganic Materials (NIRIM), I-I Namiki, Tsukuba-shi Ibaraki, 305 Japan",1,,,no
"National Institute for Research in Inorganic Materials (NIRIM), Ibaraki 305, Japan",1,,,no
"National Institute for Research in Inorganic Materials (NIRIM), Ibaraki, 305 Japan",1,,,no
"National Institute for Research in Inorganic Materials (NIRIM), Ibaraki 305-0044, Japan",1,,,no
"National Institute for Research in Inorganic Materials (NIRIM), Namiki 1-1, Sakura-mura, Niihari-gun, Ibaraki, 305, Japan",1,,,no
"National Institute for Research in Inorganic Materials (NIRIM), Namiki 1-1, Sakura-mura, Niihari-gun, Ibaraki, Japan 305",1,,,no
"National Institute for Research in Inorganic Materials (NIRIM), Namiki 1-1, Tsukuba, Ibaraki, 305, Japan",1,,,no
"National Institute for Research in Inorganic Materials (NIRIM), Namiki 1-1, Tsukuba, Ibaraki, 305-0041, Japan",1,,,no
"National Institute for Research in Inorganic Materials (NIRIM), Namiki 1-1, Tsukuba-shi, Japan",1,,,no
"National Institute for Research in Inorganic Materials (NIRIM), Namiki 1‐1, Tsukuba, Ibaraki 305‐0044, Japan",1,,,no
"National Institute for Research in Inorganic Materials (NIRIM), Namiki 1–1 Tsukuba, Ibaraki, 305 Japan",1,,,no
"National Institute for Research in Inorganic Materials (NIRIM), Namiki, Sakura-mura, Niihari-gun, Ibaraki, 305",1,,,no
"National Institute for Research in Inorganic Materials (NIRIM), Namiki, Tsukuba, Ibaraki 305, Japan",1,,,no
"National Institute for Research in Inorganic Materials (NIRIM), Tsukuba, 305-Ibaraki, Japan",1,,,no
"National Institute for Research in Inorganic Materials (NIRIM), Tsukuba, Ibaraki 305-0044, Japan",1,,,no
"National Institute for Research in Inorganic Materials (NIRIM), Tsukuba, Ibaraki 305-0044, Japan",1,,,no
"National Institute for Research in Inorganic Materials (NIRIM), Tsukuba 305-0044, Japan",1,,,no
"National Institute for Research in Inorganic Materials (NIRIM); Namiki 1-1, Tsukuba Ibaraki, 305-0044, Japan",1,,,no
"National Institute for Research in Inorganic Materials (NIRIM)Namiki 1–1, Tsukuba, Ibaraki 305-0044, Japan",1,,,no
"National Institute for Research in Inorganic Materials (NIRM), 1-1, Namiki, Tsukuba, Ibaraki, 305, Japan",1,,,no
"National Institute for Research in Inorganic Materials , 1-1 , Namiki , Tsukuba , Ibaraki 305-0044 , Japan",1,,,no
"National Institute for Research in Inorganic Materials , 1-1 , Namiki , Tsukuba-shi , Ibaraki 305",1,,,no
"National Institute for Research in Inorganic Materials , 1-1 , Namiki , Tsukuba-shi , Ibaraki-Pref. 305 , Japan",1,,,no
"National Institute for Research in Inorganic Materials , 1-1 Nainiki, Tsukuba, Ibaraki, 305, Japan",1,,,no
"National Institute for Research in Inorganic Materials , 1-1 Namiki , Sakura-mura , Niihari-gun , Ibaraki 305 ",1,,,no
"National Institute for Research in Inorganic Materials , 1-1 Namiki , Tsukuba , Ibaraki 305 , Japan;",1,,,no
"National Institute for Research in Inorganic Materials , 1-1 Namiki, Sakura-mura, Niihari-gun, Ibaraki, 305, Japan",1,,,no
"National Institute for Research in Inorganic Materials , 1-1 Namiki, Tsukuba 305-0044, Japan",1,,,no
"National Institute for Research in Inorganic Materials , 1-1 Namiki, Tsukuba, Ibaraki , 305-0044 , Japan",1,,,no
"National Institute for Research in Inorganic Materials , 1-1, Namiki, Sakura-mura, Niihari-gun, Ibaraki, 305, Japan",1,,,no
"National Institute for Research in Inorganic Materials , 1-1, Namiki, Tsukuba, Ibaraki, 305, Japan",1,,,no
"National Institute for Research in Inorganic Materials , 1-Namiki, tsukuba, Ibaraki, 305-0044, Japan",1,,,no
"National Institute for Research in Inorganic Materials , 1–1 Namiki, Tsukuba, Ibaraki 305, Japan",1,,,no
"National Institute for Research in Inorganic Materials , I -I Namiki , Tsukuba. Ibaraki 305 , Japan",1,,,no
"National Institute for Research in Inorganic Materials , Namiki 1, Tsukuba, Ibaraki, 305, Japan",1,,,no
"National Institute for Research in Inorganic Materials , Namiki 1-1 , Sakura , Niihari , Ibaraki 305 , Japan",1,,,no
"National Institute for Research in Inorganic Materials , Namiki 1-1 , Sakura-mura , Niihari-gun , Ibaraki 305 ",1,,,no
"National Institute for Research in Inorganic Materials , Namiki 1-1 , Tsukuba , Ibaraki 305-0044 , Japan",1,,,no
"National Institute for Research in Inorganic Materials , Namiki 1-1 , Tsukuba 305 , Japan",1,,,no
"National Institute for Research in Inorganic Materials , Namiki 1-1, Tsukuba, Ibaraki 305-0044, Japan",1,,,no
"National Institute for Research in Inorganic Materials , Namiki 1-1, Tsukuba, Ibaraki, 305 JAPAN",1,,,no
"National Institute for Research in Inorganic Materials , Namiki 1-1, Tsukuba, Ibaraki, 305-0044|JAPAN",1,,,no
"National Institute for Research in Inorganic Materials , Namiki 1-1, Tsukuba-Shi, Ibaraki-Ken, 305, Japan",1,,,no
"National Institute for Research in Inorganic Materials , Namiki 1–1, Tsukuba, Ibaraki, 305,  Japan",1,,,no
"National Institute for Research in Inorganic Materials , Namiki 1–1, Tsukuba, Ibaraki, 305, Japan",1,,,no
"National Institute for Research in Inorganic Materials , Namiki, Tsukuba, Ibaraki , 305-0044 , Japan",1,,,no
"National Institute for Research in Inorganic Materials , Tsukuba , Ibaraki 305-0044 , Japan",1,,,no
"National Institute for Research in Inorganic Materials , Tsukuba 305, Japan",1,,,no
"National Institute for Research in Inorganic Materials , Tsukuba City, Japan",1,,,no
"National Institute for Research in Inorganic Materials . Namiki I -1. Tsukuba , Ibaraki 305-0044 , Japan """,1,,,no
"National Institute for Research in Inorganic Materials 1, Namiki, Sakura, Niihari, Ibaraki, 305 JAPAN",1,,,no
"National Institute for Research in Inorganic Materials 1-1 Namiki , Tukuba-shi , Ibaraki 305-0044 , Japan",1,,,no
"National Institute for Research in Inorganic Materials 1-1 Namiki, Sakura-Mura, Niihari-Gun, Ibaraki, 305 Japan",1,,,no
"National Institute for Research in Inorganic Materials 1-1 Namiki, Sakura-mura, Niihari-gun, 305, Ibaraki, Japan",1,,,no
"National Institute for Research in Inorganic Materials 1-1 Namiki, Sakura-mura, Niihari-gun, Ibaraki, Japan 305",1,,,no
"National Institute for Research in Inorganic Materials 1-1 Namiki, Sakuramura, Niiharigun, Ibaraki-ken Japan 305",1,,,no
"National Institute for Research in Inorganic Materials 1-1 Namiki, Tsukuba 305, Japan",1,,,no
"National Institute for Research in Inorganic Materials 1-1 Namiki, Tsukuba, 305 Japan",1,,,no
"National Institute for Research in Inorganic Materials 1-1 Namiki, Tsukuba, Ibaraki 305 JAPAN",1,,,no
"National Institute for Research in Inorganic Materials 1-1 Namiki, Tsukuba, Ibaraki 305-0044",1,,,no
"National Institute for Research in Inorganic Materials 1-1 Namiki, Tsukuba, Ibaraki 305-0044, Japan",1,,,no
"National Institute for Research in Inorganic Materials 1-1 Namiki, Tsukuba, Ibaraki, Japan",1,,,no
"National Institute for Research in Inorganic Materials 1-1 Namiki, Tsukuba-Shi, 305, Ibaraki, Japan",1,,,no
"National Institute for Research in Inorganic Materials 1-1 Namiki, Tsukuba-shi 305, Japan",1,,,no
"National Institute for Research in Inorganic Materials 1-1 Namiki, Tsukuba-shi, Ibaraki 305, Japan",1,,,no
"National Institute for Research in Inorganic Materials 1-1 Namiki, Tsukuba-shi, Ibaraki 305-0044, Japan",1,,,no
"National Institute for Research in Inorganic Materials 1-1 Namiki, Tsukuba-shi, Ibaraki-ken, 305 Japan",1,,,no
"National Institute for Research in Inorganic Materials 1-1, 305, Namiki, Tsukuba-shi, Ibaraki, Japan",1,,,no
"National Institute for Research in Inorganic Materials 1-1, Namiki, 305, Tsukuba-shi, Ibaraki, Japan",1,,,no
"National Institute for Research in Inorganic Materials 1-1, Namiki, Sakura-mura, Niihari-gun, Ibaraki, 305, Japan",1,,,no
"National Institute for Research in Inorganic Materials 1-1, Namiki, Sakuramura, Ibaraki-ken, 305 Japan",1,,,no
"National Institute for Research in Inorganic Materials 1-1, Namiki, Tsukuba, Ibaraki 305 Japan",1,,,no
"National Institute for Research in Inorganic Materials 1-1, Namiki, Tsukuba, Ibaraki 305-0044, Japan",1,,,no
"National Institute for Research in Inorganic Materials 1-1, Namiki, Tsukuba-shi, Japan",1,,,no
"National Institute for Research in Inorganic Materials 1-1, Tsukuba-shi, Ibaraki, Japan",1,,,no
"National Institute for Research in Inorganic Materials 1-Namiki, Sakura-, mura, Niihari-gun, Ibaraki, 305 Japan",1,,,no
"National Institute for Research in Inorganic Materials 1-Namiki, Tsukuba, 305 Japan",1,,,no
"National Institute for Research in Inorganic Materials 1-Namiki, Tsukuba, Ibaraki, 305 Japan",1,,,no
"National Institute for Research in Inorganic Materials 1‐1, Namiki, Sakura‐mura, Niihari‐gun, Ibaraki 305, Japan",1,,,no
"National Institute for Research in Inorganic Materials 1–1, Namiki, Tsukuba-shi, Ibaraki 305, Japan",1,,,no
"National Institute for Research in Inorganic Materials 1–2 Namiki , Sakura-Mura, Niihari-Gun, Ibaraki, 305, Japan",1,,,no
"National Institute for Research in Inorganic Materials 1–2 Namiki, Sakura-Mura, Niihari-Gun, Ibaraki, 305, Japan",1,,,no
"National Institute for Research in Inorganic Materials Kurakake, Sakura-Mura Niihari-Gun, Ibaraki 300–31, Japan",1,,,no
"National Institute for Research in Inorganic Materials Kurakake, Sakura‐Mura Niihari‐Gun, Ibaraki 300–31, Japan",1,,,no
"National Institute for Research in Inorganic Materials NIRIM, Namiki 1‐1, Tsukuba, Ibaraki 305‐0044, Japan",1,,,no
"National Institute for Research in Inorganic Materials Namiki 1-1, Sakura, Niihari, Ibaraki 305, Japan",1,,,no
"National Institute for Research in Inorganic Materials Namiki 1-1, Sakura-Mura, Niihari-Gun Ibaraki 305, Japan",1,,,no
"National Institute for Research in Inorganic Materials Namiki 1-1, Tsukuba 305, Japan",1,,,no
"National Institute for Research in Inorganic Materials Namiki 1-1, Tsukuba, 305, Japan",1,,,no
"National Institute for Research in Inorganic Materials Namiki 1-1, Tsukuba, Ibaraki, 305-0044, Japan",1,,,no
"National Institute for Research in Inorganic Materials Namiki 1‐1, Sakura‐Mura, Niihari‐Gun Ibaraki 305, Japan",1,,,no
"National Institute for Research in Inorganic Materials Niihari-gun, Ibaraki 305, Japan",1,,,no
"National Institute for Research in Inorganic Materials Sakura, Niihari, Ibaraki 305 Japan",1,,,no
"National Institute for Research in Inorganic Materials Sakura-mura, Niihari-gun Ibaraki-ken 305, Japan",1,,,no
"National Institute for Research in Inorganic Materials Sakura-mura, Niihari-gun Ibaraki-ken, 300-31 Japan",1,,,no
"National Institute for Research in Inorganic Materials Sakura-mura, Niihari-gun, Ibaraki-ken 305, Japan",1,,,no
"National Institute for Research in Inorganic Materials Sakura-mura, Nühari-gun, Ibaraki-ken 305, Japan",1,,,no
National Institute for Research in Inorganic Materials Tsukuba Japan,1,,,no
"National Institute for Research in Inorganic Materials Tsukuba, 305, Japan",1,,,no
National Institute for Research in Inorganic Materials and Tokyo Institute of Technology (Japan),1,Tokyo Institute of Technology,I114531698,no
"National Institute for Research in Inorganic Materials(NIRIM) 1-1 Namiki , Tsukuba, Ibaraki, 305-0044, Japan",1,,,no
"National Institute for Research in Inorganic Materials(NIRIM) 1-1 Namiki, Tsukuba, Ibaraki, 305-0044, Japan",1,,,no
"National Institute for Research in Inorganic Materials, 1 - 1 Namiki, Sakura-mura, Nihari-gun, Ibaraki 305, Japan",1,,,no
"National Institute for Research in Inorganic Materials, 1 - 1 Namiki, Sakura-mura, Niihari - gun, Ibaraki 305, Japan",1,,,no
"National Institute for Research in Inorganic Materials, 1 - 1 Namiki, Sakura-mura, Niiharigun, Ibaraki 305, Japan",1,,,no
"National Institute for Research in Inorganic Materials, 1 - 1 Namiki, Tsukuba 305, Japan",1,,,no
"National Institute for Research in Inorganic Materials, 1 - 1, Namiki, Tsukuba, Ibaraki 305, Japan",1,,,no
"National Institute for Research in Inorganic Materials, 1&21, Namiki, Tsukuba, Ibaraki, 305, Japan",1,,,no
"National Institute for Research in Inorganic Materials, 1- Namiki, Tsukuba, Ibaraki, 305, Japan",1,,,no
"National Institute for Research in Inorganic Materials, 1- Namiki, Tsukuba, Ibaraki, Japan",1,,,no
"National Institute for Research in Inorganic Materials, 1-1 Kamiki, Tsukuba, Ibaraki, 305, Japan",1,,,no
"National Institute for Research in Inorganic Materials, 1-1 Nainiki, Tsukuba, Ibaraki, 305, Japan",1,,,no
"National Institute for Research in Inorganic Materials, 1-1 Nam iki, Tsukuba, Ibaraki 305, Japan",1,,,no
"National Institute for Research in Inorganic Materials, 1-1 Namiki Sakuramura, Niiha rigun, 305, Ibaraki, Japan",1,,,no
"National Institute for Research in Inorganic Materials, 1-1 Namiki Tsukuba City, 305, Ibaraki, Japan",1,,,no
"National Institute for Research in Inorganic Materials, 1-1 Namiki Tsukuba, 305, Ibaraki, Japan",1,,,no
"National Institute for Research in Inorganic Materials, 1-1 Namiki Tsukuba, 305-0044, Ibaraki, Japan",1,,,no
"National Institute for Research in Inorganic Materials, 1-1 Namiki Tsukuba, Ibaraki, Japan",1,,,no
"National Institute for Research in Inorganic Materials, 1-1 Namiki Tsukuba-City, 305, Ibaraki, Japan",1,,,no
"National Institute for Research in Inorganic Materials, 1-1 Namiki Tsukuba-city, Ibaraki 305, Japan",1,,,no
"National Institute for Research in Inorganic Materials, 1-1 Namiki Tsukuba-shi, Ibaraki 305, Japan",1,,,no
"National Institute for Research in Inorganic Materials, 1-1 Namiki, 305, Niihari, Japan",1,,,no
"National Institute for Research in Inorganic Materials, 1-1 Namiki, 305, Sakura-mura, Ibaraki, Japan",1,,,no
"National Institute for Research in Inorganic Materials, 1-1 Namiki, Ibaraki, Tsukuba, 305 Japan",1,,,no
"National Institute for Research in Inorganic Materials, 1-1 Namiki, Niihari-gun, 305 Japan",1,,,no
"National Institute for Research in Inorganic Materials, 1-1 Namiki, Niihari-gun, Ibaraki, 305 Japan",1,,,no
"National Institute for Research in Inorganic Materials, 1-1 Namiki, Sakura, Niihari, Ibaraki, 305 Japan",1,,,no
"National Institute for Research in Inorganic Materials, 1-1 Namiki, Sakura-Mura, Niihari-Gun, 305, Ibaraki, Japan",1,,,no
"National Institute for Research in Inorganic Materials, 1-1 Namiki, Sakura-Mura, Niihari-Gun, Ibaraki, 305, Japan",1,,,no
"National Institute for Research in Inorganic Materials, 1-1 Namiki, Sakura-Mura, Niihari-Gun, Ibaraki, Japan 305",1,,,no
"National Institute for Research in Inorganic Materials, 1-1 Namiki, Sakura-mura Niihari-gun Ibaraki 305, Japan",1,,,no
"National Institute for Research in Inorganic Materials, 1-1 Namiki, Sakura-mura Niihari-gun Ibaraki, 305, Japan",1,,,no
"National Institute for Research in Inorganic Materials, 1-1 Namiki, Sakura-mura, Ibaraki-ken 305, Japan",1,,,no
"National Institute for Research in Inorganic Materials, 1-1 Namiki, Sakura-mura, Niihari-Gun, Ibaraki 305, Japan",1,,,no
"National Institute for Research in Inorganic Materials, 1-1 Namiki, Sakura-mura, Niihari-gun, Ibaraki, Japan",1,,,no
"National Institute for Research in Inorganic Materials, 1-1 Namiki, Sakura-mura, Niihari-gun,Ibaraki 305, Japan",1,,,no
"National Institute for Research in Inorganic Materials, 1-1 Namiki, Sakura-mura, Niiharigun, Ibaraki 305, Japan",1,,,no
"National Institute for Research in Inorganic Materials, 1-1 Namiki, Sakura-nura, Niihari-gun, Ibaraki, 305, Japan",1,,,no
"National Institute for Research in Inorganic Materials, 1-1 Namiki, TSUKUBA, Ibaraki-305-0044, Japan",1,,,no
"National Institute for Research in Inorganic Materials, 1-1 Namiki, Tsukluba, Ibraki, 305, Japan",1,,,no
"National Institute for Research in Inorganic Materials, 1-1 Namiki, Tsukuba 305 0044, Ibaraki, Japan",1,,,no
"National Institute for Research in Inorganic Materials, 1-1 Namiki, Tsukuba City 305, Japan",1,,,no
"National Institute for Research in Inorganic Materials, 1-1 Namiki, Tsukuba City, 305, Ibarakiken, Japan",1,,,no
"National Institute for Research in Inorganic Materials, 1-1 Namiki, Tsukuba Ibaraki, 305-0044 Japan",1,,,no
"National Institute for Research in Inorganic Materials, 1-1 Namiki, Tsukuba, 305 JAPAN",1,,,no
"National Institute for Research in Inorganic Materials, 1-1 Namiki, Tsukuba, 305-0044 Japan KAzuo NIwA",1,,,no
"National Institute for Research in Inorganic Materials, 1-1 Namiki, Tsukuba, 305-0044, Ibaraki, Japan",1,,,no
"National Institute for Research in Inorganic Materials, 1-1 Namiki, Tsukuba, Ibaragi, 305, Japan",1,,,no
"National Institute for Research in Inorganic Materials, 1-1 Namiki, Tsukuba, Ibaraki 305 (Japan)",1,,,no
"National Institute for Research in Inorganic Materials, 1-1 Namiki, Tsukuba, Ibaraki 305, Japan; Department of Materials Science and Engineering, Japan Atomic Energy Research Institute, Tokai, Naka, Ibaraki 319-11, Japan; and National Institute of Materials and Chemical Research, 1-1 Higashi, Tsukuba, Ibaraki 305, Japan",1,,,no
"National Institute for Research in Inorganic Materials, 1-1 Namiki, Tsukuba, Ibaraki 305-0004, Japan",1,,,no
"National Institute for Research in Inorganic Materials, 1-1 Namiki, Tsukuba, Ibaraki 305-0044, Japan and National Research Institute for Metals, 1-2-1 Sngen, Ibaraki 305-0047, Japan",1,,,no
"National Institute for Research in Inorganic Materials, 1-1 Namiki, Tsukuba, Ibaraki 305-0044, Japan, Amersham Pharmacia Biotech K. K., Sanken Building, 3-25-1 Hyakunin-cho, Shinjuku-ku, Tokyo 169-0073, Japan, and National Institute of Materials and Chemical Research, 1-1 Higashi, Tsukuba, Ibaraki 305-8565, Japan",1,,,no
"National Institute for Research in Inorganic Materials, 1-1 Namiki, Tsukuba, Ibaraki 305-0044, Japan, Ishihara Sangyo Kaisha, 1 Ishiharacho, Yokkaichi, Mie 594-0084, Japan, and Solid State Division, Oak Ridge National Laboratory, Oak Ridge, Tennesee 37831-6393",1,Oak Ridge National Laboratory,I1289243028,no
"National Institute for Research in Inorganic Materials, 1-1 Namiki, Tsukuba, Ibaraki 305-0044, Japan, okada@nirim.go.jp",1,,,no
"National Institute for Research in Inorganic Materials, 1-1 Namiki, Tsukuba, Ibaraki 305–0044, Japan",1,,,no
"National Institute for Research in Inorganic Materials, 1-1 Namiki, Tsukuba, Ibaraki, 205-0044, Japan f2",1,,,no
"National Institute for Research in Inorganic Materials, 1-1 Namiki, Tsukuba, Ibaraki, 305, Japan, Phone: (81) 298 51 3351, Fax: (81) 298 52 7449, Email: mitomo@nirim.go.jp",1,,,no
"National Institute for Research in Inorganic Materials, 1-1 Namiki, Tsukuba, Ibaraki, 305-004, Japan",1,,,no
"National Institute for Research in Inorganic Materials, 1-1 Namiki, Tsukuba, Ibaraki, 305-0044 Japan",1,,,no
"National Institute for Research in Inorganic Materials, 1-1 Namiki, Tsukuba, Ibaraki, 305-0044, Japan f2",1,,,no
"National Institute for Research in Inorganic Materials, 1-1 Namiki, Tsukuba, Ibaraki, 305-0044, Japan, and Department of Material Science, University of Tsukuba, 1-1-1 Tennoudai, Tsukuba, Ibaraki 305-0006, Japan",1,University of Tsukuba,I146399215,no
"National Institute for Research in Inorganic Materials, 1-1 Namiki, Tsukuba, Ibaraki, 305-0044, Japan",1,,,no
"National Institute for Research in Inorganic Materials, 1-1 Namiki, Tsukuba, Ibaraki-ken, 305-0044, Japan",1,,,no
"National Institute for Research in Inorganic Materials, 1-1 Namiki, Tsukuba, Japan 305",1,,,no
"National Institute for Research in Inorganic Materials, 1-1 Namiki, Tsukuba,Ibaraki,Japan",1,,,no
"National Institute for Research in Inorganic Materials, 1-1 Namiki, Tsukuba-City 305-0044, Japan",1,,,no
"National Institute for Research in Inorganic Materials, 1-1 Namiki, Tsukuba-City, 305 Japan",1,,,no
"National Institute for Research in Inorganic Materials, 1-1 Namiki, Tsukuba-city 305-0044, Japan",1,,,no
"National Institute for Research in Inorganic Materials, 1-1 Namiki, Tsukuba-city, 305 Japan",1,,,no
"National Institute for Research in Inorganic Materials, 1-1 Namiki, Tsukuba-city, Ibaraki 305, Japan",1,,,no
"National Institute for Research in Inorganic Materials, 1-1 Namiki, Tsukuba-city, Ibaraki, 305, Japan",1,,,no
"National Institute for Research in Inorganic Materials, 1-1 Namiki, Tsukuba-shi, Ibaragi, 305 Japan",1,,,no
"National Institute for Research in Inorganic Materials, 1-1 Namiki, Tsukuba-shi, Ibaragi-ken 305, Japan",1,,,no
"National Institute for Research in Inorganic Materials, 1-1 Namiki, Tsukuba-shi, Ibaraki 305 Japan",1,,,no
"National Institute for Research in Inorganic Materials, 1-1 Namiki, Tsukuba-shi, Ibaraki 305, JAPAN",1,,,no
"National Institute for Research in Inorganic Materials, 1-1 Namiki, Tsukuba-shi, Ibaraki, 305-0044, Japan. Nanomaterials Research Corporation, 1811 Lefthand Circle A and B, Longmont, Colorado 80801, USA",1,,,no
"National Institute for Research in Inorganic Materials, 1-1 Namiki, Tsukuba-shi, Ibaraki-ken 305 Japan",1,,,no
"National Institute for Research in Inorganic Materials, 1-1 Namiki, Tsukubashi Ibarakiken, 305, Japan",1,,,no
"National Institute for Research in Inorganic Materials, 1-1 Namiki, Tsukubashi, 305, Ibaraki, Japan",1,,,no
"National Institute for Research in Inorganic Materials, 1-1 Namiki, Tsukubashi, Ibaraki, 305, Japan",1,,,no
"National Institute for Research in Inorganic Materials, 1-1 Namiki, Tsukubashi, Ibaraki, 305-0044, Japan",1,,,no
"National Institute for Research in Inorganic Materials, 1-1 Namiki, Tukuba-Shi, Ibaraki, Japan",1,,,no
"National Institute for Research in Inorganic Materials, 1-1 Namiki, xTsukuba, Ibaraki 305, Japan",1,,,no
"National Institute for Research in Inorganic Materials, 1-1 Namiki,Tsukuba, Ibaraki 305-0044, Japan",1,,,no
"National Institute for Research in Inorganic Materials, 1-1 Namiki,Tsukuba,Japan",1,,,no
"National Institute for Research in Inorganic Materials, 1-1 Namiki- Tsukuba-shi, Ibaraki, 305, Japan",1,,,no
"National Institute for Research in Inorganic Materials, 1-1 Namiki; Tsukuba, Ibaraki, 305 Japan",1,,,no
"National Institute for Research in Inorganic Materials, 1-1 Namila, Tsulcuba-shi, Ibaraki, 305 Japan",1,,,no
"National Institute for Research in Inorganic Materials, 1-1, Nakimi, Tsukuba, Ibaraki 305-0044, Japan",1,,,no
"National Institute for Research in Inorganic Materials, 1-1, Namaki, Sakura-mura, Niihari-gun, Ibaraki, Japan",1,,,no
"National Institute for Research in Inorganic Materials, 1-1, Namiki , Sakura-mura, Niihari-gun, Ibaraki 305, Japan",1,,,no
"National Institute for Research in Inorganic Materials, 1-1, Namiki, 305, Tsukuba-shi, Ibaraki, Japan",1,,,no
"National Institute for Research in Inorganic Materials, 1-1, Namiki, Sakura-Mura, Niihari-Gun, Ibaraki 305, Japan",1,,,no
"National Institute for Research in Inorganic Materials, 1-1, Namiki, Sakura-Mura, Niihari-Gun, Ibaraki, Japan",1,,,no
"National Institute for Research in Inorganic Materials, 1-1, Namiki, Sakura-mura, Niiharai-gun, Ibaraki, Japan",1,,,no
"National Institute for Research in Inorganic Materials, 1-1, Namiki, Sakura-mura, Niihari-gun, 305, Ibaraki, Japan",1,,,no
"National Institute for Research in Inorganic Materials, 1-1, Namiki, Sakura-mura, Niihari-gun, Ibaraki, 305 Japan",1,,,no
"National Institute for Research in Inorganic Materials, 1-1, Namiki, Sakura-mura, Niihari-gun, Ibaraki-ken, 305 Japan",1,,,no
"National Institute for Research in Inorganic Materials, 1-1, Namiki, Sakura-mura, Niiharigun, 305, Ibaraki, Japan",1,,,no
"National Institute for Research in Inorganic Materials, 1-1, Namiki, Sakura-mura, Niiharigun, Ibaraki 305, Japan",1,,,no
"National Institute for Research in Inorganic Materials, 1-1, Namiki, Sakuramura, Niihari-gun, Ibaraki, Japan",1,,,no
"National Institute for Research in Inorganic Materials, 1-1, Namiki, Tsukiba Ibaragi, 305, Japan",1,,,no
"National Institute for Research in Inorganic Materials, 1-1, Namiki, Tsukuba Ibaraki 305, Japan",1,,,no
"National Institute for Research in Inorganic Materials, 1-1, Namiki, Tsukuba Ibaraki 305-0044, Japan",1,,,no
"National Institute for Research in Inorganic Materials, 1-1, Namiki, Tsukuba, 305, Ibaraki, Japan",1,,,no
"National Institute for Research in Inorganic Materials, 1-1, Namiki, Tsukuba, Ibaraki 305-0044 Japan",1,,,no
"National Institute for Research in Inorganic Materials, 1-1, Namiki, Tsukuba, Ibaraki 305-0044 Japan. furuzono@ri.ncvc.go.jp",1,,,no
"National Institute for Research in Inorganic Materials, 1-1, Namiki, Tsukuba, Ibaraki, 305 Japan",1,,,no
"National Institute for Research in Inorganic Materials, 1-1, Namiki, Tsukuba, Ibaraki, Japan",1,,,no
"National Institute for Research in Inorganic Materials, 1-1, Namiki, Tsukuba, Ibaraki 305 0044, Japan",1,,,no
"National Institute for Research in Inorganic Materials, 1-1, Namiki, Tsukuba,Ibaraki,Japan",1,,,no
"National Institute for Research in Inorganic Materials, 1-1, Namiki, Tsukuba-shi, Ibaraki 305-0044, Japan",1,,,no
"National Institute for Research in Inorganic Materials, 1-1, Namiki, Tsukuba-shi, Ibaraki, 305",1,,,no
"National Institute for Research in Inorganic Materials, 1-1, Namiki, Tsukuba-shi, Ibaraki, 305 Japan",1,,,no
"National Institute for Research in Inorganic Materials, 1-1, Namiki, Tsukuba-shi, Ibaraki, Japan",1,,,no
"National Institute for Research in Inorganic Materials, 1-1, Namiki, Tsukuba-shi, Ibaraki-ken 305, Japan",1,,,no
"National Institute for Research in Inorganic Materials, 1-1, Namiki, Tsukuba-shi, Ibarakiken, 305, Japan",1,,,no
"National Institute for Research in Inorganic Materials, 1-1, Namiki, Tsulatha, Ibaraki 305, Japan",1,,,no
"National Institute for Research in Inorganic Materials, 1-1- Namiki, Tsukuba, Japan",1,,,no
"National Institute for Research in Inorganic Materials, 1-1.Namiki, Tsukuba-Shi, Ibaraki 305, Japan",1,,,no
"National Institute for Research in Inorganic Materials, 1-1Namiki, Sakura-mura, Niihari-gun, Ibaraki 305, Japan",1,,,no
"National Institute for Research in Inorganic Materials, 1-2, Namiki, Tsukuba 305, Japan",1,,,no
"National Institute for Research in Inorganic Materials, 1-I Namiki, Sakura-mura, Niihari-gun, Ibaraki 305, Japan",1,,,no
"National Institute for Research in Inorganic Materials, 1-Namiki, Sakura-mura, Niihari-gun, Ibaraki, 305 Japan",1,,,no
"National Institute for Research in Inorganic Materials, 1-Namiki, Sakura-mura, Niihari-gun, Ibaraki, 305, Japan",1,,,no
"National Institute for Research in Inorganic Materials, 11 Namiki, Sakura-mura, Niihari-gun, Ibaraki 305, Japan",1,,,no
"National Institute for Research in Inorganic Materials, 1st Res. Group, Namiki 1-1 Tsukuba, Ibaraki 305 Japan",1,,,no
"National Institute for Research in Inorganic Materials, 1‐1 Namiki, Tsukuba 305, Japan",1,,,no
"National Institute for Research in Inorganic Materials, 1‐1 Namiki, Tsukuba 305‐0044, Japan",1,,,no
"National Institute for Research in Inorganic Materials, 1‐1 Namiki, Tsukuba, Ibaraki 305 Japan",1,,,no
"National Institute for Research in Inorganic Materials, 1‐1, Namiki, Tsukuba 305, Japan",1,,,no
"National Institute for Research in Inorganic Materials, 1‐1, Namiki, Tsukuba, Ibaraki 305‐0044, Japan",1,,,no
"National Institute for Research in Inorganic Materials, 1‐1, Namiki, Tsukuba‐shi, Ibaraki, 305, Japan",1,,,no
"National Institute for Research in Inorganic Materials, 1‐Namiki, Sakura‐mura, Niihari‐gun, Ibaraki 305, Japan",1,,,no
"National Institute for Research in Inorganic Materials, 1–1 Namiki Tsukuba-shi, Ibaraki 305, Japan",1,,,no
"National Institute for Research in Inorganic Materials, 1–1 Namiki, Sakura-Mura, Niihari-Gun, Ibaraki 305, Japan",1,,,no
"National Institute for Research in Inorganic Materials, 1–1 Namiki, Sakura-mura, Niihara-gun, Ibaraki 305, Japan",1,,,no
"National Institute for Research in Inorganic Materials, 1–1 Namiki, Sakura-mura, Niihari-gun, Ibaraki 305, Japan",1,,,no
"National Institute for Research in Inorganic Materials, 1–1 Namiki, Sakura-mura, Niihari-gun, Ibardki, 305 Japan",1,,,no
"National Institute for Research in Inorganic Materials, 1–1 Namiki, Tsukuba 305, Japan",1,,,no
"National Institute for Research in Inorganic Materials, 1–1 Namiki, Tsukuba Ibaraki 305, Japan",1,,,no
"National Institute for Research in Inorganic Materials, 1–1 Namiki, Tsukuba, 305 Japan",1,,,no
"National Institute for Research in Inorganic Materials, 1–1 Namiki, Tsukuba, Ibaraki 305 Japan",1,,,no
"National Institute for Research in Inorganic Materials, 1–1 Namiki, Tsukuba, Ibaraki 305–0044, Japan",1,,,no
"National Institute for Research in Inorganic Materials, 1–1 Namiki, Tsukuba-shi, Ibaraki, 305, Japan",1,,,no
"National Institute for Research in Inorganic Materials, 1–1 Namiki, TsukubaIbaraki 305, Japan",1,,,no
"National Institute for Research in Inorganic Materials, 1–1 Namiki, Tsukuba‐shi, Ibaraki 305, Japan",1,,,no
"National Institute for Research in Inorganic Materials, 1–1, Namiki, Tsukuba-shi, Ibaraki 305, Japan",1,,,no
"National Institute for Research in Inorganic Materials, 1–1, Namiki, Tsukuba-shi, Ibaraki 305–0044, Japan",1,,,no
"National Institute for Research in Inorganic Materials, 1–1, Namiki, Tsukuba-shi, Ibaraki, 305, Japan, and",1,,,no
"National Institute for Research in Inorganic Materials, 1—1 Namiki, Tsukuba, Ibaraki, 305, Japan",1,,,no
"National Institute for Research in Inorganic Materials, 305, Tsukuba, Japan",1,,,no
"National Institute for Research in Inorganic Materials, 6-1 Kasuga-shi, Fukuoka 816-8580, Japan",1,,,no
"National Institute for Research in Inorganic Materials, Advanced Beam Analysis Section, Namiki 1–1, Tsukuba, Ibaraki 305-0044 (Japan)",1,,,no
"National Institute for Research in Inorganic Materials, Advanced Beam Analysis Section, Namiki 1–1, Tsukuba, Ibaraki 305‐0044 (Japan)",1,,,no
"National Institute for Research in Inorganic Materials, Center for Advanced Materials, 1-1 Namiki, Tsukuba, Ibaraki, 305-0044, Japan",1,,,no
"National Institute for Research in Inorganic Materials, Core Research for Evolutional Science and Technology of Japan, Science and Technology Corporation, 1-1 Namiki, Tsukuba, Ibaraki 305, Japan",1,,,no
"National Institute for Research in Inorganic Materials, I -I Namiki, Tsukuba. Ibaraki 305, Japan",1,,,no
"National Institute for Research in Inorganic Materials, I-1 Namiki, Tsukuba-shi, Ibaraki, 305 Japan",1,,,no
"National Institute for Research in Inorganic Materials, I-1 Namiki, Tsukuba-shi, Ibaraki-ken 305, Japan",1,,,no
"National Institute for Research in Inorganic Materials, I-1, Namiki, Tsukuba, Ibaraki, 305, Japan",1,,,no
"National Institute for Research in Inorganic Materials, I-I Namiki, Tsukuba Ibaraki, 305 Japan",1,,,no
"National Institute for Research in Inorganic Materials, I-I Namiki, Tsukuba, Ibaraki 305, Japan",1,,,no
"National Institute for Research in Inorganic Materials, I-I Namiki, Tsukuba-shi, Ibaraki 305, Japan",1,,,no
"National Institute for Research in Inorganic Materials, I-Namiki, Sakura-mura, Niihari-gun, Ibaraki 305, Japan",1,,,no
"National Institute for Research in Inorganic Materials, Ibaraki, 1–1, Namiki, 305, Tsukuba-shi, Japan",1,,,no
"National Institute for Research in Inorganic Materials, Ibaraki, JAPAN",1,,,no
"National Institute for Research in Inorganic Materials, Ibaraki, Japan. kikuchi@nirim.go.jp",1,,,no
"National Institute for Research in Inorganic Materials, Ibaraki, Namiki 1–1, 305–0044, Tsukuba, Japan",1,,,no
"National Institute for Research in Inorganic Materials, Kurakake, Sakura-Mura, Niihari-Gun, Ibaragi, Japan",1,,,no
"National Institute for Research in Inorganic Materials, Kurakake, Sakura-mura, Niihari-gun, Ibaraki 300-31, Japan",1,,,no
"National Institute for Research in Inorganic Materials, Kurakake, Sakura-mura, Niihari-gun, Ibaraki, 300-31 Japan",1,,,no
"National Institute for Research in Inorganic Materials, NIRIM, 1-1 Namiki, Tsukuba, Ibaraki 305, Japan",1,,,no
"National Institute for Research in Inorganic Materials, NIRIM, 1-1 Namiki, Tsukuba, Ibaraki 305-0044 Japan",1,,,no
"National Institute for Research in Inorganic Materials, NIRIM-STA, Namiki 1-1, Tsukuba, Ibaraki 305-0044, Japan",1,,,no
"National Institute for Research in Inorganic Materials, NIRIM/STA, Namiki 1‐1, Tsukuba, Ibaraki 305‐0044, Japan",1,,,no
"National Institute for Research in Inorganic Materials, Namike 1-1, Japan",1,,,no
"National Institute for Research in Inorganic Materials, Namiki 1 - 1, Sakura-mura, Niihari-gun, Ibaraki 305, Japan",1,,,no
"National Institute for Research in Inorganic Materials, Namiki 1 -1, Sakura-mura, Niihari-gun, Ibaraki 305 Japan",1,,,no
"National Institute for Research in Inorganic Materials, Namiki 1 — 1, Sakura, Niihari, Ibaraki 305, Japan",1,,,no
"National Institute for Research in Inorganic Materials, Namiki 1, 305, Tsukuba, Japan",1,,,no
"National Institute for Research in Inorganic Materials, Namiki 1, Tsukuba 305, Japan",1,,,no
"National Institute for Research in Inorganic Materials, Namiki 1, Tsukuba Ibaraki, 305, Japan",1,,,no
"National Institute for Research in Inorganic Materials, Namiki 1, Tsukuba-shi 305, Japan",1,,,no
"National Institute for Research in Inorganic Materials, Namiki 1-1, 305, Ibaraki, Japan",1,,,no
"National Institute for Research in Inorganic Materials, Namiki 1-1, 305, Ibaraki, Sakura, Niihari, Japan",1,,,no
"National Institute for Research in Inorganic Materials, Namiki 1-1, 305, Sakura-mura, Ibaraki-ken, Japan",1,,,no
"National Institute for Research in Inorganic Materials, Namiki 1-1, 305, Tsukuba, Ibaraki, Japan",1,,,no
"National Institute for Research in Inorganic Materials, Namiki 1-1, Sakura, Ibaraki 305, Japan",1,,,no
"National Institute for Research in Inorganic Materials, Namiki 1-1, Sakura, Kurakake, Ibaraki 305, Japan",1,,,no
"National Institute for Research in Inorganic Materials, Namiki 1-1, Sakura, Niihari, Ibaraki 305 Japan",1,,,no
"National Institute for Research in Inorganic Materials, Namiki 1-1, Sakura, Niihari, Ibaraki, Japan 300-31",1,,,no
"National Institute for Research in Inorganic Materials, Namiki 1-1, Sakura, Niihari,Ibaraki 305, Japan",1,,,no
"National Institute for Research in Inorganic Materials, Namiki 1-1, Sakura-Mura, Ibaraki-ken 306, Japan",1,,,no
"National Institute for Research in Inorganic Materials, Namiki 1-1, Sakura-Mura, Niihari- Gun, Ibaraki, Japan",1,,,no
"National Institute for Research in Inorganic Materials, Namiki 1-1, Sakura-Mura, Niihari-Gun, 305, Ibaraki, Japan",1,,,no
"National Institute for Research in Inorganic Materials, Namiki 1-1, Sakura-Mura, Niihari-Gun, Ibaraki 305, Japan",1,,,no
"National Institute for Research in Inorganic Materials, Namiki 1-1, Sakura-Mura, Niihari-Gun, Ibaraki-Ken Japan",1,,,no
"National Institute for Research in Inorganic Materials, Namiki 1-1, Sakura-mura, 305, Niihari-gun, Japan",1,,,no
"National Institute for Research in Inorganic Materials, Namiki 1-1, Sakura-mura, Ibaraki 305, Japan",1,,,no
"National Institute for Research in Inorganic Materials, Namiki 1-1, Sakura-mura, Niihari-gun, Ibaragi 305, Japan",1,,,no
"National Institute for Research in Inorganic Materials, Namiki 1-1, Sakura-mura, Niihari-gun, Ibaraki 305",1,,,no
"National Institute for Research in Inorganic Materials, Namiki 1-1, Sakura-mura, Niihari-gun, Ibaraki, Japan",1,,,no
"National Institute for Research in Inorganic Materials, Namiki 1-1, Sakura-mura, Niihari-gun, Ibaraki-Ken, 305 Japan",1,,,no
"National Institute for Research in Inorganic Materials, Namiki 1-1, Sakura-mura, Niihari-gun, Ibaraki-ken 305, Japan",1,,,no
"National Institute for Research in Inorganic Materials, Namiki 1-1, Tsukuba 305-0044, Ibaraki, Japan",1,,,no
"National Institute for Research in Inorganic Materials, Namiki 1-1, Tsukuba Ibaraki 305-0044, Japan",1,,,no
"National Institute for Research in Inorganic Materials, Namiki 1-1, Tsukuba, Ibaraki 305-0044 Japan",1,,,no
"National Institute for Research in Inorganic Materials, Namiki 1-1, Tsukuba, Ibaraki, 305, Japan ; Institute of Applied Physics, University of Tsukuba, Tsukuba, Ibaraki, 305, Japan",1,University of Tsukuba,I146399215,no
"National Institute for Research in Inorganic Materials, Namiki 1-1, Tsukuba, Ibaraki, 305-0044 Japan",1,,,no
"National Institute for Research in Inorganic Materials, Namiki 1-1, Tsukuba, Ibaraki, 305-0044|JAPAN",1,,,no
"National Institute for Research in Inorganic Materials, Namiki 1-1, Tsukuba, Ibaraki, Japan",1,,,no
"National Institute for Research in Inorganic Materials, Namiki 1-1, Tsukuba, Iharaki 305 Japan",1,,,no
"National Institute for Research in Inorganic Materials, Namiki 1-1, Tsukuba-Shi, Ibaraki-Ken, 305, Japan",1,,,no
"National Institute for Research in Inorganic Materials, Namiki 1-1, Tsukuba-city, Ibaraki-ken, 305 Japan",1,,,no
"National Institute for Research in Inorganic Materials, Namiki 1-1, Tsukuba-shi, Ibaraki 305, Japan and Hitachi Metals, Ltd., Magnetic and Electronic Materials Research Laboratory, 5200 Mikajiri, Kumagaya-shi, Saitama-ken 360, Japan",1,"Proterial, Ltd. (Japan)",I4405273840,no
"National Institute for Research in Inorganic Materials, Namiki 1-1, Tsukuba-shi, Ibaraki, 305-0044, Japan",1,,,no
"National Institute for Research in Inorganic Materials, Namiki 1-1, Tsukuba-shi, Ibaraki-ken 305, Japan",1,,,no
"National Institute for Research in Inorganic Materials, Namiki 1-1, Tsukuba-shi, Ibaraki-ken, 305, Japan",1,,,no
"National Institute for Research in Inorganic Materials, Namiki 1-1, Tsukubashi, Ibaraki 305, Japan",1,,,no
"National Institute for Research in Inorganic Materials, Namiki 1-1,Tsukuba, Ibaraki 305-0044, Japan",1,,,no
"National Institute for Research in Inorganic Materials, Namiki 1-1,Tsukuba-shi, Ibaraki 305, Japan",1,,,no
"National Institute for Research in Inorganic Materials, Namiki 1-1,Tsukuba-shi, Ibaraki 305-0044, Japan",1,,,no
"National Institute for Research in Inorganic Materials, Namiki 1‐1, Sakura‐mura, Niihari‐gun, Ibaraki‐ken, 305 Japan",1,,,no
"National Institute for Research in Inorganic Materials, Namiki 1–1, 305-0044, Tsukuba-shi, Ibaraki, Japan",1,,,no
"National Institute for Research in Inorganic Materials, Namiki 1–1, Sakura, Niihari, Ibaraki, 305, Japan",1,,,no
"National Institute for Research in Inorganic Materials, Namiki 1–1, Sakura-mura, Niihari-gun, Ibaraki 305, Japan",1,,,no
"National Institute for Research in Inorganic Materials, Namiki 1–1, Sakura-mura, Niihari-gun, Ibaraki-ken 305, Japan",1,,,no
"National Institute for Research in Inorganic Materials, Namiki 1–1, Tsukba, Ibaraki 305-0044, Japan",1,,,no
"National Institute for Research in Inorganic Materials, Namiki 1–1, Tsukuba 305, Japan",1,,,no
"National Institute for Research in Inorganic Materials, Namiki 1–1, Tsukuba, Ibaraki 305, Japan, , , , , , JP",1,,,no
"National Institute for Research in Inorganic Materials, Namiki 1–1, Tsukuba, Ibaraki 305, Japan, , JP",1,,,no
"National Institute for Research in Inorganic Materials, Namiki 1–1, Tsukuba, Japan",1,,,no
"National Institute for Research in Inorganic Materials, Namiki 1–1, Tsukuba-shi, 305–0044, Japan; Materials Science & Engineering, Pennsylvania State University, University Park, PA, 1680, U.S.A",1,Pennsylvania State University,I130769515,no
"National Institute for Research in Inorganic Materials, Namiki 1–1, Tsukuba-shi, 305–0044, Japan; RIEC, Tohoku University, Katahira 2-1-1, Aoba-ku, Sendai, 980–8577, Japan",1,Tohoku University,I201537933,no
"National Institute for Research in Inorganic Materials, Namiki 1–1, Tsukuba-shi, Ibaraki 305–0044, Japan",1,,,no
"National Institute for Research in Inorganic Materials, Namiki 1–1, Tsukuba-shi, Ibaraki, 305, Japan",1,,,no
"National Institute for Research in Inorganic Materials, Namiki I-1, Sakura-mura, Niihari-gun, Ibaraki 300-31, Japan",1,,,no
"National Institute for Research in Inorganic Materials, Namiki I-I, Sakura, Niihari, Ibaraki 305, Japan",1,,,no
"National Institute for Research in Inorganic Materials, Namiki I-I, Sakura-mura, Niihari-gun, Ibaraki 305 Japan",1,,,no
"National Institute for Research in Inorganic Materials, Namiki Sakura-mura Niiharigun, Ibaraki Prefecture, Japan",1,,,no
"National Institute for Research in Inorganic Materials, Namiki Sakura-mura, Niihari-gun, 305, Ibaraki, Japan",1,,,no
"National Institute for Research in Inorganic Materials, Namiki Sakura-mura, Niiharigun, Ibaraki, 305 Japan",1,,,no
"National Institute for Research in Inorganic Materials, Namiki l-l, Tsukuba-shi, Ibaraki 305, Japan",1,,,no
"National Institute for Research in Inorganic Materials, Namiki, 1 - 1, Sakura - Mura, Niihari-Gun, Ibaraki, Japan",1,,,no
"National Institute for Research in Inorganic Materials, Namiki, 1-1, Sakura-mura, Niihari-gun, 305, Ibaraki, Japan",1,,,no
"National Institute for Research in Inorganic Materials, Namiki, 1-1, Sakura-mura, Niihari-gun, Ibaraki 305, Japan",1,,,no
"National Institute for Research in Inorganic Materials, Namiki, 1-1, Tsukuba, Ibaraki, 305-0044, Japan",1,,,no
"National Institute for Research in Inorganic Materials, Namiki, 305, Tsukuba city, Ibaraki, Japan",1,,,no
"National Institute for Research in Inorganic Materials, Namiki, Ibaraki, Japan",1,,,no
"National Institute for Research in Inorganic Materials, Namiki, Sakura-Mura, Niihari-Gun, Ibaraki 305, Japan",1,,,no
"National Institute for Research in Inorganic Materials, Namiki, Sakura-Mura, Niihari-Gun, Ibaraki, 305, Japan",1,,,no
"National Institute for Research in Inorganic Materials, Namiki, Sakura-mura, Niihari-gun, Ibaraki 305 Japan",1,,,no
"National Institute for Research in Inorganic Materials, Namiki, Sakura-mura, Niihari-gun, Ibaraki, 305, Japan",1,,,no
"National Institute for Research in Inorganic Materials, Namiki, Sakura-mura, Niihari-gun, Ibariki 305, Japan",1,,,no
"National Institute for Research in Inorganic Materials, Namiki, Sakuramura, Niiharigun, Ibaraki 305, Japan",1,,,no
"National Institute for Research in Inorganic Materials, Namiki, Sakuramura, Niiharigun, Ibarakiken, 305 Japan",1,,,no
"National Institute for Research in Inorganic Materials, Namiki, Sakura‐Mura, Niihari‐Gun, Ibaraki 305, Japan",1,,,no
"National Institute for Research in Inorganic Materials, Namiki, Tsukuba-Shi, 305, Ibaraki-Ken, Japan",1,,,no
"National Institute for Research in Inorganic Materials, Namiki, Tsukuba-shi, Ibaraki, 345 JAPAN",1,,,no
"National Institute for Research in Inorganic Materials, Namiki, Tsukuba-shi, Ibaraki, Japan",1,,,no
"National Institute for Research in Inorganic Materials, Namiki, Tsukuba-shi, Ibaraki, Japan, 305",1,,,no
"National Institute for Research in Inorganic Materials, Niihari, Ibaraki, Japan",1,,,no
"National Institute for Research in Inorganic Materials, Niihari- Gun, Ibaraki, Japan",1,,,no
"National Institute for Research in Inorganic Materials, Niihari-gun, Japan",1,,,no
"National Institute for Research in Inorganic Materials, Niihari-gun, lbaraki 305, Japan",1,,,no
"National Institute for Research in Inorganic Materials, Niiharigun, 305, Ibaraki, Japan",1,,,no
"National Institute for Research in Inorganic Materials, Niiharigun, Ibaraki, Japan",1,,,no
"National Institute for Research in Inorganic Materials, Niiharu-gun, Ibaraki, Japan",1,,,no
"National Institute for Research in Inorganic Materials, Nimiki 1-1, Tsukuba-shi,  Ibaraki 305-0044, Japan",1,,,no
"National Institute for Research in Inorganic Materials, Nimiki 1-1, Tsukuba-shi, Ibaraki 305-0044, Japan",1,,,no
"National Institute for Research in Inorganic Materials, Research Center for Creating New Materials, 1-1 Namiki, Tsukuba-shi, Ibaraki 305-0044, Japan",1,,,no
"National Institute for Research in Inorganic Materials, Research Center for Creating New Materials, 1-1 Namiki, Tsukuba-shi, Ibaraki, 305-0044, Japan",1,,,no
"National Institute for Research in Inorganic Materials, Research Center of Advanced Materials, Ibaraki, Japan",1,,,no
"National Institute for Research in Inorganic Materials, Research Centre for Creating New Materials, 1-1 Namiki, Tsukuba, Ibaraki 305-0044, Japan",1,,,no
"National Institute for Research in Inorganic Materials, Research Centre for Creating New Materials,1-1 Namiki, Tsukuba, 305-0044 Ibaraki, Japan",1,,,no
"National Institute for Research in Inorganic Materials, Sakura, Ibaraki, Japan",1,,,no
"National Institute for Research in Inorganic Materials, Sakura, Niihari, Ibaraki 300-31, Japan",1,,,no
"National Institute for Research in Inorganic Materials, Sakura-mura, 305, Niiharigun, Ibaraki, Japan",1,,,no
"National Institute for Research in Inorganic Materials, Sakura-mura, Ibaraki-ken, Japan",1,,,no
"National Institute for Research in Inorganic Materials, Sakura-mura, Japan",1,,,no
"National Institute for Research in Inorganic Materials, Sakura-mura, Nihari-gun, Ibaraki 305, Japan",1,,,no
"National Institute for Research in Inorganic Materials, Sakura-mura, Niihari, Ibaraki 305 Japan",1,,,no
"National Institute for Research in Inorganic Materials, Sakura-mura, Niihari-gun, Ibaraki 305, 
Japan",1,,,no
"National Institute for Research in Inorganic Materials, Sakura-mura, Niihari-gun, Ibaraki-ken 305, Japan",1,,,no
"National Institute for Research in Inorganic Materials, Sakura-mura, Niihari-gun, Ibaraki-ken, 300-31, Japan",1,,,no
"National Institute for Research in Inorganic Materials, Sakura-mura, Niihari-gun, Ibaraki-ken, 305, Japan",1,,,no
"National Institute for Research in Inorganic Materials, Sakura-mura, Niiharigun, Ibaraki, Japan",1,,,no
"National Institute for Research in Inorganic Materials, Sakura-mura, Niiharu-gun, Ibaraki, Japan",1,,,no
"National Institute for Research in Inorganic Materials, Sakura-mura,Niihari-gun, Ibaraki 305, Japan",1,,,no
"National Institute for Research in Inorganic Materials, Sakura‐mura, Niihari‐gun, Ibaraki 305, Japan",1,,,no
"National Institute for Research in Inorganic Materials, Sakura‐mura, Niihari‐gun, Ibaraki, 305 Japan",1,,,no
"National Institute for Research in Inorganic Materials, Science and Technology Agency of Japan, Namiki 1-1, Tsukuba, Ibaraki 305, Japan",1,Japan Science and Technology Agency,I4210086780,no
"National Institute for Research in Inorganic Materials, Science and Technology Agency of Japan, Namiki 1-1, Tsukuba, Ibaraki, 305, Japan",1,Japan Science and Technology Agency,I4210086780,no
"National Institute for Research in Inorganic Materials, Science and Technology Agency of Japan, Namiki 1-1, Tsukuba, Ibaraki, 305-0044, Japan",1,Japan Science and Technology Agency,I4210086780,no
"National Institute for Research in Inorganic Materials, Science and Technology Agency of Japan, Tsukuba, Ibaraki, Japan",1,Japan Science and Technology Agency,I4210086780,no
"National Institute for Research in Inorganic Materials, Science and Technology Agency, Namiki 1-1 Tsukuba, 305-0044, Japan",1,Japan Science and Technology Agency,I4210086780,no
"National Institute for Research in Inorganic Materials, Science and Technology Agency, Namiki 1-1, Tsukuba, 305-0044, Japan",1,Japan Science and Technology Agency,I4210086780,no
"National Institute for Research in Inorganic Materials, Science and Technology Agency, Namiki 1-1, Tsukuba, Ibaraki 305",1,Japan Science and Technology Agency,I4210086780,no
"National Institute for Research in Inorganic Materials, Science and Technology Agency, Namiki 1-1, Tsukuba, Ibaraki 305, Japan",1,Japan Science and Technology Agency,I4210086780,no
"National Institute for Research in Inorganic Materials, Science and Technology Agency, Namiki 1-1, Tsukuba, Ibaraki 305-0044, Japan",1,Japan Science and Technology Agency,I4210086780,no
"National Institute for Research in Inorganic Materials, Science and Technology Agency, Tsukuba, Ibaraki 305 Japan",1,Japan Science and Technology Agency,I4210086780,no
"National Institute for Research in Inorganic Materials, Science and Technology Agency, Tsukuba, Ibaraki, 305 Japan",1,Japan Science and Technology Agency,I4210086780,no
"National Institute for Research in Inorganic Materials, Science and Technology Agency. 1-1 Namiki, Tsukuba-shi, Ibaraki 305, Japan",1,Japan Science and Technology Agency,I4210086780,no
"National Institute for Research in Inorganic Materials, Sukura-mura, Niihari-gun, Ibaraki 305, Japan",1,,,no
"National Institute for Research in Inorganic Materials, The Science and Technology Agency, Tsukuba, Ibaraki 305-0044, Japan",1,Japan Science and Technology Agency,I4210086780,no
"National Institute for Research in Inorganic Materials, Tokyo, Japan",1,,,no
"National Institute for Research in Inorganic Materials, Tsukuba 305-0044, Japan, , , , , , JP",1,,,no
"National Institute for Research in Inorganic Materials, Tsukuba, Ibaraki 305, Japan, , , , , , JP",1,,,no
"National Institute for Research in Inorganic Materials, Tsukuba, Ibaraki 305-0044, Japan. uchidam@nirim.go.jp",1,,,no
"National Institute for Research in Inorganic Materials, Tsukuba, Ibaraki, Japan. kikuchi@nirim.go.jp",1,,,no
"National Institute for Research in Inorganic Materials, Tsukuba, Japan. tanakaj@nirim.go.jp",1,,,no
"National Institute for Research in Inorganic Materials, Tsukuba-city, 305, Ibaraki, Japan",1,,,no
"National Institute for Research in Inorganic Materials, Tsukuba‐shi, Ibaraki‐ken 305-0044, Japan",1,,,no
"National Institute for Research in Inorganic Materials, Tuskuba, Ibaraki, Japan",1,,,no
"National Institute for Research in Inorganic Materials, and Core Research for Evolutional Science and Technology, 1-1 Namiki, Tsukuba, Ibaraki 305-0044, Japan",1,,,no
"National Institute for Research in Inorganic Materials,, Namiki 1-1,, Tsukuba, Ibaraki, 305-0044,, Japan",1,,,no
"National Institute for Research in Inorganic Materials,Tsukuba, Ibaraki, Japan",1,,,no
"National Institute for Research in Inorganic Materials. Nühari-Gun, Ibaraki, 305 Japan",1,,,no
"National Institute for Research in Inorganic Materials. Nühari-Gun, Ibaraki, 305 Japan",1,,,no
"National Institute for Research in Inorganic Materials1 Namiki, Tsukuba-city, Ibaraki 305, Japan",1,,,no
"National Institute for Research in Inorganic Materials1-1 Namiki, Sakura-mura, Niihari-gun, Ibaraki, 305 Japan",1,,,no
"National Institute for Research in Inorganic Materials1-1, Namiki, Tsukuba, Ibaraki 305, Japan",1,,,no
"National Institute for Research in Inorganic Materials1-Namiki, Sakura-, mura, Niihari-gun, Ibaraki, 305 Japan",1,,,no
"National Institute for Research in Inorganic MaterialsNamiki 1-1, Tsukuba, Ibaraki, 305-0044, Japan",1,,,no
"National Institute for Research in Inorganic MaterialsSakura, Ibaraki Japan",1,,,no
"National Institute for Research in Inorganic materials (NIRIM), 1-1 Namiki, Tsukuba, Ibaraki 305-0044, Japan",1,,,no
"National Institute for Research in Inorganic#N#Materials, 1-1 Namiki,Tsukuba,Japan",1,,,no
"National Institute for Research in Organic Materials, 1-1, Namiki, Tsukuba, Ibaragi 305, Japan",1,,,no
"National Institute for Research in inorganic materials, Namiki 1-1, Tsukuba, Ibaraki 305, Japan",1,,,no
"National Institute for Research in irganic Materials, Sakura-mura, Niihari-gun, Ibaraki 305 Japan",1,,,no
"National Institute for Research in lnorganic Materials, 1-1 Namiki, Tsukuba, Ibaraki 305",1,,,no
"National Institute for Research of Inorganic Material, Japan",1,,,no
"National Institute for Research of Inorganic Materials, Ibaraki, Japan",1,,,no
"National Institute for Research of Inorganic Materials, Namiki, Sakura-mura, Niihari-gun, Ibaraki 305, Japan",1,,,no
"National Institute for Research of Inorganic Materials, Sakura, Ibaraki, Japan",1,,,no
"National Institute for Research on Inorganic Materials, Japan",1,,,no
"National Institute for Research on Inorganic Materials, Sakura−mura, Niihari−gun, Ibaraki−ken, 300−31, Japan",1,,,no
"National Institute for Researche in Inorganic Materials, Namiki 1-1, Sakura-mura, Niihari-gun, Ibaraki 305, Japan",1,,,no
"National Institute for Researches in Inorganic Materials , Niihari-gun , Ibaraki",1,,,no
"National Institute for Researches in Inorganic Materials , Sakura-mura, Niihari-gun, Ibaraki, 300-31, Japan",1,,,no
National Institute for Researches in Inorganic Materials 1-1 Namiki Sakura-mura Niihari-gun Ibaraki 305 Japan,1,,,no
"National Institute for Researches in Inorganic Materials 1-1 Namiki, Sakura-mura, Niihari-gun Ibaraki, 305 Japan",1,,,no
"National Institute for Researches in Inorganic Materials 1-1 Namiki, Sakura-mura, Niihari-gun, Ibaraki, 300-31 Japan",1,,,no
"National Institute for Researches in Inorganic Materials 1-1, Ibaraki, Japan",1,,,no
"National Institute for Researches in Inorganic Materials 1-1, Namiki, Sakura-mura, Niihari-gun, 305, Ibaraki, Japan",1,,,no
"National Institute for Researches in Inorganic Materials 1-1, Namiki, Sakura-mura, Niihari-gun, Ibaraki-ken 305 Japan",1,,,no
National Institute for Researches in Inorganic Materials Kurakake Sakura-mura Niihari-gun Ibaraki 300–31 Japan,1,,,no
"National Institute for Researches in Inorganic Materials Kurakake, Sakura-mura, Niihari-gun Ibaraki-ken, 300-31 Japan",1,,,no
"National Institute for Researches in Inorganic Materials Niihari-gun, Ibaraki-ken 305 Japan",1,,,no
"National Institute for Researches in Inorganic Materials Sakura-mura Niihari-gun Ibaraki-ken 300-31, Japan",1,,,no
"National Institute for Researches in Inorganic Materials Sakura-mura, Niihari-gun Ibaragi 300–31 Japan",1,,,no
"National Institute for Researches in Inorganic Materials Sakura-mura, Niihari-gun Ibaraki 300-31, Japan",1,,,no
"National Institute for Researches in Inorganic Materials Sakura-mura, Niihari-gun, Ibaraki 300-31, Japan",1,,,no
"National Institute for Researches in Inorganic Materials Sakura-mura, Niihari-gun, Ibaraki 300–31 Japan",1,,,no
"National Institute for Researches in Inorganic Materials Sakura-mura, Niihari-gun, Ibaraki, 305, Japan",1,,,no
"National Institute for Researches in Inorganic Materials Sakura-mura, Niihari-gun, Ibaraki, Japan",1,,,no
"National Institute for Researches in Inorganic Materials Sakura-mura, Niihari-gun, Ibaraki-ken 300-31, Japan",1,,,no
"National Institute for Researches in Inorganic Materials Sakura-mura, Niihari-gun, Ibaraki-ken, 300-31 Japan",1,,,no
"National Institute for Researches in Inorganic Materials Sakura‐mura, Niihari‐gun Ibaragi 300–31 Japan",1,,,no
"National Institute for Researches in Inorganic Materials Sakura‐mura, Niihari‐gun Ibaraki 300‐31, Japan",1,,,no
"National Institute for Researches in Inorganic Materials Sakura‐mura, Niihari‐gun, Ibaraki 300–31 Japan",1,,,no
"National Institute for Researches in Inorganic Materials, 1-1 Namiki, Sakura, Niihari, 305, Ibaraki, Japan",1,,,no
"National Institute for Researches in Inorganic Materials, 1-1 Namiki, Sakura-Mura, Niihari-Gun, Ibaraki, Japan",1,,,no
"National Institute for Researches in Inorganic Materials, 1-1 Namiki, Sakura-Mura, Niihari-Gun, Ibaraki-Ken 305, Japan",1,,,no
"National Institute for Researches in Inorganic Materials, 1-1 Namiki, Sakura-Mura, Niihari-Gun, Ibaraki-Ken, 305, Japan",1,,,no
"National Institute for Researches in Inorganic Materials, 1-1 Namiki, Sakura-mura, Niihari-gun, Ibaraki, 300-31, Japan",1,,,no
"National Institute for Researches in Inorganic Materials, 1-1 Namiki, Sakura-mura, Niihari-gun, Ibaraki, 305 Japan",1,,,no
"National Institute for Researches in Inorganic Materials, 1-1 Namiki, Sakura-mura, Niihari-gun, Ibaraki, 305, Japan",1,,,no
"National Institute for Researches in Inorganic Materials, 1-1 Namiki, Sakuramura, Niihari-Gun, Ibaraki Japan",1,,,no
"National Institute for Researches in Inorganic Materials, 1-1 Namiki, Sakuramura, Niihari-Gun, Ibaraki, Japan",1,,,no
"National Institute for Researches in Inorganic Materials, 1-1 Namiki, Tsukuba, Ibaraki 305-0044, Japan",1,,,no
"National Institute for Researches in Inorganic Materials, 1-1, Namiki, Sakura-Mura, Niihari-Gun, Ibaraki, 300-31 (Japan)",1,,,no
"National Institute for Researches in Inorganic Materials, 1-1, Namiki, Sakura-mura Niihari-gun, Ibraki, Japan",1,,,no
"National Institute for Researches in Inorganic Materials, 1-1, Namiki, Sakura-mura, Ibaraki-ken, 305, Japan",1,,,no
"National Institute for Researches in Inorganic Materials, 1-1, Namiki, Sakura-mura, Niihari-gun, Ibaraki-ken 305, Japan",1,,,no
"National Institute for Researches in Inorganic Materials, 1‐1, Namiki, Sakura‐Mura, Niihari‐Gun, Ibaraki, 300‐31 (Japan)",1,,,no
"National Institute for Researches in Inorganic Materials, 1–1 Namiki, Sakura-mura, Niihari-gun, Ibaraki, 300-31, Japan",1,,,no
"National Institute for Researches in Inorganic Materials, 300-31, Kurakake, Sakuramura, Nüharigun, Ibaraki (Japan)",1,,,no
"National Institute for Researches in Inorganic Materials, 300-31, Sakura-mura Niihari-gun Ibaraki-ken, Japan",1,,,no
"National Institute for Researches in Inorganic Materials, 300‐31, Kurakake, Sakuramura, Nüharigun, Ibaraki (Japan)",1,,,no
"National Institute for Researches in Inorganic Materials, 305, Ibaraki, Japan",1,,,no
"National Institute for Researches in Inorganic Materials, Bunkyo-ku, Tokyo, Japan",1,,,no
"National Institute for Researches in Inorganic Materials, Bunkyō-ku, Tokyo, Japan",1,,,no
"National Institute for Researches in Inorganic Materials, Kuragake, Sakura-mura, Ibaragi, Japan",1,,,no
"National Institute for Researches in Inorganic Materials, Kurakake Sakura-mura Niihari-gun Ibaraki-ken, 300-31, Japan",1,,,no
"National Institute for Researches in Inorganic Materials, Kurakake Sakura-mura, Niihari-gun, Ibaraki, Japan",1,,,no
"National Institute for Researches in Inorganic Materials, Kurakake, Sakura, mura, Niihari-gun, Ibaraki, 300-31 Japan",1,,,no
"National Institute for Researches in Inorganic Materials, Kurakake, Sakura-Mura, Ibaraki-Ken, Japan",1,,,no
"National Institute for Researches in Inorganic Materials, Kurakake, Sakura-Mura, Nihari-Gun, Ibaraki 300-31, Japan",1,,,no
"National Institute for Researches in Inorganic Materials, Kurakake, Sakura-Mura, Niihari-Gun, Ibaraki 300-31 Japan",1,,,no
"National Institute for Researches in Inorganic Materials, Kurakake, Sakura-Mura, Niihari-Gun, Ibaraki Japan",1,,,no
"National Institute for Researches in Inorganic Materials, Kurakake, Sakura-Mura, Niihari-gun, Ibaraki, 300-31 Japan",1,,,no
"National Institute for Researches in Inorganic Materials, Kurakake, Sakura-Mura, Niihari-gun, Ibaraki, 300-31, Japan",1,,,no
"National Institute for Researches in Inorganic Materials, Kurakake, Sakura-mura, Ibaraki-ken, 300-31 Japan",1,,,no
"National Institute for Researches in Inorganic Materials, Kurakake, Sakura-mura, Niihari-gun, Ibaragi, 300-31 Japan",1,,,no
"National Institute for Researches in Inorganic Materials, Kurakake, Sakura-mura, Niihari-gun, Ibaragi, 300-31, Japan",1,,,no
"National Institute for Researches in Inorganic Materials, Kurakake, Sakura-mura, Niihari-gun, Ibaraki 300 — 31 Japan",1,,,no
"National Institute for Researches in Inorganic Materials, Kurakake, Sakura-mura, Niihari-gun, Ibaraki, 300–31 Japan",1,,,no
"National Institute for Researches in Inorganic Materials, Kurakake, Sakura-mura, Niihari-gun, Ibaraki, Japan, 300-31",1,,,no
"National Institute for Researches in Inorganic Materials, Kurakake, Sakura-mura, Niihari-gun, Ibaraki-ken 300–31 (Japan)",1,,,no
"National Institute for Researches in Inorganic Materials, Kurakake, Sakura-mura, Niiharigun, Ibaraki, 300-31 Japan",1,,,no
"National Institute for Researches in Inorganic Materials, Kurakake, Sakuramura, Niiharigun, Ibaragi, Japan",1,,,no
"National Institute for Researches in Inorganic Materials, Kurakake, Sakura‐Mura, Niihari‐gun, Ibaraki, 300‐31, Japan",1,,,no
"National Institute for Researches in Inorganic Materials, Kurakake, Sakura‐mura, Niihari‐gun, Ibaraki‐ken 300–31 (Japan)",1,,,no
"National Institute for Researches in Inorganic Materials, Kurakake, Sukura-mura, Niihari-gun, 300-31, Ibaraki, Japan",1,,,no
"National Institute for Researches in Inorganic Materials, Kurakake, Sukura-mura, Niihari-gun, Ibaraki 300-31, Japan",1,,,no
"National Institute for Researches in Inorganic Materials, MUKI-ZAI-KEN 2-29- 3 Hon-Komagome. Bunkyo, Tokyo, Japan",1,,,no
"National Institute for Researches in Inorganic Materials, MUKI‐ZAI‐KEN 2‐29‐ 3 Hon‐Komagome. Bunkyo, Tokyo, Japan",1,,,no
"National Institute for Researches in Inorganic Materials, Namiki 1-1, Sakura-mura, Nihari-gun, 305, Ibaraki, Japan",1,,,no
"National Institute for Researches in Inorganic Materials, Namiki 1-1, Sakura-mura, Niihari-gun, 300-31, Ibaraki, Japan",1,,,no
"National Institute for Researches in Inorganic Materials, Namiki 1-1, Sakura-mura, Niihari-gun, 300-31, Ibaraki-ken, Japan",1,,,no
"National Institute for Researches in Inorganic Materials, Namiki 1-1, Sakura-mura, Niihari-gun, Ibaraki, 300-31, Japan",1,,,no
"National Institute for Researches in Inorganic Materials, Namiki 1-1, Sakuramura, Niihari-gun, Ibaraki , 300-31, Japan",1,,,no
"National Institute for Researches in Inorganic Materials, Namiki Sakura-mura, Niihari-guns, Ibaraki 300-31, Japan",1,,,no
"National Institute for Researches in Inorganic Materials, Namiki, Sakura-Mura, Niihari-Gun, 305, Ibaraki, Japan",1,,,no
"National Institute for Researches in Inorganic Materials, Namiki, Sakura-Mura, Niihari-Gun, Ibaraki 305, Japan",1,,,no
"National Institute for Researches in Inorganic Materials, Namiki, Sakura-mura, Nihari-gun, Ibaraki, Japan",1,,,no
"National Institute for Researches in Inorganic Materials, Namiki, Sakura-mura, Nihiri, Ibaraki, Japan",1,,,no
"National Institute for Researches in Inorganic Materials, Namiki, Sakura-mura, Niihari-gun, Ibaragi, 300-31, Japan",1,,,no
"National Institute for Researches in Inorganic Materials, Namiki, Sakura-mura, Niihari-gun, Ibaraki, 300-31, Japan",1,,,no
"National Institute for Researches in Inorganic Materials, Namiki, Sakura-mura, Niihari-gun, Ibaraki, Japan",1,,,no
"National Institute for Researches in Inorganic Materials, Namiki, Sakura‐mura, Niihari‐gun, Ibaraki‐ken, 300‐31 Japan",1,,,no
"National Institute for Researches in Inorganic Materials, Namiki-1, Sakura-mura, Niihari-gun, Ibaraki-ken 305, Japan",1,,,no
"National Institute for Researches in Inorganic Materials, Niihari-gun, Ibaragi, Japan",1,,,no
"National Institute for Researches in Inorganic Materials, Sakura, Niihari, Ibaraki 300–31, Japan",1,,,no
"National Institute for Researches in Inorganic Materials, Sakura, Niihari-gun, 300-31, Ibaraki, Japan",1,,,no
"National Institute for Researches in Inorganic Materials, Sakura, Niihari-gun, Ibaragi 300-31, Japan",1,,,no
"National Institute for Researches in Inorganic Materials, Sakura-Mura Nii-Hari-Gun Ibaraki-Ken, 300-31, Japan",1,,,no
"National Institute for Researches in Inorganic Materials, Sakura-Mura, Ibaraki-ken, Japan",1,,,no
"National Institute for Researches in Inorganic Materials, Sakura-Mura, Niihari-Gun, Ibaraki Japan",1,,,no
"National Institute for Researches in Inorganic Materials, Sakura-Mura, Niihari-Gun, Ibaraki, 300−31 Japan",1,,,no
"National Institute for Researches in Inorganic Materials, Sakura-Mura, Niihari-Gun, Ibaraki, 305 Japan",1,,,no
"National Institute for Researches in Inorganic Materials, Sakura-mura Niihari-gun Ibaraki 300–31 Japan",1,,,no
"National Institute for Researches in Inorganic Materials, Sakura-mura Niihari-gun Ibaraki-ken 300-31, Japan",1,,,no
"National Institute for Researches in Inorganic Materials, Sakura-mura Niihari-gun Ibaraki-ken, 300—31, Japan",1,,,no
"National Institute for Researches in Inorganic Materials, Sakura-mura Niihari-gun Ibaraki-ken, Japan",1,,,no
"National Institute for Researches in Inorganic Materials, Sakura-mura Niihari-gun, 300-31, Ibaraki-ken, Japan",1,,,no
"National Institute for Researches in Inorganic Materials, Sakura-mura Niihari-gun, Ibaraki-ken 300–31, Japan",1,,,no
"National Institute for Researches in Inorganic Materials, Sakura-mura, 300-31, Niihari-gun, Ibaragi, Japan",1,,,no
"National Institute for Researches in Inorganic Materials, Sakura-mura, Ibaragi-ken 300-31 Japan",1,,,no
"National Institute for Researches in Inorganic Materials, Sakura-mura, Ibaraki-Ken, 305 Japan",1,,,no
"National Institute for Researches in Inorganic Materials, Sakura-mura, Ibaraki-ken 300-31, Japan",1,,,no
"National Institute for Researches in Inorganic Materials, Sakura-mura, Ibaraki-ken, 300-31 Japan",1,,,no
"National Institute for Researches in Inorganic Materials, Sakura-mura, Ibaraki-ken, Japan",1,,,no
"National Institute for Researches in Inorganic Materials, Sakura-mura, Namiki-, Niihari-gun, Ibaraki, Japan",1,,,no
"National Institute for Researches in Inorganic Materials, Sakura-mura, Nihari-gun, Ibaraki 305, Japan",1,,,no
"National Institute for Researches in Inorganic Materials, Sakura-mura, Niihari, Ibaragi 300–31, Japan",1,,,no
"National Institute for Researches in Inorganic Materials, Sakura-mura, Niihari-gun Ibaraki 300-31 Japan",1,,,no
"National Institute for Researches in Inorganic Materials, Sakura-mura, Niihari-gun, Ibaragi 300-31, Japan",1,,,no
"National Institute for Researches in Inorganic Materials, Sakura-mura, Niihari-gun, Ibaraki 300-31 , Japan",1,,,no
"National Institute for Researches in Inorganic Materials, Sakura-mura, Niihari-gun, Ibaraki 300-3l, Japan",1,,,no
"National Institute for Researches in Inorganic Materials, Sakura-mura, Niihari-gun, Ibaraki 300–31, Japan",1,,,no
"National Institute for Researches in Inorganic Materials, Sakura-mura, Niihari-gun, Ibaraki, Japan 300-31",1,,,no
"National Institute for Researches in Inorganic Materials, Sakura-mura, Niihari-gun, Ibaraki, Japan 305",1,,,no
"National Institute for Researches in Inorganic Materials, Sakura-mura, Niihari-gun, Ibaraki-ken 300-31, Japan",1,,,no
"National Institute for Researches in Inorganic Materials, Sakura-mura, Niihari-gun, Ibaraki-ken, 300–31, Japan",1,,,no
"National Institute for Researches in Inorganic Materials, Sakura-mura, Niihari-gun, Ibaraki-ken, 305, Japan",1,,,no
"National Institute for Researches in Inorganic Materials, Sakura-mura, Niihari-gun, Ibaraki. 300-31 Japan",1,,,no
"National Institute for Researches in Inorganic Materials, Sakura-mura, Niiharigun, 300-31, Ibaraki-ken, Japan",1,,,no
"National Institute for Researches in Inorganic Materials, Sakura-mura, Niiharigun, Ibaraki 300-31, Japan",1,,,no
"National Institute for Researches in Inorganic Materials, Sakura-mura, Niiharigun, Ibaraki, 300-31, Japan",1,,,no
"National Institute for Researches in Inorganic Materials, Sakuramura, Ibaraki, Japan",1,,,no
"National Institute for Researches in Inorganic Materials, Sakuramura, Niihari-gun, Ibaragi, Japan, 300-31",1,,,no
"National Institute for Researches in Inorganic Materials, Sakuramura, Niihari-gun, Ibaraki-ken, 300–31, Japan",1,,,no
"National Institute for Researches in Inorganic Materials, Sakuramura, Niiharigun, Ibaragi, Japan 300-31",1,,,no
"National Institute for Researches in Inorganic Materials, Sakuramura, Niiharigun, Ibaragi, Japan, 300-31",1,,,no
"National Institute for Researches in Inorganic Materials, Sakuramura, Niiharigun, Ibaraki, Japan 300‐31",1,,,no
"National Institute for Researches in Inorganic Materials, Sakuramura, Niiharigun, Ibaraki, Japan 305",1,,,no
"National Institute for Researches in Inorganic Materials, Sakuramura, Niihari‐gun, Ibaraki‐ken, 300–31, Japan",1,,,no
"National Institute for Researches in Inorganic Materials, Sakura‐mura Niihari‐gun Ibaraki 300–31 Japan",1,,,no
"National Institute for Researches in Inorganic Materials, Sakura‐mura Niihari‐gun Ibaraki‐ken, 300‐31 Japan",1,,,no
"National Institute for Researches in Inorganic Materials, Sakura‐mura Niihari‐gun Ibaraki‐ken, 300—31, Japan",1,,,no
"National Institute for Researches in Inorganic Materials, Sakura‐mura, Niihari‐gun, Ibaraki 305, Japan",1,,,no
"National Institute for Researches in Inorganic Materials, Sakura‐mura, Niihari‐gun, Ibaraki, 300‐31, Japan",1,,,no
"National Institute for Researches in Inorganic Materials, Sakura‐mura, Niihari‐gun, Ibaraki, Japan",1,,,no
"National Institute for Researches in Inorganic Materials, Sakura‐mura, Niihari‐gun, Ibaraki. 300‐31 Japan",1,,,no
"National Institute for Researches in Inorganic Materials, Sakura‐mura, Niihari‐gun, Ibaraki‐ken 300‐31, Japan",1,,,no
"National Institute for Researches in Inorganic Materials, Sakura‐mura, Niihari‐gun, Ibaraki‐ken, 300–31, Japan",1,,,no
"National Institute for Researches in Inorganic Materials, Science and Technology Agency, Bunkyo, Tokyo, Japan",1,Japan Science and Technology Agency,I4210086780,no
"National Institute for Researches in Inorganic Materials, Sukura-mura Niihari-gun Ibaraki-ken, 300-31, Japan",1,,,no
"National Institute for Researches in Inorganic Materials, Tokyo, (Japan)",1,,,no
"National Institute for Researches in Inorganic Materials, Tokyo/Japan",1,,,no
"National Institute for Researches in Inorganic Materials, Tsukuba-Gakuen-Toshi, Ibaragi-Ken, 300-31, Japan",1,,,no
"National Institute for Researches in Inorganic Materials, Tsukuba‐Gakuen‐Toshi, Ibaragi‐Ken, 300‐31, Japan",1,,,no
"National Institute for Researches in Inorganic Mterials, Sakura-mura, Niihari-gun, Ibaraki 300-31, Japan",1,,,no
"National Institute for Researches, in Inorganic Materials, Bunkyo. Tokyo Japan",1,,,no
"National Institute for Researchs in Inorganic Materials, Sakura-Mura, Ibaraki, 305 Japan",1,,,no
"National Institute for Reserch in Inorganic Materials , Sakura, Tsukuba, 305, Japan",1,,,no
"National Institute for Reserch in Inorganic Materials, Sakura, Tsukuba, 305, Japan",1,,,no
"National Institute for Reserches in Inorganic Materials, 1–1 Namiki, Tsukuba-shi, Ibaraki 305, Japan",1,,,no
"National Institute for Résearch in Inorganic Materials, Namiki 1–1, Tsukubashi, Ibaraki 305, Japan",1,,,no
"National Institute for Rsearch in Inorganic Materials, 1-1, Namiki, Tsukuba, Ibaraki, 305, Japan",1,,,no
"National Institute for research in Inorganic Materials, 1-1 Namiki, Ibaraki, Tsukuba, 305 Japan",1,,,no
"National Institute for research in Inorganic Materials, 1-1, Namiki, Tsukuba, Ibaraki 305-0044, Japan",1,,,no
"National Institute for researches in Inorganic Materials, Tokyo, Japan",1,,,no
"National Institute fur Research in Inorganic Materials, Namiki 1-1, Ibaraki, 305, Japan",1,,,no
"National Institute of Adbanced Industrial Science and Technology ( 1-2-1 Namiki , Tsukuba-shi , Ibaraki 305-8564 )",1,National Institute of Advanced Industrial Science and Technology,I73613424,no
"National Institute of Advanced Indusrial Science and Technology , 1-2-1 Namiki , Tsukuba-shi , Ibaraki , 305-8564 Japan",1,National Institute of Advanced Industrial Science and Technology,I73613424,no
"National Institute of Advanced Industrial Science and Technology ( 1 -2 -1 , Namiki , Tsukuba-shi , Ibaraki 05-8 564 ) Faculty of Engineering ,",1,National Institute of Advanced Industrial Science and Technology,I73613424,no
"National Institute of Advanced Industrial Science and Technology (Ais-r) , 1-2-1 Namiki , Tsukuba shi , Ibaraki , 305--8564 Japan",1,National Institute of Advanced Industrial Science and Technology,I73613424,no
"National Institute of Advanced Industrial Science and Technology Tsukuba Center Tsukuba Central, 1-2-1 ,Namiki, Tsukuba, Tsukuba, Ibaraki, 305-8561, Japan",1,National Institute of Advanced Industrial Science and Technology,I73613424,no
"National Institute of Advanced Industrial and Science Technology ( 1-2-1 Namiki , Tsukuba-shi , Ibaraki 305-8564)",1,National Institute of Advanced Industrial Science and Technology,I73613424,no
"National Institute of Advanced Industrial and Science Technology , 1-2 Namiki , Tsukuba-shi , Ibaraki , 305-8564 Japan",1,National Institute of Advanced Industrial Science and Technology,I73613424,no
"National Institute of Chemical Research and Materials, 1-1 Higashi, Tsukuba, Japan 305",1,,,no
"National Institute of Industrial Science and Technology , 1-2-1 Namiki , Tsukuba-shi , Ibaraki , 305-8564 Japan",1,,,no
"National Institute of Ma-terials Science, Tsukuba 305-0044, Japan",1,,,no
"National Institute of Materals Science, Tsukuba, Ibaraki, Japan",1,,,no
"National Institute of Material and Chemical
Research (NIMC), Tsukuba, Japan",1,,,no
"National Institute of Material and Chemical Research (NIMC), 1-4-4 Higashi, Tsukuba 305, Japan",1,,,no
"National Institute of Material and Chemical Research , Ibaraki, Tsukuba , 305 , Japan",1,,,no
"National Institute of Material and Chemical Research, 1-1 Higashi, Tsukuba 305-8565, Japan",1,,,no
"National Institute of Material and Chemical Research, 1-1 Tsukuba-Higashi, Ibaraki 305, Japan",1,,,no
"National Institute of Material and Chemical Research, 1-1, Higashi, Tsukuba, Ibaraki 305-8565 (Japan),",1,,,no
"National Institute of Material and Chemical Research, 1-1, Higashi, Tsukuba, Ibaraki 305-8565 (Japan), Fax: (+81) 298-54-4487",1,,,no
"National Institute of Material and Chemical Research, 1-1, Higashi, Tsukuba, Ibaraki 305-8565, Japan,",1,,,no
"National Institute of Material and Chemical Research, 1-1-4 Higashi, Tsukuba, Ibaraki 305, Japan",1,,,no
"National Institute of Material and Chemical Research, 1‐1 Higashi, Tsukuba Research Center, Ibaraki 305, Japan",1,,,no
"National Institute of Material and Chemical Research, 1‐1, Higashi, Tsukuba, Ibaraki 305‐8565, Japan, Fax: (+ 81) 298‐54‐4487",1,,,no
"National Institute of Material and Chemical Research, Higashi 1-1, 305, Tsukuba, Ibaraki, Japan",1,,,no
"National Institute of Material and Chemical Research, NIMC, 1‐1 Higashi, Tsukuba City, Ibaraki 305‐8565, Japan",1,,,no
National Institute of Materials & Chemical Research (Japan),1,,,no
"National Institute of Materials & Chemical Research, Ibaraki, Japan",1,,,no
"National Institute of Materials and
Chemical Research (NIMC), 1-1
Higashi, Tsukuba, Japan",1,,,no
"National Institute of Materials and
Chemical Research, 1-1 Higashi, Tsukuba, Japan",1,,,no
"National Institute of Materials and
Chemical Research, Higashi 1-1, Tsukuba, Ibaraki, Japan",1,,,no
"National Institute of Materials and Chemical Research 
(NIMC), 1-1 Higashi, Tsukuba, Ibaraki, Japan",1,,,no
"National Institute of Materials and Chemical Research  1‐1, Higashi 305 Tsukuba, Ibaraki Japan",1,,,no
"National Institute of Materials and Chemical Research #N#(NIMC), 1-1 Higashi, Tsukuba,Ibaraki,Japan",1,,,no
"National Institute of Materials and Chemical Research (MINC), Tsukuba, Ibaraki 305, Japan",1,,,no
"National Institute of Materials and Chemical Research (NIMC) , 1-1 Higashi , Tsukuba , 305-8565 , Japan",1,,,no
"National Institute of Materials and Chemical Research (NIMC) , 1-1 Higashi, Tsukuba , 305-8565 , Japan",1,,,no
"National Institute of Materials and Chemical Research (NIMC) , 1-1 Higashi, Tsukuba, Ibaraki , 305 , Japan",1,,,no
"National Institute of Materials and Chemical Research (NIMC) , Higashi , Tsukuba , Ibaraki 305",1,,,no
"National Institute of Materials and Chemical Research (NIMC) , Higashi, Tsukuba , Ibaraki , 305 , JAPAN",1,,,no
"National Institute of Materials and Chemical Research (NIMC) 1-1 Higashi, Tsukuba, Ibaraki 305-8565, Japan",1,,,no
"National Institute of Materials and Chemical Research (NIMC) Ookayama 2-12-1,Meguro, Tokyo 152-, Higashi 1-1, Tsukuba 305-8550, JAPAN",1,,,no
"National Institute of Materials and Chemical Research (NIMC), 1-1 Azuma, Tsukuba, Ibaraki 305-8565, Japan",1,,,no
"National Institute of Materials and Chemical Research (NIMC), 1-1 Hiagashi, Tsukuba, Ibaraki 305-8565, Japan",1,,,no
"National Institute of Materials and Chemical Research (NIMC), 1-1 Higashi Tsukuba, Ibaraki 305-8565, Japan",1,,,no
"National Institute of Materials and Chemical Research (NIMC), 1-1 Higashi, Tsukuba 305-8565, Japan",1,,,no
"National Institute of Materials and Chemical Research (NIMC), 1-1 Higashi, Tsukuba 305-8565, Japan",1,,,no
"National Institute of Materials and Chemical Research (NIMC), 1-1 Higashi, Tsukuba, 305-8565 Ibaraki, Japan",1,,,no
"National Institute of Materials and Chemical Research (NIMC), 1-1 Higashi, Tsukuba, Ibaraki 305 Japan",1,,,no
"National Institute of Materials and Chemical Research (NIMC), 1-1 Higashi, Tsukuba, Ibaraki, 305, Japan",1,,,no
"National Institute of Materials and Chemical Research (NIMC), 1-1 Higashi, Tsukuba, Ibaraki, 305-8565 Japan",1,,,no
"National Institute of Materials and Chemical Research (NIMC), 1-1 Higashi, Tsukuba, Ibaraki, 305-8565, Japan",1,,,no
"National Institute of Materials and Chemical Research (NIMC), 1-1 Higashi, Tsukuba, Ibaraki 305-8565, Japan",1,,,no
"National Institute of Materials and Chemical Research (NIMC), 1-1 Higashi, Tsukuba-City, Ibaruki 305, Japan",1,,,no
"National Institute of Materials and Chemical Research (NIMC), 1-1 Higashi, Tsukuba 305-8565, Japan",1,,,no
"National Institute of Materials and Chemical Research (NIMC), 1-1, Higashi, Tsukuba 305-8565IbarakiJapan",1,,,no
"National Institute of Materials and Chemical Research (NIMC), 1-1, Higashi, Tsukuba, Ibaraki 305, Japan",1,,,no
"National Institute of Materials and Chemical Research (NIMC), 1-1, Higashi, Tsukuba, Ibaraki, 305 Japan",1,,,no
"National Institute of Materials and Chemical Research (NIMC), 1-1, Higashi, Tsukuba, Ibaraki, 305-8565, Japan",1,,,no
"National Institute of Materials and Chemical Research (NIMC), 1-1, Higashi, TsukubaIbaraki 305Japan",1,,,no
"National Institute of Materials and Chemical Research (NIMC), 1-1-1 Higashi, Tsukuba, Ibaraki 305-8565, Japan",1,,,no
"National Institute of Materials and Chemical Research (NIMC), 1-1-4 Higashi, Tsukuba, Ibaraki 305-8565, Japan",1,,,no
"National Institute of Materials and Chemical Research (NIMC), 1-1Higashi, Tsukuba, Ibaraki 305-8565, Japan",1,,,no
"National Institute of Materials and Chemical Research (NIMC), 1‐1 Higashi, Tsukuba, Ibaraki 305‐8565, Japan",1,,,no
"National Institute of Materials and Chemical Research (NIMC), 1–1 Higashi, Tsukuba, Ibaraki 305–8565 (Japan)",1,,,no
"National Institute of Materials and Chemical Research (NIMC), Division of Organic Chemistry, 1-1 Higashi, Tsukuba, Ibaraki 305-8565 Japan",1,,,no
"National Institute of Materials and Chemical Research (NIMC), Higashi 1-1, Tsukuba, 305-8565 Ibaraki, Japan",1,,,no
"National Institute of Materials and Chemical Research (NIMC), Higashi 1-1, Tsukuba, Ibaraki 305-8565, Japan (Fax: +81-298/54-4474,",1,,,no
"National Institute of Materials and Chemical Research (NIMC), Higashi 1-1, Tsukuba, Ibaraki 305-8565, Japan (Fax: +81-298/54-4474, E-mail: niino@nimc.go.jp), , JP",1,,,no
"National Institute of Materials and Chemical Research (NIMC), Higashi 1-1, Tsukuba, Ibaraki 305-8565, Japan, , JP",1,,,no
"National Institute of Materials and Chemical Research (NIMC), Higashi 1-1, Tsukuba, Ibaraki 305-8565, Japan, JP",1,,,no
"National Institute of Materials and Chemical Research (NIMC), Higashi 1-1, Tsukuba, Ibaraki, 305 Japan",1,,,no
"National Institute of Materials and Chemical Research (NIMC), Higashi 1-1, Tsukuba, Ibaraki, Japan",1,,,no
"National Institute of Materials and Chemical Research (NIMC), Higashi 1-1, Tsukuba,Ibaraki,Japan",1,,,no
"National Institute of Materials and Chemical Research (NIMC), Higashi 1‐1, Tsukuba, Ibaraki 305, Japan",1,,,no
"National Institute of Materials and Chemical Research (NIMC), Higashi 1–1, Tsukuba, Ibaraki 305, Japan, , , , , , JP",1,,,no
"National Institute of Materials and Chemical Research (NIMC), Higashi 1–1, Tsukuba, Ibaraki 305, Japan, JP",1,,,no
"National Institute of Materials and Chemical Research (NIMC), Higashi, Tsukuba, Ibaraki 305",1,,,no
"National Institute of Materials and Chemical Research (NIMC), Tsukuba 305-8565, Japan",1,,,no
"National Institute of Materials and Chemical Research (NIMC), Tsukuba-shi 305, Japan",1,,,no
"National Institute of Materials and Chemical Research (NIMC), Tsukuba 305-8565, Japan",1,,,no
"National Institute of Materials and Chemical Research (NIMC),a) Higashi 1-1, Tsukuba, Ibaraki 305, Japan",1,,,no
"National Institute of Materials and Chemical Research (NIMC)t t, Higashi, Tsukuba, Ibaraki 305 JAPAN",1,,,no
"National Institute of Materials and Chemical Research (NIMCR), Tsukuba 305-8565, Japan",1,,,no
"National Institute of Materials and Chemical Research (NIMCR), Tsukuba, 305-8565, Japan",1,,,no
"National Institute of Materials and Chemical Research (NIMIC), Higashi 1–1, Tsukuba, Ibaraki 305-8565, Japan",1,,,no
"National Institute of Materials and Chemical Research (NIMIC), Higashi 1–1, Tsukuba, Ibaraki 305‐8565, Japan",1,,,no
"National Institute of Materials and Chemical Research , 1-1 , Higashi , Tsukuba , Ibaraki , 305-8565 , Jepun",1,,,no
"National Institute of Materials and Chemical Research , 1-1 , Higashi , Tsukuba , Ibaraki 305 , JAPAN",1,,,no
"National Institute of Materials and Chemical Research , 1-1 Higashi , Tsukuba , Ibaraki 305 , Japan",1,,,no
"National Institute of Materials and Chemical Research , 1-1 Higashi , Tsukuba , Ibaraki 305-8565 , Japan",1,,,no
"National Institute of Materials and Chemical Research , 1-1 Higashi , Tsukuba Iba- raki 305-0046 , Japan,",1,,,no
"National Institute of Materials and Chemical Research , 1-1 Higashi, Tsukuba , 305 , JAPAN",1,,,no
"National Institute of Materials and Chemical Research , 1-1 Higashi, Tsukuba, Ibaraki , 305 , JAPAN",1,,,no
"National Institute of Materials and Chemical Research , 1-1 Higashi, Tsukuba, Ibaraki, 305, Japan",1,,,no
"National Institute of Materials and Chemical Research , 1-1 Higashi, Tsukuba, Japan",1,,,no
"National Institute of Materials and Chemical Research , 1-1, Higashi, Tsukuba , Ibaraki , 305-8565 , JAPAN",1,,,no
"National Institute of Materials and Chemical Research , 1-1, Higashi, Tsukuba, Ibaraki , 305-8565 , JAPAN",1,,,no
"National Institute of Materials and Chemical Research , 1-1, Higashi, Tsukuba, Ibaraki, 305, JAPAN",1,,,no
"National Institute of Materials and Chemical Research , 1-1, Higashi, Tsukuba, Ibaraki, 305-8565, Japan",1,,,no
"National Institute of Materials and Chemical Research , 1–1 Higashi, Tsukuba, Japan , 305–8565",1,,,no
"National Institute of Materials and Chemical Research , 1–1, Higashi, Tsukuba, Ibaraki, 305–0046, Japan",1,,,no
"National Institute of Materials and Chemical Research , 1–1, Higashi, Tsukuba, Ibaraki, Japan",1,,,no
"National Institute of Materials and Chemical Research , COE laboratory Higashi 1-1 , Tsukuba , Ibaraki , 305-8565 , JAPAN",1,,,no
"National Institute of Materials and Chemical Research , Higashi 1-1, Tsukuba 305 , JAPAN",1,,,no
"National Institute of Materials and Chemical Research , Higashi 1-1, Tsukuba, Ibaraki , 305-8565 , Japan",1,,,no
"National Institute of Materials and Chemical Research , Higashi, Tsukuba , Ibaraki , 305 , Japan",1,,,no
"National Institute of Materials and Chemical Research , Higashi, Tsukuba, Ibaraki , 305 , Japan",1,,,no
"National Institute of Materials and Chemical Research , MITI 1-1 Azuma , Tsukuba 305-8565 , Japan",1,,,no
"National Institute of Materials and Chemical Research 1-1 , Higashi , Tsukuba , Ibaraki , 305 , Japan",1,,,no
"National Institute of Materials and Chemical Research 1-1 Higashi, Tsukuba Ibaraki 305-8565, Japan",1,,,no
"National Institute of Materials and Chemical Research 1-1, Higashi 305 Tsukuba, Ibaraki Japan",1,,,no
"National Institute of Materials and Chemical Research 1-1, Higashi, Tsukuba Ibaraki 305 Japan",1,,,no
"National Institute of Materials and Chemical Research 1-1, Higashi, Tsukuba, Ibaraki 305",1,,,no
"National Institute of Materials and Chemical Research 1-1, Higashi, Tsukuba, Ibaraki 305, Japan, , , , , , JP",1,,,no
"National Institute of Materials and Chemical Research 1-1, Higashi, Tsukuba, Ibaraki 305, Japan, , JP",1,,,no
"National Institute of Materials and Chemical Research 1-1, Higashi, Tsukuba, Ibaraki, 305 Japan",1,,,no
"National Institute of Materials and Chemical Research 1-1, Higashi, Tsukuba, Ibaraki, Japan",1,,,no
"National Institute of Materials and Chemical Research 1-1, Higashi, Tsukuba-shi, Ibaraki-ken 305-8565 (Japan)",1,,,no
"National Institute of Materials and Chemical Research 1‐1, Higashi, Tsukuba Ibaraki 305 Japan",1,,,no
"National Institute of Materials and Chemical Research 1‐1, Higashi, Tsukuba, Ibaraki 305‐8565, Japan",1,,,no
"National Institute of Materials and Chemical Research 1‐1, Higashi, Tsukuba, Ibaraki, 305, Japan",1,,,no
"National Institute of Materials and Chemical Research 1‐1, Higashi, Tsukuba‐shi, Ibaraki‐ken 305‐8565 (Japan)",1,,,no
"National Institute of Materials and Chemical Research 1–1 Higashi, Tsukuba-Shi, Ibaraki 305 Japan",1,,,no
"National Institute of Materials and Chemical Research A.I.S.T,M.I.T.I. 1-1 Higashi Tsukuba, Ibaraki, 305 Japan",1,,,no
"National Institute of Materials and Chemical Research and CREST (JST) 1-1 Higashi, Tsukuba, Ibaraki 305-8565, Japan",1,Japan Science and Technology Agency,I4210086780,no
"National Institute of Materials and Chemical Research, (NIMC), Tsukuba, Ibaraki 305-8565, Japan. rkatoh@home.nimc.go.jp",1,,,no
"National Institute of Materials and Chemical Research, 1 ‐ 1 Higashi, Tsukuba, Ibaraki 305, Japan",1,,,no
"National Institute of Materials and Chemical Research, 1,1 higashi, Tsukuba Ibaraki 305, Japan",1,,,no
"National Institute of Materials and Chemical Research, 1-1 Higasaki, Tsukuba, Ibaraki 305, Japan",1,,,no
"National Institute of Materials and Chemical Research, 1-1 Higashi Tsukuba Lbaraki 305, Japan",1,,,no
"National Institute of Materials and Chemical Research, 1-1 Higashi, 305-8565, Ibaraki, Japan",1,,,no
"National Institute of Materials and Chemical Research, 1-1 Higashi, Ibaraki 305-8565, Japan",1,,,no
"National Institute of Materials and Chemical Research, 1-1 Higashi, Tsukua, Ibaraki 305, Japan",1,,,no
"National Institute of Materials and Chemical Research, 1-1 Higashi, Tsukuba 305-8565, Japan, , , , , , JP",1,,,no
"National Institute of Materials and Chemical Research, 1-1 Higashi, Tsukuba 305-8565, Japan, , JP",1,,,no
"National Institute of Materials and Chemical Research, 1-1 Higashi, Tsukuba Iba-raki 305-0046, Japan,",1,,,no
"National Institute of Materials and Chemical Research, 1-1 Higashi, Tsukuba Science City, Ibaraki-ken, Japan",1,,,no
"National Institute of Materials and Chemical Research, 1-1 Higashi, Tsukuba city, Ibaraki 305, Japan",1,,,no
"National Institute of Materials and Chemical Research, 1-1 Higashi, Tsukuba, I baraki 305-0046 Japan",1,,,no
"National Institute of Materials and Chemical Research, 1-1 Higashi, Tsukuba, Ibaraki",1,,,no
"National Institute of Materials and Chemical Research, 1-1 Higashi, Tsukuba, Ibaraki 305 JAPAN",1,,,no
"National Institute of Materials and Chemical Research, 1-1 Higashi, Tsukuba, Ibaraki 305, Japan (Fax: +81-298/54-4474,",1,,,no
"National Institute of Materials and Chemical Research, 1-1 Higashi, Tsukuba, Ibaraki 305, Japan (Fax: +81-298/54-4474, E-mail: kyamamoto@nimc.go.jp), , JP",1,,,no
"National Institute of Materials and Chemical Research, 1-1 Higashi, Tsukuba, Ibaraki 305, Japan (Fax: +81-29854-4474,",1,,,no
"National Institute of Materials and Chemical Research, 1-1 Higashi, Tsukuba, Ibaraki 305, Japan (Fax: +81-29854-4474, E-mail: yabe@nimc.go.jp), , JP",1,,,no
"National Institute of Materials and Chemical Research, 1-1 Higashi, Tsukuba, Ibaraki 305, Japan, Fax +81(298)544487",1,,,no
"National Institute of Materials and Chemical Research, 1-1 Higashi, Tsukuba, Ibaraki 305-8565 (Japan)",1,,,no
"National Institute of Materials and Chemical Research, 1-1 Higashi, Tsukuba, Ibaraki 305-8565 (Japan), Fax: (+81) 298-54-4422",1,,,no
"National Institute of Materials and Chemical Research, 1-1 Higashi, Tsukuba, Ibaraki 305-8565, Japan (Fax: +81-298/54-6355, E-mail: koshizaki@nimc.go.jp), JP",1,,,no
"National Institute of Materials and Chemical Research, 1-1 Higashi, Tsukuba, Ibaraki 305-8565, Japan (Fax: +81-298/54-6355, E-mail: tsasaki@nimc.go.jp), , JP",1,,,no
"National Institute of Materials and Chemical Research, 1-1 Higashi, Tsukuba, Ibaraki 305-8565, Japan (Fax: +81-298/54-6355, E-mail: tsasaki@nimc.go.jp), JP",1,,,no
"National Institute of Materials and Chemical Research, 1-1 Higashi, Tsukuba, Ibaraki 305-8565, Japan Tel./Fax +81-298-61-4628 e-mail: takatsu@nimc.go.jp, , , , , , JP",1,,,no
"National Institute of Materials and Chemical Research, 1-1 Higashi, Tsukuba, Ibaraki 305-8565, Japan Tel./Fax +81-298-61-4628 e-mail: takatsu@nimc.go.jp, , JP",1,,,no
"National Institute of Materials and Chemical Research, 1-1 Higashi, Tsukuba, Ibaraki 305-8565, Japan Tel./Fax +81-298-61-4628 e-mail: takatsu@nimc.go.jp, JP",1,,,no
"National Institute of Materials and Chemical Research, 1-1 Higashi, Tsukuba, Ibaraki 305-8565, Japan e-mail: mkubota@nimc.go.jp Tel.: +298-61-4411 Fax: +298-61-6201, JP",1,,,no
"National Institute of Materials and Chemical Research, 1-1 Higashi, Tsukuba, Ibaraki 305-8565, Japan,",1,,,no
"National Institute of Materials and Chemical Research, 1-1 Higashi, Tsukuba, Ibaraki 305-8565, Japan, , , , , , JP",1,,,no
"National Institute of Materials and Chemical Research, 1-1 Higashi, Tsukuba, Ibaraki 305-8565, Japan. kogiso@home.nimc.go.jp",1,,,no
"National Institute of Materials and Chemical Research, 1-1 Higashi, Tsukuba, Ibaraki 305-8565, Japan; Fax +81-2 98-61-44 87; E-mail: m.shimizu@nimc.go.jp",1,,,no
"National Institute of Materials and Chemical Research, 1-1 Higashi, Tsukuba, Ibaraki 305-8565, Japan; Fax +81-2 98-61-45 70; E-mail: mtamura@home.nimc.go.jp",1,,,no
"National Institute of Materials and Chemical Research, 1-1 Higashi, Tsukuba, Ibaraki, 305 JAPAN",1,,,no
"National Institute of Materials and Chemical Research, 1-1 Higashi, Tsukuba, Ibaraki, 305-8656, Japan",1,,,no
"National Institute of Materials and Chemical Research, 1-1 Higashi, Tsukuba-shi, 305, Ibaraki, Japan",1,,,no
"National Institute of Materials and Chemical Research, 1-1 Higashi, Tsukuba-shi, Ibaraki, 305, Japan",1,,,no
"National Institute of Materials and Chemical Research, 1-1 Higashi, Tsukuba-shi, Ibaraki, Japan",1,,,no
"National Institute of Materials and Chemical Research, 1-1 Higashi, Tsukubashi, Ibaraki 305, JAPAN",1,,,no
"National Institute of Materials and Chemical Research, 1-1, Higashi Tsukuba, Ibaraki, 305, Japan",1,,,no
"National Institute of Materials and Chemical Research, 1-1, Higashi, Ibaraki 305-0046, Tsukuba, Japan. kondo@nimc.go.jp",1,,,no
"National Institute of Materials and Chemical Research, 1-1, Higashi, Tsukuba, 305, Ibaraki, Japan",1,,,no
"National Institute of Materials and Chemical Research, 1-1, Higashi, Tsukuba, Ibaraki 305 (Japan)",1,,,no
"National Institute of Materials and Chemical Research, 1-1, Higashi, Tsukuba, Ibaraki 305 8565, Japan",1,,,no
"National Institute of Materials and Chemical Research, 1-1, Higashi, Tsukuba, Ibaraki 305-0046 Japan",1,,,no
"National Institute of Materials and Chemical Research, 1-1, Higashi, Tsukuba, Ibaraki 305-6585 (Japan)",1,,,no
"National Institute of Materials and Chemical Research, 1-1, Higashi, Tsukuba, Ibaraki 305-8506, Japan",1,,,no
"National Institute of Materials and Chemical Research, 1-1, Higashi, Tsukuba, Ibaraki 305-8565, Japan; Fax + 81-298-61-4511; E-mail: kfujita@nimc.go.jp",1,,,no
"National Institute of Materials and Chemical Research, 1-1, Higashi, Tsukuba, Ibaraki 305-8565, Japan; Fax +81-2 98-54-45 11; E-mail: kfujita@nimc.go.jp",1,,,no
"National Institute of Materials and Chemical Research, 1-1, Higashi, Tsukuba, Ibaraki 305-8565, Japan; Fax +81-298-54-4511; E-mail: kfujita@nimc.go.jp",1,,,no
"National Institute of Materials and Chemical Research, 1-1, Higashi, Tsukuba, Ibaraki 305–8565 (Japan)",1,,,no
"National Institute of Materials and Chemical Research, 1-1, Higashi, Tsukuba, Ibaraki 305–8565, Japan",1,,,no
"National Institute of Materials and Chemical Research, 1-1, Higashi, Tsukuba, Ibaraki, 305-8565 (Japan)",1,,,no
"National Institute of Materials and Chemical Research, 1-1, Higashi, Tsukuba, Ibaraki, 305-8565, Jepun",1,,,no
"National Institute of Materials and Chemical Research, 1-1, Higashi, Tsukuba, Japan 305",1,,,no
"National Institute of Materials and Chemical Research, 1-1, Higashi, Tsukuba, lbaraki 305, Japan",1,,,no
"National Institute of Materials and Chemical Research, 1-1, Higashi, Tsukuba-shi, Ibaraki 305",1,,,no
"National Institute of Materials and Chemical Research, 1-1, Higashi, Tsukuba-shi, Ibaraki-ken, 305-8565, Japan",1,,,no
"National Institute of Materials and Chemical Research, 1-1, Higashi,Tsukaba Ibaraki, 305, Japan",1,,,no
"National Institute of Materials and Chemical Research, 1-1, Higashi,Tsukuba,Japan",1,,,no
"National Institute of Materials and Chemical Research, 1-1-1 Higashi, Ibaraki, Tsukuba 305-8565, Japan",1,,,no
"National Institute of Materials and Chemical Research, 1-1-1, Higaski, Tsukuba, 305, Ibaraki, Japan",1,,,no
"National Institute of Materials and Chemical Research, 1-1-4 Higashi, Tsukuba 305, Japan",1,,,no
"National Institute of Materials and Chemical Research, 1-1-4 Higashi, Tsukuba 305-8565, Japan",1,,,no
"National Institute of Materials and Chemical Research, 1-1-4 Higashi, Tsukuba, Ibaraki 305 Japan",1,,,no
"National Institute of Materials and Chemical Research, 1‐1 Higashi, Tsukuba 305 Japan",1,,,no
"National Institute of Materials and Chemical Research, 1‐1 Higashi, Tsukuba 305‐8565, Japan",1,,,no
"National Institute of Materials and Chemical Research, 1‐1 Higashi, Tsukuba, Ibaraki 305 (Japan)",1,,,no
"National Institute of Materials and Chemical Research, 1‐1 Higashi, Tsukuba, Ibaraki 305‐5865, Japan",1,,,no
"National Institute of Materials and Chemical Research, 1‐1 Higashi, Tsukuba, Ibaraki 305‐8565 (Japan)",1,,,no
"National Institute of Materials and Chemical Research, 1‐1 Higashi, Tsukuba, Ibaraki 305‐8565, Japan, Fax: (+81) 298‐54‐4422",1,,,no
"National Institute of Materials and Chemical Research, 1‐1 Higashi, Tsukuba, Ibaraki 305–8565, Japan",1,,,no
"National Institute of Materials and Chemical Research, 1‐1 Higashi, Tsukuba, Ibaraki, 305‐0046 Japan",1,,,no
"National Institute of Materials and Chemical Research, 1‐1 Higashi, Tsukuba, Ibaraki, 305‐8565, Japan",1,,,no
"National Institute of Materials and Chemical Research, 1‐1, Higashi, Tsukuba, Ibaraki 305 (Japan)",1,,,no
"National Institute of Materials and Chemical Research, 1‐1, Higashi, Tsukuba, Ibaraki 305‐6585 (Japan)",1,,,no
"National Institute of Materials and Chemical Research, 1‐1, Higashi, Tsukuba, Ibaraki 305‐8565, Japan",1,,,no
"National Institute of Materials and Chemical Research, 1‐1, Higashi, Tsukuba, Ibaraki 305‐8565, Japan 305‐8565Japan",1,,,no
"National Institute of Materials and Chemical Research, 1‐1, Higashi, Tsukuba, Ibaraki 305–8565, Japan",1,,,no
"National Institute of Materials and Chemical Research, 1‐1, Higashi, Tsukuba, Ibaraki, 305‐8565 (Japan)",1,,,no
"National Institute of Materials and Chemical Research, 1‐1, Higashi, Tsukuba, Ibaraki, 305‐8565, Japan",1,,,no
"National Institute of Materials and Chemical Research, 1‐1, Higashi, Tsukuba, Japan 305",1,,,no
"National Institute of Materials and Chemical Research, 1‐1‐4 Higashi, Tsukuba 305, Japan",1,,,no
"National Institute of Materials and Chemical Research, 1–1 Hi-gashi, Tsukuba, Ibaraki, Japan",1,,,no
"National Institute of Materials and Chemical Research, 1–1 Higashi, Tsukuba, Ibaraki 305-8565 Japan",1,,,no
"National Institute of Materials and Chemical Research, 1–1 Higashi, Tsukuba, Ibaraki 305. Japan",1,,,no
"National Institute of Materials and Chemical Research, 1–1 Higashi, Tsukuba, Ibaraki 305–8565, Japan, , , , , , JP",1,,,no
"National Institute of Materials and Chemical Research, 1–1 Higashi, Tsukuba, Ibaraki 305–8565, Japan, , JP",1,,,no
"National Institute of Materials and Chemical Research, 1–1 Higashi, Tsukuba, Ibaraki, Japan",1,,,no
"National Institute of Materials and Chemical Research, 1–1 Higashi, Tsukuba, Japan, 305–8565",1,,,no
"National Institute of Materials and Chemical Research, 1–1, Higashi, Tsukuba, Ibaraki, 305–0046, Japan",1,,,no
"National Institute of Materials and Chemical Research, 1–1, Higashi, Tsukuba, Ibaraki, Japan",1,,,no
"National Institute of Materials and Chemical Research, 1–1–4 Higashi, Tsukuba 305, Japan",1,,,no
"National Institute of Materials and Chemical Research, 1−1, Higashi, Tsukuba, Ibaraki 305-0046 Japan",1,,,no
"National Institute of Materials and Chemical Research, 305-8565, Tsukuba, Japan",1,,,no
"National Institute of Materials and Chemical Research, A.I.S.T., Tsukuba, Ibaraki 305, Japan",1,,,no
"National Institute of Materials and Chemical Research, COE laboratory (Higashi 1-1, Tsukuba, Ibaraki, 305-8565, JAPAN)",1,,,no
"National Institute of Materials and Chemical Research, COE laboratory Higashi 1-1, Tsukuba, Ibaraki, 305-8565, JAPAN",1,,,no
"National Institute of Materials and Chemical Research, COE laboratory Higashi 1-1, Tsukuba, Ibaraki, 305-8565, JAPAN 有村隆志",1,,,no
"National Institute of Materials and Chemical Research, Chemical Systems Div., Higashi 1-1 Tsukuba, Ibaraki 305-8565 Japan",1,,,no
"National Institute of Materials and Chemical Research, Department of Composite Materials 1-1 Higashi, Tsukuba-shi, Ibaraki 305-8565, Japan",1,,,no
"National Institute of Materials and Chemical Research, Department of Composite Materials, 1-1 Higashi, Tsukuba, Ibaraki 305-8565, Japan",1,,,no
"National Institute of Materials and Chemical Research, Department of Inorganic Materials, 1-1 Higashi, Tsukuba, Ibaraki 305-8565, Japan",1,,,no
"National Institute of Materials and Chemical Research, Department of Polymer Engineering, 1-1 Higashi, Tsukuba, Ibaraki?305-8565, Japan",1,,,no
"National Institute of Materials and Chemical Research, Department of Polymer Engineering, Polymer Processing Laboratory, 1-1 Higashi, Tsukuba, Ibaraki 305, Japan",1,,,no
"National Institute of Materials and Chemical Research, Department of Polymer Physics, 1-1 Higashi, Tsukuba, Ibaraki, 305, Japan",1,,,no
"National Institute of Materials and Chemical Research, Department of Polymer Physics, Tsukuba, Ibaraki 305, Japan",1,,,no
"National Institute of Materials and Chemical Research, Department of Surface Chemistry, 1-1, Higashi, Tsukuba, Ibaraki 305, Japan",1,,,no
"National Institute of Materials and Chemical Research, Department of Surface Chemistry, 1-1, Higashi, Tsukuba, Ibaraki 305-8565 Japan",1,,,no
"National Institute of Materials and Chemical Research, Higashi 1-1, Tsukuba 305-8565, Japan;",1,,,no
"National Institute of Materials and Chemical Research, Higashi 1-1, Tsukuba Ibaraki 305 (Japan)",1,,,no
"National Institute of Materials and Chemical Research, Higashi 1-1, Tsukuba shi, Ibraki Ken, Japan",1,,,no
"National Institute of Materials and Chemical Research, Higashi 1-1, Tsukuba, 305-8565 Ibaraki, Japan (Fax: +81-298-4474,",1,,,no
"National Institute of Materials and Chemical Research, Higashi 1-1, Tsukuba, 305-8565 Ibaraki, Japan (Fax: +81-298-4474, E-mail: wangjun@nimc.go.jp, yabe@nimc.go.jp), , JP",1,,,no
"National Institute of Materials and Chemical Research, Higashi 1-1, Tsukuba, 305-8565 Ibaraki, Japan (Fax: +81-298/54-4474,",1,,,no
"National Institute of Materials and Chemical Research, Higashi 1-1, Tsukuba, 305-8565, Ibaraki, Japan",1,,,no
"National Institute of Materials and Chemical Research, Higashi 1-1, Tsukuba, Ibaraki 305 Japan",1,,,no
"National Institute of Materials and Chemical Research, Higashi 1-1, Tsukuba, Ibaraki Pref. 305, Japan",1,,,no
"National Institute of Materials and Chemical Research, Higashi 1-1, Tsukuba, Japan",1,,,no
"National Institute of Materials and Chemical Research, Higashi 1-1, Tsukuba,Ibaraki,Japan",1,,,no
"National Institute of Materials and Chemical Research, Higashi 1‐1, Tsukuba, Ibaraki 305‐8565 (Japan)",1,,,no
"National Institute of Materials and Chemical Research, Higashi, 305, Tsukuba, Japan",1,,,no
"National Institute of Materials and Chemical Research, Higashi, Tsukuba, 305, Ibaraki, Japan",1,,,no
"National Institute of Materials and Chemical Research, Higashi, Tsukuba, Ibaraki 305, Japan; and National Institute for Research in Inorganic Materials, Namiki, Tsukuba, Ibaraki 305, Japan",1,,,no
"National Institute of Materials and Chemical Research, Higashi, Tsukuba, Ibaraki 305-8565, Japan. ishikawa@nimc.go.jp",1,,,no
"National Institute of Materials and Chemical Research, High Density Energy Laboratory, 1-1 Higashi, Tsukuba-shi, Ibaraki 305, Japan",1,,,no
"National Institute of Materials and Chemical Research, High Density Energy Laboratory, 1-1 Higashi, Tsukuba-shi, Ibaraki, Japan",1,,,no
"National Institute of Materials and Chemical Research, Ibaraki (Japan)",1,,,no
"National Institute of Materials and Chemical Research, Ibaraki, 1-1 Higashi, 305, Tsukuba, Japan",1,,,no
"National Institute of Materials and Chemical Research, Ibaraki305, Tsukuba, Japan",1,,,no
"National Institute of Materials and Chemical Research, Inorganic Materials Department (Tsukuba Research Center), Tsukuba, Ibaraki 305, Japan",1,,,no
"National Institute of Materials and Chemical Research, I‐I Higashi, Tsukuba, Ibaraki 305, Japan",1,,,no
"National Institute of Materials and Chemical Research, Laser Induced Reaction Lab, Higashi 1-1, Tsukuba, Ibaraki 305, Japan",1,,,no
"National Institute of Materials and Chemical Research, Laser Reaction Group, 1-1 Higashi, Tsukuba-shi, Ibaraki, Japan",1,,,no
"National Institute of Materials and Chemical Research, M.I.T.I., Higashi 1‐1, Tsukuba, Ibaraki 305, Japan",1,,,no
"National Institute of Materials and Chemical Research, MITI, 1-1 Higashi, Tsukuba-shi, Ibaraki, Japan 305",1,,,no
"National Institute of Materials and Chemical Research, MITI, 1-1-4 Higashi, Tsukuba-shi, Ibaraki 305, Japan",1,,,no
"National Institute of Materials and Chemical Research, MITI, Higashi 1-1, Tsukuba, Ibaraki 306-8565, Japan",1,,,no
"National Institute of Materials and Chemical Research, MITI, Higashi 1‐1, Tsukuba, Ibaraki 305, Japan",1,,,no
"National Institute of Materials and Chemical Research, MITI, Higashi 1‐1, Tsukuba, lbaraki 305, Japan",1,,,no
"National Institute of Materials and Chemical Research, MITI, Tsukuba Science City, Japan",1,,,no
"National Institute of Materials and Chemical Research, National Institute for Advanced Interdisciplinary Research, Higashi, Tsukuba, Ibaraki 305, Japan",1,,,no
"National Institute of Materials and Chemical Research, National Institute for Advanced Interdisciplinary Research, Tsukuba Ibaraki, Japan",1,,,no
"National Institute of Materials and Chemical Research, Surface Chemistry Department, 1-1 Higashi, Tsukuba, Ibaraki 305, Japan",1,,,no
"National Institute of Materials and Chemical Research, Tailored Nanostructures Group, 1-1 Higashi, Tsukuba, Ibaraki-305-8565, Japan",1,,,no
"National Institute of Materials and Chemical Research, Tsukuba 305, Japan, , , , , , JP",1,,,no
"National Institute of Materials and Chemical Research, Tsukuba 305-8565, Japan, and Science University of Tokyo, Noda 278-8510, Japan",1,Tokyo University of Science,I161296585,no
"National Institute of Materials and Chemical Research, Tsukuba, Ibaraki 305, Japan, and Department of Industrial Chemistry, Science University of Tokyo, Noda, Chiba 278, Japan",1,Tokyo University of Science,I161296585,no
"National Institute of Materials and Chemical Research, Tsukuba, Ibaraki 305, Japan, and Joint Research Center for Atom Technology (JRCAT), Tsukuba, Ibaraki 305, Japan",1,,,no
"National Institute of Materials and Chemical Research, Tsukuba, Ibaraki 305-8565, Japan, and Hiroshima University, Higashi-Hiroshima 739-8528, Japan",1,Hiroshima University,I113306721,no
"National Institute of Materials and Chemical Research, Tsukuba, Ibaraki 305-8565, Japan, and National Institute for Advanced Interdisciplinary Research, Tsukuba, Ibaraki 305-8562, Japan",1,,,no
"National Institute of Materials and Chemical Research, University of Tsukuba, Ibaraki, Japan",1,University of Tsukuba,I146399215,no
"National Institute of Materials and Chemical Research,1-1, Higashi, Tsukuba, Ibaraki, Japan",1,,,no
"National Institute of Materials and Chemical Research. 1-1 Higashi, Tsukuba, Ibaraki 305, Japan",1,,,no
"National Institute of Materials and Chemical Research. 1-1, Higashi, Tsukuba, Ibaraki 305, Japan",1,,,no
"National Institute of Materials and Chemical Research. 1-1. Higashi , Tsukuba , Ibaraki 305 Japan",1,,,no
"National Institute of Materials and Chemical Research. 1-1. Higashi, Tsukuba, Ibaraki 305 Japan",1,,,no
"National Institute of Materials and Chemical Research1,1 Higashi, Tsukuba, Ibaraki 305‐8565 (Japan)",1,,,no
"National Institute of Materials and Chemistry Research, 1-1 Higashi, Tsukuba 305, Japan",1,,,no
"National Institute of Materials and#N#Chemical Research (NIMC), 1-1#N#Higashi,Tsukuba,Japan",1,,,no
"National Institute of Materialsand Chemical Research, 1-1 Higash, Tsukuba, 305, Ibaraki, Japan",1,,,no
"National Institute of Matetials and Chemical Research, Tsukuba Research Center, Tsukuba, Ibaraki 305 Japan",1,,,no
"National Institute of Matrials and Chemical Research, 1-1 Higashi, Tsukuba-shi, Ibaraki 305, Japan",1,,,no
"National Institute of Matrials and Chemical Research, 1‐1 Higashi, Tsukuba‐shi, Ibaraki 305, Japan",1,,,no
"National Institute of Research in Inorganic Materials (NIRIM), 1-1 Namiki, Tsukuba, Ibaraki 305-0044, Japan",1,,,no
"National Institute of Research in Inorganic Materials 1-1 Namiki, Sakura-Mura, Niihari-gun, Ibaraki-ken, T 305 Japan",1,,,no
"National Institute of Research in Inorganic Materials, 1-1 Namiki, 305, Tsukuba-shi, Ibaraki-ken, Japan",1,,,no
"National Institute of Research in Inorganic Materials, 1-1 Namiki, Ibaraki 305, Japan",1,,,no
"National Institute of Research in Inorganic Materials, 1-1 Namiki, Tsukuba 305-0044, Japan",1,,,no
"National Institute of Research in Inorganic Materials, 1-1 Namiki, Tsukuba, 305, Ibaraki, Japan",1,,,no
"National Institute of Research in Inorganic Materials, 1-1, Namiki, Tsukuba, Ibaraki 305-0044, Japan",1,,,no
"National Institute of Research in Inorganic Materials, Japan",1,,,no
"National Institute of Research in Inorganic Materials, Namiki Sakura-Miva, 305, Ibaraki, Japan",1,,,no
"National Institute of Research on Inorganic Materials, Namiki, Tsukuba, 305-0034 Japan",1,,,no
"National Institute of Research on Inorganic Materials, Namiki, Tsukuba, 305‐0034 Japan",1,,,no
"National Institute of Researches for Inorganic Materials, 1-1 Namiki, Tsukuba 305, Japan",1,,,no
"National Institute of Technology and Evaluation 2 , 2 Namiki 1-chome, Tsukuba, Ibaraki305-0044, Japan ",1,National Institute of Technology and Evaluation,I179759924,no
"National Institution Materials Society, 1-2-1 Sengen, Tsukuba, Ibaraki 3050047, Japan",1,,,no
"National Instiute for Research in Inorganic Materials, Namiki 1-1, Tsukuba, Ibaraki, 305, Japan",1,,,no
"National Insttute for Researches in Inorganic Materials, Kurakake Sakura-Mura, Niihari-Gun, Ibaraki, 300-31, Japan",1,,,no
National Ins康ute of Mateh＆ls and ChemicaI Research ， Tsukuba ， Ibaraki305， Japan,1,,,no
"National Laboratory for High Energy Physics, 1-1 Oho, Tsukuba, Ibaraki-ken, 305, Japan; Institute for Material Research, Tohoku University, Sendai, Miyagi-ken, 980, Japan",1,"Tohoku University | Institute for Materials Research, Tohoku University",I201537933 I4387152242,no
"National Mechanical Engineering Laboratory, 1-2 Namiki, Tsukuba-city, 305 Japan",1,,,no
"National Metrology Institute Japan (NMIJ) Tsukuba Central 3, 1‐1‐1 Umezono Tsukuba Ibaraki Japan",1,National Metrology Institute of Japan,I4405273829,no
"National Metrology Institute of Japan (NMIJ) , AIST Tsukuba Central 3 , 1-1-1 Umezono , Tsukuba , Ibaraki , 305-8563 Japan ,",1,National Institute of Advanced Industrial Science and Technology | National Metrology Institute of Japan,I73613424 I4405273829,no
"National Metrology Institute of Japan (NMIJ), Tsukuba Central 3, Tsukuba, 305-8563, Japan",1,National Metrology Institute of Japan,I4405273829,no
"National Metrology Institute of Japan , Umezono 1-1-1 , 3058563 Tsukuba Ibaraki , Japan",1,National Metrology Institute of Japan,I4405273829,no
"National Metrology Institute of Japan, 1-1-1, Umezono, Tsukuba, Ibaraki 305-8563, JAPAN",1,National Metrology Institute of Japan,I4405273829,no
"National Metrology Institute of Japan, 3-9, 1-1-1 Umezono, Tsukuba, Ibaraki 305-8563, Japan",1,National Metrology Institute of Japan,I4405273829,no
"National Research Institute for Metal, Tsukuba-shi, Japan",1,,,no
"National Research Institute for Metals (NRIM) 1 STA fellow , , 1-2-1 Sengen, TSUKUBA305, Japan ",1,,,no
"National Research Institute for Metals (NRIM), 1-2-1, Sengen, Tsukuba, Ibaraki 305, Japan",1,,,no
"National Research Institute for Metals (NRIM), Frontier Research Center for Structural Materials, 1-2-1 Sengen, Tsukuba 305-0047, Japan",1,,,no
"National Research Institute for Metals, 1-2-1, Sengen, Tsukuba-City, Ibaraki, 305, Japan",1,,,no
"National Research Institute for Metals, 1–2–1 Sengen, Tsukuba, 305, Japan; Ibaraki University, Hitachi, Ibaraki, 316, Japan",1,Ibaraki University,I6178835,no
"National Research Institute for Metals, Materials Processing Division, 1-2-1 Sengen, Tsukuba 305, Japan",1,,,no
"National Research Institute of Metals, Materials Design Division, 1-2-1 Sengen, Tsukuba, Ibaraki 305, Japan",1,,,no
"National Research Laboratory for Metrology, Tsukuba Science City, Ibaraki 305, 
Japan",1,,,no
"National Research Laboratory for Metrology, Tsukuba Science City, Ibaraki 305, #N#Japan",1,,,no
"National Research Laboratory of Metrology 1 Materials Measurement Section, , 1-1-4 Umezono, Tsukuba-shi, Ibaraki, Japan305-8563 ",1,,,no
"National Research Laboratory of Metrology 1-1-4, Umezono, Tsukuba 305, Japan",1,,,no
"National Research Laboratory of Metrology, 1-1-4 Umezono Tsukuba, Ibaraki 305, JAPAN",1,,,no
"National Research Laboratory of Metrology, 1-1-4 Umezono, Tsukuba, Ibaraki 305, Japan, PHONE: +81-298-54-4030, FAX: +81-298-50-1456",1,,,no
"National Research Laboratory of Metrology, 1-1-4, Umezono, Sakura-mura, Tsukuba 305, Japan",1,,,no
"National Research Laboratory of Metrology, 1-1-4, Umezono, Sakura-mura, Tsukuba, 305, Japan",1,,,no
"National Research Laboratory of Metrology, 1-1-4, Umezono, Tsukuba-Shi, Ibaraki-Ken 305, Japan (Fax: +81-298/50-1456,",1,,,no
"National Research Laboratory of Metrology, 1-4 Umezono-1, Tsukuba 305, Japan",1,,,no
"National Research Laboratory of Metrology, 1-4, 1-Chome, Umezono, Sakura-Mura, Niihari-Gum, Ibaraki 305, Tsukuba, Japan",1,,,no
"National Research Laboratory of Metrology, 1–4, 1-chomme, Umezono, Tsukuba-City, Ibaraki 305, Japan",1,,,no
"National Reserch Institute for Metals, 1-2-1 Sengen, Tsukuba, Ibaraki, 305, Japan",1,,,no
"National institute for Research in inorganic Materials 1-1 Namiki, Sakura-mura, Niihari-gun, ibaraki, 305 Japan",1,,,no
"National institute for Research in inorganic Materials, 1-1 Namiki, 305, Tsukuba, Ibaraki, Japan",1,,,no
"National institute of Materials and Chemical Research 1-1, Higashi, Tsukuba, Ibaraki, 305-0046, Japan",1,,,no
"National lnstitute for Research in Inorganic Materials (NIRIM), Namiki 1-1 Tsukuba, Ibaraki 305, Japan",1,,,no
"National   , Tsukuba 305-8506 ,",1,,,no
"Natl. Inst. Res. Inorg. Mater., 1-1 Namiki, Tsukuba, Ibaraki, 305-0044, Japan",1,,,no
"Natl. Res. Lab. of Metrol., 1-1-4, Umezono, Tsukuba-shi, Ibaraki 305, Japan",1,,,no
"Natl. Res. Lab. of Metrology, 1-1-4, Umezono, Tsukuba-shi, Ibaraki, Japan",1,,,no
"Natl. Res. Lab. of Metrology, 1‐1‐4, Umezono, Tsukuba‐shi, Ibaraki, Japan",1,,,no
"Natlonal Institute of Materials and Chemical Research, 1-1 Higashi, 305, Tsukuba, Ibaraki, Japan",1,,,no
"Nikko Materials, Innovative Materials Development Center, 3-17-35 Niizo-Minami, Toda, Saitama 335-8502, Japan",1,,,no
"Nonlinear Chemistry Group, National Institute of Materials and Chemical Research, 1-1 Higashi, Tsukuba, Japan",1,,,no
"Now at National Institute of Materials and Chemical Research, 1-1 Higashi, Tsukuba, Ibaraki 305, Japan",1,,,no
"Now research scientist, National Institute for Researches in Inorganic Materials, Tokyo, Japan",1,,,no
"Nuclear Material Division, Tsukuba Lab. NRIM, 1-2-1, Sengen, Sakura-mura, Niihari-gun, Ibaraki, Japan 305",1,,,no
"Organic Materials Department, Tsukuba Institute for Super Materials ULVAC, Inc",1,Ulvac (Japan),I4210125446,no
"Pathophysiology Research Team, National Institute for Environmental Studies , Tsukuba, Ibaraki 305-8506,",1,National Institute for Environmental Studies,I200202764,no
"Pathophysiology Research Team, National Institute for Environmental Studies , Tsukuba, Ibaraki 305–8506,",1,National Institute for Environmental Studies,I200202764,no
"Pathophysiology Research Team, National Institute for Environmental Studies,Tsukuba, Ibaraki",1,National Institute for Environmental Studies,I200202764,no
"Permanent address: National Institute for Research in Inorganic Materials, 1–1 Namiki, Tsukuba, 305 Japan",1,,,no
"Permanent address: National Institute for Research in Inorganic Materials, Namiki 1-1, Tsukuba-shi, Ibaraki 305, Japan",1,,,no
"Photon Factory, National Laboratory for High Energy Physics, Oho-machi, Tsukuba-gun, Ibaraki-ken, Japan. E National Institute for Research in Inorganic Materials, Sakura-mura, Niihari-gun, Ibaraki-ken, Japan",1,,,no
"Photovoltaic Mater. Unit., Natl. Inst. Mater. Sci., Tsukuba, Ibaraki 305, Japan",1,,,no
"Polymer Processing Laboratory, Dept. of Polymer Engineering, National Institute of Materials and Chemical Research, 1-1 Higashi, Tsukuba, Ibaraki 305, Japan",1,,,no
"Present address: Cavendish Laboratory, University of Cambridge, on leave of absence from the National Institute for Materials Science",1,University of Cambridge,I241749,no
"Present address: National Institute for Advanced Interdisciplinary Research, Tsukuba, Ibaraki 305, Japan",1,,,no
"Present address: National Institute for Research in Inorganic Materials, 1-1 Namiki, Tsukuba, Ibaraki 305, Japan",1,,,no
"Presently at National Institute for Research in Inorganic Materials, Ibaraki 305, Japan",1,,,no
"Presently at National Institute for Research in Inorganic Materials, Ibaraki, 305, Tsukuba, Japan",1,,,no
"Reaction Engineering Lab., Department of Chemical Systems, National Institute of Materials and Chemical Research, Higashi 1–1, Tsukuba, Ibaraki 305, Japan",1,,,no
"Reaction Engineering Laboratory, Department of Chemical Systems, National Institute of Materials and Chemical Research, Higashi 1-1, Tsukuba, Ibaraki, 305, Japan",1,,,no
"Research Center for Advanced Carbon Materials, Tsukuba 305-8565, Japan",1,,,no
"Research Center for Advanced Materials, National Institute for Research in Inorganic Materials, 1-1 Namiki, Tsukuba 305-0044, Japan",1,,,no
"Research Center for Advanced Materials, National Institute for Research in Inorganic Materials, 1-1, Namiki, Tsukuba Ibaraki, 305, Japan",1,,,no
"Research Center for Advanced Materials, National Institute for Research in Inorganic Materials, Tsukuba Ibaraki, Japan",1,,,no
"Research Center for Computational Design and Advanced Functional Materials, National institute for Advanced Science and Technology, Tsukuba, Ibaraki 305-8568, Japan",1,National Institute of Advanced Industrial Science and Technology,I73613424,no
"Research Center for Electronic and Optical Materials, 1-1 Namiki, Tsukuba 305-0044, Japan",1,,,no
"Research Center for Energy and Environmental Materials (GREEN)  1-1 Namiki,Tsukuba Ibaraki 305-0044 Japan",1,,,no
"Research Center for Functional Materials, International Institute for Materials Science, Tsukuba 305-0044, Japan",1,,,no
"Research Center for Functional Materials, National Institute for Matierals Science, Tsukuba, Japan",1,,,no
"Research Center for Functional Materials, Tsukuba, Japan",1,,,no
"Research Center for Materials Nanoarchitectonics (MANA), 1-1 Namiki, Tsukuba, Ibaraki 305-0044, Japan",1,,,no
"Research Center for Materials Nanoarchitectonics (MANA), Namiki 1-1, Tsukuba, Ibaraki, 305-0044, Japan",1,,,no
"Research Center for Materials Nanoarchitectonics, 1-1 Namiki, Tsukuba 305-0044, Japan",1,,,no
"Research Center for Materials Nanoarchitectonics, National Institute for Mate-rials Science, Tsukuba 305-8568, Japan;",1,,,no
Research Center for New Fuels and Vehicle Technology (NVF) National Institute of Advanced Industrial Science and Technology 1‐2 Namiki Tsukuba Ibaraki 305‐8569 Japan,1,National Institute of Advanced Industrial Science and Technology,I73613424,no
"Research Center for Structural Materials, 1-2-1, Sengen, Tsukuba, 305-0047, Japan",1,,,no
"Research Center for the Advanced Materials, National Institute for Research in Inorganic Materials (NIRIM), 1-1 Namiki, Tsukuba 305, Japan",1,,,no
Research Centre for Materials Nanoarchitectonics (MANA),1,,,no
Research Fellow (DC2) of Japan Society for the Promotion of Science National Institute for Materials Science,1,Japan Society for the Promotion of Science,I205924995,no
"Research Institute for Material and Chemical Measurement , National Metrology Institute of Japan (AIST) , Tsukuba Central 3 , 1-1-1 Umezono , Tsukuba 305-8563 , Japan",1,National Institute of Advanced Industrial Science and Technology | National Metrology Institute of Japan,I73613424 I4405273829,no
"Research Institute for Material and Chemical Measurement , National Metrology Institute of Japan (AIST) , Tsukuba Central 3 , 1-1-1 Umezono , Tsukuba 305-8563 , Japan,",1,National Institute of Advanced Industrial Science and Technology | National Metrology Institute of Japan,I73613424 I4405273829,no
"Research Institute for Material and Chemical Measurement, National Metrology Institute of Japan (NMIJ), Central 3, Umezono, Tsukuba, Ibaraki 305-8563",1,National Metrology Institute of Japan,I4405273829,no
"Research Institute for Material and Chemical Measurement/National Metrology Institute of Japan, Tsukuba, Ibaraki, Japan",1,National Metrology Institute of Japan,I4405273829,no
"Research Institute of Innovative Technology for the Earth, National Institute of Materials and Chemical Research, 1-1 Higashi, Tsukuba, 305-0046, Ibaraki, Japan. kondo@nimc.go.jp",1,Research Institute of Innovative Technology for the Earth,I4210145897,no
"Research associate of NIRIM,
        National Institute for Research in Inorganic Materials (NIRIM), 1-1 Namiki, Tsukuba, Ibaraki, 305, Japan",1,,,no
"Research in Inorganic Materials, Tsukuba, Ibaraki, Japan",1,,,no
"Sakura-Mura, Niihari-Gun, Ibaraki-Ken (Japan), National Institute for Researches in Inorganic Materials",1,,,no
"Sakura‐Mura, Niihari‐Gun, Ibaraki‐Ken (Japan), National Institute for Researches in Inorganic Materials",1,,,no
School of Materials Science and Engineering and National Insititute for Advanced Materials,1,,,no
"School of Materials Science, Japan",1,,,no
"Science and Technology Agency of Japan, National Institute for Research in Inorganic Materials, Namiki 1-1, Tsukuba, Ibaraki, 305, Japan",1,Japan Science and Technology Agency,I4210086780,no
"Science and Technology Agency of Japan, National Institute for Research in Inorganic Materials, Tsukuba, Ibaraki, Japan",1,Japan Science and Technology Agency,I4210086780,no
"Senior Research Officer, National lnslilute for Research in Inorganic Malerials, Namiki 1- 1. Tsukuba-shi, lbaraki, 305, Japan, Phone: (81) 298 (51) 3351. Fax: (81) 298 (52) 7449",1,,,no
"Sensing System Research Center , National Institute of Advanced Science and Technology , 1-2-1 Namiki , Tsukuba-shi , Ibaraki 305-8564 , Japan",1,,,no
"Sensing System Research Center, National Institute of Advanced Industrial Science and Technology, Namiki, Tsukuba, Ibaraki 305-8564 , Japan",1,National Institute of Advanced Industrial Science and Technology,I73613424,no
"Sensor Mater. Center, Nat. Inst. for Mater. Sci., Tsukuba, Japan",1,,,no
"Shin-Ichi Shirasaki, and Kou Takada, National Institute for Research in Inorganic Materials, 1-1, Namiki, Sakura-Mura, Niihari-Gun, Ibaraki, Japan",1,,,no
"Solid State Chemistry Laboratory, National Institute of Materials and Chemical Research, 1-1 Higashi, Tsukuba, Ibaraki 305, Japan",1,,,no
"Sound and Vibration Division, Mechanical Engineering Laboratory, 1-2 Namiki, Tsukuba Science City, Ibaraki 305, Japan",1,,,no
"Special Department for COE Project, National Institute of Materials and Chemical Research, 1-1 Higashi, Tsukuba 305-8565, Japan",1,,,no
"Special Department for COE Project, Photo Reaction Mechanism Group, National Institute of Materials and Chemical Research, 1-1 Higashi, Tsukuba, Ibaraki 305-8565, Japan",1,,,no
"Steel Research Center, National Institute for Materials Science. Also at School of Materials Science and Engineering, Seoul National University",1,Seoul National University,I139264467,no
"Steel Research Center, National Institute for Materials Science:Department of Materials Physics, University of Science & Technology Beijing",1,University of Science and Technology Beijing,I92403157,no
Strontium Cerate(SrCeO3)一based perov- Materials Chemistry Division ， National Chemical Laboratory for Industry， ( Tsukuba Research Center ， Tsukuba ， Ibaraki 305， JAPAN,1,,,no
"Structural Metals Unit, National Institute for Materials Science:Depatment of Mechanical Engineering, Kobe University",1,Kobe University,I65837984,no
"Supermolecules Group, International Center for Materials Nanoarchitectonics (WPI-MANA)",1,,,no
"Surface Characterization Laboratory, National Institute of Materials and Chemical Research ;1 -1 Higashi, Tsukuba-shi, Ibaraki, 305 Japan",1,,,no
"Surface Chemistry Department National Institute of Materials and Chemical Research 1‐1, Higashi Tsukuba, Ibaraki 305 Japan",1,,,no
"Surface Chemistry Department, National Institute of Materials and Chemical Research, 1-1 Higashi, Tsukuba, Ibaraki 305-8565, Japan",1,,,no
"Surface Chemistry Department, National Institute of Materials and Chemical Research, 1-1 Higashi, Tsukuba, Ibaraki, 305, Japan",1,,,no
"Surface Chemistry Department, National Institute of Materials and Chemical Research, 1-1 Higashi, TsukubaIbaraki 305Japan",1,,,no
"Surface Chemistry Department, National Institute of Materials and Chemical Research, 1-1, Higashi, Tsukuba, Ibaraki, 305 Japan",1,,,no
"Surface Chemistry Department, National Institute of Materials and Chemical Research, Higashi, Tsukuba 305, Japan",1,,,no
"Surface Chemistry Department, National Institute of Materials and Chemical Research, Higashi, Tsukuba, Ibaraki 305, Japan",1,,,no
"Surface Chemistry Department, National Institute of Materials and Chemical Research, Ibaraki, Japan",1,,,no
"Surface Chemistry Division, National Institute of Materials and Chemical Research, 1-1 Higashi, Tsukuba, Ibaraki 305 (Japan), Telefax: Int. +298/54-4709",1,,,no
"Surface Chemistry Division, National Institute of Materials and Chemical Research, 1-1 Higashi, Tsukuba, Ibaraki 305 (Japan), Telefax: Int. code + (298)54-4709, e-mail: [email protected]",1,,,no
"Surface Chemistry Division, National Institute of Materials and Chemical Research, 1-1 Higashi, Tsukuba, Ibaraki 305 (Japan), Telefax: Int. code +(298) 54-4709",1,,,no
"Surface Chemistry Division, National Institute of Materials and Chemical Research, 1‐1 Higashi, Tsukuba, Ibaraki 305 (Japan), Telefax: Int. 298/54‐4709",1,,,no
"Surface Chemistry Division, National Institute of Materials and Chemical Research, 1‐1 Higashi, Tsukuba, Ibaraki 305 (Japan), Telefax: Int. code +(298) 54‐4709",1,,,no
"Surface Engineering Laboratory, Department of Polymer Physics, National Institute of Materials and Chemical Research (NIMC), 1-1 Higashi, Tsukuba, Ibaraki, 305-8565, Japan",1,,,no
"Surface Engineering Laboratory, Department of Polymer Physics, National Institute of Materials and Chemical Research, 1-1 Higashi, Tsukuba Ibaraki 305, Japan",1,,,no
"Surface Engineering Laboratory, Department of Polymer Physics, National Institute of Materials and Chemical Research, 1-1 Higashi, Tsukuba, Ibaraki 305, Japan",1,,,no
"Surface Engineering Laboratory, Department of Polymer Physics, National Institute of Materials and Chemical Research, 1-1 Higashi, Tsukuba, Ibaraki 305-8565, Japan",1,,,no
"Surface Engineering Laboratory, Department of Polymer Physics, National Institute of Materials and Chemical Research, 1-1 Higashi, Tsukuba, Ibaraki, 305-8565, Japan",1,,,no
"Surface Engineering Laboratory, Department of Polymer Physics, National Institute of Materials and Chemical Research, 1-1-Higashi, Tsukuba, Ibaraki 305-8565, Japan",1,,,no
"Surface Engineering Laboratory, Department of Polymer Physics, National Institute of Materials and Chemical Research, Higashi 1-1, Tsukuba, Ibaraki 305-8565, Japan",1,,,no
"Surface Engineering Laboratory, Department of Polymer Physics, National Institute of Materials and Chemical Research, Higashi 1-1, Tsukuba, Ibaraki, 305, Japan",1,,,no
"Surface Engineering Laboratory, Department of Polymer Physics, National Institute of Materials and Chemical Research, Higashi-1-1, Tsukuba, Ibaraki-305, Japan",1,,,no
"Surface Engineering Laboratory, National Institute of Materials and Chemical Research, 1-1 Higashi, Tsukuba, Ibaraki 305, Japan",1,,,no
"Surface Engineering Laboratory, National Institute of Materials and Chemical Research, 1-1 Higashi, Tsukuba, Ibaraki 305-8565, Japan",1,,,no
"Surface Engineering Laboratory, National Institute of Materials and Chemical Research, 1-1, Higashi, Tsukuba, Ibaraki-305, Japan",1,,,no
"Surface Engineering Laboratory, National Institute of Materials and Chemical Research, 1−1, Higashi, Tsukuba, Ibaraki-305-8565, Japan",1,,,no
"Surface Engineering Laboratory, National Institute of Materials and Chemical Research, Higashi 1-1, Tsukuba, Ibaraki 305, Japan",1,,,no
"Surface Engineering Laboratory, National Institute of Materials and Chemical Research, Higashi 1-1, Tsukuba, Ibaraki, 305-8565, Japan",1,,,no
"Synchrotron X-ray Station at SPring-8, Research Network and Facility Services Division (NIMS), 1-1-1 Kouto, Sayo, Hyogo 679-5148, Japan",1,SPring-8 | Spring-8 (Japan),I4210104871 I4210156525,no
"Tailored Nanostructures Group, Department of Surface Chemistry, National Institute
of Materials and Chemical Research, 1-1
Higashi, Tsukuba, Ibaraki, Japan",1,,,no
"Tailored Nanostructures Group, Department of Surface Chemistry, National Institute of Materials and Chemical Research, 1-1 Higashi, Tsukuba, Ibaraki, Japan",1,,,no
"Tailored Nanostructures Group, Department of Surface Chemistry, National Institute of Materials and Chemical Research, 1-1 Higashi,Tsukuba,Japan",1,,,no
"Tailored Nanostructures Group, Department of Surface Chemistry, National Institute#N#of Materials and Chemical Research, 1-1#N#Higashi,Tsukuba,Japan",1,,,no
"Tailored Nanostructures Group, National Institute of Materials and Chemical Research, 1-1 Higashi, Tsukuba, 305 Ibaraki, Japan",1,,,no
"Tailored Nanostructures Group, National Institute of Materials and Chemical Research, 1-1 Higashi, Tsukuba, Ibaraki 305-8565, Japan",1,,,no
"Tailored Nanostructures Group, National Institute of Materials and Chemical Research, 1-1 Higashi, Tsukuba, Ibaraki-305-8565, Japan",1,,,no
"The 4-th Research Group, National Institute for Research in Inorganic Materials, Tsukuba, Ibaraki, Japan",1,,,no
"The Institute of Physical and Chemical Research (RIKEN), Wako-shi, Saitama 351-0198, Japan, and National Institute for Research in Inorganic Materials, Namiki 1-1, Tsukuba, Ibaraki 305-0044, Japan",1,RIKEN,I4210110652,no
"The Institute of Physical and Chemical Research, 2-1 Hirosawa, Wako-shi, Saitama 351-01, Japan and National Institute for Research in Inorganic Materials, 1-1 Namiki, Tsukuba-shi, Ibaraki 305, Japan",1,RIKEN,I4210110652,no
"The National Institute for Research in Inorganic Materials , Namiki-1, Tsukuba, Ibaraki , 305-0044 , Japan",1,,,no
"The author is with the Mechanical Engineering Laboratory, 1-2 Namiki, Tsukuba 305, Japan",1,,,no
"The author is with the Mechanical Engineering Laboratory, 1-2 Namiki, Tsukuba, 305 
Japan",1,,,no
"The writers are with the National Institute for Research in Inorganic Materials, Kurakake, Sakura–Mura, Niihari–Gun, Ibaraki–Ken, Japan",1,,,no
"Theoretical Chemistry Lab. , Department of Physical Chemistry , National Institute of Materials and Chemical Research 1-1 Higashi , Tukuba , Ibaraki 305-8565 , JAPAN",1,,,no
"Theoretical Chemistry Lab., National Institute of Materials and Chemical Research, Tukubashi Higashi 1-1, Ibaraki, 305, Japan",1,,,no
"Theoretical Chemistry Lab., National Institute of Materials and Chemical Research, Tukubashi Higashi 1-1. Ibaraki, 305, Japan",1,,,no
"Tianjin University-National Institute for Materials Science (TU-NIMS) Joint Research Center, Tianjin University, Tianjin 300072, PR China",1,Tianjin University,I162868743,no
"Tianjin University-National Institute for Materials Science (TU-NIMS) Joint Research Center, Tianjin University, Tianjin, 300072, China",1,Tianjin University,I162868743,no
"Tianjin University-National Institute for Materials Science Joint Research Center, Tianjin University, Tianjin 300072, P.R. China",1,Tianjin University,I162868743,no
"Tianjin University-National Institute for Materials Science Joint Research Center, Tianjin University, Tianjin 300072, PR China",1,Tianjin University,I162868743,no
"Tianjin University-National Institute for Materials Science Joint Research Center, Tianjin University, Tianjin, 300072, China",1,Tianjin University,I162868743,no
"Tianjin University-National Institute for Materials Science Joint Research Center, Tianjin University, Tianjin, China",1,Tianjin University,I162868743,no
"Tokyo (Japan), National Institute for Researches in Inorganic Materials",1,,,no
"Tokyo/Japan, National Institute for Research in Inorganic Materials",1,National Institutes of Natural Sciences,I199525922,no
Tsukuba Institute for Super Materials,1,,,no
Tsukuba Institute for Super Materials (Japan),1,,,no
"Tsukuba Institute for Super Materials , ULVAC Japan ,Ltd. , Tsukuba",1,Ulvac (Japan),I4210125446,no
"Tsukuba Institute for Super Materials 2 , ULVAC, Inc., 5-9-6 Tohkohdai, Tsukuba 300-2635, Japan",1,,,no
"Tsukuba Institute for Super Materials ULVAC JAPAN, Ltd",1,Ulvac (Japan),I4210125446,no
"Tsukuba Institute for Super Materials, ULVAC Inc., 5-9-6 Tohkohdai, Tsukuba, Ibaraki 300-2635, Japan",1,Ulvac (Japan),I4210125446,no
"Tsukuba Institute for Super Materials, ULVAC Inc., 5-9-6, Tohkodai, Tsukuba, Ibaraki, Japan",1,Ulvac (Japan),I4210125446,no
"Tsukuba Institute for Super Materials, ULVAC Inc., 5-9-7 Tohkohdai, Tsukuba, Ibaraki 300-2635, Japan",1,Ulvac (Japan),I4210125446,no
"Tsukuba Institute for Super Materials, ULVAC Inc., 5‐9‐6, Tohkodai, Tsukuba, Ibaraki, Japan",1,Ulvac (Japan),I4210125446,no
"Tsukuba Institute for Super Materials, ULVAC Inc., 5 9 6 Tohkohdai, Tsukuba, Ibaraki 300 2635, Japan",1,Ulvac (Japan),I4210125446,no
"Tsukuba Institute for Super Materials, ULVAC JAPAN Ltd, 5‐9‐7, Tohkodai, Tsukuba, Ibaraki, 300‐26 Japan",1,Ulvac (Japan),I4210125446,no
"Tsukuba Institute for Super Materials, ULVAC JAPAN Ltd. , 5–5 Tohkohdai, Tsukuba, Ibaraki, 300–26, Japan",1,Ulvac (Japan),I4210125446,no
"Tsukuba Institute for Super Materials, ULVAC JAPAN Ltd., 5-9-7 Tohkohdai, Tsukuba-shi, Ibaraki 300-26, Japan",1,Ulvac (Japan),I4210125446,no
"Tsukuba Institute for Super Materials, ULVAC JAPAN, Ltd., 5-9-7 Tohkohdai, Tsukuba, Ibaraki 300-2635, Japan",1,Ulvac (Japan),I4210125446,no
"Tsukuba Institute for Super Materials, ULVAC JAPAN, Ltd., 5-9-7 Tohkohdai, Tsukuba, Ibaraki, 300-26",1,Ulvac (Japan),I4210125446,no
"Tsukuba Institute for Super Materials, ULVAC JAPAN, Ltd., Tohkodai 5-9-7, Tsukuba, Ibaraki 300-26",1,Ulvac (Japan),I4210125446,no
"Tsukuba Institute for Super Materials, ULVAC JAPAN, Ltd., Tohkodai 5-9-7, Tsukuba, Ibaraki 300-26, Japan, , JP",1,Ulvac (Japan),I4210125446,no
"Tsukuba Institute for Super Materials, ULVAC Japan Ltd. 5-9-7, Tokodai, Tsukuba 300-26, Japan",1,Ulvac (Japan),I4210125446,no
"Tsukuba Institute for Super Materials, ULVAC Japan Ltd., 5-9-7 Tohkodai, Tsukuba, Ibaraki 300-2635, Japan",1,Ulvac (Japan),I4210125446,no
"Tsukuba Institute for Super Materials, ULVAC Japan Ltd., 5-9-7 Tohkohdai, Tsukuba-shi, Ibaraki 300-26",1,Ulvac (Japan),I4210125446,no
"Tsukuba Institute for Super Materials, ULVAC Japan Ltd., Tohkodai 5-9-7, Tsukuba, Ibaraki 300-26, Japan",1,Ulvac (Japan),I4210125446,no
"Tsukuba Institute for Super Materials, ULVAC Japan, Ltd., 5-9-7 Tohkohdai, Tsukuba-shi, Ibaraki, 300-26, Japan",1,Ulvac (Japan),I4210125446,no
"Tsukuba Institute for Super Materials, ULVAC, Inc. 5-9-7, Tohkohdai, Tsukuba, Ibaraki 300-2635, Japan",1,Ulvac (Japan),I4210125446,no
"Tsukuba Institute for Super Materials, ULVAC, Inc. 5‐9‐7, Tohkohdai, Tsukuba, Ibaraki 300‐2635, Japan",1,,,no
"Tsukuba Institute for Super Materials, ULVAC, lnc., Ibaraki, Japan",1,Ulvac (Japan),I4210125446,no
"Tsukuba Institute for Super Materials, Ulvac Japan, Ltd., 5-9-7 Tohkodai, Tsukuba, Ibaraki 300-2635, Japan",1,Ulvac (Japan),I4210125446,no
"Tsukuba Life Science Center, Institute of Physical and Chemical Research (RIKEN), National Institute for Advanced Interdisciplinary Research (NAIR), Tsukuba Science City, Ibaraki, Japan",1,RIKEN,I4210110652,no
"Tsukuba Magn. Lab., Natl. Inst. Mater. Sci., Tsukuba, Ibaraki 305, Japan",1,,,no
"Tsukuba Magnet Lab., Nat. Inst. for Mater. Sci., Tsukuba, Japan",1,,,no
"Tsukuba Magnet Lab., National Inst. for Mater. Sci., Tsukuba, Japan",1,,,no
"Tsukuba Magnet Laboratories, National Research Institute for Metals Sakura, 305, Tsukuba, Japan",1,,,no
"Tsukuba Magnet Laboratory (TML), National Research Institute for Metals (NRIM), Tsukuba, Ibaraki, 305-0003, Japan",1,,,no
"Tsukuba Magnet Laboratory, Institute for Materials Sience, Tsukuba, Japan",1,,,no
"Tsukuba Materials Information Laboratory, 3-23-4 Ninomiya, Tsukuba Ibaraki, 305-0051, Japan",1,,,no
"Tsukuba Materials Information Laboratory, 3-23-4, Ninomiya, Tsukuba, Ibaraki, 305, Japan",1,,,no
"Tsukuba Primate Center for Medical Sciences, National Institute for Infectious Diseases, 1 Hachimandai, 305-0843, Tsukuba, Japan",1,National Institute of Infectious Diseases,I4210086300,no
"Tsukuba Research Center for Energy Materials Science (TREMS), Tsukuba, Ibaraki, 305-8571, Japan",1,,,no
Tsukuba Research Center for Energy Materials Sciences (TREMS),1,,,no
"Tsukuba Research Center for Energy Materials Sciences(TREMS), 1-1-1Tennodai, Tsukuba, Ibaraki, 305-8571, Japan",1,,,no
Tsukuba Research Center for Interdisciplinary Materials Science (Japan),1,,,no
"Tsukuba city, 4–7–22, Namiki, Tsukuba, Ibaraki 305–0044, Japan",1,,,no
"ULVAC, Inc., Tsukuba Institute for Super Materials",1,Ulvac (Japan),I4210125446,no
"Ultrathin Film Group, Department of Polymer Physics, National Institute of Materials and Chemical Research, Ibaraki, Japan",1,,,no
"University of Tsukuba, Institute for Materials Science Sakura mura, Niihari gun, Ibaraki ken 305",1,University of Tsukuba,I146399215,no
"Visiting Researcher, High Temperature Research Group, National Institute for Research in Inorganic Materials, 1-1 Namiki, Tsukuba, Ibaraki 305, Japan",1,,,no
WPI Center for Materials Nanoarchitectonics International Center for Young Scientists  Tsukuba 305‐0044 Ibaraki Japan,1,,,no
"WPI Center for Materials Nanoarchitectonics, International Center for Young Scientists, Tsukuba, 305-0044 Ibaraki, Japan",1,,,no
"WPI Materials Nanoarchitectonics Centre, National Institute for Marterials Science, 1-1 Namiki, Tsukuba, Ibaraki, Japan",1,,,no
"WPI-Center for Materials Nanoarchitectonics, Tsukuba, Japan",1,,,no
"WPI-MANA, International Center for Materials Nanoarchitectonics, Namiki, Tsukuba, Ibaraki 305-0044, Japan",1,,,no
WPI‐Center for Materials Nanoarchitectonics Tsukuba Japan,1,,,no
"Wide Bandgap Mater. Group, Nat. Inst. for Mater. Sci., Tsukuba, Japan",1,,,no
"Wide Bandgap Materials Group, Optical and Electronic Materials Unit, Environment and Energy Materials Division 5 , , 1-1 Namiki, Tsukuba, Ibaraki 305-0044, Japan",1,,,no
"Working Group for Nanoparticles, National Institute for Environmental Studies, Tsukuba, Ibaraki, 305-8506, Japan",1,National Institute for Environmental Studies,I200202764,no
"[Tsukuba Magnet Laboratory, Institute for Materials Sience, Tsukuba, Japan]",1,,,no
"[Ultrathin Film Group, Department of Polymer Physics, National Institute of Materials and Chemical Research, Ibaraki, Japan]",1,,,no
"a    National Institute of Materials and Chemical Research, 1-1, Higashi, Tsukuba, Ibaraki 305, Japan",1,,,no
"a   Department of Molecular Engineering , National Institute of Materials and Chemical Research (NIMC) , 1-1 Higashi, Tsukuba,  Ibaraki ,  305-8565 ,  Japan",1,,,no
"a   Department of Molecular Engineering , National Institute of Materials and Chemical Research , 1-1 Higashi,  Tsukuba ,  Ibaraki ,  305 ,  Japan",1,,,no
"a   Department of Molecular Engineering , National Institute of Materials and Chemical Research , 1-1 Higashi, Tsukuba,  Ibaraki ,  305-8565 ,  Japan",1,,,no
"a   Department of Organic Materials , National Institute of Materials and Chemical Research , 1-1 Higashi, Tsukuba,  Ibaraki ,  305 ,  Japan",1,,,no
"a   Department of Polymer Chemistry , National Institute of Materials and Chemical Research , 1-1 Higashi, Tsukuba,  Ibaraki ,  305-8565 ,  JAPAN",1,,,no
"a   Department of Polymer Engineering , National Institute of Materials and Chemical Research , 1-1 Higashi,  Tsukuba Ibaraki ,  305-8565 ,  Japan",1,,,no
"a   Department of Polymer Engineering , National Institute of Materials and Chemical Research , 1-1 Higashi,  Tsukuba, Ibaraki ,  305 ,  Japan",1,,,no
"a   Department of Polymer Materials , National Institute for Materials and Chemical Research , 1-1, Higashi, Tsukuba, Ibaraki, 305,  Japan",1,,,no
"a   Department of Polymer Physics , National Institute of Materials and Chemical Research , 1-1 Higashi,  Tsukuba, Ibaraki ,  305-8565 ,  Japan",1,,,no
"a   Department of Polymer Physics , National Institute of Materials and Chemical Research , 1-1 Higashi, Tsukuba,  Ibaraki ,  305 ,  Japan",1,,,no
"a   Dept. of Polymer Chemistry , National Institute of Materials and Chemical Research , 1-1 Higashi,  Tsukuba Ibaraki ,  305-8565 ,  Japan",1,,,no
"a  COE Program of Photoreaction Control and Photofunctional Materials, National Institute of Materials and Chemical Research , Higashi, Tsukuba,  Ibaraki ,  305-8565 ,  Japan",1,,,no
"a  Institute for Materials Science , 1-2-1 Sengen, Tsukuba, Ibaraki 305-0047,  Japan",1,,,no
"a  National Institute for Research in Inorganic Materials (NIRIM) , 1-1 Namiki, Tsukuba,  Ibaraki ,  305-0044 ,  Japan",1,,,no
"a  National Institute for Research in Inorganic Materials ,  Tsukuba ,  Ibaraki ,  305 ,  Japan",1,,,no
"a  National Institute for Research in Inorganic Materials , 1-1 Namiki, Tsukuba,  Ibaraki ,  305-0044 ,  Japan",1,,,no
"a  National Institute for Research in Inorganic Materials , 1-1 Namiki- Tsukuba-shi,  Ibaraki ,  305 ,  Japan",1,,,no
"a  National Institute for Research in Inorganic Materials , Namiki 1-1, Tsukuba,  Ibaraki ,  305-0044 ,  Japan",1,,,no
"a  National Institute for Research in Inorganic Materials , Namiki, Tsukuba,  Ibaraki ,  305-0044 ,  Japan",1,,,no
"a  National Institute for Researches in Inorganic Materials ,  Tsukuba ,  305 ,  Japan",1,,,no
"a  National Institute of Materials and Chemical Research (NIMC) , Higashi,  Tsukuba ,  Ibaraki ,  305 ,  JAPAN",1,,,no
"a  National Institute of Materials and Chemical Research , 1-1 Higashi, Tsukuba,  Ibaraki ,  305 ,  JAPAN",1,,,no
"a  National Institute of Materials and Chemical Research , 1-1 Higashi, Tsukuba,  Ibaraki ,  305-8565 ,  Japan",1,,,no
"a  National Institute of Materials and Chemical Research , 1-1, Higashi,  Tsukuba, Ibaraki ,  305-8565 ,  JAPAN",1,,,no
"a  National Institute of Materials and Chemical Research , 1–1 Higashi,  Tsukuba ,  Ibaraki ,  305 ,  Japan",1,,,no
"a  National Institute of Materials and Chemical Research , Higashi 1-1,  Tsukuba 305 ,  JAPAN",1,,,no
"a  National Institute of Materials and Chemical Research , Higashi 1-1, Tsukuba, Ibaraki, 305,  Japan",1,,,no
"a  National Institute of Materials and Chemical Research, Higashi ,  Tsukuba ,  305 ,  JAPAN",1,,,no
"a  National InstituteFor Research in Inorganic Materials , Namiki 1-1 Tsukuba,  Ibaraki ,  305 ,  Japan",1,,,no
"a  Natl. Inst. for Res. in Inorganic Materials ,  Tsukuba ,  Japan",1,,,no
"a National Institute for Research in Inorganic Materials , Namiki 1-1, Tsukuba, Ibaraki , 305",1,,,no
"a National Institute of Materials and Chemical Research , 1-1 Higashi, Tsukuba, Ibaraki , 305 , Japan",1,,,no
"a National Institute of Materials and Chemical Research , 1-1, Higashi, Tsukuba , Ibaraki , 305-8565 , JAPAN",1,,,no
"a National Institute of Materials and Chemical Research , 7-7 Higashi, Tsukuba Ibaraki , 305 , Japan",1,,,no
"a National Institute of Materials and Chemical Research , Higashi 1-1, Tsukuba, Ibaraki , 305-8565 , Japan",1,,,no
"and National Institute for Research in Inorganic Materials (NIRIM), 1-1 Namiki, Tsukuba, Ibaraki 305-0044, Japan",1,,,no
"ational Institute for Materials
Science Namiki 1-1 Tsukuba, Japan",1,,,no
"ational Institute for Research in Inorganic Materials , Ibaraki , Japan",1,,,no
"ational Institute of Materials and Chemical Research, 1-1 Higashi, Tsukuba-shi, Ibaraki 305-8565",1,,,no
"ational Institute of Materials and Chemical Research, 1-1, Higashi, Tukuba-shi, Ibaraki 305-8565",1,,,no
"b    Editor-in-chief, Advanced Composite Materials National Aerospace Laboratory, Tokyo, Japan",1,,,no
"b   Department of Molecular Engineering , National Institute of Materials and Chemical Research, Higashi ,  Tsukuba ,  305-8565 ,  Japan",1,,,no
"b   Department of Polymer Physics , National Institute of Materials and Chemical Research , 1-1 Higashi,  Tsukuba, Ibaraki ,  305-8565 ,  Japan",1,,,no
"b   Department of Polymer Physics , National Institute of Materials and Chemical Research , 1–1 Higashi,  Tsukuba ,  Ibaraki ,  305 ,  Japan",1,,,no
"b   Dept. of Polymer Engineering , National Institute of Materials and Chemical Research , 1-1 Higashi,  Tsukuba Ibaraki ,  305-8565 ,  Japan",1,,,no
"b   Molecular Systems Laboratory, Molecular Engineering Department , National Institute of Materials and Chemical Research , Higashi, Ibaraki,  Tsukuba ,  Japan",1,,,no
"b  National Institute for Research in Inorganic Materials (NIRIM) , Tsukuba,  Ibaraki ,  305-0044 ,  Japan",1,,,no
"b  National Institute for Research in Inorganic Materials , 1-1 Namiki,  Tsukuba ,  Ibaraki ,  305 ,  Japan",1,,,no
"b  National Institute of Materials and Chemical Research (NIMC) , 1-1 Higashi,  Tsukuba ,  305-8565 ,  Japan",1,,,no
"b  National Institute of Materials and Chemical Research ,  Higashi, Tsukuba, Ibaraki ,  305 ,  Japan",1,,,no
"b  National Institute of Materials and Chemical Research , 1-1 Higashi,  Tsukuba ,  Ibaraki ,  305 ,  Japan",1,,,no
"b  National Institute of Materials and Chemical Research , 1-1 Higashi,  Tsukuba, Ibaraki ,  305-8565 ,  Japan",1,,,no
"b  National Institute of Materials and Chemical Research , 1-1 Higashi, Tsukuba,  Ibaraki 305 ,  JAPAN",1,,,no
"b  National Institute of Materials and Chemical Research , 1–1 Higashi,  Tsukuba ,  Ibaraki ,  305 ,  Japan",1,,,no
"b National Institute for Research in Inorganic Materials , 1-1 Namiki, Tsukuba , Ibaraki , 305 , Japan",1,,,no
"b National Institute for Research in Inorganic Materials , Namiki 1-1, Tsukuba, Ibaraki , 305-0044 , Japan",1,,,no
"b National Institute of Materials and Chemical Research (NIMC) , 1-1 Higashi, Tsukuba, Ibaraki , 305 , Japan",1,,,no
"b National Institute of Materials and Chemical Research , Higashi, Tsukuba , Ibaraki , 305 , Japan",1,,,no
"c   Department of Polymer Engineering , National Institute of Materials and Chemical Research , 1-1 Higashi, Tsukuba,  Ibaraki ,  305-8565 ,  Japan",1,,,no
"c  National Institute for Research in Inorganic Materials , 1–1 Namiki,  Tsukuba ,  Ibaraki ,  305 ,  Japan",1,,,no
"c  National Institute of Materials and Chemical Research , 1-1 Higashi,  Tsukuba, Ibaraki ,  305 ,  Japan",1,,,no
"c  National Institute of Materials and Chemical Research , 1-1 Higashi, Tsukuba,  Ibaraki ,  305 ,  Japan",1,,,no
"c  National Institute of Materials and Chemical Research , 1-1 Higashi, Tsukuba,  Ibaraki ,  305-8565 ,  Japan",1,,,no
"c  National Institute of Materials and Chemical Research 1-1 Higashi ,  Tsukuba, Ibaraki ,  305 ,  Japan",1,,,no
"c  The National Institute for Research in Inorganic Materials , Namiki-1, Tsukuba,  Ibaraki ,  305-0044 ,  Japan",1,,,no
"c Joint Research Center for Atom Technology, National Institute for Advanced Interdisciplinary Research Tsukuba , Ibaraki, 305, Japan",1,,,no
"c/o National Institute for Research in Inorganic Materials (NIRIM), 1-1 Namiki, Tsukuba, Ibaraki 305-0044, Japan",1,,,no
"d   Department of Polymer Physics , National Institute of Materials and Chemical Research , 1-1 Higashi,  Tsukuba, Ibaraki ,  305-8565 ,  Japan",1,,,no
"d Asian Environmental Research Group , National Institute for Environmental Studies , Tsukuba, 305-8506, Japan",1,National Institute for Environmental Studies,I200202764,no
"d National Institute for Research in Inorganic Materials , Tsukuba , 305 , Japan",1,,,no
"e Mechanical Engineering Laboratory, 1-2 Namiki, Tsukuba, Ibaraki 305, Japan",1,,,no
"l  National Institute of Materials and Chemical Research , 1-1 Higashi,  Tsukuba ,  305-8565 ,  Japan",1,,,no
"private address : Namiki , Tsukuba , Japan",1,,,no
"the National Institute for Advanced Interdisciplinary Research (NAIR), Tsukuba, 305-8572 , Ibaraki, Japan",1,,,no
"¨¿EÞ¿¤@\ÁÊ¤õC»ÝFú §düò (Research Fellow, National Institute for Materials Science, Present ad dress: Hitachi Cable, Ltd",1,"Hitachi Cable, Ltd. (Japan)",I4405274984,no
"〒305-0044 つくば市並木 1-1 (1-1 , Namiki , Tsukuba , 305-0044 Japan",1,,,no
っくば市東1- ) National Che皿ical Laboratory for lndustry， Tsukuba Research Center ， Ibaraki- 305， Japan，,1,,,no
"＊＊ National Institute for Materials Science ＊＊＊ TWI Ltd, UK",1,TWI (United Kingdom),I4405255874,no
