raw_affiliation_string,works,now_assigned_to,now_assigned_ids,still_counts_via_lineage
"Mellon Institute, Pittsburgh, Pennsylvania",229,,,no
"MELLON INSTITUTE, PITTSBURGH, PENNSYLVANIA",62,,,no
"Carnegie Institute of Technology, USA",46,,,no
Mellon Institute,37,,,no
Mellon Institute of Industrial Research,35,,,no
Carnegie Institute of Technology†,27,,,no
Robotics Institute#TAB#,27,,,no
"Mellon Institute, 4400 Fifth Avenue, Pittsburgh, Pennsylvania",20,,,no
"Graduate School of Industrial Administration, Carnegie Institute of Technology",19,,,no
Mellon Institute Of Industrial Research,12,,,no
"Carnegie Institute of Technology,",10,,,no
"Mellon Institute of Industrial Research, Pittsburgh, Pennsylvania",10,,,no
"Mellon Institute, 4400 Fifth Avenue, Pittsburgh, Pennsylvania 15213",10,,,no
"DEPARTMENT OF ELECTRICAL ENGINEERING, CARNEGIE INSTITUTE OF TECHNOLOGY, PITTSBURGH, PENNSYLVANIA",9,,,no
"Department of Psychology, Carnegie Institute of Technology, Pittsburgh 13, Pennsylvania, USA",9,,,no
"Carnegie Institute of Technology, Pittsburgh, Pa., USA",8,,,no
"Carnegie Institute of Technology, Pittsburgh, Pennsylvania U.S.A",8,,,no
CARNEGIE INSTITUTE OF TECHNOLOGY,7,,,no
"Carnegie Institute of Technology, Pittsburgh 13, Pa",7,,,no
"Carnegie Institute of Technology, Pittsburgh, Pa. U.S.A",7,,,no
"Carnegie Institute of Technology, Pittsburgh, PennsylvaniaUSA",7,,,no
"Carnegie Institute of Technology, US",7,,,no
CS CMU,6,,,no
"Carnegie Institute of Technology Pittsburgh, Pa",6,,,no
Carnegie Institute of Technology USA,6,,,no
"Carnegie Institute of Technology, Pittsburgh, Pa., U.S.A",6,,,no
"Department of Chemistry, Carnegie Institute of Technology Pittsburgh, Pennsylvania",6,,,no
"Department of Occupational Safety and Health, College of Public Health, China Medical University, Taichung, Taiwan. bfhwang@mail.cmu.edu.tw",6,China Medical University,I184693016,no
"Department of Psychology , Carnegie Institute of Technology , USA",6,,,no
"Department of Psychology, Carnegie Institute of Technology, USA",6,,,no
"Mellon Institute, University of Pittsburgh",6,University of Pittsburgh,I170201317,no
"Mellon University,",6,,,no
"Metals Research Laboratory, Carnegie Institute of Technology, Pittsburgh 13, Pennsylvania",6,,,no
University of MElbourne and CMU,6,The University of Melbourne,I165779595,no
"Assistant Director, Mellon Institute of Industrial Research",5,,,no
"Carnegie Institute of Technology , USA",5,,,no
"Carnegie Institute of Technology, Pittsburgh, Pennsylvania 15213",5,,,no
"Carnegie Institute of Technology, Pittsburgh, Pennsylvania 15213 USA",5,,,no
"Department of Mechanical Engineering, Carnegie Institute of Technology, Pittsburgh, U.S.A",5,,,no
"Department of Physics, Carnegie Institute of Technology",5,,,no
"Industrial Fellow, Mellon Institute of Industrial Research, University of Pittsburgh, Pittsburgh, Pa",5,University of Pittsburgh,I170201317,no
Mellon Institute (United States),5,,,no
guruswami@cmu.edu#TAB#,5,,,no
"ASSOCIATE MEMBER AIEE, Carnegie Institute of Technology, Pittsburgh, Pa",4,,,no
Carnegie Institute of Technology 1,4,,,no
Carnegie Institute of Technology Pittsburgh 13 Pennsylvania,4,,,no
"Carnegie Institute of Technology, Department of Physics, Pittsburgh, Pennsylvania",4,,,no
"Carnegie Institute of Technology, Pittsburgh Pa",4,,,no
"Carnegie Institute of Technology, Pittsburgh, PA, US",4,,,no
"Carnegie Institute of Technology, Pittsburgh, Pa, USA",4,,,no
"Carnegie Institute of Technology, Pittsburgh, Pennsylvania, and The Rand Corporation, Santa Monica, California#TAB#",4,RAND Corporation,I1309849503,no
"Department of Chemistry, Carnegie Institute of Technology",4,,,no
"Department of Psychology, Carnegie Institute of Technology, Schenley Park, Pittsburgh 13, Pennsylvania, USA",4,,,no
"Dept. of Comput. Sci., Carnegie Mellon Univ., Doha, Qatar",4,Carnegie Mellon University Qatar,I4210089979,yes
"Electrical Engineering Department, Carnegie Institute of Technology Pittsburgh, Pennsylvania, USA",4,,,no
"Industrial Fellow, Mellon Institute",4,,,no
"Industrial Hygiene Foundation, Mellon Institute, 15213, 4400 Fifth Ave, Pittsburgh, PA",4,Industrial Health Foundation,I4405271854,no
"Industrial Hygiene Foundation, Mellon Institute, 4400 Fifth Ave, Pittsburgh, 15213",4,Industrial Health Foundation,I4405271854,no
Mellon Institute USA,4,,,no
"Mellon Institute, USA",4,,,no
"Professor of Mathematics, Carnegie Institute of Technology, USA",4,,,no
"Research Fellows, Research Fellows, Carnegie Institute of Technology, USA",4,,,no
SYSU-CMU Shunde International Joint Research Institute; Shunde China,4,SYSU-CMU International Joint Research Institute,I4210129003,no
"Senior Fellow, Senior Fellow, Mellon Institute, USA",4,,,no
"TEMPO, Carnegie Institute of Technology, and University of California at Los Angeles",4,"University of California, Los Angeles",I161318765,no
"TEMPO, Carnegie Institute of Technology, and University of California at Los Angeles†",4,"University of California, Los Angeles",I161318765,no
CMU Yoonyoung Park IBM,3,IBM (United States),I1341412227,no
"Carnegie Institute of Technology , Pittsburgh , Pa",3,,,no
"Carnegie Institute of Technology , Pittsburgh , Pennsylvania , USA",3,,,no
"Carnegie Institute of Technology and Westinghouse Research Laboratories, Pittsburgh, Pennsylvania",3,,,no
"Carnegie Institute of Technology, Pittsburg, Pa",3,,,no
"Carnegie Institute of Technology, Pittsburgh, Penn",3,,,no
"Carnegie Mellon University , Doha , Qatar",3,Carnegie Mellon University Qatar,I4210089979,yes
"Carnegie Mellon West, Moffett Field, CA, USA",3,,,no
Chemical Research Laboratory Carnegie Institute of Technology,3,,,no
"Coal Research Laboratory, Carnegie Institute of Technology",3,,,no
"Coal Research Laboratory, Carnegie Institute of Technology, Pittsburgh, Pennsylvania USA",3,,,no
"Department of Biological Sciences, Carnegie Institute of Technology, Pittsburgh, Pennsylvania USA",3,,,no
"Department of Chemistry , Carnegie Institute of Technology , Pittsburgh 13, Pennsylvania",3,,,no
"Department of Chemistry, Cornegie-Mellon University, Pittsburgh, Pennsylvania 15213, USA",3,,,no
"Department of Chemistry, University of Pittsburgh and Mellon Institute, Pittsburgh, Pa. 15213 USA",3,University of Pittsburgh,I170201317,no
"Department of Electrical Engineering, Carnegie Institute of Technology, Pittsburgh 13, Pennsylvania",3,,,no
"Department of Mathematics, Carnegie Institute of Technology",3,,,no
"Department of Mechanical Engineering, Carnegie Institute of Technology Pittsburgh, Pennsylvania, U.S.A",3,,,no
"Department of Physiology, CMU 1211 Geneva 4, Switzerland",3,University of Geneva,I114457229,no
"Department of Psychology , Carnegie Institute of Technology , Schenley Park, Pittsburgh 13 , Pennsylvania , USA",3,,,no
"Department of Psychology, Carnegie Institute of Technology, Schenley Park, Pittsburgh, Pennsylvania, 15213, USA",3,,,no
"Departments of Physics and Electrical Engineering, Carnegie Institute of Technology, Pittsburgh, Pennsylvania",3,,,no
"Electrical Engineering Department, Carnegie Institute of Technology, Pittsburgh, PA, USA",3,,,no
"Graduate School of Industrial Administration, Carnegie Institute of Technology, Pittsburgh, Pa",3,,,no
"Mellon Institute and Department of Chemistry, University of Pittsburgh Pittsburgh 13, PennsylvaniaU.S.A",3,University of Pittsburgh,I170201317,no
"Senior Industrial Fellow, Mellon Institute",3,,,no
The Robotics Institute#TAB#,3,,,no
"UC San Diego 1 , CMU 2 ,",3,University of California San Diego,I36258959,no
odonnell@cs.cmu.edu#TAB#,3,,,no
(Carnegie Institute of Technology),2,,,no
"Associate Professor, Carnegie Institute of Technology. 1",2,,,no
"Berkeley, CMU",2,,,no
"Biomedical Science Laboratory, Department of Nutrition, China Medical University, Taichung, Taiwan. vincenttang@mail.cmu.edu.tw",2,China Medical University,I184693016,no
"Bureau of Mines and Carnegie Institute of Technology, Pittsburgh, Pennsylvania",2,,,no
"Bushy Run Research Center, Mellon Institute-Union Carbide, R.D. 4, Mellon Road, Export, Pennsylvania, 15632",2,Union Carbide (United States),I4388891856,no
"CARNEGIE INSTITUTE OF TECHNOLOGY, PITTSBURGH, PA",2,,,no
CMU Medical Education Partners Saginaw MI,2,Central Michigan University,I1629065,no
CMU/Akamai Technologies,2,Akamai (United States),I10734018,no
"CMU/NASA Ames, Mountain View, USA",2,Ames Research Center,I1280536761,no
Carnegie Institute OF Technology,2,,,no
Carnegie Institute Of Technology,2,,,no
"Carnegie Institute of Technology , Pittsburgh",2,,,no
"Carnegie Institute of Technology , Pittsburgh , Pa , USA",2,,,no
"Carnegie Institute of Technology , Pittsburgh , Pennsylvania",2,,,no
"Carnegie Institute of Technology , Pittsburgh 13 , USA",2,,,no
"Carnegie Institute of Technology , Pittsburgh, Pa., U.S.A",2,,,no
"Carnegie Institute of Technology 2 Director of Metals Research Laboratory and Head of the Department of Metallurgical Engineering , , Pittsburgh, Pa",2,,,no
Carnegie Institute of Technology Department of Physics,2,,,no
"Carnegie Institute of Technology Pittsburgh 13, Pennsylvania, USA",2,,,no
"Carnegie Institute of Technology Pittsburgh, Pennsylvania 15213",2,,,no
"Carnegie Institute of Technology Pittsburgh, Pennsylvania USA",2,,,no
"Carnegie Institute of Technology Technical Information Service , Oak Ridge , Tennessee",2,,,no
Carnegie Institute of Technology and Westinghouse Research Laboratories,2,,,no
"Carnegie Institute of Technology, Pittsburgh 13, Pennsylvania, USA",2,,,no
"Carnegie Institute of Technology, Pittsburgh 13, PennsylvaniaUSA",2,,,no
"Carnegie Institute of Technology, Pittsburgh, Pa.U.S.A",2,,,no
"Carnegie Institute of Technology, Pittsburgh, Pa.USA",2,,,no
"Carnegie Institute of Technology, Pittsburgh, Pennsylvania and The RAND Corporation, Santa Monica, California",2,RAND Corporation,I1309849503,no
"Carnegie Institute of Technology, Pittsburgh, Pennsylvania#TAB#",2,,,no
"Carnegie Institute of Technology, Pittsburgh, Pennsylvania, and The Rand Corporation, Santa Monica, California",2,RAND Corporation,I1309849503,no
"Carnegie Institute of Technology, Pittsburgh, Pennsylvania, and the RAND Corporation, Santa Monica, California",2,RAND Corporation,I1309849503,no
"Carnegie Institute of Technology, Pittsburgh, Pennsylvania; Department of Chemistry, Purdue University, Lafayette, Indiana",2,Purdue University West Lafayette,I219193219,no
"Carnegie Institute of Technology, Pittsburgh, PennsylvaniaU.S.A",2,,,no
"Carnegie Institute of Technology, Schenley Park, Pittsburgh, Pa",2,,,no
"Carnegie Institute of Technology, Schenley Park, Pittsburgh, Pennsylvania",2,,,no
"Carnegie Institute of Technology; Synthetic Liquid Fuels Branch, Bureau of Mines, Pittsburgh, Pa",2,,,no
"Carnegie Mellon CyLab Japan, Kobe",2,,,no
"Carnegie Mellon Qatar, Doha, Qatar#TAB#",2,Carnegie Mellon University Qatar,I4210089979,yes
"Carnegie Mellon University , Africa",2,Carnegie Mellon University Africa,I4210130200,yes
Carnegie Mellon and Intel Research#TAB#,2,,,no
Carnegie Mellon and NASA Ames,2,Ames Research Center,I1280536761,no
Carnegie Mellon/NASA Ames,2,Ames Research Center,I1280536761,no
"Coal Research Laboratory , Carnegie Institute of Technology , USA",2,,,no
"Coal Research Laboratory, Carnegie Institute of Technology, USA",2,,,no
"Contribution from the Department of Chemistry , Carnegie Institute of Technology , Schenley Park, Pittsburgh , Pennsylvania",2,,,no
"Corning Glass Works and Dow Corning Corporation Multiple Fellowship, Mellon Institute, Pittsburgh, Pa",2,Corning (United States),I1338503839,no
"Department of Biology, Carnegie Institute of Technology",2,,,no
"Department of Chemical Engineering, Carnegie Institute of Technology",2,,,no
"Department of Chemistry Carnegie Institute of Technology Pittsburgh 13, Pennsylvania, USA",2,,,no
"Department of Electrical Engineering, Carnegie Institute of Technology, Pittsburgh 13, Pennsylvania, USA",2,,,no
"Department of Electrical Engineering, Carnegie Institute of Technology, USA",2,,,no
"Department of Mathematics, Carnegie Institute of Technology Pittsburgh 13, Pennsylvania, U.S.A",2,,,no
"Department of Mathematics, Carnegie Institute of Technology, 15213, Pittsburgh, Pennsylvania",2,,,no
"Department of Mechanical Engineering, Carnegie Institute of Technology, Pittsburgh 13, Pa. U.S.A",2,,,no
"Department of Metallurgical Engineering Carnegie Institute of Technology Pittsburgh, Pennsylvania 15213 USA",2,,,no
"Department of Metallurgical Engineering Carnegie Institute of Technology Pittsburgh, PennsylvaniaU.S.A",2,,,no
"Department of Metallurgy, Carnegie Institute of Technology, Pittsburgh, PennsylvaniaUSA",2,,,no
"Department of Psychology , Carnegie Institute of Technology , Schenley Park, Pittsburgh , Pennsylvania , 15213 , USA",2,,,no
"Department of Psychology and Center for the Neural Basis of Cognition, 5000 Forbes Avenue, Pittsburgh, PA 15213, USA",2,Center for the Neural Basis of Cognition,I4210086114,yes
"Department of Psychology, Carnegie Institute of Technology, Pittsburgh, Pennsylvania",2,,,no
"Department of Student Health, Carnegie Institute of Technology",2,,,no
Dept. of Elec. Engrg. Carnegie Institute of Technology,2,,,no
"Division of Social Work, Carnegie Institute of Technology",2,,,no
"E.E. Dpt, Carnegie Institute of Technology, Pittsburgh, U.S.A",2,,,no
"Fellow, Dept. of Research in Pure Chemistry, Mellon Institute",2,,,no
"George Westinghouse Professor of Engineering, Carnegie Institute of Technology, Pittsburgh, Pa",2,,,no
"Graduate School of Industrial Administration, Carnegie Institute of Technology Pittsburgh Pennsylvania",2,,,no
"Graduate School of Industrial Administration, Carnegie Institute of Technology, and founder of Market Science Associates, Inc",2,,,no
"Industrial Hygiene Foundation, Mellon Institute",2,Industrial Health Foundation,I4405271854,no
"Industrial Hygiene Foundation, Mellon Institute, Pittsburgh, Pennsylvania",2,Industrial Health Foundation,I4405271854,no
"Institute for Theoretical Physics, Copenhagen, Denmark, and Department of Physics, Carnegie Institute of Technology, Pittsburgh 13, Pennsylvania",2,,,no
"Mechanical Engineering Department, Howard University, Washington, D. C.; Department of Mechanical Engineering, Carnegie Institute of Technology, Pittsburgh, Pa",2,Howard University,I137853757,no
Mellon Institute for Industrial Research,2,,,no
"Mellon Institute of Industrial Research and Montefiore Hospital, Pittsburgh, Pennsylvania",2,,,no
"Mellon Institute of Industrial Research, University of Pittsburgh, Pittsburgh 13, Pa",2,University of Pittsburgh,I170201317,no
"Mellon Institute of Industrial Research, University of Pittsburgh, USA",2,University of Pittsburgh,I170201317,no
"Mellon Institute, Pittsburgh, Pennsylvania, and the Department of Chemistry, University of Georgia, Athens, Georgia",2,University of Georgia,I165733156,no
Mellon Unive,2,,,no
"Member AIME, Jones and Laughlin Professor of Metallurgical Engineering, Carnegie Institute of Technology, Pittsburgh, USA",2,,,no
Metals Research Laboratory Carnegie Institute of Technology,2,,,no
"Metals Research Laboratory Carnegie Institute of Technology Pittsburgh, Pennsylvania Technical Information Service Extension, Oak Ridge, Tenn",2,,,no
"Metals Research Laboratory, Carnegie Institute of Technology",2,,,no
Now at Carnegie Institute of Technology,2,,,no
"Nuclear Research Center, Carnegie Institute of Technology, Saxonburg, PA, USA",2,,,no
"Ohio State University and Carnegie Institute of Technology , USA",2,The Ohio State University,I52357470,no
"Ohio State University and Carnegie Institute of Technology, USA",2,The Ohio State University,I52357470,no
"Pennsylvania State University, and University of Texas and Carnegie Institute of Technology",2,Pennsylvania State University,I130769515,no
"Physics, Carnegie Institute of Technology",2,,,no
Pittsburgh Plate Glass Company and Carnegie Institute of Technology,2,PPG Industries (United States),I201654770,no
"President of Carnegie Institute of Technology, Pittsburgh, Pa",2,,,no
"Previously, Carnegie Institute of Technology. *",2,,,no
Professor of Economics and Industrial Administration at Carnegie Institute of Technology. 2,2,,,no
"Professor of Economics, Carnegie Institute of Technology",2,,,no
Purdue University and Carnegie Institute of Technology,2,,,no
"RI, CMU",2,,,no
"Research Metallurgical Engineer, Member AIME, Principal Research Metallurgical Engineer, Metals Research Laboratory, Carnegie Institute of Technology, Pittsburgh, USA",2,,,no
"Robotics Inst., Pittsburgh#TAB#",2,,,no
SYSU‐CMU Shunde International Joint Research Institute Shunde Guangdong China,2,SYSU-CMU International Joint Research Institute,I4210129003,no
"Senior Fellow, Mellon Institute",2,,,no
"Smoke Investigation, Mellon Institute of Industrial Research",2,,,no
The Carnegie Institute of Technology,2,,,no
"The Defiance College, Defiance, Ohio, and The Carnegie Institute of Technology, Pittsburgh, Pennsylvania",2,Defiance College,I79229643,no
The Mellon Institute of Industrial Research,2,,,no
"The RAND Corporation, Santa Monica, California and Carnegie Institute of Technology, Pittsburgh, Pennsylvania#TAB#",2,RAND Corporation,I1309849503,no
"U of Toronto, CITA, CMU",2,University of Toronto | Canadian Institute for Theoretical Astrophysics,I185261750 I4210110940,no
"Westinghouse Electric and Manufacturing Company, was formerly Buhl research assistant in electrical engineering, Carnegie Institute of Technology, Pittsburgh, Pa",2,Westinghouse Electric (United States),I9217761,no
"[Carnegie Mellon Silicon Valley, NASA Ames Research Center, Moffett Field, CA, USA]",2,Ames Research Center,I1280536761,no
"[Computer Science Department School of Computer Science, Carnegie Mellon University, Qatar]",2,Carnegie Mellon University Qatar,I4210089979,yes
a  Carnegie Institute of Technology,2,,,no
anupamg@cs.cmu.edu#TAB#,2,,,no
mmhender@cmu.edu,2,,,no
"the Chicago and Philadelphia Fed , HEC Montreal , Carnegie Mellon , Wharton",2,Federal Reserve Bank of Philadelphia | HEC Montréal,I57502794 I108192572,no
"( ) Carnegie Mellon University , Doha , Qatar (",1,Carnegie Mellon University Qatar,I4210089979,yes
"( CMU) PhD student , Faculty member (CMU Biology Department) and Head ( CMU Zoloogical Museum) , Philippines",1,Central Mindanao University,I242057862,no
(Brown University) and J. L. SYNGE (Carnegie Institute of Technology,1,Brown University,I27804330,no
(Carnegie Institute of Technology,1,,,no
(Carnegie-Mellon) (CBAF) (Michigan,1,,,no
"(MIT), Richard Green (CMU), Nicolae Garleanu (UC Berkeley),",1,"Massachusetts Institute of Technology | University of California, Berkeley",I63966007 I95457486,no
"*Department of History, Carnegie Institute of Technology",1,,,no
"*Graduate Student, Department of Metallurgical Engineering, Carnegie Institute of Technology, Pittsburgh 13, Pennsylvania",1,,,no
"*Mellon Institute, Pittsburgh, Pennsylvania",1,,,no
1 Carnegie Institute of Technology,1,,,no
"1 Carnegie Institute of Technology, Pittsburgh, Pa",1,,,no
"1 Carnegie Institute of Technology, Pittsburgh, Pennsylvania",1,,,no
"1 Industrial Fellow, Mellon Institute Of Industrial Research, University Of Pittsburgh, Pittsburgh, Pa",1,University of Pittsburgh,I170201317,no
"1 Neuro-Oncology Branch, National Cancer Institute, National Institute of Neurological Disease and Stroke, National Institutes of Health, Bethesda, MD and 2Carnegie-Mellon University, Pittsburgh, PA, USA",1,National Institutes of Health | National Institute of Neurological Disorders and Stroke | National Cancer Institute,I1299303238 I4210110767 I4210140884,no
"1939–42 wirkte er an der University of Pennsylvania, 1942–49 am Carnegie Institute of Technology",1,University of Pennsylvania,I79576946,no
"1Carnegie Mellon University in Qatar, Education City, PO Box 24866 Doha, Qatar",1,Carnegie Mellon University Qatar,I4210089979,yes
"1Carnegie Mellon University in Qatar, Education City, PO Box 24866, Doha, Qatar",1,Carnegie Mellon University Qatar,I4210089979,yes
"1Industrial Fellow, Mellon Institute of Industrial Research",1,,,no
"2Carnegie Mellon University in Qatar, Education City, PO Box 24866, Doha, Qatar",1,Carnegie Mellon University Qatar,I4210089979,yes
"4400 Fifth Avenue , Mellon Institute ,",1,,,no
"4Carnegie Mellon University in Qatar, Education City, PO Box 24866, Doha, Qatar",1,Carnegie Mellon University Qatar,I4210089979,yes
"A. Chamanzar, George, and Grover were supported in part by the CMU CIT Incubation Award, NSF WiFiUS program, and a CMU Brain-HUB award. Dr. Elmer's research is supported by the NIH (NINDS) grant 1K23NS097629. The preliminary results of this work were presented in part at the 12th World Congress on Brain Injury, New Orleans, LA, USA, 2017 []",1,,,no
"A. Chamanzar, George, and Grover were supported in part by the CMU CIT Incubation Award, NSF WiFiUS program, and a CMU Brain-HUB award. Dr. Elmer’s research is supported by the NIH (NINDS) grant 1K23NS097629. The preliminary results of this work were presented in part at the 12th World Congress on Brain Injury, New Orleans, LA, USA, 2017 []",1,,,no
"Air Pollution Investigation, Mellon Institute of Industrial Research",1,,,no
"Aircraft Gas Turbine Development Department , General Electric Company) AND A. SCHILD (Carnegie Institute of Technology)",1,General Electric (United States),I1332737386,no
"Alcoa Professor of Light Metals, Dept. of Metallurgical Engineering, Carnegie Institute of Technology, Pittsburgh, USA",1,,,no
"American Petroleum Institute Research Projects 6 and 44, Carnegie Institute of Technology, Pittsburgh 13, Pennsylvania",1,,,no
"Andrew Mellon Research Fellow , Duke University",1,Duke University,I170897317,no
"Arcetri, CMU, ESO, GSFC, IAP, JHU, MPE, Trieste, Penn State STScI, Italy",1,Pennsylvania State University,I130769515,no
"Assistant Dircctor, Mellon Institute",1,,,no
"Assistant Director of the Mellon Institute of Industrial Research of the University of Pittsburgh, Pittsburgh, Pa",1,University of Pittsburgh,I170201317,no
"Assistant Director, Mellon Institute of Industrial Research, Univ. of Pittsburgh, Pittsburgh, Pa",1,University of Pittsburgh,I170201317,no
"Assistant Director, Mellon Institute of Industrial Research, University of Pittsburgh, Pittsburgh, Pa",1,University of Pittsburgh,I170201317,no
Assistant Director. Mellon Institute,1,,,no
"Assistant Professor of Economics and, Assistant Administrator, Program for Executives, Graduate School of Industrial Administration, Carnegie Institute of Technology",1,,,no
"Assistant Professor of History, Carnegie Institute of Technology",1,,,no
"Assistant Professor of Mathematics in the Carnegie Institute of Technology. x–184 pages, illustrations, 12mo., cloth. Philadephia, P. Blakiston's Son and Company, Inc., 1930. Price, $1.25",1,,,no
"Assistant Professor, Carnegie Institute of Technology, 13, Pittsburg, Pa., USA",1,,,no
"Assistant Professor, Carnegie Institute of Technology 1",1,,,no
"Associate Member AIME, Senior Research Metallurgical Engineer, Research Metallurgical Engineer, Metals Research Laboratory, Carnegie Institute of Technology, USA",1,,,no
"Associate Professor in Industrial Administration, Graduate School of Industrial Administration, Carnegie Institute of Technology, Pittsburgh, Pennsylvania. 1",1,,,no
"Associate Professor of Economics, Carnegie Institute of Technology 1",1,,,no
"Associate Professor of Economics, Carnegie Institute of Technology. 1",1,,,no
"Associate Professor of Electrical Engineering, Carnegie Institute of Technology",1,,,no
"Associate Professor of Mechanics. Carnegie Institute of Technology, Pittsburgh, Pennsylvania, USA",1,,,no
"Associate Professor, Carnegie Institute of Technology 1",1,,,no
"Associate Professor, Economics and Industrial Administration Carnegie Institute of Technology. 1",1,,,no
"Associate professor of economics, Carnegie Institute of Technology",1,,,no
"Associate professor of history , Carnegie Institute of Technology",1,,,no
"Associate professor of history, Carnegie Institute of Technology",1,,,no
"At the time of this investigation, the senior author was a National Aeronautics and Space Administration Pre-doctoral Trainee at Carnegie Institute of Technology",1,National Aeronautics and Space Administration,I4210124779,no
Atlas Computer Laboratory and Carnegie Institute of Technology,1,,,no
"Aus dem Institut für physikalische Chemie der Universität Frankfurt am Main und dem Mellon Institute, Pittsburgh 13, Pennsylvania, USA *",1,Goethe University Frankfurt,I114090438,no
"B.S., Carnegie Institute of Technology",1,,,no
BCorresponding author. Email: kelvin@cmu.edu,1,,,no
"BS, chemical engineering, and DSc, physical chemistry, Carnegie Institute of Technology",1,,,no
"Basic Physics Division, National Physical Laboratory, Teddington, Middlesex; Department of Chemistry, Carnegie Institute of Technology, Pittsburgh 13, Pa., U.S.A",1,,,no
"Bell Telephone Laboratories, Carnegie Institute of Technology, Whippany, NJ, USA",1,,,no
"Berkeley, CMU, Harvard, MPI Bonn, Stanford, the 2018 NBER Political Economy Summer Institute, BEAM 2018, ECBE 2018 Bergen,",1,Stanford University,I97018004,no
"Biological Sciences Program, Carnegie Mellon University, Qatar Foundation, Education City, Doha, Qatar",1,Qatar Foundation | Carnegie Mellon University Qatar,I92528248 I4210089979,yes
Biophysical Research Laboratory Carnegie Institute of Technology  Pittsburgh Pennsylvania,1,,,no
Biophysical Research Laboratory Carnegie Institute of Technology Pittsburgh Pennsylvania 15213,1,,,no
"Biophysical Research Laboratory, Eye and Ear Hospital, University of Pittsburgh School of Medicine and Carnegie Institute of Technology, Pittsburgh",1,University of Pittsburgh,I170201317,no
"Biophysical Research Laboratory, Eye and Ear Hospital, University of Pittsburgh School of Medicine and Carnegie Institute of Technology, Pittsburgh, 13, Pennsylvania",1,University of Pittsburgh,I170201317,no
"Biophysical Research, Laboratory of Molecular Biology, Eye and Ear Hospital, University of Pittsburgh School of Medicine, and Mellon Institute of Industrial Research, Pittsburgh",1,University of Pittsburgh,I170201317,no
"Biophysical Research, Laboratory of Molecular Biology, Eye and Ear Hospital, University of Pittsburgh School of Medicine, and Mellon Institute of Industrial Research, Pittsburgh, Pa",1,University of Pittsburgh,I170201317,no
"Boston College , Carnegie Mellon , Cornell , Georgetown ,",1,Boston College | Cornell University,I103531236 I205783295,no
"Boston Dynamics / Google, CMU, Waltham, MA",1,Boston Dynamics (United States),I4210143335,no
Brown University and Carnegie Institute of Technology,1,Brown University,I27804330,no
"Bureau of Personnel Research, Carnegie Institute of Technology PURPOSE",1,,,no
"Bureau of Personnel Research, Division of Applied Psychology, Carnegie Institute of Technology, Pittsburgh, Pennsylvania",1,,,no
"Bushy Run Research Center, Mellon Institute - Union Carbide Corporation R.D. #4, Mellon Rd., Export, PA 15632",1,Union Carbide (United States),I4388891856,no
"CARNEGIE INSTITUTE OF TECHNOLOGY, PITTSBURGH, PENNSYLVANIA†",1,,,no
CARNEGIE INSTITUTE OF TECHNOLOGY; NORTHWESTERN TECHNOLOGICAL INSTITUTE,1,,,no
CARNEGIE-MELLON,1,,,no
"CEU, CMU, Harvard, Hebrew U, Hong Kong, LSE, Princeton, Vienna, Zurich,",1,Harvard University | Central European University,I136199984 I198945027,no
"CMU , NASA Ames Research Center MS-269-1 , Moffett Field , California",1,Ames Research Center,I1280536761,no
"CMU / MBZUAI DAMO Academy , Alibaba Group",1,Alibaba Group (China) | Alibaba DAMO Academy (China),I45928872 I4405281272,no
CMU CSD and Xerox Palo Alto Research Center,1,Palo Alto Research Center,I173498003,no
"CMU SV 1, CA, USA",1,,,no
"CMU SV, Moffett Field, CA, USA",1,,,no
"CMU SV/NASA Ames Research Center, Moffett Field, CA,#TAB#",1,Ames Research Center,I1280536761,no
"CMU and INRIA, France",1,Institut national de recherche en sciences et technologies du numérique,I1326498283,no
"CMU – NASA Ames Research Center, USA e-mail:",1,Ames Research Center,I1280536761,no
"CMU – Smith Hall 204H, Mount Pleasant, MI 48859, USA",1,Central Michigan University,I1629065,no
"CMU, HKUST",1,Hong Kong University of Science and Technology,I200769079,no
"CMU, Microsoft",1,,,no
"CMU, NASA Ames Research Center, Moffett Field, CA, 94035, USA,",1,Ames Research Center,I1280536761,no
"CMU, NASA Ames Research Center, Moffett Field, CA, 94035, USA, ole.j.mengshoel@nasa.gov",1,Ames Research Center,I1280536761,no
"CMU, NASA Ames Research Center, Moffett Field, USA",1,Ames Research Center,I1280536761,no
"CMU, NASA Ames Research Center, N269-230, Moffett Field, CA 94035, USA",1,Ames Research Center,I1280536761,no
"CMU, NASA Ames Research Center, N269-230, Moffett Field, CA 94035, USA E-mail: dimitra.giannakopoulou@nasa.gov",1,Ames Research Center,I1280536761,no
"CMU, OSU",1,,,no
"CMU, Silicon Valley, Mountain View, CA, USA",1,,,no
"CMU, UNICAMP (CP 6023), Campinas, São Paulo, Brazil",1,Universidade Estadual de Campinas (UNICAMP),I181391015,no
"CMU, Universidade de São Paulo (USP), São Paulo, Brazil",1,Universidade de São Paulo,I17974374,no
"CMU, Universitat Karlsruhe, Germany",1,Karlsruhe Institute of Technology,I102335020,no
"CMU, University of GenevaGenevaSwitzerland",1,University of Geneva,I114457229,no
"CMU, Universitá di Pisa",1,University of Pisa,I108290504,no
"CMU/LIFIA, Grenoble, France#TAB#",1,,,no
"CMU/NASA Ames Research Center, CA, Mountain View, USA",1,Ames Research Center,I1280536761,no
"CMU/NASA Ames, M/S 269-2, Moffett Field, CA, 94035, USA",1,Ames Research Center,I1280536761,no
"CMU/NASA Ames, USA",1,Ames Research Center,I1280536761,no
CMU/Univ Tokyo,1,The University of Tokyo,I74801974,no
CMU; Univ. of Tokyo,1,The University of Tokyo,I74801974,no
CMU; University of Montreal,1,Université de Montréal,I70931966,no
"Caltech, Carnegie Mellon, CEPR, CUHK, CityU Hong Kong, FIRS, Georgia Tech,",1,California Institute of Technology | Georgia Institute of Technology | City University of Hong Kong,I122411786 I130701444 I168719708,no
"Capesca/Lepac and CMU, UNICAMP, Campinas, SP, CP 6023, Brazil",1,Universidade Estadual de Campinas (UNICAMP),I181391015,no
"Carnegie Inst. of. Techn. Pittsburgh, Pa",1,,,no
"Carnegie Institute Of Technology, USA",1,,,no
Carnegie Institute of Technology ',1,,,no
"Carnegie Institute of Technology *, †Pittsburgh, Pa",1,,,no
"Carnegie Institute of Technology , 1956",1,,,no
"Carnegie Institute of Technology , Pittsburg, Pa",1,,,no
"Carnegie Institute of Technology , Pittsburgh 13",1,,,no
"Carnegie Institute of Technology , Pittsburgh 13, Pennsylvania",1,,,no
"Carnegie Institute of Technology , Pittsburgh, Pa",1,,,no
"Carnegie Institute of Technology , Pittsburgh, Pennsylvania, 15213, U.S.A",1,,,no
"Carnegie Institute of Technology , Pittsburgh, USA",1,,,no
"Carnegie Institute of Technology , Schenley Park, Pittsburgh, Pennsylvania",1,,,no
"Carnegie Institute of Technology 1 Associate Professor in Civil Engineering , , Pittsburgh, Pa",1,,,no
"Carnegie Institute of Technology 1 Associate Professors of Chemistry and Professor of Chemistry , respectively, , Pittsburgh, Pa",1,,,no
"Carnegie Institute of Technology 1 Chemical and Petroleum Research Laboratory, , Pittsburgh, Pa",1,,,no
"Carnegie Institute of Technology 1 Director , Petroleum Research Laboratory, , Pittsburgh, Pa",1,,,no
"Carnegie Institute of Technology 2 Director of Metals Research Laboratory, and Head of the Department of Metallurgical Engineering , , Pittsburgh, Pa",1,,,no
"Carnegie Institute of Technology 3 Present address, Dept. of Physics, , Pittsburgh, Pa",1,,,no
"Carnegie Institute of Technology Department of Metallurgical Engineering Pittsburgh 13 , Pennsylvania",1,,,no
"Carnegie Institute of Technology Department of Physics Pittsburgh 13 , Pa. 1 NYO-7379",1,,,no
"Carnegie Institute of Technology Nuclear Research Center Saxonburg, Pennsylvania",1,,,no
"Carnegie Institute of Technology Pittsburgh , Pa",1,,,no
"Carnegie Institute of Technology Pittsburgh , Pennsylvania",1,,,no
"Carnegie Institute of Technology Pittsburgh , Pennsylvania Technical Information Service Extension , Oak Ridge , Tenn",1,,,no
"Carnegie Institute of Technology Pittsburgh 13 , Pennsylvania",1,,,no
"Carnegie Institute of Technology Pittsburgh 13, Penn., U.S.A",1,,,no
"Carnegie Institute of Technology Pittsburgh, Penn., U. S. A",1,,,no
"Carnegie Institute of Technology Pittsburgh, Pennsylvania 15213 USA",1,,,no
"Carnegie Institute of Technology Pittsburgh, Pennsylvania, U.S.A",1,,,no
"Carnegie Institute of Technology Ttchntcal Information Division ; ORE , O ak Ridgo , Tonnossoo",1,,,no
Carnegie Institute of Technology U.S.A,1,,,no
Carnegie Institute of Technology WHAT,1,,,no
Carnegie Institute of Technology and Duke University,1,Duke University,I170897317,no
Carnegie Institute of Technology and General Electric Company,1,General Electric (United States),I1332737386,no
Carnegie Institute of Technology and Grove School,1,,,no
Carnegie Institute of Technology and Northwestern University,1,Northwestern University,I111979921,no
Carnegie Institute of Technology and Northwestern University#TAB#,1,Northwestern University,I111979921,no
Carnegie Institute of Technology and Research Laboratory of American Society of Heating and Ventilating Engineers and Pittsburgh Station of the U. S. Bureau of Mines,1,"American Society of Heating, Refrigerating, and Air-Conditioning Engineers",I2801401027,no
"Carnegie Institute of Technology and Touche, Niven, Bailey and Smart",1,,,no
"Carnegie Institute of Technology and U. S. Steel Corp. Applied Research Laboratory, Monroeville, Pennsylvania",1,,,no
"Carnegie Institute of Technology and U. S. Steel Corp. Applied Research Laboratory, Monroeville, Pennsylvania#TAB#",1,,,no
Carnegie Institute of Technology and University of Pittsburgh,1,University of Pittsburgh,I170201317,no
"Carnegie Institute of Technology and Washington State University Consultants to The RAND Corporation, Santa Monica, California",1,RAND Corporation,I1309849503,no
Carnegie Institute of Technology and Washington University,1,,,no
"Carnegie Institute of Technology and Westinghouse Electric Co., Pittsburgh, Pennsylvania",1,,,no
Carnegie Institute of Technology and Westinghouse Electric Corporation,1,Westinghouse Electric (United States),I9217761,no
"Carnegie Institute of Technology and Westinghouse Electric Corporation, Pittsburgh, Pennsylvania",1,Westinghouse Electric (United States),I9217761,no
"Carnegie Institute of Technology and Westinghouse Electric Corporation, Pittsburgh, Pennsylvania#TAB#",1,Westinghouse Electric (United States),I9217761,no
"Carnegie Institute of Technology and Westinghouse Research Laboratories, Pittsburgh, PA, USA",1,,,no
Carnegie Institute of Technology and Yale University,1,Yale University,I32971472,no
"Carnegie Institute of Technology and the U.S. Steel Applied Research Laboratory, Monroeville, Pennsylvania",1,,,no
"Carnegie Institute of Technology and the U.S. Steel Applied Research Laboratory, Monroeville, Pennsylvania#TAB#",1,,,no
"Carnegie Institute of Technology* Pittsburgh , Pa",1,,,no
"Carnegie Institute of Technology, Bethpage, NY, USA",1,,,no
"Carnegie Institute of Technology, Chemical Engineering Department, Pittsburgh, Pennsylvania, U.S.A",1,,,no
"Carnegie Institute of Technology, Department of Chemistry, Pittsburgh, Pennsylvania",1,,,no
"Carnegie Institute of Technology, Department of Electrical Engineering, Pittsburgh, USA",1,,,no
"Carnegie Institute of Technology, Department of Mathematics, Pittsburgh 13, Pennsylvania, USA",1,,,no
"Carnegie Institute of Technology, Department of Mathematics, Pittsburgh, Pennsylvania",1,,,no
"Carnegie Institute of Technology, Department of Mechanical Engineering, Pittsburgh, Pa",1,,,no
"Carnegie Institute of Technology, Department of the Air Forces Research Project",1,,,no
"Carnegie Institute of Technology, Graduate School of Industrial Administration  Pittsburgh Pennsylvania USA",1,,,no
"Carnegie Institute of Technology, Graduate School of Industrial Administration, Pittsburgh, PA, US",1,,,no
"Carnegie Institute of Technology, Graduate School of Industrial Administration, Pittsburgh, PA, USA",1,,,no
"Carnegie Institute of Technology, Pennsylvania",1,,,no
"Carnegie Institute of Technology, Pinnsylvania",1,"Carnegie Library of Pittsburgh | Carnegie Learning, Inc. (United States)",I4210147488 I4387153386,no
"Carnegie Institute of Technology, Pittsbugh",1,,,no
"Carnegie Institute of Technology, Pittsburg, PA, US",1,,,no
"Carnegie Institute of Technology, Pittsburg, Pennsylvania, USA",1,,,no
"Carnegie Institute of Technology, Pittsburg, USA",1,,,no
"Carnegie Institute of Technology, Pittsburgh 13",1,,,no
"Carnegie Institute of Technology, Pittsburgh 13, Pa., U.S.A",1,,,no
"Carnegie Institute of Technology, Pittsburgh 13, Penn",1,,,no
"Carnegie Institute of Technology, Pittsburgh 13, Pennsylvania 15213",1,,,no
"Carnegie Institute of Technology, Pittsburgh 13, Pennsylvania U.S.A",1,,,no
"Carnegie Institute of Technology, Pittsburgh 13, Pennsylvania, and The Business Research Institute of the Stockholm School of Economics, Sweden",1,Stockholm School of Economics,I180242103,no
"Carnegie Institute of Technology, Pittsburgh 13, Pennsylvania, and The Business Research Institute of the Stockholm School of Economics, Sweden#TAB#",1,Stockholm School of Economics,I180242103,no
"Carnegie Institute of Technology, Pittsburgh 13, USA",1,,,no
"Carnegie Institute of Technology, Pittsburgh, 13",1,,,no
"Carnegie Institute of Technology, Pittsburgh, PA; and Mathematisch Centrum, Amsterdam",1,,,no
"Carnegie Institute of Technology, Pittsburgh, Pa and Technion, Israel Institute of Technology, Haifa, Israel",1,Technion – Israel Institute of Technology,I174306211,no
"Carnegie Institute of Technology, Pittsburgh, Pa, U.S.A",1,,,no
"Carnegie Institute of Technology, Pittsburgh, Pa.,",1,,,no
"Carnegie Institute of Technology, Pittsburgh, Pa., (U.S.A.)",1,,,no
"Carnegie Institute of Technology, Pittsburgh, Pa., U.S.A. ; On leave of absence from Imperial College, London, S.W.7",1,Imperial College London,I47508984,no
"Carnegie Institute of Technology, Pittsburgh, Pa., U.S.A. and The Pennsylvania State University, University Park, Pa., U.S.A",1,Pennsylvania State University,I130769515,no
"Carnegie Institute of Technology, Pittsburgh, Pa.; California Institute of Technology, Pasadena, Calif",1,California Institute of Technology,I122411786,no
"Carnegie Institute of Technology, Pittsburgh, Pa.; International Business Machines Corporation, Poughkeepsie, N. Y",1,,,no
"Carnegie Institute of Technology, Pittsburgh, Pa.; Westinghouse Electric Corporation, Pittsburgh, Pa",1,Westinghouse Electric (United States),I9217761,no
"Carnegie Institute of Technology, Pittsburgh, Penn., USA††††††Research supported by the U.S. Office Naval Research, the National Science Foundation, and the United States Atomic Energy Commission",1,U.S. National Science Foundation | United States Atomic Energy Commission,I1311060795 I4391768262,no
"Carnegie Institute of Technology, Pittsburgh, PennsyIvania",1,,,no
"Carnegie Institute of Technology, Pittsburgh, Pennsylavania, USA",1,,,no
"Carnegie Institute of Technology, Pittsburgh, Pennsylvania 15213, USA††††††Work supported by the U.S. Air Force Scientific Research",1,,,no
"Carnegie Institute of Technology, Pittsburgh, Pennsylvania and Iowa State University, Iowa City, Iowa",1,Iowa State University,I173911158,no
"Carnegie Institute of Technology, Pittsburgh, Pennsylvania, 15213, USA",1,,,no
"Carnegie Institute of Technology, Pittsburgh, Pennsylvania, 1968 USA",1,,,no
"Carnegie Institute of Technology, Pittsburgh, Pennsylvania, USA ∗",1,,,no
"Carnegie Institute of Technology, Pittsburgh, Pennsylvania, USA∗∗Supported in part by the U.S. Atomic Energy Commission",1,,,no
"Carnegie Institute of Technology, Pittsburgh, Pennsylvania, United States",1,,,no
"Carnegie Institute of Technology, Pittsburgh, Pennsylvania, United States of America",1,,,no
"Carnegie Institute of Technology, Pittsburgh, Pennsylvania, and Institute for Advanced Study, Princeton, New Jersey",1,Institute for Advanced Study,I40036882,no
"Carnegie Institute of Technology, Pittsburgh, Pennyslvania, USA",1,,,no
"Carnegie Institute of Technology, Pittsburgh, U. S. A",1,,,no
"Carnegie Institute of Technology, Pittsburgh, USA †††",1,,,no
"Carnegie Institute of Technology, Pittsburgh, USA††††††This research has been supported by the United States Office of Naval Research under Contract Number Nonr 760(15)",1,,,no
"Carnegie Institute of Technology, Pittsburgh,Pa.U.S.A",1,,,no
"Carnegie Institute of Technology, Pittsburgh. Pa",1,,,no
"Carnegie Institute of Technology, Pittsburhg, PA",1,,,no
"Carnegie Institute of Technology, Pittsburhg, PA#TAB#",1,,,no
"Carnegie Institute of Technology, Pittspurgh, Pa",1,,,no
"Carnegie Institute of Technology, Schenley Park, Pittsburgh 13, Pennsylvania",1,,,no
"Carnegie Institute of Technology, Schenley Park, Pittsburgh 13, PennsylvaniaUSA",1,,,no
"Carnegie Institute of Technology, Schenley Park, Pittsburgh, Pennsylvania and General Atomic Division, General Dynamics Corporation, San Diego, California",1,,,no
"Carnegie Institute of Technology, U.S.A",1,,,no
"Carnegie Institute of Technology, USA††††††Research supported by the U.S. Office of Naval Research under Contract Number ONR760(15)",1,Office of Naval Research,I175003984,no
"Carnegie Institute of Technology, and Center for Advanced Study in the Behavioral Sciences",1,,,no
"Carnegie Institute of Technology, and Center for Advanced Study in the Behavioral Sciences#TAB#",1,,,no
"Carnegie Institute of Technology, and Ford Motor Company, Scientific Laboratories, Dearborn Michigan, U.S.A",1,Ford Motor Company (United States),I1292974536,no
"Carnegie Institute of Technology, and Professor of Mechanical Engineering, Yokohama National University, Japan",1,Yokohama National University,I180203408,no
Carnegie Institute of Technology. 1,1,,,no
"Carnegie Institute of Technology. Pittsburgh, Pa",1,,,no
"Carnegie Institute of Technology. Pittsburgh, Pennsylvania, U.S.A",1,,,no
"Carnegie Institute of Technology; Collected Pieces, Madison Bentley, University of Illinois; Worsteds for Color-Blind Tests,",1,University of Illinois Urbana-Champaign,I157725225,no
"Carnegie Institute of Technology; President, Research Corporation, New York",1,,,no
"Carnegie Institute of Technology†Pittsburgh, Pennsylvania",1,,,no
"Carnegie Mellon , Chicago Fed , Cornell , Dallas Fed , Durham , Florida State , IMF , Indiana ,",1,Federal Reserve Bank of Dallas | Federal Reserve Bank of Chicago | Cornell University,I68415526 I77697173 I205783295,no
"Carnegie Mellon , Columbia ,",1,,,no
"Carnegie Mellon - KMITL Thailand program, CMKL University",1,CMKL University,I4405263964,no
"Carnegie Mellon 3 , MIT",1,Massachusetts Institute of Technology,I63966007,no
"Carnegie Mellon Cambridge , MA 02139",1,,,no
"Carnegie Mellon CyLab Japan, Kobe city, Hyogo prefecture, Japan#TAB#",1,,,no
"Carnegie Mellon CyLab, Kobe, Japan. E-MAIL: justinzh@andrew.cmu.edu",1,,,no
"Carnegie Mellon Silicon Valley, NASA Ames",1,Ames Research Center,I1280536761,no
"Carnegie Mellon Silicon Valley, NASA Ames, Moffett Field, CA#TAB#",1,Ames Research Center,I1280536761,no
"Carnegie Mellon Silicon Valley/NASA Ames, Mountain View, USA#TAB#",1,Ames Research Center,I1280536761,no
"Carnegie Mellon Univ. in Qatar, Doha",1,Carnegie Mellon University Qatar,I4210089979,yes
"Carnegie Mellon Univ., Kigali, Rwanda",1,Carnegie Mellon University Africa,I4210130200,yes
"Carnegie Mellon Univ.-Qatar Campus, Doha",1,Carnegie Mellon University Qatar,I4210089979,yes
"Carnegie Mellon Univeristy, Doha, Qatar",1,Carnegie Mellon University Qatar,I4210089979,yes
"Carnegie Mellon Univeristy, Doha, Qatar#TAB#",1,Carnegie Mellon University Qatar,I4210089979,yes
"Carnegie Mellon University -- Qatar campus, Doha, Qatar and Tulane University",1,Carnegie Mellon University Qatar,I4210089979,yes
Carnegie Mellon University inQatar,1,Carnegie Mellon University Qatar,I4210089979,yes
"Carnegie Mellon University, Doha, Qatar Email:",1,Carnegie Mellon University Qatar,I4210089979,yes
"Carnegie Mellon University, Doha. email: nelmough@qatar.cmu.edu",1,Carnegie Mellon University Qatar,I4210089979,yes
"Carnegie Mellon University, Qatar Campus and Heinz School of Public Policy, Doha, Qatar. caulkins@cmu.edu",1,Carnegie Mellon University Qatar,I4210089979,yes
"Carnegie Mellon University, Qatar Campus and Heinz School of Public Policy, Qatar",1,Carnegie Mellon University Qatar,I4210089979,yes
"Carnegie Mellon University, Qatar Campus,",1,Carnegie Mellon University Qatar,I4210089979,yes
"Carnegie Mellon University-Africa , Carnegie Mellon University, ,",1,Carnegie Mellon University Africa,I4210130200,yes
"Carnegie Mellon West, Moffett Field, CA, USA#TAB#",1,,,no
"Carnegie Mellon and NBER, United States of America",1,National Bureau of Economic Research,I1321305853,no
"Carnegie Mellon's Computer Science department at the Qatar campus (Doha), USA",1,Carnegie Mellon University Qatar,I4210089979,yes
"Carnegie Mellon, Cornell, Göttingen, Konstanz, New York University",1,New York University | Cornell University,I57206974 I205783295,no
"Carnegie Mellon-Doha, Doha, Qatar, aamalki@andrew.cmu.edu",1,Carnegie Mellon University Qatar,I4210089979,yes
"Carnegie Melon University INESC-ID, Instituto Superior T&#x00E9;cnico University of Lisbon",1,Instituto de Engenharia de Sistemas e Computadores Investigação e Desenvolvimento | University of Lisbon,I121345201 I141596103,no
"Carnegie Melon, Madeira, Portugal",1,,,no
"Carnegie Tech., USA",1,,,no
Carnegie institute of Technology,1,,,no
Carnegie institute of technology 1,1,,,no
"Carnegie-Mellon SEI, USA",1,,,no
Carnegie-Mellon University University of Minnesota,1,University of Minnesota,I130238516,no
"Carnegie-Mellon, Chicago, Columbia, Duke,",1,,,no
"Carnegie-Mellon, Cornell, Guelph, Mannheim, McMaster, Melbourne, North Carolina at Greensboro, Pennsylvania, Queen",1,,,no
"Carnegie-Mellon, MIT, NYU, Princeton, Urbana-Champaign,",1,New York University,I57206974,no
"Carnegie‐Mellon Inter‐American Development Intern, Health Office, US Agency for International Development, Quito, Ecuador",1,United States Agency for International Development,I2801582665,no
"Central Experiment Station, Bureau of Mines, and the Coal Research Laboratory, Carnegie Institute of Technology, Pittsburgh, Pennsylvania",1,United States Department of the Interior,I1335927249,no
"Changchun Institute of Optics, Fine Mechanics and Physics, Chinese Academy of Science, Changchun, ChinabUniversity of Chinese Academy of Sciences, Beijing, ChinacCarnegie Mellon University, Department of Electrical and Computer Engineering, Pittsburgh, Pennsylvania, United States",1,"Chinese Academy of Sciences | Changchun Institute of Optics, Fine Mechanics and Physics | University of Chinese Academy of Sciences",I19820366 I4210088164 I4210165038,no
"Charles R. Fettke, Carnegie Institute of Technology",1,,,no
"Chemical Engineering Department, Carnegie Institute of Technology",1,,,no
"Chemical Engineering Department, Carnegie Institute of Technology, Pittsburgh 13, Pennsylvania",1,,,no
"Chemical Engineering Department, Chemical Mellon University, Pittsburgh, PA 15213, USA",1,,,no
"Chemical Engineering Dept., Carnegie Institute of Technology, Pittsburgh 13, Pa",1,,,no
"Chemical Hygiene Fellowship, Mellon Institute, Pittsburgh, Pa., USA and Union Carbide Corporation, New York, N.Y., USA",1,Union Carbide (United States),I4388891856,no
"Chemistry Department, Carnegie Institute of Technology, Pittsburgh 13, Pennsylvania 15213",1,,,no
"Chemistry Department, Carnegie Institute of Technology, Pittsburgh, Pennsylvania, 15213, U.S.A",1,,,no
"Chemistry Department, Carnegie Institute of Technology, Pittsburgh, Pennsylvania, USA",1,,,no
"Chemistry Laboratory, College of Engineering, Carnegie Institute of Technology",1,,,no
"Civil Engineering Department, Carnegie Institute of Technology",1,,,no
"Civil Engineering Department, Carnegie Institute of Technology, Pittsburgh 13, Pennsylvania",1,,,no
College of Fine Arts of Carnegie Institute of Technology and the M.F.A. degree from Cranbrook Academy of Art. She has also studied at the University of Virginia and the College of William and Mary,1,William & Mary | University of Virginia,I16285277 I51556381,no
"Columbia, Carnegie-Mellon, Chicago, Michigan, Dartmouth,",1,,,no
"Comput. Sci. Dept., Carnegie Mellon Univ. Qatar, Qatar",1,Carnegie Mellon University Qatar,I4210089979,yes
"Computation Center, Carnegie Institute of Technology",1,,,no
"Computation Center, Carnegie Institute of Technology USA",1,,,no
"Computation Laboratory Carnegie Institute of Technology, Pittsburgh, Pennsylvania",1,,,no
"Computer Science Department, Carnegie Institute of Technology, Pittsburgh, Pennsylvania, U.S.A",1,,,no
"Computer science program carnegie mellon university in qatar education city, doha, qatar e-mail: emohamed@qatar.cmu.edu",1,Carnegie Mellon University Qatar,I4210089979,yes
"Conflicts of Interest: This study was funded by a grant from BBraun Aesculap. Prof. Picard has licences and patents with BBraun Aesculap and CMU and receives royalties from such. He has received institutional support from Zimmer, Stryker, Convatec, BBT, Mathys, and Bayer unrelated to this work. He is a consultant for BBT, Convatec, and BBraun. Dr. Sciberras was employed by the Golden Jubilee National Hospital using the study grant from BBraun Aesculap as Clinical Research Fellow and has received funding in the past for travel. Dr. Deakin reports grants from BBraun Aesculap for the submitted work and outside of submitted work",1,,,no
Cornegie Mellon University,1,,,no
"Cornegie Mellon University, Pittsburgh, PA 15213, USA",1,,,no
Cornegie-Mellon University,1,,,no
"Cornegie-Mellon University, Pittsburgh, Pennsylvania",1,,,no
"DAMTP , Centre for Mathematical Sciences , Wilberforce Road , Cambridge , UK, CB3 0WA 40 Kavli Institute for Cosmology, Cambridge, UK, CB3 0HA 41 Jet Propulsion Laboratory, California Institute of Technology, Pasadena, CA, USA 42 Department of Physics and Astronomy, Ohio University, Clippinger Labs, Athens, OH 45701, USA 43 Max-Planck-Institut für extraterrestrische Physik (MPE), Giessenbachstrasse 1, D-85748 Garching bei München, Germany 44 Department of Physics, McWilliams Center for Cosmology, Carnegie Mellon University 45 Department of Physics, Harvard University, Cambridge, MA 02138, USA 46 University of New Mexico, Albuquerque, NM 87131 47 Stanford University, Stanford, CA 94305 48 The University of Queensland, School of Mathematics and Physics, QLD 4072, Australia 49 University of Utah, Department of Physics and Astronomy, 115 S 1400 E, Salt Lake City, UT 84112, USA 50 Boston University, Boston, MA 02215 51 Princeton University, Princeton, NJ 08544 52 University of California at",1,Princeton University | California Institute of Technology | Harvard University | The University of Queensland | University of Utah | Jet Propulsion Laboratory | Max Planck Institute for Extraterrestrial Physics | Ohio University,I20089843 I122411786 I136199984 I165143802 I223532165 I1334627681 I4210091772 I4210106879,no
"DEPARTMENT OF CHEMICAL ENGINEERING, CARNEGIE INSTITUTE OF TECHNOLOGY, PITTSBURGH, PENNA",1,,,no
"DR. ANGRIST, a research sociologist at Carnegie Institute of Technology Pittsburg, Pa., in interested in the bealth professional and in patient care. She earned her Ph.D. at Ohio State University, Columbus, and from 1962 to 1964 taught social science concepts and research methodes to graduate students in psychiatric nursing at the University of Pittsburgh",1,The Ohio State University | University of Pittsburgh,I52357470 I170201317,no
"DSO National Laboratories & Carnegie Mellon University, Singapore, Singapore, Singapore#TAB#",1,DSO National Laboratories,I28490864,no
"Dartmouth College, United States of America (work done during Pediredla's time at CMU), Hanover, New Hampshire, USA",1,Dartmouth College,I107672454,no
"Dean of Students Carnegie Institute of Technology Pittsburgh, Pennsylvania",1,,,no
"Dean, Carnegie Institute of Technology and Professor of Civil Engineering",1,,,no
"Dean, Division of Student Affairs, Carnegie Institute of Technology",1,,,no
"Department o f Mechanical Engineering Carnegie Institute of Technology, Pittsburgh, Pennsylvania, USA",1,,,no
Department of Arts and Sciences Carnegie‐Mellon University Doha Qatar,1,Carnegie Mellon University Qatar,I4210089979,yes
"Department of Arts and Sciences, Carnegie-Mellon University, Doha, Qatar",1,Carnegie Mellon University Qatar,I4210089979,yes
Department of Biological Sciences and Center for the Neural Basis of Cognition and barth@cmu.edu,1,Center for the Neural Basis of Cognition,I4210086114,yes
"Department of Biological Sciences, Carnegie Institute of Technology, Pitts-burgh, Pennsylvania",1,,,no
"Department of Biological Sciences, Carnegie Institute of Technology, Pittsburgh, Pennsylvania 15213, USA",1,,,no
"Department of Chemical Engineering, Carnegie Institute of Technology, Pittsburgh, Pennsylvania USA",1,,,no
"Department of Chemistry , Carnegie Institute of Technology , Pittsburgh , Pennsylvania , U.S.A",1,,,no
"Department of Chemistry , Carnegie Institute of Technology , Pittsburgh 13, Pa., U.S.A",1,,,no
"Department of Chemistry , Carnegie Institute of Technology , Prittsburgh 13, Pennsylvania, U.S.A",1,,,no
"Department of Chemistry, California State College at Los Angeles, Los Angeles 32, California; Department of chemistry, Carnegie Institute of technology, Pittsburgh, Penn",1,California State University Los Angeles,I27825529,no
"Department of Chemistry, California State College at Los Angeles, Los Angeles, California, 90032; Department of Chemistry, Carnegie Institute of Technology, Pittsburgh, Pa",1,California State University Los Angeles,I27825529,no
"Department of Chemistry, California State College at Los Angeles, Los Angeles, California, 90032; Department of Chemistry, Carnegie Institute of Technology, Pittsburgh, Pensylvania",1,California State University Los Angeles,I27825529,no
"Department of Chemistry, Carnegie Institute of Technology Pittsburgh 13, Pennsylvania",1,,,no
"Department of Chemistry, Carnegie Institute of Technology Pittsburgh, Pa",1,,,no
"Department of Chemistry, Carnegie Institute of Technology Pittsburgh, Pennsylvania, USA",1,,,no
"Department of Chemistry, Carnegie Institute of Technology U.S.A",1,,,no
"Department of Chemistry, Carnegie Institute of Technology, 15213, Pittsburgh, Pennsylvania",1,,,no
"Department of Chemistry, Carnegie Institute of Technology, Pittsburg, Pennsylvania; Department of Chemistry, Tokyo University of Education, Tokyo, Japan",1,,,no
"Department of Chemistry, Carnegie Institute of Technology, Pittsburgh 13, Pennsylvania, and Department of Chemistry, Illinois Institute of Technology, Chicago 16, Illinois",1,Illinois Institute of Technology,I180949307,no
"Department of Chemistry, Carnegie Institute of Technology, Pittsburgh 13, Pennsylvania; Chemistry Division, Argonne National Laboratory, Argonne, Illinois",1,Argonne National Laboratory,I1282105669,no
"Department of Chemistry, Carnegie Institute of Technology, Pittsburgh 13, Pennsylvania; Department of Chemistry, The Johns Hopkins University, Baltimore 18, Maryland",1,Johns Hopkins University,I145311948,no
"Department of Chemistry, Carnegie Institute of Technology, Pittsburgh 13, Pennsylvania; Department of Chemistry, University of Ottawa, Ottawa 2, Ontario",1,University of Ottawa,I153718931,no
"Department of Chemistry, Carnegie Institute of Technology, Pittsburgh 13, PennsylvaniaUSA",1,,,no
"Department of Chemistry, Carnegie Institute of Technology, Pittsburgh 13, USA",1,,,no
"Department of Chemistry, Carnegie Institute of Technology, Pittsburgh, Pennsylvania and Quantum Chemistry Group, University of Uppsala, Uppsala, Sweden",1,Uppsala University,I123387679,no
"Department of Chemistry, Carnegie Institute of Technology, Pittsburgh, Pennsylvania, and Department of Theoretical Chemistry, University of Cambridge, Cambridge, England",1,University of Cambridge,I241749,no
"Department of Chemistry, Carnegie Institute of Technology, Pittsburgh, Pennsylvania, and Istituto Superiore di Sanità, Rome, Italy",1,Istituto Superiore di Sanità,I27897274,no
"Department of Chemistry, Carnegie Institute of Technology, Pittsburgh, Pennsylvania; Department of Chemistry, Faculty of Science, Tokyo University of Education, Tokyo, Japan",1,,,no
"Department of Chemistry, Carnegie Institute of Technology, Prittsburgh 13, Pennsylvania, U.S.A",1,,,no
"Department of Chemistry, Cornegie Mellon University, Pittsburgh, PA 15213, USA",1,,,no
"Department of Chemistry, University of California, Berkeley, California, and Mellon Institute, Pittsburgh, Pennsylvania",1,"University of California, Berkeley",I95457486,no
"Department of Civil Engineering, Carnegie Institute of Technology, Schenley Park, Pittsburgh, Pa",1,,,no
"Department of Civil and Environmental Engineering, Mellon University, USA",1,,,no
"Department of Computer Science and Technology, Tsinghua University, China and HCII, CMU, United States",1,Tsinghua University,I99065089,no
"Department of Computer Science, Arnegie-Mellon University, Schenley Park, Pittsburgh, Pa. 15213, USA",1,,,no
"Department of Computing Science , Carnegie Institute of Technology , Pittsburgh, U.S.A",1,,,no
"Department of Cosmeceutics, China Medical University, CMU, Taichung, Taiwan",1,China Medical University,I184693016,no
"Department of Cosmeceutics, China Medical University, China Medical University, CMU, Taichung, Taiwan",1,China Medical University,I184693016,no
"Department of ECE, 5000 Forbes Ave., Pittsburgh, PA 15213, USA",1,University of Pittsburgh,I170201317,no
Department of Economics of the Carnegie Institute of Technology,1,,,no
"Department of Economics, Carnegie Institute of Technology, Pittsburgh, Pennsylvania",1,,,no
"Department of Electrical Engineering , Carnegie Institute of Technology , Pittsburgh, Pennsylvania, 13",1,,,no
"Department of Electrical Engineering , Carnegie Institute of Technology , Pittsburgh, Pennsylvania, 13, U.S.A",1,,,no
"Department of Electrical Engineering , Carnegie Institute of Technology , Sehonley Park, Pittsburgh, Pennsylvania",1,,,no
"Department of Electrical Engineering Carnegie Institute of Technology Pittsburgh, Pennsylvania USA",1,,,no
"Department of Electrical Engineering, Carnegie Institute of Technology, Pennsylvania, USA",1,,,no
"Department of Electrical Engineering, Carnegie Institute of Technology, Pittsburgh 13, Pa. USA",1,,,no
"Department of Electrical Engineering, Carnegie Institute of Technology, Pittsburgh, U. S. A",1,,,no
"Department of Electrical Engineering, Carnegie Institute of Technology, Sehonley Park, Pittsburgh, Pennsylvania",1,,,no
"Department of Genetic Medicine and Development, CMU‐Geneva, Switzerland",1,University of Geneva,I114457229,no
"Department of HSA, CMU, Taiwan, R.O.C",1,China Medical University,I184693016,no
"Department of History, Carnegie Institute of Technology",1,,,no
"Department of History, Carnegie Mellon University, Doha, Qatar",1,Carnegie Mellon University Qatar,I4210089979,yes
"Department of Mathematics Carnegie Institute of Technology Pittsburgh, Pennsylvania USA",1,,,no
"Department of Mathematics, Carnegie Institute of Technology, 15213, Pittsburgh, Pennsylvania, USA",1,,,no
"Department of Mathematics, Carnegie Institute of Technology, Pittsburgh 13, Penn., USA",1,,,no
"Department of Mathematics, Carnegie Institute of Technology, Schenley Park, Pittsburgh, Pennsylvania, USA",1,,,no
"Department of Mathematics, Carnegie Institute of Technology, USA",1,,,no
"Department of Mathematics, Carnegie Institute of Technology,Pittsburgh 13, Pennsylvania",1,,,no
"Department of Mathematics, The Carnegie Institute of Technology, Pittsburgh, Pa., USA",1,,,no
"Department of Mechanical Engineering , Carnegie Institute of Technology , Pittsburgh, Pennsylvania",1,,,no
Department of Mechanical Engineering at the Carnegie Institute of Technology,1,,,no
"Department of Mechanical Engineering, Carnegie Institute of Technology 1 Professor , , Pittsburgh, Pa.15213",1,,,no
"Department of Mechanical Engineering, Carnegie Institute of Technology, Pittsburgh 13, Pa., U.S.A",1,,,no
"Department of Mechanical Engineering, Carnegie Institute of Technology, Pittsburgh 13, Pennsylvania, USA",1,,,no
"Department of Mechanical Engineering, Carnegie Institute of Technology, Pittsburgh 13, USA",1,,,no
"Department of Mechanical Engineering, Carnegie Institute of Technology, Pittsburgh, PA, USA",1,,,no
"Department of Mechanical Engineering, Carnegie Institute of Technology, Pittsburgh, Pa, U.S.A",1,,,no
"Department of Mechanical Engineering. Carnegie Institute of Technology, Pittsburgh, Pa",1,,,no
"Department of Medical Laboratory Science and Biotechnology, China Medical University, Taichung 404, Taiwan, e-mail: kchliu@mail.cmu.edu.tw#TAB#",1,China Medical University,I184693016,no
"Department of Metallurgical Engineering , Carnegie Institute of Technology , Pa., Pittsburgh,  U.S.A",1,,,no
"Department of Metallurgical Engineering , Carnegie Institute of Technology , Pittsburgh, Pennsylvania, 15213",1,,,no
"Department of Metallurgical Engineering Carnegie Institute of Technology Pittsburgh , Pennsylvania Technical Information Service , Oak Ridge , Tennessee",1,,,no
"Department of Metallurgical Engineering, Carnegie Institute of Technology, Pittsburgh 13, PennsylvaniaUSA",1,,,no
"Department of Metallurgy , Carnegie Institute of Technology , Pittsburgh 13 , Pennsylvania",1,,,no
"Department of Metallurgy , Carnegie Institute of Technology , Pittsburgh, Pa, U.S.A",1,,,no
"Department of Metallurgy and Materials Science , Carnegie Institute of Technology , Pittsburgh, Pennsylvania, 15213",1,,,no
"Department of Metallurgy and Materials Science Carnegie Institute of Technology Pittsburgh, PennsylvaniaU.S.A",1,,,no
"Department of Metallurgy and Materials Science, Carnegie Institute of Technology, Pittsburgh, Pennsylvania 15213 U.S.A",1,,,no
"Department of Metallurgy and Materials Science, Carnegie Institute of Technology, Pittsburgh, Pennsylvania, 15213",1,,,no
"Department of Metallurgy and Materials Science, Carnegie Institute of Technology, Pittsburgh, Pennsylvania, U.S.A",1,,,no
"Department of Metallurgy and Materials Science, Carnegie Institute of Technology, Pittsburgh, Pennsylvania; Westinghouse Research Center, Pittsburgh, Pennsylvania",1,,,no
"Department of Metallurgy and Materials Science, Carnegie Institute of Technology, Pittsburgh, PennsylvaniaU.S.A",1,,,no
"Department of Metallurgy and Materials Science, Carnegie Institute of Technology, Pittsburgh, PennsylvaniaUSA",1,,,no
"Department of Metallurgy, Carnegie Institute of Technology, Pittsburgh 13, Pennsylvania",1,,,no
"Department of Metallurgy, Carnegie Institute of Technology, Pittsburgh, Pa, U.S.A",1,,,no
"Department of Nutrition, China Medical University, 91, Hsueh-Shih Road, Taichung, Taiwan. ymyu@mail.cmu.edu.tw",1,China Medical University,I184693016,no
"Department of Occupational and Environmental Health School of Public Health, China Medical University, 92 North 2nd Road, Shenyang, 110001, P.R. China;, Email: chenjie@mail.cmu.edu.cn",1,China Medical University,I91656880,no
"Department of Pharmacology School of Pharmaceutical Sciences Shenyang, China Medical University, CMU China",1,China Medical University,I91656880,no
"Department of Pharmacology, School of Medicine, China Medical University,91 Hseuh-Shih Road, Taichung City, Taiwan 40402, Republic of China. yfchen@mail.cmu.edu.tw",1,China Medical University,I184693016,no
"Department of Physics , Cegie Mellon University , 5000 Forbes Avenue , Wean Hall , Rm. 7322 , Pittsburgh , Pensylvania 15213 , U.S.A",1,,,no
"Department of Physics Carnegie Institute of Technology Pittsburgh , Pennsylvania",1,,,no
"Department of Physics Carnegie Institute of Technology Pittsburgh, Pennsylvania, USA",1,,,no
"Department of Physics and Astronomy, University of Pittsburgh, and, Pittsburgh NMR Center for Biomedical Research, Mellon Institute, 4400 Fifth Avenue, Pittsburgh, Pennsylvania, 15213",1,University of Pittsburgh,I170201317,no
"Department of Physics, Carnegie Institute of Technology Pittsburgh, Pennsylvania 15213",1,,,no
"Department of Physics, Carnegie Institute of Technology, Pittsburg, Penn",1,,,no
"Department of Physics, Carnegie Institute of Technology, Pittsburgh 13, Pennsylvania USA",1,,,no
"Department of Physics, Carnegie Institute of Technology, Pittsburgh, Pennsylvania and Bell Telephone Laboratories, Murray Hill, New Jersey",1,,,no
"Department of Physics, Carnegie Institute of Technology, Pittsburgh, Pennsylvania, and Magnetic Materials Development Section, Westinghouse Electric Corporation, East Pittsburgh, Pennsylvania",1,Westinghouse Electric (United States),I9217761,no
"Department of Physics, Carnegie Institute of Technology, Pittsburgh, pennsylvania",1,,,no
"Department of Physics, Carnegie Institute of Technology, Schenley Park, Pittsburgh 13, Pennsylvania",1,,,no
"Department of Physics, Carnegie Institute of Technology, USA",1,,,no
"Department of Physics, University of Pittsburgh and Mellon Institute, Pittsburgh 13, Pennsylvania",1,University of Pittsburgh,I170201317,no
"Department of Psychology , Carnegie Institute of Technology",1,,,no
"Department of Psychology , Carnegie Institute of Technology , Pittsburgh , Pennsylvania , USA",1,,,no
"Department of Psychology , Carnegie Institute of Technology , Schenley Park,  Pittsburgh 13 ,  Pennsylvania ,  USA",1,,,no
"Department of Psychology , Carnegie Institute of Technology Schenley Park , Pittsburgh , Pennsylvania , 15213 , USA",1,,,no
Department of Psychology Carnegie Institute of Technology,1,,,no
"Department of Psychology and Education, Carnegie Institute of Technology",1,,,no
"Department of Psychology and Education, Carnegie Institute of Technology, Pittsburgh, PA, US",1,,,no
"Department of Psychology, Carnegie Institute of Technology",1,,,no
"Department of Psychology, Carnegie Institute of Technology Schenley Park, Pittsburgh, Pennsylvania, 15213, USA",1,,,no
"Department of Psychology, Carnegie Institute of Technology, Pittsburgh 13, Pa",1,,,no
"Department of Psychology, Carnegie Institute of Technology, Pittsburgh, Pennsylvania, USA",1,,,no
"Department of Social Work, Carnegie Institute of Technology",1,,,no
"Department of Surgery, The First Affiliated Hospital of China Medical University, Shenyang, China. haozhang@mail.cmu.edu.cn",1,First Hospital of China Medical University,I4210140515,no
"Department of Theoretical Organic Chemistry, Leiden University ; Chemistry Department, Carnegie Institute of Technology, Pittsburgh, Pa",1,Leiden University,I121797337,no
"Department of mathmematics of the Carnegie Institute of Technology, Pittsburgh, Pa",1,,,no
"Department of physiology, CMU, 1211 Genève 4 - Switzerland",1,University of Geneva,I114457229,no
"Departments of Chemistry, Carnegie Institute of Technology and Purdue University, USA",1,Purdue University West Lafayette,I219193219,no
"Departments of Chemistry, Carnegie Institute of Technology, Pittsburgh 13, Pennsylvania and The Johns Hopkins University, Baltimore 18, Maryland",1,Johns Hopkins University,I145311948,no
"Departments of Chemistry, Carnegie Institute of Technology, Pittsburgh 13, Pennsylvania, and The Johns Hopkins University, Baltimore 18, Maryland",1,Johns Hopkins University,I145311948,no
"Departments of Chemistry, Carnegie Institute of Technology, Pittsburgh, Pennsylvania and The Johns Hopkins University, Baltimore, Maryland",1,Johns Hopkins University,I145311948,no
"Departments of Chemistry, Carnegie Institute of Technology, Pittsburgh, Pennsylvania, and The Johns Hopkins University, Baltimore, Maryland",1,Johns Hopkins University,I145311948,no
"Departments of Chemistry, Illinois Institute of Technology, Chicago, Illinois, and Carnegie Institute of Technology, Pittsburgh, Pennsylvania",1,Illinois Institute of Technology,I180949307,no
"Departments of Electrical Engineering and Computer Science, Carnegie Institute of Technology, Pittsburgh, PA, USA",1,,,no
"Departments of Mechanical Engineering and Mathematics, Carnegie Institute of Technology, Pittsburgh 13, Pennsylvania, U. S. A",1,,,no
"Dept. of Biology and Public Health, Carnegie Institute of Technology",1,,,no
"Dept. of Civil Engineering , Carnegie Institute of Technology , Pittsburgh , Pa",1,,,no
"Dept. of Electrical Engineering, Carnegie Institute of Technology, Pittsburgh 13, Pa., USA",1,,,no
"Dept. of Electrical and Computer Engineering/AI , Carnegie Mellon University , Africa,",1,Carnegie Mellon University Africa,I4210130200,yes
"Dept. of Social Work, Carnegie Institute of Technology",1,,,no
"Directed to C.I.T., Department of Chemistry, Carnegie Institute of Technology, Pittsburgh, Penn",1,,,no
"Directeur de la revue Électronique et Automatisme, 1, rue du Dragon, Paris (6) . Précédemment Ass. Professeur au Carnegie Institute of Technology, Pittsburgh, U. S. A",1,,,no
"Director of the Mellon Institute of Industrial Research of the University of Pittsburgh, Pittsburgh, Pa",1,University of Pittsburgh,I170201317,no
"Director of the Research Bureau for Retail Training, Carnegie Institute of Technology",1,,,no
"Director, Mellon Institute of Industrial Research",1,,,no
"Director, Metals Research Laboratory, and Head, Department of Metallurgy, Carnegie Institute of Technology, Pittsburgh, Pennsylvania",1,,,no
"Division of Anaesthesiology Investigations, CMU, Genève 14, Switzerland",1,,,no
Division of Humanistic and Social Studies at Carnegie Institute of Technology,1,,,no
"Division of Pure Physics, National Research Council, Ottawa, Canada ; Department of Metallurgical Engineering, Carnegie Institute of Technology, Pa., Pittsburgh, U.S.A",1,National Research Council Canada,I4210159778,no
"Dow Chemical Co., Graduate Fellow, Carnegie Institute of Technology, Pittsburgh, USA",1,,,no
"Dr. Frederick Seitz, geb. 1911 in San Franzisko/Kalifornien Promotion 1934 an der Princeton University; 1935–1937 Professor an der Universität von Rochester; von 1937–1939 bei General Electric in Schenectady/N. Y.; 1939–42 wirkte er an der University of Pennsylvania, 1942–49 am Carnegie Institute of Technology; 1946–47 Professor und Chairman am Oak Ridge National Laboratory; seit 1949 Direktor des Trainingsprogramms in Atomic Energy an der University of Illinois; dort 1952–57 Technischer Direktor am Control Systems Laboratory; 1957 erhielt er die Ehrendoktorwürde der Universität von Gent/Belgien ab 1957 Physikprofessor und Chairman des Departments; seit 1962 Präsident der US Akademie der Wissenschaften; von 1966 an Präsident der Rockefeller-Universität/N. Y",1,Princeton University | University of Pennsylvania | University of Illinois Urbana-Champaign | Oak Ridge National Laboratory,I20089843 I79576946 I157725225 I1289243028,no
"Départment de Neurosciences, CMU, 1211 Geneva 4, Switzerland",1,University of Geneva,I114457229,no
"E. E. Dpt, Carnegie Institute of Technology, Pittsburgh, U. S. A",1,,,no
"Earnegie-Mellon University, USA",1,,,no
"Echinobase #6-46, Mellon Institute, 4400 Fifth Ave, Pittsburgh, PA 15213, USA",1,,,no
"Echinobase, #646 Mellon Institute, 4400 Fifth Ave, Pittsburgh, PA 15213, USA",1,,,no
"Eduard Zintl Institut der Technischen Hochschule, Darmstadt, Germany; Physics Department, Carnegie Institute of Technology, Pittsburgh, Pennsylvania",1,Technische Universität Darmstadt,I31512782,no
"Edward J. Conlon is Edward Frederick Sorin Chair of Management in the Mendoza College of Business at the University of Notre Dame. He has his B.S. from the Pennsylvania State University and his M.S. and Ph.D. from the Graduate School of Industrial Administration of Carnegie-Mellon University. He has served also on the faculties of the Georgia Institute of Technology and the University of Iowa. Professor Conlon is currently the Editor of Academy of Management Review. He has also served on the editorial boards of Academy of Management Journal and Journal of Applied Psychology. His research interests concern the relationship between organizational design, information, and behavior in organizations",1,University of Notre Dame | University of Iowa | Pennsylvania State University,I107639228 I126307644 I130769515,no
"Elec. Engineering Department, Carnegie Institute of Technology, Pittsburgh, PA, USA",1,,,no
"Electrical Engineering Department , Carnegie Institute of Technology , Pittsburgh 13, Pa",1,,,no
"Electrical Engineering Department, Carnegie Institute of Technology, Pittsburgh 13, Pa",1,,,no
"Electrical Engineering Department, Carnegie Institute of Technology, Pittsburgh, Pa., USA",1,,,no
"Electrical Engineering Department, Earnegie-Mellon University, Pittsburgh, PA, USA",1,,,no
Email: cervas@cmu.edu,1,,,no
"Energy Productivity Center of the Mellon Institute and the Physics Department, University of Michigan, Ann Arbor, MI 48109, USA",1,University of Michigan,I27837315,no
"Energy Research and Development Administration Camegie - Melion University 5000 Forbes Avenue Pittsburgh , Pennsylvania 15213",1,,,no
"Engineering Director Industrial Hygiene Foundation, Mellon Institute, Pittsburgh",1,Industrial Health Foundation,I4405271854,no
"Engineering Physics Department, Cornell University, Ithaca, New York and Physics Department, Carnegie Institute of Technology, Pittsburgh, Pennsylvania",1,Cornell University,I205783295,no
"Engineering-Science, Inc. , Austin tcarnegie-Hellon University , Pittsburgh ;",1,,,no
"English, arnegie Mellon University",1,,,no
"February 3, 1997, CMU-CS-97-111",1,,,no
"For helpful comments, we thank Kerry Back (Rice), Nittai Bergman (MIT), Bruce Carlin (UCLA), Hui Chen (MIT), Peter Feldhutter (LBS), Richard Green (CMU), Nicolae Garleanu (UC Berkeley), Barney Hartman-Glaser (Duke), Burton Hollifield (CMU), Gustavo Manso (UC Berkeley), Holger Mueller (NYU), the editor, three anonymous referees, and seminar participants of the MIT Sloan lunchtime workshop, NYU lunchtime workshop, Columbia GSB lunchtime workshop, Chicago Booth Finance lunch, NBER Microstructure meeting, ASU winter conference, Duke-UNC asset pricing conference, Texas Finance Festival, UNC, Boston University, University of Colorado at Boulder, INSEAD, Imperial College London, UCLA Anderson, WFA 2012, SED 2012, NBER SI Asset Pricing meeting, Gerzensee ESSFM 2012, Northwestern Kellogg, Copenhagen Business School, Tilburg University, Erasmus University, University of Amsterdam, Utah Winter Finance Conference 2013, and London Business School. We are especially grateful to Rui Cui for excellent research assistance. Zhiguo He acknowledges financial support from the Center for Research in Security Prices at the University of Chicago Booth School of Business",1,"University of California, Berkeley | University of California, Los Angeles | University of Amsterdam",I95457486 I161318765 I887064364,no
Ford Motor Company and Carnegie Institute of Technology U.S.A,1,Ford Motor Company (United States),I1292974536,no
"Formerly associated with the Research Laboratory of the General Electric Co.; now a graduate student in the Dept, of Metallurgical Engineering, Carnegie Institute of Technology, USA",1,General Electric (United States),I1332737386,no
"From Mellon Institute of Industrial Research, University of Pittsburgh, Pittsburgh, Pa",1,University of Pittsburgh,I170201317,no
"From the Department of Biochemistry and Nutrition, Graduate School of Public Health, University of Pittsburgh and Mellon Institute, Pittsburgh, Pennsylvania 15213",1,University of Pittsburgh,I170201317,no
"From the Department of Biochemistry and Nutrition, the Graduate School of Public Health, University of Pittsburgh, and the Mellon Institute, Pittsburgh",1,University of Pittsburgh,I170201317,no
"From the Department of Biophysics, University of Pittsburgh, and the Department of Chemistry, Carnegie Institute of Technology, Pittsburgh, Pennsylvania 15213",1,University of Pittsburgh,I170201317,no
"From the Industrial Hygiene Foundation, Mellon Institute, Pittsburgh, Pennsylvania",1,Industrial Health Foundation,I4405271854,no
"From the Laboratories of The Mount Sinai Hospital, New York City, and the Chemical Laboratories of the Carnegie Institute of Technology, Pittsburgh, Pa",1,Mount Sinai Hospital,I1324220072,no
"Fulbright Scholar, Carnegie Institute of Technology, Pittsburgh, Pa",1,,,no
"Fyssik Institutt, Blinden Universitetet, Oslo, Norway, Metals Research Laboratory, Carnegie Institute of Technology Pittsburgh, Pennsylvania",1,,,no
"GM-CMU Autonomous Driving Collaborative Research Lab, GM R&D Center, Warren, MI 48090 USA",1,General Motors (United States),I118136607,no
"GREGORY DJANIKIAN is the author of three volumes of poetry: The Man in the Middle (Carnegie Mellon, 1984), Falling Deeply into America (Carnegie Mellon, 1989) and About Distance (Carnegie Mellon, 1995). He is the recipient of a National Endowment for the AAS Fellowship and is the director of the Writing Program at the University of Pennsylvania, where he is also professor of English and Creative Writing",1,University of Pennsylvania,I79576946,no
GSI Global Sensitivity Index YCB Yale-CMU-Berkeley,1,,,no
"General Education Center, China Medical University, 91, Shiuesh Rd., Taichung, 404, Taiwan, China. E-mail: ssliaw@mail.cmu.edu.tw, Phone: 886-422053366 Ext. 1927",1,China Medical University,I184693016,no
"General Electric Company, Educational Testing Service, Carnegie Institute of Technology, and General Electric Company",1,General Electric (United States) | Educational Testing Service,I1332737386 I1341030882,no
"George J. Skladany is the manager of operations for Detox Inc. in Dayton, Ohio, where his responsibilities include the design of laboratory treatability studies. He teaches courses in site remediation for the U.S. EPA, the UCLA Extension Program in Toxic and Hazardous Materials Control and Management, and private companies. Skladany received a B.S. in cellular and molecular biology from Carnegie-Mellon University in 1978 and an M.S. in environmental systems engineering from Clemson University in 1984",1,Environmental Protection Agency,I1302368450,no
"Georgia Institute of Technology; Pennsylvania State University, and University of Texas and Carnegie Institute of Technology.; University of North Carolina",1,Georgia Institute of Technology | Pennsylvania State University,I130701444 I130769515,no
"Graduate Assistant and Professor of Mathematics, respectively, Carnegie Institute of Technology, Pittsburgh, Pa., U.S.A",1,,,no
"Graduate Research Ass't Civil Dept., Carnegie Tech",1,,,no
"Graduate School of Industial Administration, Carnegie Institute of Technology",1,,,no
"Graduate School of Industrial Administration Carnegie Institute of Technology Pi ttsburgh, Pennsylvania 15213",1,,,no
"Graduate School of Industrial Administration Carnegie Institute of Technology Pittsburgh, Pennsylvania",1,,,no
"Graduate School of Industrial Administration Carnegie Institute of Technology Pittsburgh, Pennsylvania 15213",1,,,no
"Graduate School of Industrial Administration, Carnegie Institute of Technology#TAB#",1,,,no
"Graduate School of Industrial Administration, Carnegie Institute of Technology, Pittsburgh, PA",1,,,no
"Graduate School of Industrial Administration, Carnegie Institute of Technology, Pittsburgh, PA, US",1,,,no
"Graduate School of Industrial Administration, Carnegie Institute of Technology, Pittsburgh, Pa., USA",1,,,no
"Graduate School of Industrial Administration, Carnegie Institute of Technology, Pittsburgh, Pennsylvania 15213",1,,,no
"Graduate School of Industrial Administration, Carnegie Institute of Technology, Pittsburgh, Pennsylvania#TAB#",1,,,no
"Graduate Student, Carnegie Institute of Technology",1,,,no
"H) CNS , Univ. of Tokyo , I) CMU, J) GSI, K) ICR , Kyoto University",1,Kyoto University | The University of Tokyo,I22299242 I74801974,no
HEINS (Carnegie Institute of Technology),1,,,no
"Hamburg, Vrije and Carnegie Mellon Universities, FNU, ZMK, UniHH, Bundesstrasse 55, 20146 Hamburg, Germany",1,Universität Hamburg,I159176309,no
"He is registered professional engineer in the State of Virginia. He holds a bachelors degree in Naval Architecture and Marine Engineering from Webb Institute of Naval Architecture and is a graduate of the Oak Ridge School of Reactor Technology. He completed the Management Course at the Graduate School of Industrial Administration, Carnegie Tech., and has taken graduate courses at George Washington University, University of Michigan and the University of Virginia",1,University of Michigan | University of Virginia | George Washington University,I27837315 I51556381 I193531525,no
"Head, Department of Home Economics, Margaret Morrison Carnegie College, Carnegie Institute of Technology, Pittsburgh",1,,,no
"Head, Physics, Carnegie Institute of Technology",1,,,no
"Health , Carnegie Institute of Technology",1,,,no
Herbert A. Simon is Professor of Administration in the Graduate School of Industrial Administration at the Carnegie Institute of Technology,1,,,no
Hudson Laboratories of Columbia University and Carnegie Institute of Technology,1,Columbia University,I78577930,no
Hudson Laboratories of Columbia University and Carnegie Institute of Technology#TAB#,1,Columbia University,I78577930,no
"INESC ID Lisboa and CMU, Lisboa, Portugal",1,Instituto de Engenharia de Sistemas e Computadores Investigação e Desenvolvimento,I121345201,no
"INESC ID Lisboa and CMU, Lisboa, Portugal#TAB#",1,Instituto de Engenharia de Sistemas e Computadores Investigação e Desenvolvimento,I121345201,no
"INRIA and CMU, UK",1,,,no
"ITP, UCSB; CMU",1,"University of California, Santa Barbara",I154570441,no
"In charge of Cooperative X-ray Laboratory, University of Pittsburgh and Mellon Institute of Industrial Research",1,University of Pittsburgh,I170201317,no
"Industrial Administration and Psychology , Carnegie Institute of Technology , USA",1,,,no
"Industrial Administration and Psychology, Carnegie Institute of Technology, USA",1,,,no
"Industrial Fellow of the Mellon Institute of Industrial Research of the University of Pittsburgh, and Research Chemist for Armour and Company of Chicago, USA",1,University of Pittsburgh,I170201317,no
"Industrial Fellow, Mellon Institute of Industrial Research, Pi!t:buP gh, Pa",1,,,no
"Industrial Fellow, Mellon Institute of Industrial Research, Refractories Fellowship, Pittsburgh, Pa",1,,,no
"Industrial Fellow, Mellon Institute of Industrial Research, Univ. of Pittsburgh, Pittsburgh, Pa",1,University of Pittsburgh,I170201317,no
"Industrial Fellow, Refractories Fellowship, Mellon Institute of Industrial Re-Search",1,,,no
"Industrial Fellow, Refractories Fellowship, Mellon Institute of Industrial Research",1,,,no
"Industrial Fellow, The Mellon Institute of Industrial Research, University of Pittsburgh, Pittsburgh, Pa",1,University of Pittsburgh,I170201317,no
Industrial Fellowship on Lead sustained by the National Lead Company at Mellon Institute,1,,,no
"Industrial Fellowship on Lead sustained by the National Lead Company at Mellon Institute, Pittsburgh, Pa",1,,,no
"Industrial Hygiene Foundation , Mellon Institute , 4400 Fifth Avenue, Pittsburgh, Pennsylvania",1,Industrial Health Foundation,I4405271854,no
"Industrial Hygiene Foundation , Mellon Institute , Pittsburgh , Pa , USA",1,Industrial Health Foundation,I4405271854,no
"Industrial Hygiene Foundation, Mellon Institute, 4400 Fifth Ave., Pittsburgh 13, PA",1,Industrial Health Foundation,I4405271854,no
"Industrial Hygiene Foundation, Mellon Institute, 4400 Fifth Avenue, Pittsburgh 13, PA",1,Industrial Health Foundation,I4405271854,no
"Industrial Hygiene Foundation, Mellon Institute, Pittsburgh, Pa, USA",1,Industrial Health Foundation,I4405271854,no
"Industrial Hygiene Foundation, Mellon Institute, and St. Joseph's Hospital, Pittsburgh, Pennsylvania",1,Industrial Health Foundation,I4405271854,no
"Industrial Hygiene Foundation. Mellon Institute, 4400 Fifth Ave, Pittsburgh, 15213",1,Industrial Health Foundation,I4405271854,no
"Industrial Management Department in the Graduate School of Industrial Administration of Carnegie Institute of Technology, Pittsburgh",1,,,no
"Inf. Syst., Carnegie Mellon Univ., Doha, Qatar",1,Carnegie Mellon University Qatar,I4210089979,yes
"Information System Program, Carnegie Mellon University, Qatar Foundation, Doha P.O. Box 24866, Qatar",1,Qatar Foundation | Carnegie Mellon University Qatar,I92528248 I4210089979,yes
"Institut für Organische Chemie der Universität Heidelberg und dem Mellon Institut, Pittsburgh, Pa., USA",1,Heidelberg University,I223822909,no
"Institute of Bioethics, CMU, 1211 Geneva 4, Switzerland",1,,,no
"Institute of Intelligent Machines, Carnegie Mellon University, Hefei, Anhui#TAB#",1,Institute of Intelligent Machines,I4210099079,no
"Instituto Superior Técnico / INESC-ID, Universidade de Lisboa & Carnegie Mellon University, Lisbon, Portugal",1,Instituto de Engenharia de Sistemas e Computadores Investigação e Desenvolvimento | University of Lisbon | Instituto Superior Técnico,I121345201 I141596103 I4387152517,no
"Instituto Superior Técnico, Carnegie Mellon University, Rua Alves Redol 9, Lisbon 1000-029, Portugal e-mail:",1,Instituto Superior Técnico,I4387152517,no
"Instituto di Chimica Farmaceutica Centro di Strutturistica Chimica del C.N.R., University of Rome, Italy ; Department of Chemistry, Carnegie Institute of Technology, Pittsburgh, Pennsylvania, U.S.A",1,,,no
"Instructeur, Carnegie Institute of Technology, Pittsburgh, U. S. A. Ce travail à été partiellement financé par la Marine Américaine, Contrat ONR Nonr 760 (09)",1,,,no
"Instructor of English, Carnegie Institute of Technology",1,,,no
"Instructor, History, Carnegie Institute of Technology",1,,,no
James G. March is Associate Professor in the Graduate School of Industrial Administration at the Carnegie Institute of Technology,1,,,no
"Jay Orear, professor of physics at Cornell University, and LincolnWolfenstein, professor of physics at Carnegie Institute of Technology, are spending a year at Cern, the European center for research in high energy physics",1,European Organization for Nuclear Research | Cornell University,I67311998 I205783295,no
"Joint SYSU-CMU Shunde International Joint Research Institute, Shunde, China",1,SYSU-CMU International Joint Research Institute,I4210129003,no
"Junior Member AIME Assistant Professor, Member AIME Professor, Dept. of Metallurgical Engineering, Carnegie Institute of Technology, Pittsburgh, USA",1,,,no
"Junior Member AIME, Research Metallurgist, Assistant Research Metallurgist, Junior Research Metallurgist, Metals Research Laboratory, Carnegie Institute of Technology, Pittsburgh, USA",1,,,no
"Junior Member AIME, Research Metallurgist, Member AIME, Principal Research Metallurgist, Metals Research Laboratory, Carnegie Institute of Technology, Pittsburgh, Pa., USA",1,,,no
"Junior Member AIME, Research Metallurgist, Metals Research Laboratory, Carnegie Institute of Technology, Pittsburgh, USA",1,,,no
"Junior Member, Member of Staff and Research Assistant, Student Member AIME, Member of Staff and Research Assistant, Metals Research Laboratory, Carnegie Institute of Technology, USA",1,,,no
"KBR Inc., CMU, Nasa Ames, Mountain View, USA",1,Ames Research Center,I1280536761,no
"Knox Fellow, Mellon Institute of Industrial Research",1,,,no
Kumamoto University 23 CMU 24 Google,1,Kumamoto University,I96036126,no
"LBNL-UC Davis-Kent State-Ohio State- SYNYSB-Purdue-CMU-BNL-Columbia-Harbin Inst. of Tech., China-St., Marys-Auckland, New Zealand",1,"University of California, Davis | Kent State University",I84218800 I149910238,no
"Laboratory for Magnetics Research, Carnegie Institute of Technology, Pittsburgh, Pennsylvania, and Scientific Laboratory, Ford Motor Company, Dearborn, Michigan",1,Ford Motor Company (United States),I1292974536,no
"Laboratory of Pharmacoinformatics and Nanotechnology, School of Chinese Medicine, China Medical University, Taichung, Taiwan, ROC. ycc@mail.cmu.edu.tw",1,China Medical University,I184693016,no
"Language Technologies Institute, School of Computer Science, Carnegie Mellon University, Australia",1,Carnegie Mellon University Australia,I4210091826,yes
"Lowell Observatory , 1400 Mars Hill Rd , Flagstaff, AZ 86001, USA 35 Departamento de Física Matemática, Instituto de Física, Universidade de São Paulo, CP 66318, São Paulo, SP, 05314- 970, Brazil 36 George P. and Cynthia Woods Mitchell Institute for Fun- damental Physics and Astronomy, and Department of Physics and Astronomy, Texas A&M University, College Station, TX 77843, USA 37 LPSC Grenoble -53, Avenue des Martyrs 38026 Grenoble, France 38 Institució Catalana de Recerca i Estudis Avançats, E-08010 Barcelona, Spain 39 Department of Astrophysical Sciences, Princeton Univer- sity, Peyton Hall, Princeton, NJ 08544, USA 40 Department of Physics, University of Surrey, Guilford, Sur- rey, UK 41 Observatório Nacional, Rua Gal. José Cristino 77, Rio de Janeiro, RJ -20921-400, Brazil 42 Department of Physics, Carnegie Mellon University, Pitts- burgh, Pennsylvania 15312, USA 43 Department of Physics, Northeastern University, Boston, MA 02115, USA 44 Centro de Investigaciones Energéticas, Medi",1,Institució Catalana de Recerca i Estudis Avançats | Northeastern University | Universidade de São Paulo | Texas A&M University | Lowell Observatory,I11932220 I12912129 I17974374 I91045830 I2799389969,no
"MELLON INSTITUTB OB INDUSTRIAL RESEARCH UNIVERSITY OF PITTSBURGH. PITTSBURGH, PA",1,University of Pittsburgh,I170201317,no
"MELLON INSTITUTE OF INDUSTRIAL RESEARCH UNIVERSITY OF PITTSBURGH, PITTSBURGH, PA",1,University of Pittsburgh,I170201317,no
MELLON UNIVERSITY AND SOFTWARE ENGINEERING INSTITUTE MATERIAL IS FURNISHED ON,1,,,no
"MELLON UNIVERSITY,",1,,,no
"MELLoN INSTITUTE, PITTSBURGH.]",1,,,no
"MacAndrews and Forbes Fellow, Mellon Institute of Industrial Research",1,,,no
"Management Sciences Research Group Graduate School of Industrial Administration Carnegie Institute of Technology Pittsburgh, Pennsylvania",1,,,no
"Manjit Grewal is a nephrologist and hypertension specialist at Genesys Regional Medical Center, Flint, Michigan. John Lopes is Assistant Professor, CMU PA Program. The authors have indicated no relationships to disclose relating to the content of this article",1,Genesys Regional Medical Center,I4210129809,no
Margaret Morrison Carnegie College Carnegie Institute of Technology,1,,,no
"Margaret Morrison Carnegie College Carnegie Institute of Technology , Pittsburgh , Penna. , USA",1,,,no
"Masahiro Abe Education: University of Tokyo, B.S., 1971, Ph.D., 1993; University of Cambridge, Diploma in Computer Science, 1980. Academic positions: Visiting Scholar, Machine Translation Center, CMU, 1987–1988. Industry positions: Laboratory Manager and Senior Research Scientist, Hitachi Dublin Laboratory, 1993; Hitachi Central Research Laboratory, 1971. Research interests: Artificial Intelligence, Kana-Kanji translation system for Japanese word processor, sign language translation system",1,University of Cambridge | The University of Tokyo,I241749 I74801974,no
Massachusetts Institute of Technology and Carnegie Institute of Technology,1,Massachusetts Institute of Technology,I63966007,no
"Mathematical Institute of the Polish Academy of Sciences, Wroclaw, and Carnegie Institute of Technology",1,Polish Academy of Sciences,I99542240,no
"Mathematical Institute of the Polish Academy of Sciences, Wroclaw, and Carnegie Institute of Technology#TAB#",1,Polish Academy of Sciences,I99542240,no
"Mathematical Institute, Oxford University, England; Chemistry Department, Carnegie Institute of Technology, Pittsburgh, Pennsylvania, 15213, U.S.A",1,University of Oxford,I40120149,no
"Mathematics Department and Graduate School of Industrial Administration, Carnegie Institute of Technology",1,,,no
"Mathematics Department and Graduate School of Industrial Administration, Carnegie Institute of Technology, USA",1,,,no
"Mathematics Department, Carnegie Institute of Technology, USA",1,,,no
"Mechanical Engineering Department , Carnegie Institute of Technology , Pittsburgh 13, Pennsylvania",1,,,no
"Mechanical Engineering Department, Carnegie Institute of Technology, Pittsburgh 13, Pennsylvania",1,,,no
"Mechanical Engineering Department, Carnegie Institute of Technology, Pittsburgh, Pennsylvania 15213 USA",1,,,no
"Mechanical Engineering Department, Carnegie Institute of Technology, Pittsburgh, U.S.A",1,,,no
Mellon Institute  USA,1,,,no
"Mellon Institute Of Industrial Research, University Of Pittsburgh, Pittsburgh, Pa",1,University of Pittsburgh,I170201317,no
"Mellon Institute and Department of Biochemistry and Nutrition, Graduate School of Public Health, University of Pittsburgh, Pittsburgh, Pa., U.S.A",1,University of Pittsburgh,I170201317,no
"Mellon Institute and Department of Chemistry, University of Pittsburgh Pittsburgh 13, Pennsylvania",1,University of Pittsburgh,I170201317,no
"Mellon Institute and Department of Chemistry, University of Pittsburgh Pittsburgh 13, PennsylvaniaUSA",1,University of Pittsburgh,I170201317,no
"Mellon Institute and Department of Chemistry, University of Pittsburgh Pittsburgh, 13, PennsylvaniaU.S.A",1,University of Pittsburgh,I170201317,no
"Mellon Institute and Department of Chemistry, University of Pittsburgh, Pittsburgh, Pennsylvania",1,University of Pittsburgh,I170201317,no
"Mellon Institute and Department of Medicine, University of Pittsburgh School of Medicine, Pittsburgh, Pa.U.S.A",1,University of Pittsburgh,I170201317,no
"Mellon Institute and School of Dentistry, University of Pittsburgh, Pa",1,University of Pittsburgh,I170201317,no
Mellon Institute and Union Carbide and Carbon Corporation,1,Union Carbide (United States),I4388891856,no
"Mellon Institute and Union Carbide and Carbon Corporation , Pittsburgh, Pennsylvania",1,Union Carbide (United States),I4388891856,no
"Mellon Institute of Industrial Research, Fittsburgh",1,,,no
"Mellon Institute of Industrial Research, Pittsburgh, Pa., American Institute of Chemical Engineers",1,American Institute of Chemical Engineers,I154016704,no
"Mellon Institute of Industrial Research, Pittsburgh, Pennsylvania, and O. Hommel Company, Pittsburgh, Pennsylvania",1,,,no
"Mellon Institute of Industrial Research, USA",1,,,no
"Mellon Institute of Industrial Research, University of Pittsburgh, Pittsburgh, Pa., USA",1,University of Pittsburgh,I170201317,no
"Mellon Institute, Pittsburgh 13, Pa., and Department of Medicine, University of Pittsburgh, Pa.USA",1,University of Pittsburgh,I170201317,no
"Mellon Institute, Pittsburgh 13, Pennsylvania, and Israel Institute of Technology, Haifa, Israel",1,,,no
"Mellon Institute, Pittsburgh Brown University, Providence",1,Brown University,I27804330,no
"Mellon Institute, Pittsburgh, Pa. and Michigan State University East Lansing, Michigan 48823 USA",1,Michigan State University,I87216513,no
"Mellon Institute, Pittsburgh, Pa.; University of Texas Postgraduate School of Medicine; M. D. Anderson Hospital, Houston, Texas",1,,,no
"Mellon Institute, Pittsburgh, Pennsylvania and Department of Chemistry, Utah State University, Logan, Utah",1,Utah State University,I121980950,no
"Mellon Institute, Pittsburgh, Pennsylvania and Union Carbide Corporation , New York, New York",1,Union Carbide (United States),I4388891856,no
"Mellon Institute, Pittsburgh, Pennsylvania and the Department of Chemistry, University of Georgia, Athens, Georgia, USA",1,University of Georgia,I165733156,no
"Mellon Institute, Pittsburgh, Pennsylvania, University of Rochester School of Medicine and Dentistry, Rochester, N. Y",1,University of Rochester | University of Rochester Medicine,I5388228 I28792581,no
"Mellon Institute, Pittsburgh, Pennsylvania, and Department of Chemistry, Clarkson College of Technology, Potsdam, New York",1,,,no
"Mellon Institute, Pittsburgh, Pennsylvania, and Union Carbide Corporation , New York, New York",1,Union Carbide (United States),I4388891856,no
"Mellon Institute, Pittsburgh, Pennsylvonia, and Weizmann Institute of Science, Rehovot, Israel",1,Weizmann Institute of Science,I53964585,no
"Mellon Institute, Room 403, USA",1,,,no
"Mellon Institute, University of Pittsburgh, Pittsburgh",1,University of Pittsburgh,I170201317,no
"Mellon Institute, University of Pittsburgh, Pittsburgh, Pa",1,University of Pittsburgh,I170201317,no
"Mellon Institute, and Department of Chemistry, University of Pittsburgh, Pittsburgh 13, Pa. USA",1,University of Pittsburgh,I170201317,no
"Mellon Institute,††Plate Glass Research Project, Sponsored by Pittsburgh Plate Glass Company. Pittsburgh, Pennsylvania 15213 USA",1,PPG Industries (United States),I201654770,no
"Mellon Institute,††The authors would like To acknowledge support of the Pittsburgh Plate Glass Company and the Mellon Institute during the initial stages of this work.‡ Pittsburgh, Pennsylvania 15213, USA",1,PPG Industries (United States),I201654770,no
Mellon University (,1,,,no
Mellon University (United States),1,,,no
Mellon University from,1,,,no
"Mellon University, 12",1,,,no
"Mellon University, USA",1,,,no
"Mellon University, University of Toronto,",1,University of Toronto,I185261750,no
"Mellon University, WA, USA",1,,,no
"Mellon University, the",1,,,no
Mellon University;,1,,,no
Mellon institute,1,,,no
Mellon-Institut of Industrial Research. Carnegie Institut . . . .,1,,,no
"Member AIME, Junior Member AIME, Metals Research Laboratory, Carnegie Institute of Technology, Pittsburgh, Pa., USA",1,,,no
"Member AIME, Alcoa Professor of Light Metals, Dept. of Metallurgical Engineering, Carnegie Institute of Technology, Pittsburgh, USA",1,,,no
"Member AIME, Aluminum Co. of America Professor of Light Metals, Dept. of Metallurgical Engineering, Carnegie Institute of Technology, Pittsburgh, USA",1,,,no
"Member AIME, Assistant Professor, Dept, of Metallurgical Engineering, Carnegie Institute of Technology, Pittsburgh, USA",1,,,no
"Member AIME, Assistant Professor, Member AIME, Jones & Laughlin Professor of Metallurgical Engineering, Carnegie Institute of Technology, Pittsburgh, USA",1,,,no
"Member AIME, Jones and Laughlin Professor of Metallurgical Engineering, Carnegie Institute of Technology, Pittsburgh, USA",1,,,no
"Member AIME, Professor of Metallurgical Engineering and Member of the Staff, Metals Research Laboratory, Carnegie Institute of Technology, Pittsburgh, USA",1,,,no
"Member AIME, is Aluminum Co. of America Professor of Light Metals and Member of the Staff, Metals Research Laboratory, Carnegie Institute of Technology, Pittsburgh, USA",1,,,no
"Member of Staff of the Metals Research Laboratory, Carnegie Institute of Technology",1,,,no
"Metallurgical Engineering Department Carnegie Institute of Technology Pittsburgh, Pennsylvania, USA",1,,,no
"Metallurgy Department, The University of Sheffield ; Metals Research Laboratory, Carnegie Institute of Technology, Pittsburgh 13, Pennsylvania, U.S.A",1,University of Sheffield,I91136226,no
"Metals Research Labaratory, Carnegie Institute of Technology, USA",1,,,no
"Metals Research Laboratory , Carnegie Institute of Technology , Pittsburgh 13, Pennsylvania",1,,,no
"Metals Research Laboratory , Carnegie Institute of Technology , Pittsburgh 13, Pennsylvania, U.S.A",1,,,no
"Metals Research Laboratory Carnegie Institute of Technology Pittsburgh , Pennsylvania Technical Information Service Extension , Oak Ridge , Tenn",1,,,no
"Metals Research Laboratory Carnegie Institute of Technology Pittsburgh 13, PennsylvaniaU.S.A",1,,,no
"Metals Research Laboratory Carnegie Institute of Technology, Pittsburgh 13, Pennsylvania, USA",1,,,no
"Metals Research Laboratory and Department of Metallurgy, Carnegie Institute of Technology, Pittsburgh, Pennsylvania",1,,,no
"Metals Research Laboratory and Physics Department Carnegie Institute of Technology, Pittsburgh, Pennsylvania, USA",1,,,no
"Metals Research Laboratory of Carnegie Institute of Technology, USA",1,,,no
"Metals Research Laboratory, Carnegie Institute of Technology Pittsburgh, Pennsylvania",1,,,no
"Metals Research Laboratory, Carnegie Institute of Technology, Pittsburgh 13, PennsylvaniaUSA",1,,,no
"Metals Research Laboratory, Carnegie Institute of Technology, Pittsburgh 13, USA",1,,,no
"Metals Research Laboratory, Carnegie Institute of Technology, Pittsburgh, 13, Pennsylvania; Edgar C. Bain Laboratory for Fundamental Research, United States Steel Corporation, Research Center, Monroeville, Pennsylvania",1,,,no
"Metals Research Laboratory, Carnegie Institute of Technology, Pittsburgh, 13, Pennsylvania; Glass Research Center, Pittsburgh Plate Glass Company, Pittsburgh, Pennsylvania",1,PPG Industries (United States),I201654770,no
"Metals Research Laboratory, Carnegie Institute of Technology, Pittsburgh, Pa, now at: Deparment of Metallurgy, Iowa State University, Ames, Iowa, USA",1,Iowa State University,I173911158,no
"Metals Research Laboratory, Carnegie Institute of Technology, Pittsburgh, Pa. 15213 U.S.A",1,,,no
"Metals Research Laboratory, Carnegie Institute of Technology, Pittsburgh, Pa.; Institut für Metallphysik, Universität, GöttingenFulbright Guest Professor at",1,University of Göttingen,I74656192,no
"Metals Research Laboratory, Carnegie Institute of Technology, Pittsburgh, Pennsylvania U.S.A",1,,,no
"Metals Research Laboratory, Carnegie Institute of Technology, Pittsburgh, PennsylvaniaUSA",1,,,no
"Metals Research Laboratory, Carnegie Institute of Technology, Pittsburgh, U.S.A",1,,,no
"Metals Research Laboratory, Department of Metallurgical Engineering, Carnegie Institute of Technology, Pittsburgh 13, Pennsylvania",1,,,no
"Metals Research Laboratory, Dept. of Metallurgical Engineering, Carnegie Institute of Technology, Pittsburgh, USA",1,,,no
"Mineral Industries Experiment Station Pennsylvania State College Stats College, Pennsylvania Mellon Institute Pittsburgh, Pennsylvania",1,Pennsylvania State University,I130769515,no
"Mr. Dill is Associate Professor of Industrial Administration and Assistant Dean of the Graduate School of Industrial Administration, Carnegie Institute of Technology, USA",1,,,no
"Mr. O'Connor was formerly economist and chief fellow (third year) of the Smoke Investigation of the Mellon Institute, and later assistant director of the Mellon Institute of Industrial Research, which position he now holds. He is also secretary of the Smoke and Dust Abatement League of Pittsburgh. This paper was read before the Association for the Prevention of Smoke, Cincinnati, September 8, 1915",1,,,no
"Mstals Reseaffch Laboratory Carnegie Institute of Technology Pittsburgh, Pennsylvania",1,,,no
Music Department of Carnegie Institute of Technology,1,,,no
"NASA Ames Research Center / CMU, Mountain View, USA",1,Ames Research Center,I1280536761,no
"NASA Ames Research Center / CMU, Mountain View, USA#TAB#",1,Ames Research Center,I1280536761,no
NASA Lewis Research C e n t e r and Carnegie-Mellon U n i v e,1,National Aeronautics and Space Administration,I4210124779,no
"NBER Entrepreneurship, Experimental and Behavioral Finance Conference, Carnegie Mellon, CKGSB, Dartmouth, Indiana, Kellogg, Rochester, Texas A&M, Toronto",1,,,no
"NBER Summer Institute, the Annual Congress of the EEA, CMU and Harvard",1,Harvard University | National Bureau of Economic Research,I136199984 I1321305853,no
"NORTHWESTERN TECHNOLOGICAL INSTITUTE AND THE TRANSPORTATION CENTER, AND CARNEGIE INSTITUTE OF TECHNOLOGY",1,,,no
Northwestern University and Carnegie Institute of Technology,1,Northwestern University,I111979921,no
Now at Carnegie Institute of Technology USA,1,,,no
"Now at the Carnegie Institute of Technology, Pittsburgh, Pa",1,,,no
"Now at: Department of Metallurgical Engineering, Carnegie Institute of Technology, Pittsburgh, PennsylvaniaUSA",1,,,no
"Nuclear Research Center, Carnegie Institute of Technology, Pittsbirgh 13, Pennsylvania, USA",1,,,no
"Ohio State University, the Carnegie Institute of Technology",1,The Ohio State University,I52357470,no
"On leave of absence from Carnegie Institute of Technology, Pittsburgh, U.S.A",1,,,no
"Palo Alto, CA, USA E-mail: white@ece.cmu.edu",1,,,no
Penn CMU Roybal P30 Center in Behavioral Economics and Health,1,,,no
Peterson of Carnegie Institute of Technology,1,,,no
"Petroleum Research Laboratory Carnegie Institute of Technology, Pittsburgh, PennsylvaniaU.S.A",1,,,no
"Petroleum Research Laboratory, Carnegie Institute of Technology",1,,,no
"Ph.D candidate in the Dept. of History , Andrew Mellon Predoctoral Fellow at the Univ. of Pittsburgh",1,University of Pittsburgh,I170201317,no
"Ph.D., University of Pennsylvania, and H. Seltz, Ph.D., Carnegie Institute of Technology. x-415 pages, small 8vo. New York, D. Van Nostrand Company, 1927. Price, $3.50",1,University of Pennsylvania,I79576946,no
"Physics Department and Metals Research Laboratory, Carnegie Institute of Technology, Pittsburgh, Pa., USA",1,,,no
"Physics Department, Carnegie Institute of Technology Pittsburgh, Pennsylvania USA CAR SS2-6 ,",1,,,no
"Physics Department, Carnegie Institute of Technology, 15213, Pittsburgh, Pennsylvania",1,,,no
"Physics Department, Carnegie Institute of Technology, Pittsburgh 13, Pennsylvania, USA††Supported by the U. S. Atomic Energy Commission",1,United States Atomic Energy Commission,I4391768262,no
"Physics Department, Carnegie Institute of Technology, Pittsburgh, PA, USA",1,,,no
"Physics Department, Carnegie Institute of Technology, Pittsburgh, Pennsylvania, USA",1,,,no
"Physics Department, University of California, Berkeley, California, and Carnegie Institute of Technology, Pittsburgh, Pennsylvania",1,"University of California, Berkeley",I95457486,no
"Physics Laboratory, Carnegie Institute of Technology",1,,,no
"Pittsburgh , Pennsylvania , The Hunt Botanical Library , Carnegie Institute of Technology",1,,,no
"Pittsburgh King K-8 Carnegie Science Center , Pittsburgh , PA , USA",1,,,no
"Postdoctoral Fellow King’s College London, University of London, Carnegie Mellon University e-mail:",1,University of London | King's College London,I124357947 I183935753,no
"Preparation of this review was supported by NSF Grant GS 1452 to Carnegie-Mellon University and NIMH Grant HD 01368-02 to the Language Development Program, University of Michigan",1,University of Michigan,I27837315,no
"Presently visiting professor, Department of Metallurgical Engineering, Carnegie Institute of Technology, Pittsburgh, Pa. 15213",1,,,no
Princeton University Carnegie Institute of Technology,1,Princeton University,I20089843,no
"Princeton, CMU",1,Princeton University,I20089843,no
"Prof. V. J. MIZEL, Department of Mathematics, Carnegie Institute of Technology, Pittsburgh 13, Pennsylvania, U.S.A",1,,,no
"Prof., Dept. of Civil Eng., Carnegie Inst. of Tech., Pittsburgh, Pa",1,,,no
Professor Department of Industrial Management Carnegie Institute of Technology,1,,,no
Professor e-mail: kotovsky@cmu.edu,1,,,no
Professor of Economics Carnegie Institute of Technology,1,,,no
"Professor of Economics and Industrial Administration, Carnegie Institute of Technology, Pittsburgh, Pennsylvania",1,,,no
"Professor of Economics and Industrial Administration, Carnegie Institute of Technology. 1",1,,,no
"Professor of Economics and Industrial Administration, Carnegie Institute of Technology. 2",1,,,no
"Professor of Electrical Engineering, Cornell University, Revised by Boyd C. Dennison, Professor of Electrical Engineering, Carnegie Institute of Technology, 781 pages, tables, illustrations, 15 × 23.5 cms. New York, John Wiley & Sons, Inc., London, Chapman & Hall, Ltd., 1933. Price $6.00",1,Cornell University,I205783295,no
Professor of English at Carnegie Institute of Technology,1,,,no
"Professor of Industrial Administration, Graduate School of Industrial Administration, Carnegie Institute of Technology, Pittsburgh, Pennsylvania",1,,,no
"Professor of Mechanics in the Department of Mathematics, and Teaching Assistant in the Department of Mechanical Engineering, respectively, Carnegie Institute of Technology, Pittsburgh, Pa., USA",1,,,no
"Professor of Metallurgy and Member of Staff, Metals Research Lab, Carnegie Institute of Technology, Pittsburgh, Pa., USA",1,,,no
"Professor of Music, Carnegie Institute of Technology, Pittsburgh, Pennsylvania",1,,,no
"Professor of Social Science, Camegie-Mellon University",1,,,no
"Professor, Carnegie Institute of Technology. 1",1,,,no
Professors of Architecture Carnegie Institute of Technology,1,,,no
"Provost Emeritus Carnegie Institute of Technology, USA",1,,,no
"Provost, Carnegie Institute of Technology",1,,,no
"Psychology, arnegie Mellon University",1,,,no
"R obert M. M organ is Head, Bureau of Measurement and Guidance, Carnegie Institute of Technology, Schenley Park, Pittsburgh, Pennsylvania",1,,,no
"R. A. Rightmire, W. D. Ehmann, and J. R. Simanton, Department of Chemistry, Carnegie Institute of Technology, Pittsburgh, Pennsylvania U.S.A",1,,,no
"RCA Research Laboratories, Princeton, N. J., Carnegie Institute of Technology, Pittsburgh, Pa",1,RCA (United States),I2800295664,no
"RI CMU, USA",1,,,no
RK Mellon Institute for Pediatric Research  Pittsburgh Pennsylvania USA,1,,,no
"RK Mellon Institute for Pediatric Research, Pittsburgh PA, USA",1,,,no
"RK Mellon Institute for Pediatric Research, Pittsburgh, Pennsylvania, USA",1,,,no
"Radiation Research Laboratories,Mellon Institute, Pittsburgh, Pennsylvania, USA",1,,,no
"Rand Corporation, and Carnegie Institute of Technology",1,RAND Corporation,I1309849503,no
"Rapport annuel du Mellon Institute of Industrial Research, IeD"" E. W. WEIDLEIN, directeur de cet Institut,",1,,,no
"Ray and Stephanie Lane Department of Computational Biology, 5000 Forbes Ave, Pittsburgh, 15213, Pennsylvania, USA",1,,,no
Reconocimiento de voz; escritura de expresiones algebraicas; modelos acústicos; modelos de lenguajes; CMU Sphinx,1,,,no
"Research Associate, Junior Member AIME, Member of Staff, Metals Research Laboratory, Carnegie Institute of Technology, Pittsburgh, Pa., USA",1,,,no
"Research Associate, Metals Research Laboratory, Carnegie Institute of Technology, USA",1,,,no
"Research Director Industrial Hygiene Foundation , Mellon Institute , Pittsburgh",1,Industrial Health Foundation,I4405271854,no
"Research Laboratory of Molecular Physics, Carnegie Institute of Technology",1,,,no
"Research Metallurgical Engineer, Principal Research Metallurgical Engineer, Metals Research Laboratory, Carnegie Institute of Technology, Pittsburgh, USA",1,,,no
"Robert M. Morgan is Head, Bureau of Measurement and Guidance, Carnegie Institute of Technology, Schenley Park, Pittsburgh, Pennsylvania",1,,,no
SEI Carnegie-Mellon,1,,,no
"SEI Carnegie-Mellon, USA",1,,,no
"SITE Workshop on Dynamic Contracts, Columbia, ASU, EIEF, CMU,",1,,,no
"SYSU-CMU Shunde International Joint Research Institute, Guangdong, China 528300",1,SYSU-CMU International Joint Research Institute,I4210129003,no
"SYSU-CMU Shunde International Joint Research Institute, No. 9 Eastern Nanguo Road, Shunde, Guangdong, China 528300",1,SYSU-CMU International Joint Research Institute,I4210129003,no
"SYSU-CMU Shunde International Joint Research Institute, Shunde 510006, China",1,SYSU-CMU International Joint Research Institute,I4210129003,no
"SYSU-CMU Shunde International Joint Research Institute, Shunde, People?s Republic of China",1,SYSU-CMU International Joint Research Institute,I4210129003,no
SYSU-CMU Shunde International Joint Research Institute; Foshan 528300 China,1,SYSU-CMU International Joint Research Institute,I4210129003,no
SYSU-CMU Shunde International Joint Research Institute; Shunde Guangdong China,1,SYSU-CMU International Joint Research Institute,I4210129003,no
"SYSU-CMU, Shunde International Joint Research Institute,Shunde,People's Republic of China",1,SYSU-CMU International Joint Research Institute,I4210129003,no
"Sanford Robbins, Director of the Professional Theatre Training Program and Chairperson of the Department of Theatre at the University of Delaware, founded the PTTP and for fourteen years served as its Director at the University of Wisconsin-Milwaukee before relocating the entire program to it's present home. He has directed extensively, both on stages in the United States and abroad. His production of Sam Shepard's The Tooth of Crime received the Thalia Award for Best Production in Finland, an award received the previous year by Ingmar Bergman. Mr. Robbins has also taught at Carnegie-Mellon University, Los Angeles City College and The American Academy of Dramatic Arts",1,University of Wisconsin–Milwaukee | University of Delaware,I43579087 I86501945,no
"Sarah Mellon Scaife Foundation's Multiple Fellowship on Othopaedic Appliances, Mellon Institute, Pittsburgh, Pennsylvania",1,,,no
"School of Business , Carnegie Mellon University , Doha , Qatar",1,Carnegie Mellon University Qatar,I4210089979,yes
"School of Chinese Medicine, China Medical University, 91 Hsueh-Shih Road, Taichung, Taiwan. jglin@mail.cmu.edu.tw",1,China Medical University,I184693016,no
"School of Engineering, Carnegie Institute of Technology, Pittsburgh, Pa",1,,,no
"School of Industrial Administration, Carnegie Institute of Technology . Both are member of the Roger Center's Standing Committee of Technical Consultants",1,,,no
"School of Industrial Administration, Carnegie Institute of Technology. Both are member of the Roger Center's Standing Committee of Technical Consultants",1,,,no
"School of Mobile Information Engineering, Sun Yet-sen University, Zhuhai, China 519082 and SYSU-CMU Shunde International Joint Research Institute, Guangdong, China 510275#TAB#",1,Sun Yat-sen University | SYSU-CMU International Joint Research Institute,I157773358 I4210129003,no
"School of Nursing, China Medical University, Nursing Department of China Medical University Hospital, Taichung City, Taiwan, China. tyaling@mail.cmu.edu.tw",1,China Medical University | China Medical University Hospital,I184693016 I4210126829,no
Secretary Carnegie Institute of Technology,1,,,no
"Senior Fellow, Mellon Institute of Industrial Research, University of Pittsburgh, Pittsburgh, Pa",1,University of Pittsburgh,I170201317,no
"Senior Fellow, Refractories Fellowship, Mellon Institute of Industrial Research",1,,,no
"Senior Fellow, The Mellon Institute of Industrial Research, University of Pittsburgh, Pittsburgh, Pa",1,University of Pittsburgh,I170201317,no
"Senior Industrial Fellow, Refractories Fellowship, Mellon Institute",1,,,no
"Senior Post Doctoral Fellow of the United States National Science Foundation, on leave of absence from Carnegie Institute of Technology, Pittsburgh, U.S.A",1,U.S. National Science Foundation,I1311060795,no
"Senior Technician, Member AIME, Metals Research Laboratory, Metals Research Laboratory, Carnegie Institute of Technology, Pittsburgh, USA",1,,,no
"Stanford , Xerox PARC , Carnegie Mellon , Northwestern , USC",1,Stanford University | Palo Alto Research Center,I97018004 I173498003,no
"Stanford SITE, Carnegie Mellon, Wharton, Calgary, Edmonton, Yale, Chicago, Ohio State, and",1,,,no
"Stephen F. Smith is a senior research scientist in the Robotics Institute at Camegie Mellon University, where he is director of the Intelligent Coordination and Logistics Laboratory. He holds a BS in mathematics from Westminster College and MS and PhD degrees in computer science from the University of Pittsburgh. For the past sevei a1 years, Dr. Smith's research has focused on development of knowledge-based techniques and tools for complex planning, scheduling, and coordination problems. His current research interests include constraint-based reasoning, mixed-initiative and reactive planning and scheduling, (re)configurable and self-organizing production management systems, and agent-based modeling and analysis of supply chain dynamics. Dr. Smith has authored or coauthored over 80 articles in the area of knowledge-based planning, scheduling, and control. He is a member of the ACM, the IEEE Computer Society, the American Association for Artificial Intelligence (AAAI), and the Institute for Operations Research and Management Science (INFORMS). He is academic chair of AAAI's Special Interest Group on Manufacturing, and chair of the Special Interest Group on Intelligent Scheduling within the INFORMS College of AI",1,University of Pittsburgh,I170201317,no
"Student Associate AIME, Member AIME, are Dow Chemical Co. Fellow and Aluminum Co. of America Professor of Light Metals, Dept. of Metallurgical Engineering, Carnegie Institute of Technology, Pittsburgh, USA",1,,,no
"Student Member AIME, Dow Chemical Co., Graduate Fellow, Carnegie Institute of Technology, Pittsburgh, USA",1,,,no
"Such as Georgetown, Carnegie Melon, Weil Cornell",1,,,no
"Sun Yat-sen University-Carnegie Melon University (SYSU-CMU) Shunde International Joint Research Institute, Shunde 528300, China",1,Sun Yat-sen University | SYSU-CMU International Joint Research Institute,I157773358 I4210129003,no
"Swedish Ministry of Finance , Stockholm School of Economics , Essec , HU Berlin , IIES , Carnegie Mellon , IZA , Utrecht , Mannheim , Düsseldorf , Bergen ,",1,Humboldt-Universität zu Berlin | Stockholm School of Economics,I39343248 I180242103,no
"Swiss Centre for Applied Human Toxicology, CMU",1,Swiss Centre for Applied Human Toxicology,I4391768042,no
"Systems and Communication Sciences Program, Carnegie Institute of Technology, Pittsburgh, Pennsylvania, USA",1,,,no
"T he A uthor : Commander John Benjamin Guerry, U. S. Navy, born January 10, 1916 in Montezuma, Georgia, attended Georgia School of Technology 1933–1935, and was graduated from the Naval Academy in 1939. He was on sea duty from 1939 through 1946 and served in Destroyers during the War. He had command of the USS IZARD (DD 589) from March 1945 to June 1946. He attended the Post graduate school at the Naval Academy 1946–1947 and Cornegie Tech 1947–1949. He received B. S. and M. S. Degrees from Carnegie Tech in Metallurgy. Upon graduation he returned to sea duty as engineering officer aboard the USS LEYTE (CV 32). He reported to the Bureau of Ships in February 1952 where he is now stationed as the Assistant for Material Development",1,United States Naval Academy | United States Navy,I189158971 I4399598358,no
"TRACLabs and CMU, NASA Ames Research Center, Moffett, Field, CA, USA",1,Ames Research Center,I1280536761,no
Technion & Aarhus University J. Pearl -UCLA S. Ur -CMU,1,Aarhus University,I204337017,no
"Technion, Haifa, Israel and CMU, Pittsburg, U.S.A",1,Technion – Israel Institute of Technology,I174306211,no
"Tel.: +1-412-422-7214, E mail address: ja@cmu.edu",1,,,no
"The Author is Professor of Solid State Electronics and Principal Research Metallurgist of the Metals Research Laboratory of Carnegie Institute of Technology. He received his SB in Physics from the University of Chicago (1940), his Ph.D. in Physics from the University of Pittsburgh (1948). He worked in industrial engineering and research at Westinghouse Electric Corporation from 1941 until he went to Carnegie Tech in 1962. Professor Longini is the author of many papers and co-author of one book on Semiconductor Physics. He is the inventor of many patented ideas in the field of electronics",1,University of Chicago | University of Pittsburgh,I40347166 I170201317,no
"The Carnegie Institute of Technology Pittsburgh, Pennsylvania, U.S.A",1,,,no
The Carnegie Institute of Technology The Pennsylvania State University,1,Pennsylvania State University,I130769515,no
"The Carnegie Institute of Technology, 15217, Pittsburgh, Pa",1,,,no
"The Carnegie Institute of Technology, Pittsburgh, Pa",1,,,no
"The Children's Hospital of Philadelphia, Carnagie Mellon University",1,Children's Hospital of Philadelphia,I1335321130,no
The College of William & MaryCarnegie Mellon UniversityGeorge Mason University,1,William & Mary | George Mason University,I16285277 I162714631,no
The Mellon Institute,1,,,no
"The Mellon Institute of Industrial Research of the University of Pittsburgh Pittsburgh, Pennsylvania",1,University of Pittsburgh,I170201317,no
"The Mellon Institute, Pittsburgh, Pennsylvania and the Department of Chemistry, University of Georgia, Athens, Georgia",1,University of Georgia,I165733156,no
"The RAND Corp., Santa Monica, CA; and Univ. of California, Berkeley; and Carnegie Institute of Technology, Pittsburgh, PA",1,"University of California, Berkeley | RAND Corporation",I95457486 I1309849503,no
The RAND Corporation and the Carnegie Institute of Technology,1,RAND Corporation,I1309849503,no
"The RAND Corporation, Santa Monica, California and Carnegie Institute of Technology, Pittsburgh, Pennsylvania",1,RAND Corporation,I1309849503,no
The SYSU-CMU Shunde International Joint Research Institute,1,SYSU-CMU International Joint Research Institute,I4210129003,no
"The author is Professor of Music and Chairman of Music Education, Fine Arts College, Carnegie Institute of Technology, Pittsburgh, Pennsylvania",1,,,no
The author is a research associate in the School of Industrial Administration of the Carnegie Institute of Technology,1,,,no
"The author wishes to express his thanks to his advisor, Dr. E. W. Tillotson, Assistant Director, Mellon Institute, for helpful advice and criticism during the progress of the investigation",1,,,no
"The writer wishes to express his appreciation to Professor E. P. Hollander of the Carnegie Institute of Technology for his valuable aid in the formulation of this paper. Full responsibility for the statements presented here, however, is assumed by the writer",1,,,no
"This paper forms a part of our continuing project ""Monetary Theory and Monetary Policy."" We wish to acknowledge financial support to both authors from the National Science Foundation assistance to Karl Brunner financed by the Bureau of Business and Economic Research at UCLA and to Allan Meltzer from the Ford Faculty Research Fellowship and Carnegie Tech's Graduate School of Industrial Administration",1,"University of California, Los Angeles",I161318765,no
This paper forms a part of our continuing project “Monetary Theory and Monetary Policy.” We wish to acknowledge financial support to both authors from the National Science Foundation assistance to Karl Brunner financed by the Bureau of Business and Economic Research at UCLA and to Allan Meltzer from the Ford Faculty Research Fellowship and Carnegie Tech's Graduate School of Industrial Administration,1,"University of California, Los Angeles",I161318765,no
"This paper was written while the author was a Ford Foundation Fellow at the Graduate School of Industrial Administration, Carnegie Institute of Technology",1,Ford Foundation,I1330432091,no
"This work was done while the writer was holding a fellowship granted by PPG Industries, Inc., at the Mellon Institute, Pittsburgh, PA",1,,,no
"Toyokazu Morizumi graduated 1964 Dept. Electronic Eng., Tokyo Inst. Technology. Completed doctoral program 1969 Grad. School. Doctor of Eng. Assistant 1969, Assoc Prof. 1973, Tokyo Inst. Tech. Visiting Assoc. Prof. 1978–79, Carnegie-Mellon Univ. Prof. 1985 Int. Comm. Center, Tokyo Inst. Technology. Engaged in researches in compound semiconductor, SAW, organic semiconductor, and membrane sensor with biological functions. Member, I.E.E., Japan, I.E.E.E., Soc. Appl. Phys. Jap., Acoust. Soc. Jap., Jap. Soc. MEBE, and Soc. Biophys",1,Tokyo Institute of Technology,I114531698,no
"U of Indiana) , Cleotilde Gonzalez (CMU) , Anne Kandler (Max Planck Institute , Germany ),",1,,,no
U. S. Atomic Energy Commission New York Operations Office . Bartol Research Foundation Brown University Carnegie Institute of Technology Columbia University Massachusetts Institute of Technology University of Pittsburgh Princeton University University of Rochester Yale University Accelerator Cyclotron Synchrocyclotron Cyclotron Synchrotron Van de Graaff Van de Graaff Cyclotron FM Cyclotron Synchr ocyclotr on Cyclotron,1,Princeton University | Columbia University | University of Pittsburgh,I20089843 I78577930 I170201317,no
"U. of North Carolina, CharlotteTexas A&M U. / Texas Christian U.Texas A&M U.Rutgers U.Carnegie Mellon U.U. of Michigan, Ann Arbor",1,"University of Michigan | University of North Carolina at Charlotte | Rutgers, The State University of New Jersey",I27837315 I102149020 I102322142,no
U. of SurreyLondon School of Economics and Political ScienceKingston U.Carnegie Mellon U.U. of Edinburgh,1,London School of Economics and Political Science,I909854389,no
"U.C.L.A., München, LPNHE Paris VI, VII, Carnegie Mellon, Strassburgh, Zúrich",1,Laboratoire de Physique Nucléaire et de Hautes Énergies,I4210105151,no
"UC Berkeley , 2 CMU ,",1,"University of California, Berkeley",I95457486,no
"UC San Diego * , CMU",1,University of California San Diego,I36258959,no
"UC-Berkeley, UCLA, Carnegie Mellon, Colorado, Harvard, LSE,",1,"University of California, Berkeley | University of California, Los Angeles",I95457486 I161318765,no
URL: http://www.math.cmu.edu/∼pikhurko,1,,,no
UW-Madison ; ♢ OSU ; ♠ CMU ; ♣ UW Seattle & ITU Copenhagen ; ♯ Caltech ;,1,University of Wisconsin–Madison | University of Washington,I135310074 I201448701,no
"Union Carbide Chemical Company Chemical Hygiene Fellowship, Mellon Institute , Pittsburgh, Pennsylvania",1,,,no
"United States Air Force Academy and currently at the Software Engineering Institute at Camegie-Mellon University,",1,United States Air Force Academy | Software Engineering Institute,I430641 I114772536,yes
University Medical Center (CMU),1,,,no
"University Mellon University, Pittsburgh",1,,,no
"University of California, Berkeley &amp; CMU, Berkeley, CA, USA",1,"University of California, Berkeley",I95457486,no
"University of California, Los Alamos Scientific Laboratory, Los Alamos, New Mexico, and Department of Physics, Carnegie Institute of Technology, Pittsburgh, Pennsylvania",1,Los Alamos National Laboratory,I1343871089,no
"University of Cambridge, Diploma in Computer Science, 1980. Academic positions: Visiting Scholar, Machine Translation Center, CMU, 1987–1988. Industry positions: Laboratory Manager and Senior Research Scientist, Hitachi Dublin Laboratory, 1993",1,University of Cambridge,I241749,no
"University of Florida and Carnegie Institute of Technology, USA",1,University of Florida,I33213144,no
University of Kansas and Carnegie Institute of Technology,1,University of Kansas,I146416000,no
"University of Madeira , Carnegie Mellon , Portugal",1,Universidade da Madeira | Carnegie Mellon Portugal,I58028834 I4405255118,yes
"University of Newcastle upon Tyne, England ; Department of Computing Science, Carnegie Institute of Technology, Pittsburgh, U.S.A",1,Newcastle University,I84884186,no
"University of Pittsburgh, Pittsburgh, Pennsylvania, Mellon Institute, Pittsburgh, Pittsburgh Chemical Information Center",1,University of Pittsburgh,I170201317,no
University of South Florida and Carnegie Mellon University-Qatar Campus,1,University of South Florida | Carnegie Mellon University Qatar,I2613432 I4210089979,yes
University) and J. L. SYNGE ( Carnegie Institute of Technology),1,,,no
"Upanzi Network Lab. Carnegie Mellon University Africa, College of Engineering. Carnegie Mellon University, Kigali, Gasabo District, Rwanda",1,Carnegie Mellon University Africa,I4210130200,yes
"Vector Institute, CMU and University of Toronto",1,University of Toronto | Vector Institute,I185261750 I4210127509,no
"Visiting Associate Prof. of Civ. Eng., Carnegie Institute of Technology, Pittsburgh, Pa",1,,,no
"Visiting Professor at Carnegie Institute of Technology, PittsburghU.S.A",1,,,no
"W. M. Keck Laboratory, California Institute of Technology, Pasadena, California, while on leave of absence from Mellon Institute, Pittsburgh 13, Pa.USA",1,California Institute of Technology,I122411786,no
"WalterH. Abelis Counselor and Research Psychologist, Bureau of Measurement and Guidance, Carnegie Institute of Technology, Pittsburgh, Pennsylvania",1,,,no
"Westinghouse Atomic Power Division and Carnegie Institute of Technology, Pittsburgh, Pennsylvania",1,,,no
Westinghouse Research Laboratories and Carnegie Institute of Technology,1,,,no
Yale-CMU-Berkeley,1,Yale University,I32971472,no
"Yuichiro Anzai received his Ph.D. degree in 1974 from Keio Univ. Served as Research Associate, Fac. Eng., Keio Univ. and Assoc. Prof., Fac. Lit., Hokkaido Univ. Since 1968, Prof., Dept. Electrical Eng., Fac. Sci. Tech., Keio Univ. Since 1989, adjunct appointment as Prof., Computer Sci., Grad. Sch., and as a staff member in Lang. Culture Lab. Dean, Oct. 1993, Fac. Sci. Tech. Visiting Assoc. Prof. 1981–1982 Carnegie-Mellon Univ. He is engaged in research on computer science and information processing in cognition. Recipient of Paper Award, Soc. Instr. Contr. Eng., and Paper Award, Inf. Proc. Soc. Author of Recognition and Learning (Iwanami Publ.); Kitowledge und Representation (Sangyo Tosho Co.); Psychology of Problem-Solving (Chuokoronsha Co.) Present Status of Brain Science (co-author, Chuokoronsha Co.). Translator of Sociezy of Mind (Minsky, Sangyo Tosho Co.) He is a member of the Inf. Proc. Soc.: Jap. Soc. Psych.: ACM; and IEEE",1,Keio University | Hokkaido University,I203951103 I205349734,no
"Yuichiro Anzai:  received his Dr. of Eng. degree in 1974 from Keio Univ., where he was a Research Associate. He then was an Assoc. Prof. at Hokkaido Univ. Since 1988, he has been Prof. Dept. Electrical Eng., Keio Univ. Since 1989, adjunct appointment in Comput. Sci. Program, Grad. Sch., as well as member of Linguist. Cult. Lab. Visiting Assoc. Prof. 1981–1982 Carnegie-MellonUniv. He is engaged in research on computer science and cognitive science. Recipient of Paper Awards, Soc. Instr. Contr. Eng., and Inf. Proc. Soc. He is the author of Recognirion and Learning (Iwanami Publ.)",1,Keio University | Hokkaido University,I203951103 I205349734,no
"Zhejiang University of Technology&CMU(USA), Hangzhou, China#TAB#",1,Zhejiang University of Technology,I55712492,no
"Zhejiang University of Technology&amp;CMU(USA), Hangzhou, China",1,Zhejiang University of Technology,I55712492,no
"[Carnegie Institute of Technology, Pittsburgh, PA, USA, RAND Corporation, Santa Monica, CA, USA]",1,RAND Corporation,I1309849503,no
"[Department of Electrical and Computer Engineering, MEMS Laboratory, Robotics Institute, Pittsburgh, PA, USA]",1,University of Pittsburgh,I170201317,no
[The author has been director of the Kiltie Band at Carnegie Institute of Technology since 1955. Mr. Reynolds has served the faculty of the University of New Hampshire and the public schools of Illinois prior to his present position. He is a member of the American Band- masters Association and the College Band Directors National Association. He has served as visiting faculty at the University of Illinois and Western State College,1,University of New Hampshire,I161057412,no
"a   Contribution from the Department of Chemistry , Carnegie Institute of Technology , Schenley Park,  Pittsburgh ,  Pennsylvania",1,,,no
"a   Department of Chemistry , Carnegie Institute of Technology ,  Pittsburgh ,  Pennsylvania",1,,,no
"a Mellon Institute, Pittsburgh, Pennsylvania, and Union Carbide Corporation , New York, New York",1,Union Carbide (United States),I4388891856,no
carnegie mellon,1,,,no
caulkins@cmu.edu#TAB#,1,,,no
chestnutt@cs.cmu.edu,1,,,no
"dean of graduate studies and professor of metallurgical engineering, Carnegie Institute of Technology, Pittsburgh, USA",1,,,no
dzombak@cmu.edu,1,,,no
"especialistas de insti-tuições estrangeiras como CMU/USA, UPorto/Portugal, UCoimbra/Portugal, Portugal Telecom/Portugal,",1,,,no
from Carnegie Institute of Technology,1,,,no
głównie w Carnegie Institute of Technology oraz w Massachusetts Institute of Technology,1,Massachusetts Institute of Technology,I63966007,no
http://www.ece.cmu.edu/~mvelev#TAB#,1,,,no
igkioule@cs.cmu.eduhttps://www.cs.cmu.edu/~igkioule/,1,,,no
jgaleotti@cmu.edu,1,,,no
js5m@andrew.cmu.edu#TAB#,1,,,no
kass@stat.cmu.edu,1,,,no
kass@stat.cmu.edu#TAB#,1,,,no
katrina@cs.cmu.edu#TAB#,1,,,no
late of Carnegie Institute of Technology,1,,,no
"member of AIME, is head of the metallurgical engineering dept., Carnegie Institute of Technology, Pittsburgh, Pa., USA",1,,,no
mt01@cmu.edu,1,,,no
negie Mellon Un | USA,1,,,no
negie Mellon University studying Transition,1,,,no
noelw@cmu.edu#TAB#,1,,,no
"now Member of Staff, Metals Res Laboratory Carnegie Institute of Technology, Pittsburgh USA",1,,,no
"now a graduate student in the Dept, of Metallurgical Engineering, Carnegie Institute of Technology, USA",1,,,no
offner@cmu.edu#TAB#,1,,,no
"participants at AUEB, Carnegie-Mellon, Harvard, Iowa, Lausanne,",1,,,no
"participants at Carnegie Mellon, Chicago, Columbia, Duke, Rochester, Syracuse, Wisconsin",1,,,no
remery@cs.cmu.edu,1,,,no
schneide@cs.cmu.edu,1,,,no
"seminar participants at Carnegie Mellon, Columbia, Insper-Sao Paulo,",1,Insper,I52977244,no
"seminar participants at Carnegie-Mellon, Chicago, Duke, Harvard, Michigan,",1,,,no
"the Graduate School of Industrial Administration, Carnegie Institute of Technology",1,,,no
www.math.cmu.edu/∼pikhurko/,1,,,no
xinlei.chen@sv.cmu.edu,1,,,no
yuanzhou@cmu.edu#TAB#,1,,,no
， AIST ＆ CMU Hiroshi Mizogllchi ， TUS ＆ AIST,1,National Institute of Advanced Industrial Science and Technology,I73613424,no
