raw_affiliation_string,works,now_assigned_to,now_assigned_ids,still_counts_via_lineage
"University of Minnesota Masonic Cancer Center, Minneapolis, MN",90,Masonic Cancer Center,I4390039358,yes
University of Minnesota – Morris,68,University of Minnesota Morris,I4210162301,no
"University of Minnesota, Duluth, USA#TAB#",62,"University of Minnesota, Duluth",I4210115145,no
"University of Minnesota Cancer Center, Minneapolis, MN, USA",49,Masonic Cancer Center,I4390039358,yes
"University of Minnesota Masonic Cancer Center, Minneapolis, MN;",37,Masonic Cancer Center,I4390039358,yes
"University of Minnesota Masonic Cancer Center, Minneapolis, MN, USA",31,Masonic Cancer Center,I4390039358,yes
Islamic University of Minnesota,26,Islamic University of Minnesota,I4405261387,no
"State Key Laboratory of Plant Physiology and Biochemistry,  College of Biological Sciences,  China Agricultural University,  Beijing 100193,  China;",26,China Agricultural University | State Key Laboratory of Plant Physiology and Biochemistry,I52158045 I4391768222,no
University of Minnesota Press,25,,,no
"State Key Laboratory of Agrobiotechnology, College of Biological Sciences,  China Agricultural University, Beijing, China",24,China Agricultural University,I52158045,no
University of Minnesota Medical Center; Minneapolis Minnesota,24,University of Minnesota Medical Center,I4210135252,no
"(Minneapolis-St Paul University, USA)",23,,,no
"University of Minnesota Cancer Center, Minneapolis, MN",21,Masonic Cancer Center,I4390039358,yes
"College of Biological Sciences China Agricultural University, Beijing, China",20,China Agricultural University,I52158045,no
"University of Minnesota Duluth, Duluth, MN#TAB#",20,"University of Minnesota, Duluth",I4210115145,no
"University of Minnesota - Morris, MN, USA",18,University of Minnesota Morris,I4210162301,no
Department of Biology; University of Minnesota Duluth; Duluth; MN; 55812; USA,16,"University of Minnesota, Duluth",I4210115145,no
"#N#Department of Plant Biology, College of Biological Sciences, University of California, Davis, CA 95616, USA#N#",14,"University of California, Davis",I84218800,no
"Department of Pediatrics, Division of Blood and Marrow Transplantation, University of Minnesota Masonic Cancer Center, Minneapolis, MN, USA,",14,Masonic Cancer Center,I4390039358,yes
"Minneapolis, Minnesota U.S.A",14,,,no
"University of Minnesota Masonic Cancer Center, Minneapolis, Minnesota",14,Masonic Cancer Center,I4390039358,yes
"University of Minnesota Cancer Center, Minneapolis 55455, USA",13,Masonic Cancer Center,I4390039358,yes
"University of Minnesota Cancer Center, Minneapolis, Minnesota, USA",13,Masonic Cancer Center,I4390039358,yes
University of Minnesota Masonic Cancer Center,13,Masonic Cancer Center,I4390039358,yes
"University of Minnesota Masonic Cancer Center, Minneapolis, Minnesota, USA",13,Masonic Cancer Center,I4390039358,yes
"Minnesota Univ. Saint Paul, MN, United States",12,,,no
"University of Minnesota, Masonic Cancer Center, Minneapolis, MN, USA",12,Masonic Cancer Center,I4390039358,yes
University of Minnesota Cancer Center,11,Masonic Cancer Center,I4390039358,yes
"University of Minnesota Masonic Cancer Center, Minneapolis, MN 55455, USA",10,Masonic Cancer Center,I4390039358,yes
Department of Chemistry and Biochemistry University of Minnesota Duluth 1039 University Drive Duluth MN 55812 USA,9,"University of Minnesota, Duluth",I4210115145,no
"University of Minnesota, Cancer Center, Minneapolis , USA",9,Masonic Cancer Center,I4390039358,yes
"1Univ. of Minnesota Hormel Inst., Austin, MN;",8,,,no
"1Univ. of Minnesota Masonic Cancer Ctr., Minneapolis, MN",8,Masonic Cancer Center,I4390039358,yes
College of Biological Sciences and Biotechnology Beijing Forestry University Beijing 100083 China,8,Beijing Forestry University,I31683504,no
"Department of Chemistry and Biochemistry University of Minnesota Duluth  Duluth, MN 55812 United States",8,"University of Minnesota, Duluth",I4210115145,no
"Department of Chemistry, University of Minnesota Duluth,Duluth,USA",8,"University of Minnesota, Duluth",I4210115145,no
"Department of Medicine, University of Minnesota, Masonic Cancer Center, Minneapolis, MN",8,Masonic Cancer Center,I4390039358,yes
"#N#        Department of Biochemistry and Molecular Biology, University of Minnesota, Duluth MN 55812",7,"University of Minnesota, Duluth",I4210115145,no
Department of Chemistry and Biochemistry; University of Minnesota Duluth; Duluth; Minnesota 55812,7,"University of Minnesota, Duluth",I4210115145,no
"Minnesota Medicine, USA",7,,,no
"State Key Laboratory for Agrobiotechnology, College of Biological Sciences; China Agricultural University; Beijing People's Republic of China",7,China Agricultural University,I52158045,no
"Univ. of Minnesota Hormel Inst., Austin, MN",7,,,no
"University of Minnesota Cancer Center Minneapolis 55455, USA",7,Masonic Cancer Center,I4390039358,yes
"1University of Minnesota Masonic Cancer Center, Minneapolis, MN;",6,Masonic Cancer Center,I4390039358,yes
"College of Biological Sciences, China Agricultural University,",6,China Agricultural University,I52158045,no
"Department of Medicine, University of Minnesota Masonic Cancer Center, Minneapolis, MN, USA",6,Masonic Cancer Center,I4390039358,yes
"Division of Science and Mathematics, University of Minnesota, Morris, Morris, Minnesota, USA",6,University of Minnesota Morris,I4210162301,no
"Institute of Hydrobiology and Aquatic Ecology Management, University of Natural Resources and Applied Life Sciences, Max Emanuelstrasse 17, 1180 Vienna, Austria. E-mail: wolfram.graf@boku.ac.at Department of Freshwater Ecology, University of Vienna, Althanstrasse 14, 1090 Vienna, Austria. E-mail: johann.waringer@univie.ac.at Department of Entomology, University of Minnesota, 219 Hodson Hall, 1980 Folwell Ave, Saint Paul, MN 55108, USA. E-mail: pauls497@umn.edu Corresponding author",6,BOKU University | University of Vienna,I92869138 I129774422,no
"State Key Laboratory of Plant Physiology and Biochemistry, College of Biological Sciences, China Agricultural University, Beijing, People's Republic of China",6,China Agricultural University | State Key Laboratory of Plant Physiology and Biochemistry,I52158045 I4391768222,no
"State Key Laboratory of Plant Physiology and Biochemistry; College of Biological Sciences; China Agricultural University; Beijing, PR China",6,China Agricultural University | State Key Laboratory of Plant Physiology and Biochemistry,I52158045 I4391768222,no
"1University of Minnesota Hormel Institute, Austin, MN",5,,,no
"1University of Minnesota Hormel Institute, Austin, MN;",5,,,no
"College of Biological Sciences and Technology, Beijing Forestry University, Beijing, PR, China",5,Beijing Forestry University,I31683504,no
"College of Biological Sciences,  China Agricultural University,  Beijing 100094,  China",5,China Agricultural University,I52158045,no
Department of Geological Sciences; University of Minnesota Duluth; Duluth Minnesota 55812 USA,5,"University of Minnesota, Duluth",I4210115145,no
Department of Geological Sciences; University of Minnesota Duluth; Duluth Minnesota USA,5,"University of Minnesota, Duluth",I4210115145,no
Department of Mechanical and Industrial Engineering University of Minnesota‐Duluth Duluth MN 55812 USA,5,"University of Minnesota, Duluth",I4210115145,no
Department of Molecular and Cellular Biology; College of Biological Sciences; University of California; Davis CA 95616 USA,5,"University of California, Davis",I84218800,no
"Department of Philosophy, University of Minnesota-Duluth, Duluth, USA 55812",5,"University of Minnesota, Duluth",I4210115145,no
"Islamic University of Minnesota, United States",5,Islamic University of Minnesota,I4405261387,no
Section of Plant Biology College of Biological Sciences University of California Davis CA 95616 USA,5,"University of California, Davis",I84218800,no
State Key Laboratory of Plant Physiology and Biochemistry; Department of Plant Sciences; College of Biological Sciences; China Agricultural University; Beijing 100193 China,5,China Agricultural University | State Key Laboratory of Plant Physiology and Biochemistry,I52158045 I4391768222,no
"University of Minnesota Duluth, Duluth",5,"University of Minnesota, Duluth",I4210115145,no
University of Minnesota Masonic Cancer Center Minneapolis Minnesota USA,5,Masonic Cancer Center,I4390039358,yes
"University of Minnesota, Masonic Cancer Center",5,Masonic Cancer Center,I4390039358,yes
"[Department of Mathematics & Statistics, University of Minnesota, Duluth, USA]",5,"University of Minnesota, Duluth",I4210115145,no
" Key Laboratory of Agro‐Microbial Resource and Application, Ministry of Agriculture/College of Biological Sciences, China Agricultural University, Beijing, China",5,China Agricultural University,I52158045,no
"Biostatistics and Bioinformatics Core, University of Minnesota Masonic Cancer Center, Minneapolis, MN, USA,",4,Masonic Cancer Center,I4390039358,yes
"College of Pharmacy, University of Minnesota Duluth",4,"University of Minnesota, Duluth",I4210115145,no
"Department of Chemical Engineering , University of Minnesota Duluth , Duluth , Minnesota , USA",4,"University of Minnesota, Duluth",I4210115145,no
"Department of Computer Engineering, University of Minnesota, Duluth, MN 55812.#TAB#",4,"University of Minnesota, Duluth",I4210115145,no
"Department of Electrical and Computer Engineering, University of Minnesota, Duluth, MN 55812, USA",4,"University of Minnesota, Duluth",I4210115145,no
Department of Mathematics and Statistics University of Minnesota-Duluth Duluth Minnesota USA,4,"University of Minnesota, Duluth",I4210115145,no
"Department of Mathematics and Statistics, University of Minnesota Duluth, SCC 140, 1117 University Drive, Duluth, MN 55812, USA#TAB#",4,"University of Minnesota, Duluth",I4210115145,no
"Dept. of Computer Science, University of Minnesota, Duluth, MN",4,"University of Minnesota, Duluth",I4210115145,no
"Division of Hematology, Oncology and Transplantation, University of Minnesota Masonic Cancer Center, Minneapolis, MN, USA",4,Masonic Cancer Center,I4390039358,yes
"Division of Science and Mathematics, University of Minnesota,Morris,USA",4,University of Minnesota Morris,I4210162301,no
"Islamic University of Minnesota, USA",4,Islamic University of Minnesota,I4405261387,no
"Minnesota , USA",4,,,no
"National Engineering Laboratory for Tree Breeding, College of Biological Sciences and Biotechnology, Beijing Forestry University, Beijing, People’s Republic of China",4,Beijing Forestry University,I31683504,no
"P.O. Box 2578, Minneapolis, Minnesota, 55402, U.S.A",4,,,no
State Key Laboratory of Plant Physiology and Biochemistry (SKLPPB) College of Biological Sciences China Agricultural University Beijing 100193 China,4,China Agricultural University | State Key Laboratory of Plant Physiology and Biochemistry,I52158045 I4391768222,no
The Islamic University of Minnesota,4,Islamic University of Minnesota,I4405261387,no
"Univ. of Minnesota, Crookston, MN 56716",4,University of Minnesota Crookston,I4210159608,no
"University of Min- nesota, Federal Reserve Bank of Minneapolis, CEPR, and NBER",4,Federal Reserve Bank of Minneapolis,I1341575764,no
"University of Minnesota Cancer Center, Minneapolis",4,Masonic Cancer Center,I4390039358,yes
University of Minnesota Masonic Cancer Center  Minneapolis Minnesota USA,4,Masonic Cancer Center,I4390039358,yes
University of Minnesota Masonic Cancer Center Minneapolis Minnesota,4,Masonic Cancer Center,I4390039358,yes
"University of Minnesota Masonic Cancer Center, Minneapolis, USA",4,Masonic Cancer Center,I4390039358,yes
"University of Minnesota Medical Center, Minneapolis, USA;",4,University of Minnesota Medical Center,I4210135252,no
"University of Minnesota, Duluth, MN 55812, USA#TAB#",4,"University of Minnesota, Duluth",I4210115145,no
"University of Minnesota, Masonic Cancer Center, Minneapolis, MN;",4,Masonic Cancer Center,I4390039358,yes
"[Department of Computer Science, University of Minnesota Duluth, Duluth, MN, USA]",4,"University of Minnesota, Duluth",I4210115145,no
"∗Department of Biochemistry and Molecular Biology School of Medicine, University of Minnesota, Duluth, Minnesota 55812",4,"University of Minnesota, Duluth",I4210115145,no
"1University of Minnesota, Masonic Cancer Center, Minneapolis, MN;",3,Masonic Cancer Center,I4390039358,yes
"Accounting Department, Faculty of Economics and Administrative Sciences, Islamic University of Minnesota, Virginia, USA",3,Islamic University of Minnesota,I4405261387,no
"Assistant Professor, Islamic University of Minnesota, USA",3,Islamic University of Minnesota,I4405261387,no
"Assistant professor of TEFL, #R##N#Department of Educational Studies, #R##N#Faculty of Islamic Studies, Islamic University of Minnesota, USA",3,Islamic University of Minnesota,I4405261387,no
"Biostatistics Core, University of Minnesota Masonic Cancer Center, Minneapolis, Minnesota",3,Masonic Cancer Center,I4390039358,yes
"Computer Science Department, University of Minnesota-Duluth, Duluth, MN",3,"University of Minnesota, Duluth",I4210115145,no
"Department of Chemistry, University of Minnesota‐Duluth, Duluth, MN 55812",3,"University of Minnesota, Duluth",I4210115145,no
Department of Civil Engineering University of Minnesota Duluth Duluth Minnesota USA,3,"University of Minnesota, Duluth",I4210115145,no
"Department of Civil Engineering, University of Minnesota Duluth, MN 55812,#N#USA",3,"University of Minnesota, Duluth",I4210115145,no
"Department of Fiqh and Ushul Fiqh, Islamic University of Minnesota",3,Islamic University of Minnesota,I4405261387,no
"Department of Food Science and Engineering, College of Biological Sciences and Technology, Beijing Forestry University, Beijing, China; Beijing Key Laboratory of Forest Food Processing and Safety, Beijing Forestry University, Beijing, China",3,Beijing Forestry University,I31683504,no
"Department of Geological Sciences and Large Lakes Observatory University of Minnesota, Duluth Duluth Minnesota USA",3,"University of Minnesota, Duluth",I4210115145,no
"Department of Mathematics and Statistics, University of Minnesota Duluth, 1117 University Dr., Duluth, MN 55812-3000, USA#TAB#",3,"University of Minnesota, Duluth",I4210115145,no
Department of Mathematics and Statistics; University of Minnesota; Duluth MN USA,3,"University of Minnesota, Duluth",I4210115145,no
"Department of Medicine, University of Minnesota Cancer Center, Minneapolis, USA",3,Masonic Cancer Center,I4390039358,yes
"Department of Medicine, University of Minnesota Masonic Cancer Center, Minneapolis, MN",3,Masonic Cancer Center,I4390039358,yes
"Department of Medicine, University of Minnesota, Masonic Cancer Center, Minneapolis, MN, USA",3,Masonic Cancer Center,I4390039358,yes
"Department of Obstetrics, Gynecology and Women's Health, Minneapolis, MN, USA. ichefetz@umn.edu",3,,,no
"Department of Pediatrics, Division of Blood and Marrow Transplantation, University of Minnesota Masonic Cancer Center, Minneapolis, MN, USA",3,Masonic Cancer Center,I4390039358,yes
"Department of Pediatrics, University of Minnesota Cancer Center, Minneapolis, USA",3,Masonic Cancer Center,I4390039358,yes
"Department of Philosophy, University of Minnesota Duluth, Duluth, USA",3,"University of Minnesota, Duluth",I4210115145,no
"Department of Philosophy, University of Minnesota, Duluth, MN 55812, U.S.A. E-mail: jfetzer@d.umn.edu",3,"University of Minnesota, Duluth",I4210115145,no
Department of Psychiatry; University of Minnesota Medical Center; Minneapolis Minnesota,3,University of Minnesota Medical Center,I4210135252,no
"Department of Psychology, University of Minnesota, Duluth, Duluth, USA",3,"University of Minnesota, Duluth",I4210115145,no
Department of Radiology University of Minnesota Medical Center  Minneapolis Minnesota USA,3,University of Minnesota Medical Center,I4210135252,no
"Dept. of Composition, Minnesota Univ., Duluth, MN, USA",3,"University of Minnesota, Duluth",I4210115145,no
"Division of Hematology, Oncology, and Transplantation, University of Minnesota Masonic Cancer Center, Minneapolis, MN",3,Masonic Cancer Center,I4390039358,yes
"From the ‡State Key Laboratory of Agrobiotechnology, College of Biological Sciences, China Agricultural University, Beijing 100193, China,",3,China Agricultural University,I52158045,no
Islamic University of Minnesota - USA,3,Islamic University of Minnesota,I4405261387,no
"Islamic University of Minnesota,Faculty of Education Technology,Department of Educational Technology,Minnetonka,UNITED STATES OF AMERICA,55343",3,Islamic University of Minnesota,I4405261387,no
"Key Laboratory of Agro‐Microbial Resource and Application, Ministry of Agriculture/Department of Microbiology and Immunology, College of Biological Sciences, China Agricultural University, Beijing, China",3,China Agricultural University,I52158045,no
"Mayo Clinic and Mayo Foundation, and the Mayo Graduate School of Medicine, (University of Minnesota), Rochester, Minnesota",3,Mayo Clinic | University of Minnesota Rochester,I1330342723 I4210120349,no
"Minneapolis, MN 55455, USA 2",3,,,no
"Minneapolis, MN 55455, USA 2 , ,",3,,,no
"Minneapolis, MN, U.S.A",3,,,no
"Minnesota Institute for Astrophysics, 116 Church St. SE, Minneapolis, MN 55455, USA",3,,,no
"Minnesota Population Center, 50 Willey Hall, Minneapolis MN 55455 USA",3,,,no
"National Engineering Laboratory for Tree Breeding, College of Biological Sciences and Technology, Beijing Forestry University Beijing, China",3,Beijing Forestry University,I31683504,no
"Section of Dermatology, University of Minnesota, Rochester, Minnesota",3,University of Minnesota Rochester,I4210120349,no
"State Key Laboratories for Agro-biotechnology/College of Biological Sciences, China Agricultural University, Beijing, China",3,China Agricultural University,I52158045,no
"State Key Laboratory for Agro biotechnology, College of Biological Sciences, China Agricultural University, Beijing, People’s Republic of China",3,China Agricultural University,I52158045,no
"State Key Laboratory for Agrobiotechnology, College of Biological Sciences China Agricultural University Beijing P. R. China",3,China Agricultural University | State Key Laboratory of Agricultural Biotechnology,I52158045 I4391768130,no
"University of Minnesota Cancer Center, Minneapolis, USA",3,Masonic Cancer Center,I4390039358,yes
"University of Minnesota Children's Hospital, Minneapolis, Minnesota;",3,University of Minnesota Children's Hospital,I4210166300,no
"University of Minnesota Masonic Cancer Center, Biostatistics Core, Minneapolis, MN, USA",3,Masonic Cancer Center,I4390039358,yes
"University of Minnesota Masonic Cancer Center, Minneapolis",3,Masonic Cancer Center,I4390039358,yes
"University of Minnesota Masonic Cancer Center, Minneapolis, MN, United States",3,Masonic Cancer Center,I4390039358,yes
"University of Minnesota Masonic Cancer Center, University of Minnesota, Minneapolis, MN, USA",3,Masonic Cancer Center,I4390039358,yes
"University of Minnesota Press , 1999",3,,,no
"University of Minnesota Press , 2009) ",3,,,no
"University of Minnesota Press , Minneapolis",3,,,no
"University of Minnesota, Children’s Hospital",3,University of Minnesota Children's Hospital,I4210166300,no
"University of Minnesota, Masonic Cancer Center, Minneapolis, MN 55455, USA",3,Masonic Cancer Center,I4390039358,yes
"the Section of Orthopedic Surgery, Mayo Clinic and Mayo Foundation, and the Mayo Graduate School of Medicine (University of Minnesota), Rochester",3,Mayo Clinic | University of Minnesota Rochester,I1330342723 I4210120349,no
"#N#3University of Minnesota, Duluth",2,"University of Minnesota, Duluth",I4210115145,no
"(Assistant Professor of Marketing, University of Minnesota, Duluth, Minnesota, USA)",2,"University of Minnesota, Duluth",I4210115145,no
"(Associate Professor of Marketing, University of Minnesota, Duluth, Minnesota, USA)",2,"University of Minnesota, Duluth",I4210115145,no
", Minnesota , USA",2,,,no
"1Department of Internal Medicine/Nephrology, University of Alabama at Birmingham, Birmingham, Alabama 2Department of Internal Medicine/Nephrology, Loyola University Medical Center, Maywood, Illinois 3Department of Internal Medicine, MNR Medical College and Hospital, Telangana, India 4Department of Internal Medicine, Geisinger Wyoming Valley Medical Center, Wilkes-Barre, PA 5Department of Internal Medicine/Nephrology, Geisinger Wyoming Valley Medical Center, Wilkes-Barre, Pennsylvania 6Department of Internal Medicine, University Hospital and clinics, Lafayette, USA 7Department of Internal Medicine, Lovelace Medical Center, Albuquerque, New Mexico 8Department of Internal Medicine/Endocrinology, University of Minnesota, Minneapolis, Minnesota",2,University of Alabama at Birmingham | Loyola University Medical Center | University Hospital and Clinics | Lovelace Medical Center | Geisinger Wyoming Valley Medical Center | Loyola Medicine | UAB Medicine,I32389192 I1304196042 I4210108968 I4210131464 I4210153925 I4210159390 I4390039250,no
1University of Minnesota at Duluth,2,"University of Minnesota, Duluth",I4210115145,no
"1University of Minnesota, Masonic Cancer Center, Minneapolis, MN",2,Masonic Cancer Center,I4390039358,yes
"1University of Minnesota, Masonic Cancer Center, Minneapolis, MN,",2,Masonic Cancer Center,I4390039358,yes
"1University of Minnesota, Morris, MN, USA",2,University of Minnesota Morris,I4210162301,no
"2University of Minnesota, Masonic Cancer Center, Minneapolis, MN",2,Masonic Cancer Center,I4390039358,yes
"Accepted for publication October 1995.; Cooper Institute for Aerobics Research, Dallas, TX; Harvard Medical School, Boston, MA; Joslin Diabetes Center, Boston, MA; Montross, VA; Pacific Medical Center, Seattle, WA; Submitted for publication March 1995.; The NutraSweet Company, Deerfield, IL; The authors gratefully acknowledge Heather Hartland Steele for her work in organizing this symposium at the American College of Sports Medicine 40th Anniversary Meeting (Indianapolis, IN) and in coordinating the production of this manuscript.; The symposium and the preparation of this review were supported by the ILSI North America Subcommittee on Physical Activity, Health & Nutrition.; University of Georgia, Athens, GA; University of Minnesota, Minneapolis, MN; Views expressed do not necessarily reflect the views of the International Life Sciences Institute North America",2,Harvard University | University of Georgia | Joslin Diabetes Center,I136199984 I165733156 I1293231726,no
"Area Extension Agent—Potato University of Minnesota P.O. Box 301 E. Grand Forks, MN 56721",2,,,no
"Associate Professor, Theology,#R##N#Saint Mary's University of Minnesota",2,Saint Mary's University of Minnesota,I4210147856,no
"Authors' Affiliation: University of Minnesota Cancer Center, Minneapolis, Minnesota",2,Masonic Cancer Center,I4390039358,yes
"Biology Department, University of Minnesota-Duluth, Duluth, USA",2,"University of Minnesota, Duluth",I4210115145,no
"Biology, University of Minnesota, Duluth, Duluth, Minnesota",2,"University of Minnesota, Duluth",I4210115145,no
"Biostatistics Core, University of Minnesota Cancer Center, Minneapolis, Minnesota",2,Masonic Cancer Center,I4390039358,yes
"Biostatistics Core, University of Minnesota Masonic Cancer Center, Minneapolis, MN, United States",2,Masonic Cancer Center,I4390039358,yes
"Caos y orden en el sistema-mundo moderno, University of Minnesota Press, Akal",2,,,no
Center for Computational Biology National Engineering Laboratory for Tree Breeding College of Biological Sciences and Biotechnology Beijing Forestry University Beijing 100083 China,2,Beijing Forestry University,I31683504,no
"Center for Magnetic Reso-nance Research and Center for Cognitive Sciences, University of Minne-sota, Twin Cities; Iris-Tatjana Ofenloch, Department of Psychology,",2,,,no
"Childhood Cancer Survivor Program, University of Minnesota Masonic Cancer Center, Minneapolis, Minnesota",2,Masonic Cancer Center,I4390039358,yes
"College of Biological Sciences University of California, Davis Davis California 95616",2,"University of California, Davis",I84218800,no
"College of Biological Sciences and Biotechnology; Chungnam National University; Daejeon, Korea",2,Chungnam National University,I196345858,no
"College of Biological Sciences, The Ohio State University, Columbus, USA",2,The Ohio State University,I52357470,no
"College of Science and Engineering, University of Minnesota-Duluth#TAB#",2,"University of Minnesota, Duluth",I4210115145,no
"College of Veterinary Medicine , Room 385 C , 1988 Fitch Avenue , St Paul , MN 55108 ;",2,,,no
Department of Agriculture and Natural Resources University of Minnesota Crookston Crookston MN USA,2,University of Minnesota Crookston,I4210159608,no
"Department of Anatomy and Cell Biology, University of Minnesota-Duluth, Duluth, USA",2,"University of Minnesota, Duluth",I4210115145,no
"Department of Animal Biology and Physiology, College of Biological Sciences, China Agricultural University, Beijing 100094, P.R. China",2,China Agricultural University,I52158045,no
"Department of Behavioral Sciences, School of Medicine, University of Minnesota‐Duluth",2,"University of Minnesota, Duluth",I4210115145,no
"Department of Chemical Engineering & Materials Science , and , Minneapolis, MN 55455",2,,,no
"Department of Chemical Engineering,University of Minnesota,Duluth, MN 55812",2,"University of Minnesota, Duluth",I4210115145,no
"Department of Civil Engineering 500 Pillsbury Drive SE Minneapolis, MN 55455",2,,,no
Department of Civil Engineering University of Minnesota‐Duluth 1405 University Drive Duluth MN 55812 USA,2,"University of Minnesota, Duluth",I4210115145,no
"Department of Computer Engineering, University of Minnesota, Duluth",2,"University of Minnesota, Duluth",I4210115145,no
"Department of Computer Science, University of Minnesota, Duluth, Duluth, MN 55812",2,"University of Minnesota, Duluth",I4210115145,no
"Department of Computer Science, University of Minnesota, Duluth, USA 55812#TAB#",2,"University of Minnesota, Duluth",I4210115145,no
"Department of Computer Science, University of Minnesota, Duluth, USA#TAB#",2,"University of Minnesota, Duluth",I4210115145,no
"Department of Electrical & Computer Engineering, the University of Minnesota Duluth, 55812, USA",2,"University of Minnesota, Duluth",I4210115145,no
"Department of Electrical Engineering, University of Minnesota Duluth, MN 55812 USA",2,"University of Minnesota, Duluth",I4210115145,no
"Department of Electrical Engineering, University of Minnesota Duluth, USA",2,"University of Minnesota, Duluth",I4210115145,no
"Department of Electrical and Computer Engineering, University of Minnesota Duluth, 55804, USA",2,"University of Minnesota, Duluth",I4210115145,no
"Department of Emergency Medicine, Minneapolis, Minnesota New York University",2,New York University,I57206974,no
"Department of Geography, University of Minnesota — Duluth, Duluth, USA",2,"University of Minnesota, Duluth",I4210115145,no
"Department of Geography, University of Minnesota, Duluth, MN 55812‐3006, USA",2,"University of Minnesota, Duluth",I4210115145,no
"Department of Geological Sciences, University of Minnesota, Duluth, Minnesota, USA",2,"University of Minnesota, Duluth",I4210115145,no
"Department of Geological Sciences; University of Minnesota, Duluth; Duluth; MN; USA",2,"University of Minnesota, Duluth",I4210115145,no
Department of Internal Medicine University of Minnesota Medical Center Minneapolis Minnesota,2,University of Minnesota Medical Center,I4210135252,no
"Department of Internal Medicine, Minneapolis, Minnesota, USA",2,,,no
"Department of Laboratory Medicine and Pathology, University of Minnesota Masonic Cancer Center, Minneapolis, MN, USA",2,Masonic Cancer Center,I4390039358,yes
"Department of Management Studies Labovitz School of Business and Economics, University of Minnesota Duluth Duluth Minnesota USA",2,"University of Minnesota, Duluth",I4210115145,no
"Department of Mathematical Sciences, University of Minnesota, Duluth, USA",2,"University of Minnesota, Duluth",I4210115145,no
"Department of Mathematics and Statistics University of Minnesota, Duluth, MN 55812, U.S.A.#TAB#",2,"University of Minnesota, Duluth",I4210115145,no
"Department of Mathematics and Statistics, University of Minnesota Duluth, Duluth, MN 55812-3000, USA#TAB#",2,"University of Minnesota, Duluth",I4210115145,no
"Department of Mathematics and Statistics, University of Minnesota-Duluth, Duluth MN 55812#TAB#",2,"University of Minnesota, Duluth",I4210115145,no
"Department of Mathematics, University of Minnesota Duluth, Duluth, USA",2,"University of Minnesota, Duluth",I4210115145,no
"Department of Mechanical and Industrial Engineering, University of Minnesota Duluth, 1305 Ordean CT, Duluth, MN 55812, USA",2,"University of Minnesota, Duluth",I4210115145,no
"Department of Medicine, Division of Hematology, Oncology, and Transplantation, University of Minnesota Masonic Cancer Center, Minneapolis, MN 55455, USA",2,Masonic Cancer Center,I4390039358,yes
"Department of Medicine, Minneapolis, Minnesota 55455",2,,,no
"Department of Medicine, University of Minnesota Masonic Cancer Center, Minneapolis, Minnesota",2,Masonic Cancer Center,I4390039358,yes
"Department of Microbiology and Immunology, College of Biological Sciences, China Agricultural University and Key Laboratory of Agro‐Microbial Resource and Application, Ministry of Agriculture, Beijing, China",2,China Agricultural University,I52158045,no
"Department of Neurology, UMHC, Minneapolis, MN 55455, USA",2,,,no
"Department of Orthopaedic Surgery, University of Minnesota Cancer Center, Minneapolis, Minnesota",2,Masonic Cancer Center,I4390039358,yes
"Department of Pharmacology, College of Biological Sciences, Universidad de Concepción, Chile",2,University of Concepción,I172787465,no
"Department of Pharmacology, School of Medicine, University of Minnesota, Duluth, MN 55812, USA",2,"University of Minnesota, Duluth",I4210115145,no
"Department of Philosophy, University of Minnesota, Duluth, MN 55812, USA#TAB#",2,"University of Minnesota, Duluth",I4210115145,no
"Department of Physiology; School of Medicine, University of Minnesota–Duluth, Duluth, MN 55812",2,"University of Minnesota, Duluth",I4210115145,no
Department of Psychiatry University of Minnesota Medical Center Minneapolis Minnesota USA,2,University of Minnesota Medical Center,I4210135252,no
"Department of Psychology , University of Minnesota , Duluth , USA",2,"University of Minnesota, Duluth",I4210115145,no
"Department of Psychology, University of Minne-sota, 75 East River Road, Minneapolis, MN 55455",2,,,no
"Department of Veterinary Clinical Sciences, College of Veterinary Medicine, St. Paul, Minnesota",2,,,no
"Departments of Chemistry, Minneapolis, Minnesota 55455",2,,,no
"Departments of Medicine (A.G.), Minneapolis, Minnesota 55417",2,,,no
"Dept. of Comput. Sci.and Engineering, Minnesota Univ., Duluth, MN, USA",2,"University of Minnesota, Duluth",I4210115145,no
"Dept. of Rhetoric, Minnesota Univ., St. Paul, MN, USA",2,,,no
"Development University of Minnesota Minneapolis , MN",2,,,no
"Div. of Sci. & Math., Minnesota Univ., Morris, MN, USA",2,University of Minnesota Morris,I4210162301,no
Division of Cardiology; University of Minnesota Medical Center; Minneapolis Minnesota,2,University of Minnesota Medical Center,I4210135252,no
"Division of Epidemiology and Community Health; University of Minnesota Masonic Cancer Center; Minneapolis, MN USA",2,Masonic Cancer Center,I4390039358,yes
"Division of Science and Mathematics, University of Minnesota-Morris,Morris,USA",2,University of Minnesota Morris,I4210162301,no
"Division of Science and Mathematics, University of Minnesota‐Morris, Morris, Minnesota 56267 USA",2,University of Minnesota Morris,I4210162301,no
"Division of Social Sciences, University of Minnesota‐Morris, Morris, Minnesota 56267",2,University of Minnesota Morris,I4210162301,no
"From Children's Health Care-St Paul Department of Pediatric Oncology, St Paul, MN; Riley Children's Hospital, Indianapolis, IN; the University of Minnesota Cancer Center and Departments of Pediatric Oncology and Laboratory Medicine and Pathology, Minneapolis, MN; the Fred Hutchinson Cancer Research Center, Seattle, WA; the British Columbia Children's Hospital, Vancouver, British Columbia, Canada; and the Children's Cancer Group, Arcadia, CA",2,Riley Hospital for Children | Fred Hutch Cancer Center | BC Children's Hospital,I2802740592 I4210089486 I4210153200,no
"From the Department of Orthopedics, Mayo Clinic and Mayo Foundation, and the Mayo Graduate School of Medicine (University of Minnesota), Rochester",2,Mayo Clinic | University of Minnesota Rochester,I1330342723 I4210120349,no
"From the Departments of Therapeutic Radiology, Section on Experimental Cancer Immunology and Pediatrics, Division of Bone Marrow Transplantation. University of Minnesota Cancer Center, Minneapolis, MN, and Department of Radiation Oncology, University of Alabama at Birmingham, Birmingham, AL",2,University of Alabama at Birmingham | UAB Medicine,I32389192 I4390039250,no
"From the Otho S. A. Sprague Memorial Institute Laboratory of the Children's Memorial Hospital, Chicago, and The Mayo Foundation, University of Minnesota, Rochester, Minnesota",2,Lurie Children's Hospital | Otho S. A. Sprague Memorial Institute | University of Minnesota Rochester,I1294278766 I4210092053 I4210120349,no
"From the Section on Clinical Metabolism, Mayo Clinic and the Mayo Foundation University of Minnesota, Rochester, Minnesota",2,Mayo Clinic | University of Minnesota Rochester,I1330342723 I4210120349,no
"Geology and Geophysics Department, Minnesota University, 55455, MN, USA",2,,,no
"Graduate School of Professional Studies, St. Mary's University of Minnesota, Minneapolis, Minnesota, USA",2,Saint Mary's University of Minnesota,I4210147856,no
"Innovative Research, Inc, 2800 University Ave. SE, Minneapolis, Minnesota, 55414",2,Innovative Research (United States),I4210112104,no
"Key Laboratory of Plant Physiology and Biochemistry of Ministry of Agriculture, Department of Plant Sciences, College of Biological Sciences, China Agricultural University, Beijing, China",2,China Agricultural University,I52158045,no
"Key Laboratory of Plant Physiology and Biochemistry, Ministry of Agriculture, College of Biological Sciences, China Agricultural University, Beijing, China",2,China Agricultural University,I52158045,no
Labovitz School of Business and Economics; University of Minnesota Duluth; Duluth MN USA,2,"University of Minnesota, Duluth",I4210115145,no
"Large Lakes Observatory and Department of Physics, University of Minnesota Duluth, Duluth, USA",2,"University of Minnesota, Duluth",I4210115145,no
"Large Lakes Observatory, University of Minnesota Duluth, Duluth, MN 55812, United States",2,"University of Minnesota, Duluth",I4210115145,no
"Large Lakes Observatory, University of Minnesota, Duluth, United States",2,"University of Minnesota, Duluth",I4210115145,no
"Lecturer, Faculty of Economics and Administrative Sciences,Islamic University of Minnesota, USA",2,Islamic University of Minnesota,I4405261387,no
"Linguist., Univ. of Florida, Minneapolis, MN",2,University of Florida,I33213144,no
"Mayo Clinic and Mayo Foundation, Rochester, Minn. 55901: Section of Medicine (Dr. Frye) and of Surgery (Dr. Ellis) and the Mayo Graduate School of Medicine (University of Minnesota), Rochester: Resident in Surgery (Dr. Rouleau)",2,Mayo Clinic | University of Minnesota Rochester,I1330342723 I4210120349,no
"Metropolitan State University of Minnesota, USA",2,Metropolitan State University,I99069390,no
"Ministry of Agriculture/College of Biological Sciences, China Agricultural University",2,China Agricultural University,I52158045,no
"Minneapolis , Minnesota 55415",2,,,no
"Minneapolis Center for Microbiological Investigations, Food and Drug Administration, Minneapolis, Minnesota 55401",2,United States Food and Drug Administration,I1320320070,no
Minneapolis Minnesota U.S.A,2,,,no
"Minneapolis, MN 55455, USA 1 , ,",2,,,no
"Minneapolis, MN, 55435, USA",2,,,no
"Minnesota Oral and Facial Surgery, Minneapolis, MN",2,,,no
"Minnesota University , USA",2,,,no
"Oral and Maxillofacial Surgery, Minnesota Oral and Facial/Head and Neck Surgery, Minneapolis, MN, USA",2,,,no
"Philosophy, University of Minnesota Duluth",2,"University of Minnesota, Duluth",I4210115145,no
"Sch. Phys. Astron., Univ. Mich., Minneapolis, MN 55455, USA",2,,,no
"Sch. Statist., Univ. Mich., Minneapolis, MN 55455, USA",2,,,no
"Section on Molecular Cancer Therapeutics, Department of Therapeutic Radiology-Radiation Oncology, University of Minnesota Masonic Cancer Center, MMC: 367, Minneapolis, MN, 55455, USA",2,Masonic Cancer Center,I4390039358,yes
"St. Mary's University of Minnesota, USA",2,Saint Mary's University of Minnesota,I4210147856,no
"St. Mary’s University of Minnesota, USA",2,Saint Mary's University of Minnesota,I4210147856,no
"State Key Laboratories for Agrobiotechnology and College of Biological Sciences, China Agricultural University, Beijing 100094, PR China",2,China Agricultural University,I52158045,no
"State Key Laboratory for Agrobiotechnology and College of Biological Sciences, China Agricultural University, Beijing, P.R. China",2,China Agricultural University,I52158045,no
"State Key Laboratory of Agro-Biotechnology and MOA Key Laboratory of Soil Microbiology, College of Biological Sciences, China Agricultural University, Beijing, People’s Republic of China",2,China Agricultural University,I52158045,no
"State Key Laboratory of Agrobiotechnology, College of Biological Sciences, China Agricultural University , Beijing, P. R. China",2,China Agricultural University,I52158045,no
"State Key Laboratory of Plant Physiology and Biochemistry (SKLPPB), College of Biological Sciences, National Plant Gene Research Centre (Beijing), China Agricultural University, Beijing, China",2,China Agricultural University | State Key Laboratory of Plant Physiology and Biochemistry,I52158045 I4391768222,no
"State Key Laboratory of Plant Physiology and Biochemistry, College of Biological Sciences, China Agricultural University, Beijing 100094",2,China Agricultural University | State Key Laboratory of Plant Physiology and Biochemistry,I52158045 I4391768222,no
"T. W. Van Wave is an associate professor, Department of Family Medicine of the University of Minnesota School of Medicine Duluth, Duluth, MN; research director for the Whiteside Institute for Clinical Research, Duluth, MN. He was an NCI post-doctoral fellow, School of Public Health of the University of Texas Health Science Center at Houston, Houston, TX, during the data collection and analysis phase of this research. M. Decker is a retired associate professor, School of Public Health of the University of Texas Health Science Center at Houston, Houston, TX",2,The University of Texas Health Science Center at Houston,I919571938,no
"The Tropics Bite Back: Culinary Coups in Caribbean Literature. University of Minnesota Press, 2013",2,,,no
The research for this article was supported in part by Deloitte Haskins & Sells and a grant from the University of Minnesota Academic Computing Services and Systems,2,,,no
"UMHC, Minneapolis, MN 55455",2,,,no
"USDA-ARS, Cereal Disease Lab., 1551 Lindig Ave., Univ. of Minnesota, St. Paul, MN, 55108",2,Cereal Disease Laboratory,I4210161159,no
USDA‐ARS Cereal Disease Laboratory Univ. of Minnesota  St. Paul MN 55108 USA,2,Agricultural Research Service | Cereal Disease Laboratory,I1312222531 I4210161159,no
"USDA‐ARS Cereal Disease Laboratory, 1551 Lindig St. Univ. of Minnesota St. Paul MN 55108",2,Cereal Disease Laboratory,I4210161159,no
"USDA‐ARS, Cereal Disease Lab., 1551 Lindig Ave. Univ. of Minnesota St. Paul MN 55108",2,Cereal Disease Laboratory,I4210161159,no
"Univ. of Minnesota / Amazon, Santa Clara, CA, USA",2,,,no
"Univ. of Minnesota Extension, 46352 State Hwy 329, Morris, MN, 56267",2,University of Minnesota Morris,I4210162301,no
"Univ. of Minnesota Extension, 863 30th Ave. SE, Rochester, MN, 55904",2,University of Minnesota Rochester,I4210120349,no
"University Hospitals, Minneapolis, Minnesota 55455",2,,,no
"University St. Paul , Minnesota",2,,,no
"University of Minnesota Cancer Center , Minneapolis",2,Masonic Cancer Center,I4390039358,yes
"University of Minnesota Cancer Center Minneapolis, MN",2,Masonic Cancer Center,I4390039358,yes
"University of Minnesota Cancer Center, 420 Delaware Street S.E., Minneapolis, MN 55455, USA",2,Masonic Cancer Center,I4390039358,yes
"University of Minnesota Cancer Center, Box 806 Mayo, 420 Delaware St. SE, Minneapolis, MN 55455, USA",2,Masonic Cancer Center,I4390039358,yes
"University of Minnesota Cancer Center, Box 806 Mayo, 420 Delaware Street SE, Minneapolis, Minnesota 55455",2,Masonic Cancer Center,I4390039358,yes
"University of Minnesota Cancer Center, Minneapolis 55455, USA. hecht002@gold.tc.umn.edu",2,Masonic Cancer Center,I4390039358,yes
"University of Minnesota Cancer Center, Minneapolis 55455, USA. hecht002@tc.umn.edu",2,Masonic Cancer Center,I4390039358,yes
"University of Minnesota Cancer Center, Minneapolis, MN 55455, USA. hecht002@umn.edu",2,Masonic Cancer Center,I4390039358,yes
"University of Minnesota Cancer Center, Minneapolis, MN;",2,Masonic Cancer Center,I4390039358,yes
"University of Minnesota Cancer Center, Minneapolis, Minn",2,Masonic Cancer Center,I4390039358,yes
"University of Minnesota Cancer Center, Minneapolis, Minnesota 55455, USA. hecht002@umn.edu",2,Masonic Cancer Center,I4390039358,yes
"University of Minnesota Cancer Center, Minneapolis;",2,Masonic Cancer Center,I4390039358,yes
"University of Minnesota Duluth, Department of Biology, Duluth, Minnesota 55812. E-mail: tcraig@d.umn.edu",2,"University of Minnesota, Duluth",I4210115145,no
"University of Minnesota Itasca Biological Station and Laboratories, Lake Itasca, MN, USA",2,University of Minnesota Itasca Biological Station and Laboratories,I4405255312,yes
"University of Minnesota Libraries Publishing, 2017",2,University of Minnesota Libraries Publishing,I4400600966,yes
"University of Minnesota Masonic Cancer Center , Minneapolis, MN , USA",2,Masonic Cancer Center,I4390039358,yes
"University of Minnesota Masonic Cancer Center , Minneapolis, MN 55455",2,Masonic Cancer Center,I4390039358,yes
University of Minnesota Masonic Cancer Center University of Minnesota Minneapolis Minnesota USA,2,Masonic Cancer Center,I4390039358,yes
"University of Minnesota Masonic Cancer Center, Minneapolis, MN 55455, United States",2,Masonic Cancer Center,I4390039358,yes
"University of Minnesota Masonic Cancer Center, Minneapolis, MN, 55455, USA",2,Masonic Cancer Center,I4390039358,yes
"University of Minnesota Masonic Cancer Center, Minneapolis, Minnesota 55455, United States",2,Masonic Cancer Center,I4390039358,yes
"University of Minnesota Masonic Cancer Center, Minneapolis, Minnesota, United States of America",2,Masonic Cancer Center,I4390039358,yes
"University of Minnesota Masonic Cancer Center, Univ of Minnesota, Minneapolis, MN, United States",2,Masonic Cancer Center,I4390039358,yes
"University of Minnesota Masonic Cancer Center, University of Minnesota, Minneapolis, Minnesota, USA",2,Masonic Cancer Center,I4390039358,yes
University of Minnesota Masonic Cancer Center;,2,Masonic Cancer Center,I4390039358,yes
"University of Minnesota Medical Center-Fairview, Minneapolis, MN, USA",2,University of Minnesota Medical Center,I4210135252,no
"University of Minnesota Press ,",2,,,no
"University of Minnesota Press , 1984",2,,,no
"University of Minnesota Press , 1987",2,,,no
"University of Minnesota Press , 2003",2,,,no
"University of Minnesota Press , 2011",2,,,no
"University of Minnesota Press , 2016",2,,,no
"University of Minnesota Press , 2018",2,,,no
"University of Minnesota Press , 2022",2,,,no
"University of Minnesota Press , Minneapolis , MN , 2011",2,,,no
"University of Minnesota Press, 1987",2,,,no
"University of Minnesota Press, 1989",2,,,no
"University of Minnesota Press, 1993",2,,,no
"University of Minnesota, Duluth MN (United States)",2,"University of Minnesota, Duluth",I4210115145,no
"University of Minnesota, Duluth, Duluth, MN 55812 jgallian@d.umn.edu",2,"University of Minnesota, Duluth",I4210115145,no
"University of Minnesota, Masonic Cancer Center Minneapolis MN USA",2,Masonic Cancer Center,I4390039358,yes
"University of Minnesota, Masonic Cancer Center Minneapolis, MN, USA",2,Masonic Cancer Center,I4390039358,yes
"University of Minnesota, Masonic Cancer Center, Minneapolis, Minnesota, USA",2,Masonic Cancer Center,I4390039358,yes
"University of Minnesota-Duluth, Duluth, MN, US",2,"University of Minnesota, Duluth",I4210115145,no
"University of Minnesota/Masonic Cancer Center, Hematology, Oncology & Transplantation, Minneapolis, United States;",2,Masonic Cancer Center,I4390039358,yes
"University of Minnesota/Masonic Cancer Center, Minneapolis, MN",2,Masonic Cancer Center,I4390039358,yes
"University of MinnesotaDuluth, Minnesota, 55812, USA",2,"University of Minnesota, Duluth",I4210115145,no
"University of Szeged, Minneapolis, Minnesota, United States",2,University of Szeged,I227486990,no
"West University of Minnesota , St. Paul , MN 55113 , USA;",2,,,no
"[Department of Computer Science, University of Minnesota Duluth, Duluth, USA]",2,"University of Minnesota, Duluth",I4210115145,no
"bLarge Lakes Observatory and Department of Geological Sciences, University of Minnesota, Duluth, MN 55812",2,"University of Minnesota, Duluth",I4210115145,no
"the University of Minnesota, Duluth, USA",2,"University of Minnesota, Duluth",I4210115145,no
"§§§ Large Lakes Observatory and Department of Geological Sciences, University of Minnesota Duluth, Duluth, Minnesota 55812",2,"University of Minnesota, Duluth",I4210115145,no
"##; *; **; ***; From The Leopold-Franzens-University of Innsbruck, Innsbruck, Austria, and A.I. DuPont Hospital for Children, Wilmington, DE; Loeb Research Institute, Ottawa, Canada; Purdue University, West Lafayette, IN; Resuscitation Council of Southern Africa, Johannesburg, South Africa; Royal Melbourne Hospital, Victoria, Australia; S. Maria della Misericordia Hospital, Udine, Italy; Sao Paulo, Brazil; Thomas Jefferson University School of Medicine, Wilmington, DE; University Hospital Antwerp, Antwerp, Belgium; University of Arizona, Tucson, AZ; University of Colorado Health Science Center, Denver, CO; University of Innsbruck, Innsbruck, Austria.; University of Minnesota Medical School, Minneapolis, MN; University of Texas, Southwestern Medical School, Dallas, TX; §; §§; ¶; ¶¶; ‡; ‡‡; ‡‡‡; ∥; ∥∥",1,University of Arizona | Universität Innsbruck | Purdue University West Lafayette | The Royal Melbourne Hospital,I138006243 I190249584 I219193219 I1320473756,no
"#Children’s Hospital and Research Center Oakland, Oakland, CA; *Department of Pediatrics, University of California San Francisco, San Francisco; Accepted January 24, 2014; Received July 4, 2013; Reprints: Erin E. Karski, MD, 505 Parnassus Avenue, M649, San Francisco, CA 94143 (e-mail: [email protected]).; Supported by NIH T32 CA128583 (E.E.K.); The authors declare no conflict of interest.; no additional funding sources of conflicts of interest to report.; §Children’s Hospital at Westmead, University of Sydney, NSW, Sydney; ¶Department of Pediatrics, University of Arizona, Tucson, AZ; †St. Jude Children’s Research Hospital, Memphis, TN; ‡Department of Pediatrics, University of Minnesota, Minneapolis, MN; ∥Department of Pediatrics, Emory University School of Medicine, Atlanta, GA",1,"The University of Sydney | University of California, San Francisco",I129604602 I180670191,no
"#N#                    4Department of Animal Physiology and Biochemistry, College of Biological Sciences, China Agricultural University, Beijing, China#N#",1,China Agricultural University,I52158045,no
"#N#        Departments of Biochemistry and Molecular Biology and Behavioral Sciences, University of Minnesota, Duluth, MN",1,"University of Minnesota, Duluth",I4210115145,no
"#N#        West Central Research and Outreach Center, University of Minnesota, Morris, MN 56267",1,University of Minnesota Morris,I4210162301,no
"#N#1 College of Biological Sciences and Technology (Box 162), Beijing Forestry University, Beijing 100083, China#N#",1,Beijing Forestry University,I31683504,no
"#N#2 State Key Laboratory of Plant Physiology and Biochemistry, College of Biological Sciences, China Agricultural University, Beijing, China#N#",1,China Agricultural University | State Key Laboratory of Plant Physiology and Biochemistry,I52158045 I4391768222,no
"#N#4University of Minnesota, Duluth",1,"University of Minnesota, Duluth",I4210115145,no
"#Pulmonary Engineering Group, Department of Anesthesiology and Intensive Care Therapy, University Hospital Carl Gustav Carus, Technische Universität Dresden, Dresden, Germany; **IRCCS AOU San Martino-IST, Department of Surgical Sciences and Integrated Diagnostics, University of Genoa, Genoa, Italy.; Accepted for publication November 20, 2015.; From the *Laboratory of Pulmonary Investigation, Carlos Chagas Filho Biophysics Institute, †Laboratory of Experimental Surgery, Faculty of Medicine, and ‡Laboratory of Cellular and Molecular Physiology, Carlos Chagas Filho Biophysics Institute, Federal University of Rio de Janeiro, Rio de Janeiro, Brazil; Funding: This study was supported by the Centers of Excellence Program (PRONEX-FAPERJ), the Brazilian Council for Scientific and Technological Development (CNPq), the Rio de Janeiro State Research Foundation (FAPERJ), the São Paulo State Research Foundation (FAPESP), the Coordination for the Improvement of Higher Level Personnel (CAPES), and the European Community Seventh Framework Programme (TARKINAID, FP7-2007-2013).; Published ahead of print February 1, 2016; Supplemental digital content is available for this article. Direct URL citations appear in the printed text and are provided in the HTML and PDF versions of this article on the journal’s website.; The authors declare no conflicts of interest.; §Department of Pathology, School of Medicine, University of São Paulo, São Paulo, Brazil; ¶Department of Medicine, University of Minnesota, Minneapolis/Regions Hospital, Pulmonary and Critical Care Medicine, St Paul, Minnesota; ‖Rio de Janeiro Federal Institute of Education, Science and Technology, Rio de Janeiro, Brazil",1,Universidade de São Paulo | Technische Universität Dresden | University of Genoa | Universidade Federal do Rio de Janeiro | Ospedale Policlinico San Martino | University Hospital Carl Gustav Carus | Instituto de Biofísica Carlos Chagas Filho,I17974374 I78650965 I83816512 I122140584 I4210146472 I4210162051 I4387153105,no
"(3)University of California, San Fransisco, Minneapolis, MN",1,"University of California, San Francisco",I180670191,no
"(6) University of Minnesota Masonic Cancer Center, Minneapolis, MN",1,Masonic Cancer Center,I4390039358,yes
"(Assistant Professor of Marketing, University of Minnesota, Duluth, USA)",1,"University of Minnesota, Duluth",I4210115145,no
"(Assistant Professor of Strategic Management at Labovitz School of Business and Economics, University of Minnesota, Duluth, Minnesota, USA)",1,"University of Minnesota, Duluth",I4210115145,no
"(Associate Professor at Saint Mary's University of Minnesota, Winona, Minnesota, USA)",1,Saint Mary's University of Minnesota,I4210147856,no
"(B.N., M.P.H., Yale University); (Cook County, Chicago; (Georgia Baptist, Atlanta); (John Sealy, Galveston, Tex.); (Kahler, Rochester, Minn.; (Michael Reese, Chicago; (Misericordia, New York; (Peter Bent Brigham, Boston; (Providence, Sandusky, Ohio; (South Side, Pittsburgh, Pa,); (St. Elizabeth, Utica, N. Y.); (St. Luke's, St. Louis; (St. Thomas, London, England); (St. Vincent's, Erie, Pa.); (St. vincent's, Jacksonville, Fla.); (U. S. Naval Hospital Corps Training School, San Francisco); (University of Minnesota School of Nursing; (Utica, N. Y. General).; B.S., College of St. Scholastica, Duluth); B.S., M.A., Ohio State University); B.S., Middlebury College; B.S., Teachers College, Columbia; B.S., University of Michigan); M.A., New York University); M.S., St. Louis University)",1,Yale University,I32971472,no
"(Department of Management Studies, Labovitz School of Business and Economics, University of Minnesota at Duluth, Duluth, Minnesota, USA)",1,"University of Minnesota, Duluth",I4210115145,no
"(Department of Management Studies, University of Minnesota Duluth, Duluth, Minnesota, United States.)",1,"University of Minnesota, Duluth",I4210115145,no
"(Department of Management Studies, University of Minnesota, Duluth, USA)",1,"University of Minnesota, Duluth",I4210115145,no
"(Information Technology Professor at the University of Minnesota, Duluth. (rsand@d.umn.edu))",1,"University of Minnesota, Duluth",I4210115145,no
"(Minneapolis: University of Minnesota Press, 1993)",1,,,no
"(Professor Emeritus of Marketing, University of Minnesota Duluth, MN)",1,"University of Minnesota, Duluth",I4210115145,no
"(Senior reference librarian at University of Minnesota, Duluth, Minnesota.)",1,"University of Minnesota, Duluth",I4210115145,no
"(University of Minnesota at Duluth, Duluth, Minnesota, USA)",1,"University of Minnesota, Duluth",I4210115145,no
"(avec Ruud Koopmans et Paul Statham) Contested Citizenship, Minneapolis, University of Minnesota Press, 2005",1,,,no
") University of Minnesota, Masonic Cancer Center, Biostatistics Core, Minneapolis, MN, USA (",1,Masonic Cancer Center,I4390039358,yes
"**US EPA Mid-Continent Ecology Division, 6201 Congdon Blvd, Duluth, Minnesota 55804, †Environment Canada, Ecotoxicology and Wildlife Health Division, Ottawa, Ontario, K1A 0H3 Canada, ‡Mississippi State University, Institute for Genomics, Biocomputing and Biotechnology, Starkville, Mississippi 39762, §University of Saskatchewan, School of the Environment and Sustainability and Toxicology Centre, Saskatoon, Saskatchewan, SK S7N 5B3, Canada, ¶University of Plymouth, School of Biological Sciences, Plymouth, Devon, PL4 8AA, UK, ||University of Minnesota, Water Resources Center, St. Paul, Minnesota 55108, |||European Commission, Joint Research Centre, Via E. Fermi 2749, 21027 Ispra, Italy, ||||Department of Biology and Biochemistry, University of Houston, Houston, Texas, 77004, #Zebrafishlab, Veterinary Physiology and Biochemistry, Department of Veterinary Sciences, University of Antwerp, Universiteitsplein 1, 2610 Wilrijk, Belgium",1,University of Saskatchewan | Mississippi State University | University of Antwerp | University of Plymouth | Environmental Protection Agency,I32625721 I99041443 I149213910 I897542642 I1302368450,no
"*Department of Biology, Grinnell College, Grinnell, Iowa 50112, U.S.A.; †Department of Ecology and Evolutionary Biology, Cornell University, Ithaca, New York 14853, U.S.A.; ‡Department of Zoology and Physiology, University of Wyoming, Laramie, Wyoming 82071, U.S.A.; §Center for Marine Biodiversity and Conservation, University of California–San Diego, La Jolla, California 92093, U.S.A.; ∥School of Education and Social Policy, Northwestern University, Evanston, Illinois 60208, U.S.A.; and #Department of Plant Biology, University of Minnesota, 1445 Gartner Avenue, Saint Paul, Minnesota 55108, U.S.A",1,University of Wyoming | University of California San Diego | Northwestern University | Grinnell College | Cornell University,I12834331 I36258959 I111979921 I173288447 I205783295,no
"*Department of Family Medicine, University of Washington, Seattle, Washington; †Department of Military and Emergency Medicine, Uniformed Services University of the Health Sciences, Bethesda, Maryland; ‡Department of Family Medicine, University of North Carolina, Greensboro, North Carolina; §Department of Health and Kinesiology, Georgia Southern University, Statesboro, Georgia; ¶Department of Family Medicine, University of South Carolina Greenville School of Medicine, Greenville, South Carolina; ‖Department of Family Medicine, Carolinas Healthcare System, Charlotte, North Carolina; Departments of **Orthopedic Surgery; ††Family and Community Medicine; and ‡‡Pediatrics, University of Texas Southwestern Medical Center, Dallas, Texas; Departments of §§Pediatrics; and ¶¶Orthopedics and Rehabilitation, University of Wisconsin School of Medicine and Public Health, Madison, Wisconsin; and ‖‖Department of Family Medicine and Community Health, University of Minnesota, Minneapolis, Minnesota",1,Georgia Southern University | Uniformed Services University of the Health Sciences | University of South Carolina | University of North Carolina at Greensboro | University of Washington | Carolinas Healthcare System,I39815113 I148314036 I155781252 I169335092 I201448701 I1334069289,no
"*Department of Pediatric Hematology-Oncology, Children's National Medical Center, George Washington University School of Medicine and Public Health, Washington, DC †Clinical Investigations Branch, Cancer Therapy Evaluation Program, NCI, Bethesda ¶¶Center for Drug Evaluation and Research, US Food and Drug Administration, Silver Spring, MD ‡Keck School of Medicine, University of Southern California ¶Division of Hematology-Oncology, Children's Hospital Los Angeles, Los Angeles §Children's Oncology Group, Arcadia ‡‡Department of Pediatrics, City of Hope National Medical Center, Duarte, CA ∥Department of Biostatistics and Bioinformatics, Emory University ∥∥Aflac Cancer and Blood Disorder Center, Children's Healthcare of Atlanta/Emory University, Atlanta, GA #Department of Pediatrics, University of Minnesota Medical School, Minneapolis, MN **Department of Pediatrics, Seattle Children's Hospital, University of Washington, Seattle, WA ††Pediatric Hematology-Oncology, C.S. Mott Children's Hospi",1,University of Southern California | Emory University | George Washington University | University of Washington | City Of Hope National Medical Center | United States Food and Drug Administration | Children's National | Children's Hospital of Los Angeles,I1174212 I150468666 I193531525 I201448701 I1301076528 I1320320070 I1336742384 I1336910626,no
"*Grateful acknowledgement is given to the Graduate School, University of Minnesota for research grant to finance this study. Submitted on April 13, 1944, for publication in the June, 1944, issue of the AMERICAN JOURNAL OF OPTOMETRY AND ARCHIVES OF AMERICAN ACADEMY OF OPTOMETRY",1,,,no
"*Minneapolis, Minnesota, U.S.A",1,,,no
"*US EPA Mid-Continent Ecology Division, 6201 Congdon Blvd, Duluth, MN 55804, Environment Canada, Ecotoxicology and Wildlife Health Division, Ottawa, Ontario, Canada K1A 0H3, Institute for Genomics, Biocomputing and Biotechnology, Mississippi State University, Starkville, MS 39762, School of the Environment and Sustainability and Toxicology Centre, University of Saskatchewan, Saskatoon, Saskatchewan, Canada SK S7N 5B3, School of Biological Sciences, University of Plymouth, Plymouth, Devon, PL4 8AA, UK, Water Resources Center, University of Minnesota, St. Paul, MN 55108, European Commission, Joint Research Centre, Via E. Fermi 2749, 21027 Ispra, Italy, Department of Biology and Biochemistry, University of Houston, Houston, TX 77004, Zebrafishlab, Veterinary Physiology and Biochemistry, Department of Veterinary Sciences, University of Antwerp, Universiteitsplein 1, 2610 Wilrijk, Belgium",1,University of Saskatchewan | Mississippi State University | University of Antwerp | University of Plymouth,I32625721 I99041443 I149213910 I897542642,no
"*US EPA Mid-Continent Ecology Division, 6201 Congdon Blvd, Duluth, MN 55804, Environment Canada, Ecotoxicology and Wildlife Health Division, Ottawa, Ontario, Canada K1A 0H3, Institute for Genomics, Biocomputing and Biotechnology, Mississippi State University, Starkville, MS 39762, School of the Environment and Sustainability and Toxicology Centre, University of Saskatchewan, Saskatoon, Saskatchewan, Canada SK S7N 5B3, School of Biological Sciences, University of Plymouth, Plymouth, Devon, PL4 8AA, UK, Water Resources Center, University of Minnesota, St. Paul, MN 55108, European Commission, Joint Research Centre, Via E. Fermi 2749, 21027 Ispra, Italy, Department of Biology and Biochemistry, University of Houston, Houston, TX 77004, Zebrafishlab, Veterinary Physiology and Biochemistry, Department of Veterinary Sciences, University of Antwerp, Universiteitsplein 1, 2610 Wilrijk, Belgium *US EPA Mid-Continent Ecology Division, 6201 Congdon Blvd, Duluth, MN 55804, Environment Canada, Ecotox",1,University of Saskatchewan | Mississippi State University | University of Antwerp | University of Plymouth,I32625721 I99041443 I149213910 I897542642,no
"*US EPA Mid-Continent Ecology Division, 6201 Congdon Blvd, Duluth, MN 55804, Environment Canada, Ecotoxicology and Wildlife Health Division, Ottawa, Ontario, Canada K1A 0H3, Institute for Genomics, Biocomputing and Biotechnology, Mississippi State University, Starkville, MS 39762, School of the Environment and Sustainability and Toxicology Centre, University of Saskatchewan, Saskatoon, Saskatchewan, Canada SK S7N 5B3, School of Biological Sciences, University of Plymouth, Plymouth, Devon, PL4 8AA, UK, Water Resources Center, University of Minnesota, St. Paul, MN 55108, European Commission, Joint Research Centre, Via E. Fermi 2749, 21027 Ispra, Italy, Department of Biology and Biochemistry, University of Houston, Houston, TX 77004, Zebrafishlab, Veterinary Physiology and Biochemistry, Department of Veterinary Sciences, University of Antwerp, Universiteitsplein 1, 2610 Wilrijk, Belgium villeneuve.dan@epa.gov",1,University of Saskatchewan | Mississippi State University | University of Antwerp | University of Plymouth,I32625721 I99041443 I149213910 I897542642,no
"*University of Minnesota Masonic Cancer Center, Minneapolis ‡Hubert H. Humphrey Cancer Center-North Memorial Health Care, Robbinsdale, MN †Department of Medicine, University of North Dakota, Fargo, ND",1,University of North Dakota | North Memorial Health Care | Masonic Cancer Center,I24571045 I4210130969 I4390039358,yes
++,1,,,no
", 1414 S 3rd Street, Minneapolis, MN, 55454, USA. abakp002@umn.edu",1,,,no
", Fraser, 3333 University Ave SE, Minneapolis, MN, 55414, USA",1,,,no
", Minneapolis : The University of Minnesota Press",1,,,no
", Minneapolis, Minnesota, U.S.A",1,,,no
", Minnesota , 1997-98",1,,,no
", University of Minnesota Press. Price $10.00",1,,,no
"-160 Jackson Hall ; 321 Church St SE ; Minneapolis , Minnesota 55455 USA;",1,,,no
"-1978 (Minneapolis: University of Minnesota Press, 2014)",1,,,no
". University of Minnesota Masonic Cancer Center , Biostatistics Core , Minneapolis , MN , United States;",1,Masonic Cancer Center,I4390039358,yes
". University of Minnesota Masonic Cancer Center , Biostatistics and Bioinformatics Core",1,Masonic Cancer Center,I4390039358,yes
". University of Minnesota Masonic Cancer Center, Biostatistics Core, Minneapolis, MN, United States;",1,Masonic Cancer Center,I4390039358,yes
". University of Minnesota Masonic Cancer Center, Minneapolis, Minnesota, USA",1,Masonic Cancer Center,I4390039358,yes
"1 Co-founder and clinical social worker at the Caspersen Therapy Center in St. Louis Park, Minnesota, where he uses narrative therapy when working with children, adolescents, and adults who face a wide range of problems. As Director of the Caspersen Training Center, he also provides narrative therapy training to participants from a wide range of disciplines. John was a member of the first diplomate program (2002) taught by Michael White and his colleagues at the Dulwich Centre in Adelaide, Australia. Currently he is a member the training staff of the Dulwich Centre's international training programs and has provided training worldwide. His topics have included the use of narrative therapy with children, families, couples, and communities facing a wide array of issues, including abuse and trauma. He is also a consultant to the Catalyst Foundation, which works with a community of people living on a garbage dump in Kien Giang, Vietnam.2 Assistant Professor in the Department of Psychiatry at the University of Minnesota Medical School and a Staff Psychologist/Program Manager at the Minneapolis VA Healthcare System. He works with issues of psychological trauma and relationships in both clinical and research settings. He has been incorporating aspects of the narrative therapy into his therapy practice with individual and couples for the past 10 years",1,,,no
"1 Department of Genetics, Cell Biology and Development, 6-160 Jackson Hall, 321 Church Street SE, Minneapolis MN 55455, USA",1,,,no
"1 Departments of Surgery and Clinical Epidemiology and Biostatistics, Hamilton Health Sciences-General Hospital, 237 Barton Street East, 7 North, Suite 727, Hamilton, ON L8L 2X2, Canada. E-mail address for M. Bhandari: [email protected]; 10 Division of Trauma Surgery, University of Zurich Hospital, Sternwartstrasse 14, 8091 Zurich, Switzerland; 11 Department of General Surgery—Trauma, Erasmus Medical Center, P.O. Box 2040, 300 CA Rotterdam, The Netherlands; 2 Department of Orthopaedic Surgery, Boston Medical Center, 818 Harrison Avenue, Dowling 2 North, Boston, MA 02118-2393; 3 Department of Orthopaedic Surgery, University of Minnesota, 2450 Riverside Avenue, Minneapolis, MN 55454; 4 Mayo Clinic, 200 First Street S.W., Rochester, MN 55905; 5 Florida Orthopaedic Institute, 13020 North Telecom Parkway, Temple Terrace, FL 33637; 6 St. Michael's Hospital, 55 Queen Street East, #800, Toronto, ON M5C 1R6, Canada; 7 MPH AO Clinical Investigation and Doc, Clavadelerstrasse, 7270 Davos Platz, Switzerland; 8 Dartmouth Hitchcock Medical Center, 1 Medical Center Drive, Lebanon, NH 03756; 9 Department of Orthopaedics, University of North Carolina at Chapel Hill, 3147 Bioinformatics, CB #7055, Chapel Hill, NC 27599-7055",1,Hamilton Health Sciences | University of North Carolina at Chapel Hill | University of Zurich | Boston Medical Center | Dartmouth–Hitchcock Medical Center | St. Michael's Hospital | University Hospital Zurich,I76442945 I114027177 I202697423 I1286490081 I1289422878 I1297363086 I4210100468,no
1 Ohio State University2 University of Minnesota3 Ohio State University and University of Toronto,1,The Ohio State University | University of Toronto,I52357470 I185261750,no
"1 Section of Molecular Cancer Therapeutics, Therapeutic Radiology-Radiation Oncology, University of Minnesota Masonic Cancer Center , Minneapolis, Minnesota",1,Masonic Cancer Center,I4390039358,yes
"1 State Key Laboratory for Agrobiotechnology, College of Biological Sciences, China Agricultural University, Beijing, China",1,China Agricultural University,I52158045,no
"1 University High School, Minneapolis, Minnesota",1,,,no
"100 South Robert Street, St. Paul, MN 55107, USA e‐mail: davidj.therkelsen‐1@tc.umn.edu",1,,,no
"103 suppl 4:6S.; 18 suppl 2:S53.; Address reprint requests to: Bruce Ettinger, MD, 156 Lombard Street, #13, San Francisco, CA 94111; From the *Division of Research, Kaiser Permanente Medical Care Program, Oakland, California; Presented at the 25th annual meeting of the American Society for Bone and Mineral Research, Minneapolis, Minnesota, September 19–23, 2003, and published in abstract form in the Journal of Bone and Mineral Research 2003; Presented at the 52nd annual American College of Obstetricians and Gynecologists Clinical Meeting, Philadelphia, Pennsylvania, May 1–5, 2004, and published in abstract form as Ettinger B, Grady D, Foegh M, Hanes V. Osteoporosis prevention with unopposed ultralow-dose transdermal estradiol. Obstet Gynecol 2004; Received March 16, 2004. Received in revised form June 18, 2004. Accepted June 22, 2004.; and **Department of Epidemiology and Biostatistics and Women's Health Clinical Research Center, Mount Zion Medical Center, University of California, San Francisco, California.; e-mail: [email protected].; §Department of Preventive Medicine, University of Tennessee Health Sciences Center, Memphis, Tennessee; ¶Department of Epidemiology and Biostatistics, University of California, and Clinical Research Division, California Pacific Medical Center Research Institute, San Francisco, California; †Epidemiology Clinical Research Center, University of Minnesota, and Veteran's Administration Medical Center, Minneapolis, Minnesota; ‡Department of Epidemiology, University of Iowa, Iowa City, Iowa; ∥Ferring Pharmaceuticals, Inc, Suffern, New York",1,Kaiser Permanente,I1343052199,no
"111 Church St. SE, Minneapolis, MN 55455, United States. Electronic address: dhume001@umn.edu",1,,,no
"13University of Minnesota, Masonic Cancer Center, Minneapolis, United States",1,Masonic Cancer Center,I4390039358,yes
"1414 Social Sciences Building , 267 19 th Ave S , Minneapolis MN 55455",1,,,no
"147 Eng. Bldg., University of Minnesota Duluth, Duluth, Minnesota 55812",1,"University of Minnesota, Duluth",I4210115145,no
"15Masonic Cancer Center, University of Minessota, Minneapolis, MN,",1,Masonic Cancer Center,I4390039358,yes
"1900 University Ave SE , Minneapolis , MN 55455 , USA;",1,,,no
"1919 University Ave. W. Suite 6 St. Paul MN , 55104 . USA",1,,,no
"19Radiology, University of Wisconsin, Minneapolis, MN",1,University of Wisconsin System,I1304256225,no
"1College of Biological Sciences and Technology (Box 162), Beijing Forestry University, Beijing 100083, P.R. China",1,Beijing Forestry University,I31683504,no
"1Department of Family Medicine, University of Washington, Seattle, WA; 2Department of Military and Emergency Medicine, Uniformed Services University of the Health Sciences, Bethesda, MD; 3Department of Family Medicine, University of North Carolina, Greensboro, NC; 4Department of Health and Kinesiology, Georgia Southern University, Statesboro, GA; 5Department of Family Medicine, University of South Carolina Greenville School of Medicine, Greenville, SC; 6Department of Family Medicine, Carolinas Healthcare System, Charlotte, NC; 7Departments of Orthopedic Surgery, Family & Community Medicine, and Pediatrics, University of Texas Southwestern Medical Center, Dallas, TX; 8Departments of Pediatrics, Orthopedics and Rehabilitation, University of Wisconsin School of Medicine and Public Health, Madison, WI; 9Department of Family Medicine and Community Health, University of Minnesota, Minneapolis, MN",1,Georgia Southern University | Uniformed Services University of the Health Sciences | University of South Carolina | University of North Carolina at Greensboro | University of Washington | The University of Texas Southwestern Medical Center,I39815113 I148314036 I155781252 I169335092 I201448701 I867280407,no
"1Department of Geological Sciences, University of Minnesota, Duluth, MN 55812, USA",1,"University of Minnesota, Duluth",I4210115145,no
"1Department of Health, Physical Education, and Recreation, University of Minnesota Duluth, Duluth, Minnesota",1,"University of Minnesota, Duluth",I4210115145,no
"1Department of Pharmacology, University of Minnesota Masonic Cancer Center, Minneapolis, Minnesota",1,Masonic Cancer Center,I4390039358,yes
"1Division of Hematology, Oncology and Transplantation, Department of Medicine, University of Minnesota Masonic Cancer Center, Minneapolis, Minnesota",1,Masonic Cancer Center,I4390039358,yes
"1From the Department of Social and Preventive Medicine, University at Buffalo, State University of New York, Buffalo, NY (JLF); Cancer Prevention and Control, H Lee Moffitt Cancer Center and Research Institute, Tampa, FL (TAS); Harvard Center for Cancer Prevention, Boston, MA (GC, WCW, and DJH); and the Department of Epidemiology and Health Promotion, National Public Health Institute, Helsinki, Finland (JV); the Cancer Institute of New Jersey, UMDNJ–Robert Wood Johnson Medical School, New Brunswick, NJ (EVB); the Cancer Prevention Studies Branch, Division of Clinical Sciences, National Cancer Institute, Bethesda, MD (DA); the Channing Laboratory, Harvard Medical School/Brigham and Women’s Hospital, Boston, MA (GC, DF, WCW, and DJH); the Department of Epidemiology and Population Health, Albert Einstein College of Medicine, Bronx, NY (TER); the Department of Epidemiology, Maastricht University, Maastricht, Netherlands (PAB); the Department of Epidemiology, TNO Nutrition and Food Research Institute, Zeist, Netherlands (RAG); the Department of Public Health Sciences, Faculty of Medicine, University of Toronto, Toronto, Canada (ABM); the Departments of Biostatistics (JR), Nutrition (SAS-W, ER, WCW, and DJH), and Epidemiology (SAS-W, GC, ER, WCW, and DJH), Harvard School of Public Health, Boston, MA; the Division of Epidemiology, School of Public Health, University of Minnesota, Minneapolis, MN (LH)",1,"University at Buffalo, State University of New York | University of Toronto | National Institutes of Health | Moffitt Cancer Center | National Cancer Institute",I63190737 I185261750 I1299303238 I3019308854 I4210140884,no
"1From the Research Unit for Dietary Studies at the Institute of Preventive Medicine, Copenhagen University Hospital, Centre for Health and Society, Copenhagen, Denmark (MUJ and BLH); the Center for Cardiovascular Research, Aalborg Hospital, Aarhus University Hospital, Aalborg, Denmark (MUJ); the Department of Clinical Epidemiology, Aarhus University Hospital, Aalborg, Denmark (MUJ); the Department of Epidemiology and Biostatistics, Loma Linda University, Loma Linda, CA (GEF); the Department of Medical Epidemiology and Biostatistics, Karolinska Institute, Stockholm, Sweden (KB); the Department of Public Health and Clinical Medicine, Nutritional Research, Umeå University, Umeå, Sweden (GH); the Departments of Nutrition (EJO, WCW, and AA), Epidemiology (EJO, SL, DS, WCW, and AA), and Biostatistics (DS), Harvard School of Public Health, Boston, MA; the Departments of Nutrition and Epidemiology, School of Public Health, University of North Carolina, Chapel Hill, NC (JS); the Division of Epidemiology and Community Health, School of Public Health, University of Minnesota, Minneapolis, MN (MAP); the Division of Preventive Medicine, Brigham and Women’s Hospital and Harvard Medical School, Boston, MA (SL); the Harvard Center for Cancer Prevention, Boston, MA (WCW); the National Public Health Institute, Helsinki, Finland (PK, PP, and JV); the Research Centre for Prevention and Health, Glostrup University Hospital, Glostrup, Denmark (MUJ); the Section of Epidemiology and Biostatistics, Henry N Neufeld Cardiac Research Institute, Department of Epidemiology and Preventive Medicine, Tel Aviv University, Tel Aviv, Israel (UG)",1,Tel Aviv University | Loma Linda University | Karolinska Institutet | Umeå University | Aalborg University Hospital | Aarhus University Hospital | Copenhagen University Hospital,I16391192 I26347476 I28166907 I90267481 I2799976261 I2802335433 I2802567020,no
"1Key Laboratory of Agro-Microbial Resources and Application, Ministry of Agriculture of China, College of Biological Sciences, China Agricultural University, Beijing 100094, China",1,China Agricultural University,I52158045,no
"1Mayo Clinic Sports Medicine Center, Rochester, MN; 2Minnesota Hockey, St. Paul, MN; and 3University of Minnesota, St. Paul, MN",1,Mayo Clinic,I1330342723,no
"1Medical Oncology, Dana-Farber Cancer Institute, Harvard Medical School, Boston, MA, USA; 2Immunology, Rush University Medical Center, Chicago, IL, USA; 3Biochemistry and Molecular Biology, Oklahoma State Univeristy, Stillwater, OK, USA and 4Medical and Pediatric Hematology-Oncology, University of Minnesota Cancer Center, Minneapolis, MN, USA",1,Oklahoma State University | Rush University Medical Center | Dana-Farber Cancer Institute,I115475287 I1285301757 I4210117453,no
"1State Key Laboratory of Plant Physiology and Biochemistry and 2State Key Laboratory for Agricultural Biotechnology, College of Biological Sciences, China Agricultural University, Beijing 100193, China",1,China Agricultural University | State Key Laboratory of Plant Physiology and Biochemistry,I52158045 I4391768222,no
"1State Key Laboratory of Plant Physiology and Biochemistry, College of Biological Sciences, China Agricultural University, Beijing 100094, China;",1,China Agricultural University | State Key Laboratory of Plant Physiology and Biochemistry,I52158045 I4391768222,no
"1Univ. of Minnesota Masonic Cancer Ctr., Minneapolis, MN;",1,Masonic Cancer Center,I4390039358,yes
"1Univ. of Minnesota, Masonic Cancer Center, Minneapolis, MN;",1,Masonic Cancer Center,I4390039358,yes
"1University of Minnesota - Hormel Institute, Austin, MN,",1,,,no
"1University of Minnesota Masonic Cancer Center, Minneapolis, MN",1,Masonic Cancer Center,I4390039358,yes
"1University of Minnesota, Masonic Cancer Center, MN,",1,Masonic Cancer Center,I4390039358,yes
"1University of Minnesota, Masonic Cancer Center, Minneapolis, Minnesota",1,Masonic Cancer Center,I4390039358,yes
"1University of Minnesota-Masonic Cancer Center, Minneapolis, MN;",1,Masonic Cancer Center,I4390039358,yes
"2) Geology and Geophysics  Department, Minnesota University, MN55455, USA",1,,,no
"2)Geography Department, Minnesota University, MN55455,USA",1,,,no
"2300 East 88th Street, Minneapolis, Minnesota 55420 USA",1,,,no
"251 Owen Hall, 2900 University Avenue, Crookston Regional Extension Center, University of Minnesota Crookston 56716",1,University of Minnesota Crookston,I4210159608,no
"2575 University Avenue,W #100, St Paul,MN 55114,USA",1,,,no
"260 Coffey Hall, 1420 Eckles Avenue, St. Paul, MN 55108",1,,,no
"2600 University Ave. SE. Unit 205 , Minneapolis , MN 55414 , USA",1,,,no
"2630 University Ave. SE, Minneapolis, MN 55414",1,,,no
"2630 University Avenue S. E., Minneapolis, MN 55414",1,,,no
"2630 University Avenue, SE, Minneapolis, MN 55414",1,,,no
"2701 University Avenue SE, Suite 201, Minneapolis, MN 55414, United States",1,,,no
"2900 University Avenue, Department of Agronomy & Plant Genetics and Northwest Research and Outreach Center, University of Minnesota, Crookston 56716",1,University of Minnesota Crookston,I4210159608,no
"2College of Biological Sciences, China Agricultural University, Beijing 100094, P. R. China",1,China Agricultural University,I52158045,no
"2College of Biological Sciences, University of Tsukuba, Tsukuba 305-8572, Japan",1,University of Tsukuba,I146399215,no
"2Current address: Department of Pharmacy Practice and Pharmaceutical Sciences, College of Pharmacy, University of Minnesota Duluth, Duluth, MN, USA.,",1,"University of Minnesota, Duluth",I4210115145,no
"2Department of Pediatrics and Neurosurgery, University of Minnesota Masonic Cancer Center, Minneapolis, Minnesota",1,Masonic Cancer Center,I4390039358,yes
"2Department of Pharmaceutical Sciences, College of Pharmacy, University of Minnesota, Duluth, Minnesota, USA",1,"University of Minnesota, Duluth",I4210115145,no
"2Pediatrics and Neurosurgery, University of Minnesota Masonic Cancer Center, Twin Cities, MN",1,Masonic Cancer Center,I4390039358,yes
"2Univ. of Minnesota Masonic Cancer Ctr., Minneapolis, MN",1,Masonic Cancer Center,I4390039358,yes
"2University of Minnesota Hormel Institute, Austin, MN;",1,,,no
"2University of Minnesota Masonic Cancer Center, Minneapolis, MN;",1,Masonic Cancer Center,I4390039358,yes
"2University of Minnesota Masonic Cancer Center, Minneapolis, Minnesota and",1,Masonic Cancer Center,I4390039358,yes
"2University of Minnesota, Masonic Cancer Center, Minneapolis, United States",1,Masonic Cancer Center,I4390039358,yes
"2University of Minnesota/Masonic Cancer Center, Minneapolis, MN",1,Masonic Cancer Center,I4390039358,yes
"3 Biostatistics Core, University of Minnesota Cancer Center Minneapolis, MN 55455, USA",1,Masonic Cancer Center,I4390039358,yes
"3-222 , 2001 6th Street SE , Minneapolis , MN 55455 , USA",1,,,no
"3. Minneapolis, Minnesota",1,,,no
"312 Church Street SE ; Minneapolis , Minnesota 55455 USA;",1,,,no
3218 E. 54th Street Minneapolis Minnesota 55417 USA,1,,,no
"3300 University Avenue, S. E. Minneapolis, Minnesota 55141",1,,,no
"3300 University Avenue, S. E., Minneapolis, Minnesota 55414",1,,,no
"3300 University Avenue, S.E., Minneapolis, Minnesota 55414",1,,,no
"3300 University Avenue. S.E., Minneapolis, Minnesota 55414",1,,,no
"3Biostatistics Core, University of Minnesota Masonic Cancer Center, Minneapolis, MN",1,Masonic Cancer Center,I4390039358,yes
"3College of Biological Sciences and Biotechnology; Beijing Forestry University; Beijing, China",1,Beijing Forestry University,I31683504,no
"3Department of Biochemistry and Molecular Biology, Medical School, University of Minnesota, Duluth, Minnesota, USA",1,"University of Minnesota, Duluth",I4210115145,no
"3Large Lakes Observatory, University of Minnesota Duluth, Duluth, MN 55812, USA",1,"University of Minnesota, Duluth",I4210115145,no
"3M, St. Paul, Minnesota, Minneapolis, MN, 55144, U.S.A",1,3M (United States),I1340755506,no
"3Math, Science & Technology Department, University of Minnesota Crookston, Crookston, Minnesota 56716 USA",1,University of Minnesota Crookston,I4210159608,no
"3University of Minnesota - Masonic Cancer Center, Minneapolis, MN;",1,Masonic Cancer Center,I4390039358,yes
"3University of Minnesota Masonic Cancer Center, Minneapolis, MN;",1,Masonic Cancer Center,I4390039358,yes
"3University of Minnesota, Masonic Cancer Center, Minneapolis, MN",1,Masonic Cancer Center,I4390039358,yes
"4 Department of Pharmaceutical Sciences, College of Pharmacy, University of Minnesota, Duluth, Minnesota, USA",1,"University of Minnesota, Duluth",I4210115145,no
"4 University of Minnesota Cancer Center Minneapolis, MN 55455, USA",1,Masonic Cancer Center,I4390039358,yes
"4) Geology and Geophysics Department,Minnesota University,MN 55455,USA",1,University of Minnesota System,I2800403580,no
"4Biostatistics Core, University of Minnesota Masonic Cancer Center, Minneapolis, Minnesota",1,Masonic Cancer Center,I4390039358,yes
"4Orthopedic Surgery, University of Minnesota Cancer Center, Minneapolis, Minnesota;",1,Masonic Cancer Center,I4390039358,yes
"5259 MINNEAPOLIS , MINNESOTA 55455",1,,,no
"5Institute of Animal Science, Chinese Academy of Agricultural Sciences, Beijing, 100193, PR China; College of Biological Sciences, China Agricultural University (CAU), Beijing, 100193, PR China",1,China Agricultural University | Chinese Academy of Agricultural Sciences | Institute of Animal Sciences,I52158045 I4210138501 I4210149494,no
5Neurology University of Minnesota Medical Center Minneapolis MN United States,1,University of Minnesota Medical Center,I4210135252,no
"5Univ. of Minnesota Hormel Inst., Austin, MN",1,Hormel (United States),I223919290,no
"6 Department of Integrative Biology and Physiology, 321 Church Street SE, Minneapolis, MN 55455 USA",1,,,no
"6The University of Minnesota Masonic Cancer Center, Minneapolis, Minnesota",1,Masonic Cancer Center,I4390039358,yes
"710 East 24th Street , Suite 100 , Minneapolis , Minnesota , 55404 , US",1,,,no
"797 Goodrich Avenue, Saint Paul, Minnesota 55105, USA (e-mail: wilso004@umn.edu)",1,,,no
"8Department of Medicine, University of Minnesota Masonic Cancer Center, Minneapolis, Minnesota",1,Masonic Cancer Center,I4390039358,yes
"8Department of Orthopedic Surgery, University of Minnesota Cancer Center, Minneapolis, Minnesota;",1,Masonic Cancer Center,I4390039358,yes
"8University of Minnesota, Masonic Cancer Center, Minneapolis, Minnesota",1,Masonic Cancer Center,I4390039358,yes
"8University of Minnesota, and Masonic Cancer Center, Minneapolis, MN,",1,Masonic Cancer Center,I4390039358,yes
"9600 Aldrich Avenue, So, Minneapolis, MN 55420, USA",1,,,no
"9Department of Laboratory of Medicine and Pathology, University of Minnesota Masonic Cancer Center, Minneapolis, Minnesota",1,Masonic Cancer Center,I4390039358,yes
"A previous version of this paper circulated under the title ""Persuasion and limited communication."" I am very grateful to Eddie Dekel for many valuable comments and advice. I would also like to thank David Austen-Smith, Marciano Siniscalchi, Asher Wolinsky, David Rahman, Ariel Rubinstein, Jesse Bull, Elchanan Ben-Porath, Melissa Koenig, Peter Sher, Tomasz Strzalecki, Evsen Turkay, and Jan Werner. I am grateful to Rakesh Vohra for suggesting the relation of the persuasion problem to the set cover problem. I thank Bart Lipman and two anonymous referees for their helpful comments. Shihui Ma, Nyalleng Moorosi, and Benjamin Segal provided valuable research assistance. I thank Kemal Badur for helping to construct the figures for this paper. A grant-in-aid and single semester leave from the University of Minnesota are gratefully acknowledged. All errors are mine",1,,,no
"A previous version of this paper circulated under the title “Persuasion and limited communication.” I am very grateful to Eddie Dekel for many valuable comments and advice. I would also like to thank David Austen-Smith, Marciano Siniscalchi, Asher Wolinsky, David Rahman, Ariel Rubinstein, Jesse Bull, Elchanan Ben-Porath, Melissa Koenig, Peter Sher, Tomasz Strzalecki, Evsen Turkay, and Jan Werner. I am grateful to Rakesh Vohra for suggesting the relation of the persuasion problem to the set cover problem. I thank Bart Lipman and two anonymous referees for their helpful comments. Shihui Ma, Nyalleng Moorosi, and Benjamin Segal provided valuable research assistance. I thank Kemal Badur for helping to construct the figures for this paper. A grant-in-aid and single semester leave from the University of Minnesota are gratefully acknowledged. All errors are mine",1,,,no
"A.M. Huber, MSc, MD, IWK Health Centre, and Dalhousie University; S. Kim, MD, MMSc, Boston Children's Hospital, and Harvard University; A.M. Reed, MD, Duke University School of Medicine; R. Carrasco, MD, Dell Children's Medical Center of Central Texas, and University of Texas at Austin; B.M. Feldman, MD, MSc, Hospital for Sick Children, and University of Toronto; S.D. Hong, MD, University of Iowa Children's Hospital, and University of Iowa; P. Kahn, MD, New York Langone Medical Center, and New York University; H. Rahimi, MD, MTR, University of Rochester Medical Center, University of Rochester; A.B. Robinson, MD, Rainbow Babies and Children's Hospital, and Case Western Reserve University; R.K. Vehe, MD, University of Minnesota Masonic Children's Hospital, and University of Minnesota; J.E. Weiss, MD, Hackensack University Medical Center, and University of Medicine and Dentistry of New Jersey; C. Spencer, MD, Nationwide Children's Hospital, and Ohio State University",1,University of Rochester | New York University | The University of Texas at Austin | University of Toronto | Boston Children's Hospital | Hospital for Sick Children | Dell Children's Medical Center of Central Texas,I5388228 I57206974 I86519309 I185261750 I1288882113 I2801317318 I4210102018,no
"A.M. Huber, MSc, MD, IWK Health Centre, and Dalhousie University; S. Kim, MD, MMSc, Boston Children's Hospital, and Harvard University; A.M. Reed, MD, Duke University School of Medicine; R. Carrasco, MD, Dell Children's Medical Center of Central Texas, and University of Texas at Austin; B.M. Feldman, MD, MSc, Hospital for Sick Children, and University of Toronto; S.D. Hong, MD, University of Iowa Children's Hospital, and University of Iowa; P. Kahn, MD, New York Langone Medical Center, and New York University; H. Rahimi, MD, MTR, University of Rochester Medical Center, University of Rochester; A.B. Robinson, MD, Rainbow Babies and Children's Hospital, and Case Western Reserve University; R.K. Vehe, MD, University of Minnesota Masonic Children's Hospital, and University of Minnesota; J.E. Weiss, MD, Hackensack University Medical Center, and University of Medicine and Dentistry of New Jersey; C. Spencer, MD, Nationwide Children's Hospital, and Ohio State University. adam.huber@iwk.nsheal",1,University of Rochester | New York University | The University of Texas at Austin | University of Toronto | Boston Children's Hospital | Hospital for Sick Children | Dell Children's Medical Center of Central Texas,I5388228 I57206974 I86519309 I185261750 I1288882113 I2801317318 I4210102018,no
"AEROSPACE ENGINEERING AND MECHANICS 107 Akerman Hall , 110 Union St. SE Minneapolis , MN , 55455-0153",1,,,no
AGRICULTURA EXTENSION SERVICE • INSTITUTE OF AGRICULTURE • UNIVERSITY OF MINNESOTA Rural,1,,,no
"ANZGOG, Australia-New Zealand Gynaecological Oncology Group, Sydney, Australia; Bethesda, Maryland; Cancer Treatment Centers of America, Philadelphia Pennsylvania; Cleveland Clinic Foundation and Case Western Reserve University, Cleveland, Ohio; Community Health Network and Indiana University School of Medicine, Indianapolis, Indiana; Duke University Hospital; Durham, North Carolina; Each author has confirmed compliance with the journal's requirements for authorship.; For a list of Gynecologic Oncology Group member institutions that participated in the primary treatment studies, see Appendix 1 online at https://links.lww.com/AOG/B246.; Johns Hopkins University/Sidney Kimmel Cancer Center, Baltimore, Maryland; Moffitt Cancer Center, Tampa, Florida; NRG Oncology Statistics and Data Management Center, Roswell Park Cancer Institute, Buffalo, New York; NYU Clinical Cancer Center, New York, New York; Presented at the Society of Gynecologic Oncology’s annual meeting, March 12–15, 2017, National Harbor, MD.; Supported by National Cancer Institute grants to the Gynecologic Oncology Group Administrative Office (CA 27469), the Gynecologic Oncology Group Statistical and Data Center (CA 37517), and the NRG Oncology Grant numbers 1 U10 CA180822 and U10 CA180868.; Tacoma General Hospital, Tacoma, Washington; The Ohio State University Medical Center, Columbus, Ohio.; The Ohio State University, Columbus, Ohio; US Oncology Research, Arizona Oncology, Tucson, Arizona; Walter Reed Army Medical Center; Washington University in St. Louis School of Medicine, St. Louis, Missouri; email: [email protected].; the University of California at Irvine, Orange, California; the University of Colorado School of Medicine at Denver, Aurora, Colorado; the University of Iowa Hospital, Iowa City, Iowa; the University of Minnesota, Minneapolis, Minnesota; the University of North Carolina at Chapel Hill, Chapel Hill, North Carolina; the University of Pennsylvania Medical Center, Philadelphia, Pennsylvania",1,Case Western Reserve University | University of Pennsylvania | University of North Carolina at Chapel Hill | University of Iowa | Johns Hopkins University | Cleveland Clinic | Community Health Network | Duke University Hospital | Australia New Zealand Gynaecological Oncology Group,I58956616 I79576946 I114027177 I126307644 I145311948 I1316902750 I4210138333 I4210153043 I4210160284,no
"AVENUE S.E. MINNEAPOLIS , MINNESOTA 55455",1,,,no
"Abbey Cofsky, is a Program Associate, Public Health Team, Robert Wood Johnson Foundation, Princeton, New Jersey.; John W. Moran, PhD, MBA, CQIA, CQM, CMC, is Senior Quality Advisor, Public Health Foundation, Washington, District of Columbia.; Leslie M. Beitsch, MD, JD, is Professor of Health Policy, Florida State University College of Medicine, Tallahassee, and Director, Center for Medicine and Public Health, Tallahassee, Florida. He currently serves as Associate Dean for Health Affairs.; Liza C. Corso, MPA, is Team Leader, Office of Public Health Systems Performance, Office of the Chief of Public Health Practice, Centers for Disease Control and Prevention, Atlanta, Georgia.; William J. Riley, PhD, is Associate Dean, School of Public Health, University of Minnesota, Minneapolis",1,Robert Wood Johnson Foundation | Florida State University | Public Health Foundation,I46968129 I103163165 I4210125770,no
"About the Authors Claire O'Donnell, PhD, MSc, RNT, RM, RGN, is a lecturer, Department of Nursing and Midwifery, Faculty of Education and Health Sciences, Health Research Institute, University of Limerick, Limerick, Ireland. Brid O'Brien, PhD, MSc, RNT, H. DipMan, OTT Cert, RGN; Kathleen Markey, PhD, MSc, PGCHE, RGN; and Jane McCarthy, MSc, RNT, RM, RGN, are also lecturers, Department of Nursing and Midwifery, Faculty of Education and Health Sciences, Health Research Institute, University of Limerick. Carol Flaten, DNP, RN, PHN, is clinical associate professor and director of prelicensure programs, and Christine Mueller, PhD, RN, FGSA, FAAN, is a professor and senior executive associate dean for academic programs, University of Minnesota School of Nursing, Minneapolis, Minnesota. Eric Leinen is program director, Learning Abroad Center, University of Minnesota. Katherine Martin is study abroad manager, UL Global, University of Limerick. Margaret M. Graham, PhD, MSc, RNT, RM, RGN, is a le",1,University of Limerick,I230495080,no
"Academic Faculty of Botany and the Herbarium, College of Biological Sciences, The Ohio State University, Columbus,",1,The Ohio State University,I52357470,no
"Accounting Department, Faculty of Economics and Administrative Sciences, Islamic University of Minnesota, Virginia 21501, USA",1,Islamic University of Minnesota,I4405261387,no
"Address for reprints: Rondi B. Gelbard, MD, Emory University School of Medicine, 69 Jesse Hill Jr. Drive, SE, Glenn Memorial Building, Room 315, Atlanta, Georgia 30303; Department of Surgery and Critical Care Medicine, McGill University Health Centre (K.K.), Montreal, Canada; Department of Surgery, Swedish Medical Center (J.Y.), Englewood, Colorado; Department of Surgery, UT Southwestern Medical Center (B.H.W.), Dallas, Texas; Division of Acute Care Surgery, Department of Surgery, Thomas Jefferson University Hospital (A.K.), Philadelphia, Pennsylvania; Division of Acute Care Surgery, Department of Surgery, Virginia Commonwealth University (P.F.), Richmond, Virginia; Division of Critical Care and Acute Care Surgery, Department of Surgery, University of Minnesota (M.L.), Minneapolis, Minnesota; Division of Trauma and Critical Care, Department of Surgery, University of Miami (D.D.Y., C.M.), Miami, Florida; Division of Trauma, Burn and Critical Care Surgery, Department of Surgery, Harborview Medical Center (E.M.B., B.R.H.R.), University of Washington, Seattle, Washington.; From the Division of Trauma and Surgical Critical Care at Grady Memorial Hospital, Department of Surgery, Emory University School of Medicine (R.B.G.), Atlanta, Georgia; Presented at: The Eastern Association for the Surgery of Trauma 30th Annual Scientific Assembly, January 10–14 2017, Hollywood, Florida.; St. Mary’s Hospital Major Trauma Center, Imperial College Healthcare (M.K.), London, United Kingdom; Submitted: October 4, 2017, Revised: January 18, 2018, Accepted: January 31, 2018, Published online: February 27, 2018.; email: [email protected]",1,McGill University | Thomas Jefferson University | Emory University | The University of Texas Southwestern Medical Center | McGill University Health Centre | Swedish Medical Center,I5023651 I149251103 I150468666 I867280407 I2801766832 I4210092087,no
"Address for reprints: Sorena Keihani, MD, Division of Urology, Department of Surgery, University of Utah School of Medicine, 30 North 1900 East, Salt Lake City, UT 84132; Department of Radiology and Imaging Sciences (M.E.H.), Emory University Hospital, Atlanta, Georgia.; Department of Surgery (E.S.D.), Division of Trauma, Acute Care Surgery, and Surgical Critical Care, Department of Surgery (S.Z.), University of California Davis Medical Center, Sacramento, California; Department of Surgery (J.F.K.), East Texas Medical Center, Tyler, Texas; Department of Urology (B.G.S., B.A.E.), University of Iowa, Iowa City, Iowa; Department of Urology (B.M., R.A.S.), Detroit Medical Center, Detroit, Michigan; Department of Urology (J.P.), Department of Surgery (C.M.D.), University of Wisconsin, Milwaukee, Wisconsin; Department of Urology (N.B., B.N.B.), University of California-San Francisco, San Francisco, California; Department of Urology (T.H., F.N.B.), Oakland University William Beaumont School of Medicine, Royal Oak, Michigan; Department of Urology, Hennepin County Medical Center (I.S., S.P.E.,), University of Minnesota, Minneapolis, Minnesota; Division of Acute Care Surgery (X.L.-O., K.M.), Loma Linda University Medical Center, Loma Linda, California; Division of Trauma and Surgical Critical Care (B.J.M., S.M.), Intermountain Medical Center, Murray, Utah; Division of Trauma and Surgical Critical Care (C.N.F., B.P.S.), Hospital of the University of Pennsylvania, Philadelphia, Pennsylvania; Division of Trauma, Department of Surgery (B.U.O., R.A.), Brigham and Women's Hospital, Boston, Massachusetts; Medical City Plano (M.M.C.), Plano; Submitted: July 16, 2018, Revised: September 21, 2018, Accepted: October 2, 2018, Published online: October 25, 2018.; The abstract of this work is presented at the 77th Annual Meeting of the American Association for the Surgery of Trauma (AAST) and 4th World Trauma Congress, September 26-29, 2018, San Diego, California.; email: [email protected]",1,University of Iowa | University of Utah | Emory University Hospital | University of California Davis Medical Center,I126307644 I223532165 I2800556163 I4210160527,no
"Address for reprints: Sorena Keihani, MD, Division of Urology, Department of Surgery, University of Utah School of Medicine, 30, North 1900, Salt Lake City, UT 84132; Department of Surgery (E.S.D.), Division of Trauma, Acute Care Surgery, and Surgical Critical Care, Department of Surgery (S.Z.), University of California Davis Medical Center, Sacramento, California; Department of Surgery (J.F.K.), East Texas Medical Center, Tyler, Texas; Department of Urology (B.M., R.A.S.), Detroit Medical Center, Detroit, Miami; Department of Urology (I.S., S.P.E.), Hennepin County Medical Center, University of Minnesota, Minneapolis, Minnesota; Department of Urology (J.P.), Department of Surgery (C.M.D.), University of Wisconsin, Milwaukee, Wisconsin; Department of Urology (N.B., B.N.B.), University of California-San Francisco, San Francisco, California; Department of Urology (P.B.T., B.A.E.), University of Iowa, Iowa City, Iowa; Department of Urology (T.H., F.N.B.), Oakland University William Beaumont School of Medicine, Royal Oak, Michigan; Division of Acute Care Surgery (C.M.B., K.M.), Loma Linda University Medical Center, Loma Linda, California; Division of Trauma and Surgical Critical Care (B.J.M., S.M.), Intermountain Medical Center, Murray, Utah; Division of Trauma and Surgical Critical Care (B.P.S.), Hospital of the University of Pennsylvania, Philadelphia, Pennsylvania; Division of Trauma, Department of Surgery (R.A.), Brigham and Women's Hospital, Boston, Massachusetts.; Medical City Plano (M.M.C.), Plano, Texas; Submitted: August 31, 2017, Revised: December 13, 2017, Accepted: December 22, 2017, Published online: January 2, 2018.; This article is presented as a podium presentation at the 76th Annual Meeting of the American Association for the Surgery of Trauma (AAST) and Clinical Congress of Acute Care Surgery, September 13–16, 2017, Baltimore, MD.; email: [email protected]",1,University of Utah | East Texas Medical Center | University of California Davis Medical Center,I223532165 I4210153836 I4210160527,no
"Address reprint requests to Dr. D.J. Doughman, Box 493, UMHC, 516 Delaware St. S.E., Minneapolis, MN 55455, U.S.A",1,,,no
"Adia Benton is an assistant professor of anthropology at Brown University. She is a medical anthropologist who studies public health ideology and interventions and the author of HIV Exceptionalism: Development through Disease in Sierra Leone (University of Minnesota Press, 2015). E-mail:",1,Brown University,I27804330,no
"Adult Division of Hematology, Oncology and Transplantation, University of Minnesota Masonic Cancer Center, Minneapolis, Minnesota",1,Masonic Cancer Center,I4390039358,yes
"Advisory Committee: Alan B. Ashare, MD, St. Elizabeth's Medical Center, Boston, MA, USA; Mark Aubry, MD, Ottawa Sport Medicine Centre, Ottawa, Ontario, Canada; Charles H. Tator, MA, PhD, Department of Surgery, University of Toronto, Toronto, Ontario, Canada; Ruben Echemendia, PhD, Neuropsychological Testing Program, National Hockey League New York, NY, USA; Kerry Fraser, Blue Anchor, NJ, USA; James Johnson, Scottsdale, AZ; USA; David Krause, PT, MBA, DSC, OCS, Sports Medicine Center, Mayo Clinic, Rochester, MN, USA; Mark Lovell, PhD, Sports Medicine Concussion Program, University of Pittsburgh Medical Center, Pittsburgh, PA, USA; Joan Mariconda, MA, BA, USA Hockey, Colorado Springs, CO, USA; Anthony Mariconda, USA Hockey, Colorado Springs, CO, USA; James Whitehead, executive vice president, American College of Sports Medicine, Indianapolis, IN, USA; Diane M. Wiese-Bjornstal, PhD, College of Education and Human Development, University of Minnesota, St Paul, MN, USA",1,University of Toronto | Mayo Clinic | St. Elizabeth's Medical Center | University of Pittsburgh Medical Center | National Hockey League,I185261750 I1330342723 I3018163063 I4210134769 I4405259081,no
"Affiliations of authors: Cancer Research UK Cambridge Institute, University of Cambridge, Cambridge, UK (MA, CEM, NP, HIZ, AQ, AB, SM, BM, CE, SL, SW, VRZ, GS, RR, HM, AGL, CD, CT, AL, RS, JY, RS, JSC, JRG, ST, DEN); School of Medical Sciences, University of Aberdeen, Aberdeen, UK (FO, IJM); Department of Pathology, Addenbrooke’s Hospital, Cambridge, UK (AYW, NS); Institute of Human Genetics, Jena University Hospital, Jena, Germany (ME, KL, WH, AB); Dame Roma Mitchell Cancer Research Laboratories, School of Medicine, Faculty of Health Sciences, University of Adelaide, Australia (LAS, WDT); Freemasons Foundation Centre for Men’s Health, School of Medicine, Faculty of Health Sciences, University of Adelaide, Australia (LAS, WDT); Diatherix, Huntsville, AL (EG); Masonic Cancer Center, University of Minnesota, Minneapolis, MN (SMD); The Vancouver Prostate Centre, Department of Urologic Sciences, University of British Columbia, Vancouver BC, Canada (PSR); Centre for Molecular Medicine Norway, Nordic EMBL Partnership, University of Oslo and Oslo University Hospital, Oslo, Norway (IGM); Department of Cancer Prevention, Institute of Cancer Research and Department of Urology, Oslo University Hospital, Oslo, Norway (IGM); Prostate Cancer UK/Movember Centre of Excellence, Queens University, Belfast, UK (IGM); Department of Oncology, Addenbrooke’s Hospital, Cambridge, UK (MA, DEN)",1,University of Cambridge | The University of Adelaide | Queen's University Belfast | University of British Columbia | University of Oslo | University of Aberdeen | Oslo University Hospital | Cancer Research UK | Addenbrooke's Hospital,I241749 I5681781 I126231945 I141945490 I184942183 I195460627 I1281400175 I2801316944 I4210156194,no
"Affiliations of authors: Division of Urologic Surgery, Washington University School of Medicine, St. Louis, MO (GLA); Biometry Research Group (DLL, GI, PCP) and Early Detection Research Group (PFP, JKG), Division of Cancer Prevention, National Cancer Institute, National Institutes of Health, Bethesda, MD; Anschutz Cancer Pavilion, University of Colorado, Denver, CO (EDC); Lombardi Cancer Center, Georgetown University, Washington, DC (EPG); UCLA Immunogenetics Center, Los Angeles, CA (DC); Office of Disease Prevention, National Institutes of Health, Bethesda, MD (BSK); Marshfield Medical Research and Education Foundation, Marshfield, WI (DR); University of Minnesota, Minneapolis, MN (TRC); Urologic Oncology Branch, Center for Cancer Research, National Cancer Institute, National Institutes of Health, Bethesda, MD (RLG); Westat, Inc., Rockville, MD (LRR), Information Management Services, Rockville, MD (JDC)",1,Georgetown University | University of Colorado Denver | National Institutes of Health | National Cancer Institute | Center for Cancer Research | Georgetown Lombardi Comprehensive Cancer Center,I184565670 I921990950 I1299303238 I4210140884 I4210149717 I4390039356,no
"Affiliations of authors: International Epidemiology Institute, Rockville, MD (LBS, SSC, JDB); Department of Medicine, Vanderbilt University, Nashville, TN (LBS, JDB); Instituto di Ricerche Farmacologiche Mario Negri, Milan, Italy (CB); Department of Radiation Physics, The University of Texas M. D. Anderson Cancer Center, Houston, TX (MS, CEK, REW); Department of Biostatistics, Fred Hutchinson Cancer Research Center, Seattle, WA (JAW); Department of Pediatrics, Roswell Park Cancer Institute, Buffalo, NY (DMG); Department of Pediatrics, School of Medicine and Biomedical Sciences, University at Buffalo, State University of New York, Buffalo, NY (DMG); Department of Radiation Oncology, Stanford University Medical Center, Stanford, CA (SSD); Division of Pediatric Epidemiology and Clinical Research, University of Minnesota, Minneapolis, MN (ACM, LLR)",1,"Mario Negri Institute for Pharmacological Research | University at Buffalo, State University of New York | Vanderbilt University | The University of Texas MD Anderson Cancer Center | International Epidemiology Institute",I19630809 I63190737 I200719446 I1343551460 I4210144664,no
"Affiliations of authors: Public Health Sciences Division, Fred Hutchinson Cancer Research Center, Seattle, WA (AZL); Parkside Oncology Clinic, Wimbledon, London, UK (TP); Baylor College of Medicine, Baylor Cancer Center and Breast Center, Houston, TX (CKO); Division of Anatomic and Molecular Pathology, Washington University School of Medicine, St Louis, MO (DCA); Pfizer Global Research and Development, New London, CT (KW, JRT, DDT, RA, MC, AL); San Francisco Coordinating Center, California Pacific Medical Center Research Institute, San Francisco, CA (SRC); University of California, San Francisco, CA (SRC); Academic Unit of Bone Metabolism, University of Sheffield, Sheffield, UK (RE); Division of Epidemiology and Community Health, University of Minnesota School of Public Health, Minneapolis, MN (KEE); VA Medical Center, Minneapolis, MN (KEE); Department of Medicine, Massachusetts General Hospital, Breast Cancer Research, Harvard Medical School, Boston, MA (PG); Department of Obstetrics and Gynecology, Division of Gynecological Oncology, University Hospital Gasthuisberg, University of Leuven, Leuven, Belgium (PN); Division of Applied Medicine, University of Aberdeen, Aberdeen, UK (DMR); Laboratory for Mineralized Tissue, School of Medicine, University of Zagreb, Zagreb, Croatia (SV)",1,"University of Sheffield | KU Leuven | University of California, San Francisco | University of Zagreb | Baylor College of Medicine | University of Aberdeen | Washington University in St. Louis | Fred Hutch Cancer Center",I91136226 I99464096 I180670191 I181343428 I181547552 I195460627 I204465549 I4210089486,no
"Affiliations of authors:Cancer Research UK Cambridge Institute, University of Cambridge , Cambridge, UK (MA, CEM, NP, HIZ, AQ, AB, SM, BM, CE, SL, SW, VRZ, GS, RR, HM, AGL, CD, CT, AL, RS, JY, RS, JSC, JRG, ST, DEN); School of Medical Sciences, University of Aberdeen , Aberdeen, UK (FO, IJM); Department of Pathology, Addenbrooke's Hospital , Cambridge, UK (AYW, NS); Institute of Human Genetics, Jena University Hospital , Jena , Germany (ME, KL, WH, AB); Dame Roma Mitchell Cancer Research Laboratories, School of Medicine, Faculty of Health Sciences, University of Adelaide , Australia (LAS, WDT); Freemasons Foundation Centre for Men's Health, School of Medicine, Faculty of Health Sciences, University of Adelaide , Australia (LAS, WDT); Diatherix , Huntsville, AL (EG); Masonic Cancer Center, University of Minnesota , Minneapolis, MN (SMD); The Vancouver Prostate Centre, Department of Urologic Sciences, University of British Columbia , Vancouver BC , Canada (PSR); Centre for Molecular Medi",1,University of Cambridge | The University of Adelaide | University of British Columbia | University of Aberdeen | Cancer Research UK | Jena University Hospital | Addenbrooke's Hospital,I241749 I5681781 I141945490 I195460627 I2801316944 I4210134900 I4210156194,no
"Affiliations of authors:Cancer Research UK Cambridge Institute, University of Cambridge , Cambridge, UK (MA, CEM, NP, HIZ, AQ, AB, SM, BM, CE, SL, SW, VRZ, GS, RR, HM, AGL, CD, CT, AL, RS, JY, RS, JSC, JRG, ST, DEN); School of Medical Sciences, University of Aberdeen , Aberdeen, UK (FO, IJM); Department of Pathology, Addenbrooke's Hospital , Cambridge, UK (AYW, NS); Institute of Human Genetics, Jena University Hospital , Jena , Germany (ME, KL, WH, AB); Dame Roma Mitchell Cancer Research Laboratories, School of Medicine, Faculty of Health Sciences, University of Adelaide , Australia (LAS, WDT); Freemasons Foundation Centre for Men's Health, School of Medicine, Faculty of Health Sciences, University of Adelaide , Australia (LAS, WDT); Diatherix , Huntsville, AL (EG); Masonic Cancer Center, University of Minnesota , Minneapolis, MN (SMD); The Vancouver Prostate Centre, Department of Urologic Sciences, University of British Columbia , Vancouver BC , Canada (PSR); Centre for Molecular Medicine Norway, Nordic EMBL Partnership, University of Oslo and Oslo University Hospital , Oslo , Norway (IGM); Department of Cancer Prevention, Institute of Cancer Research and Department of Urology, Oslo University Hospital , Oslo , Norway (IGM); Prostate Cancer UK/Movember Centre of Excellence, Queens University , Belfast , UK (IGM); Department of Oncology, Addenbrooke's Hospital , Cambridge, UK (MA, DEN)",1,University of Cambridge | The University of Adelaide | Queen's University Belfast | University of British Columbia | University of Oslo | University of Aberdeen | Oslo University Hospital | Cancer Research UK | Addenbrooke's Hospital | Institut Jacques Monod,I241749 I5681781 I126231945 I141945490 I184942183 I195460627 I1281400175 I2801316944 I4210156194 I4210113761,no
"American Health Foundation, Valhalla, New York 10595, and University of Minnesota Cancer Center, Minneapolis, Minnesota 55455",1,Institute for Cancer Prevention,I4210167017,no
"American Health Foundation, Valhalla, New York 10595, and University of Minnesota Cancer Center, Minneapolis, Minnesota 55455, USA",1,Institute for Cancer Prevention | Masonic Cancer Center,I4210167017 I4390039358,yes
"American Society of Clinical Oncology, Alexandria, VA (S.T.); Chittaranjan National Cancer Institute, Kolkata, India (A.M.); Hameed Latif Hospital, Lahore, Pakistan (Z.A.); Hospital Angeles Del Pedregal, Mexico City, Mexico (J.R.V.C.); Instituto Nacional de Cancerología, La Paz, Bolivia (J.E.G.N.); Komfo Anokye Teaching Hospital, Kumasi, Ghana (T.O.K.); Korlebu Teaching Hospital, Accra, Ghana (V.D.V.); LifeLabs, Ontario, Canada (M.G.d.C.); Mallow Flower Foundation, Dunaharaszti, Hungary (I.T.); Massachusetts General Hospital, Boston, MA (K.F.); NAMS, Bir Hospital, Kathmandu, Nepal (B.D.P.); National Cancer Institute, Bethesda, MD (T.J.C.); Northern Gynaecological Oncology Centre, Gateshead, Newcastle, United Kingdom (A.M.); Nuvance Health System, Danbury, CT (L.T.C.); Ramathibodi Hospital, Mahidol University, Bangkok, Thailand (S.W.); Saitama Medical University International Medical Center, Saitama, Japan (E.C.K.); Sociedad Lucha Contra Cancer Ecuador, Machala, Ecuador (N.L.C.); Stony Brook University Hospital, Stony Brook, NY (W.M.B.); University of Minnesota Medical School, Minneapolis, MN (R.G.G.); and St Paul's Hospital Millennium Medical School, Addis Ababa, Ethiopia (R.G.G.)",1,Mahidol University | Stony Brook University | American Society of Clinical Oncology | Chittaranjan National Cancer Institute | Hospital Angeles Pedregal | Ramathibodi Hospital | Instituto Nacional de Cancerología,I25399158 I59553526 I1315885867 I2802271162 I4210111050 I4210140007 I4210153971,no
An-Najah National University Yousef Alawneh Islamic University of Minnesota,1,An-Najah National University | Islamic University of Minnesota,I17533244 I4405261387,no
"Animal Science/Veterinary Medicine 385, 1988 Fitch Ave., St. Paul, MN 55108, United States. Electronic address: bake0831@umn.edu",1,,,no
"Animal Science/Veterinary Medicine 385, 1988 Fitch Ave., St. Paul, MN 55108, United States. Electronic address: kvw@umn.edu",1,,,no
"Annabelle Rodriguez, MD, is a board-certified endocrinologist and a professor of cell biology at the University of Connecticut Health Center in the Center for Vascular Biology in Farmington, Conn., and an adjunct associate professor of medicine in the Department of Medicine at Johns Hopkins University School of Medicine in Baltimore Md. Michelle Magee, MD, is an endocrinologist at MedStar Diabetes Institute at the Georgetown University School of Medicine in Washington, D.C. Pedro Ramos, MD, is a health sciences assistant professor of medicine; Kristen Kulasa, MD, is an endocrinologist; and Greg Maynard, MD, MSc, SFHM, is a clinical professor of medicine and director of the Center for Innovation and Improvement Science at the University of California, San Diego School of Medicine. Jane Jeffrie Seley, DNP, MSN, MPH, BC-ADM, CDE, CDTC, is a diabetes nurse practitioner at New York Presbyterian Hospital/Weill Cornell Medical Center in New York, N.Y. Ann Nolan is a senior project manager at the Society of Hospital Medicine in Philadelphia, Pa. Kathryn Ann Caudell, PhD, ACNP-BC, is a nurse practitioner at the University of New Mexico College of Nursing in Albuquerque. Aimee Lamb, PA-C, MMSC, is director of physician outreach services at Sinai Grace Hospital, Detroit Medical Center, in Michigan. John MacIndoe, MD, is an endocrinologist in the Department of Endocrinology at HealthPartners Medical Group, Regions Hospital at the University of Minnesota Medical School in Minneapolis",1,UConn Health | Johns Hopkins University | University of New Mexico | Georgetown University | Johns Hopkins Medicine,I75929689 I145311948 I169521973 I184565670 I2799853436,no
"Anne E. Steckler, RN Registered Nurse, CHF TeleHealth Clinic, VA Medical Center, Minneapolis, Minnesota. Kalkidan Bishu, MD Resident in Internal Medicine, VA Medical Center, Minneapolis, Minnesota. Heba Wassif, MD Staff Physician, VA Medical Center, Minneapolis, Minnesota. Gardar Sigurdsson, MD Staff Physician, VA Medical Center, Minneapolis, Minnesota. Judy Wagner, NP Nurse Practitioner, CHF TeleHealth Clinic, VA Medical Center, Minneapolis, Minnesota. Connie Jaenicke, NP Nurse Practitioner, CHF TeleHealth Clinic, VA Medical Center, Minneapolis, Minnesota. Shashank Vats, MD Resident in Internal Medicine, VA Medical Center, Minneapolis, Minnesota. Thomas Rector, PhD Research Specialist, VA Medical Center, Minneapolis, Minnesota. Inder S. Anand, MD, DPhil (Oxon), FRCP Professor of Medicine, University of Minnesota Medical School, and Director, Heart Failure Program, VA Medical Center, Minnesota",1,Minneapolis VA Health Care System | Minneapolis VA Medical Center,I4210117246 I4210140408,no
"Archaeometry Laboratory, University of Minnesota, Duluth, Duluth, USA",1,"University of Minnesota, Duluth",I4210115145,no
"Archaeometry Laboratory, University of Minnesota-Duluth",1,"University of Minnesota, Duluth",I4210115145,no
"Area Extension Agent—Potato University of Minnesota North Dakota State University P.O. Box 301 East Grand Forks, MN 56721",1,North Dakota State University,I57328836,no
"Arizona State University, CEMFI, Columbia University, Federal Reserve Bank of Peru, European Econometric Society, Federal Reserve Bank of Philadelphia, Fordham University, Harvard University, INSEAD, Instituto de Empresa, IPA Confer-ence on Entrepreneurship and SME, LSE, MIT Sloan, NBER ITI, NBER IFM, NBER CF, Ohio State University, Rothschild Caesarea Center, Royal Economic Society, Royal Holloway University London, SED 2011, Stanford University, Tel Aviv University, Universidad Catolica de Chile, UC Davis, Uni-versity of Michigan Ross School of Business, University of Minnesota Carlson School of Management, and World Bank seminars,",1,"Tel Aviv University | Arizona State University | Federal Reserve Bank of Philadelphia | Columbia University | University of California, Davis | Stanford University | Harvard University | Fordham University | INSEAD",I16391192 I55732556 I57502794 I78577930 I84218800 I97018004 I136199984 I164389053 I4210152270,no
"Asemic: The Art of Writing (University of Minnesota Press, 2019)",1,,,no
Assistant Professor / Islamic University of Minnesota / USA,1,Islamic University of Minnesota,I4405261387,no
"Assistant Professor / Islamic University of Minnesota, USA",1,Islamic University of Minnesota,I4405261387,no
"Assistant Professor at the Islamic University of Minnesota , USA",1,Islamic University of Minnesota,I4405261387,no
"Assistant Professor at the Islamic University of Minnesota, USA",1,Islamic University of Minnesota,I4405261387,no
"Assistant Professor of Government , St. John's University of Minnesota ,",1,,,no
"Assistant Professor of Physiological Chemistry, Mayo Foundation, Graduate School, University of Minnesota, Rochester, Minn. USA",1,University of Minnesota Rochester,I4210120349,no
"Assistant Professor, Dep. of Electrical and Computer Engineering, University of Minnesota Duluth, Duluth, MN 55812, ralbaflo@d.umn.edu",1,"University of Minnesota, Duluth",I4210115145,no
"Assistant Professor, The Islamic University of Minnesota, USA",1,Islamic University of Minnesota,I4405261387,no
"Assistant professor of political science , University of Minnesota , Duluth",1,"University of Minnesota, Duluth",I4210115145,no
"Associate Professor of History, University of Minnesota, Morris",1,University of Minnesota Morris,I4210162301,no
"Associate Professor of Medicine, Mayo Foundation, Mayo Clinic and the Mayo Foundation, Graduate School, University of Minnesota, Rochester, Minnesota; Section of Medicine, Mayo Clinic",1,Mayo Clinic | University of Minnesota Rochester,I1330342723 I4210120349,no
"Associate Professor of Proctology, Mayo Foundation, From the Section of Proctology, Mayo Clinic, and the Mayo Foundation, graduate School, University of Minnesota, Rochester, Minnesota",1,Mayo Clinic | University of Minnesota Rochester,I1330342723 I4210120349,no
"Associate Professor of Psychometrics and Statistics, College of Educational Sciences, Islamic University of Minnesota",1,Islamic University of Minnesota,I4405261387,no
"Associate Professor of Speech and Director of Forensics , Minnesota",1,,,no
"Associate Professor, Faculty of Medicine, Department of Medicine, University of Toronto, Toronto. Dr. Campbell: Director of Continuing Professional Development, Royal College of Physicians and Surgeons of Canada, Ottawa. Ms. Colburn: Executive Director, Center for Continuing Education, University of Nebraska Medical Center, Omaha. Dr. Davis: Senior Director, Continuing Education and Performance Improvement, Association of American Medical Colleges, Washington DC. Dr. Dorman: Professor, Johns Hopkins University School of Medicine, Baltimore, MD. Dr. Fischer: Director, National Resource Center for Academic Detailing, Division of Pharmacoepidemiology and Pharmacoeconomics, Brigham and Women's Hospital, Boston, and Associate Professor, Harvard Medical School, Boston. Dr. Horsley: Associate Director, Research Unit, Royal College of Physicians and Surgeons of Canada and Adjunct Faculty, Department of Epidemiology and Community Medicine, Faculty of Medicine, University of Ottawa, Ottawa. Dr. Jacobs-Halsey: Director, Office of Continuing Professional Development, Medical School, University of Minnesota Medical School, Minneapolis. Dr. Kane: Associate Professor, Department of Biomedical Informatics and Medical Education, and Associate Professor, Department of Radiation Oncology, University of Washington, Seattle. Dr. LeBlanc: Professor of Emergency Medicine, and Associate Dean for Continuing Professional Development, Dalhousie University, Halifax. Dr. Lockyer: Professor, Department of Community Health Sciences, and Senior Associate Dean, Education, University of Calgary, Calgary. Dr. Moore: Professor of Medical Education and Administration",1,University of Nebraska Medical Center | Royal College of Physicians and Surgeons of Canada | Dalhousie University | Johns Hopkins University | University of Calgary | University of Toronto | University of Washington | Brigham and Women's Hospital | Association of American Medical Colleges | Johns Hopkins Medicine | Johns Hopkins Hospital,I59130452 I92389990 I129902397 I145311948 I168635309 I185261750 I201448701 I1283280774 I1318720529 I2799853436 I4210150714,no
"Associate Professor, Minnesota Dental Research Center for Biomaterials and Biomechanics, Department of Oral Sciences",1,,,no
"Associate professor of Anthropology, Department of Sociology‐Anthropology‐Geography, University of Minnesota, Duluth",1,"University of Minnesota, Duluth",I4210115145,no
"Attention and Behavior Problems Clinic, University of Minnesota Medical Center Fairview, Minneapolis, MN, US",1,University of Minnesota Medical Center,I4210135252,no
"Author Affiliations: Department of Neurosurgery and Brain Repair, University of South Florida, Tampa, Florida (Dr Neumann) Department of Physical Medicine and Rehabilitation (Dr Hammond), Indiana University School of Medicine, Indianapolis, Indiana; H. Ben Taub Department of Physical Medicine and Rehabilitation (Dr Sander), Baylor College of Medicine, Houston, Texas; Brain Injury Research Center (Dr Sander), TIRR Memorial Hermann, Houston, Texas; Department of Physical Medicine and Rehabilitation (Dr Bogner), College of Medicine, The Ohio State University, Columbus, Ohio; Rusk Rehabilitation (Dr Bushnik), NYU Langone Health, New York, New York; Rehabilitation & Extended Care (Dr Finn), Minneapolis VA Health Care System, Minneapolis, Minnesota; Department of Psychiatry & Behavioral Sciences (Dr Finn), University of Minnesota-Twin Cities, Minneapolis, Minnesota; Polytrauma System of Care, Rehabilitation Service (Dr Chung), VA Palo Alto Health Care System, Palo Alto, California; Central V",1,University of South Florida | The Ohio State University | Indiana University – Purdue University Indianapolis | Baylor College of Medicine | Memorial Hermann Institute for Rehabilitation and Research Foundation | NYU Langone Health | Indiana University School of Medicine,I2613432 I52357470 I55769427 I181547552 I1308118854 I4210086933 I4394709130,no
"Author Affiliations: Nurse Scientist (Dr Tofthagen), Manager, Clinical Nurse Specialist (Mielke), Social Worker (Foster), Department of Nursing, Psychiatrist (Dr Lubrano), Department of Psychiatry and Psychology, Mayo Clinic, Jacksonville, Florida, Nurse Scientist (Dr Chesak, Dr Lindroth), Department of Nursing, Mayo Clinic, Rochester, Minnesota, Affiliate Scientist (Dr Lindroth), Center for Health Innovation and Implementation Science, School of Medicine, Indiana University, Bloomington, Indiana, Affiliate Scientist (Dr Lindroth), Center for Aging Research, Regenstrief Institute, School of Medicine, Indiana University, Bloomington, Indiana, Clinical Professor Director, Center for Flourishing Health Care Communities (Dr Chesak), University of Minnesota, Minneapolis, Minnesota",1,Regenstrief Institute | Mayo Clinic | Indiana University Bloomington | Mayo Clinic in Florida | Indiana University School of Medicine,I1324682000 I1330342723 I4210119109 I4210146710 I4394709130,no
"Author Affiliations: Research & Academic Affairs Service Line, Salisbury VA Healthcare System, Salisbury, NC (Dr Martindale, Dr Magnante,Ms Craig, Dr Rowland); Department of Translational Neuroscience (Drs Martindale, Rowland) and Department of Neurology (Dr Magnante), Wake Forest School of Medicine, Winston-Salem, NC; Traumatic Brain Injury Center of Excellence, Silver Spring, MD (Drs Bailie, Babakhanyan); Naval Hospital Camp Pendleton, Camp Pendleton, CA (Drs Bailie, Babakhanyan); General Dynamics Information Technology, Fairfax, VA (Drs Bailie, Babakhanyan); James A. Haley Veterans' Hospital, Tampa, FL (Dr Miles); Psychiatry & Behavioral Neurosciences, University of South Florida, Tampa, FL (Dr Miles); Department of Physical Medicine and Rehabilitation, School of Medicine, Virginia Commonwealth University, Richmond, VA (Dr Walker); Richmond Veterans Affairs Medical Center, Central Virginia VA Health Care System, Richmond, VA (Dr Walker); Research, Minneapolis VA Health Care System, Minneapolis, MN (Dr Davenport); Department of Psychiatry and Behavioral Health, University of Minnesota, Minneapolis, MN (Dr Davenport); and Uniformed Services University, Bethesda, MD (Col Dr Hinds).Supplemental digital content is available for this article. Direct URL citations appear in the printed text and are provided in the HTML and PDF versions of this article on the journal's website (www.headtraumarehab.com)",1,University of South Florida | Wake Forest University | James A. Haley Veterans' Hospital | Defense and Veterans Brain Injury Center | Wake Forest University Health Sciences,I2613432 I47251452 I4210088910 I4405268472 I4405269449,no
"Author affiliations: From the Department of Radiology & Biomedical Imaging, University of California San Francisco, 1600 Divisadero St, Room C255, San Francisco, CA 94115 (N.O., W.L., D.C.N., R.J.H., F.S., A.A.T.N., V.A.A., J.G., E.F.J., L.J.W., B.N.J., E.R.P., N.M.H.); Department of Breast Radiology, Karolinska University Hospital, Solna, Stockholm, Sweden (F.S.); Department of Radiology, Kaiser Permanente Vallejo Medical Center, Vallejo, Calif (V.A.A.); Department of Epidemiology and Biostatistics, University of California San Francisco, San Francisco, Calif (J.K.); Department of Radiology, University of California San Diego, La Jolla, Calif (H.O.F., M.E.); Department of Radiology, The University of Alabama at Birmingham, Birmingham, Ala (K.W.Z., S.W., H.R.U.); Department of Radiology, University of Minnesota, Minneapolis, Minn (M.T.N., A.L.C., P.J.B.); Department of Radiology, Loyola Medicine, Maywood, Ill (T.K., K.W., K.M.); Department of Radiology, University of Colorado Denver, D",1,"University of Alabama at Birmingham | University of California, San Francisco | Karolinska University Hospital",I32389192 I180670191 I1335113835,no
"Authors' Affiliations: Departments of 1Epidemiology and 2Pathology and Laboratory Medicine, Division of Biology and Medicine, Brown University, Providence, Rhode Island; Departments of 3Pharmacology and Toxicology and 4Community and Family Medicine, Dartmouth Medical School, Hanover, New Hampshire; 5Department of Environmental Health, School of Public Health, Boston University; 6Department of Medical Oncology/Solid Tumor Oncology, Dana-Farber Cancer Institute; 7Department of Medicine Hematology/Oncology, Massachusetts General Hospital; 8Department of Otolaryngology-Head and Neck Surgery, Tufts Medical Center; 9Department of Otolaryngology-Head and Neck Surgery, Boston University Medical Center, Boston, Massachusetts; 10Department of Pathology, Brigham and Women's Hospital, Boston, Massachusetts; 11Masonic Cancer Center, Division of Epidemiology and Community Health, University of Minnesota, Minneapolis, Minnesota; 12College of Public Health and Human Sciences, Oregon State University,",1,Brown University | Boston University | Tufts Medical Center | Massachusetts General Hospital | Dana-Farber Cancer Institute,I27804330 I111088046 I1290900354 I4210087915 I4210117453,no
"Authors' Affiliations: Departments of 1Epidemiology and 2Pathology and Laboratory Medicine, Division of Biology and Medicine, Brown University, Providence, Rhode Island; Departments of 3Pharmacology and Toxicology and 4Community and Family Medicine, Dartmouth Medical School, Hanover, New Hampshire; 5Department of Environmental Health, School of Public Health, Boston University; 6Department of Medical Oncology/Solid Tumor Oncology, Dana-Farber Cancer Institute; 7Department of Medicine Hematology/Oncology, Massachusetts General Hospital; 8Department of Otolaryngology-Head and Neck Surgery, Tufts Medical Center; 9Department of Otolaryngology-Head and Neck Surgery, Boston University Medical Center, Boston, Massachusetts; 10Department of Pathology, Brigham and Women's Hospital, Boston, Massachusetts; 11Masonic Cancer Center, Division of Epidemiology and Community Health, University of Minnesota, Minneapolis, Minnesota; 12College of Public Health and Human Sciences, Oregon State University, Corvallis, Oregon; and",1,Brown University | Boston University | Oregon State University | Tufts Medical Center | Massachusetts General Hospital | Dana-Farber Cancer Institute,I27804330 I111088046 I131249849 I1290900354 I4210087915 I4210117453,no
"Authors' Affiliations: Departments of 1Obstetrics and Gynecology, 2Surgery, and 3Pathology and Immunology, 4Division of Biostatistics, Washington University School of Medicine, St. Louis, Missouri; 5Division of Cancer Epidemiology and Genetics, National Cancer Institute (NIH), Rockville, Maryland; 6Department of Pathology, The University of Texas MD Anderson Cancer Center, Houston, Texas; 7Department of Pathology and Laboratory Medicine, The Research Institute at Nationwide Children's Hospital; 8Department of Obstetrics and Gynecology, Ohio State University and the James Cancer Center, Columbus, Ohio; 9Department of Obstetrics and Gynecology, University of Oklahoma Health Sciences Center, Oklahoma City, Oklahoma; 10Gynecologic Oncology Group Statistical and Data Center, 11Department of Gynecology, Roswell Park Cancer Institute, Buffalo, New York; and 12Department of Obstetrics, Gynecology and Women's Health, University of Minnesota School of Medicine, Minneapolis, Minnesota",1,The Ohio State University | Washington University in St. Louis | Roswell Park Comprehensive Cancer Center | Nationwide Children's Hospital | The University of Texas MD Anderson Cancer Center | National Cancer Institute,I52357470 I204465549 I1292894508 I1314135232 I1343551460 I4210140884,no
"Authors' Affiliations: 1Adult and 2Pediatric Divisions of Hematology, Oncology, and Transplantation and 3Section on Molecular Cancer Therapeutics, Department of Therapeutic Radiology-Radiation Oncology, University of Minnesota Masonic Cancer Center, Minneapolis, Minnesota; and 4Department of Oncology, Lombardi Comprehensive Cancer Center, Georgetown University, Washington, DC",1,Georgetown University | Georgetown Lombardi Comprehensive Cancer Center | Masonic Cancer Center,I184565670 I4390039356 I4390039358,yes
"Authors' Affiliations: 1Division of Gastroenterology and Hepatology; 2Department of Medicine, Stanford University School of Medicine, Stanford, California; 3University of Minnesota School of Medicine and 4Minnesota Gastroenterology PA, Minneapolis, Minnesota; and 5Divisions of Public Health Sciences and 6Epigenomics, Fred Hutchinson Cancer Research Center, Seattle, Washington",1,Stanford University | Fred Hutch Cancer Center | Stanford Medicine,I97018004 I4210089486 I4210137306,no
"Authors' Affiliations: 1NeuroVascular Coordination Research Center, College of Pharmacy and Research Institute of Pharmaceutical Sciences, 2Department of Chemistry, College of Natural Sciences, 3College of Pharmacy and Research Institute of Pharmaceutical Sciences, and 4Department of Molecular Medicine and Biopharmaceutical Sciences, Graduate School of Convergence Science and Technology, Seoul National University; 5Department of Anatomy and Neurobiology, Biomedical Science Institute, School of Medicine, Kyung Hee University; 6Division of Life and Pharmaceutical Science, Ewha Womans University; 7Department of Chemistry, Hanyang University, Seoul, Korea; 8The Hormel Institute, University of Minnesota, Minneapolis, Minnesota; 9Department of Life Sciences, Gwangju Institute of Science and Technology, Gwangju, Korea; 10Research Institute National Cancer Center, Goyang-si, Gyeonggi-do, Korea; 11Carolina Cardiovascular Biology Center, University of North Carolina at Chapel Hill, Chapel Hill, North Carolina; and 12D",1,Hanyang University | Kyung Hee University | University of North Carolina at Chapel Hill | Ewha Womans University | Seoul National University,I4575257 I35928602 I114027177 I138925566 I139264467,no
"Authors' Affiliations: 1Radiation Epidemiology Branch, Division of Cancer Epidemiology and Genetics, National Cancer Institute, NIH, DHHS, Bethesda, Maryland; 2Institute for Radiation Protection and Dosimetry, Brazilian Nuclear Energy Commission, Rio de Janeiro, Brazil; 3Program in Epidemiology, Division of Public Health Sciences; 4Cancer Prevention Research Program, Fred Hutchinson Cancer Research Center, Seattle, Washington; 5Late Effects of Childhood Cancer Registry (LATER), Dutch Childhood Oncology Group, The Hague, The Netherlands; 6Department of Radiation Physics, The University of Texas MD Anderson Cancer Center, Houston, Texas; 7Department of Pediatrics, Emory University, Atlanta, Georgia; 8Department of Laboratory Medicine and Pathology, Children's Hospital and Ohio State University College of Medicine, Columbus, Ohio; 9Department of Pediatrics, University of Minnesota School of Medicine, Minneapolis, Minnesota; 10Children's Hospital of Philadelphia, Philadelphia, Pennsylvania; 11Department of Radia",1,Emory University | United States Department of Health and Human Services | The University of Texas MD Anderson Cancer Center | Fred Hutch Cancer Center | Division of Cancer Epidemiology and Genetics,I150468666 I1299022934 I1343551460 I4210089486 I4391012607,no
"Authors' Affiliations: 1Section of Hematology and Oncology, Department of Medicine, 2Section of Dermatology, Department of Medicine, 3Section of Surgical Oncology, Department of Surgery, 4Department of Pharmacy Practice and Science, College of Pharmacy, Departments of 5Pathology and 6Cell Biology and Anatomy, College of Medicine, 7Division of Epidemiology and Biostatistics, Mel and Enid Zuckerman College of Public Health, and 8Arizona Cancer Center, University of Arizona, Tucson, Arizona; and 9Department of Pathology, Cardinal Bernardin Cancer Center, Loyola University of Chicago, Chicago, Illinois; and 10Hormel Institute, University of Minnesota, Austin, Minnesota",1,Loyola University Chicago | University of Arizona | University of Arizona Cancer Center,I1925986 I138006243 I4390039223,no
"Authors' Affiliations: 1Stanford Genome Technology Center, Department of Biochemistry, Stanford University, Stanford, California; 2Department of Statistics, University of California at Berkeley, Berkeley, California; 3University of Minnesota, Minneapolis, Minnesota; 4Center for Cancer Risk Assessment, 5Department of Dermatology, and 6Wellman Center for Photomedicine, Massachusetts General Hospital; 7Department of Biostatistics and Computational Biology, Dana-Farber Cancer Institute; 8Department of Biostatistics, Harvard School of Public Health, Boston, Massachusetts; 9Department of Oncology, Johns Hopkins School of Medicine, Baltimore, Maryland; and 10Institute of Applied Genomics, Udine, Italy",1,"University of California, Berkeley | Stanford University | Johns Hopkins Medicine | Massachusetts General Hospital | Dana-Farber Cancer Institute",I95457486 I97018004 I2799853436 I4210087915 I4210117453,no
"Authors' Affiliations: 1University of Pennsylvania School of Medicine, Philadelphia, Pennsylvania; 2The University of Texas MD Anderson Cancer Center, Houston, Texas; 3National Cancer Institute, Bethesda, Maryland; 4University of California, San Francisco, San Francisco; 5University of California San Diego, San Diego; and 6University of Southern California, Los Angeles, California; 7Stritch School of Medicine, Loyola University Chicago, Maywood; and 8University of Chicago Medical Center, Chicago, Illinois; 9Mayo Clinic, Rochester; and 10University of Minnesota, Minneapolis, Minnesota; 11Sanford Health System, Sioux Falls, South Dakota; and 12Yale School of Medicine, New Haven, Connecticut",1,Loyola University Chicago | University of California San Diego | University of Pennsylvania | The University of Texas MD Anderson Cancer Center | National Cancer Institute | Loyola Medicine,I1925986 I36258959 I79576946 I1343551460 I4210140884 I4210159390,no
"Autodesk Research, University of Minnesota, Toronto, ON, Canada",1,,,no
"Ayako Abe-Ouchi (University of Tokyo), Morten Andersen (University of Bristol), Fabrizio Antonioli (ENEA), Jonathon Bamber (University of Bristol), Edouard Bard (CEREGE, CNRS), Jorie Clark (University of Ulster), Peter Clark (Oregon State University), Pierre Deschamps (CEREGE, CNRS), Andrea Dutton (ANU), Mary Elliot (University of Edinburgh), Christina Gallup (University of Minnesota), Natalya Gomez (University of Toronto), Jonathan Gregory (University of Reading), Peter Huybers (Harvard University), Kenji Kawamura (University of Tohoku), Meredith Kelly (LDEO), Kurt Lambeck (ANU), Tom Lowell (University of Cincinnati), Jerry Mitrovica (University of Toronto), Bette Otto-Bliesner (NCAR), David Richards (University of Bristol), Mark Siddall (LDEO), Jenny Stanford (NOC), Claudine Stirling (University of Otago), Thomas Stocker (University of Bern), Alex Thomas (University of Oxford), Bill Thompson (WHOI), Torbjörn Törnqvist (Tulane University), Natalia Vazquez Riveiros (LSCE), Claire Waelbroeck (LSCE), Yusuke Yokoyama (University of Tokyo), Shiyong Yu (Tulane University)",1,University of Bristol | University of Oxford | University of Cincinnati | The University of Tokyo | University of Edinburgh | University of Bern | University of Toronto,I36234482 I40120149 I63135867 I74801974 I98677209 I118564535 I185261750,no
"B. F. Skinner was born in susquehanna, Pennsylvania, in 1904. He attended Hamilton college, and received his doctorate degree in psychology from Harvard. After five years of post-doctoral work, he taught at the University of minnesota, where he also conducted war research. A Brief stay as chairman of the department at Indiana University was followed by his return to Harvard as Professor of Psychology in 1948. He retired from teaching in 1964. He has published 18 books, the best known of which are The Behavior of Organisms, Walden Two, Science and Human Behavior, and Beyond Freedom and Dignity",1,Indiana University,I592451,no
"BOOK DATA Richard Grusin and Jocelyn Szczepaniak-Gillece, eds., Ends of Cinema. Minneapolis: University of Minnesota Press, 2020. $112 cloth, $28 paper, $26.60 e-book. 248 pages",1,,,no
"BRYAN D. BAKER (Ph.D. candidate, University of Minnesota) is Assistant Professor of Geography, Oklahoma State University, Stillwater, OK 74078. His research interests include biogeography, soils, and environmental planning",1,Oklahoma State University,I115475287,no
"Barr Engineering , Minneapolis , Minnesota , 55435 , USA",1,,,no
Beijing Forestry University College of Biological Sciences and Biotechnology Beijing China,1,Beijing Forestry University,I31683504,no
"Beijing Forestry University, Ministry of Education, College of Biological Sciences and Technology",1,Beijing Forestry University,I31683504,no
"Beth Maschoff, RD, is the food systems strategist at the Grains for Health Foundation, St Louis Park, Minnesota, and former intern of the Grains for Health Foundation.; D.A.H. and B.M. are former paid employees of the Grains for Health Foundation.; Denise A. Hauge, MS, is an independent consultant and former director of the Grains for Health Foundation, St Louis Park, Minnesota.; Gary Vonck, vice president, Education Sales, KeyImpact Sales & Systems; Jessica Wellnitz, senior food technologist, Cargill Bakery Category; Julie Boettger, director of Food and Nutrition Services, School City of Hammond; Kristine Igo, assistant director, Healthy Foods, Healthy Lives Institute–University of Minnesota; Len Marquart, PhD, RD, is associate professor in the Department of Food Science and Nutrition at the University of Minnesota, St Paul, whose research focuses on consumer understanding and factors that influence whole-grain consumption throughout the supply chain. He also serves as president of the Grains for Health Foundation, St Louis Park, Minnesota.; Mary Ellen Wagner, product promotion director, South Dakota Wheat Commission; Mindy Hermann, MBA, RD, is a nutrition communications specialist, and president of The Hermann Group Inc., Mount Kisco, New York.; Pam Fleming, director, Education Sales, Fox River Foods, Inc.; Paul Darrow, business development director, Kellogg Company; Paul Lynch, executive chef, Radisson Plaza Hotel Minneapolis; Shelly Melroe, Confluency, LLC; Shelly Melroe, MS Statistics, is a creator, coach, and consultant delivering cross-boundary collaborative projects to solve tough problems, Confluency, LLC, Eagan, Minnesota. She has 23 years of experience in the agriculture, food, and petrochemical industries improving strategic decisions, product development, and business processes.; This article was funded by the Grains for Health Foundation, St Louis Park, Minnesota",1,,,no
"Bioinformatics Center, College of Biological Sciences, China Agricultural University, Beijing 100193, China#TAB#",1,China Agricultural University,I52158045,no
"Biol. Dept., University of Minnesota-Duluth, Duluth, USA",1,"University of Minnesota, Duluth",I4210115145,no
"Biology Department , University of Minnesota-Duluth, 1035 Kirby Drive , Duluth, Minnesota, 55812, USA",1,"University of Minnesota, Duluth",I4210115145,no
"Biology Department and Large Lakes Observatory, University of Minnesota-Duluth, Duluth, MN, U.S.A",1,"University of Minnesota, Duluth",I4210115145,no
"Biology Department and Large Lakes Observatory, University of Minnesota‐Duluth, Duluth, Minnesota",1,"University of Minnesota, Duluth",I4210115145,no
"Biomechanics Laboratory, Department of Health, Physical Education and Recreation, University of Minnesota Duluth, Duluth, USA",1,"University of Minnesota, Duluth",I4210115145,no
"Biomedical Informatics and Computational Biology (BICB), University of Minnesota Rochester, Minneapolis, Minnesota",1,University of Minnesota Rochester,I4210120349,no
"Biomedical Informatics and Computational Biology Graduate Program, University of Minnesota Rochester, Rochester, USA",1,University of Minnesota Rochester,I4210120349,no
"Biomedical Informatics and Computational Biology, University of Minnesota—Rochester, Rochester, Minnesota 55905",1,University of Minnesota Rochester,I4210120349,no
"Biomedical Informatics and Computational#R#Biology, University of Minnesota Rochester, Rochester, Minnesota 55904, United States",1,University of Minnesota Rochester,I4210120349,no
"Biostatistics Core , University of Minnesota Cancer Center , Minneapolis , MN 55455 , USA and",1,Masonic Cancer Center,I4390039358,yes
Biostatistics Core University of Minnesota Masonic Cancer Center  Minneapolis Minnesota USA,1,Masonic Cancer Center,I4390039358,yes
"Biostatistics Core, University of Minnesota Cancer Center, Minneapolis, USA",1,Masonic Cancer Center,I4390039358,yes
"Biostatistics Core, University of Minnesota Masonic Cancer Center",1,Masonic Cancer Center,I4390039358,yes
"Biostatistics Core, University of Minnesota Masonic Cancer Center, Minneapolis, MN",1,Masonic Cancer Center,I4390039358,yes
"Biostatistics Core, University of Minnesota Masonic Cancer Center, Minneapolis, MN, USA",1,Masonic Cancer Center,I4390039358,yes
"Biostatistics Core, University of Minnesota Masonic Cancer Center, Minneapolis, Minnesota, USA",1,Masonic Cancer Center,I4390039358,yes
"Biostatistics Core, University of Minnesota Masonic Cancer Center, United States",1,Masonic Cancer Center,I4390039358,yes
"Biostatistics Core, University of Minnesota Masonic Cancer Center, University of Minnesota Medical School, Minneapolis",1,Masonic Cancer Center,I4390039358,yes
"Biostatistics and Bioinformatics Core, University of Minnesota Masonic Cancer Center,",1,Masonic Cancer Center,I4390039358,yes
"Biostatistics and Bioinformatics Core, University of Minnesota Masonic Cancer Center, Minneapolis",1,Masonic Cancer Center,I4390039358,yes
"Biostatistics and Bioinformatics Core, University of Minnesota, Masonic Cancer Center , Minneapolis, MN 55455 ,",1,Masonic Cancer Center,I4390039358,yes
"Biostatistics and Bioinformatics Core, University of Minnesota, Masonic Cancer Center, Minneapolis, MN 55455, USA",1,Masonic Cancer Center,I4390039358,yes
"Biostatistics and Informatics Core, University of Minnesota Masonic Cancer Center, Minneapolis, Minnesota",1,Masonic Cancer Center,I4390039358,yes
Blood Bank Laboratory; University of Minnesota Medical Center; Fairview Health Services; Minneapolis MN,1,Fairview Health Services | University of Minnesota Medical Center,I1309104334 I4210135252,no
Blood and Marrow Transplant Program University of Minnesota Medical Center Minneapolis Minnesota,1,University of Minnesota Medical Center,I4210135252,no
"Blood and Marrow Transplantation, University of Minnesota Masonic Cancer Center, Minneapolis, Minnesota",1,Masonic Cancer Center,I4390039358,yes
"Bocconi University, Cass Business School, Copenhagen Business School, ESSEC, Federal Reserve Bank of New York, Federal Reserve Board, IIM Bengalore, Reserve Bank of Australia, Reserve Bank of India, Stanford University, University of Arizona, University of Bonn, University of Calgary, University of Colorado, University of Glasgow, University of Liverpool, University of Maastricht, University of Mannheim, University of Minnesota,",1,University of Glasgow | Federal Reserve Bank of New York | Stanford University | University of Bonn | University of Arizona | University of Liverpool | University of Mannheim | Copenhagen Business School,I7882870 I43638361 I97018004 I135140700 I138006243 I146655781 I177802217 I180519160,no
"Boston Children’s Hospital and Harvard Medical School, Boston, MA (J.A.F.); Brigham and Women’s Hospital and Harvard Medical School, Boston, MA (J.A.L.); Centers for Disease Control and Prevention, Atlanta, GA (K.E.F.-D., M.B., R.M.R., G.V.S., L.A.H.); Children’s Hospital of Philadelphia (J.S.G.) and University of Pennsylvania Perelman School of Medicine (J.S.G., D.J.M.), Philadelphia, PA; Department of Emergency Medicine, University of California-Davis, Sacramento, CA (L.S.M.); Department of Family Medicine, Georgetown University Medical Center, Washington, DC (D.M.); Department of Veterans Affairs, University of Illinois at Chicago, Chicago, IL (K.J.S.); Division of General Internal Medicine, Massachusetts General Hospital, Boston, MA (J.P.M.); Division of Health Policy and Management, University of Minnesota, Minneapolis, MN (E.A.E.); Division of Pediatric Infectious Diseases (J.G.N.) and Department of Otolaryngology-Head and Neck Surgery (J.F.P.), Washington University School of Medicine, St Louis, MO; Minnesota Department of Health, St Paul, MN (R.L.); Oregon Public Health Division, Portland, OR (A.T.); Pacific Lutheran University, Tacoma, Washington, DC (T.M.W.); Pediatric Infectious Diseases, University of Utah, Salt Lake City, UT (A.L.H.); Pew Charitable Trusts, Washington, DC (D.Y.H., R.M.Z.); School of Medicine, University of California, San Francisco, San Francisco, CA (D.J.S.); Summa Health System and Northeast Ohio Medical University, Akron, OH (T.M.F.)",1,"University of Illinois Chicago | University of Pennsylvania | University of California, Davis | Harvard University | University of California, San Francisco | University of Utah | Brigham and Women's Hospital | Boston Children's Hospital | Centers for Disease Control and Prevention | Children's Hospital of Philadelphia | Massachusetts General Hospital",I39422238 I79576946 I84218800 I136199984 I180670191 I223532165 I1283280774 I1288882113 I1289490764 I1335321130 I4210087915,no
"Box 39 UMHC, 420 Delaware Street SE, Minneapolis, Minnesota 55455",1,,,no
"Box 480 UMHC, Harvard St. at E. River Rd., Minneapolis, MN 55455",1,,,no
"Brian Claggett Division of Cardiology, Department of Medicine, University of Colorado School of Medicine, Aurora (L.A.A.). Division of Cardiovascular Medicine, Department of Medicine, University of California San Diego (E.D.A.). l'Institut del Cor, Hospital Universitari Germans Trias i Pujol, Badalona, Spain (A.B.-G.). Temple Heart and Vascular Institute, Lewis Katz School of Medicine at Temple University, Philadelphia, PA (M.A.B.-B.). Division of Cardiology, Department of Medicine, University of Pennsylvania, Philadelphia (J.A.C.). Cardiovascular Division, Brigham and Women's Hospital, Boston, MA (B.L.C., C.Y.H.). Division of Cardiovascular Medicine, Department of Medicine, University of Utah, Salt Lake City (J.C.F.). Department of Cardiology, Copenhagen University Hospital, Rigshospitalet, Denmark (F.G.). The Cardiovascular Center, Tufts Medical Center, Boston, MA (N.K.K.). Sarver Heart Center, University of Arizona, Tucson (J.L.C., S.E.K., N.K.S.). Section of Advanced Heart Failure and Mechanical Circulatory Support, UMass Memorial Medical Center, Worcester, MA (R.D.K.). Section of Advanced Heart Failure and Transplant Cardiology, Henry Ford Hospital, Detroit, MI (D.E.L.). Department of Medicine, Minneapolis VA Health Care System and University of Minnesota, Minneapolis (O.V.)",1,University of California San Diego | University of Colorado Anschutz | University of Pennsylvania | Temple University | University of Copenhagen | Brigham and Women's Hospital | Hospital Universitari Germans Trias i Pujol,I36258959 I51713134 I79576946 I84392919 I124055696 I1283280774 I4210153460,no
"Brown University; Charity Hospital, New Orleans; Children's Hospital and Pennsylvania Hospital of Philadelphia; Children's Hospital at Buffalo; Children's Medical Center, Boston; Columbia University; From the Children's Hospital of Buffalo and the Departments of Pediatrics and of Obstetrics and Gynecology, The State University of New York at Buffalo, Buffalo, N. Y.; Johns Hopkins University; Submitted for publication Aug. 17, 1967.; The Collaborative Study of Cerebral Palsy, Mental Retardation and Other Neurological and Sensory Disorders of Infancy and Childhood is supported by the National Institute of Neurological Disease and Blindness. The following institutions participate: Boston Lying-In Hospital; University of Minnesota; University of Oregon; University of Tennessee; Yale University and the Perinatal Research Branch, NINDB. This study was supported by Grant NB-02404 from the National Institutes of Health and by similar grants to the other participating institutions",1,"University at Buffalo, State University of New York | Columbia University | Johns Hopkins University | University of Oregon | Pennsylvania Hospital",I63190737 I78577930 I145311948 I181233156 I2800191209,no
"C. David Mortensen (Ph.D., University of Minnesota, 1967) is professor of communication arts at the University of Wisconsin-Madison, Madison, Wisconsin 53706",1,University of Wisconsin–Madison,I135310074,no
"C.M. López De Padilla, MD, Division of Rheumatology, Department of Pediatrics, Mayo Clinic; C.S. Crowson, MS, Division of Rheumatology and Division of Biomedical Statistics and Informatics, Department of Health Science Research, Mayo Clinic; M.S. Hein, BS, Division of Rheumatology, Department of Pediatrics, Mayo Clinic; R.S. Pendegraft, MS, Division of Rheumatology and Division of Biomedical Statistics and Informatics, Department of Health Science Research, Mayo Clinic; M.A. Strausbauch, MS, Department of Surgical Research, Mayo Clinic; T.B. Niewold, MD, Division of Rheumatology and Department of Immunology, Mayo Clinic; F.C. Ernste, MD, Division of Rheumatology, Department of Internal Medicine and Department of Pediatrics, Mayo Clinic College of Medicine; E. Peterson, MD, Division of Rheumatic and Autoimmune diseases, Department of Medicine, University of Minnesota; E.C. Baechler, PhD, Division of Rheumatic and Autoimmune diseases, Department of Medicine, University of Minnesota; A.M",1,Mayo Clinic,I1330342723,no
"CDepartment of Genetics, Cell Biology and Development, 6-160 Jackson Hall, 321 Church St. SE Minneapolis, MN 55455, USA",1,,,no
"COE UNIVERSITY OF MINNESOTA T. PAUL , MN 55108 U",1,University of Minnesota System,I2800403580,no
"COLLEGE OF BIOLOGICAL SCIENCESUNIVERSITY OF MINNESOTA,ST. PAUL, MINNESOTA",1,,,no
"CPPE NEWSLETTER, 3300 University Avenue, S.E., Minneapolis, Minnesota 55414",1,,,no
"Cardiovascular Division, Department of Medicine, Toxicology Research Laboratory, Minneapolis, Minnesota, USA",1,,,no
"Cardiovascular Division, Department of Medicine, University of Minnesota Medical Center, Minneapolis. Electronic address:",1,University of Minnesota Medical Center,I4210135252,no
"Carolyn Y. Ho Division of Cardiology, Department of Medicine, University of Colorado School of Medicine, Aurora (L.A.A.). Division of Cardiovascular Medicine, Department of Medicine, University of California San Diego (E.D.A.). l'Institut del Cor, Hospital Universitari Germans Trias i Pujol, Badalona, Spain (A.B.-G.). Temple Heart and Vascular Institute, Lewis Katz School of Medicine at Temple University, Philadelphia, PA (M.A.B.-B.). Division of Cardiology, Department of Medicine, University of Pennsylvania, Philadelphia (J.A.C.). Cardiovascular Division, Brigham and Women's Hospital, Boston, MA (B.L.C., C.Y.H.). Division of Cardiovascular Medicine, Department of Medicine, University of Utah, Salt Lake City (J.C.F.). Department of Cardiology, Copenhagen University Hospital, Rigshospitalet, Denmark (F.G.). The Cardiovascular Center, Tufts Medical Center, Boston, MA (N.K.K.). Sarver Heart Center, University of Arizona, Tucson (J.L.C., S.E.K., N.K.S.). Section of Advanced Heart Failure and Mechanical Circulatory Support, UMass Memorial Medical Center, Worcester, MA (R.D.K.). Section of Advanced Heart Failure and Transplant Cardiology, Henry Ford Hospital, Detroit, MI (D.E.L.). Department of Medicine, Minneapolis VA Health Care System and University of Minnesota, Minneapolis (O.V.)",1,University of California San Diego | University of Colorado Anschutz | University of Pennsylvania | Temple University | Brigham and Women's Hospital | Hospital Universitari Germans Trias i Pujol,I36258959 I51713134 I79576946 I84392919 I1283280774 I4210153460,no
"Center for Care Delivery and Outcomes Research (CCDOR), Minneapolis VA Health Care System, Minneapolis, Minnesota (Drs Greer, Sayer, Spoont, Taylor, Ackland, and Wilt, Mr MacDonald, and Mss McKenzie and Rosebush); Minneapolis VA Evidence-Based Synthesis Program Center, Minneapolis VA Health Care System, Minneapolis, Minnesota (Drs Greer and Wilt, Mr MacDonald, and Mss McKenzie and Rosebush); Departments of Medicine (Drs Sayer, Spoont, Taylor, Ackland, and Wilt) and Psychiatry (Dr Sayer) and Division of Epidemiology and Community Health (Dr Taylor), University of Minnesota, Minneapolis; and US Department of Veterans Affairs National Center for PTSD, Honolulu, Hawaii (Dr Spoont)",1,Minneapolis VA Health Care System | Minneapolis VA Medical Center,I4210117246 I4210140408,no
"Center for Learning Innovation, University of Minnesota at Rochester, USA",1,University of Minnesota Rochester,I4210120349,no
"Center for Population Biology, College of Biological Sciences, 1 Shields Avenue, University of California, Davis, California 95616 USA",1,"University of California, Davis",I84218800,no
"Center for Population Biology, Department of Evolution and Ecology, College of Biological Sciences, University of California, Davis, USA",1,"University of California, Davis",I84218800,no
"Center for#R#Learning Innovation,#R#University of Minnesota Rochester, Rochester, Minnesota#R#55904, United States",1,University of Minnesota Rochester,I4210120349,no
"Cerebrovascular Clinical Research Center and the Department of Neurology, Mayo Clinic and Mayo Foundation and the Mayo Graduate School of Medicine (University of Minnesota) Rochester, Minnesota, 55901",1,Mayo Clinic | University of Minnesota Rochester,I1330342723 I4210120349,no
"Cerebrovascular Clinical Research Center and the Department of Neurology, Mayo Clinic and Mayo Foundation, and the Mayo Graduate School of Medicine (University of Minnesota), Rochester, Minnesota, 55901",1,Mayo Clinic | University of Minnesota Rochester,I1330342723 I4210120349,no
"Chemistry Department, University of Minnesota-Duluth, 10 University Drive, MN 55812, USA",1,"University of Minnesota, Duluth",I4210115145,no
"Chemistry Department, University of Minnesota-Duluth, Duluth, USA",1,"University of Minnesota, Duluth",I4210115145,no
"Chemistry and Material Science Directorate, Lawrence Livermore National Laboratory, University of California, Livermore, California 94550, Glenn T. Seaborg Center, Lawrence Berkeley Laboratory, University of California, Berkeley, California 94720, Department of Mathematics and Computer Science, California State University, East Bay, Hayward, California 94542, and Natural Resources Research Institute, University of Minnesota at Duluth, 5013 Miller Trunk Highway, Duluth, Minnesota 55811",1,"University of California, Berkeley | Lawrence Berkeley National Laboratory | California State University, East Bay | Lawrence Livermore National Laboratory | University of Minnesota, Duluth",I95457486 I148283060 I184813773 I1282311441 I4210115145,no
Childhood Cancer Survivor Program University of Minnesota Masonic Cancer Center  Minneapolis Minnesota,1,Masonic Cancer Center,I4390039358,yes
"Childhood Cancer Survivor Program, University of Minnesota Masonic Cancer Center, Minneapolis, MN, USA",1,Masonic Cancer Center,I4390039358,yes
China Agricultural University State Key Laboratory for Agrobiotechnology College of Biological Sciences Beijing People's Republic of China,1,China Agricultural University,I52158045,no
"China Agricultural University, College of Biological Sciences, Beijing, China ;",1,China Agricultural University,I52158045,no
"Church Street, Minneapolis, Minnesota 55455, U.S.A",1,,,no
"Civil Engineering Department; University of Minnesota; Duluth, Minnesota 55812",1,"University of Minnesota, Duluth",I4210115145,no
"Civil Engineering/NATSRL, University of Minnesota Duluth, Minnesota, USA",1,"University of Minnesota, Duluth",I4210115145,no
"Clara Penniman, and Floyd O. Flom. (Minneapolis, Minn.: The University of Minnesota Press. 1955. Pp. viii, 176. $3.00.)",1,,,no
"Clinical associate professor of obstetrics and gynaecology 1537 North Fisk Street, St Paul, MN 55117, USA",1,,,no
"Cloth. Price $3.00. Pp. 158. The University of Minnesota Press, Minneapolis. 1953",1,,,no
"Coleraine Minerals Research Laboratory , University of Minnesota-Duluth , Coleraine, Minnesota, USA",1,"University of Minnesota, Duluth",I4210115145,no
"College of Basic Medical Sciences, Dalian Medical University, Dalian; State Key Laboratories for AgroBiotechnology, College of Biological Sciences, China Agricultural University, Beijing, P. R. China",1,China Agricultural University | Dalian Medical University,I52158045 I191996457,no
"College of Biological Sciences , China Agricultural University , Beijing 100083 , China",1,China Agricultural University,I52158045,no
College of Biological Sciences China Agricultural University Beijing 100093 China,1,China Agricultural University,I52158045,no
College of Biological Sciences Ohio State University Columbus Ohio 43210,1,The Ohio State University,I52357470,no
College of Biological Sciences University of California Davis 209 Briggs Hall CA 95616 USA,1,"University of California, Davis",I84218800,no
College of Biological Sciences and Biotechnology Beijing Forestry University Box 162 Qinghua E Road 35 Beijing China,1,Beijing Forestry University,I31683504,no
"College of Biological Sciences and Biotechnology, Beijing Forestry University)",1,Beijing Forestry University,I31683504,no
"College of Biological Sciences and Biotechnology, Beijing Forestry University, Beijing 100083, China; State Key Laboratory of Tree Genetics and Breeding, Chinese Academy of Forestry, Beijing 100091, China",1,Beijing Forestry University | Chinese Academy of Forestry | State Key Laboratory of Tree Genetics and Breeding,I31683504 I4210128615 I4392021092,no
"College of Biological Sciences and Biotechnology, Beijing Forestry University,Beijing 100083,P.R. China",1,Beijing Forestry University,I31683504,no
"College of Biological Sciences and Biotechnology, Chungnam National University",1,Chungnam National University,I196345858,no
"College of Biological Sciences and Biotechnology, Department of Bioscience, Chungnam National University, Daejeon, Korea",1,Chungnam National University,I196345858,no
"College of Biological Sciences and Biotechnology, National Engineering Laboratory of Tree Breeding, Beijing Forestry University, Beijing, P.R. China",1,Beijing Forestry University,I31683504,no
"College of Biological Sciences and Engineering, North University for Ethnics, Yinchuan,",1,North Minzu University,I3019309368,no
College of Biological Sciences and Technology Center for Computational Biology Beijing Forestry University Beijing 100083 China,1,Beijing Forestry University,I31683504,no
"College of Biological Sciences and Technology, Beijing Forestry University, Beijing 100083, People’s Republic of China (J.L., S.B., Y.Z., X.M., J.S., G.S., X.S., S.C.)",1,Beijing Forestry University,I31683504,no
"College of Biological Sciences and Technology, Qiong Zhou University, Sanya, 572000, China",1,Hainan Tropical Ocean University,I80432865,no
"College of Biological Sciences and Technology; Beijing Forestry University (Box 162); Beijing, China",1,Beijing Forestry University,I31683504,no
"College of Biological Sciences and Technology; Beijing Forestry University (Box 162); Beijing, China; Key Laboratory of Biological Resources Protection and Utilization in Hubei Province; Hubei University for Nationalities; Enshi, China",1,Beijing Forestry University | Hubei University for Nationalities,I31683504 I4210106563,no
College of Biological Sciences and Technology; Beijing Forestry University; Beijing 100083 People's Republic of China,1,Beijing Forestry University,I31683504,no
"College of Biological Sciences of China Agricultural University, Beijing, China",1,China Agricultural University,I52158045,no
"College of Biological Sciences, Beijing Agricultural University, Beijing 100094, China, CN",1,,,no
"College of Biological Sciences, Beijing Agricultural University, Beijing, People's Republic of China",1,,,no
"College of Biological Sciences, China Agricultural University, Beijing 100193, China. menghao921201@163.com",1,China Agricultural University,I52158045,no
"College of Biological Sciences, China Agricultural University, Key Lab of Plant Physiology & Biochemistry, Ministry of Agriculture, Beijing, China",1,China Agricultural University,I52158045,no
"College of Biological Sciences, Eck Institute for Global Health, University of Notre Dame, Galvin Life Sciences Center, Notre Dame, USA",1,University of Notre Dame,I107639228,no
"College of Biological Sciences, Key Laboratory of Agro-Microbial Resource and Application, Ministry of Agriculture, China Agricultural University",1,China Agricultural University,I52158045,no
"College of Biological Sciences, Nanjing Normal University, China. wenwang@njnu.edu.cn",1,Nanjing Normal University,I152031979,no
"College of Biological Sciences, Nanjing Normal University, Nanjing, China",1,Nanjing Normal University,I152031979,no
"College of Biological Sciences, St. Paul, USA",1,,,no
"College of Pharmacy, University of Minnesota, Duluth, Room 221 Life Science, 1110 Kirby Dr., Duluth, MN 55812-3003. Electronic address:",1,"University of Minnesota, Duluth",I4210115145,no
"College of Pharmacy, University of Minnesota, Duluth, at the time this study was conducted; he is currently Associate Professor-Director of Residency & Practice Development, School of Pharmacy, Concordia University Wisconsin, Mequon",1,"Concordia University Wisconsin | University of Minnesota, Duluth",I105925353 I4210115145,no
"College of Pharmacy, University of Minnesota, Duluth, at the time this study was conducted; she is currently Associate Professor, Raabe College of Pharmacy, Ohio Northern University, Ada",1,"Ohio Northern University | University of Minnesota, Duluth",I150722199 I4210115145,no
"College of Pharmacy, University of Minnesota, Duluth, at the time this study was conducted; she is currently owner, Abts Health Mart Pharmacy, Julesburg, CO",1,"University of Minnesota, Duluth",I4210115145,no
"College of Veterinary Medicine , Room 385C , 1988 Fitch Avenue , St Paul , MN 55108 ;",1,,,no
"College of Veterinary Medicine, Minnesota University, Saint Paul, MN 50018, USA",1,,,no
"Columbia University University of Minnesota Department of Mathematics School of Mathematics New York, NY 10027 Minneapolis, MN 55455 U.S.A. U.S.A",1,Columbia University,I78577930,no
"Communication , University of Minnesota , Duluth, USA",1,"University of Minnesota, Duluth",I4210115145,no
"Comparative Pathology Shared Resource, University of Minnesota Masonic Cancer Center, Saint Paul, MN 55108, USA",1,Masonic Cancer Center,I4390039358,yes
"Comparative Pathology Shared Resource, University of Minnesota Masonic Cancer Center, Saint Paul, MN, 55108, USA",1,Masonic Cancer Center,I4390039358,yes
"Comparative Pathology Shared Resource, University of Minnesota Masonic Cancer Center, Saint Paul, MN, USA",1,Masonic Cancer Center,I4390039358,yes
Complex Care Core Analytics Fairview University of Minnesota Minneapolis MN USA,1,,,no
"Complex Care Core Analytics, Fairview University of Minnesota, Minneapolis, MN, USA",1,,,no
"Composition Dept., Minnesota Univ., Duluth, MN, USA",1,"University of Minnesota, Duluth",I4210115145,no
"Comput. Sci. Dept., Minnesota Univ. Med. Sch., Minneapolis, MN, USA",1,,,no
"Computer Engineering Department, University of Minnesota, Duluth, Duluth, Minnesota 55812-2496",1,"University of Minnesota, Duluth",I4210115145,no
"Computer Science Department _-lg_ EECS Building , _00 Union St. S.E. University o/ Minnesota Minneapolis , MN 55_55",1,,,no
"Computer Science Department, University of Minnesota, Duluth#TAB#",1,"University of Minnesota, Duluth",I4210115145,no
"Conflicts of Interest and Source of Funding: J.C. has received a grant from the National Institutes of Health/Lysosomal Disease Network for the conduct of this study. P.T. has received scientific grants from NIH, GE, MF Fox, Northwestern University, VA, Weill Medical College of Cornell University, and the University of Minnesota and has received personal financial support from TEVA. G.O. has received scientific grants from NIH and the University of Minnesota. M.T. has received scientific grants from NIH. M.H., M.A., U.M., and L.C. have no conflicts of interest to declare. M.H. was an employee of Lundbeck, LLC",1,Cornell University,I205783295,no
"Conflicts of Interest and Source of Funding: J.C. has received a grant from the National Institutes of Health/Lysosomal Disease Network for the conduct of this study. P.T. has received scientific grants from NIH, GE, MF Fox, Northwestern University, VA, Weill Medical College of Cornell University, and the University of Minnesota and has received personal financial support from TEVA. G.O. has received scientific grants from NIH and the University of Minnesota. M.T. has received scientific grants from NIH. M.H., M.A., U.M., and L.C. have no conflicts of interest to declare. M.H. was an employee of Lundbeck, LLC; however, the company had no involvement in this research",1,Cornell University,I205783295,no
Consorzio Interuniversitario di Fisica della Materia (Italy) and Univ. of Minnesota (USA),1,,,no
"Consultant, Department of Neurology, Mayo Clinic; Associate Professor of Neurology, Mayo Graduate School of Medicine (University of Minnesota), Rochester, Minnesota",1,Mayo Clinic | University of Minnesota Rochester,I1330342723 I4210120349,no
"Consultant, Section Medicine, Mayo Clinic; Assistant Professor of Medicine, Mayo Foundation Graduate School, University of Minnesota, Rochester, Minn. USA",1,Mayo Clinic | University of Minnesota Rochester,I1330342723 I4210120349,no
"Consultant, Section of Biochemistry, Mayo Clinic; Assistant Professor of Physiological Chemistry, Mayo Foundation, Graduate School, University of Minnesota, Rochester, Minn. USA",1,Mayo Clinic | University of Minnesota Rochester,I1330342723 I4210120349,no
"Consultant, Section of Biochemistry, Mayo Clinic; Instructor in Biochemistry, Mayo Foundation, Graduate School, University of Minnesota, Rochester, Minn. USA",1,Mayo Clinic | University of Minnesota Rochester,I1330342723 I4210120349,no
"Consultant, Section of Microbiology, Mayo Clinic; Associate Professor of Medicine and Microbiology, Mayo Graduate School of Medicine, University of Minnesota, Rochester",1,Mayo Clinic | University of Minnesota Rochester,I1330342723 I4210120349,no
"Context Therapeutics, Philadelphia, PA; Reaction Biology Corporation, Malvern, PA; University of Minnesota Masonic Cancer Center, Minneapolis, MN",1,Masonic Cancer Center,I4390039358,yes
"Correspondence to: Stephen S. Hecht, Ph.D., University of Minnesota Cancer Center, Box 806 Mayo, 420 Delaware St., S.E., Minneapolis, MN 55455 (",1,Masonic Cancer Center,I4390039358,yes
"Cultural Dimensions of Globalizations, Minneapolis, University of Minnesota Press, 1996",1,,,no
"Culture and Control in Counter-Reformation Spain, University of Minnesota Press, Minneapolis 1992, 267",1,,,no
"Current Address: University of Minnesota Masonic Cancer Center, Minneapolis, MN",1,Masonic Cancer Center,I4390039358,yes
"Current Address: University of Minnesota Masonic Cancer Center, Minneapolis, MN; Johns Hopkins Sidney Kimmel Comprehensive Cancer Center, Baltimore, MD",1,Johns Hopkins University | Sidney Kimmel Comprehensive Cancer Center | Masonic Cancer Center,I145311948 I4210164401 I4390039358,yes
"Current affiliations: Division of Gastroenterology (M.S.S.), Beth Israel Deaconess Medical Center, Harvard Medical School, Boston, Massachusetts, Section of Gastroenterology (D.B.N.), Center for Epidemiological and Clinical Research (M.S.S., F.A.L.), Department of Surgical Pathology (S.M.D.), Minneapolis VA Medical Center, Minneapolis; Department of Medicine (M.S.S., R.F.K., F.A.L., S.M.D.), Section of Hematology, Oncology and Transplantation (R.A.K.), Section of Cardiothoracic Surgery (R.F.K.), University of Minnesota, Minneapolis, Minnesota, USA",1,Harvard University | Beth Israel Deaconess Medical Center | Minneapolis VA Medical Center,I136199984 I1316535847 I4210140408,no
"Current affiliations: Sections of Gastroenterology and Hepatology (T.B.G., S.R.G.) and Biostatistics and Epidemiology (T.A.M.), Department of Medicine, Dartmouth-Hitchcock Medical Center, Lebanon, New Hampshire, Miles and Shirley Fiterman Center for Digestive Diseases (N.C.-P., M.D.T., T.H.B.), Mayo Clinic, Rochester, Minnesota, Department of Medicine (A.G., G.I.P.), Division of Gastroenterology, Hepatology, and Nutrition, University of Pittsburgh Medical Center, Pittsburgh, Pennsylvania, Division of Digestive Diseases and Nutrition (J.T.M.), University of Oklahoma Health Sciences Center, Oklahoma City, Oklahoma, Division of Gastroenterology, Hepatology, and Nutrition (M.L.F., R.A.), University of Minnesota, Minneapolis, Minnesota, USA",1,University of Pittsburgh | Dartmouth–Hitchcock Medical Center | Mayo Clinic | University of Pittsburgh Medical Center,I170201317 I1289422878 I1330342723 I4210134769,no
"Curso de pós-graduação da Universidade de
Mînnesota (USA)",1,,,no
"Curso de pós-graduação da Universidade de
Mînnesota (USA)",1,,,no
"D. Abbott, H. Gaitskell, A.H. Hansen, E.A. Goldenweiser, S. Slichter, H.C. Sonne, I. Friend, L.R. Klein, R.W. Goldsmith, J.K. Galbraith, W. Thomas, R. Murray, J.S. Duesenberry, D. Brady, J. Morgan Imrie de Vegh, M.G. Reid, J. Tobin, D. Mc Cord Wright, S. Kuznets, J. Lintner, E.R. Black, E.M. Bernstein, E.A. Ross, F. Pazos, B.R. Shenoy, G. Garvy. Minneapolis, University of Minnesota Press, 1953, XIX p. 370 p., $ 5.00, 40/—",1,,,no
"D. G. Dalrymple and V. W. Ruttan, University of Minnesota Press, Minneapolis, Minn., USA. 617 pp., numerous tables and diagrams, name and subject indexes, 1977. Price: $25",1,,,no
"Dale M. Pfrimmer, MS, RN, NE-BC, is a nurse administrator at the Department of Nursing, Mayo Clinic, Rochester, Minnesota. Maren R. Johnson, MSN, RN, CCRN, is a nurse manager at the Department of Nursing, Mayo Clinic, Rochester, Minnesota. Martha L. Guthmiller, DNP, RN, NEA-BC, is a nurse manager at the Department of Nursing, Mayo Clinic, Rochester, Minnesota. Joanna L. Lehman, MSN, RN, CCRN, is a nursing education specialist at the Department of Nursing, Mayo Clinic, Rochester, Minnesota. Vickie K. Ernste, MSN, RN, is a nurse manager at the Department of Nursing, Mayo Clinic, Rochester, Minnesota. She was the nurse manager of Thoracic/Vascular ICU at the time of this study. Lori M. Rhudy, PhD, RN, CNRN, ACNS-BC, is a clinical nurse researcher/clinical associate professor at the Department of Nursing, Mayo Clinic, Rochester; and School of Nursing, University of Minnesota, Minneapolis, Minnesota. She is experienced in qualitative methods and surveillance as nursing intervention",1,Mayo Clinic,I1330342723,no
"David E. Lanfear Division of Cardiology, Department of Medicine, University of Colorado School of Medicine, Aurora (L.A.A.). Division of Cardiovascular Medicine, Department of Medicine, University of California San Diego (E.D.A.). l'Institut del Cor, Hospital Universitari Germans Trias i Pujol, Badalona, Spain (A.B.-G.). Temple Heart and Vascular Institute, Lewis Katz School of Medicine at Temple University, Philadelphia, PA (M.A.B.-B.). Division of Cardiology, Department of Medicine, University of Pennsylvania, Philadelphia (J.A.C.). Cardiovascular Division, Brigham and Women's Hospital, Boston, MA (B.L.C., C.Y.H.). Division of Cardiovascular Medicine, Department of Medicine, University of Utah, Salt Lake City (J.C.F.). Department of Cardiology, Copenhagen University Hospital, Rigshospitalet, Denmark (F.G.). The Cardiovascular Center, Tufts Medical Center, Boston, MA (N.K.K.). Sarver Heart Center, University of Arizona, Tucson (J.L.C., S.E.K., N.K.S.). Section of Advanced Heart Failure and Mechanical Circulatory Support, UMass Memorial Medical Center, Worcester, MA (R.D.K.). Section of Advanced Heart Failure and Transplant Cardiology, Henry Ford Hospital, Detroit, MI (D.E.L.). Department of Medicine, Minneapolis VA Health Care System and University of Minnesota, Minneapolis (O.V.)",1,University of California San Diego | University of Colorado Anschutz | University of Pennsylvania | Temple University | Brigham and Women's Hospital | Hospital Universitari Germans Trias i Pujol,I36258959 I51713134 I79576946 I84392919 I1283280774 I4210153460,no
"David H. Olson, PhD, is Professor, Family Social Science, 290 McNeal Hall, University of Mennesota, St. Paul, MN 55108",1,,,no
"De artment of Information and Agricultural Journalism Ius t i ~ut e of Agriculture Universi ty of Minnesota St. Paul , Minnesota 55101",1,,,no
Dep. Agronomy and Plant Genetics 411 Borlaug Hall Univ. of Minesota  St. Paul MN 55108,1,,,no
"Dep. Agronomy and Plant Genetics, 1991 Buford Circle Univ. Minnesota St. Paul MN 55108",1,,,no
"Dep. of Agronomy and Plant Genetics Univ. of Minnesota USDA‐ARS, Northern Crop Science Lab. Fargo ND 58105",1,Agricultural Research Service,I1312222531,no
"Department Soil, Water, and Climate, 1991 Upper Buford Circle, St Paul, MN 55108, U.S.A",1,,,no
Department at University Minnesota Duluth,1,"University of Minnesota, Duluth",I4210115145,no
"Department of Aerospace, Engineering and Mechanics, University of Minesota, Minneapolis, MN, 55455, USA",1,University of Minnesota System,I2800403580,no
"Department of Agriculture and Natural Resources, University of Minnesota-Crookston, 2900 University Avenue, Crookston, MN 56716, USA",1,University of Minnesota Crookston,I4210159608,no
"Department of Agronomy and Range Science, University of California, Davis, California 95616, USA; 
                           2Department of Plant Pathology, Throckmorton Hall, Kansas State University, Manhattan, Kansas 66506, USA; 
                           3Department of Agronomy, University of Missouri, Columbia, Missouri 65211, USA; 
                           4USDA-ARS, University of Missouri, Columbia, Missouri 65211, USA;
                           5USDA/ARS Western Regional Research Center, Albany, California 94710, USA; 
                           6Department of Plant Breeding, Cornell University, Ithaca, New York 14853, USA; 
                           7Department of Plant and Soil Science, Texas Tech University, Lubbock, Texas 79409, USA;
                           8Department of Plant Sciences, Loftsgard Hall, North Dakota State University, Fargo, North Dakota 58105–5051, USA;
                           9Department of Soil and Crop Sciences, Colorado State University, Fort Collins, Colorado 80524, USA; 
                           10Department of Agronomy and Plant Genetics, University of Minnesota, Twin Cities, St. Paul, Minnesota 55108–6026, USA; 
                           11Department of Botany and Plant Science, University of California, Riverside, California 92521, USA; 
                           12Department of Crop and Soil Sciences, Washington State University, Pullman, Washington 99164–6420, USA;
                           13USDA-ARS National Program Staff, Beltsville, Maryland 20705–5139, USA; 
                           14USDA-ARS, Department of Crop and Soil Sciences, Washington State University, Pullman, Washington 99164–6420, USA; 
                           15Genetic Resources Conservation Program, University of California, Davis, California 95616, USA",1,"Texas Tech University | University of Missouri | University of California, Davis | Kansas State University | Cornell University | University of California, Riverside",I12315562 I76835614 I84218800 I189590672 I205783295 I103635307,no
"Department of Anesthesia, University of Iowa, 3-249 Millard Hall, 435 Delaware Street SE, Minneapolis MN, USA",1,University of Iowa,I126307644,no
"Department of Anesthesiology, University Hospital, Minneapolis, MN 55455 U.S.A",1,University of Minnesota Medical Center,I4210135252,no
"Department of Anesthesiology, University of Minnesota Medical Center, Minnesota",1,University of Minnesota Medical Center,I4210135252,no
"Department of Animal Biology and Physiology, College of Biological Sciences, China Agricultural University, Beijing 100193, PR China",1,China Agricultural University,I52158045,no
"Department of Animal Physiology, College of Biological Sciences, China Agricultural University, Beijing, P. R. China",1,China Agricultural University,I52158045,no
"Department of Animal Science, St. Paul 55108. Electronic address: hein0106@umn.edu",1,,,no
"Department of Animal Science, St. Paul 55108. Electronic address: miendres@umn.edu",1,,,no
"Department of Animal Science, University 01 Minnesota, Saint Paul, Minnesota 55108",1,,,no
"Department of Animal Science, University of Mkinmesota, St. Paul, Minnesota 55101, U.S.A",1,,,no
"Department of Animal Science. University of Minne-sota, 1364 Eckles Avenue. St. Paul 55108",1,University of Minnesota System,I2800403580,no
"Department of Animal Sciences, University of Minnesota Masonic Cancer Center, Minneapolis, MN, 55455, United States",1,Masonic Cancer Center,I4390039358,yes
"Department of Astronomy, University of Florida, Minneapolis, MN, USA",1,University of Florida,I33213144,no
"Department of Biochemistry University, Minnesota College of Biological Sciences St. Paul",1,,,no
"Department of Biochemistry and Molecular Biology, College of Biological Sciences, China Agricultural University, Beijing, China",1,China Agricultural University,I52158045,no
"Department of Biochemistry and Molecular Biology, School of Medicine, University of Minnesota, Duluth, Duluth, Minnesota 55812",1,"University of Minnesota, Duluth",I4210115145,no
"Department of Biochemistry and Molecular Biology, University of Minnesota, Duluth, 55812, USA. jprohask@d.umn.edu",1,"University of Minnesota, Duluth",I4210115145,no
"Department of Biochemistry and Molecular Biology, University of Minnesota, Duluth, Duluth, MN 55812",1,"University of Minnesota, Duluth",I4210115145,no
"Department of Biochemistry, College of Biological Sciences, St. Paul,",1,,,no
"Department of Biochemistry, School of Medicine, University of Minnesota at Duluth, Duluth, Minnesota 55812 U.S.A",1,"University of Minnesota, Duluth",I4210115145,no
"Department of Biochemistry, University of Minnesola, St. Paul, Minnesota 55101 U.S.A",1,,,no
"Department of Biochemistry, University of Minnesota, Duluth, Duluth",1,"University of Minnesota, Duluth",I4210115145,no
"Department of Biochemistry, University of Minnesota‐Duluth, Duluth, MN, USA",1,"University of Minnesota, Duluth",I4210115145,no
"Department of Biochemistry, University of Oxford, St Paul, Minnesota, 55101",1,,,no
"Department of Biological Science, College of Biological Sciences and Biotechnology , Chungnam National University , Daejeon , Korea",1,Chungnam National University,I196345858,no
"Department of Biological Science, College of Biological Sciences and Biotechnology, Chungnam National University, Daejeon 305,764, #N#Korea",1,Chungnam National University,I196345858,no
"Department of Biological Sciences and Stillinger Herbarium, University of Idaho, 875 Perimeter Drive MS 3051, Moscow, Idaho 83844-3051, USA University of Minnesota Saint Paul United States of America",1,University of Idaho,I155093810,no
"Department of Biological Sciences, College of Biological Sciences and Biotechnology, Chungnam National University, Daejeon, Korea",1,Chungnam National University,I196345858,no
"Department of Biological Sciences, University of Minnesota-Duluth, Duluth, USA",1,"University of Minnesota, Duluth",I4210115145,no
"Department of Biology , Saint Mary's University of Minnesota , 700 Terrace Heights, Winona, MN 55987, USA",1,Saint Mary's University of Minnesota,I4210147856,no
"Department of Biology , University of Minnesota-Duluth , 10 University Dr., Duluth , MN , 55812 , USA E-mail: amensing@d.umn.edu ; Marine Biological Lab , Woods Hole , MA , 02543 , USA",1,"University of Minnesota, Duluth",I4210115145,no
"Department of Biology University of Minnesota Duluth 1035 Kirby Drive Duluth, Minnesota 55812-3004",1,"University of Minnesota, Duluth",I4210115145,no
"Department of Biology University of Minnesota at Duluth, Duluth, MN 55812, U.S.A",1,"University of Minnesota, Duluth",I4210115145,no
"Department of Biology, 1035 Kirby Drive, SSB 207 , University of Minnesota Duluth , Duluth, MN, 55812, USA",1,"University of Minnesota, Duluth",I4210115145,no
"Department of Biology, 207 Swenson Science Building, 1035 Kirby Drive, University of Minnesota, Duluth, MN 55812‐2496, USA",1,"University of Minnesota, Duluth",I4210115145,no
"Department of Biology, College of Biological Sciences, Chungnam National University, Daejeon, Republic of Korea",1,Chungnam National University,I196345858,no
"Department of Biology, College of Biological Sciences, Chungnam National University, Daejeon, South Korea",1,Chungnam National University,I196345858,no
"Department of Biology, Duke University, Minneapolis, MN 55455",1,Duke University,I170897317,no
"Department of Biology, Swenson College of Science and Engineering, University of Minnesota Duluth, Duluth, USA",1,"University of Minnesota, Duluth",I4210115145,no
"Department of Biology, University of Minnesota Duluth, 207 Swenson Science Building, Duluth, Minnesota 55812",1,"University of Minnesota, Duluth",I4210115145,no
"Department of Biology, University of Minnesota Duluth, 211 Life Science, 10 Univ. Dr., Duluth, Minnesota 55812",1,"University of Minnesota, Duluth",I4210115145,no
"Department of Biology, University of Minnesota Duluth, 221 Life Science Building, 10 University Drive, Duluth, MN 55812‐2496",1,"University of Minnesota, Duluth",I4210115145,no
"Department of Biology, University of Minnesota at Duluth, Duluth, USA",1,"University of Minnesota, Duluth",I4210115145,no
"Department of Biology, University of Minnesota-Duluth, 10 University Drive, Duluth, Minnesota 55812, USA e-mail: cfirling@d.umn.edu Tel.: 218-726-7270; Fax: 218-726-8142, US",1,"University of Minnesota, Duluth",I4210115145,no
"Department of Biology, University of Minnesota‐Duluth, Duluth, Minnesota 558 12",1,"University of Minnesota, Duluth",I4210115145,no
"Department of Biology, University of New Mexico, Albuquerque, NM, 87131, USADepartment of Environmental Sciences, University of Toledo, Toledo, OH 43606-3390, USASchool of Life Sciences, Arizona State University, Tempe, AZ 85281, USADepartments of Ecology and Evolutionary Biology and Earth System Science, University of California, Irvine, CA 92697, USADepartment of Natural Resources, University of New Hampshire, Durham, NH 03824, USADepartment of Environmental Science, Policy and Management, University of California, Berkeley, Berkeley, CA 94720, USADepartment of Biology and the Environmental Science Program, Carthage College, 2001 Alford Park Drive, Kenosha, WI 53140, USADepartment of Ecology, Evolution and Behavior, University of Minnesota, 1987 Upper Buford Circle, St Paul, MN 55108, USADepartment of Ecology, Evolution and Marine Biology, University of California, Santa Barbara, Santa Barbara, CA 93106, USADepartments of Ecology, Evolution & Behavior, Plant Biology and Soil, Water &",1,"Arizona State University | University of Toledo | University of New Hampshire | University of New Mexico | University of California, Irvine",I55732556 I90871651 I161057412 I169521973 I204250578,no
"Department of Biology; University of Minnesota; Duluth MN, USA",1,"University of Minnesota, Duluth",I4210115145,no
"Department of Biomedical Anatomy, University of Minnesota, Duluth, School of Medicine, Duluth, USA",1,"University of Minnesota, Duluth",I4210115145,no
"Department of Biomedical Anatomy, University of Minnesota, Duluth, USA",1,"University of Minnesota, Duluth",I4210115145,no
"Department of Biomedical Engineering , , Minneapolis, MN 55455, USA",1,,,no
"Department of Biomedical Engineering, 7-105 Hasselmo Hall 312 Church Street S.E. Minneapolis, MN 55455",1,,,no
"Department of Biostatistics and Bioinformatics, University of Minnesota Masonic Cancer Center, Minneapolis, MN, USA",1,Masonic Cancer Center,I4390039358,yes
"Department of Biostatistics, 3M Center, 270-2S-06, St. Paul, MN 55144-1000, USA",1,3M (United States),I1340755506,no
"Department of Botany and Genetics, University of Guelph College of Biological Sciences, Guelph, Canada",1,University of Guelph,I79817857,no
"Department of Botany, University of Minesota, St. Paul, MN 55198, U.S.A",1,,,no
"Department of Botany, University of Minesota, St. Paul, Minnesota 55108, USA",1,,,no
"Department of Botany, University of Minne-sota, 220 Biological Sciences Center, 1445 Gortner Ave., St. Paul, MN 55108",1,University of Minnesota System,I2800403580,no
"Department of Business Administration, College of Economics and Business Administration, Islamic University of Minnesota, Minneapolis, Minnesota, USA",1,Islamic University of Minnesota,I4405261387,no
"Department of Cardiology, University Hospital Eppendorf, Minneapolis, USA",1,,,no
"Department of Cardiovascular Medicine, Minnesota, USA",1,,,no
"Department of Chemical Engineering & Materials Science, The Biomedical Engineering Institute, Minneapolis, Minnesota, 55455, USA",1,,,no
"Department of Chemical Engineering and Materials Science, Minnesota Supercomputing Institute, Minneapolis, MN 55455, USA",1,Minnesota Supercomputing Institute,I4400573273,no
"Department of Chemical Engineering and Materials Science, University of Minesota, Minneapolis, MN 55455, U.S.A",1,University of Minnesota System,I2800403580,no
"Department of Chemical Engineering, University of Minnesota, Duluth, U.S.A",1,"University of Minnesota, Duluth",I4210115145,no
"Department of Chemistry University of Minesota, Minneapolis, Minnesota, U.S.A",1,,,no
"Department of Chemistry University of Minnesota, Duluth",1,"University of Minnesota, Duluth",I4210115145,no
"Department of Chemistry and Biochemistry, College of Science and Engineering, University of Minnesota-Duluth, Duluth, USA",1,"University of Minnesota, Duluth",I4210115145,no
"Department of Chemistry and Biochemistry, University of Minnesota Duluth, 1039 University Dr., Duluth, MN 55812, USA, Fax: +1‐218‐726‐7394, http://www.d.umn.edu/~vnemykin/http://www.d.umn.edu/~vzhdanki/",1,"University of Minnesota, Duluth",I4210115145,no
"Department of Chemistry and Biochemistry, University of Minnesota Duluth, 1039 University Drive,Duluth,United States",1,"University of Minnesota, Duluth",I4210115145,no
"Department of Chemistry and Biochemistry, University of Minnesota Duluth, Duluth, MN 55812, USA, Fax: (+1)-218-726-7394; phone: (+1)-218-726-6729",1,"University of Minnesota, Duluth",I4210115145,no
"Department of Chemistry and Biochemistry, University of Minnesota Duluth, Duluth, MN 55812, USA, Fax: (+1)‐218‐726‐7394",1,"University of Minnesota, Duluth",I4210115145,no
"Department of Chemistry and Biochemistry, University of Minnesota Duluth, Duluth, MN 55812, USA, Fax: (+1)‐218‐726‐7394; phone: (+1)‐218‐726‐6729",1,"University of Minnesota, Duluth",I4210115145,no
"Department of Chemistry and Biochemistry, University of Minnesota Duluth,Duluth,USA",1,"University of Minnesota, Duluth",I4210115145,no
"Department of Chemistry and Biochemistry, University of Minnesota,Duluth,USA",1,"University of Minnesota, Duluth",I4210115145,no
"Department of Chemistry, Biology, and Biochemistry and Molecular Biology, University of Minnesota, Duluth, Minnesota 55812",1,"University of Minnesota, Duluth",I4210115145,no
"Department of Chemistry, Saint Mary's University of Minnesota,Winona,USA",1,Saint Mary's University of Minnesota,I4210147856,no
"Department of Chemistry, St. Cloud State University of Minnesota, St. Cloud, Minnesota 56301",1,St. Cloud State University,I173963315,no
"Department of Chemistry, University of Kaiserslautern, Division of Food Chemistry and Environmental Toxicology, Erwin Schrödinger Strasse, D-67663 Kaiserslautern, Germany, Division of Chemical Carcinogenesis, American Health Foundation, Valhalla, New York 10595, Department of Biochemistry and Center in Molecular Toxicology, Vanderbilt University School of Medicine, Nashville, Tennessee 37232, and University of Minnesota Cancer Center, Minneapolis Minnesota 55455",1,University of Kaiserslautern | Vanderbilt University | Institute for Cancer Prevention | Masonic Cancer Center,I153267046 I200719446 I4210167017 I4390039358,yes
"Department of Chemistry, University of Minesota, Minneapolis, MN, USA",1,,,no
"Department of Chemistry, University of Minnesota Duluth, 1303 Ordean Court,Duluth,USA",1,"University of Minnesota, Duluth",I4210115145,no
"Department of Chemistry, University of Minnesota Duluth, Duluth, MN, 55812‐3020, USA",1,"University of Minnesota, Duluth",I4210115145,no
"Department of Chemistry, University of Minnesota State University of New York at Albany, USA",1,"University at Albany, State University of New York | State University of New York",I392282 I1327163397,no
"Department of Chemistry, University of Minnesota, Duluth, Duluth",1,"University of Minnesota, Duluth",I4210115145,no
"Department of Chemistry, University of Minnesota, Duluth, Duluth 12, Minnesota, USA",1,"University of Minnesota, Duluth",I4210115145,no
"Department of Civil Engineering, University of Minnesota Duluth, Duluth, MN#N#55812,#N#USA",1,"University of Minnesota, Duluth",I4210115145,no
"Department of Civil Engineering, University of Minnesota at Duluth, Duluth, MN, USA",1,"University of Minnesota, Duluth",I4210115145,no
"Department of Clinical Neuroscience and Department of Medicine, Karolinska Institutet, Stockholm, Sweden; Department of Neurological Surgery, Thomas Jefferson University, Philadelphia, Pennsylvania; Department of Neurological Surgery, University Hospitals Cleveland Medical Center, Cleveland, Ohio; Department of Neurology, University of Kansas Medical Center, Kansas City, Kansas; Department of Neurosurgery, Copenhagen University Hospital Rigshospitalet, Denmark; Department of Neurosurgery, Duke University Medical Center, Durham, North Carolina; Department of Neurosurgery, Karolinska University Hospital, Stockholm, Sweden; Department of Neurosurgery, Neurological Institute, Cleveland Clinic, Cleveland, Ohio; Department of Neurosurgery, University of California San Diego, San Diego, California; Department of Neurosurgery, University of Minnesota, Minneapolis, Minnesota; Department of Neurosurgery, Wake Forest School of Medicine, Winston-Salem, North Carolina; Department of Neurosurgery, Washington University, St. Louis, Missouri; Division of Neurosurgery, University of British Columbia, Vancouver, Canada; Orlando Neurosurgery, Orlando, Florida",1,Karolinska Institutet | Thomas Jefferson University | Duke University | Cleveland Clinic | Karolinska University Hospital | University Hospitals of Cleveland | Copenhagen University Hospital | Rigshospitalet | University Hospitals Cleveland Medical Center | Duke Medical Center | University of Kansas Medical Center,I28166907 I149251103 I170897317 I1316902750 I1335113835 I2799343972 I2802567020 I2802709434 I4210108791 I4210126298 I4210128618,no
"Department of Clinical Neurosciences and the Hotchkiss Brain Institute, University of Calgary, Calgary, Alberta, Canada; Department of Neurological Surgery and the Miami Project to Cure Paralysis, University of Miami Miller School of Medicine, Miami, Florida; Department of Neurological Surgery, Northwestern Feinberg School of Medicine, Chicago, Illinois; Department of Neurological Surgery, Thomas Jefferson University Hospital, Philadelphia, Pennsylvania; Department of Neurosurgery, Icahn School of Medicine at Mount Sinai, New York, New York; Department of Neurosurgery, Medical College of Wisconsin, Milwaukee, Wisconsin; Department of Neurosurgery, University Hospital Basel, Basel, Switzerland; Department of Neurosurgery, University of Maryland, College Park, Maryland; Department of Neurosurgery, University of Michigan, Ann Arbor, Michigan; Department of Neurosurgery, University of Minnesota, Minneapolis, Minnesota; Department of Neurosurgery, University of Pittsburgh, Pittsburgh, Pennsylvania; Department of Neurosurgery, University of Texas Health Science Center, Austin, Texas; Division of Neurosurgery and Spinal Program, University Health Network, University of Toronto, Toronto, Ontario, Canada; Stem Cells Inc., Newark, California",1,Icahn School of Medicine at Mount Sinai | University of Miami | Thomas Jefferson University | University of Calgary | Medical College of Wisconsin | Thomas Jefferson University Hospital | Hotchkiss Brain Institute,I98704320 I145608581 I149251103 I168635309 I204308271 I2799360765 I4405260330,no
"Department of Clinical Sciences, University of Minnesota-Duluth, School of Medicine, Duluth, USA",1,"University of Minnesota, Duluth",I4210115145,no
"Department of Clinical and Population Sciences, 225K Veterinary Teaching Hospitals, 1365 Gortner Avenue, St. Paul, MN 55108, USA. malon001@tc.umn.edu",1,,,no
"Department of Communication, University of Minnesota Duluth, Duluth, MN, US",1,"University of Minnesota, Duluth",I4210115145,no
"Department of Composition, University of Minnesota, Duluth, USA",1,"University of Minnesota, Duluth",I4210115145,no
"Department of Composition, University of Minnesota-Duluth, Duluth,",1,"University of Minnesota, Duluth",I4210115145,no
"Department of Computer Engineering, University of Minnesota, Duluth, 10 University Drive, 271 MWAH, Duluth, Minnesota, 55812, USA#TAB#",1,"University of Minnesota, Duluth",I4210115145,no
"Department of Computer Engineering, University of Minnesota, Duluth, Duluth",1,"University of Minnesota, Duluth",I4210115145,no
"Department of Computer Science ,  Islamic University of Minnesota ,  Minneapolis ,  USA",1,Islamic University of Minnesota,I4405261387,no
"Department of Computer Science University of Minnesota Duluth Duluth, MN 55812 U.S.A. E-mail: chris@cprince.com",1,"University of Minnesota, Duluth",I4210115145,no
"Department of Computer Science, Institute of Technology, Minneapolis, MN, 55455, USA",1,,,no
"Department of Computer Science, The University of Minnesota Duluth, Duluth, MN",1,"University of Minnesota, Duluth",I4210115145,no
"Department of Computer Science, University of Minesott, Minneapolis, MN 55455, USA",1,,,no
"Department of Computer Science, University of Minnesota - Duluth, 320 Heller Hall, Duluth, Minnesota#TAB#",1,"University of Minnesota, Duluth",I4210115145,no
"Department of Computer Science, University of Minnesota Duluth, 320 Heller Hall, 1114 Kirby Dr., Duluth, MN",1,"University of Minnesota, Duluth",I4210115145,no
"Department of Computer Science, University of Minnesota Duluth, Duluth, MN 55812, (218) 726-7607,",1,"University of Minnesota, Duluth",I4210115145,no
"Department of Computer Science, University of Minnesota-Duluth, 320 Heller Hall, 1114 Kirby Drive, Duluth, MN#TAB#",1,"University of Minnesota, Duluth",I4210115145,no
"Department of Computer Science, University of Minnesota-Duluth, Duluth, USA 55812#TAB#",1,"University of Minnesota, Duluth",I4210115145,no
"Department of Counseling Psychology, St. Mary's University of Minnesota, Minneapolis, MN, USA",1,Saint Mary's University of Minnesota,I4210147856,no
"Department of Counseling Psychology, St. Mary’s University of Minnesota, Minneapolis, MN, USA",1,Saint Mary's University of Minnesota,I4210147856,no
"Department of Criminology, University of Maryland, Minneapolis, USA",1,,,no
"Department of Curriculum, Instruction, and Special Education, University of Virginia. Clayton Keller is affiliated with Education and Human Service Professions, University of Minnesota at Duluth ",1,"University of Virginia | University of Minnesota, Duluth",I51556381 I4210115145,no
"Department of Dermatology, Box 98 University Hospital, 420 Delaware Street S.E., Minneapolis, Minnesota 55455, U.S.A",1,,,no
"Department of Earth Sciences Minnesota Geological Survey University of Minneapolis Minneapolis , MN",1,,,no
"Department of Earth and Environmental Sciences, Large Lakes Observatory University of Minnesota, Duluth  Duluth Minnesota USA",1,"University of Minnesota, Duluth",I4210115145,no
"Department of Ecology and Behavioral Biology, 318 Church Street South East University of Minnesota, Minneapolis, Minnesota 55455, USA",1,,,no
"Department of Ecology, Evolution and Behaviour, University of M innesota, 1987 Upper Buford Circle, St Paul, M N 55108-6097, USA",1,,,no
"Department of Ecology, Evolution, and Behavior University Minnesota  Saint Paul Minnesota USA",1,,,no
"Department of Ecology, Evolution, and Behavior; and J.E Bell Museum of Natural History. University of Min-nesota, 1987 Upper Buford Circle, St. Paul, MN 55108",1,Bell Museum of Natural History,I4387152231,yes
"Department of Economics , University of Minnesota Duluth , 112 Library Drive, 165 SBE, Duluth, MN 55812, USA E-mail: ddoorn@d.umn.edu",1,"University of Minnesota, Duluth",I4210115145,no
"Department of Economics Department of Economics Univeristy of Chicago University of Minnesota 1126 East 59 thStreet 271 19 thAvenue South Chicago , IL 60637 Minneapolis , MN 55455",1,,,no
"Department of Economics Department of Economics University of Oslo University of Minnesota , and",1,University of Oslo,I184942183,no
"Department of Economics Department of Economics University of Oslo University of Minnesota, and CEPR Federal Reserve Bank of Minneapolis,",1,University of Oslo | Federal Reserve Bank of Minneapolis,I184942183 I1341575764,no
"Department of Economics Hubert Humphrey School of Public Policy University of Houston University of Minnesota Houston, TX 77204 Minneapolis, MN 55455",1,University of Houston,I44461941,no
"Department of Economics, 165 Labovitz School of Business and Economics, University of Minnesota Duluth, 412 Library Drive, Duluth, MN 55812. E-mail: rraab1@d.umn.edu",1,"University of Minnesota, Duluth",I4210115145,no
"Department of Economics, University of Bologna, Minneapolis, USA",1,University of Bologna,I9360294,no
"Department of Economics, University of Minnesota-Morris, Morris",1,University of Minnesota Morris,I4210162301,no
"Department of Economics, University of Minnesota‐Duluth, Duluth, MN, USA",1,"University of Minnesota, Duluth",I4210115145,no
"Department of Education,University of Minnesota at Duluth",1,"University of Minnesota, Duluth",I4210115145,no
"Department of Educational Administration, Islamic University of Minnesota, Minneapolis, USA; Department of Administrative Sciences, Leeds Professional University, Maryland, USA",1,Islamic University of Minnesota,I4405261387,no
"Department of Educational Psychology, University of Minnesota, Duluth, MN, US",1,"University of Minnesota, Duluth",I4210115145,no
"Department of Educational Sciencest, The Islamic University of Minnesota, Minnesota, USA",1,Islamic University of Minnesota,I4405261387,no
"Department of Electrical Engineering and Computer Sciences, University of California, Minneapolis, MN, USA",1,University of California System,I2803209242,no
"Department of Electrical Engineering, Minneapolis, Minnesota 55455, USA",1,,,no
"Department of Electrical Engineering, University of California, Minneapolis, MN, USA",1,University of California System,I2803209242,no
"Department of Electrical Engineering, University of Florida, Minneapolis, MN, USA",1,University of Florida,I33213144,no
"Department of Electrical Engineering, University of Maryland, Minneapolis, MN, USA",1,,,no
"Department of Electrical Engineering, University of Minnesota, Duluth, 55812 USA",1,"University of Minnesota, Duluth",I4210115145,no
"Department of Electrical and Computer Engineering & The Center for Micromagnetics and Information Technology (MINT) , , 200 Union St. SE, 4-174 EE/CSci, Minneapolis, Minnesota 55455, USA",1,,,no
"Department of Electrical and Computer Engineering, University of MinneSota, USA",1,,,no
"Department of Electrical and Computer Engineering, University of Minnesota Duluth, Duluth, MN#TAB#",1,"University of Minnesota, Duluth",I4210115145,no
"Department of Electrical and Computer Engineering, University of Minnesota Duluth, USA, 55812",1,"University of Minnesota, Duluth",I4210115145,no
"Department of Electrical and Computer Engineering, University of Minnesota, Duluth, Duluth",1,"University of Minnesota, Duluth",I4210115145,no
"Department of Electrical and Computer Engineering, University of Minnesota, Duluth, MN 55812-2496#TAB#",1,"University of Minnesota, Duluth",I4210115145,no
"Department of Electrical and Computer Engineering,University of Minnesota Duluth, MN 55812",1,"University of Minnesota, Duluth",I4210115145,no
"Department of Electronics and Communication Engineering, N.B.K.R. Institute of Science & Technology, Vidyanagar, Andhra Pradesh, 524413, India 2 Department of Teleinformatics Engineering, Federal University of Ceará, Fortaleza, 60455-970, Brazil 3 Information Technology Department, College of Computer and Information Sciences, Princess Nourah bint Abdulrahman University, Riyadh, 84428, Saudi Arabia 4 Department of Mathematics, Faculty of Science, Zagazig University, Zagazig, 44519, Egypt 5 Faculty of Computer Science and Engineering, Galala University, Suez, 435611, Egypt 6 Artificial Intelligence Research Center (AIRC), College of Engineering and Information Technology, Ajman University, Ajman, United Arab Emirates 7 Department of Electrical and Computer Engineering, Lebanese American University, Byblos, 13-5053, Lebanon 8 Department of Avionics, Indian Institute of Space Science and Technology, Thiruvananthapuram, Kerala, 695547, India 9 Department of Veterinary Clinical Sciences, University of Minnesota, St. Paul, Minnesota, 55108, USA",1,Princess Nourah bint Abdulrahman University | Zagazig University | Universidade Federal do Ceará,I106778892 I192398990 I243754102,no
"Department of Emergency Medicine, School of Medicine, University of Medicine, Minneapolis, MN, USA",1,University of Minnesota Medical Center,I4210135252,no
"Department of Emergency Medicine, School of Medicine, University of Medicine, Minneapolis, USA",1,University of Minnesota Medical Center,I4210135252,no
"Department of Entomology and Economic Zoology University Farm, St. Paul, Minnesota",1,,,no
"Department of Epidemiology, Universities of Pittsburgh, Minnesota, Minneapolis",1,University of Pittsburgh,I170201317,no
"Department of Faith and Contemporary Beliefs, Islamic University of Minnesota, Minnetonka, MN 55343, USA",1,Islamic University of Minnesota,I4405261387,no
"Department of Faith and Contemporary believes, Islamic University of Minnesota, Minnetonka, 55343, MN, United States",1,Islamic University of Minnesota,I4405261387,no
"Department of Family Social Science, 290 McNeal Hall, 1985 Buford Avenue, St. Paul, MN 55108",1,,,no
Department of Food Science and Engineering College of Biological Sciences and Technology Beijing Key Laboratory of Forest Food Process and Safety Beijing Forestry University Beijing 100083 China,1,Beijing Forestry University,I31683504,no
"Department of Food Science and Nutrition, Colleges of Human Ecology and Agricultural, Food, and Environmental Sciences, St. Paul, MN 55108",1,,,no
"Department of Food Science and Nutrition, Colleges of Human Ecology and Agricultural, Food, and Environmental Sciences, St. Paul, MN 55108, USA",1,,,no
"Department of Food Science ∓ Nutrition University of Minnesota , St. Paul, MN, 55108",1,,,no
"Department of Food Science, College of Biological Sciences and Biotechnology , Beijing Forestry University , Qinghua East Road 35 in Haidian District, 100083 , Beijing , China",1,Beijing Forestry University,I31683504,no
"Department of Forest Resources, University ofMinnesotaSt Paul, MN 55108-6112, USA",1,,,no
"Department of Genetics, Cell Biology and Development, 6-160 Jackson Hall, 321 Church St. SE Minneapolis, MN 55455, USA",1,,,no
"Department of Genetics, Cell Biology and Development, 6-160 Jackson Hall, 321 Church St. SE, Minneapolis, MN 55455, USA",1,,,no
"Department of Genetics, Cell Biology, and Development, The Masonic Cancer Center at the University of Minnesota, Minneapolis, MN, USA",1,Masonic Cancer Center,I4390039358,yes
"Department of Genetics, Cell Biology, and Development, The Masonic Cancer Center at the University of Minnesota, Minneapolis, USA",1,Masonic Cancer Center,I4390039358,yes
"Department of Genetics, Development & Cell Biology, 1043 Roy J. Carver Co-Laboratory, 2 Interdepartmental Graduate Program in Bioinformatics & Computational Biology, 2114 Molecular Biology Building, Iowa State University, Ames, Iowa 50011, 3 Molecular Pathology Unit, Center for Cancer Research and Center for Computational and Integrative Biology, Massachusetts General Hospital, 149 13th Street, Charlestown, MA 02129, 4 Department of Pathology, Harvard Medical School, Boston, MA 02115, 5 Department of Computer Science, 227 Atanasoff Hall, Iowa State University, Ames, IA 50011 and 6 Department of Genetics, Cell Biology & Development and Center for Genome Engineering, 321 Church Street SE, University of Minnesota, MN 55455, USA",1,"Harvard University | Iowa State University | Massachusetts General Hospital | Center for Cancer Research | Center for Computational and Integrative Biology, Massachusetts General Hospital",I136199984 I173911158 I4210087915 I4210149717 I4405271026,no
"Department of GeoSpatial Services, St. Mary’s University of Minnesota, Winona, USA",1,Saint Mary's University of Minnesota,I4210147856,no
"Department of Geography, Urban, Environment and Sustainability Studies, University of Minnesota-Duluth, Duluth, MN, USA#TAB#",1,"University of Minnesota, Duluth",I4210115145,no
"Department of Geological Sciences and Large Lakes Observatory, University of Minnesota Duluth, 10 University Drive, Duluth, MN 55812, USA;",1,"University of Minnesota, Duluth",I4210115145,no
"Department of Geological Sciences and Large Lakes Observatory, University of Minnesota, Duluth, Minnesota, USA",1,"University of Minnesota, Duluth",I4210115145,no
"Department of Geological Sciences, University of Minnesota Duluth, 1114 Kirby Dr., Duluth, MN 55812, USA (E‐mail: jswenso2@d.umn.edu)",1,"University of Minnesota, Duluth",I4210115145,no
"Department of Geological Sciences, University of Minnesota, Duluth MN 55812, USA (jgrant@d.umn.edu)",1,"University of Minnesota, Duluth",I4210115145,no
"Department of Geological Sciences, University of Minnesota, Duluth, MN, USA (jgrant@d.umn.edu)",1,"University of Minnesota, Duluth",I4210115145,no
Department of Geological Sciences; University of Minnesota; Duluth; MN; USA,1,"University of Minnesota, Duluth",I4210115145,no
"Department of Geology and Large Lakes Laboratory, University of Minnesota‐Duluth",1,"University of Minnesota, Duluth",I4210115145,no
"Department of Geology, University of Minnesota‐Duluth, Duluth, MN 55812‐2496, USA",1,"University of Minnesota, Duluth",I4210115145,no
"Department of Geology, University of Minnesota–Morris",1,University of Minnesota Morris,I4210162301,no
"Department of Geosciences, University of Minnesota‐Duluth, Duluth, Minnesota",1,"University of Minnesota, Duluth",I4210115145,no
"Department of Hematology, Oncology and Transplantation, University of Minnesota Masonic Cancer Center, Minneapolis, Minnesota, USA",1,Masonic Cancer Center,I4390039358,yes
"Department of History, St. Mary's University of Minnesota",1,Saint Mary's University of Minnesota,I4210147856,no
"Department of Horticulture, University of Wisconsin-Madison, St. Paul, MN, USA",1,University of Wisconsin–Madison,I135310074,no
Department of Human Health and Nutritional Sciences College of Biological Sciences University of Guelph Guelph Ontario Canada,1,University of Guelph,I79817857,no
"Department of Human Kinetics, College of Biological Sciences, Guelph, Canada",1,University of Guelph,I79817857,no
"Department of Human, University of Minnesota Medical Center, Minneapolis, Minnesota",1,University of Minnesota Medical Center,I4210135252,no
"Department of Humanities, University of Minnesota-Duluth, Duluth,",1,"University of Minnesota, Duluth",I4210115145,no
"Department of Industrial and Ecological Chemistry, Moldova State University, 60 A. Mateevici Street, Chisinau, Moldova, and University of Minnesota Cancer Center, Mayo Mail Code 806, 420 Delaware Street Southeast, Minneapolis, Minnesota 55455",1,Moldova State University | Masonic Cancer Center,I29920723 I4390039358,yes
"Department of Industrial and Ecological Chemistry, Moldova State University, MD-2009 Chisinau, Moldova, and University of Minnesota Cancer Center, Mayo Mail Code 806, 420 Delaware Street Southeast, Minneapolis, Minnesota 55455",1,Moldova State University | Masonic Cancer Center,I29920723 I4390039358,yes
"Department of Information and Agricultural Journalism Institute of Agriculture University of l1innesota St. Paul , Minnesota 55101",1,,,no
"Department of Internal Medicine, Minneapolis, Minnesota, USA,",1,,,no
"Department of Internal Medicine, Minnesota, USA",1,,,no
"Department of Laboratory Medicine & Pathology, Minneapolis, Minnesota 55455, USA. henry039@umn.edu",1,,,no
"Department of Laboratory Medicine and Pathology (M.D.G.); Minneapolis, Minnesota 55455",1,,,no
"Department of Laboratory Medicine and Pathology , Minneapolis, Minnesota 55455",1,,,no
"Department of Laboratory Medicine and Pathology , Minnesota",1,,,no
"Department of Laboratory Medicine and Pathology From the and the , Minneapolis, Minnesota 55455",1,,,no
"Department of Laboratory Medicine and Pathology, Minneapolis, MN 55417, U.S.A",1,,,no
"Department of Laboratory Medicine and Pathology, Minneapolis, MN, USA. koobx001@umn.edu",1,,,no
"Department of Laboratory Medicine and Pathology, UMHC, Minneapolis, MN 55455, USA",1,,,no
"Department of Laboratory Medicine and Pathology, University Hospital, Minneapolis, MN",1,University of Minnesota Medical Center,I4210135252,no
"Department of Laboratory Medicine and Pathology, University Hospital, Minneapolis, MN 55455",1,University of Minnesota Medical Center,I4210135252,no
"Department of Laboratory Medicine and Pathology, University Hospital, Minneapolis, MN 55455 USA",1,University of Minnesota Medical Center,I4210135252,no
"Department of Laboratory Medicine and Pathology, University Hospital, Minneapolis, MN 55455, USA",1,University of Minnesota Medical Center,I4210135252,no
"Department of Laboratory Medicine and Pathology, University Hospital, Minneapolis, Minnesota",1,University of Minnesota Medical Center,I4210135252,no
"Department of Laboratory Medicine and Pathology, University Hospital, Minneapolis, Minnesota 55455",1,University of Minnesota Medical Center,I4210135252,no
"Department of Laboratory Medicine and Pathology, University of Minaesota, 55455, Minneapolis, Minnesota",1,,,no
"Department of Laboratory Medicine and Pathology, University of Minnesota Masonic Cancer Center",1,Masonic Cancer Center,I4390039358,yes
"Department of Laboratory Medicine and Pathology, University of Minnesota Masonic Cancer Center , Minneapolis, MN, USA and",1,Masonic Cancer Center,I4390039358,yes
"Department of Laboratory Medicine and Pathology, University of Minnesota Masonic Cancer Center, Minneapolis, MN, USA and",1,Masonic Cancer Center,I4390039358,yes
"Department of Laboratory Medicine and Pathology, University of Minnesota Masonic Cancer Center, Minneapolis, MN;",1,Masonic Cancer Center,I4390039358,yes
"Department of Laboratory Medicine and Pathology, University of Minnesota Masonic Cancer Center, University of Minnesota Medical School, Minneapolis",1,Masonic Cancer Center,I4390039358,yes
"Department of Laboratory Medicine and Pathology, University of Minnesota Masonic Cancer Center, University of Minnesota Medical School, Minneapolis 55455, USA",1,Masonic Cancer Center,I4390039358,yes
"Department of Laboratory Medicine, UMHC, Minneapolis 55455",1,,,no
"Department of Laboratory Medicine, University Hospital, Minneapolis, MN 55455 U.S.A",1,University of Minnesota Medical Center,I4210135252,no
"Department of Laboratory Medicine, University Hospital, Minneapolis, MN, USA",1,University of Minnesota Medical Center,I4210135252,no
"Department of Mathematical Sciences University of Minnesota-Duluth Duluth, MN 55812 USA",1,"University of Minnesota, Duluth",I4210115145,no
"Department of Mathematics and Statistics, 140 Campus Center, University of Minnesota–Duluth, 10 University Drive, Duluth, Minnesota 55812‐2496, USA",1,"University of Minnesota, Duluth",I4210115145,no
"Department of Mathematics and Statistics, 140 Solon Campus Center, University of Minnesota - Duluth, 1117 University Dr., Duluth, MN 55812-3000, USA#TAB#",1,"University of Minnesota, Duluth",I4210115145,no
"Department of Mathematics and Statistics, University of Minnesota Duluth, 10 University Drive, Duluth, Minnesota 55812-3000",1,"University of Minnesota, Duluth",I4210115145,no
"Department of Mathematics and Statistics, University of Minnesota Duluth, 1117 University Dr., Duluth, MN 55812, USA#TAB#",1,"University of Minnesota, Duluth",I4210115145,no
"Department of Mathematics and Statistics, University of Minnesota Duluth, 1117 University Drive, Duluth, MN 55812, USA (e-mail: dfroncek@d.umn.edu)#TAB#",1,"University of Minnesota, Duluth",I4210115145,no
"Department of Mathematics and Statistics, University of Minnesota Duluth, 1117 University Drive, Duluth, MN 55812-3000, USA#TAB#",1,"University of Minnesota, Duluth",I4210115145,no
"Department of Mathematics and Statistics, University of Minnesota Duluth, Solon Campus Center 140, 1117 University Drive, Duluth, MN 55812-3000, USA#TAB#",1,"University of Minnesota, Duluth",I4210115145,no
"Department of Mathematics and Statistics, University of Minnesota Duluth, Solon Campus Center 140, 1117 University Drive, Duluth, MN 55812-3000, United States#TAB#",1,"University of Minnesota, Duluth",I4210115145,no
"Department of Mathematics and Statistics, University of Minnesota, Duluth, MN 55812, United States#TAB#",1,"University of Minnesota, Duluth",I4210115145,no
"Department of Mathematics and Statistics, University of Minnesota, Duluth, MN 55812-2496, US",1,"University of Minnesota, Duluth",I4210115145,no
"Department of Mathematics and Statistics, University of Minnesota, Duluth, Minnesota 55812-2496, U.S.A. zliu@d.umn.edu., US",1,"University of Minnesota, Duluth",I4210115145,no
"Department of Mathematics and Statistics, University of Minnesota-Duluth, Duluth, MN",1,"University of Minnesota, Duluth",I4210115145,no
"Department of Mathematics and Statistics, University of Minnesota-Duluth, Duluth, MN 55812#8211;2496, USA",1,"University of Minnesota, Duluth",I4210115145,no
"Department of Mathematics, Beijing Jiaotong University, Beijing, China; Department of Mathematics and Statistics, University of Minnesota Duluth, Duluth, Minnesota, United States",1,"Beijing Jiaotong University | University of Minnesota, Duluth",I21193070 I4210115145,no
"Department of Mathematics, Computer Science, and Statistics Saint Mary's University of Minnesota Winona MN USA",1,Saint Mary's University of Minnesota,I4210147856,no
"Department of Mathematics, Tel Aviv University, Minneapolis, MN, USA",1,Tel Aviv University,I16391192,no
"Department of Mathematics, University of Minneasota, 127 Vincent Hall, 206 Church St. S.E, Minneapolis, MN 55455, USA",1,,,no
"Department of Mechanical Engineering, 111 Church St. S.E., Minneapolis, Minnesota 55455, U.S",1,,,no
"Department of Mechanical and Industrial Engineering , University of Minnesota , Duluth, Minnesota",1,"University of Minnesota, Duluth",I4210115145,no
"Department of Mechanical and Industrial Engineering, University of Minnesota Duluth, Duluth, MN 55812-3042#TAB#",1,"University of Minnesota, Duluth",I4210115145,no
"Department of Mechanical and Industrial Engineering, University of Minnesota Duluth,#N#Duluth, MN 55812,#N#USA",1,"University of Minnesota, Duluth",I4210115145,no
"Department of Mechanical and Industrial Engineering, University of Minnesota, Duluth#TAB#",1,"University of Minnesota, Duluth",I4210115145,no
"Department of Mechanical and Industrial Engineering, University of Minnesota, Duluth, MN",1,"University of Minnesota, Duluth",I4210115145,no
"Department of Mechanical and Industrial Engineering, University of Minnesota, Duluth, USA#TAB#",1,"University of Minnesota, Duluth",I4210115145,no
"Department of Mechanical and Production Engineering, University of Minnesota, Duluth, MN 55812 USA",1,"University of Minnesota, Duluth",I4210115145,no
"Department of Mechanical/Industrial Engineering, University of Minnesota, Duluth, MN, USA",1,"University of Minnesota, Duluth",I4210115145,no
"Department of Medical Microbiology & Immunology, School of Medicine, University of Minnesota, Duluth, Duluth, MN 55812",1,"University of Minnesota, Duluth",I4210115145,no
"Department of Medical and Molecular Physiology, University of Minnesota, Duluth, School of Medicine, Duluth MN 55812 USA",1,"University of Minnesota, Duluth",I4210115145,no
"Department of Medicinal Chemistry, University of Minnesota Cancer Center, Minneapolis, Minnesota 55455, and Department of Chemistry, Rutgers University, Piscataway, New Jersey 08854",1,"Rutgers, The State University of New Jersey | Masonic Cancer Center",I102322142 I4390039358,yes
"Department of Medicine (Division of Hematology, Oncology, and Transplantation) and Pharmacology, University of Minnesota Masonic Cancer Center, Minneapolis, MN 55455, USA",1,Masonic Cancer Center,I4390039358,yes
"Department of Medicine (Division of Hematology, Oncology, and Transplantation) and Pharmacology, University of Minnesota Masonic Cancer Center, Minneapolis, MN 55455, USA. Electronic address: lange047@umn.edu",1,Masonic Cancer Center,I4390039358,yes
"Department of Medicine , Box 36 UMHC , Harvard Street at East River Road , Minneapolis , Minnesota 55455 ",1,,,no
Department of Medicine Cardiovascular Division University of Minnesota Medical Center Minneapolis MN,1,University of Minnesota Medical Center,I4210135252,no
"Department of Medicine University of Minnesota, Masonic Cancer Center Minneapolis Minnesota USA",1,Masonic Cancer Center,I4390039358,yes
"Department of Medicine, Box 36 UMHC, Harvard Street at East River Road, Minneapolis, Minnesota 55455",1,,,no
"Department of Medicine, Division of Endocrinology and Metabolism and Department of Cell Biology and Neuroanatomy, Minneapolis, Minnesota 55455",1,,,no
"Department of Medicine, Division of Hematology, Oncology, and Transplantation, Masonic Cancer Center University of Minnesota Masonic Cancer Center Minneapolis Minnesota",1,Masonic Cancer Center,I4390039358,yes
"Department of Medicine, Division of Hematology, Oncology, and Transplantation, Masonic Cancer Center, University of Minnesota Masonic Cancer Center, Minneapolis, Minnesota",1,Masonic Cancer Center,I4390039358,yes
"Department of Medicine, Division of Hematology, Oncology, and Transplantation, University of Minnesota Masonic Cancer Center, MMC 806, 420 Delaware St. SE, Minneapolis, MN, 55455, USA",1,Masonic Cancer Center,I4390039358,yes
"Department of Medicine, Division of Hematology, Oncology, and Transplantation, University of Minnesota Masonic Cancer Center, Minneapolis, MN",1,Masonic Cancer Center,I4390039358,yes
"Department of Medicine, Division of Hematology, Oncology, and Transplantation, University of Minnesota Masonic Cancer Center, Minneapolis, MN 55455, USA;",1,Masonic Cancer Center,I4390039358,yes
"Department of Medicine, Division of Hematology, Oncology, and Transplantation, University of Minnesota Masonic Cancer Center, Minneapolis, Minnesota",1,Masonic Cancer Center,I4390039358,yes
"Department of Medicine, Division of Hematology, Oncology, and Transplantation, Women's Cancer Program, University of Minnesota Masonic Cancer Center, Minneapolis, MN 55455, United States",1,Masonic Cancer Center,I4390039358,yes
"Department of Medicine, Division of Hematology, Oncology, and Transplantation, and Department of Pharmacology, University of Minnesota Masonic Cancer Center, Minneapolis, MN 55455",1,Masonic Cancer Center,I4390039358,yes
"Department of Medicine, Division of Pulmonary, Allergy, Critical Care and Sleep Medicine, Minneapolis, MN, USA. Electronic address: choch002@umn.edu",1,,,no
"Department of Medicine, Minneapolis, MN 55455, U.S.A",1,,,no
"Department of Medicine, Minneapolis, MN, U.S.A",1,,,no
"Department of Medicine, Minneapolis, Minnesota",1,,,no
"Department of Medicine, Minneapolis, Minnesota, 55455",1,,,no
"Department of Medicine, University Hospital, Minneapolis, MN, USA",1,University of Minnesota Medical Center,I4210135252,no
"Department of Medicine, University Hospital, Minneapolis, MN, USA. skubi001@umn.edu",1,University of Minnesota Medical Center,I4210135252,no
"Department of Medicine, University Hospital, Minneapolis, Minnesota",1,University of Minnesota Medical Center,I4210135252,no
"Department of Medicine, University Hospital, Minneapolis, Minnesota 55455",1,University of Minnesota Medical Center,I4210135252,no
"Department of Medicine, University Hospitals, Minneapolis, Minnesota 55455",1,University of Minnesota Medical Center,I4210135252,no
"Department of Medicine, University of Medicine, Minneapolis, Minnesota, USA",1,,,no
"Department of Medicine, University of Minne-sbta Hospitals, Box 172 Mayo, Minneapolis, Minnesota 55455",1,,,no
"Department of Medicine, University of Minnesota Cancer Center, Minneapolis, MN USA",1,Masonic Cancer Center,I4390039358,yes
"Department of Medicine, University of Minnesota Cancer Center, Minneapolis, MN, USA",1,Masonic Cancer Center,I4390039358,yes
"Department of Medicine, University of Minnesota Masonic Cancer Center, Minneapolis",1,Masonic Cancer Center,I4390039358,yes
"Department of Medicine, University of Minnesota Masonic Cancer Center, Minneapolis, MInnesota, United States of America",1,Masonic Cancer Center,I4390039358,yes
"Department of Medicine, University of Minnesota Masonic Cancer Center, Minneapolis, MN 55455, USA",1,Masonic Cancer Center,I4390039358,yes
"Department of Medicine, University of Minnesota Masonic Cancer Center, Minneapolis, MN,",1,Masonic Cancer Center,I4390039358,yes
"Department of Medicine, University of Minnesota Masonic Cancer Center, Minneapolis, MN, USA. dudek002@umn.edu",1,Masonic Cancer Center,I4390039358,yes
"Department of Medicine, University of Minnesota Masonic Cancer Center, Minneapolis, MN, USA. jhwang@umn.edu",1,Masonic Cancer Center,I4390039358,yes
"Department of Medicine, University of Minnesota Masonic Cancer Center, Minneapolis, Minnesota, USA",1,Masonic Cancer Center,I4390039358,yes
"Department of Medicine, University of Minnesota, Masonic Cancer Center",1,Masonic Cancer Center,I4390039358,yes
"Department of Medicine, University of Minnesota, Masonic Cancer Center, Minneapolis, MN 55455, USA",1,Masonic Cancer Center,I4390039358,yes
"Department of Medicine, University of Minnesota, Masonic Cancer Center, Minneapolis, MN, United States",1,Masonic Cancer Center,I4390039358,yes
"Department of Medicine, University of Minnesota, Masonic Cancer Center, Minneapolis, Minnesota, USA",1,Masonic Cancer Center,I4390039358,yes
"Department of Medicine; Minneapolis, Minnesota, USA",1,,,no
"Department of Microbiology College of Biological Sciences and Comprehensive Cancer Center The Ohio State University Columbus, Ohio 43210, USA",1,The Ohio State University,I52357470,no
"Department of Microbiology and Division of Sensory Biophysics, College of Biological Sciences, The Ohio State University, Columbus,",1,The Ohio State University,I52357470,no
"Department of Microbiology and Immunology, College of Biological Sciences, China Agricultural University, Key Laboratory of Agro-Microbial Resource and Application of Ministry of Agriculture, Beijing, People’s Republic of China",1,China Agricultural University,I52158045,no
"Department of Microbiology and Immunology, Minneapolis, MN, 55455 USA",1,,,no
"Department of Microbiology and Immunology, University of Minnesota‐Duluth School of Medicine, Duluth, MN 55812, USA",1,"University of Minnesota, Duluth",I4210115145,no
"Department of Microbiology and Program in Biophysics, College of Biological Sciences, Ohio State University, Columbus, Ohio 43210 USA",1,The Ohio State University,I52357470,no
"Department of Microbiology and Program in Biophysics, College of Biological Sciences, The Ohio State University, Columbus, Ohio 43210 USA",1,The Ohio State University,I52357470,no
"Department of Microbiology, College of Biological Sciences, China Agricultural University and Key Laboratory of Agro‐Microbial Resource and Application, Ministry of Agriculture, No. 2 Yuanmingyuan West Road, Beijing, 100094, PR China",1,China Agricultural University,I52158045,no
"Department of Microbiology, College of Biological Sciences,1 and",1,,,no
"Department of Microbiology, Mayo Clinic/Foundation, University of Minnesota, Rochester, USA",1,Mayo Clinic | University of Minnesota Rochester,I1330342723 I4210120349,no
"Department of Microbiology, Minneapolis, MN 55455, USA",1,,,no
"Department of Microbiology, Minneapolis, Minnesota 55455",1,,,no
"Department of Molecular Biology and Genetics, University of Guelph College of Biological Sciences, Guelph, Canada",1,University of Guelph,I79817857,no
"Department of Molecular Biology, College of Biological Sciences, China Agricultural University, Beijing, China",1,China Agricultural University,I52158045,no
"Department of Molecular Genetics, College of Biological Sciences and Comprehensive Cancer Center, The Ohio State University, Columbus, Ohio, United States of America",1,The Ohio State University,I52357470,no
"Department of Molecular Genetics, College of Biological Sciences, The Ohio State UniversityColumbus, OH",1,The Ohio State University,I52357470,no
"Department of Molecular Genetics, College of Biological Sciences; Comprehensive Cancer Center, The Ohio State University, Columbus, Ohio",1,The Ohio State University,I52357470,no
"Department of Molecular Genetics, College of Biological Sciences; Ohio State University, Columbus, OH",1,The Ohio State University,I52357470,no
"Department of Molecular and Cellular Biology, College of Biological Sciences, University of Guelph, Canada",1,University of Guelph,I79817857,no
"Department of Neurobiology, Physiology & Behavior, College of Biological Sciences, University of California, Davis, California",1,"University of California, Davis",I84218800,no
"Department of Neurobiology, Physiology & Behavior; College of Biological Sciences; University of California; Davis CA 95616 USA",1,"University of California, Davis",I84218800,no
"Department of Neurobiology, Physiology and Behavior, College of Biological Sciences, and Department of Ophthalmology and Vision Science, School of Medicine, University of California, Davis, USA",1,"University of California, Davis",I84218800,no
"Department of Neurology (MM, MSO, CF, GX, TA, SHS), McKnight Brain Institute, University of Florida, Gainesville, Florida; Department of Neurology (KPF, SMP), University of Utah, Salt Lake City, Utah; Department of Neurology (SP), University of California, Los Angeles, Los Angeles, California; Department of Neurology (GW), Emory University, Atlanta, Georgia; Department of Neurology (CG), University of Chicago, Chicago, Illinois; Department of Neurology (JS), Massachusetts General Hospital, Harvard Medical School; Department of Neurology (HP, VS), University of Michigan, Ann Arbor, Michigan; Department of Neurology (SY), Johns Hopkins University, Baltimore, Maryland; Department of Neurology (TZ), University of South Florida, Tampa, Florida; Department of Neurology (SHK, PM), Columbia University, New York, New York; and Department of Neurology (KB), University of Minnesota, Minneapolis, Minnesota",1,"University of Michigan | University of Florida | University of Chicago | Johns Hopkins University | Emory University | University of California, Los Angeles | University of Utah",I27837315 I33213144 I40347166 I145311948 I150468666 I161318765 I223532165,no
"Department of Neurology (MWK), SUNY Upstate Medical University, Syracuse, New York; Department of Neurology and Ophthalmology (BO), Georgetown University, Washington DC; Department of Ophthalmology & Visual Sciences (CAS), University of British Columbia, Vancouver, British Columbia, Canada; Department of Ophthalmology (AGR, MP, GTL, KSS, MAT), Scheie Eye Institute, University of Pennsylvania, Philadelphia, Pennsylvania; Department of Ophthalmology (CEF), University of Washington, Seattle, Washington; Department of Ophthalmology (GR), Cornell Medical Center, New York, New York; Department of Ophthalmology (IJ), University of Toronto, Toronto, Ontario, Canada; Department of Ophthalmology (RCS, MM), Wills Eye Hospital, Philadelphia, Pennsylvania; Department of Ophthalmology (RF), Baylor College of Medicine, Houston, Texas; Department of Ophthalmology (ZRW), Flaum Eye Institute, University of Rochester Medical Center, Rochester, New York; Department of Ophthalmology and Neurology (GPVS, IG-B), Washington University, St. Louis, Missouri; Department of Ophthalmology and Neurology (JJ-WC), Mayo Clinic, Rochester, New York; Department of Ophthalmology and Visual Neurosciences (CMM), University of Minnesota, Minneapolis, Minnesota; Department of Ophthalmology, University Hospital Virgen de la Victoria, Campus Teatinos, Málaga, Spain.; E-mail: [email protected]; Houston Methodist Ophthalmology Associates (AGL, SY, EP, MR), Houston, Texas; New England Eye Center (TRH), Tufts University, Boston, Massachusetts; The authors report no conflicts of interest",1,University of Rochester | SUNY Upstate Medical University | University of Pennsylvania | University of British Columbia | Georgetown University | University of Toronto | University of Washington | Cornell University,I5388228 I20388574 I79576946 I141945490 I184565670 I185261750 I201448701 I205783295,no
"Department of Neurology, Baylor College of Medicine, Houston (Peppel, Lin); Department of Neurology and Initiative of Columbia Ataxia and Tremor, Columbia University Medical Center, New York City (Lai, Amokrane, Kuo); Clinical Data Science GmbH, Basel, Switzerland (Rummey); Department of Neurology, Northwestern University, Chicago (Opal); Department of Neurology, Massachusetts General Hospital, Harvard Medical School, Boston (Schmahmann); Department of Neurology, University of Chicago, Chicago (Gomez); Department of Neurology, University of Michigan, Ann Arbor (Paulson, Srinivasan); Department of Neurology, University of South Florida, Tampa (Zesiewicz); Department of Neurology, University of California, Los Angeles, Los Angeles (Perlman); Department of Neurology, Emory University, Atlanta (Wilmot); Departments of Psychiatry and Behavioral Sciences (Ying, Onyike) and Neurology (Rosenthal), Johns Hopkins University, Baltimore; Department of Neurology, University of Minnesota, Minneapoli",1,University of South Florida | University of Michigan | University of Chicago | Northwestern University | Baylor College of Medicine | Columbia University Irving Medical Center | Massachusetts General Hospital,I2613432 I27837315 I40347166 I111979921 I181547552 I2799503643 I4210087915,no
"Department of Neurology, Baylor College of Medicine, Houston (Peppel, Lin); Department of Neurology and Initiative of Columbia Ataxia and Tremor, Columbia University Medical Center, New York City (Lai, Amokrane, Kuo); Clinical Data Science GmbH, Basel, Switzerland (Rummey); Department of Neurology, Northwestern University, Chicago (Opal); Department of Neurology, Massachusetts General Hospital, Harvard Medical School, Boston (Schmahmann); Department of Neurology, University of Chicago, Chicago (Gomez); Department of Neurology, University of Michigan, Ann Arbor (Paulson, Srinivasan); Department of Neurology, University of South Florida, Tampa (Zesiewicz); Department of Neurology, University of California, Los Angeles, Los Angeles (Perlman); Department of Neurology, Emory University, Atlanta (Wilmot); Departments of Psychiatry and Behavioral Sciences (Ying, Onyike) and Neurology (Rosenthal), Johns Hopkins University, Baltimore; Department of Neurology, University of Minnesota, Minneapolis (Bushara); Departme",1,"University of Michigan | University of Chicago | Northwestern University | University of California, Los Angeles | Baylor College of Medicine | Columbia University Irving Medical Center | Massachusetts General Hospital",I27837315 I40347166 I111979921 I161318765 I181547552 I2799503643 I4210087915,no
"Department of Neurology, Box 295, UMHC, Minneapolis 55455, MN, USA",1,,,no
Department of Neurology; University of Minnesota Medical Center; Minneapolis Minnesota USA,1,University of Minnesota Medical Center,I4210135252,no
"Department of Neuroscience , Graduate Program in Neuroscience , University of Minneapolis , 6-145 Jackson Hall , Minneapolis , MN 55455 ",1,,,no
"Department of Neurosurgery, University of Minnesota Cancer Center, Minneapolis, USA",1,Masonic Cancer Center,I4390039358,yes
"Department of Nutritional Sciences, College of Biological Sciences, Ontario Veterinary College, University of Guelph, Guelph",1,University of Guelph | Ontario Veterinary College,I79817857 I4391768212,no
"Department of Obstetrics, Gynecology and Women’s Health, University of Minnesota Masonic Cancer Center , Minneapolis, MN ,",1,Masonic Cancer Center,I4390039358,yes
"Department of Ophthalmology, Microbiology, and Molecular Biology (J.D.S), Eastern Virginia Medical School, Norfolk, VA; Department of Ophthalmology (E.D.D), New York University School of Medicine, New York, NY; Department of Ophthalmology (E.J.H.), University of Cincinnati, Cincinnati, OH; Departments of Ophthalmology and Plastic Surgery (C.B.S.), University of South Florida College of Medicine, Tampa, FL; Department of Ophthalmology (C.B.S.) University of Florida College of Medicine, Gainesville, FL; Department of Ophthalmology (R.S.), New York University School of Medicine, New York, NY; Medical University of South Carolina (K.D.S.), Charleston, SC; Department of Ophthalmology (M.B.M.), New York University School of Medicine, New York, NY; Department of Ophthalmology (M.B.M.), Tulane University Health Sciences Center, New Orleans, LA; Department of Ophthalmology (H.D.P), Weill Cornell Medical College, New York, NY; Department of Ophthalmology (S.S.L.), University of Minnesota, Minnea",1,University of South Florida | University of Florida | New York University | University of Cincinnati | Eastern Virginia Medical School,I2613432 I33213144 I57206974 I63135867 I156802259,no
"Department of Orthopaedic Surgery, University of Minnesota Medical School, Masonic Cancer Center, Minneapolis, Minnesota, 55455, USA",1,Masonic Cancer Center,I4390039358,yes
"Department of Orthopaedic Surgery, University of Minnestota, St Paul, MN, United States",1,,,no
"Department of Orthopedic Surgery, University of Minnesota Cancer Center, Minneapolis, MN, USA",1,Masonic Cancer Center,I4390039358,yes
"Department of Orthopedic Surgery, University of Minnesota Cancer Center, Minneapolis, Minnesota 55455",1,Masonic Cancer Center,I4390039358,yes
Department of Otolaryngology Nagoya University Minneapolis Minnesota,1,Nagoya University,I60134161,no
"Department of Otolaryngology, Minneapolis, Minnesota, U.S.A",1,,,no
"Department of Otolaryngology, University Hospital, Minneapolis, MN 55455 U.S.A",1,University of Minnesota Medical Center,I4210135252,no
"Department of Otolaryngology, University of Michigan, Minneapolis, Minnesota 55455",1,University of Michigan,I27837315,no
"Department of Parasitology, Minneapolis Veterans Hospital, Minneapolis, Minnesota U.S.A",1,Minneapolis VA Health Care System | Minneapolis VA Medical Center,I4210117246 I4210140408,no
"Department of Pathology (D.B., M.A.E.-B., T.M.G.) Surgical Oncology Department, Oncology Centre (N.S.), Mansoura University, Mansoura, Egypt Sunnybrook Health Sciences Centre (D.B., N.I., V.D., G.H., M.C., F.-I.L., E.S., H.F.C., M.N., N.L., S.N.-M.) Department of Laboratory Medicine and Pathobiology, University of Toronto (D.B., N.I., V.D., G.H., M.C., F.-I.L., E.S., S.N.-M.), Toronto, Ontario, Canada Department of Laboratory Medicine and Pathology, University of Minnesota, Minneapolis, Minnesota (M.A.K.)",1,Mansoura University | University of Toronto | Sunnybrook Health Science Centre,I159247623 I185261750 I1323843004,no
Department of Pathology Nagoya University Minneapolis Minnesota,1,Nagoya University,I60134161,no
"Department of Pathology, University Hospital Eppendorf and Minneapolis, Minnesota, USA",1,,,no
"Department of Pathology, University of Minnesota-Duluth, Duluth, USA",1,"University of Minnesota, Duluth",I4210115145,no
"Department of Pediatric Cardiac Surgery, M Health Fairview University of Minnesota , Minneapolis, MN, USA",1,,,no
"Department of Pediatric Cardiac Surgery, M Health Fairview University of Minnesota, Minneapolis, MN, U.S.A., --- Select a Country ---",1,,,no
Department of Pediatrics Minneapolis Minnesota U.S.A,1,,,no
Department of Pediatrics University of Minnesota Masonic Cancer Center  Minneapolis Minnesota USA,1,Masonic Cancer Center,I4390039358,yes
Department of Pediatrics University of Minnesota Masonic Cancer Center Minneapolis Minnesota,1,Masonic Cancer Center,I4390039358,yes
Department of Pediatrics University of Minnesota Masonic Cancer Center Minneapolis Minnesota USA,1,Masonic Cancer Center,I4390039358,yes
Department of Pediatrics University of Minnesota/Masonic Cancer Center Minneapolis Minnesota,1,Masonic Cancer Center,I4390039358,yes
"Department of Pediatrics, Adolescent University of Minnesota, Minneapolis 55455",1,,,no
"Department of Pediatrics, Division of Blood and Marrow Transplantation, University of Minnesota Masonic Cancer Center , Minneapolis, MN, USA",1,Masonic Cancer Center,I4390039358,yes
"Department of Pediatrics, Division of Critical Care Medicine, University of California San Francisco, San Francisco, CA. Department of Pediatrics, Division of Critical Care Medicine, St. Jude Children's Research Hospital, Memphis, TN. Department of Pediatrics, Division of Critical Care Medicine, Medical College of Wisconsin, Milwaukee, WI. Department of Pediatrics, Division of Hematology/Oncology, Dana-Farber Cancer Institute, Harvard Medical School, Boston, MA. Department of Internal Medicine, Division of Hematology/Oncology, Mayo Clinic, Phoenix, AZ. Department of Child Health, Division of Critical Care Medicine, University of AZ, Phoenix, AZ. Pediatric Critical Care Medicine, Inova Children's Hospital, Fairfax, VA. Department of Pediatrics, Division of Hematology/Oncology and Transplant and Cell Therapy, Keck School of Medicine, University of Southern California, Los Angeles, CA. Department of Pediatrics, Division of Critical Care Medicine, Indiana University School of Medicine, Indianapolis, IN. Department of Pediatrics, Division of Critical Care Medicine, Saint Barnabas Medical Center, Livingston, NJ Department of Pediatrics, Division of Hematology/Oncology, MD Anderson Cancer Center, Houston, TX. Department of Anesthesiology, Critical Care and Pain Medicine, Boston Children's Hospital, Harvard Medical School, Boston, MA. Department of Pediatrics, Divisions of Critical Care Medicine and Hematology/Oncology, University of Minnesota Medical School, Minneapolis, MN",1,"University of Southern California | Harvard University | University of California, San Francisco | Medical College of Wisconsin | Boston Children's Hospital | St. Jude Children's Research Hospital | Dana-Farber Cancer Institute | Indiana University School of Medicine",I1174212 I136199984 I180670191 I204308271 I1288882113 I1313298211 I4210117453 I4394709130,no
"Department of Pediatrics, Division of Pediatric Hematology and Oncology, University of Minnesota Masonic Cancer Center, Minneapolis, MN, USA",1,Masonic Cancer Center,I4390039358,yes
"Department of Pediatrics, Division of Pediatric Hematology and Oncology, University of Minnesota Masonic Cancer Center, Minneapolis, MN, USA gord0047@umn.edu",1,Masonic Cancer Center,I4390039358,yes
"Department of Pediatrics, Hem/Onc/BMT/University of Minnesota/Masonic Cancer Center  Minneapolis MN USA",1,Masonic Cancer Center,I4390039358,yes
"Department of Pediatrics, Hem/Onc/BMT/University of Minnesota/Masonic Cancer Center, Minneapolis, MN, USA",1,Masonic Cancer Center,I4390039358,yes
"Department of Pediatrics, Minneapolis, MN, 55455, USA. Electronic address: hagen564@umn.edu",1,,,no
"Department of Pediatrics, Minneapolis, MN, 55455, USA. Electronic address: nxie@umn.edu",1,,,no
"Department of Pediatrics, Minneapolis, MN, 55455, USA. Electronic address: pappa067@umn.edu",1,,,no
"Department of Pediatrics, Minneapolis, MN, 55455, USA. Electronic address: penal007@umn.edu",1,,,no
"Department of Pediatrics, Minneapolis, Minnesota, U.S.A",1,,,no
"Department of Pediatrics, University Hospitals , Minneapolis, Minnesota 55455",1,,,no
"Department of Pediatrics, University of Minnesota Cancer Center, Minneapolis, Minnesota",1,Masonic Cancer Center,I4390039358,yes
"Department of Pediatrics, University of Minnesota Masonic Cancer Center, Minneapolis, MN",1,Masonic Cancer Center,I4390039358,yes
"Department of Pediatrics, University of Minnesota Masonic Cancer Center, Minneapolis, MN 55455, USA",1,Masonic Cancer Center,I4390039358,yes
"Department of Pediatrics, University of Minnesota Masonic Cancer Center, Minneapolis, MN, USA",1,Masonic Cancer Center,I4390039358,yes
"Department of Pediatrics, University of Minnesota Masonic Cancer Center, Minneapolis, MN;",1,Masonic Cancer Center,I4390039358,yes
"Department of Pediatrics, University of Minnesota Masonic Cancer Center, Minneapolis, Minnesota",1,Masonic Cancer Center,I4390039358,yes
"Department of Pediatrics, University of Minnesota Masonic Cancer Center, Minneapolis, USA",1,Masonic Cancer Center,I4390039358,yes
"Department of Pediatrics, University of Minnesota Medical Center, Fairview, Minneapolis, USA",1,University of Minnesota Medical Center,I4210135252,no
"Department of Pediatrics, University of Minnesota, Masonic Cancer Center , Minneapolis, MN 55455 ,",1,Masonic Cancer Center,I4390039358,yes
"Department of Pediatrics, University of Minnesota, Masonic Cancer Center, Minneapolis, MN 55455, USA",1,Masonic Cancer Center,I4390039358,yes
"Department of Pediatrics, University of Minnesota/Masonic Cancer Center, Minneapolis, Minnesota",1,Masonic Cancer Center,I4390039358,yes
Department of Pediatrics; University of Minnesota Children's Hospital; Minneapolis MN USA,1,University of Minnesota Children's Hospital,I4210166300,no
"Department of Pharmaceutical Sciences (S.J., J.K., S.H.E., N.J.W., T.J.A., V.T.K.) and Center for Blood Brain Barrier Research (T.J.A., V.T.K.), School of Pharmacy, Texas Tech University Health Sciences Center, Amarillo, Texas; Department of Biochemistry and Molecular Biology, Michigan State University, East Lansing, Michigan (A.U., A.D.); Department of Chemistry and Biochemistry, Texas Tech University, Lubbock, Texas (Y.M.); Department of Pharmaceutical Sciences, College of Pharmacy and Center for Drug Discovery, University of Nebraska Medical Center, Omaha, Nebraska (P.C.T.); Department of Biochemistry, Molecular Biology and Biophysics, University of Minnesota, Minneapolis, Minnesota (H.A.); and Department of Pathology, Immunology and Laboratory Medicine, University of Florida, Gainesville, Florida (D.A.O.)",1,Texas Tech University | University of Florida | Michigan State University | Texas Tech University Health Sciences Center,I12315562 I33213144 I87216513 I926076166,no
"Department of Pharmaceutical Sciences (S.J., J.K., S.H.E., N.J.W., T.J.A., V.T.K.) and Center for Blood Brain Barrier Research (T.J.A., V.T.K.), School of Pharmacy, Texas Tech University Health Sciences Center, Amarillo, Texas; Department of Biochemistry and Molecular Biology, Michigan State University, East Lansing, Michigan (A.U., A.D.); Department of Chemistry and Biochemistry, Texas Tech University, Lubbock, Texas (Y.M.); Department of Pharmaceutical Sciences, College of Pharmacy and Center for Drug Discovery, University of Nebraska Medical Center, Omaha, Nebraska (P.C.T.); Department of Biochemistry, Molecular Biology and Biophysics, University of Minnesota, Minneapolis, Minnesota (H.A.); and Department of Pathology, Immunology and Laboratory Medicine, University of Florida, Gainesville, Florida (D.A.O.) vardan.karamyan@ttuhsc.edu",1,Texas Tech University | University of Florida | Michigan State University | Texas Tech University Health Sciences Center,I12315562 I33213144 I87216513 I926076166,no
"Department of Pharmacology University of Minnesota‐Duluth Duluth, Minnesota 55812",1,"University of Minnesota, Duluth",I4210115145,no
"Department of Pharmacology, College of Biological Sciences, Universidad de Concepción, Concepcion, Chile",1,University of Concepción,I172787465,no
"Department of Pharmacology, University of Minnesota Cancer Center, Minneapolis, MN, USA",1,Masonic Cancer Center,I4390039358,yes
"Department of Pharmacology, University of Minnesota Masonic Cancer Center, Minneapolis, MN, 55455, USA",1,Masonic Cancer Center,I4390039358,yes
"Department of Pharmacy Practice and Pharmaceutical Sciences, College of Pharmacy, University of Minnesota Duluth, Duluth, USA",1,"University of Minnesota, Duluth",I4210115145,no
"Department of Pharmacy Practice and Pharmaceutical Sciences, University of Minnesota-Duluth, Duluth, MN, US",1,"University of Minnesota, Duluth",I4210115145,no
"Department of Pharmacy Practice, College of Pharmacy, University of Minaesota, MN 55455",1,,,no
"Department of Pharmacy, University of Minnesota Medical Center (UMMC), Minneapolis, MN 55455, USA. bhintze1@fairview.org",1,University of Minnesota Medical Center,I4210135252,no
"Department of Pharmacy, University of Minnesota Medical Center, Fairview, Minneapolis, USA",1,University of Minnesota Medical Center,I4210135252,no
"Department of Philosophy & Minnesota Center for Philosophy of Science , 831 Heller Hall , 271 19th Ave S , Minneapolis , MN 55455 USA ,",1,,,no
"Department of Philosophy University of Minnesota, Duluth Duluth, MN 55812, USA E-mail: dcole@d.umn.edu#TAB#",1,"University of Minnesota, Duluth",I4210115145,no
"Department of Philosophy, University of Minnesota Duluth, 1121 University Drive, Duluth, MN 55812, USA",1,"University of Minnesota, Duluth",I4210115145,no
"Department of Philosophy, University of Minnesota, Duluth, MN 55812 Electronic mail: jfetzer@ub.cl.umn.edu",1,"University of Minnesota, Duluth",I4210115145,no
"Department of Philosophy, University of Minnesota-Duluth, 365 Anderson Hall, Duluth, MN 55812, USA. E-mail: revans@d.umn.edu#TAB#",1,"University of Minnesota, Duluth",I4210115145,no
"Department of Philosophy, University of Minnesota-Duluth, Duluth,",1,"University of Minnesota, Duluth",I4210115145,no
"Department of Physics , Augburg University , Minneapolis , MN , USA",1,Augsburg University,I119916105,no
"Department of Physics, University of Minnesota at Duluth, Duluth, Minnesota, U.S.A",1,"University of Minnesota, Duluth",I4210115145,no
"Department of Physics, University of Minnesota, Duluth, Duluth",1,"University of Minnesota, Duluth",I4210115145,no
"Department of Physics, University of Minnesota-Duluth, Duluth, Minnesota, 55812, f1jhiller@d.umn.eduf1",1,"University of Minnesota, Duluth",I4210115145,no
"Department of Physiology and Pharmacology, Medical School, University of Minnesota-Duluth, Duluth, USA",1,"University of Minnesota, Duluth",I4210115145,no
"Department of Physiology and Pharmacology, The University of Minnesota, Duluth, USA",1,"University of Minnesota, Duluth",I4210115145,no
"Department of Physiology, Minneapolis, Minnesota 55455",1,,,no
"Department of Physiology, Minneapolis, Minnesota 55455, USA",1,,,no
"Department of Physiology, School of Medicine, University of Minnesota, Duluth, Minnesota 55812",1,"University of Minnesota, Duluth",I4210115145,no
"Department of Physiology, School of Medicine, University of Minnesota, Duluth, Minnesota 55812 and Department of Physiology and Biophysics, Mayo Medical School, Rochester, Minnesota 55901",1,"Mayo Clinic | University of Minnesota, Duluth",I1330342723 I4210115145,no
"Department of Physiology, University of Minnesota, Duluth School of Medicine, Duluth, Minnesota 55812",1,"University of Minnesota, Duluth",I4210115145,no
"Department of Physiology, University of Minnesota-Duluth School of Medicine, Duluth, USA",1,"University of Minnesota, Duluth",I4210115145,no
"Department of Physiology, University of Utah School of Medicine, Minneapolis, Minnesota, USA",1,University of Utah,I223532165,no
"Department of Plant Biology and The Genome Center, College of Biological Sciences, University of California, Davis, CA 95616, United States",1,"University of California, Davis",I84218800,no
"Department of Plant Biology and the Genome Center; College of Biological Sciences; University of California, Davis; Davis, CA USA",1,"University of California, Davis",I84218800,no
"Department of Plant Pathology , University of Wisconsin , Minneapolis, Minnesota",1,University of Wisconsin System,I1304256225,no
"Department of Plant Pathology, University of Wisconsin, Minneapolis, Minnesota",1,,,no
"Department of Political Science , University of Minnesota-Duluth , 304 Cina Hall, 10 University Drive, MN, 558–12–2496, USA E-mail: svanderh@d.umn.edu>",1,"University of Minnesota, Duluth",I4210115145,no
"Department of Political Science, University of Minnesota Duluth, 1123 University Drive, Duluth, MN 55812,",1,"University of Minnesota, Duluth",I4210115145,no
"Department of Psychiatry and Biobehavioral Sciences, David Geffen School of Medicine, University of California, Los Angeles, and Olive View-UCLA Medical Center, Sylmar (Grzenda); Department of Psychiatry and Behavioral Neurobiology, University of Alabama at Birmingham (Kraguljac); Department of Psychiatry and Behavioral Sciences, Emory University School of Medicine, Atlanta (McDonald); Department of Psychiatry, University of Texas Dell Medical School, Austin (Nemeroff); Department of Psychiatry, Beth Israel Deaconess Medical Center, Harvard Medical School, Boston (Torous); Department of Psychiatry and Behavioral Sciences, Albert Einstein School of Medicine, Bronx, N.Y. (Alpert); Department of Psychiatry and Behavioral Sciences, Stanford University, Stanford, Calif., and Veterans Affairs Palo Alto Health Care System, Palo Alto, Calif. (Rodriguez); Department of Psychiatry and Behavioral Sciences, University of Minnesota, Minneapolis (Widge)",1,"University of Alabama at Birmingham | Albert Einstein College of Medicine | Harvard University | Emory University | University of California, Los Angeles | Beth Israel Deaconess Medical Center | Olive View-UCLA Medical Center | UAB Medicine",I32389192 I129975664 I136199984 I150468666 I161318765 I1316535847 I4210130891 I4390039250,no
"Department of Psychiatry, Ambulatory Research Center, University of Minnesota Medical Center, Minneapolis, MN 55454, USA",1,University of Minnesota Medical Center,I4210135252,no
"Department of Psychiatry, Minneapolis, MN 55455, U.S.A",1,,,no
"Department of Psychiatry, Minneapolis, MN, U.S.A",1,,,no
"Department of Psychiatry, School of Translational Medicine, Monash University and Alfred Mental and Addiction Health, Alfred Health, Melbourne, Victoria, Australia (Chen); Psychiatric Neurotherapeutics Program, Division of Depression and Anxiety Disorders, McLean Hospital, Belmont, MA and Department of Psychiatry, Harvard Medical School, Boston (Fukuda); Department of Psychiatry, University of Florida, Gainesville (Jiang); TMS Clinical and Research Program, Neuromodulation Division, UCLA Semel Institute for Neuroscience and Human Behavior and Department of Psychiatry and Biobehavioral Sciences, UCLA David Geffen School of Medicine, Los Angeles (Leuchter); Department of Psychiatry and Behavioral Sciences, Emory University School of Medicine, Atlanta (van Rooij, McDonald); Department of Psychiatry and Behavioral Sciences, University of Minnesota, Minneapolis (Widge); Butler Hospital, Department of Psychiatry and Human Behavior, Alpert Medical School at Brown University, Providence, Rhode",1,"University of Florida | Monash University | Harvard University | Emory University | University of California, Los Angeles | McLean Hospital | The Alfred Hospital | Alfred Health",I33213144 I56590836 I136199984 I150468666 I161318765 I2801148111 I2801993434 I4210163178,no
"Department of Psychiatry, School of Translational Medicine, Monash University and Alfred Mental and Addiction Health, Alfred Health, Melbourne, Victoria, Australia (Chen); Psychiatric Neurotherapeutics Program, Division of Depression and Anxiety Disorders, McLean Hospital, Belmont, MA and Department of Psychiatry, Harvard Medical School, Boston (Fukuda); Department of Psychiatry, University of Florida, Gainesville (Jiang); TMS Clinical and Research Program, Neuromodulation Division, UCLA Semel Institute for Neuroscience and Human Behavior and Department of Psychiatry and Biobehavioral Sciences, UCLA David Geffen School of Medicine, Los Angeles (Leuchter); Department of Psychiatry and Behavioral Sciences, Emory University School of Medicine, Atlanta (van Rooij, McDonald); Department of Psychiatry and Behavioral Sciences, University of Minnesota, Minneapolis (Widge); Butler Hospital, Department of Psychiatry and Human Behavior, Alpert Medical School at Brown University, Providence, Rhode Island (Carpenter)",1,"University of Florida | Monash University | Harvard University | Emory University | University of California, Los Angeles | McLean Hospital | The Alfred Hospital | Alfred Health",I33213144 I56590836 I136199984 I150468666 I161318765 I2801148111 I2801993434 I4210163178,no
"Department of Psychiatry, UMHC, Minneapolis, MN 55455, USA",1,,,no
"Department of Psychiatry, University of Minnesota Medical Center, 2450 Riverside Avenue, Minneapolis, MN 55454, United States",1,University of Minnesota Medical Center,I4210135252,no
"Department of Psychiatry, University of Minnesota Medical Center, Minneapolis, MN, USA. odla0019@umn.edu",1,University of Minnesota Medical Center,I4210135252,no
"Department of Psychology , , Minneapolis, Minnesota 55455",1,,,no
"Department of Psychology , University of Minneapolis , Elliott Hall N218,75 East River Road, Minneapolis, MN, 55455–0344",1,,,no
"Department of Psychology, Louisiana State University, Baton Rouge (Mr Bernstein); Mental Health Service Line (Mr Bernstein and Dr Lamberty) and Extended Care and Rehabilitation (Dr Finn), Minneapolis Veterans Affairs Health Care System, Minneapolis, Minnesota; TBI Model Systems National Data and Statistical Center, Craig Hospital, Englewood, Colorado (Mr Sevigny); Departments of Physical Medicine & Rehabilitation (Dr Novack) and Ophthalmology and Visual Sciences (Dr Dreer), University of Alabama-Birmingham School of Medicine; Polytrauma System of Care and Rehabilitation Services, Veterans Affairs Palo Alto Health Care System, Palo Alto, California (Dr Chung); and Department of Psychiatry, University of Minnesota, Minneapolis (Dr Finn)",1,University of Alabama | University of Alabama at Birmingham | Louisiana State University | Craig Hospital | Minneapolis VA Health Care System | UAB Medicine,I17301866 I32389192 I121820613 I1326063202 I4210117246 I4390039250,no
"Department of Psychology, Michigan State University, East Lansing, MI; Department of Psychiatry and Behavioral Science, University of California at Los Angeles, Los Angeles, CA; Department of Psychiatry, University of North Carolina at Chapel Hill, Chapel Hill, NC; Department of Psychiatry, University of Pittsburgh, Pittsburgh, PA; Laureate Psychiatric Clinic and Hospital, Tulsa, OK; Klinik Roseneck, Hospital for Behavioral Medicine (affiliated with the University of Munich), Prien, Germany; New York Presbyterian Hospital, Weill Medical College of Cornell University, White Plains, NY; Department of Psychiatry, Toronto General Hospital, Toronto, Ontario, Canada; Program for Eating Disorders; Department of Psychiatry, University of Minnesota, Minneapolis, MN; Neuropsychiatric Research Institute, Fargo, ND; Department of Psychiatry, Neurobiology, Pharmacology and Biotechnologies, University of Pisa, Italy; Department of Psychology, University of Iowa, Iowa City, IA; Center of Neurobiology and Behavior, University of Pennsylvania, Philadelphia, PA; Department of Psychology, Georgia State University, Atlanta, GA",1,"Ludwig-Maximilians-Universität München | University of Pennsylvania | Michigan State University | University of North Carolina at Chapel Hill | University of California, Los Angeles | University of Pittsburgh | Cornell University | Laureate Psychiatric Clinic and Hospital",I8204097 I79576946 I87216513 I114027177 I161318765 I170201317 I205783295 I4210089533,no
"Department of Psychology, University of Minnesota Duluth, Duluth, MN, US",1,"University of Minnesota, Duluth",I4210115145,no
"Department of Radiation Oncology, Laboratory of Molecular Cancer Therapeutics, University of Minnesota Masonic Cancer Center, Minneapolis, MN 55455, USA",1,Masonic Cancer Center,I4390039358,yes
"Department of Radiation Oncology, Laboratory of Molecular Cancer Therapeutics, University of Minnesota Masonic Cancer Center, Minneapolis, MN 55455, USA;",1,Masonic Cancer Center,I4390039358,yes
"Department of Radiation Oncology, University of Minnesota Medical Center, Minneapolis",1,University of Minnesota Medical Center,I4210135252,no
"Department of Radiation Oncology, University of Minnesota, Masonic Cancer Center, Minneapolis, MN, USA",1,Masonic Cancer Center,I4390039358,yes
"Department of Radiology, Division of Nuclear Medicine, University Hospitals , Minneapolis, Minnesota 55455 USA",1,University of Minnesota Medical Center,I4210135252,no
"Department of Radiology, Fairview University of Minnesota Hospital and Clinic, 420 Delaware St. SE, Box 292, 55455, Minneapolis, MN, USA",1,,,no
"Department of Radiology, Fairview University of Minnesota Hospital and Clinic, Minneapolis, USA",1,Fairview Health Services,I1309104334,no
"Department of Resource Analysis , Saint Mary's University of Minnesota, 2500 Park Avenue , Minneapolis, MN 55404, USA",1,Saint Mary's University of Minnesota,I4210147856,no
"Department of Resource Analysis, Saint Mary’s University of Minnesota—Twin Cities Campus, Minneapolis, MN 55404, USA",1,Saint Mary's University of Minnesota,I4210147856,no
"Department of Science and Mathematics, University of Minnesota, Morris,",1,University of Minnesota Morris,I4210162301,no
"Department of Sociology and Anthropology, University of Minnesota, Duluth, USA",1,"University of Minnesota, Duluth",I4210115145,no
"Department of Sociology-Anthropology , University of Minnesota , Duluth, MN, USA",1,"University of Minnesota, Duluth",I4210115145,no
"Department of Sociology/Anthropology, University of Minnesota‐Duluth, Duluth, MN, USA",1,"University of Minnesota, Duluth",I4210115145,no
"Department of Sociology‐Anthropology, University of Minnesota‐Duluth, Duluth, MN 55812‐2496",1,"University of Minnesota, Duluth",I4210115145,no
"Department of Soil & Environmental Sciences, MNS University of Agriculture",1,,,no
"Department of Soil & Environmental Sciences, MNS-University of Agriculture",1,,,no
"Department of Soil Science , University of Minnesotarth Dakota State University , Fargo , MN , 58105 , 56716",1,,,no
"Department of Soil and Environmental Sciences, MNS-University of Agriculture",1,,,no
"Department of Soil, Water and Climate, Minnesota University, St. Paul, MN 55108, USA",1,,,no
"Department of Soil, Water, and Climate 439, Borlaug Hall, 1991 Upper Buford Circle, St. Paul, MN, 55108, USA",1,,,no
"Department of Soil, Water, and Climate and Department of Horticultural Science , 1991 Upper Buford Circle , St. Paul , MN 55108",1,,,no
"Department of Surgery (Andrology/IVF Laboratories), University of Utah School of Medicine, Minneapolis, Minnesota, USA",1,University of Utah,I223532165,no
"Department of Surgery , Minneapolis, MN 55455,",1,,,no
"Department of Surgery, Minneapolis, MN 55455, USA",1,,,no
"Department of Surgery, Minneapolis, MN, U.S.A",1,,,no
"Department of Surgery, UMHC, Minneapolis, MN 55455, USA",1,,,no
"Department of Surgery, University Hospital and Clinic, Minneapolis, Minnesota",1,,,no
"Department of Surgery, University Hospital, Minneapolis, MN 55455",1,,,no
"Department of Surgery, University Hospital, Minneapolis, Minnesota",1,,,no
"Department of Surgery, University of Michigan, Minneapolis, Minnesota",1,University of Michigan,I27837315,no
"Department of Surgery, University of Minneapolis, St Paul, MN, USA",1,,,no
"Department of Theology and Philosophy, Associate Director, Hendrickson Institute for Ethical Leadership, St. Mary's University of Minnesota, Winona, Minnesota, USA",1,Saint Mary's University of Minnesota,I4210147856,no
"Department of Therapeutic Radiology, University of Minesota Hospital and Clinics, Minneapolis, Minnesota",1,,,no
"Department of Therapeutic Radiology-Radiation Oncology, Section on Molecular Cancer Therapeutics, University of Minnesota Masonic Cancer Center, 425 East River Parkway Minneapolis, MN 55455, USA",1,Masonic Cancer Center,I4390039358,yes
"Department of Therapeutic Radiology-Radiation Oncology, Section on Molecular Cancer Therapeutics, University of Minnesota Masonic Cancer Center, 425 East River Parkway, Minneapolis, MN, 55455, USA",1,Masonic Cancer Center,I4390039358,yes
"Department of Therapeutic Radiology-Radiation Oncology, Section on Molecular Cancer Therapeutics, University of Minnesota Masonic Cancer Center, MMC: 367, Minneapolis, MN 55455, USA",1,Masonic Cancer Center,I4390039358,yes
"Department of Therapeutic Radiology-Radiation Oncology, Section on Molecular Cancer Therapeutics, University of Minnesota Masonic Cancer Center, MMC: 367, Minneapolis, MN, 55455, USA",1,Masonic Cancer Center,I4390039358,yes
"Department of Therapeutic Radiology-Radiation Oncology, Section on Molecular Cancer Therapeutics, University of Minnesota Masonic Cancer Center, Minneapolis, USA",1,Masonic Cancer Center,I4390039358,yes
"Department of Urologic Surgery, Minneapolis, MN 55455, USA",1,,,no
"Department of Veterinary Biology, College of Veterinary Medicine, 55108, St. Paul, Minnesota",1,,,no
"Department of Veterinary Biology, College of Veterinary Medicine, St. Paul, Minnesota",1,,,no
"Department of Veterinary Physiology, BK21 PLUS Program for Creative Veterinary Science Research, Research Institute for Veterinary Science and College of Veterinary Medicine, Seoul National University, Seoul, South Korea Department of Maxillofacial Tissue Regeneration, School of Dentistry, Kyung Hee University, Seoul, South Korea Pain Cognitive Function Research Center, Department of Brain and Cognitive Sciences College of Natural Sciences, Dental Research Institute and Department of Neurobiology and Physiology, School of Dentistry, Seoul National University, Seoul, South Korea Department of Acupuncture, Moxibustion & Meridian Research, Medical Research Division, Korea Institute of Oriental Medicine, Daejeon, South Korea Department of Physiology, Institute of Brain Research, Chungnam National University Medical School, Daejeon, South Korea Department of Veterinary and Biomedical Sciences, College of Veterinary Medicine, University of Minnesota, St Paul, MN, USA",1,Kyung Hee University | Seoul National University | Korea Institute of Oriental Medicine | Research Institute for Veterinary Science,I35928602 I139264467 I4210087584 I4405269553,no
"Department of Veterinary Physiology, College of Veterinary Medicine and BK21 program for Veterinary Science, Seoul National University, San 56-1, Sillim-dong, Gwanak-gu, Seoul, South Korea Department of Physiology, College of Medicine and Research Institute for Medical Sciences, Chungnam National University, Daejeon, South Korea Department of Pharmacology, Institute for Medical Science, Chonbuk National University Medical School, Jeonju, South Korea Department of Veterinary Physiology, College of Veterinary Medicine and Biotherapy Human Resources Center, Chonnam National University, Gwangju, South Korea Department of Neuroscience and Cell Biology, University of Texas Medical Branch, 301 University Boulevard, Galveston, TX 77555-1069, USA Department of Veterinary and Biomedical Sciences, College of Veterinary Medicine, University of Minnesota, St. Paul, MN 55108, USA",1,Jeonbuk National University | Chonnam National University | Seoul National University | Chungnam National University,I80611190 I111277659 I139264467 I196345858,no
Department of Veterinary Population Medicine and University of Minnesota Masonic Cancer Center Comparative Pathology Shared Resource College of Veterinary Medicine St. Paul Minnesota,1,Masonic Cancer Center,I4390039358,yes
"Department of Veterinary Population Medicine and University of Minnesota Masonic Cancer Center Comparative Pathology Shared Resource, College of Veterinary Medicine, St. Paul, Minnesota",1,Masonic Cancer Center,I4390039358,yes
"Department of Veterinary and Biomedical Sciences, University of Minesota, 1964 Fitch Ave, St. Paul, MN, USA",1,,,no
Department of Writing Studies University of Minnesota Duluth (UMD),1,"University of Minnesota, Duluth",I4210115145,no
"Department of Zoology, College of Biological Sciences, The Ohio State University, Columbus, USA",1,The Ohio State University,I52357470,no
"Department of Zoology, The College of Biological Sciences, The Ohio State University, sColumbus,",1,The Ohio State University,I52357470,no
"Departments of Anatomy and Cell Biology, University of Minnesota, Duluth",1,"University of Minnesota, Duluth",I4210115145,no
"Departments of Animal Science (N.M.E., B.N.V., A.S.H., J.K.J., E.M.S., M.J.), Veterinary Clinical Science (N.M.E., N.D.J.), Veterinary Pathology (S.J.H., J.D.S.), Veterinary Diagnostics and Production Animal Medicine (S.T.M., R.L.P.), and Biomedical Science (S.T.M.), Iowa State University, Ames, Iowa; StageBio, Frederick, Maryland (M.T.B.); BioMarin Pharmaceutical Inc., Novato, California (S.C., H.P., X.Y.L., H.Z., R.L., B.E.C., A.G., G.C., A.C.M., A.C., B.R.V., J.C.M.W., C.A.O., J.P., E.M.); The Lundquist Institute (formerly Los Angeles Biomedical Research Institute) at Harbor-UCLA Medical Center, Torrance, California (M.T.E., A.B.A., H.R.N., J.D.C.); Department of Pediatrics, Washington University in St Louis, St Louis, Missouri (H.R.N., J.D.C.); Department of Pediatrics, University of Minnesota, Minneapolis, Minnesota (I.N., B.A.M., R.L., A.P.); and Allievex Corporation, Marblehead, Massachusetts (J.K., E.Z.)",1,Iowa State University | Harbor–UCLA Medical Center,I173911158 I4210165985,no
"Departments of Animal Science (N.M.E., B.N.V., A.S.H., J.K.J., E.M.S., M.J.), Veterinary Clinical Science (N.M.E., N.D.J.), Veterinary Pathology (S.J.H., J.D.S.), Veterinary Diagnostics and Production Animal Medicine (S.T.M., R.L.P.), and Biomedical Science (S.T.M.), Iowa State University, Ames, Iowa; StageBio, Frederick, Maryland (M.T.B.); BioMarin Pharmaceutical Inc., Novato, California (S.C., H.P., X.Y.L., H.Z., R.L., B.E.C., A.G., G.C., A.C.M., A.C., B.R.V., J.C.M.W., C.A.O., J.P., E.M.); The Lundquist Institute (formerly Los Angeles Biomedical Research Institute) at Harbor-UCLA Medical Center, Torrance, California (M.T.E., A.B.A., H.R.N., J.D.C.); Department of Pediatrics, Washington University in St Louis, St Louis, Missouri (H.R.N., J.D.C.); Department of Pediatrics, University of Minnesota, Minneapolis, Minnesota (I.N., B.A.M., R.L., A.P.); and Allievex Corporation, Marblehead, Massachusetts (J.K., E.Z.) matthew@mpssociety.org domainbiotechnologies@gmail.com",1,Iowa State University | Harbor–UCLA Medical Center,I173911158 I4210165985,no
"Departments of Biological Sciences (B.W.P., M.C.M., N.C.C.), Botany and Plant Pathology (C.K.D., M.A.H., J.F.K., N.C.C.), and Agronomy (N.C.B., C.F.W.), Laboratory of Renewable Resources Engineering and Agricultural and Biological Engineering (N.S.M.), and Bioinformatics Core (J.T.S., J.T.), Purdue University, West Lafayette, Indiana 47907;National Bioenergy Center, National Renewable Energy Laboratory, Golden, Colorado 80401 (R.W.S., M.F., A.Z., M.F.D., S.R.D., G.B.T.); andDepartment of Plant Biology, University of Minnesota, St. Paul, Minnesota 55108 (N.M.S.)",1,Purdue University West Lafayette,I219193219,no
"Departments of Biological Sciences (B.W.P., M.C.M., N.C.C.), Botany and Plant Pathology (C.K.D., M.A.H., J.F.K., N.C.C.), and Agronomy (N.C.B., C.F.W.), Laboratory of Renewable Resources Engineering and Agricultural and Biological Engineering (N.S.M.), and Bioinformatics Core (J.T.S., J.T.), Purdue University, West Lafayette, Indiana 47907;National Bioenergy Center, National Renewable Energy Laboratory, Golden, Colorado 80401 (R.W.S., M.F., A.Z., M.F.D., S.R.D., G.B.T.); andDepartment of Plant Biology, University of Minnesota, St. Paul, Minnesota 55108 (N.M.S.) carpita@purdue.edu",1,Purdue University West Lafayette,I219193219,no
"Departments of Biology, Medical Microbiology and Immunology, Biochemistry and Molecular Biology, and Chemistry, University of Minnesota, Duluth, Minnesota",1,"University of Minnesota, Duluth",I4210115145,no
"Departments of Chemical Engineering & Materials Science, Minneapolis, MN, USA",1,,,no
"Departments of Clinical Pathology and Obstetrics and Oynecology, Mayo Clinic and Mayo Foundation, and Mayo Graduate School of Medicine, University of Minnesota, Rochester, Minnesota, and Cook County Hospital, Chicago, Illinois",1,"Mayo Clinic | John H. Stroger, Jr. Hospital of Cook County | University of Minnesota Rochester | Cook County Health and Hospitals System",I1330342723 I2799932517 I4210120349 I4210165673,no
"Departments of Dentistry, Minneapolis, Minnesota",1,,,no
"Departments of Endocrinology (C.S., J.C.M.), Minnesota 55905",1,,,no
"Departments of Histology, Pharmacology and Biochemistry II, Karolinska Institutet, Stockholm, Department of Pharmacology, Uppsala University, Departments of Histochemistry and Medicine, Royal Postgraduate Medical School, University of London, Hammersmith Hospital, UK, Department of Anatomy, University of Minnesota and Department of Psychiatry, New York University Medical Center, USA",1,Karolinska Institutet | New York University | Uppsala University | University of London | Hammersmith Hospital | NYU Langone Health,I28166907 I57206974 I123387679 I124357947 I2801748203 I4210086933,no
"Departments of Laboratory Medicine and Pathology Minneapolis, Minnesota 55455",1,,,no
"Departments of Laboratory Medicine and Pathology, Minneapolis, 55455, Minnesota, U.S.A",1,,,no
"Departments of Medicine (C.J.S.), Minneapolis, Minnesota 55455",1,,,no
"Departments of Medicine (Division of Hematology, Oncology, and Transplantation) and Pharmacology, University of Minnesota Masonic Cancer Center, Delivery Code 2812 Cancer and Cardiovascular Research Building",1,Masonic Cancer Center,I4390039358,yes
"Departments of Medicine (Division of Hematology, Oncology, and Transplantation) and Pharmacology, University of Minnesota Masonic Cancer Center, Delivery Code 2812 Cancer and Cardiovascular Research Building; Suite 3-126 2231 6th St SE, Minneapolis, MN, 55455, USA",1,Masonic Cancer Center,I4390039358,yes
"Departments of Medicine (Division of Hematology, Oncology, and Transplantation) and Pharmacology, University of Minnesota Masonic Cancer Center, Delivery Code 2812 Cancer and Cardiovascular Research Building; Suite 3-126 2231 6th St SE, Minneapolis, MN, 55455, USA. lange047@umn.edu",1,Masonic Cancer Center,I4390039358,yes
"Departments of Medicine (M.A.T., N.L.E.), Minnesota 55905;",1,,,no
Departments of Medicine and Pharmacology University of Minnesota Masonic Cancer Center Minneapolis MN,1,Masonic Cancer Center,I4390039358,yes
"Departments of Medicine and Pharmacology, University of Minnesota Cancer Center, USA",1,Masonic Cancer Center,I4390039358,yes
"Departments of Medicine and Pharmacology, University of Minnesota Masonic Cancer Center, Minneapolis, MN",1,Masonic Cancer Center,I4390039358,yes
"Departments of Medicine and Pharmacology, University of Minnesota Masonic Cancer Center, Minneapolis, MN, 55455, United States",1,Masonic Cancer Center,I4390039358,yes
"Departments of Medicine and Pharmacology, University of Minnesota Masonic Cancer Center, Minneapolis, MN, 55455, United States. Electronic address: lange047@umn.edu",1,Masonic Cancer Center,I4390039358,yes
"Departments of Medicine and Pharmacology, University of Minnesota Masonic Cancer Center, Minneapolis, MN, USA",1,Masonic Cancer Center,I4390039358,yes
"Departments of Medicine, University of Minnesota Medical School Masonic Cancer Center, Minneapolis,",1,Masonic Cancer Center,I4390039358,yes
"Departments of Minnesota Clinical Dental Research Center, Minneapolis, Minnesota",1,,,no
"Departments of Neurological Surgery, Epidemiology, and Biostatistics and Pathology, University of California San Francisco, San Francisco, California (S.Z., Z.M., M.R.W., J.S.P., C.R., D.A.H., S.M., J.L.W., S.M.C., M.D.P., T.T., S.R.V., M.S.B., J.K.W.); Departments of Community Health and Pathology and Laboratory Medicine, Brown University, Providence, Rhode Island (E.A.H., C.J.M., B.C.C., K.T.K.); Genentech Inc., South San Francisco, California (D.S.); Masonic Cancer Center, Division of Epidemiology and Community Health, University of Minnesota, Minneapolis, Minnesota (H.H.N.)",1,"Brown University | University of California, San Francisco",I27804330 I180670191,no
"Departments of Neurosurgery, University of Minnesota Cancer Center, Minneapolis, MN, USA",1,Masonic Cancer Center,I4390039358,yes
"Departments of Pathology and Microbiology and of Internal Medicine, University of Nebraska Medical Center, and Eppley Institute for Research in Cancer and Allied Diseases, University of Nebraska
Medical Center, OmahaInfectious Disease Section, Department of Medicine, VA Medical Center, and University ofMinnesota School of Medicine, Minneapolis",1,University of Nebraska Medical Center,I59130452,no
"Departments of Pediatrics & Neurology, University of Minnesota Medical Center, Minneapolis, MN, US",1,University of Minnesota Medical Center,I4210135252,no
"Departments of Pediatrics, Minneapolis, 55455, Minnesota, U.S.A",1,,,no
"Departments of Pediatrics, The National Jewish Medical and Research Center and University of Colorado Health Sciences Center, the Division of Pediatric Infectious Disease, Children's Hospital and University of Colorado Health Sciences Center, Denver; the Division of Pediatric Infectious Disease, Floating Hospital for Children and the Division of Clinical Care Research, Department of Medicine, New England Medical Center, Tufts University School of Medicine, Boston, Massachusetts; the Division of Pediatric Infectious Disease, Children's Memorial Hospital, Northwestern University Medical School, Chicago, Illinois; the Division of Pediatric Infectious Disease, Children's Hospital of Los Angeles, University of Southern California School of Medicine, Los Angeles, California; the Division of Infectious Diseases, Children's Hospital Medical Center, University of Cincinnati College of Medicine, Ohio; the Division of Pediatric Rheumatology, Texas Children's Hospital at Baylor College of Medicine, Houston; the Division of Pediatric Infectious Disease, Arkansas Children's Hospital, Little Rock; and the Department of Microbiology, University of Minnesota, Minneapolis",1,University of Southern California | Tufts University | Tufts Medical Center | Lurie Children's Hospital | Children's Hospital of Los Angeles | Tufts Children's Hospital | National Jewish Health,I1174212 I121934306 I1290900354 I1294278766 I1336910626 I2800399840 I3019586173,no
"Departments of Pharmacology & Biochemistry University of Minnesota, Duluth School of Medicine Duluth, MN 55812, USA",1,"University of Minnesota, Duluth",I4210115145,no
"Departments of Pharmacology and Anesthesiology, Minnesota Health Sciences Center, Minneapolis, Minnesota 55455, U.S.A",1,,,no
"Departments of Physiology, Minneapolis, Minnesota 55455",1,,,no
"Departments of Radiation Oncology (L.B., G.T., A.F., E.R.) Obstetrics and Gynecology (L.T.G., A.C., A.F.), Division of Gynecologic Oncology Health Policy, Management and Evaluation (R.S., E.R.) Dalla Lana School of Public Health (R.S.), University of Toronto Institute for Clinical Evaluative Sciences (L.B., L.T.G., R.S., E.R., Y.L.), Toronto Department of Obstetrics and Gynecology (L.E.), Division of Gynecologic Oncology, McMaster University, Hamilton, ON, Canada Department of Lab Medicine and Pathology (M.K.), University of Minnesota, Minneapolis, MN",1,McMaster University | University of Toronto | Institute for Clinical Evaluative Sciences,I98251732 I185261750 I4210147079,no
"Departments of Reproductive Biology, St. Paul, Minnesota, U.S.A",1,,,no
"Departments of Small Animal Clinical Sciences ( Bartges , Osborne , Unger ) and Veterinary Diagnostic Investigation (Felice , Chen) , College of Veterinary Medicine , University of Min-nesota , 1352 Boyd Ave , St Paul , MN 55108. Dr. Bartges",1,,,no
"Departments of Surgery (Dr West), Psychology (Dr Perrin), and Physical Medicine and Rehabilitation (Dr Perrin), Virginia Commonwealth University (Ms Grover), Richmond; Central Virginia Veterans Affairs Health Care System, Richmond (Drs Klyce, Perrin, and Campbell and Ms Vargas); Virginia Commonwealth University Health System, Richmond (Dr Klyce); Sheltering Arms Institute, Richmond, Virginia (Dr Klyce); The Institute for Rehabilitation Research, Memorial Hermann, Houston, Texas (Dr Juengst); Departments of Rehabilitation and Human Performance (Dr Dams-O'Connor) and Neurology (Dr Dams-O'Connor), Icahn School of Medicine at Mount Sinai, New York City, New York; Rehabilitation & Extended Care Patient Service Line, Minneapolis VA Health Care System, Minneapolis, Minnesota (Dr Finn); Psychiatry and Behavioral Sciences, University of Minnesota-Twin Cities, Minneapolis (Dr Finn); Department of Research, Craig Hospital, Englewood, Colorado (Ms Eagye and Dr Agtarap); and VA Palo Alto Health Car",1,Icahn School of Medicine at Mount Sinai | Virginia Commonwealth University | Memorial Hermann | Sheltering Arms Institute,I98704320 I184840846 I1306862143 I4210130558,no
"Departments of Surgery (Dr West), Psychology (Dr Perrin), and Physical Medicine and Rehabilitation (Dr Perrin), Virginia Commonwealth University (Ms Grover), Richmond; Central Virginia Veterans Affairs Health Care System, Richmond (Drs Klyce, Perrin, and Campbell and Ms Vargas); Virginia Commonwealth University Health System, Richmond (Dr Klyce); Sheltering Arms Institute, Richmond, Virginia (Dr Klyce); The Institute for Rehabilitation Research, Memorial Hermann, Houston, Texas (Dr Juengst); Departments of Rehabilitation and Human Performance (Dr Dams-O'Connor) and Neurology (Dr Dams-O'Connor), Icahn School of Medicine at Mount Sinai, New York City, New York; Rehabilitation & Extended Care Patient Service Line, Minneapolis VA Health Care System, Minneapolis, Minnesota (Dr Finn); Psychiatry and Behavioral Sciences, University of Minnesota-Twin Cities, Minneapolis (Dr Finn); Department of Research, Craig Hospital, Englewood, Colorado (Ms Eagye and Dr Agtarap); and VA Palo Alto Health Care System, Polytrauma System of Care, Palo Alto, California (Dr Chung)",1,Icahn School of Medicine at Mount Sinai | Virginia Commonwealth University | Memorial Hermann | Sheltering Arms Institute,I98704320 I184840846 I1306862143 I4210130558,no
"Departments of Surgery (V.M.M.) and Physiology, Minnesota 55905",1,,,no
"Departments of Surgery, Minneapolis, Minnesota",1,,,no
"Departments ofMedicine, Biochemistry, and Radiology, the Centerfor Magnetic Resonance Research, University ofMinnesota Health Sciences Center; and Department of Veterans Affairs Medical Center, Minneapolis, Minnesota 55455",1,Minneapolis VA Medical Center,I4210140408,no
"Deprtment of Biochemistry nd Moleculr Biophysics, Knss Stte University, Mnhttn, KS, USA 66506",1,Kansas State University,I189590672,no
"Dept of Marketing, University of Minnesota at Duluth, Duluth, MN, 55812",1,"University of Minnesota, Duluth",I4210115145,no
"Dept of Zoology , College of Biological Sciences, Univ. of Guelph , Guelph, Ont., Canada",1,University of Guelph,I79817857,no
"Dept. Physics, University of Minnesota, Duluth, Duluth, USA",1,"University of Minnesota, Duluth",I4210115145,no
"Dept. Vet. Biol., 295 An. Sci./Vet. Med. Bldg., St. Paul, MN 55108 U.S.A",1,,,no
"Dept. of Chem. Eng., Minnesota Univ., Duluth, MN, USA",1,"University of Minnesota, Duluth",I4210115145,no
"Dept. of Electr. & Comput. Eng., Minnesota Univ., MS, USA",1,University of Minnesota System,I2800403580,no
"Dept. of Electr. & Comput. Eng., Univ. of Minnesota, Rochester, MN, USA",1,University of Minnesota Rochester,I4210120349,no
"Dept. of Ind. Eng., Minnesota Univ., Duluth, MN, USA",1,"University of Minnesota, Duluth",I4210115145,no
"Dept. of Internal Medicine and Psychiatry, Univ. of Minnesota, Groningen, The Netherlands",1,,,no
"Dept. of Laboratory Medicine and Pathology, Minneapolis, MN 55455-0392",1,,,no
"Dept. of Math. & Stat., Minnesota Univ., Duluth, MN, USA",1,"University of Minnesota, Duluth",I4210115145,no
"Dept. of Rhetoric, Minnesota Univ., Duluth, MN, USA",1,"University of Minnesota, Duluth",I4210115145,no
"Dept. of Zoology College of Biological Sciences University of Guelph Guelph, Ontario, Canada",1,University of Guelph,I79817857,no
"Dermatology, (University of Minnesota), Rochester, Minnesota",1,University of Minnesota Rochester,I4210120349,no
"Digital Stockholm Syndrome in the Post-Ontological Age (University of Minnesota Press, 2016). In 2018, Jarzombek and Prakash founded O(U)R, [Office
        for (Un)certainty Research]",1,,,no
"Director Minnesota Interlibrary Telecommunications Exchange (MINITEX) 30 Wilson Library 309 19th Avenue South University of Minnesota Minneapolis, Minnesota55455 U.S.A",1,,,no
"Director of the Center for Performance Assessment, Northwest Regional Educational Laboratory, Portland, Oregon. Prior to joining the NWREL staff in 1979, he served fro 5 years as Director of Test Development for the American College Testing Program in lowa City and for 2 years as Research Director for the Edina (Minnesota) Public Schools. His current research interests focus on the nature and role of performance assessment in the classroom. Active in NCME since completing his doctoral work at Michigan State University, Dr. Stiggins has also taught at Michigan State, the university of Minnesota, and Portland State University",1,Michigan State University | Portland State University | Education Northwest,I87216513 I126345244 I4210135104,no
"Director, Department of Dietetics, University Hospital, Minneapolis, Minnesota",1,,,no
"Div. of Science and Mathematics, Univ. of Minnesota-Morris, Morris, MN",1,University of Minnesota Morris,I4210162301,no
"Division Of Hematology, Oncology and Transplantation, University of Minnesota Masonic Cancer Center, Minneapolis, Minnesota",1,Masonic Cancer Center,I4390039358,yes
"Division of Bioinformatics, State Key Laboratory of Plant Physiology and Biochemistry (SKLPPB), College of Biological Sciences, China Agricultural University, Beijing 100094, China",1,China Agricultural University | State Key Laboratory of Plant Physiology and Biochemistry,I52158045 I4391768222,no
"Division of Blood and Marrow Transplantation, University of Minnesota Masonic Cancer Center and Department of Pediatrics, Minneapolis, Minnesota",1,Masonic Cancer Center,I4390039358,yes
"Division of Cardiology, University of Minesota, Minneapolis, Minnesota, USA",1,,,no
"Division of Cardiology, University of Minnesota Medical Center, Minneapolis, USA",1,University of Minnesota Medical Center,I4210135252,no
"Division of Cardiovascular Diseases and Internal Medicine and Section of Clinical Epidemiology, Minneapolis, Minnesota",1,,,no
"Division of Cardiovascular Diseases and Internal Medicine, Minnesota 55905",1,,,no
"Division of Childhood Cancer Epidemiology, Institute for Medical Biostatistics, Epidemiology and Clinical Research, Department of Pediatrics, Informatics (IMBEI) Johannes Gutenberg University of Minnesota Mainz Germany",1,Johannes Gutenberg University Mainz,I197323543,no
"Division of Clinical Psychology, University of Minnesota Medical Center, Minneapolis,",1,University of Minnesota Medical Center,I4210135252,no
"Division of Developmental and Clinical Immunology, Departments of Medicine, Pediatrics, Microbiology and Pathology, University of Alabama at Birmingham, Birmingham, Alabama and the Howard Hughes Medical Institute, Birmingham, Alabama; and University of Minnesota Cancer Center, Minneapolis, Minnesota, USA",1,University of Alabama at Birmingham | Howard Hughes Medical Institute | UAB Medicine | Masonic Cancer Center,I32389192 I1344073410 I4390039250 I4390039358,yes
"Division of Endocrinology and Metabolism, Department of Medicine Minneapolis, Minnesota",1,,,no
"Division of Endocrinology and Metabolism, Department of Medicine Minneapolis, Minnesota 55455",1,,,no
"Division of Endocrinology and Metabolism, Department of Medicine Minneapolis, Minnesota; Division of Surgical Pathology, Department of Laboratory Medicine and Pathology Minneapolis, Minnesota",1,,,no
"Division of Epidemiology, Department of Public Health Sciences, University of California, Davis, California; Department of Community, Occupational, and Family Medicine, Yong Loo Lin School of Medicine, National University of Singapore, Singapore; Division of Population Science, Fox Chase Cancer Center, Philadelphia, Pennsylvania; University of Minnesota Cancer Center, Minneapolis, Minnesota; and Epidemiology Branch, National Institute of Environmental Health Sciences, Department of Health and Human",1,"University of California, Davis | National University of Singapore | Fox Chase Cancer Center | National Institute of Environmental Health Sciences | Masonic Cancer Center",I84218800 I165932596 I1289437631 I4210095140 I4390039358,yes
"Division of Epidemiology, Department of Public Health Sciences, University of California, Davis, California; Department of Community, Occupational, and Family Medicine, Yong Loo Lin School of Medicine, National University of Singapore, Singapore; Division of Population Science, Fox Chase Cancer Center, Philadelphia, Pennsylvania; University of Minnesota Cancer Center, Minneapolis, Minnesota; and Epidemiology Branch, National Institute of Environmental Health Sciences, Department of Health and Human Services, National Institutes of Health, Research Triangle Park, North Carolina",1,"University of California, Davis | National University of Singapore | Fox Chase Cancer Center | National Institutes of Health | National Institute of Environmental Health Sciences | Masonic Cancer Center",I84218800 I165932596 I1289437631 I1299303238 I4210095140 I4390039358,yes
"Division of Epidemiology, Minneapolis, MN 55454, USA",1,,,no
Division of Genetics and Metabolism; University of Minnesota Medical Center; Minneapolis MN USA,1,University of Minnesota Medical Center,I4210135252,no
"Division of Gynecologic Oncology, University of Minnesota Medical Center, Minneapolis, Minnesota, 55455",1,University of Minnesota Medical Center,I4210135252,no
"Division of Hematology, Oncology and Transplantation University of Minnesota, Masonic Cancer Center  Minneapolis Minnesota USA",1,Masonic Cancer Center,I4390039358,yes
"Division of Hematology, Oncology and Transplantation University of Minnesota, Masonic Cancer Center, Minneapolis, MN",1,Masonic Cancer Center,I4390039358,yes
"Division of Hematology, Oncology and Transplantation, Department of Medicine, Box 806, UMHC, CCRB, Room 660F, 420 Delaware Street SE, Minneapolis, MN 55455",1,,,no
"Division of Hematology, Oncology and Transplantation, Department of Medicine, University of Minnesota Masonic Cancer Center, Minneapolis, MN, USA",1,Masonic Cancer Center,I4390039358,yes
"Division of Hematology, Oncology and Transplantation, University of Minnesota Masonic Cancer Center, Minneapolis, MN",1,Masonic Cancer Center,I4390039358,yes
"Division of Hematology, Oncology and Transplantation, University of Minnesota Masonic Cancer Center, Minneapolis, MN 55455;",1,Masonic Cancer Center,I4390039358,yes
"Division of Hematology, Oncology and Transplantation, University of Minnesota Masonic Cancer Center, Minneapolis, MN, United States",1,Masonic Cancer Center,I4390039358,yes
"Division of Hematology, Oncology and Transplantation, University of Minnesota Masonic Cancer Center, University of Minnesota, Minneapolis, MN",1,Masonic Cancer Center,I4390039358,yes
"Division of Hematology, Oncology and Transplantation, University of Minnesota, Masonic Cancer Center, Minneapolis, Minnesota, USA",1,Masonic Cancer Center,I4390039358,yes
"Division of Hematology, Oncology and Transplantation, University of Minnesota, Masonic Cancer Center, Minneapolis, Minnesota. 6",1,Masonic Cancer Center,I4390039358,yes
"Division of Hematology, Oncology, and Transplantation University of Minnesota Masonic Cancer Center  Minneapolis Minnesota USA",1,Masonic Cancer Center,I4390039358,yes
"Division of Hematology, Oncology, and Transplantation, University of Minnesota Masonic Cancer Center, Minneapolis",1,Masonic Cancer Center,I4390039358,yes
"Division of Hematology, Oncology, and Transplantation, University of Minnesota Masonic Cancer Center, Minneapolis, MN 55455, USA",1,Masonic Cancer Center,I4390039358,yes
"Division of Hematology, Oncology, and Transplantation, University of Minnesota Masonic Cancer Center, Minneapolis, Minnesota",1,Masonic Cancer Center,I4390039358,yes
"Division of Hematology, Oncology, and Transplantation, University of Minnesota Masonic Cancer Center, Minneapolis, Minnesota 55455, USA",1,Masonic Cancer Center,I4390039358,yes
Division of Hematology/Oncology Department of Pediatrics University of Minnesota/Masonic Cancer Center  Minneapolis Minnesota USA,1,Masonic Cancer Center,I4390039358,yes
"Division of Hematology/Oncology and Transplantation, University of Minnesota Masonic Cancer Center, Minneapolis, MN, USA",1,Masonic Cancer Center,I4390039358,yes
"Division of Internal Medicine (JMR) and Aging (LD, ABP, JMG), Department of Medicine, Brigham & Women's Hospital and Harvard Medical School, Boston, MA; Massachusetts Veterans Epidemiology and Research Information Center and Geriatric Research, Education, and Clinical Center (LD, JMG), Boston Veterans Affairs Healthcare System, Boston, MA; Section of Preventive Medicine & Epidemiology (RCE), Boston University, Boston, MA; Department of Cardiovascular Genetics, University of Utah, Salt Lake City (SCH); Department of Radiology (JJC), Wake Forest University School of Medicine, Winston-Salem, NC; Department of Epidemiology (GH), School of Public Health, the University of North Carolina at Chapel Hill, NC; Division of Epidemiology (DKA), University of Minnesota, Minneapolis",1,Wake Forest University | Boston University | University of North Carolina at Chapel Hill | Harvard University | University of Utah | Brigham and Women's Hospital | VA Boston Healthcare System,I47251452 I111088046 I114027177 I136199984 I223532165 I1283280774 I2801671727,no
"Division of Neonatology, University of Minnesota Childrens Hospital, Minneapolis, Minnesota, USA",1,University of Minnesota Children's Hospital,I4210166300,no
"Division of Nephrology, Departments of Pediatrics Minneapolis, Minnesota, USA",1,,,no
"Division of Neurology, Children's Memorial Hospital, and Departments of Pediatrics and Neurology, Northwestern University Medical School, Chicago, and Section of Biochemistry, Mayo Clinic and Mayo Graduate School of Medicine (University of Minnesota), Rochester, Minnesota",1,Northwestern University | Lurie Children's Hospital | Mayo Clinic | University of Minnesota Rochester,I111979921 I1294278766 I1330342723 I4210120349,no
"Division of Neurosurgery, University of Minnesota Medical Center, Minneapolis, Minnesota 55455 USA",1,University of Minnesota Medical Center,I4210135252,no
"Division of Oncology, University of Minnesota-Masonic Cancer Center, Minneapolis, Minnesota",1,Masonic Cancer Center,I4390039358,yes
"Division of Pediatric and Adult Congenital Cardiac Surgery, Department of Surgery, Maria Fareri Children’s Hospital, Westchester Medical Center, New York Medical College, Valhalla, NY 10595, USA 2 Department of Cardiothoracic Surgery, Faculty of Medicine, Alexandria University, Alexandria, 21321, Egypt 3 Division of Pediatric Critical Care, M Health Fairview Health System, Masonic Children’s Hospital, Minneapolis, MN 55454, USA 4 Division of Pediatric Anesthesia, M Health Fairview Health System, Masonic Children’s Hospital, Minneapolis, MN 55454, USA 5 Division of Pediatric Critical Care Medicine, Department of Pediatrics, Masonic Children’s Hospital, University of Minnesota, Minneapolis, MN 55454, USA 6 Department of Cardiothoracic Surgery, Port Said University, Port Said, 42523, Egypt 7 Department of Anesthesiology, University of Minnesota, Minneapolis, MN 55454, USA",1,Alexandria University | New York Medical College | Fairview Health Services | Westchester Medical Center | Maria Fareri Children's Hospital,I84524832 I181190671 I1309104334 I1321686444 I4210104060,no
Division of Pulmonary and Critical Care Medicine University of Minesota School of Medicine  Minneapolis MN USA,1,,,no
"Division of Pulmonary and Critical Care, Department of Medicine, Center for Bioethics, Minneapolis, MN, USA. valap001@umn.edu",1,,,no
"Division of Science and Math , University of Minnesota-Morris , Morris , MN , 56267 , USA",1,University of Minnesota Morris,I4210162301,no
"Division of Science and Mathematics, University of Minnesota Morris, Morris, USA 56267#TAB#",1,University of Minnesota Morris,I4210162301,no
"Division of Science and Mathematics, University of Minnesota, Morris, Minnesota 56267, United#R#States",1,University of Minnesota Morris,I4210162301,no
"Division of Science and Mathematics, University of Minnesota-Morris, Morris, Minnesota, 56267, USA, roberts@morris.umn.edu, http/cda.morris.umn.edu~roberts",1,University of Minnesota Morris,I4210162301,no
"Division of Science and Mathematics, University of Minnesota‐Morris, Morris, Minnesota 56267",1,University of Minnesota Morris,I4210162301,no
"Division of Sciences and Mathematics , University of Minnesota-Morris , Morris, Minnesota, USA",1,University of Minnesota Morris,I4210162301,no
"Division of Social Science, University of Minnesota Morris, Morris, USA",1,University of Minnesota Morris,I4210162301,no
"Division of Social Sciences, University of Minnesota‐Morris, Morris, MN 56267",1,University of Minnesota Morris,I4210162301,no
"Division of Surgical Oncology, University of Minnesota Masonic Cancer Center, Minneapolis, MN, USA",1,Masonic Cancer Center,I4390039358,yes
"Division of Surgical Oncology, University of Minnesota Masonic Cancer Center, Minneapolis, MN, USA. Electronic address: brauerd@umn.edu",1,Masonic Cancer Center,I4390039358,yes
"Division of Transplantation, Department of Surgery University of Minesota  Minneapolis Minnesota USA",1,,,no
"Division of Transplantation, Department of Surgery, University of Minesota, Minneapolis, Minnesota, USA",1,,,no
"Division of Veterinary Medicine, University Farm, St. Paul, Minnesota",1,,,no
"Divisions of Haematology/Oncology and Endocrinology, Department of Paediatrics, Department of Psychology, and Department of Clinical Dietetics, The Hospital for Sick Children, Toronto, Ontario, Canada; University of Minnesota Cancer Center, Minneapolis, MN; and Department of Psychosocial Oncology and Palliative Care, Princess Margaret Hospital, University Health Network, Toronto, Ontario, Canada",1,University Health Network | Hospital for Sick Children | Princess Margaret Cancer Centre,I1325899441 I2801317318 I2802654988,no
"Divisions of Pediatric Clinical Neuroscience Minneapolis, MN, USA. willi040@umn.edu",1,,,no
"Doctoral Program in Counseling Psychology, St. Mary's University of Minnesota, Minneapolis, MN, USA",1,Saint Mary's University of Minnesota,I4210147856,no
"Doctoral Program in Counseling Psychology, St. Mary’s University of Minnesota, Minneapolis, MN, USA",1,Saint Mary's University of Minnesota,I4210147856,no
"Douglas McLeod (PhD, 1989, University of Minnesota) is a professor at the University of Wisconsin-Madison",1,University of Wisconsin–Madison,I135310074,no
"Doutoranda em Ciência Política na University of Minnesota -MN, USA",1,,,no
"Dr, Head of the Holy Quran Department, The Islamic University of Minnesota, Minnetonka Minnesota USA",1,Islamic University of Minnesota,I4405261387,no
"Dr. Biederman is Chief, Pediatric Psychopharmacology Unit, Massachusetts General Hospital and Associate Professor of Psychiatry, Harvard Medical School; Dr. Baldessarini is Director, Laboratories of Psychiatric Research, Mailman Research Center, McLean Hospital, and Professor of Psychiatry and Neuroscience, Consolidated Department of Psychiatry, Harvard Medical School; Dr. Goldblatt is Director, Pediatric Cardiology, Massachusetts General Hospital and Associate Professor of Pediatrics, Harvard Medical School; Ms. Lapey is Research Coordinator, Pediatric Psychopharmacology, Massachusetts General Hospital; Ms. Doyle is Research Assistant, Pediatric Psychopharmacology, Massachusetts General Hospital; and Dr. Hesslein is Director, Pediatric Cardiology, Children's Hospital, St. Paul, Minnesota, and Associate Professor of Pediatric Cardiology, Variety Club Children's Hospital, University of Minnesota Medical School",1,Harvard University | Massachusetts General Hospital,I136199984 I4210087915,no
"Dr. Kratochvil is with the Department of Psychiatry, University of Nebraska Medical Center, Omaha; Dr. Findling is with Departments of Psychiatry and Pediatrics, University Hospitals of Cleveland/Case Western Reserve University; Dr. Frazier is with the Department of Psychiatry, Harvard Medical School, Boston; Dr. Gerbino-Rosen is with the Department of Psychiatry and Behavioral Science, Albert Einstein College of Medicine and the Bronx Children's Psychiatric Center, New York; Dr. Kranzler is with the Department of Psychiatry, Albert Einstein College of Medicine and the Bronx Children's Psychiatric Center, New York; and Dr. Kumra is with the Department of Psychiatry, University of Minnesota, Minneapolis",1,Case Western Reserve University | University of Nebraska Medical Center | Albert Einstein College of Medicine | University Hospitals of Cleveland,I58956616 I59130452 I129975664 I2799343972,no
"Dr. Kratochvil is with the Department of Psychiatry, University of Nebraska Medical Center, Omaha; Dr. Findling is with Departments of Psychiatry and Pediatrics, University Hospitals of Cleveland/Case Western Reserve University; Dr. Frazier is with the Department of Psychiatry, Harvard Medical School, Boston; Dr. Gerbino-Rosen is with the Department of Psychiatry and Behavioral Science, Albert Einstein College of Medicine and the Bronx Children's Psychiatric Center, New York; Dr. Kranzler is with the Department of Psychiatry, Albert Einstein College of Medicine and the Bronx Children's Psychiatric Center, New York; and Dr. Kumra is with the Department of Psychiatry, University of Minnesota, Minneapolis. Electronic address: ckratoch@unmc.edu",1,Case Western Reserve University | University of Nebraska Medical Center | Albert Einstein College of Medicine | University Hospitals of Cleveland,I58956616 I59130452 I129975664 I2799343972,no
"Dr. Krusen is head of the Section of Physical Medicine and Rehabilitation at the Mayo Clinic and professor of Physical Medicine and Rehabilitation, Mayo Foundation, University of Minnesota, Rochester,Minn.he is the author or senior editor of seven books on physical medicine and the author of more than 225 articles dealing with various phases of physical medicine and rehabilitation",1,Mayo Clinic | University of Minnesota Rochester,I1330342723 I4210120349,no
"Dr. Murdoch is clinical investigator, Center for Chronic Disease Outcomes Research, Minneapolis VA Medical Center, and assistant professor of medicine, Section of General Internal Medicine, Minneapolis VA Medical Center and University of Minesota School of Medicine, Minneapolis. Dr. Kressin is research health psychologist, Center for Health Quality, Outcomes, and Economic Research, VA Medical Center, Bedford, and assistant professor, Health Services Department, Boston University School of Public Health, Boston, Massachusetts. Mr. Fortier is health scientist, Center for Chronic Disease Outcomes Research, Minneapolis VA Medical Center, Minneapolis, Minnesota. Dr. Giuffre is assistant professor, Department of Sociology, South-west Texas State University. At the time the paper was written, Dr. Oswald was a medical student, University of Minnesota School of Medicine, Minneapolis",1,Boston University | Minneapolis VA Health Care System | Minneapolis VA Medical Center,I111088046 I4210117246 I4210140408,no
"Dr. Ogrinc is senior scholar, White River Junction VA Medical Center, and associate professor of community and family medicine and of medicine, Geisel School of Medicine at Dartmouth, Hanover, New Hampshire. Ms. Ercolano is senior value measurement analyst, Dartmouth-Hitchcock Medical Center, Lebanon, New Hampshire. Dr. Cohen is associate program director and assistant professor of medicine, White River Junction VA Medical Center and Geisel School of Medicine at Dartmouth, Hanover, New Hampshire. Ms. Harwood is research associate, White River Junction VA Medical Center and Geisel School of Medicine at Dartmouth, Hanover, New Hampshire. Dr. Baum is associate chair of clinical quality and professor of medicine, University of Minnesota Medical School, Minneapolis, Minnesota. Mr. van Aalst is industrial engineer, White River Junction VA Medical Center, White River Junction, Vermont. Dr. Jones is VA Quality Scholar, White River Junction VA Medical Center, and instructor of community and fam",1,Dartmouth–Hitchcock Medical Center | White River Junction VA Medical Center,I1289422878 I4210118357,no
"Dr. Ogrinc is senior scholar, White River Junction VA Medical Center, and associate professor of community and family medicine and of medicine, Geisel School of Medicine at Dartmouth, Hanover, New Hampshire. Ms. Ercolano is senior value measurement analyst, Dartmouth-Hitchcock Medical Center, Lebanon, New Hampshire. Dr. Cohen is associate program director and assistant professor of medicine, White River Junction VA Medical Center and Geisel School of Medicine at Dartmouth, Hanover, New Hampshire. Ms. Harwood is research associate, White River Junction VA Medical Center and Geisel School of Medicine at Dartmouth, Hanover, New Hampshire. Dr. Baum is associate chair of clinical quality and professor of medicine, University of Minnesota Medical School, Minneapolis, Minnesota. Mr. van Aalst is industrial engineer, White River Junction VA Medical Center, White River Junction, Vermont. Dr. Jones is VA Quality Scholar, White River Junction VA Medical Center, and instructor of community and family medicine, Geisel School of Medicine at Dartmouth, Hanover, New Hampshire. Dr. Davies is assistant professor of surgery, Department of Surgery-Otolaryngology, Geisel School of Medicine at Dartmouth, VA Outcomes Group, White River Junction VA Medical Center, Hanover, New Hampshire",1,Dartmouth–Hitchcock Medical Center | White River Junction VA Medical Center,I1289422878 I4210118357,no
"Drug Delivery Group, School of Pharmacy, University of Bradford, Bradford BD7 1DP, United Kingdom, Bradford Particle Design Limited, 69 Listerhills Science Park, Campus Road, Bradford BD7 1HR, United Kingdom, School of Pharmacy, The Chinese University of Hong Kong, Shatin, N.T., Hong Kong SAR, China, CLRC Daresbury Laboratory, Daresbury, Warrington, Cheshire WA4 4AD, United Kingdom, and Department of Pharmaceutics, College of Pharmacy, University of Minnesota, Weaver-Densford Hall, 308 Harvard Street",1,University of Bradford | Chinese University of Hong Kong | Daresbury Laboratory,I139894009 I177725633 I2802015276,no
"Duality of Interest: Klearchos K. Papas, PhD served as Consultant/ Chair SAB Giner Inc, is a co-inventor on pending patents related to persufflation with University of Minnesota and Giner Inc., and was the PI or co-PI on the NIH/NIDDK grants that partially funded the work. He is no longer affiliated with Giner Inc. ""The remaining authors declare no conflicts of interest""",1,,,no
"Duane Preston Area Extension Agent—Potato University of Minnesota P.O. Box 301 East Grand Forks, MN 56721",1,,,no
"Duluth Clinic University of Minnesota-Duluth, Duluth, USA",1,"University of Minnesota, Duluth | Duluth Clinic",I4210115145 I4210165184,no
"Duluth Medical Research Institute, University of Minnesota Duluth, Duluth, USA",1,"University of Minnesota, Duluth",I4210115145,no
"ECE Department, University of Alberta, Minneapolis, MN, USA",1,University of Alberta,I154425047,no
"ECE Department, University of Minnesota Duluth, 1023, University Dr., 55812, USA",1,"University of Minnesota, Duluth",I4210115145,no
"Edinburgh Parallel Computing Centre, University of Edinburgh, Edinburgh, UKDepartment of Geology and Geophysics, University of Edinburgh, Edinburgh, UKDepartement de Genie Mineral, Ecole Polytechnique, Montreal, Quebec, CanadaUniversity of Minnesota Supercomputer Institute, Minneapolis, MN, USAEdinburgh Parallel Computing Centre, University of Edinburgh, Edinburgh, UK",1,Polytechnique Montréal | University of Edinburgh,I45683168 I98677209,no
"Electr. & Comput. Eng. Dept., Univ. of Minnesota Duluth, Duluth, MN, USA",1,"University of Minnesota, Duluth",I4210115145,no
"Electrical and Computer Engineering Department , University of Minnesota Duluth , Duluth, MN, USA",1,"University of Minnesota, Duluth",I4210115145,no
"Electrical and Computer Engineering Department University of Minnesota Duluth, 55812 37, USA",1,"University of Minnesota, Duluth",I4210115145,no
"Electrical and Cumputer Engineering Department, University of Minnesota Duluth, USA",1,"University of Minnesota, Duluth",I4210115145,no
"Elizabeth K. (Liz) Harper (photo) received her B.A. from Moorhead State University and her M.S. from the University of Minnesota, St. Paul. Over the last 15 years, she has worked on a variety of projects, including the black-footed ferret reintroduction in Wyoming, the Minnesota wolf project, and various small-mammal and herpetofaunal projects for Minnesota's County Biological Survey (MCBS), the Smithsonian, The School for Field Studies, Moorhead State University, and the University of North Dakota. She is currently an animal survey specialist with MCBS. Her interests include amphibian, reptile, and small-mammal ecology, and wolf-livestock conflicts",1,Smithsonian Institution | Minnesota State University Moorhead,I103187081 I166613482,no
"English/Division of the Humanities, University of Minnesota, Morris, Morris, USA E-mail",1,University of Minnesota Morris,I4210162301,no
"Environmental Health and Safety Office of Vice Presidentfor University Services W-140 Boynton Health Service 410 Church Street S.E. Minneapolis , MN 55455",1,,,no
"Eric D. Adler Division of Cardiology, Department of Medicine, University of Colorado School of Medicine, Aurora (L.A.A.). Division of Cardiovascular Medicine, Department of Medicine, University of California San Diego (E.D.A.). l'Institut del Cor, Hospital Universitari Germans Trias i Pujol, Badalona, Spain (A.B.-G.). Temple Heart and Vascular Institute, Lewis Katz School of Medicine at Temple University, Philadelphia, PA (M.A.B.-B.). Division of Cardiology, Department of Medicine, University of Pennsylvania, Philadelphia (J.A.C.). Cardiovascular Division, Brigham and Women's Hospital, Boston, MA (B.L.C., C.Y.H.). Division of Cardiovascular Medicine, Department of Medicine, University of Utah, Salt Lake City (J.C.F.). Department of Cardiology, Copenhagen University Hospital, Rigshospitalet, Denmark (F.G.). The Cardiovascular Center, Tufts Medical Center, Boston, MA (N.K.K.). Sarver Heart Center, University of Arizona, Tucson (J.L.C., S.E.K., N.K.S.). Section of Advanced Heart Failure and Mechanical Circulatory Support, UMass Memorial Medical Center, Worcester, MA (R.D.K.). Section of Advanced Heart Failure and Transplant Cardiology, Henry Ford Hospital, Detroit, MI (D.E.L.). Department of Medicine, Minneapolis VA Health Care System and University of Minnesota, Minneapolis (O.V.)",1,University of California San Diego | University of Colorado Anschutz | University of Pennsylvania | Temple University | Brigham and Women's Hospital | Hospital Universitari Germans Trias i Pujol,I36258959 I51713134 I79576946 I84392919 I1283280774 I4210153460,no
Ethical approval: The institutional review boards at the University of Minnesota and the University of Illinois at Chicago approved this study,1,University of Illinois Chicago,I39422238,no
"Ethical approval: This research study was approved by the human subjects institutional review boards of the University of Minnesota (IRB #0905S66901, approved June 5, 2009) and Mayo Clinic (IRB #13-004612, approved July 13, 2013)",1,Mayo Clinic,I1330342723,no
Ethical approval: This study was approved as exempt by the University of Minnesota institutional review board,1,,,no
"F. L. Suarez is associate medical director, Ross Products Division, Abbott Laboratories, Columbus, Ohio. At the time the study was completed, he was with the University of Minnesota Research Service, Minneapolis, USA",1,,,no
"Faculty of Arts and Humanities, Islamic University of Minnesota",1,Islamic University of Minnesota,I4405261387,no
"Faculty of Dentistry, 2001 McGill College Avenue, Suite 500, McGill University, Montreal, Quebec, H3A 1G1, Canada; Alan Edwards Centre for Research on Pain, 740 Dr. Penfield Avenue, Suite 3100, McGill University, Montreal, Quebec, H3A 0G1, Canada; Department of Orthopaedic Surgery, Graduate School of Medicine, Chiba University, 1-8-1 Inohana, Chuo-ku, Chiba City, Chiba, 260-8677, Japan; Faculty of Medicine, Departments of Pharmacology and Toxicology, Anesthesiology, Neurology and Neurosurgery, 3605 de la Montagne, Montreal, Quebec, H3G 2M1, Canada; Faculty of Medicine, Department of Anesthesiology, 420 Delaware Street SE, MMC 294, University of Minnesota, Minneapolis, MN, 55455, USA. Electronic address: stone@umn.edu",1,McGill University | Chiba University,I5023651 I159385669,no
"Faculty of Economics and Business Administration, Islamic University of Minnesota, Minneapolis, MN 55420, USA",1,Islamic University of Minnesota,I4405261387,no
"Faculty of Zoology, Program in Environmental Biology, College of Biological Sciences, Columbus,",1,The Ohio State University,I52357470,no
"Fairview Health Services, University of Minnesota Medical Center, Minneapolis, MN, USA",1,Fairview Health Services | University of Minnesota Medical Center,I1309104334 I4210135252,no
"Fairview-University of Minnesota Medical Center, Histocompatibility Laboratory, Minneapolis, USA",1,University of Minnesota Medical Center,I4210135252,no
"Family Social Science, 290 McNeal Hall, 1985 Buford Circle, St. Paul, MN, 55108, USA",1,,,no
"Federal Reserve Bank of Minneapolis and University of Minne-sota; Graham, Federal Reserve Bank of Minneapolis; Hewitt,",1,Federal Reserve Bank of Minneapolis,I1341575764,no
"Fellow in Dermatology and Syphilology, Mayo Foundation, University of Minnesota, Rochester, Minnesota",1,University of Minnesota Rochester,I4210120349,no
"Feminists. Cultural Practices in Italy. Minneapolis and London: University of Minnesota Press, 1994",1,,,no
"Finance and MIS Department, School of Business and Economics, University of Minnesota Duluth, Building 150, 10 University Drive, Duluth, MN 55812-2496, USA",1,"University of Minnesota, Duluth",I4210115145,no
"Finn Gustafsson Division of Cardiology, Department of Medicine, University of Colorado School of Medicine, Aurora (L.A.A.). Division of Cardiovascular Medicine, Department of Medicine, University of California San Diego (E.D.A.). l'Institut del Cor, Hospital Universitari Germans Trias i Pujol, Badalona, Spain (A.B.-G.). Temple Heart and Vascular Institute, Lewis Katz School of Medicine at Temple University, Philadelphia, PA (M.A.B.-B.). Division of Cardiology, Department of Medicine, University of Pennsylvania, Philadelphia (J.A.C.). Cardiovascular Division, Brigham and Women's Hospital, Boston, MA (B.L.C., C.Y.H.). Division of Cardiovascular Medicine, Department of Medicine, University of Utah, Salt Lake City (J.C.F.). Department of Cardiology, Copenhagen University Hospital, Rigshospitalet, Denmark (F.G.). The Cardiovascular Center, Tufts Medical Center, Boston, MA (N.K.K.). Sarver Heart Center, University of Arizona, Tucson (J.L.C., S.E.K., N.K.S.). Section of Advanced Heart Failure and Mechanical Circulatory Support, UMass Memorial Medical Center, Worcester, MA (R.D.K.). Section of Advanced Heart Failure and Transplant Cardiology, Henry Ford Hospital, Detroit, MI (D.E.L.). Department of Medicine, Minneapolis VA Health Care System and University of Minnesota, Minneapolis (O.V.)",1,University of California San Diego | University of Colorado Anschutz | University of Pennsylvania | Temple University | University of Utah | Brigham and Women's Hospital | Rigshospitalet | Hospital Universitari Germans Trias i Pujol,I36258959 I51713134 I79576946 I84392919 I223532165 I1283280774 I2802709434 I4210153460,no
"First and second authors: The University of Queensland, Queensland Alliance for Agriculture and Food Innovation, St. Lucia, QLD 4072, Australia; third author: Department of Agriculture and Fisheries, Hermitage Research Facility, 604 Yangan Rd, Warwick, QLD 4370, Australia; fourth author: Department of Agronomy and Plant Genetics, University of Minnesota, St. Paul 55108; and fifth and sixth authors: The University of Sydney, Plant Breeding Institute Cobbitty, Private Bag 4011, Narellan, NSW 2167, Australia",1,The University of Sydney | The University of Queensland,I129604602 I165143802,no
"Former Consultant, Section of Physiology, Mayo Clinic; Emeritus Professor of Physiology, Mayo Foundation, Graduate School, University of Minnesota; Rochester, Minnesota. Presently Vascular Laboratory, Lovelace Clinic, Albuquerque, New Mexico",1,Mayo Clinic | University of Minnesota Rochester | Lovelace Medical Center,I1330342723 I4210120349 I4210131464,no
"From Brigham and Women’s Hospital (A.K.S., S.S.), Harvard Medical School (A.K.S., S.S.), Boston University School of Medicine (S.S.W.), and Boston Medical Center (S.S.W.) — all in Boston; KJC Statistics, Cheadle (K.C.), School of Public Health, Imperial College London (V.J.), King’s College Hospital (I.C.M.), and the Department of Renal Medicine, University College London (D.C.W.), London, GlaxoSmithKline, Brentford (L.K. X.Z.), and the British Heart Foundation Cardiovascular Research Centre, University of Glasgow, Glasgow (J.J.V.M.) — all in the United Kingdom; University of New South Wales, Sydney (V.P.); George Institute for Global Health, New Delhi (V.J.) and Prasanna School of Public Health (V.J.), Manipal Academy of Higher Education, Manipal (V.J.) — both in India; Hennepin Healthcare, University of Minnesota, Minneapolis (K.L.J.); Duke University Medical Center, Duke Clinical Research Institute, Durham, NC (R.D.L.); Universidad Panamericana School of Medicine, Mexico City (G.T.O",1,UNSW Sydney | University College London | Imperial College London | Boston University | Brigham and Women's Hospital | Boston Medical Center,I31746571 I45129253 I47508984 I111088046 I1283280774 I1286490081,no
"From Brigham and Women’s Hospital (A.K.S., S.S.), Harvard Medical School (A.K.S., S.S.), and Boston University School of Medicine and Boston Medical Center (S.S.W.) — all in Boston; KJC Statistics, Cheadle (K.C.), the British Heart Foundation Cardiovascular Research Centre, University of Glasgow, Glasgow (J.J.V.M.), the School of Public Health, Imperial College London (V.J.), King’s College Hospital (I.C.M.), and the Department of Renal Medicine, University College London (D.C.W.), London, and GlaxoSmithKline, Brentford (L.K.) — all in the United Kingdom; George Institute for Global Health, New Delhi, and Prasanna School of Public Health, Manipal Academy of Higher Education, Manipal — both in India (V.J.); Hennepin Healthcare, University of Minnesota, Minneapolis (K.L.J.); Duke University Medical Center, Duke Clinical Research Institute, Durham, NC (R.D.L.); Universidad Panamericana School of Medicine, Mexico City (G.T.O.); the University of Würzburg, Würzburg, Germany (C.W.); the Medi",1,University of Glasgow | University of Würzburg | University College London | Imperial College London | Boston University | Brigham and Women's Hospital | Boston Medical Center | Duke Medical Center,I7882870 I25974101 I45129253 I47508984 I111088046 I1283280774 I1286490081 I4210126298,no
"From Infectious Disease Clinical Research Program (NFCC, AW, DRH, TL, GC, AM, KM, BKA), Uniformed Services University of the Health Sciences, Bethesda, Maryland; Infectious Disease Clinic (NFCC, AM), Naval Medical Center San Diego, San Diego, California; San Diego State University (NFCC, AHS, SKB), San Diego, California; Infectious Disease Clinic (AW), Walter Reed Army Medical Center, Washington, DC; Infectious Disease Service (DRH, KM), San Antonio Military Medical Center, San Antonio, Texas; Infectious Disease Clinic (TL), Naval Medical Center Portsmouth, Virginia; and Division of Biostatistics (GC), University of Minnesota, Minneapolis, Minnesota",1,San Diego State University | Uniformed Services University of the Health Sciences | Naval Medical Center San Diego | Walter Reed National Military Medical Center,I26538001 I148314036 I1296080982 I2800363604,no
"From Johns Hopkins University (D.J.H.M., J.S., H.B., D.M.B., P.D., J.F., A. Hillis, A. Hoke, R.J., D.K., S.M.L., G.M., A.R., A.W.S., K.S., H.S., J.D.G., R.F.), Baltimore, MD; Harvard Medical School (J.T.C.), Boston, MA; Stanford University (H.T.G.), CA; Kennedy Krieger Institute (M.J., J.W.M.), Baltimore, MD; University of Minnesota (J.K.), Minneapolis; Duke University Medical Center (J.K.), Durham, NC; National Institutes of Health (K.B.N.), Bethesda, MD; Invitrogen Corporation (M.R.), Carlsbad,",1,Stanford University | Harvard University | Johns Hopkins University | Kennedy Krieger Institute,I97018004 I136199984 I145311948 I1298154867,no
"From Mayo Clinic and Mayo Foundation: Section of Anesthesiology (Dr. Dawson), and of Medicine (Dr. Sanderson). Mayo Gmduate School of Medicine (University of Minnesota), Rochester: Resident in Anesthesiology (Dr. Wang)",1,Mayo Clinic | University of Minnesota Rochester,I1330342723 I4210120349,no
"From Stanford Stroke Center, Department of Neurology and Neurological Sciences, Stanford University, Palo Alto (G.W.A., N.E.S., M.G.L.), Genentech, South San Francisco (B.P., M.Y., L.M., X.-Y.L., G.A.R.), and the Department of Neurology, Southern California Permanente Medical Group, Los Angeles Medical Center (N.S.), and the Department of Neurology, University of California, Los Angeles (D.S.L.), Los Angeles — all in California; the Department of Neurology, ProMedica Toledo Hospital, University of Toledo, Toledo (M.J., S.F.Z.), and the Department of Emergency Medicine (C.E.K.) and the Department of Neurology and Rehabilitation Medicine, University of Cincinnati Gardner Neuroscience Institute (J.P.B.), College of Medicine, University of Cincinnati, Cincinnati — both in Ohio; the Department of Neurology, University of Minnesota, Minneapolis (C.S.); the Department of Medicine, University of Alberta, Edmonton, Canada (A.S.); the Department of Neurology, Feinberg School of Medicine, Northwe",1,"University of Cincinnati | University of Toledo | Stanford University | University of Alberta | University of California, Los Angeles | Los Angeles Medical Center",I63135867 I90871651 I97018004 I154425047 I161318765 I4210096972,no
"From Stanford University (K.J.M.), CA; Brigham & Women's Hospital (P.B.P., L.V.M., T.F.M.), Harvard Medical School, Boston, MA; Emmes (R.C.M., C.B.), Rockville, MD; Northwestern University (E.G.), Evanston, IL; University of Southern California (L.K.), Los Angeles; Emory University (E.G.), Atlanta, GA; Minnesota Epilepsy Group (P.P.), St. Paul; University of Cincinnati (J.C.), OH; New York University (J.F.); Northwell Heath (S.H.); Columbia University (A.M.P.), New York, NY; Wake Forest University (M.S.), Winston-Salem, NC; University of Minnesota (A.K.B.), Minneapolis; and Baylor College of Medicine (R.F.), Houston, TX",1,University of Southern California | New York University | Columbia University | Stanford University | Northwestern University | Emory University | Brigham and Women's Hospital,I1174212 I57206974 I78577930 I97018004 I111979921 I150468666 I1283280774,no
"From University of California, San Francisco (J.W.P., C.Y., L.J.V., N.M.H., M.B.B., A.J.C., M.M., J.L., S.E.D., G.L.H., L.J.E.), and QuantumLeap Healthcare Collaborative (M.P.), San Francisco, Buck Institute for Research and Aging, Novato (C.Y.), University of California, Davis, Davis (M.H.), University of California, San Diego, San Diego (A.M.W., R.S., T.H.), and University of Southern California, Los Angeles (D.T.) - all in California; Georgetown Lombardi Comprehensive Cancer Center, Washington, DC (M.C.L., C.I.); University of Minnesota, Minneapolis (D.Y., T.C.H.), and Mayo Clinic, Rochester (J.C.B.) - both in Minnesota; M.D. Anderson Cancer Center, Houston (W.F.S., L.P., S.L.M., D.A.B.), University of Texas Southwestern Medical Center, Dallas (D.M.E., B.B.H.), and Berry Consultants, Austin (A.S., D.A.B.) - all in Texas; Gemini Group, Ann Arbor, MI (J.P.); University of Pennsylvania, Philadelphia (A.D.); Oregon Health and Sciences University, Portland (S.Y.C., K.A.K.); Swedish Medic",1,"University of California San Diego | University of California, Davis | University of California, San Francisco | Buck Institute for Research on Aging",I36258959 I84218800 I180670191 I1337826666,no
"From University of California, San Francisco (UCSF) (H.S.R., C.Y., L.J.V., M.B.B., N.M.H., A.J.C., C.E., J.L., S.E.D., G.L.H., L.J.E.), and QuantumLeap Healthcare Collaborative (M.P.), San Francisco, Buck Institute for Research and Aging, Novato (C.Y.), University of California, Davis, Davis (M.H.), University of California San Diego, San Diego (A.M.W., R.S.), and University of Southern California, Los Angeles (D.T.) - all in California; University of Chicago (O.I.O., R.N.), and Loyola University (K.S.A.), Chicago; University of Pennsylvania, Philadelphia (A.D.); Gemini Group, Ann Arbor, MI (J.P.); University of Texas M.D. Anderson Cancer Center, Houston (W.F.S., L.P., S.L.M., D.A.B.), UT Southwestern Medical Center, Dallas (D.M.E., B.B.H.), and Berry Consultants, Austin (A.S., D.A.B.) - all in Texas; University of Minnesota, Minneapolis (D.Y.), and Mayo Clinic, Rochester (J.C.B., T.C.H.) - both in Minnesota; Swedish Medical Center, Seattle (H.G.K.); Georgetown Lombardi Comprehensive C",1,"University of California San Diego | University of Chicago | University of California, Davis | University of California, San Francisco",I36258959 I40347166 I84218800 I180670191,no
"From University of Minnesota, St. Paul, Minnesota; McMaster University, Hamilton, Ontario, Canada; Kerman University of Medical Sciences, Kerman, Iran; and The Hospital for Sick Children Research Institute and University of Toronto, Toronto, Ontario, Canada",1,McMaster University | University of Toronto | Kerman University of Medical Sciences | Hospital for Sick Children,I98251732 I185261750 I235686326 I2801317318,no
"From the
*School of Pharmacy, †Department of Epidemiology, University of Washington, Seattle, Washington‡Women's Health Initiative Clinical Coordinating Center, Fred Hutchinson Cancer Research Center, Seattle, Washington§Group Health Cooperative, Seattle, Washington∥Department of Medicine, Division of Geriatric Medicine, School of Medicine, and ¶Department of Pharmacy and Therapeutics, School of Pharmacy, University of Pittsburgh, Pittsburgh, Pennsylvania#Center for Health Equity Research and Promotion, Veterans Administration Pittsburgh Health Care System, Pittsburgh, Pennsylvania**Department of Psychiatry, VU University Medical Center, Amsterdam, the Netherlands††Department of Medicine, Harvard Medical School, Beth Israel Deaconess Medical Center, Boston, Massachusetts‡‡College of Pharmacy, University of Minnesota, Minneapolis, Minnesota§§Epidemiology and Demography Section, Laboratory of Epidemiology, Demography, and Biometry, National Institute on Aging, Bethesda, Maryland***Physical Activity and Health Branch, National Center for Chronic Disease Prevention and Health Promotion, Centers for Disease Control and Prevention, Atlanta, Georgia",1,University of Pittsburgh | University of Washington | Centers for Disease Control and Prevention | Beth Israel Deaconess Medical Center | Fred Hutch Cancer Center | VA Pittsburgh Healthcare System,I170201317 I201448701 I1289490764 I1316535847 I4210089486 I4210133905,no
"From the (1) Department of Biochemistry and Molecular Biology, University of Minnesota, Duluth, Minnesota 55812",1,"University of Minnesota, Duluth",I4210115145,no
"From the * School of Pharmacy, † Department of Epidemiology, University of Washington, Seattle, Washington ‡ Women's Health Initiative Clinical Coordinating Center, Fred Hutchinson Cancer Research Center, Seattle, Washington § Group Health Cooperative, Seattle, Washington ∥ Department of Medicine, Division of Geriatric Medicine, School of Medicine, and ¶ Department of Pharmacy and Therapeutics, School of Pharmacy, University of Pittsburgh, Pittsburgh, Pennsylvania # Center for Health Equity Research and Promotion, Veterans Administration Pittsburgh Health Care System, Pittsburgh, Pennsylvania ** Department of Psychiatry, VU University Medical Center, Amsterdam, the Netherlands †† Department of Medicine, Harvard Medical School, Beth Israel Deaconess Medical Center, Boston, Massachusetts ‡‡ College of Pharmacy, University of Minnesota, Minneapolis, Minnesota §§ Epidemiology and Demography Section, Laboratory of Epidemiology, Demography, and Biometry, National Institute on Aging, Bethesda, Maryland *** Physical Activity and Health Branch, National Center for Chronic Disease Prevention and Health Promotion, Centers for Disease Control and Prevention, Atlanta, Georgia",1,University of Pittsburgh | University of Washington | Centers for Disease Control and Prevention | Group Health Cooperative | Beth Israel Deaconess Medical Center | VA Pittsburgh Healthcare System | Women's Health Initiative,I170201317 I201448701 I1289490764 I1304127598 I1316535847 I4210133905 I4210148317,no
"From the 1Division of Research, Kaiser Permanente of Northern California, Oakland, CA; 2University of California, San Diego, CA; 3Brigham and Women's Hospital, Boston, MA; 4Dana Farber Cancer Institute, Boston, MA; 5MsFLASH Coordinating Center, Fred Hutchinson Cancer Research Center, Seattle, WA; 6School of Nursing, Indiana University, Indianapolis, IN; 7Massachusetts General Hospital, Boston, MA; 8Harvard Medical School, Boston, MA; 9Departments of Obstetrics/Gynecology and Psychiatry, University of Pennsylvania School of Medicine, Philadelphia, PA; 10Group Health Research Institute, Seattle, WA; 11University of Washington School of Medicine, Seattle, WA; and 12VA Medical Center/University of Minnesota, Minneapolis, MN",1,Indiana University – Purdue University Indianapolis | University of Pennsylvania | Indiana University of Pennsylvania | Kaiser Permanente | Massachusetts General Hospital | Fred Hutch Cancer Center | Dana-Farber Cancer Institute | Indiana University Indianapolis,I55769427 I79576946 I200885203 I1343052199 I4210087915 I4210089486 I4210117453 I4388446366,no
"From the 1Group Health Research Institute, Seattle, WA; 2Departments of Obstetrics/Gynecology and Epidemiology, University of Washington School of Medicine, Seattle, WA; 3Data Coordinating Center, Fred Hutchinson Cancer Research Center, Seattle, WA; 4School of Nursing, University of Washington, Seattle, WA; 5Division of Research, Kaiser Permanente Medical Program of Northern California, Oakland, CA; 6School of Nursing, Indiana University, Indianapolis, IN; 7Department of Obstetrics and Gynecology, Indiana University School of Medicine, Indianapolis, IN; 8Department of Obstetrics/Gynecology, University of Pennsylvania, Philadelphia, PA; 9Massachusetts General Hospital, Boston, MA; 10Department of Medicine, VA Medical Center, Minneapolis, MN; and 11Division of Epidemiology and Community Health, University of Minnesota, Minneapolis, MN",1,Indiana University – Purdue University Indianapolis | University of Pennsylvania | University of Washington | Kaiser Permanente | Fred Hutch Cancer Center | Indiana University Indianapolis | Indiana University School of Medicine,I55769427 I79576946 I201448701 I1343052199 I4210089486 I4388446366 I4394709130,no
"From the Center for Research in the Implementation of Innovative Strategies in Practice (CRIISP) at the Iowa City Veterans Affairs Healthcare System, Iowa City, IA; 1 the Division of General Internal Medicine, Department of Internal Medicine, University of Iowa Carver College of Medicine, Iowa City, IA; 2 the Division of Clinical and Administrative Pharmacy, University of Iowa College of Pharmacy, Iowa City, IA; 3 the Division of Clinical Pharmacy Practice, Touro University, Vallejo, CA; 4 and the Center for Epidemiology and Clinical Research and the Section of Nephrology, Department of Medicine, Minneapolis Veterans Affairs Medical Center and Division of Renal Diseases and Hypertension, University of Minnesota, Minneapolis, MN 5",1,University of Iowa | Iowa City VA Health Care System | Iowa City VA Medical Center,I126307644 I4210132647 I4210135841,no
"From the Center of Excellence in Substance Addiction Treatment and Education, VA Puget Sound Health Care System, Seattle, WA (AML, AND, CAM, AJS, EJH); Seattle Center of Innovation for Veteran-Centered and Value-Driven Care, Health Services Research and Development, Veterans Affairs (VA) Puget Sound Health Care System, Seattle, WA (AML, AND, CAM, ECW, AJS, GGS, EJH); Department of Health Systems and Population Health, University of Washington, Seattle, WA (ECW); Informatics, Decision-Enhancement, and Analytic Sciences Center, Health Services Research and Development, VA Salt Lake City Health Care System, Salt Lake City, UT (AJG); Program for Addiction Research, Clinical Care, Knowledge and Advocacy, Department of Internal Medicine, University of Utah School of Medicine, Salt Lake City, UT (AJG); VA Puget Sound Health Care System, Seattle, WA (MAH); Department of Psychology, University of Washington, Seattle, WA (MAH); Department of Psychiatry and Behavioral Sciences, University of Washington School of Medicine, Seattle, WA (AJS, EJH); Center for Care Delivery and Outcomes Research, Health Services Research and Development, Minneapolis VA Health Care System, Minneapolis, MN (HJH); Department of Psychiatry, University of Minnesota, Minneapolis, MN (HJH); and Department of Health Services, University of Washington, Seattle, WA (GGS)",1,University of Washington | VA Puget Sound Health Care System,I201448701 I4210094549,no
"From the Cerebrovascular Clinical Research Center, Mayo Clinic and Foundation, and the Mayo Graduate School of Medicine (University of Minnesota), Rochester",1,Mayo Clinic | University of Minnesota Rochester,I1330342723 I4210120349,no
"From the Clinical Microbiology Section, Department of Anatomic, and Clinical Pathology, St. Paul Minnesota, USA",1,,,no
"From the Department of Adult Oncology, Dana-Farber Cancer Institute, Division of Medical Oncology, Brigham and Women's Hospital, Department of Medicine, Harvard Medical School, Boston, MA; Department of Pediatrics, Division of Bone Marrow Transplantation, University of Minnesota Cancer Center, Minneapolis, MN; SAIC Frederick and the Laboratory of Leukocyte Biology, MCI-FCRDC, Frederick, MD; Shering-Plough Research Institute, Kenilworth, NJ; and TIGET-H.S. RAFFAELE, Milan, Italy",1,Brigham and Women's Hospital | Dana-Farber Cancer Institute | Dana-Farber Brigham Cancer Center | Masonic Cancer Center,I1283280774 I4210117453 I4210161994 I4390039358,yes
"From the Department of Anaesthesiology, Emergency and Intensive Care Medicine (F. Vassalli, I.P., F.R., E.D., D.J.A., H.G., M. Bonifazi, M. Busana, M.M.M., L.G., P.H., G.H., O.M., M.Q., L.G.) Department of Experimental Animal Medicine (V.R.), University of Göttingen, Göttingen, Germany Department of Adult Critical Care, Guy's and St. Thomas' NHS Foundation Trust, Health Centre for Human and Applied Physiological Sciences, King's College London, London, United Kingdom (F. Vasques) Department of Pathology, Lodi General Hospital, Lodi, Italy (O.L.) Regions Hospital and University of Minnesota, St. Paul, Minnesota (J.J.M.)",1,University of Göttingen | King's College London | Guy's and St Thomas' NHS Foundation Trust,I74656192 I183935753 I200166805,no
"From the Department of Biochemistry and Molecular Biology, School of Medicine, University of Minnesota, Duluth, Minnesota 55812",1,"University of Minnesota, Duluth",I4210115145,no
"From the Department of Biochemistry and Molecular Biology, University of Minnesota, Duluth, Minnesota 55812",1,"University of Minnesota, Duluth",I4210115145,no
"From the Department of Emergency Medicine (UH, LDR, GA), the Brookdale Department of Geriatrics and Palliative Medicine (UH), and the Department of Health Evidence and Policy (LDR), Mount Sinai School of Medicine, New York, NY; the Geriatric Research, Education and Clinical Center, James J. Peters VA Medical Center (UH), Bronx, NY; the Department of Emergency Medicine, University of California San Francisco (EJW), San Francisco, CA; Emergency Services & PreHospital Care, St. Jude Medical Center (VS), Fullerton, CA; the Department of Emergency Medicine, MD Anderson Cancer Center (KT), Houston, TX; and the Department of Emergency Medicine, University of Minnesota Medical School (FA), Minneapolis, MN",1,"Icahn School of Medicine at Mount Sinai | University of California, San Francisco | St. Jude Medical Center | James J. Peters VA Medical Center",I98704320 I180670191 I2800436722 I4210116369,no
"From the Department of Emergency Medicine, Cleveland Clinic Foundation (WFP), Cleveland, OH; the Department of Emergency Medicine, Henry Ford Health System (RN), Detroit, MI; the Department of Pathology, University of Maryland School of Medicine (RC), Baltimore, MD; the Emergency Medicine Department, Sant’Andrea Hospital, University La Sapienza (SD), Rome, Italy; the Department of Emergency Medicine (SXN), Division of Cardiology (LBD), University of California, San Diego, CA; BRAHMS Aktiengesellschaft, Biotechnology Centre Hennigsdorf/Berlin (OH, NM), Berlin, Germany; the Department of Internal Medicine, University Hospital Basel (CM), Basel, Switzerland; Medical University, Department of Heart Diseases, Military Hospital (PP), Wroclaw, Poland; the Department of Cardiology, Charité Universitätsmedizin (MM), Berlin, Germany; the Department of Emergency Medicine, Virginia Commonwealth University Medical Center (CH), Richmond, VA; the Departments of Pathology and Laboratory Medicine, University of California (AHBW), San Francisco, CA; the Department of Medicine, University of Otago (MR), Christchurch, New Zealand; the Department of Cardiology, University of Athens (GSF), Athens, Greece; the Department of Cardiology, University of Minnesota Medical School, VA Medical Center (IA), Minneapolis, MN; Cardiovascular Sciences, Leicester Royal Infirmary, University of Leicester (LLN), Leicester, UK; Charité Universitätsmedizin Berlin, Department of Cardiology and the Centre for Clinical and Basic Research, San Raffaele (SDA), Rome, Italy; and the VA San Diego Healthcare System (ASM), San Diego, CA",1,"University of Basel | University of California San Diego | University of Maryland, Baltimore | University of Leicester | Henry Ford Health | National and Kapodistrian University of Athens | Sapienza University of Rome | Cleveland Clinic",I1850255 I36258959 I126744593 I153648349 I154057602 I200777214 I861853513 I1316902750,no
"From the Department of Epidemiology (A.D., M.K., A.H., C.M.v.D., Y.S.A., J.C.W.), Erasmus Medical Center, Rotterdam, The Netherlands; National Heart, Lung, and Blood Institute Framingham Heart Study (Q.Y., M.G.L., J.M.M., S.K., A.D.J., C.J.O.), Framingham, Mass; Department of Biostatistics (A.D., Q.Y., M.-H.C.), School of Public Health, Boston University; Department of Neurology and Framingham Heart Study (M.-H.C.), Boston University, Boston, Mass; Division of Biostatistics University of Minnesota ",1,Boston University | Erasmus MC | Framingham Heart Study,I111088046 I2801952686 I4210123017,no
"From the Department of Laboratory Medicine and Pathology, University of Minnesota Medical Center, Minneapolis (Dr Yohe)",1,University of Minnesota Medical Center,I4210135252,no
"From the Department of Medical Oncology, Dana-Farber Cancer Institute, Harvard Medical School, Boston, MA; the Department of Pediatrics, University of Minnesota Cancer Center, Division of Hematology, Oncology and Transplantation, Minneapolis, MN; and the Abramson Family Cancer Research Institute, University of Pennsylvania Cancer Center, Philadelphia, PA",1,University of Pennsylvania | Harvard University | Dana-Farber Cancer Institute,I79576946 I136199984 I4210117453,no
"From the Department of Medical Oncology, Division of Hematological Malignancies (R.C.L., C.C., J.H.A.), and the Departments of Pediatric Oncology (B.G.M.) and Biostatistics and Computational Biology (R.R., D.N.), Dana-Farber Cancer Institute, and the Division of Hematology, Brigham and Women's Hospital, Harvard Medical School (P.V.G., B.L.E.) - all in Boston; the Center for International Blood and Marrow Transplant Research, Medical College of Wisconsin, Milwaukee (W.S., T.W., Z.-H.H., S.J.L.); the Center for International Blood and Marrow Transplant Research, National Marrow Donor Program-Be the Match (M.D.H., S.R.S.), and the Pediatric Blood and Marrow Transplantation Center, University of Minnesota (M.R.V.) - both in Minneapolis; the Clinical Research Division, Fred Hutchinson Cancer Research Center, Seattle (S.J.L.); Memorial Sloan Kettering Cancer Center, New York (K.H.); and the Institute for Experimental Cellular Therapy, University Hospital Essen, Essen, Germany (K.F.)",1,Harvard University | Medical College of Wisconsin | Brigham and Women's Hospital | Memorial Sloan Kettering Cancer Center | Dana-Farber Cancer Institute | Dana-Farber Brigham Cancer Center,I136199984 I204308271 I1283280774 I1334819555 I4210117453 I4210161994,no
"From the Department of Medicine, Section of Cardiology (G.M., P.T.T., J.J.R., Z.H., Y.H.F., T.T., L.P., H.J.Z., E.M., S.L.A.), Department of Pathology (J.P.), Electron Microscopy Facility (Y.C.), and Departments of Medicine and Pharmacology (J.R.), University of Illinois at Chicago, Chicago, IL; Vascular Biology Group (X.W.), University of Alberta, Edmonton, Alberta, Canada; Section of Cardiology (E.K.W.), VA Medical Center and University of Minnesota, Minneapolis, MN",1,University of Illinois Chicago | University of Alberta,I39422238 I154425047,no
"From the Department of Medicine, The New York Presbyterian Hospital, Weill Medical College of Cornell University, New York, NY (GdS, RBD, JRK, MC, and JNB); the Department of Clinical and Experimental Medicine, Federico II University, Naples, Italy (GdS and MC); the Department of Preventive Medicine, University of Alabama at Birmingham, Birmingham, AL (AO); the Department of Medicine, Wake Forrest University School of Medicine, Winston-Salem, NC (DWK); the Department of Medicine, University of Utah School of Medicine, Salt Lake City, UT (PNH); the Division of Biostatistics, Washington University School of Medicine, St Louis, MO (DCR); and the Department of Epidemiology, University of Minnesota, Minneapolis, MN (DKA)",1,University of Alabama at Birmingham | Wake Forest University | University of Naples Federico II | Washington University in St. Louis | Cornell University | University of Utah | Weill Cornell Medicine | UAB Medicine,I32389192 I47251452 I71267560 I204465549 I205783295 I223532165 I4387153466 I4390039250,no
"From the Department of Medicine, University of North Carolina at Chapel Hill, Chapel Hill, NC; Department of Microbiology and Immunology, University of North Carolina at Chapel Hill, Chapel Hill, NC; the Lineberger Comprehensive Cancer Center, University of North Carolina at Chapel Hill, Chapel Hill, NC; and the Department of Pediatrics Division of Pediatric Bone Marrow Transplantation, the University of Minnesota Cancer Center, Minneapolis, MN",1,University of North Carolina at Chapel Hill | UNC Lineberger Comprehensive Cancer Center | Masonic Cancer Center,I114027177 I4390039329 I4390039358,yes
"From the Department of Neurology (L.S., F. Akpokiere, D.M.M., K.P., V.D., K.B., T.M.B., N.S.K., F. Khan, C.S., N. Mohammadzadeh, E.D.G., K.F., S. Yaghi), Warren Alpert Medical School of Brown University, Providence, RI; Vancouver Stroke Program (T.S.F., L.Z., P.G.), Division of Neurology, University of British Columbia, Vancouver, Canada; Department of Neurology (C.R.L.G.), Atrium Health, Charlotte, NC; Department of Neurology (J. Muppa, N.H.), University of Massachusetts Chan Medical School, Worcester; Department of Neurology (M. Affan, O.U.H.L.), University of Minnesota, Minneapolis; Department of Neurology (M.R.H., K.A., D.J.S., M. Arnold), Inselspital, University Hospital and University of Bern, Switzerland; Department of Neurology (S.S.O., R. Crandall), University of Colorado, Denver; Department of Neurology (E.L.), Weill Cornell Medicine, New York; ; Instituto Nacional de Neurología y Neurocirugía Manuel Velasco Suarez (D.L.-M., A. Arauz), Mexico City, Mexico; Service de neurolog",1,Brown University | University of British Columbia,I27804330 I141945490,no
"From the Department of Neurology (L.S., F. Akpokiere, D.M.M., K.P., V.D., K.B., T.M.B., N.S.K., F. Khan, C.S., N. Mohammadzadeh, E.D.G., K.F., S. Yaghi), Warren Alpert Medical School of Brown University, Providence, RI; Vancouver Stroke Program (T.S.F., L.Z., P.G.), Division of Neurology, University of British Columbia, Vancouver, Canada; Department of Neurology (C.R.L.G.), Atrium Health, Charlotte, NC; Department of Neurology (J. Muppa, N.H.), University of Massachusetts Chan Medical School, Worcester; Department of Neurology (M. Affan, O.U.H.L.), University of Minnesota, Minneapolis; Department of Neurology (M.R.H., K.A., D.J.S., M. Arnold), Inselspital, University Hospital and University of Bern, Switzerland; Department of Neurology (S.S.O., R. Crandall), University of Colorado, Denver; Department of Neurology (E.L.), Weill Cornell Medicine, New York; ; Instituto Nacional de Neurología y Neurocirugía Manuel Velasco Suarez (D.L.-M., A. Arauz), Mexico City, Mexico; Service de neurologie (A.N., M.B., E.T.)",1,Brown University | University of British Columbia,I27804330 I141945490,no
"From the Department of Orthopaedic Surgery (Dr. Doxey, Mr. Huyke-Hernández, Dr. Cunningham), Park Nicollet Methodist Hospital, St. Louis Park, MN (Dr. Doxey, Huyke-Hernández, and Dr. Cunningham); the Department of Orthopaedic Surgery(Dr. Doxey, Huyke-Hernández, Dr. Robb, Dr. Bohn, Dr. Cunningham), TRIA Orthopaedic Institute, Bloomington, MN (Dr. Doxey, Huyke-Hernández, Dr. Robb, Dr. Bohn, and Dr. Cunningham); and the Department of Orthopaedic Surgery, University of Minnesota, Minneapolis, MN (Dr. Bohn)",1,Park Nicollet Methodist Hospital | TRIA Orthopaedic Center,I4210133123 I4210139300,no
"From the Department of Pediatrics, Division of Bone Marrow Transplantation, University of Minnesota Cancer Center, Minneapolis; the Department of Pathology, University of Cambridge, United Kingdom; and the Department of Microbiology, Dartmouth Medical College, Hanover, NH",1,University of Cambridge | Dartmouth College | Masonic Cancer Center,I241749 I107672454 I4390039358,yes
"From the Department of Psychiatry and Behavioral Neuroscience (A.B.G.), The University of Chicago, Chicago, Illinois; Departments of Biostatistics (R.D.C., L.C.) and Clinical Research (S.G.E., S.A.W.), Neuropsychiatric Research Institute, Fargo, North Dakota; Department of Clinical Neuroscience (R.D.C., S.G.E., S.A.W.), University of North Dakota School of Medicine and Health Sciences, Fargo, North Dakota; Department of Psychiatry (N.D., K.C.B., S.J.C., C.B.P.), University of Minnesota Medical School, Minneapolis, Minnesota; Department of Clinical Operations (H.M.B.), Medtronic, Minneapolis, Minnesota; and Department of Research (S.J.C.), The Emily Program, St Paul, Minnesota",1,University of North Dakota | University of Chicago | Neuropsychiatric Research Institute,I24571045 I40347166 I4210093608,no
"From the Department of Radiology (R.G.G., K.L.F., G.V.G., S.K., S.P., G.J.H., E.F.H., E.C.S.C., M.H.L.), and Department of Radiology and Institute for Technology Assessment (E.F.H.), Massachusetts General Hospital and Harvard Medical School, Boston, MA; ICON Medical Imaging (Beacon Bioscience), North Wales, PA (G.V.G.); Department of Neurology (W.S.S.), and Department of Radiology (W.P.D.), University of California at San Francisco, CA; Department of Radiology, University of Minnesota, Minneapolis ",1,Harvard University | Massachusetts General Hospital,I136199984 I4210087915,no
"From the Department of Radiology, University of Washington, 825 Eastlake Ave E, G2-600, Seattle, WA 98109 (S.C.P.); Department of Biostatistics (Z.Z.) and Center for Statistical Sciences (Z.Z., H.S.M., J.R.), Brown University, Providence, RI; American College of Radiology Imaging Network (ACRIN), Reston, Va (Z.Z., H.S.M., J.R.); Department of Radiology and Biomedical Imaging, University of California, San Francisco, San Francisco, Calif (D.C.N., J.E.G., B.N.J., L.J.E., N.M.H.); Department of Radiology/MRI, University of Michigan, Ann Arbor, Mich (T.L.C.); Department of Radiology, University of Pennsylvania, Philadelphia, Pa (M.A.R.); Department of Radiology, Center for Magnetic Resonance Research, University of Minnesota, Minneapolis, Minn (P.J.B.); American College of Radiology and ECOG-ACRIN Cancer Research Group, Reston, Va (L.C.); Department of Radiology, University of Alabama, Birmingham, Birmingham, Ala (H.R.U.); Department of Radiology, University of California, San Diego, San D",1,"Brown University | University of Michigan | University of California San Diego | University of Pennsylvania | University of California, San Francisco | University of Washington",I27804330 I27837315 I36258959 I79576946 I180670191 I201448701,no
"From the Department of Research, University Hospital, Basel, Switzerland; the Department of Pediatrics, Heme/Onc/BMT Division, University of Minnesota Cancer Center, Minneapolis; Amgen Inc, Thousand Oaks, CA; and the Division of Research Immunology/BMT, Children's Hospital, Los Angeles, CA",1,University Hospital of Basel | Masonic Cancer Center,I2802542264 I4390039358,yes
"From the Department of Social and Preventive Medicine, University at Buffalo, State University of New York, Buffalo, NY (JLF); the Departments of Biostatistics (JR), Nutrition (SAS-W, ER, WCW, and DJH), and Epidemiology (SAS-W, GC, ER, WCW, and DJH), Harvard School of Public Health, Boston, MA; the Cancer Prevention Studies Branch, Division of Clinical Sciences, National Cancer Institute, Bethesda, MD (DA); the Cancer Institute of New Jersey, UMDNJ–Robert Wood Johnson Medical School, New Brunswick, NJ (EVB); the Department of Epidemiology, Maastricht University, Maastricht, Netherlands (PAB); Harvard Center for Cancer Prevention, Boston, MA (GC, WCW, and DJH); the Channing Laboratory, Harvard Medical School/Brigham and Women’s Hospital, Boston, MA (GC, DF, WCW, and DJH); the Department of Epidemiology, TNO Nutrition and Food Research Institute, Zeist, Netherlands (RAG); the Division of Epidemiology, School of Public Health, University of Minnesota, Minneapolis, MN (LH); the Department of Public Health Sciences, Faculty of Medicine, University of Toronto, Toronto, Canada (ABM); the Department of Epidemiology and Population Health, Albert Einstein College of Medicine, Bronx, NY (TER); Cancer Prevention and Control, H Lee Moffitt Cancer Center and Research Institute, Tampa, FL (TAS); and the Department of Epidemiology and Health Promotion, National Public Health Institute, Helsinki, Finland (JV)",1,"Maastricht University | University at Buffalo, State University of New York | University of Toronto | National Cancer Institute",I34352273 I63190737 I185261750 I4210140884,no
"From the Department of Surgery (B.L.S., T.P.A., M.M.S.), Department of Radiology (B.L.S., S.D.H., H.P.), University of Vermont Cancer Center (B.L.S., S.A.N., T.P.A., S.D.H., P.A.K., H.P., M.M.S., P.M.V., D.L.W.), Department of Pathology and Laboratory Medicine (S.A.N., D.L.W.), Department of Medicine (P.A.K.), and Department of Biostatistics (P.M.V.), University of Vermont Larner College of Medicine, 1 S Prospect St, UHC Bldg Rm 4425, Burlington, VT 05401; and Bachelor of Individualized Studies Program, College of Liberal Arts, University of Minnesota, Minneapolis, Minn (C.O.)",1,University of Vermont | University of Vermont Medical Center,I111236770 I2801980284,no
"From the Department of Surgery (B.S.K., R.P., P.M., T.A.d.-C., Co.T., R.M.), Comprehensive Injury Center (T.A.d.-C.), Medical College of Wisconsin, Milwaukee, Wisconsin; Department of Surgery (M.R.H.), University of Michigan, Ann Arbor, Michigan; Department of Surgery (K.H.), Duke University, Durham, North Carolina; Department of Surgery (T.J.P.), University of Texas Health Science Center, Houston, Texas; Department of Surgery (A.C.), School of Public Health (A.C.), University of North Carolina, Chapel Hill, North Carolina; Department of Surgery (Ch.T.), Institute for Health Informatics (Ch.T.), University of Minnesota, Minneapolis; and Department of Surgery (Ch.T.), North Memorial Health Hospital, Robbinsdale, Minnesota",1,University of Michigan | Duke University | Medical College of Wisconsin | The University of Texas Health Science Center at Houston,I27837315 I170897317 I204308271 I919571938,no
"From the Department of Surgery (C.M., G.J.), University of Washington, Seattle, Washington, The Center for Injury Research and Policy (E.M.), The Johns Hopkins School of Hygiene and Public Health, the Department of Physical Medicine and Rehabilitation (B.D.), The Johns Hopkins School of Medicine, and The R Adams Cowley Shock Trauma Center (A.B.), University of Maryland, Baltimore, Maryland, Trauma and Critical Care Surgery (B.C.), Maine Medical Center, Portland, Maine, the Department of Orthopaedics and Rehabilitation (M.M.) and the Division of Trauma (J.M.), Vanderbilt University, Nashville, Tennessee, and the Department of Orthopaedics (M.S.), University of Minnesota, Minneapolis, Minnesota",1,"University of Maryland, Baltimore | Johns Hopkins University | Vanderbilt University | University of Washington | Johns Hopkins Medicine | Maine Medical Center",I126744593 I145311948 I200719446 I201448701 I2799853436 I4210123774,no
"From the Department of Urology (L.L.Y.), College of Medicine, University of Florida, Gainesville, Florida; Department of Surgery (A.A.M), Cleveland VAMC, Case Western Reserve University; Department of Surgery (J.J.C.), MetroHealth Medical Center, Cleveland, Ohio; Department of Surgery (B.R.), Harborview Medical Center, University of Washington, Seattle, Washington; Department of Surgery (J.K.), West Virginia University, Morgantown, West Virginia; Department of Surgery (M.A.P.), University of South Dakota, Sanford School of Medicine, Vermillion, South Dakota; Department of Surgery (J.K.L.), University of Illinois at Chicago, Illinois; and Department of Urology (P.D.), Minneapolis VAMC, University of Minnesota, Minneapolis, Minnesota",1,West Virginia University | University of Florida | University of Illinois Chicago | Case Western Reserve University | University of Washington | Harborview Medical Center | MetroHealth Medical Center,I12097938 I33213144 I39422238 I58956616 I201448701 I2802336062 I4210157264,no
"From the Departments of Anesthesiology, Emergency and Intensive Care Medicine (F. Collino, F. Rapetti, F.V., G.M., T.T., F. Romitti, J.N., T.B., G.H., P.H., E.D., F. Cipulli, O.M., M.Q., L.G.) Experimental Animal Medicine (V.R.) Pathology (K.H.), University of Göttingen, Göttingen, Germany Department of Adult Critical Care, Guy's and St Thomas' National Health Service Foundation Trust, King's Health Partners, and Division of Asthma, Allergy and Lung Biology, King's College London, London, United Kingdom (L.C.) Department of Pulmonary and Critical Care Medicine, Regions Hospital and University of Minnesota, Minneapolis/St. Paul, Minnesota (J.J.M.)",1,University of Göttingen | King's College London | Universitätsmedizin Göttingen,I74656192 I183935753 I4210116730,no
"From the Departments of Laboratory Medicine and Pathology, Minneapolis, Minnesota, U.S.A",1,,,no
"From the Departments of Medicine (C.T.B., N.E.I., K.M.H., A.A.H., B.P., S.L.F., N.A., N.V.R., S.M.E., H.G.S., M.F.P., D.R.B.) and Surgery (C.J.T., N.R.K.), Emergency Medicine (M.A.P., M.B.), and Laboratory Medicine and Pathology (A.B.K.), Medical School, the Divisions of Biostatistics (J.D.H., J.L.P., L.K.S., V.R., S. Lindberg, T.A.M.) and Epidemiology and Community Health (N.E.S.), School of Public Health, and the Department of Biomedical Engineering (D.J.O.), University of Minnesota, the Department of Emergency Medicine, Hennepin County Medical Center (M.A.P., W.J.T., M.B.), and the Investigational Drug Service Pharmacy, University of Minnesota–Fairview (D.G.L.), Minneapolis, and UnitedHealth Group, Optum Labs, Minnetonka (K.C.) — all in Minnesota; the Department of Medicine, School of Medicine, University of North Carolina, Chapel Hill (J.B.B.); the Department of Medicine, Northwestern University Feinberg School of Medicine, Chicago (D.M.L., R.F., S. Lee); the Department of Medicine",1,Hennepin County Medical Center,I2802288015,no
"From the Departments of Medicine (J.A.B., D.J.R., R.R.) and Epidemiology (J.A.B., E.L.B., L.A.M., J.R.R.), Geisel School of Medicine at Dartmouth, Hanover, and Department of Medicine, Dartmouth-Hitchcock Medical Center, Lebanon (D.J.R., R.R.) - both in New Hampshire; the Departments of Medicine (J.A.B., R.S.S.) and Biostatistics (A.I.), University of North Carolina at Chapel Hill, Chapel Hill; the Department of Pathology, Fairview Southdale Hospital, Edina (D.C.S.), and the Division of Environmental Health Sciences, University of Minnesota School of Public Health (T.R.C.), Minnesota Gastroenterology (A.S.K.), Department of Medicine, University of Minnesota (A.S.), and Minneapolis Veterans Affairs (VA) Medical Center (A.S.), Minneapolis - all in Minnesota; the Department of Epidemiology, Rollins School of Public Health, Emory University and Winship Cancer Institute, Emory University, Atlanta (R.M.B., M.G.); the Department of Mathematics and Statistics, University of Vermont, Burlington",1,University of North Carolina at Chapel Hill | Dartmouth–Hitchcock Medical Center,I114027177 I1289422878,no
"From the Departments of Medicine (Section of Cardiology) and Pharmacology, Center for Cardiovascular Research (T.A., V.S., G.-F.C., R.D.M., T.F., R.D.M.); Department of Pharmacology, Center for Lung and Vascular Biology, Center for Cardiovascular Research (N.U., J.O., R.D.M., M.U.-F.); and Department of Biochemistry and Molecular Genetics (E.B.M., J.H.K.), University of Illinois at Chicago; Cardiovascular Division (H.W., Y.H.), Department of Medicine, University of Minnesota, Minneapolis; and",1,University of Illinois Chicago,I39422238,no
"From the Departments of Medicine, Microbiology and Immunology, and the Lineberger Comprehensive Cancer Center, University of North Carolina at Chapel Hill, NC; the Department of Pediatrics, Division of Pediatric Bone Marrow Transplantation, and the University of Minnesota Cancer Center, Minneapolis",1,University of North Carolina at Chapel Hill | UNC Lineberger Comprehensive Cancer Center,I114027177 I4390039329,no
"From the Departments of Oncology (E.A.D., K.E.S., Z.L.C., E.J.M., Z.X., E.S.A., C.D.G., M.A.), Pathology (C.D.G., M.A.), and Genetic Medicine (M.A.), the Medical Scientist Training Program (E.A.D.), the Telomere Center (E.A.D., K.E.S., Z.L.C., E.J.M., Z.X., M.A.), and Sidney Kimmel Comprehensive Cancer Center (K.E.S., E.S.A., C.D.G., M.A.), Johns Hopkins University School of Medicine, and the Department of Biology, Krieger School of Arts and Sciences, Johns Hopkins University (M.G.T., S.M.Y., R.C.M.) — both in Baltimore; the Child Neurology Residency Program, Boston Children’s Hospital, Boston (D.L.G.); the Department of Pathology and Laboratory Medicine, Sylvester Comprehensive Cancer Center, Miller School of Medicine, University of Miami, Miami (D.B.L.); and the Division of Hematology, Oncology, and Transplantation, University of Minnesota Masonic Cancer Center, Minneapolis (E.S.A.)",1,Boston Children's Hospital | Sylvester Comprehensive Cancer Center | Sidney Kimmel Comprehensive Cancer Center,I1288882113 I4210157065 I4210164401,no
"From the Departments of Ophthalmology (J.J.C., M.T.B.), Neurology (J.J.C., E.P.F., M.T.B., J.J., D.D., A.S.L.C., B.G.W., A.M., J.-M.T., V.A.L., C.F.L., A.K., S.J.P.), Laboratory Medicine and Pathology (E.P.F., J.J., D.D, J.P.F., A.M., V.A.L., S.J.P.), and Immunology (V.A.L.) and Center for MS and Autoimmune Neurology (E.P.F., D.D., B.G.W., A.M., V.A.L., C.F.L., A.K., S.J.P.), Mayo Clinic, Rochester, MN; Department of Ophthalmology and Visual Neurosciences (C.M.M., M.S.L.), University of Minnesota,",1,,,no
"From the Departments of Pediatrics and Radiology, University of Minnesota Medical Center, Minneapolis",1,University of Minnesota Medical Center,I4210135252,no
"From the Departments of Radiology (D.W., B.J., R.J.L., A.R., K.M., R.K.R., K.T.S., A.C.L., R.S., R.A.O.), Hepatology (L.M.K.), and Medicine (M.F.M., R.S.), Feinberg School of Medicine, Robert H. Lurie Comprehensive Cancer Center (R.J.L., L.M.K., M.F.M., A.C.L., R.S., R.A.O.), and Biomedical Engineering Department, McCormick School of Engineering (A.C.L., R.A.O.), Northwestern University, Chicago, Ill; Center for Magnetic Resonance Research, University of Minnesota, Minneapolis, Minn (D.W.); and Department of Radiology, University of Illinois Hospital and Health Sciences System, Chicago, Ill (R.C.G.)",1,Robert H. Lurie Comprehensive Cancer Center of Northwestern University,I4390039227,no
"From the Departments of Radiology, Pediatrics and Laboratory Medicine and Pathology, University of Minnesdota Hospitals, Minneapolis, Minnesota USA",1,,,no
"From the Departments of Urology, University Hospitals, Minneapolis, Minnesota",1,,,no
"From the Division of Biochemistry, Mayo Foundation, University of Minnesota, Rochester, Minnesota",1,University of Minnesota Rochester,I4210120349,no
"From the Division of Hematology/Oncology, Department of Pediatrics, University of Cincinnati College of Medicine, and Cincinnati Children's Hospital Medical Center, Cincinnati, OH; the University of Southern California Keck School of Medicine; the Children's Oncology Group, Arcadia, CA; the Department of Pediatrics, University of Minnesota Cancer Center; and the Department of Pediatrics, The Children's Hospital of Philadelphia, PA",1,University of Southern California | University of Cincinnati | Cincinnati Children's Hospital Medical Center | Children's Hospital of Philadelphia,I1174212 I63135867 I1285204247 I1335321130,no
"From the Division of Pediatric Rehabilitation Medicine (S.E.B., K.R., A.W., A.B., T.S.), Rady Children's Hospital San Diego; Department of Orthopaedic Surgery (S.E.B., K.R.), University of California San Diego, San Diego; Department of Trauma (W.L.B., D.B., M.C.), Scripps Memorial Hospital La Jolla; Division of Trauma/Acute Care Surgery (W.L.B.), Scripps Clinic/Scripps Clinic Medical Group, La Jolla, California; Division of Critical Care and Acute Care Surgery, Department of Surgery (T.C.), University of Minnesota Medical School, Minneapolis, Minnesota; Division of Pediatric Surgery, Department of Surgery (R.I.), University of California San Diego School of Medicine; and Division of Trauma, Surgical Critical Care, Burns and Acute Care Surgery, Department of Surgery (L.H.), University of California, San Diego, La Jolla, California",1,University of California San Diego | Rady Children's Hospital-San Diego | Scripps Memorial Hospital | Scripps Clinic Medical Group | Scripps Clinic,I36258959 I4210087384 I4210107570 I4210109568 I4210146328,no
"From the Division of Urology, Department of Surgery (S.K., D.P.P., J.M.H., J.B.M.), Department of Radiology (B.E.P., D.M.R.), Division of Epidemiology, Department of Internal Medicine (G.J.S.), Department of Surgery (R.N.), University of Utah, Salt Lake City, Utah; Division of Acute Care Surgery (X.L.-O., K.M.), Loma Linda University Medical Center, Loma Linda, California; Division of Trauma and Surgical Critical Care (B.J.M., S.M.), Intermountain Medical Center, Murray, Utah; Department of Urology (J.P.), Department of Surgery (C.M.D.), University of Wisconsin, Milwaukee, Wisconsin; Department of Urology, Hennepin County Medical Center (I.S., S.P.E.,), University of Minnesota, Minneapolis, Minnesota; Department of Surgery (E.S.D.), Division of Trauma, Acute Care Surgery, and Surgical Critical Care, Department of Surgery (S.Z.), University of California Davis Medical Center, Sacramento, California; Department of Urology (B.G.S., B.A.E.), University of Iowa, Iowa City, Iowa; Department",1,Loma Linda University | Intermountain Healthcare | University of Utah | Loma Linda University Medical Center | Hennepin County Medical Center,I26347476 I108785884 I223532165 I1293502524 I2802288015,no
"From the Division of Urology, Department of Surgery (S.K., J.B.M.), Department of Radiology (B.E.P., D.M.R.), Division of Epidemiology, Department of Internal Medicine (C.Z.), Department of Surgery (R.N.), University of Utah, Salt Lake City, Utah; Division of Acute Care Surgery (X. L-O, K.M), Loma Linda University Medical Center, Loma Linda, California; Division of Trauma and Surgical Critical Care (B.J.M., S.M), Intermountain Medical Center, Murray, Utah; Department of Urology (J.P.), Department of Surgery (C.M.D.), University of Wisconsin, Milwaukee, Wisconsin; Department of Urology (I.S., S.P.E.), Hennepin County Medical Center, University of Minnesota, Minneapolis, Minnesota; Department of Surgery (E.S.D.); Division of Trauma, Acute Care Surgery, and Surgical Critical Care, Department of Surgery (S.Z.), University of California Davis Medical Center, Sacramento, California; Department of Urology (B.G.S., BA.E), University of Iowa, Iowa City, Iowa; Department of Urology (N.B., B.N.B",1,Loma Linda University | University of Iowa | University of Utah | Loma Linda University Medical Center | Intermountain Medical Center,I26347476 I126307644 I223532165 I1293502524 I2803061204,no
"From the Division of Urology, Department of Surgery (S.K., J.M.H., J.B.M.), Division of Epidemiology, Department of Internal Medicine (Y.X., A.P.P.), Department of Surgery (R.N.), University of Utah, Salt Lake City, Utah; Department of Urology (J.P.), Department of Surgery (C.M.D.), University of Wisconsin, Milwaukee, Wisconsin; Division of Acute Care Surgery (C.M.B., K.M.), Loma Linda University Medical Center, Loma Linda, California; Division of Trauma and Surgical Critical Care (B.J.M., S.M.), Intermountain Medical Center, Murray, Utah; Division of Trauma and Surgical Critical Care (B.P.S.), Hospital of the University of Pennsylvania, Philadelphia, Pennsylvania; Department of Urology (I.S., S.P.E.), Hennepin County Medical Center, University of Minnesota, Minneapolis, Minnesota; Department of Surgery (E.S.D.), Division of Trauma, Acute Care Surgery, and Surgical Critical Care, Department of Surgery (S.Z.), University of California Davis Medical Center, Sacramento, California; Depart",1,"Loma Linda University | University of Wisconsin–Milwaukee | University of Pennsylvania | University of California, Davis | University of Utah | Loma Linda University Medical Center | Hospital of the University of Pennsylvania",I26347476 I43579087 I79576946 I84218800 I223532165 I1293502524 I2799810409,no
"From the Division of Urology, Department of Surgery (S.K., R.A.M., J.M.H., J.B.M.), Department of Radiology (D.M.R., B.E.P.), Division of Epidemiology, Department of Internal Medicine (C.Z., A.P.P.), and Department of Surgery (R.N.), University of Utah, Salt Lake City, Utah; Division of Acute Care Surgery (X.L-O., K.M.), Loma Linda University Medical Center, Loma Linda, California; Division of Trauma and Surgical Critical Care (B.J.M., S.M.), Intermountain Medical Center, Murray, Utah; Department of Urology (J.P.), and Department of Surgery (C.M.D.), University of Wisconsin, Milwaukee, Wisconsin; Department of Urology (I.S., S.P.E.), Hennepin County Medical Center, University of Minnesota, Minneapolis, Minnesota; Department of Surgery (E.S.D.), and Division of Trauma, Acute Care Surgery, and Surgical Critical Care, Department of Surgery (S.Z.), University of California Davis Medical Center, Sacramento, California; Department of Urology (B.G.S., B.A.E.), University of Iowa, Iowa City, I",1,"Loma Linda University | University of Wisconsin–Milwaukee | University of California, Davis | University of Iowa | University of Utah | Loma Linda University Medical Center | Hennepin County Medical Center | Loma Linda University Health Care | University of California Davis Medical Center",I26347476 I43579087 I84218800 I126307644 I223532165 I1293502524 I2802288015 I4210095401 I4210160527,no
"From the Division of Urology, Department of Surgery (S.K., R.E.A., J.B.M.), Department of Radiology (D.M.R., B.E.P.), Division of Epidemiology, Department of Internal Medicine (G.J.S.), Department of Surgery (R.N.), University of Utah, Salt Lake City, Utah; Division of Acute Care Surgery (X.L.-O., K.M.), Loma Linda University Medical Center, Loma Linda, California; Division of Trauma and Surgical Critical Care (B.J.M., S.M.), Intermountain Medical Center, Murray, Utah; Department of Urology (J.P.), Department of Surgery (C.M.D.), Medical College of Wisconsin, Milwaukee, Wisconsin; Department of Urology (I.S., S.P.E.), Hennepin County Medical Center, University of Minnesota, Minneapolis, Minnesota; Department of Surgery (E.S.D.), Division of Trauma, Acute Care Surgery, and Surgical Critical Care, Department of Surgery (S.Z.), University of California Davis Medical Center, Sacramento, California; Department of Urology (B.G.S., B.A.E.), University of Iowa, Iowa City, Iowa; Department of U",1,Loma Linda University | University of Iowa | Medical College of Wisconsin | University of Utah | Loma Linda University Medical Center,I26347476 I126307644 I204308271 I223532165 I1293502524,no
"From the Divisions of Metabolism and Endocrinology , Universities of Washington and Minnesota , USA,",1,,,no
"From the Gastroenterology Unit, Mayo Clinic and Mayo Foundation, and the Mayo Graduate School of Medicine (University of Minnesota), Rochester, USA",1,Mayo Clinic | University of Minnesota Rochester,I1330342723 I4210120349,no
"From the Gastroenterology Unit, Mayo Clinic and Mayo Foundation: Resident in Internal Medicine, Mayo Graduate School of Medicine (University of Minnesota), Rochester, Minn., USA",1,Mayo Clinic | University of Minnesota Rochester,I1330342723 I4210120349,no
"From the Gastroenterology Unit, Mayo Clinic and Mayo Foundation: Section of Medicine, Mayo Graduate School of Medicine (University of Minnesota), Rochester, Minn., USA",1,Mayo Clinic | University of Minnesota Rochester,I1330342723 I4210120349,no
"From the Health Services Research & Development (HSR&D) Seattle Center of Innovation for Veteran-Centered and Value-Driven Care, Veterans Affairs (VA) Puget Sound Health Care System, Seattle, WA (EJH, CAM, ECW, AL, AND, AJS); Center of Excellence in Substance Addiction Treatment and Education, VA Puget Sound Health Care System, Seattle, WA (EJH, CAM, HJH, AL, AND, AJS); HSR&D Center for Care Delivery & Outcomes Research, Minneapolis VA Health Care System, Minneapolis, MN (HJH); HSR&D Center of Innovation: Informatics, Decision-Enhancement, and Analytic Sciences Center, VA Salt Lake City Health Care System, Salt Lake City, UT (AJG); Department of Health Services, University of Washington, Seattle, WA (ECW); Department of Psychiatry and Behavioral Sciences, University of Washington School of Medicine, Seattle, WA (EJH, BEB, AJS); Department of Psychiatry, University of Minnesota, Minneapolis, MN (HJH); Program for Addiction Research, Clinical Care, Knowledge and Advocacy, Department of I",1,University of Washington | Health Services Research & Development | VA Puget Sound Health Care System | Minneapolis VA Health Care System,I201448701 I4210089489 I4210094549 I4210117246,no
"From the Houston Methodist DeBakey Heart and Vascular Center (R.C.S., B.H.T., J.P.C.) and Houston Methodist Research Institute (R.C.S., B.H.T., J.P.C.), TX; Minneapolis Heart Institute Foundation at Abbott Northwestern Hospital, MN (J.H.T.); Cedars-Sinai Heart Institute, Los Angeles, CA (T.D.H.); University of Florida College of Medicine, Gainesville (C.J.P., C.R.C.); Texas Heart Institute, CHI St. Luke’s Health, Houston (J.T.W., E.C.P., M.R., A.O., D.A.T.); University of Minnesota School of",1,University of Florida | Houston Methodist | Abbott Northwestern Hospital | Minneapolis Heart Institute Foundation,I33213144 I1295876152 I1319743688 I4210134111,no
"From the IWK Health Centre; Dalhousie University, Halifax, Nova Scotia; Hospital for Sick Children, Toronto; University of Toronto, Toronto, Ontario, Canada; Boston Children's Hospital, Boston; Harvard University, Cambridge, Massachusetts; Duke University School of Medicine, Durham, North Carolina; Seattle Children's Hospital; University of Washington, Seattle, Washington; Dell Children's Medical Center of Central Texas, Austin; University of Texas at Austin, Austin, Texas; University of Iowa Children's Hospital and University of Iowa, Iowa City, Iowa; New York Langone Medical Center; New York University, New York; University of Rochester Medical Center; University of Rochester, Rochester, New York; Rainbow Babies and Children's Hospital, Cleveland; Case Western Reserve University, Cleveland; Nationwide Children's Hospital, Columbus; Ohio State University, Columbus, Ohio; University of Minnesota Masonic Children's Hospital, University of Minnesota, Minneapolis, Minnesota; Hackensack Un",1,New York University | The University of Texas at Austin | Dalhousie University | Harvard University | Duke University | University of Toronto | University of Washington | Boston Children's Hospital | Izaak Walton Killam Health Centre,I57206974 I86519309 I129902397 I136199984 I170897317 I185261750 I201448701 I1288882113 I2800394539,no
"From the Infectious Disease Clinical Research Program (N.F.C.-C., M.P.R., L.E., A.W., A.G., E.J., R.D., B.K.A., B.R.H.), Uniformed Services University of the Health Sciences, Bethesda, MD; HIV Clinic (N.F.C.-C., R.D., B.R.H.), Naval Medical Center San Diego, San Diego; Naval Health Research Center (N.F.C.-C., B.R.H.), San Diego; Health Neurobehavioral Research Program (D.J.M., S.L.), University of California, San Diego; Biostatistics Division (M.P.R., L.E.), University of Minnesota, Minneapolis;",1,Uniformed Services University of the Health Sciences | Naval Medical Center San Diego | Naval Health Research Center,I148314036 I1296080982 I4210105790,no
"From the Laboratory of Leukocyte Biology, National Cancer Institute–Frederick Cancer Research and Development Center; and the Intramural Research Support Program, SAIC-Frederick, Frederick, MD; the Department of Pediatrics, Division of Bone Marrow Transplantation, University of Minnesota Cancer Center, Minneapolis, MN; and the Department of Pathology, University of Texas Southwestern Medical Center, Dallas, TX",1,The University of Texas Southwestern Medical Center | National Cancer Institute,I867280407 I4210140884,no
"From the Laboratory of Pulmonary Investigation, Carlos Chagas Filho Biophysics Institute, Federal University of Rio de Janeiro, Rio de Janeiro, Brazil (N.S.F., C.S.S., F.F.C., N.N.R., M.V.S.F., J.A.M., R.L.B.-M., P.L.S., P.R.M.R.) the Department of Physiology and Pharmacology, Biomedical Institute, Fluminense Federal University, Niteroi, Brazil (N.N.R.) the Department of Pathology, School of Medicine, University of São Paulo, São Paulo, Brazil (V.L.C.) the Department of Surgical Sciences and Integrated Diagnostics, University of Genoa, Genoa, Italy (P.P.) Istituto di Ricovero e Cura a Carattere Scientifico Ospedale San Martino, Genoa, Italy (P.P.) Regions Hospital and University of Minnesota, Minneapolis/Saint Paul, Minnesota (J.J.M.)",1,Universidade Federal do Rio de Janeiro | Universidade Federal Fluminense | Instituto de Biofísica Carlos Chagas Filho,I122140584 I161127581 I4387153105,no
"From the Laboratório de Patologia Veterinária, Hospital Universitário Veterinário, Universidade Federal do Pampa, Campus Uruguaiana, Uruguaiana, RS 97500-970, Brazil (Anjos); the Departamento de Nutrição Animal e Pastagens, Instituto de Zootecnia, Universidade Federal Rural do Rio de Janeiro, Seropédica, RJ 23890-000, Brazil (Peixoto); the Universidade Estadual do Norte Fluminense Darcy Ribeiro, Campos dos Goytacazes, RJ 28013-602, Brazil (Graça); the Medicina Veterinária, Universidade Federal Rural do Rio de Janeiro, Seropédica, RJ 23890-000, Brazil (Caldas); the Jardim Zoológico–RIOZOO, Rio de Janeiro, RJ 20940-040, Brazil (Bhaltazar); the Departamento de Epidemiologia e Saúde Pública, Instituto de Veterinária, Universidade Federal Rural do Rio de Janeiro, Seropédica, RJ 23890-000, Brazil (França); and the Veterinary Diagnostic Laboratory, Department of Veterinary Population Medicine, College of Veterinary Medicine, University of Minnesota, 1333 Gortner Avenue, St. Paul, Minnesota 55108, USA (Armién)",1,Universidade Federal do Pampa | Universidade Federal Rural do Rio de Janeiro | State University of Norte Fluminense,I72872986 I161460629 I3130050927,no
"From the Massachusetts General Hospital Diabetes Center, Harvard Medical School, Boston (D.M.N., M.E.L., D.J.W.); the Biostatistics Center, Department of Biostatistics and Bioinformatics, Milken Institute School of Public Health, George Washington University, Rockville (J.M.L., I.B., H.K.-S., M. Tripputi, N.Y.), and the National Institute of Diabetes and Digestive and Kidney Diseases, National Institutes of Health, Bethesda (H.B.B.) - both in Maryland; the Division of Endocrinology and Metabolism, Department of Medicine, University of North Carolina School of Medicine, Chapel Hill (J.B.B., M.S.K.), and the Department of Medicine, Duke Division of Endocrinology, Metabolism, and Nutrition, Duke University Medical Center, Durham (J.B.G.) - both in North Carolina; the University of Alabama, Birmingham (A.L.C.); Kaiser Permanente Center for Health Research, Portland, OR (S.P.F.); the Division of Metabolism, Endocrinology, and Nutrition, Department of Medicine, Veterans Affairs (VA) Puget Sound Health Care System, University of Washington, Seattle (S.E.K.); the Atlanta VA Medical Center, Decatur, GA (L.S.P.); the Division of Metabolism, Endocrinology and Diabetes, Department of Internal Medicine, University of Michigan, Ann Arbor (R.P.-B.); the Advanced Research and Diagnostic Laboratory, Department of Laboratory Medicine and Pathology, University of Minnesota, Minneapolis (M.S.); and the Louis Stokes Cleveland VA Medical Center, Case Western Reserve University, Cleveland (M. Tiktin)",1,University of Michigan | Harvard University | George Washington University | University of Washington | National Institutes of Health | Massachusetts General Hospital | National Institute of Diabetes and Digestive and Kidney Diseases,I27837315 I136199984 I193531525 I201448701 I1299303238 I4210087915 I4210090567,no
"From the Mayo Clinic ancl Mayo Foundation, Section of Urology and the Mayo Graduate School of Medicine, University of Minnesota, Rochester, Minnesota",1,Mayo Clinic | University of Minnesota Rochester,I1330342723 I4210120349,no
"From the Mayo Clinic and Mayo Foundation, Section of Experimental and Anatomic Pathology, and the Mayo Graduate School of Medicine, University of Minnesota, Rochester,",1,Mayo Clinic | University of Minnesota Rochester,I1330342723 I4210120349,no
"From the Mayo Clinic and Mayo Foundation, Section of Medicine, Mayo Graduate School of Medicine, University of Minnesota, Rochester, Minn. USA",1,Mayo Clinic | University of Minnesota Rochester,I1330342723 I4210120349,no
"From the Mayo Clinic and Mayo Foundation, Section of Neurology, and the Mayo Graduate School of Medicine, University of Minnesota, Rochester",1,Mayo Clinic | University of Minnesota Rochester,I1330342723 I4210120349,no
"From the Mayo Clinic and Mayo Foundation, and the Mayo Graduate School of Medicine University of Minnesota Rochester, Minn., USA",1,Mayo Clinic | University of Minnesota Rochester,I1330342723 I4210120349,no
"From the Mayo Clinic and Mayo Foundation, the Mayo Graduate School of Medicine (University of Minnesota) Rochester, Minn. USA",1,Mayo Clinic | University of Minnesota Rochester,I1330342723 I4210120349,no
"From the Mayo Clinic and Mayo Foundation: Division of Thoracic Diseases and Internal Medicine (Dr. Sanderson) and Department of Anesthesiology (Dr. Dawson). Mayo Graduate School of Medicine (University of Minnesota), Rochester: Resident in Anesthesiology Dr. Wang",1,Mayo Clinic | University of Minnesota Rochester,I1330342723 I4210120349,no
"From the Mayo Clinic and Mayo Foundation: Section of Medicine (Dr. Dines). Mayo Graduate School of Medicine (University of Minnesota), Rochester: Resident in Internal Medicine (Dr. Cook)",1,Mayo Clinic | University of Minnesota Rochester,I1330342723 I4210120349,no
"From the Mayo Clinic and Mayo Foundation: Section of Surgical Research and Mayo Graduate School of Medicine, University of Minnesota, Rochester,",1,Mayo Clinic | University of Minnesota Rochester,I1330342723 I4210120349,no
"From the Mayo Clinic and Mayo Foundation: Sections of Medicine (Dr. Hunt), of Clinical Pathology (Dr. Maher), and of Surgery (Dr. Kirklin) and the Mayo Graduate School of Medicine (University of Minnesota), Rochester, Minn.: Resident in Nephrology (Dr. Mielke)",1,Mayo Clinic | University of Minnesota Rochester,I1330342723 I4210120349,no
"From the Mayo Clinic and Mayo Foundation: Sections of Pediatrics, of Roentgenology, and of Surgery (University of Minnesota), Rochester, Minn. USA",1,Mayo Clinic | University of Minnesota Rochester,I1330342723 I4210120349,no
"From the Mayo Graduate School of Medicine (University of Minnesota), Rochester, USA",1,University of Minnesota Rochester,I4210120349,no
"From the Minneapolis Heart Institute Foundation (M.R.M., B.T.U., M.N.B., K.Y.K., K.J.G., T.D.H., W.T.K., S.S., J.S.H.), Department of Emergency Medicine (P.A.S.), and Critical Care Services (W.M.P.), Abbott Northwestern Hospital, Minneapolis, MN; Center for Healthcare Innovation, Allina Hospitals and Clinics, Minneapolis, MN (L.L.B.); Allina Medical Transportation, St Paul, MN (P.A.S.); and Division of Biostatistics, School of Public Health, University of Minnesota, Minneapolis (J.S.H.)",1,Abbott Northwestern Hospital | Minneapolis Heart Institute Foundation,I1319743688 I4210134111,no
"From the National Center for Complementary and Integrative Health (Atlas), National Institutes of Health, Bethesda, Maryland and National Institute on Drug Abuse (Atlas), National Institutes of Health, Baltimore, Maryland; and Department of Family Medicine and Biobehavioral Health (al'Absi), University of Minnesota Medical School, Duluth, Minnesota",1,"National Institutes of Health | National Institute on Drug Abuse | National Center for Complementary and Integrative Health | University of Minnesota, Duluth",I1299303238 I1327069482 I4210086900 I4210115145,no
"From the New York Presbyterian Hospital-Weill Cornell Medical College (PNS), Brown University (MS), RESOLVE (BC), University of Minnesota School of Medicine (CJDJ), Stanford University School of Medicine (MLE), Weill Cornell Medical College (DJL, SDS), Memorial-Sloan Kettering Cancer Center (JPM), Weill Cornell Medicine, University of Illinois-Chicago School of Medicine (CN), Medical College of Wisconsin (JIS), University of Southern California School of Medicine (RZS),",1,University of Illinois Chicago | Stanford University | Medical College of Wisconsin | Memorial Sloan Kettering Cancer Center | Weill Cornell Medicine,I39422238 I97018004 I204308271 I1334819555 I4387153466,no
"From the Oakland University, Rochester (Dr. Hinckel, and Dr. Cavinatto); Department of Orthopaedic Surgery, William Beaumont Hospital, Royal Oak (Dr. Hinckel, Dr. Cavinatto), MI; the University of Missouri-School of Medicine, Columbia, MO (Mr. Baumann); the Hospital das Clínicas HCFMUSP, Faculdade de Medicina, Universidade de São Paulo, Sao Paulo, SP, BR (Dr. Ejnisman); the Shoulder and Elbow Surgery, Beaumont Orthopaedic Associates, Beaumont Health (Dr. Martusiewicz); the Department of Orthopaedic Surgery, Massachusetts General Hospital, Harvard Medical School, Boston, MA (Dr. Tanaka); the Department of Orthopedic Surgery, TRIA Orthopedic Center, University of Minnesota, Gillette Children's Specialty Healthcare, MN (Dr. Tompkins); the Department of Orthopedic Surgery, Stanford University, CA (Dr. Sherman); the Rush University Medical Center, Chicago, IL (Dr. Chahla); the Division of Sports Medicine and Shoulder Surgery, Department of Orthopedics, Aurora, CO (Dr. Frank); the Department",1,"Universidade de São Paulo | University of Missouri | Oakland University | Rush University Medical Center | Beaumont Health | Massachusetts General Hospital | Beaumont Hospital, Royal Oak | Hospital das Clínicas da Faculdade de Medicina da Universidade de São Paulo",I17974374 I76835614 I177721651 I1285301757 I2799370151 I4210087915 I4210128757 I4210145268,no
"From the SUNY Downstate Health Sciences University, Brooklyn, New York (M.M.P.); Donald and Barbara Zucker School of Medicine at Hofstra/Northwell, New York, New York (H.E.M.-M.); Icahn School of Medicine at Mount Sinai, New York, New York (M.F.L.-W.); Maimonides Medical Center, Brooklyn, New York (M.F.L.-W.); Burn Pits 360 Veterans Organization, Robstown, Texas (J.M.T.); Henry Mayo Newhall Hospital, Valencia, California (E.F); Hematology and Oncology Section, Minneapolis VA Health Care System, Minneapolis, Minnesota (M.A.K.); Department of Medicine, University of Minnesota, Minneapolis, Minnesota (M.A.K.); Masonic Cancer Center, University of Minnesota, Minneapolis, Minnesota (M.A.K., J.H.T.); Minneapolis VA Health Care System, Minneapolis, Minnesota (J.H.T., T.A.B.); Department of Laboratory Medicine and Pathology, University of Minnesota, Minneapolis, Minnesota (J.H.T.); Department of Food Science and Nutrition, University of Minnesota, St Paul, Minnesota (T.A.B.); Department of Neu",1,Icahn School of Medicine at Mount Sinai | SUNY Downstate Health Sciences University | Maimonides Medical Center | Minneapolis VA Health Care System | Masonic Cancer Center,I98704320 I181697535 I1326872476 I4210117246 I4390039358,yes
"From the Section of Biochemistry, Mayo Clinic and Mayo Foundation,22The Mayo Foundation, Rochester, Minnesota, is a part of the Graduate School of the University of Minnesota. Rochester, Minnesota USA",1,Mayo Clinic | University of Minnesota Rochester,I1330342723 I4210120349,no
"From the Section of Dermatology and of Orthopedic Surgery, Mayo Clinic and Mayo Foundation and the Mayo Graduate School of Medicine, University of Minnesota, Rochester",1,Mayo Clinic | University of Minnesota Rochester,I1330342723 I4210120349,no
"From the Section of Experimental and Anatomic Pathology, Mayo Clinic and Mayo Foundation, and the Mayo Graduate School of Medicine, University of Minnesota, Rochester",1,Mayo Clinic | University of Minnesota Rochester,I1330342723 I4210120349,no
"From the Section of Orthopedic Surgery and of Surgical Pathology, Mayo Clinic and Mayo Foundation and the Mayo Graduate School of Medicine, University of Minnesota, Rochester",1,Mayo Clinic | University of Minnesota Rochester,I1330342723 I4210120349,no
"From the Section of Orthopedic Surgery, Mayo Clinic and Mayo Foundation and the Mayo Graduate School of Medicine (University of Minnesota), Rochester",1,Mayo Clinic | University of Minnesota Rochester,I1330342723 I4210120349,no
"From the Section of Orthopedic Surgery, Mayo Clinic and Mayo Foundation, and the Mayo Graduate School of Medicine (University of Minnesota), Rochester",1,Mayo Clinic | University of Minnesota Rochester,I1330342723 I4210120349,no
"From the Section of Orthopedic Surgery, and of Dermatology, Mayo Clinic and Mayo Foundation and the Mayo Graduate School of Medicine (University of Minnesota), Rochester",1,Mayo Clinic | University of Minnesota Rochester,I1330342723 I4210120349,no
"From the Section of Physiology, Mayo Clinic and Mayo Foundation, and the Mayo Graduate School of Medicine, University of Minnesota, Rochester",1,Mayo Clinic | University of Minnesota Rochester,I1330342723 I4210120349,no
"From the Section on Clinical Metabolism, Mayo Clinic and the Mayo Foundation University of Minnesota, Rochester",1,Mayo Clinic | University of Minnesota Rochester,I1330342723 I4210120349,no
"From the Sections of Internal Medicine and of Roentgenology, Mayo Clinic and Mayo Foundation and the Mayo Graduate School of Medicine, University of Minnesota, Rochester",1,Mayo Clinic | University of Minnesota Rochester,I1330342723 I4210120349,no
"From the Sections of Medicine and Surgery, Mayo Clinic and Mayo Foundation, and the Mayo Graduate School of Medicine (University of Minnesota), Rochester, Minn. USA",1,Mayo Clinic | University of Minnesota Rochester,I1330342723 I4210120349,no
"From the Sections of Medicine, Pediatrics and Experimental and Anatomic Pathology, Mayo Clinic and Mayo Foundation and Mayo Graduate School of Medicine, University of Minnesota, Rochester, Minn.USA",1,Mayo Clinic | University of Minnesota Rochester,I1330342723 I4210120349,no
"From the Sections of Medicine, Pediatrics, Roentgenology and Surgery, Mayo Clinic and Mayo Foundation and Mayo Graduate School of Medicine (University of Minnesota), Rochester, Minn. USA",1,Mayo Clinic | University of Minnesota Rochester,I1330342723 I4210120349,no
"From the Sections of Medicine, Roentgenology, Surgery, and Surgical Pathology, Mayo Clinic and Mayo Foundation, and the Mayo Graduate School of Medicine (University of Minnesota), Rochester, Minnesota",1,Mayo Clinic | University of Minnesota Rochester,I1330342723 I4210120349,no
"From the Sections of Orthopedic Surgery, of Medicine, and of Microbiology, Mayo Clinic, and Mayo Foundation, and the Mayo Graduate School of Medicine (University of Minnesota), Rochester",1,Mayo Clinic | University of Minnesota Rochester,I1330342723 I4210120349,no
"From the Sections of Surgery and Physiology, Mayo Clinic and Mayo Foundation, and the Mayo Graduate School of Medicine (University of Minnesota), Rochester, Minn., USA",1,Mayo Clinic | University of Minnesota Rochester,I1330342723 I4210120349,no
"From the Sections of Surgical Pathology and of Orthopedic Surgery, Mayo Clinic and Mayo Foundation and the Mayo Graduate School of Medicine, University of Minnesota, Rochester",1,Mayo Clinic | University of Minnesota Rochester,I1330342723 I4210120349,no
"From the Sections of Urology and Surgical Pathology, Mayo Clinic and Mayo Foundation and the Mayo Graduate School of Medicine, University of Minnesota, Rochester, Minnesota",1,Mayo Clinic | University of Minnesota Rochester,I1330342723 I4210120349,no
"From the Sections of Urology, Physiology and Surgical Pathology, Mayo Clinic and Mayo Foundation and the Mayo Graduate School of Medicine, University of Minnesota, Rochester, Minnesota",1,Mayo Clinic | University of Minnesota Rochester,I1330342723 I4210120349,no
"From the State Key Laboratory of Agro-Biotechnology and Ministry of Agriculture Key Laboratory of Soil Microbiology, College of Biological Sciences, China Agricultural University, Beijing 100193, China",1,China Agricultural University,I52158045,no
"From the Trauma Research Unit, Department of Surgery (J.T.H.P., E.M.M.V.L., M.H.J.V., M.M.E.W.), Erasmus MC, University Medical Center Rotterdam, Rotterdam, The Netherlands; Department of Surgery (F.A.-O.), HonorHealth John C. Lincoln Medical Center, Phoenix, Arizona; Division of Trauma, Emergency General Surgery, Critical Care Surgery, Department of Surgery (Z.M.B.), University of Nebraska Medical Center, Nebraska Medical Center, Omaha, Nebraska; Department of Surgery (E.-C.C.), Institute of Clinical Sciences, Sahlgrenska Academy, University of Gothenburg, Gothenburg, Sweden; Section of Acute Care Surgery, Department of Surgery (J.C., J.D.F.), Stanford University, Stanford, California; Department of Trauma Surgery/Critical Care (D.B.C., T.N.), Mercer University School of Medicine, The Medical Center Navicent Health, Macon, Georgia; HealthPartners Orthopedics & Sports Medicine (P.A.C.), Bloomington; Department of Orthopaedic Surgery (P.A.C.), University of Minnesota, Minneapolis; Depar",1,University of Nebraska Medical Center | Erasmus University Rotterdam | Nebraska Medical Center | Erasmus MC,I59130452 I913958620 I1307117695 I2801952686,no
"From the University of Minnesota Cancer Center and Department of Pediatrics, Division of BMT, Minneapolis; Experimental Immunology Branch, National Cancer Institute, National Institute of Health, Bethesda, MD; The Abramson Family Cancer Research Institute, University of Pennsylvania Cancer Center, Philadelphia; and Lineberger Comprehensive Cancer Center, University of North Carolina School of Medicine, Chapel Hill",1,University of Pennsylvania | University of North Carolina at Chapel Hill | National Cancer Institute | UNC Lineberger Comprehensive Cancer Center,I79576946 I114027177 I4210140884 I4390039329,no
"From the University of Minnesota Cancer Center and Department of Pediatrics, Division of Bone Marrow Transplant, Minneapolis, MN; Department of Veteran Affairs Medical Center and the Department of Internal Medicine, University of Iowa College of Medicine, Iowa City; and the Coley Pharmaceutical Group, Wellesley, MA",1,University of Iowa | Masonic Cancer Center,I126307644 I4390039358,yes
"From the University of Minnesota Cancer Center and Department of Pediatrics, Division of Bone Marrow Transplantation, Minneapolis, MN; and the Department of Microbiology, Dartmouth Medical College, Hanover, NH",1,Dartmouth College | Masonic Cancer Center,I107672454 I4390039358,yes
"From the University of Minnesota Cancer Center and Department of Pediatrics, Division of Bone Marrow Transplantation, Minneapolis; Kimmel Cancer Institute, Thomas Jefferson Medical College, Philadelphia, PA; Department of Microbiology, Dartmouth Medical College, Hanover, NH",1,Dartmouth College | Thomas Jefferson University | Masonic Cancer Center,I107672454 I149251103 I4390039358,yes
"From the University of Minnesota Cancer Center and Department of Pediatrics, Division of Bone Marrow Transplantation, Minneapolis; and The Jackson Laboratories, Bar Harbor, ME",1,Jackson Laboratory | Masonic Cancer Center,I4210115256 I4390039358,yes
"From the University of Minnesota Cancer Center and Department of Pediatrics, Division of Pediatric Hematology/Oncology and Blood & Marrow Transplant, Minneapolis; the Department of Veteran Affairs Medical Center and the Department of Internal Medicine, University of Iowa College of Medicine, Iowa City; the Coley Pharmaceutical Group, Wellesley, MA; and the Departments of Immunobiology and Discovery Research, Immunex Corporation, Seattle, WA",1,University of Iowa,I126307644,no
"From the University of Minnesota Cancer Center, Department of Orthopaedic Surgery and Graduate Program in Microbiology, Immunology and Cancer Biology, Minneapolis, Minnesota 55455",1,Masonic Cancer Center,I4390039358,yes
"From the University of Minnesota Cancer Center, Minneapolis",1,Masonic Cancer Center,I4390039358,yes
"From the University of Minnesota Cancer Center, Minneapolis; and Medical Research Council Laboratory of Molecular Biology, Cambridge, United Kingdom",1,Medical Research Council | MRC Laboratory of Molecular Biology | Masonic Cancer Center,I90344618 I170203145 I4390039358,yes
"From the University of Pennsylvania, Philadelphia, PA; University of Southern California, Los Angeles, CA; Children's Oncology Group, Arcadia, CA; University of Cincinnati, Cincinnati, OH; University of Minnesota Cancer Center, Minneapolis, MN; Fred Hutchinson Cancer Research Center and University of Washington, Department of Pediatrics, Seattle, WA; and Emory University, Atlanta, GA",1,University of Southern California | University of Cincinnati | University of Pennsylvania | Emory University | University of Washington | Fred Hutch Cancer Center,I1174212 I63135867 I79576946 I150468666 I201448701 I4210089486,no
"Full list of co-authors: Stephanie Savelli, Akron Children's Hospital; Kimo Stine, Arkansas Children's Hospital; Anurag K. Agrawal, UCSF Benioff Children's Hospital Oakland; Kristen Eisenman and Michael Wang, University of Colorado Anschutz Medical Campus; Leslie Kersun, Children's Hospital of Philadelphia; Mukta Sharma and Karen Lewing, Children's Mercy; Ashish Kumar and Liza Watson, Cincinnati Children's Hospital; Jennifer Kesselheim and Jennifer Snaman, Dana-Farber/Boston Children's Cancer and Blood Disorders Center; Jennifer Greene Welch, Alpert Medical School of Brown University and Hasbro Children's Hospital, Providence, RI; Amulya Nageswara Rao, Mayo Clinic; Scott Moerdler, The Children's Hospital at Montefiore; Melissa Rose, Nationwide Children's Hospital; Joanna Weinstein, Lurie Children's Hospital, Northwestern; Valerie Brown, Penn State Health Children's Hospital; James Williams and Cathy Lee Miller, Phoenix Children's Hospital; Justin Baker, St. Jude Children's Research Hospital; Emily Greengard, University of Minnesota; Melissa Frei-Jones, UT Health San Antonio, Long School of Medicine; Janna Journeycake, University of Texas Southwestern; Richard Tower, Children's Hospital of Wisconsin; Ann Warwick, MD, Uniformed Services University of the Health Sciences; Shicheng Weng, Dana-Farber Cancer Institute; Zilu Zhang, Dana-Farber Cancer Institute",1,Brown University | University of Colorado Anschutz | Cincinnati Children's Hospital Medical Center | Arkansas Children's Hospital | Children's Hospital of Philadelphia | Akron Children's Hospital | UCSF Benioff Children's Hospital | Dana-Farber/Boston Children's Cancer and Blood Disorders Center | Penn State Health Children's Hospital,I27804330 I51713134 I1285204247 I1301864278 I1335321130 I4210098750 I4210135903 I4210166317 I4405268783,no
GRADUATE DIVISION CITY UNIVERSITY OF NEW YORK UNIVERSITY OF MINNESOTA,1,City University of New York,I174216632,no
"Geology Discipline, University of Minnesota, Morris, Morris, Minnesota 56267, U.S.A. bruggeka@morris.umn.edu",1,University of Minnesota Morris,I4210162301,no
"Gillings School of Global Public Health, University of North Carolina, Minneapolis, MN, USA",1,,,no
"Graduate School of Biotechnology and Plant Metabolism Research Center (J.-S.E., J.-I.C., M.-H.C., S.H.B., T.-R.H., J.-S.J.), Department of Plant Molecular Systems Biotechnology (S.-W.L., Y.Y, G.A.), and Crop Biotech Institute (J.-S.E., J.-I.C., S.-W.L., Y.Y, G.A., J.-S.J.), Kyung Hee University, Yongin 446–701, Korea; Department of Plant Biology, University of Minnesota, St. Paul, Minnesota 55108",1,Kyung Hee University,I35928602,no
"Graduate School of Health and Human Services, St. Mary's University of Minnesota, Minneapolis, Minnesota, USA",1,Saint Mary's University of Minnesota,I4210147856,no
"Graduate School of Professional Studies, St. Mary's University of Minnesota, USA",1,Saint Mary's University of Minnesota,I4210147856,no
"Graduate School of Professional Studies, St. Mary’s University of Minnesota, Minneapolis, MN, USA",1,Saint Mary's University of Minnesota,I4210147856,no
"Graduate Teaching Assistant, University of Minnesota Duluth#TAB#",1,"University of Minnesota, Duluth",I4210115145,no
"Grateful appreciation is accorded to Abbott Laboratories, Ciba Pharmaceutical Products, Inc., Eli Lilly and Company, Lederle Laboratories, Inc., Parke, Davis and Company, G. D. Searle and Company, and Winthrop-Stearns, Inc., for research grants given to the Regents of the University of Minnesota for studies in clinical pharmacology",1,Abbott (United Kingdom),I3019813218,no
"Group Health Inc., 2829 University SE, Suite 208, Minneapolis, MN 55414 U.S.A",1,Group Health Cooperative,I1304127598,no
"Hall 224 Church St SE Minneapolis , MN 55455 USA ,",1,,,no
"Harvard Medical School, New England Deaconess Hospital, Boston, MA; Thomas Jefferson University Hospital, Philadelphia, PA; Ohio State University, Columbus, OH; University of Alberta, Edmonton, Alberta, Canada; University of Texas Health Science Center, Houston, TX; Washington Hospital Center, University of the Health Sciences, Washington, DC; University of Minnesota, Edina, MN; University of Alberta, Edmonton, Alberta, Canada",1,The Ohio State University | Harvard University | University of Alberta | Thomas Jefferson University Hospital,I52357470 I136199984 I154425047 I2799360765,no
"Health Care Management Program, Department of Economics, Labovitz School of Business & Economics, 330 LSBE, 1318 Kirby Drive, University of Minnesota Duluth, Duluth, MN 55812, United States",1,"University of Minnesota, Duluth",I4210115145,no
"Health, Physical Education and Recreation: Center for Environmental Education, University of Minnesota Duluth , Duluth , MN , USA",1,"University of Minnesota, Duluth",I4210115145,no
"HealthPartners Institute and an adjunct clinical profes-sor of emergency medicine at the University of Minne-sota in St. Paul, MN,",1,HealthPartners,I52792670,no
"Hematology, Oncology and Transplantation Division, University of Minnesota, Masonic Cancer Center, Minneapolis, MN, USA",1,Masonic Cancer Center,I4390039358,yes
"Hematology, Oncology and Transplantation, University of Minnesota Masonic Cancer Center, Minneapolis, MN, USA",1,Masonic Cancer Center,I4390039358,yes
"Hematopathology Laboratory, University of Minnesota Medical Center Fairview Minneapolis Minnesota",1,University of Minnesota Medical Center,I4210135252,no
"Henri Begleiter,2 John Odencrantz,2 Bernice Porjesz2 1University of Minnesota Hospital, Minneapolis, MN55455, 2SUNY Health Science Center, Brooklyn, NY 11203",1,SUNY Downstate Health Sciences University | State University of New York,I181697535 I1327163397,no
"Herman Taylor University of Minnesota, Minneapolis, MN",1,,,no
"Homeless (Minneapolis : Univer- sity of Minnesota Press , 2017) ,",1,,,no
"Honeywell Systems and Research Center; Minnesota, University Minneapolis, United States",1,,,no
"Hormel Inst, Univ. of Minnesota, Austin, TX, USA",1,,,no
Hormel InstituteUniversity of MinnesotaAustinMinnesota,1,,,no
Hormel InstituteUniversity of MinnesotaAustinMinnesotaUSA,1,,,no
"IBIS Network: The IBIS (Infant Brain Imaging Study) Network is an NIH funded Autism Center of Excellence (HDO55741) and consists of a consortium of eight universities in the US and Canada. Clinical Sites: University of North Carolina: J. Piven (IBIS Network PI), H.C. Hazlett, C. Chappell; University of Washington: S. Dager, A. Estes, D. Shaw; Washington University: K.N. Botteron, R.C. McKinstry, J. Constantino, J. Pruett; Children's Hospital of Philadelphia: R.T. Schultz, S. Paterson; University of Alberta: L. Zwaigenbaum; University of Minnesota: J. Elison. Data Coordinating Center: Montreal Neurological Institute: A.C. Evans, D.L. Collins, G.B. Pike, V. Fonov, P. Kostopoulos, S. Das. Image Processing Core: University of Utah: G. Gerig; University of North Carolina: M. Styner. Statistical Analysis Core: University of North Carolina: H. Gu",1,University of Alberta | University of Washington,I154425047 I201448701,no
"IBM and University of Minnesota Supercomputing Institute Minneapolis, MN 55415 (USA)",1,Minnesota Supercomputing Institute,I4400573273,no
"Indianapolis, Indiana, Madison, Wisconsin, Ann Arbor, Michigan, Minneapolis, Minnesota, Milwaukee, Wisconsin, Marshfield, Wisconsin, Rockford, Illinois, Pittsburgh, Pennsylvania, St. Louis, Missouri, Chicago, Illinois, Louisville, Kentucky, Arvada, Colorado Current affiliations: Indiana University Medical Center, Indianapolis, Indiana, University of Wisconsin, Madison, Wisconsin, University of Michigan, Ann Arbor, Michigan, Hennepin County Medical Center, Minneapolis, Minnesota, GI Consultants Ltd., Milwaukee, Wisconsin, The Marshfield Clinic, Marshfield, Wisconsin, Milwaukee GI Specialists, Milwaukee, Wisconsin, Rockford Gastroenterology Associates, Ltd., Rockford, Illinois, University of Pittsburgh, Pittsburgh, Pennsylvania, Medical College of Wisconsin, Milwaukee, Wisconsin, Washington University, St. Louis, Missouri, University of Minnesota Hospital, Minneapolis, Minnesota, Rush Presbyterian, Chicago, Illinois, University of Louisville, Louisville, Kentucky, Gastroenterology Associates, P.C., Arvada, Colorado",1,University of Michigan | University of Wisconsin–Madison | University of Pittsburgh | Hennepin County Medical Center,I27837315 I135310074 I170201317 I2802288015,no
"Information Project , 3300 Univer- sity Avenue S.E. , Minneapolis , MN 55414 ",1,,,no
"Innovative Research, Inc., 2800 University Avenue S.E., Minneapolis, Minnesota, 55414",1,Innovative Research (United States),I4210112104,no
"Institute For Advanced Study, Princeton University of Minnesota",1,Princeton University | Institute for Advanced Study,I20089843 I40036882,no
"Institute for Minnesota Archaeology, 3300 University Avenue S.E., Suite 202, Minneapolis, MN, USA, 55414-3326",1,,,no
"Institute for Minnesota Archaeology, 3300 University Avenue SE, Suite 202, Minneapolis, Minnesota 55414",1,,,no
"Institute for Molecular Virology Minneapolis, MN 55455, USA",1,,,no
"Institute of Agriculture ~ University of ~annesota St. Paul , Minnesota 55101 EXTENSION",1,,,no
Institute of Human Genetics University of Minnesota Medical Center Minneapolis Minnesota USA,1,University of Minnesota Medical Center,I4210135252,no
"Instr1tctor in Proctology, Mayo Foundation, From the Section of Proctology, Mayo Clinic, and the Mayo Foundation, graduate School, University of Minnesota, Rochester, Minnesota",1,Mayo Clinic | University of Minnesota Rochester,I1330342723 I4210120349,no
"Introduction to Design Equity (University of Minnesota Libraries Publishing, 2018). In 2005, Miller cofounded ReMix, a long-term community/university partnership with Juxtaposition Arts. She holds a BA from the University of Toronto, an MLA from Cornell University, and a PhD from the Edinburgh College of Art",1,Cornell University | University of Minnesota Libraries Publishing,I205783295 I4400600966,yes
"Investigation performed at the University of Pittsburgh, which served as the Clinical and Data Coordinating Center for the STaR Trial. In addition to the University of Pittsburgh, the STaR Trial clinical research sites include Duke University, Fraser Health Authority, Hospital for Special Surgery, LSU Health Shreveport, Mayo Clinic, New York University, Ochsner Health System, Oregon Health & Sciences University, Orlando Health, OrthoCarolina-Atrium Health, Rhode Island Hospital, San Antonio Military Medical Center, St. Michael’s Hospital, TRIA Orthopaedic Center, University of Calgary, University of Cincinnati, University of Connecticut, University of Kentucky, University of Maryland, University of Michigan, University of Minnesota, University of Missouri, University of New Mexico, University of Virginia, University of Washington, Wake Forest University, Walter Reed National Military Medical Center, Washington University at St. Louis, Western Ontario University, William Beaumont Army Medical Center and Yale University",1,Orlando Health | University of Calgary | University of Pittsburgh | Mayo Clinic,I147878501 I168635309 I170201317 I1330342723,no
Islamic University of Minnesota (United States of America,1,Islamic University of Minnesota,I4405261387,no
Islamic University of Minnesota USA,1,Islamic University of Minnesota,I4405261387,no
Islamic University of Minnesota USA Educational Sciences,1,Islamic University of Minnesota,I4405261387,no
"Islamic University of Minnesota and College de Paris, United States",1,Islamic University of Minnesota,I4405261387,no
"Islamic University of Minnesota, 5620 Smetana Dr, Minnetonka, MN 55343, Amerika Serikat",1,Islamic University of Minnesota,I4405261387,no
"Islamic University of Minnesota, 5620 Smetana Dr, Minnetonka, MN 55343, United States",1,Islamic University of Minnesota,I4405261387,no
"Islamic University of Minnesota, Al-Amaan Center, 5620 Smetana Dr, Minnetonka, MN 55343, United States",1,Islamic University of Minnesota,I4405261387,no
"Islamic University of Minnesota, Minneapolis, USA",1,Islamic University of Minnesota,I4405261387,no
"Islamic University of Minnesota, Minnetonka, USA",1,Islamic University of Minnesota,I4405261387,no
"Islamic University of Minnesota, USA,",1,Islamic University of Minnesota,I4405261387,no
Islamic University of Minnesota.USA,1,Islamic University of Minnesota,I4405261387,no
"J.D. Russel. -Minneapolis University , Minnesota : Burgess",1,,,no
"JACK P. WHISNANT Mayo Graduate School of Medicine, University of Minnesota, Rochester: Resident in Neurology Mayo Clinic and Mayo Foundation: Department of Neurology Department of Medical Statistics, Epidemiology and Population Genetics",1,Mayo Clinic | University of Minnesota Rochester,I1330342723 I4210120349,no
"JOHN C. GOLDNER Mayo Graduate School of Medicine, University of Minnesota, Rochester: Resident in Neurology Mayo Clinic and Mayo Foundation: Department of Neurology Department of Medical Statistics, Epidemiology and Population Genetics",1,Mayo Clinic | University of Minnesota Rochester,I1330342723 I4210120349,no
"JOHN T. SHEPHERD  Mayo Clinic and Mayo Foundation, Section of Physiology, and Mayo Graduate School of Medicine, University of Minnesota Rochester, Minnesota 55901",1,Mayo Clinic | University of Minnesota Rochester,I1330342723 I4210120349,no
"James C. Fang Division of Cardiology, Department of Medicine, University of Colorado School of Medicine, Aurora (L.A.A.). Division of Cardiovascular Medicine, Department of Medicine, University of California San Diego (E.D.A.). l'Institut del Cor, Hospital Universitari Germans Trias i Pujol, Badalona, Spain (A.B.-G.). Temple Heart and Vascular Institute, Lewis Katz School of Medicine at Temple University, Philadelphia, PA (M.A.B.-B.). Division of Cardiology, Department of Medicine, University of Pennsylvania, Philadelphia (J.A.C.). Cardiovascular Division, Brigham and Women's Hospital, Boston, MA (B.L.C., C.Y.H.). Division of Cardiovascular Medicine, Department of Medicine, University of Utah, Salt Lake City (J.C.F.). Department of Cardiology, Copenhagen University Hospital, Rigshospitalet, Denmark (F.G.). The Cardiovascular Center, Tufts Medical Center, Boston, MA (N.K.K.). Sarver Heart Center, University of Arizona, Tucson (J.L.C., S.E.K., N.K.S.). Section of Advanced Heart Failure and Mechanical Circulatory Support, UMass Memorial Medical Center, Worcester, MA (R.D.K.). Section of Advanced Heart Failure and Transplant Cardiology, Henry Ford Hospital, Detroit, MI (D.E.L.). Department of Medicine, Minneapolis VA Health Care System and University of Minnesota, Minneapolis (O.V.)",1,University of California San Diego | University of Colorado Anschutz | University of Pennsylvania | Temple University | Brigham and Women's Hospital | Hospital Universitari Germans Trias i Pujol,I36258959 I51713134 I79576946 I84392919 I1283280774 I4210153460,no
"Jennifer L. Cook Division of Cardiology, Department of Medicine, University of Colorado School of Medicine, Aurora (L.A.A.). Division of Cardiovascular Medicine, Department of Medicine, University of California San Diego (E.D.A.). l'Institut del Cor, Hospital Universitari Germans Trias i Pujol, Badalona, Spain (A.B.-G.). Temple Heart and Vascular Institute, Lewis Katz School of Medicine at Temple University, Philadelphia, PA (M.A.B.-B.). Division of Cardiology, Department of Medicine, University of Pennsylvania, Philadelphia (J.A.C.). Cardiovascular Division, Brigham and Women's Hospital, Boston, MA (B.L.C., C.Y.H.). Division of Cardiovascular Medicine, Department of Medicine, University of Utah, Salt Lake City (J.C.F.). Department of Cardiology, Copenhagen University Hospital, Rigshospitalet, Denmark (F.G.). The Cardiovascular Center, Tufts Medical Center, Boston, MA (N.K.K.). Sarver Heart Center, University of Arizona, Tucson (J.L.C., S.E.K., N.K.S.). Section of Advanced Heart Failure and Mechanical Circulatory Support, UMass Memorial Medical Center, Worcester, MA (R.D.K.). Section of Advanced Heart Failure and Transplant Cardiology, Henry Ford Hospital, Detroit, MI (D.E.L.). Department of Medicine, Minneapolis VA Health Care System and University of Minnesota, Minneapolis (O.V.)",1,University of California San Diego | University of Colorado Anschutz | University of Pennsylvania | Temple University | University of Copenhagen | Brigham and Women's Hospital | Hospital Universitari Germans Trias i Pujol,I36258959 I51713134 I79576946 I84392919 I124055696 I1283280774 I4210153460,no
"John Koreth, Kristen E. Stevenson, Haesook T. Kim, Sean M. McDonough, Bhavjot Bindra, Philippe Armand, Vincent T. Ho, Corey Cutler, Joseph H. Antin, Robert J. Soiffer, Jerome Ritz, and Edwin P. Alyea III, Dana-Farber Cancer Institute, Boston, MA; and Bruce R. Blazar, University of Minnesota Masonic Cancer Center, Minneapolis, MN",1,Dana-Farber Cancer Institute | Masonic Cancer Center,I4210117453 I4390039358,yes
"John Pastor, Department of Biology, University of Minnesota Duluth, Minnesota 55811, USA - e-mail: jpastor@umn.edu",1,"University of Minnesota, Duluth",I4210115145,no
"Jones University of Minnesota Center for Research in Human Learning, Minneapolis, Minnesota 55455",1,,,no
"Jr., M.D., ed. 3, Minneapolis, 1947, The University of Minnesota Press. Price $1.50",1,,,no
Julie A. Ross is Professor and Director of the Division of Epidemiology & Clinical Research and also Associate Director for Population Sciences in the University of Minnesota Cancer Center,1,Masonic Cancer Center,I4390039358,yes
"Julio A. Chirinos Division of Cardiology, Department of Medicine, University of Colorado School of Medicine, Aurora (L.A.A.). Division of Cardiovascular Medicine, Department of Medicine, University of California San Diego (E.D.A.). l'Institut del Cor, Hospital Universitari Germans Trias i Pujol, Badalona, Spain (A.B.-G.). Temple Heart and Vascular Institute, Lewis Katz School of Medicine at Temple University, Philadelphia, PA (M.A.B.-B.). Division of Cardiology, Department of Medicine, University of Pennsylvania, Philadelphia (J.A.C.). Cardiovascular Division, Brigham and Women's Hospital, Boston, MA (B.L.C., C.Y.H.). Division of Cardiovascular Medicine, Department of Medicine, University of Utah, Salt Lake City (J.C.F.). Department of Cardiology, Copenhagen University Hospital, Rigshospitalet, Denmark (F.G.). The Cardiovascular Center, Tufts Medical Center, Boston, MA (N.K.K.). Sarver Heart Center, University of Arizona, Tucson (J.L.C., S.E.K., N.K.S.). Section of Advanced Heart Failure and Mechanical Circulatory Support, UMass Memorial Medical Center, Worcester, MA (R.D.K.). Section of Advanced Heart Failure and Transplant Cardiology, Henry Ford Hospital, Detroit, MI (D.E.L.). Department of Medicine, Minneapolis VA Health Care System and University of Minnesota, Minneapolis (O.V.)",1,University of California San Diego | University of Colorado Anschutz | University of Pennsylvania | Temple University | Brigham and Women's Hospital | Hospital Universitari Germans Trias i Pujol,I36258959 I51713134 I79576946 I84392919 I1283280774 I4210153460,no
"Kaiser Permanente, Redwood City, California, USA (V.A.L.); University of Texas MD Anderson Cancer Center, Houston, TX, USA (V.A.L.); University of California, San Francisco, CA, USA (V.A.L.); SUNY Stony Brook University, Stony Brook, NY, USA (P.J.T.); Icahn School of Medicine at Mount Sinai, New York, NY, USA (J.M.G., M.R.B., A.C.D.); Columbia University Institute for Cancer Genetics, New York, NY, USA (A.I.); Fred Hutchinson Cancer Research Center, Seattle, WA, USA (P.J.P.); Genentech, Inc., South San Francisco, CA, USA (T.P.H.); University of Minnesota School of Pharmacy, Minneapolis, MN, USA (W.F.E.); Angiochem, Inc., Montreal, Quebec, Canada (J.E.L.); Pfizer Oncology, San Diego, CA, USA (T.W.J.); Massachusetts Institute of Technology, Cambridge, MA, USA (F.M.W.); US Food and Drug Administration, Silver Spring, MD, USA (J.S.); Texas Tech University School of Pharmacy, Amarillo, TX, USA (Q.R.S., R.S.); NewGen Therapeutics, Inc., Menlo Park, CA, USA (W.S.); Mayo Clinic, Rochester, MN,",1,"Stony Brook University | Columbia University | Icahn School of Medicine at Mount Sinai | University of California, San Francisco | The University of Texas MD Anderson Cancer Center",I59553526 I78577930 I98704320 I180670191 I1343551460,no
"Kaiser Permanente, Redwood City, California, USA (V.A.L.); University of Texas MD Anderson Cancer Center, Houston, TX, USA (V.A.L.); University of California, San Francisco, CA, USA (V.A.L.); SUNY Stony Brook University, Stony Brook, NY, USA (P.J.T.); Icahn School of Medicine at Mount Sinai, New York, NY, USA (J.M.G., M.R.B., A.C.D.); Columbia University Institute for Cancer Genetics, New York, NY, USA (A.I.); Fred Hutchinson Cancer Research Center, Seattle, WA, USA (P.J.P.); Genentech, Inc., South San Francisco, CA, USA (T.P.H.); University of Minnesota School of Pharmacy, Minneapolis, MN, USA (W.F.E.); Angiochem, Inc., Montreal, Quebec, Canada (J.E.L.); Pfizer Oncology, San Diego, CA, USA (T.W.J.); Massachusetts Institute of Technology, Cambridge, MA, USA (F.M.W.); US Food and Drug Administration, Silver Spring, MD, USA (J.S.); Texas Tech University School of Pharmacy, Amarillo, TX, USA (Q.R.S., R.S.); NewGen Therapeutics, Inc., Menlo Park, CA, USA (W.S.); Mayo Clinic, Rochester, MN, USA (J.N.S.); Dana-Farber Cancer Institute, Boston, MA, USA (P.Y.W.); University of Texas MD Anderson Cancer Center, Houston, TX, USA (D.A.B.); Celgene Avilomics Research, Bedford, MA, USA (R.C.P.)",1,"Stony Brook University | Columbia University | Icahn School of Medicine at Mount Sinai | University of California, San Francisco | The University of Texas MD Anderson Cancer Center",I59553526 I78577930 I98704320 I180670191 I1343551460,no
"Katerina Korola est titulaire d’un double doctorat en histoire de l’art et en études cinématographiques et médiatiques de l’université de Chicago. Elle travaille actuellement à la rédaction de son premier ouvrage, Picturing the Air. Photography and the Industrial Atmosphere, consacré à l’histoire de la pollution de l’air considérée comme un problème photographique. Katerina Korola est actuellement professeur assistante à l’université du Minnesota-Twin Cities et collaboratrice scientifique auprès du Mahindra Humanities Center de l’université de Harvard.Katerina Korola is an art historian and media scholar whose research explores the history of photography through an ecological lens. She holds a joint-PhD in Art History and Cinema & Media Studies from the University of Chicago and is at work on her first book, Picturing the Air: Photography and the Industrial Atmosphere, which tells the history of air pollution as a photographic problem. She is currently an Assistant Professor at the University of Minnesota-Twin Cities and a Research Affiliate at the Mahindra Humanities Center at Harvard University",1,University of Chicago | Harvard University,I40347166 I136199984,no
"Kenneth H Johnson, Dalinge, MN, Sweden assigned to Regents of the University of Minnesota",1,,,no
"Key laboratory of Agro-Microbial Resource and Application, Ministry of Agriculture/College of Biological Sciences, China Agricultural University, Beijing, China",1,China Agricultural University,I52158045,no
"Keyuri Adhikari, Research Fellow, Healis-Sehksaria Institute of Public Health, Mumbai, India. Mangesh Pednekar, Director, Healis-Sehksaria Institute of Public Health, Mumbai, India. Prakash C. Gupta, Healis-Sehksaria Institute of Public Health, Mumbai, India. Arjun Singh, Fellow, Tata Memorial Centre, Mumbai, India. Sampada Nikam, Research Fellow, Tata Memorial Centre, Mumbai, India. Hitesh Singhavi, Research Fellow, Tata Memorial Centre, Mumbai, India. Vikram Gota, Associate Professor, Tata Memorial Centre, Mumbai, India. Professor Pankaj Chaturvedi, Deputy Director, Centre for Cancer Epidemiology, Tata Memorial Centre, Mumbai, India. Jasjit S. Ahluwalia, Professor, Brown University, Providence, RI, United States. Irina Stepanov, Professor, University of Minnesota School of Public Health, Minneapolis, MN, United States. Samir S. Khariwala, Professor University of Minnesota School of Medicine, Minneapolis, MN, United States",1,Tata Memorial Hospital | Healis Sekhsaria Institute For Public Health,I2800098698 I4210117867,no
"Knowlton J. Caplan holds a B.S. and M.S. in Chemical Engineering from Washington University, St. Louis, Mo. He is President of Industrial Health Engineering Associates Inc., and has previously been Industrial Hygiene Engineer, St. Louis County Health Department; Ventilation Consultant with the Michigan Department of Health; Manager of Health Group, Mallinckrodt Chemical Works; Air Pollution Engineer; Kaiser Engineers, and a self-employed consultant engineer. He was also Associate Professor and Director of occupational Health Training at the University of Minnesota. He is a member of AIChE, and Chairman of the Intersociety Committee on Methods for Air Sampling and Analysis Sub-cmmittee No. 11, and a lecturer at the annual Industrial Ventilation Conference at Michigan State University",1,Michigan State University | Washington University in St. Louis,I87216513 I204465549,no
"Knoxville, Tenn.; Charlottesville, Va.; Cleveland, Ohio; Minneapolis, Rochester, and Edina, Minn.; Austin, Texas; Spokane, Wash.; and Mountain View and Los Angeles, Calif. From Fort Sanders Regional Medical Center; the Department of Anesthesiology, University of Virginia Health System; the Department of Plastic Surgery, Case Western Reserve University; Abbott Northeastern Hospital; the Division of Plastic Surgery, University of Texas Medical Branch at Austin; Providence Sacred Heart Medical Center and Children's Hospital; Interplast; the Division of Plastic Surgery, University of Southern California; the Department of Anesthesiology, Mayo Clinic College of Medicine; and the Division of Plastic Surgery, University of Minnesota",1,University of Southern California | University of Virginia | Case Western Reserve University | Providence Sacred Heart Medical Center | University of Virginia Health System | Fort Sanders Regional Medical Center,I1174212 I51556381 I58956616 I1282676378 I2799765794 I4210120137,no
"LAPP, Annecy-le-Vieux, France (now in University of Minnesota)",1,Laboratoire d’Annecy de Physique des Particules,I2799516425,no
"LBS Summer Symposium, Society for Economic Dynamics Meetings, the University of California Berkeley, Boston College, Columbia University, the University of Chicago, Harvard Business School, London School of Economics, London Business School, the University of North Carolina, the Massachusetts Institute of Technology, the University of Minnesota, New York",1,"University of Chicago | London Business School | Massachusetts Institute of Technology | Columbia University | University of California, Berkeley | Boston College",I40347166 I61544103 I63966007 I78577930 I95457486 I103531236,no
"Lab for Animal Molecular Virology, College of Biological Sciences, China Agricultural University, Beijing, China",1,China Agricultural University,I52158045,no
"Laboratories of General Medicine and from the Laboratory of Clinical Metabolism, Mayo Clinic and Mayo Foundation, University of Minnesota, Rochester",1,Mayo Clinic | University of Minnesota Rochester,I1330342723 I4210120349,no
"Laboratory Medicine and Pathology, Minneapolis, Minnesota 55455 U.S.A",1,,,no
"Laboratory Medicine and Pathology, Minnesota 55905, USA",1,,,no
"Laboratory Medicine and Pathology, University of Minnesota Medical School Masonic Cancer Center, Minneapolis",1,Masonic Cancer Center,I4390039358,yes
"Laboratory for Intelligent Systems, University of Minnesota Duluth, 1042 University Drive Duluth 55812, USA, mstachow@d.umn.edu",1,"University of Minnesota, Duluth",I4210115145,no
"Laboratory for Intelligent Systems, University of Minnesota Duluth, 1042 University Drive MN 55812, USA, kara0105@d.umn.edu",1,"University of Minnesota, Duluth",I4210115145,no
"Laboratory of J. Y. Cassim. Department of Microbiology and Program in Biophysics. College of Biological Sciences, The Ohio State University, Columbus,",1,The Ohio State University,I52357470,no
"Laboratory of Nuclear Physics University of Mimesota, Minneapolis, Minnesota 55455",1,,,no
"Laboratory of Systematic Evolution and Biogeography of Woody Plants, College of Biological Sciences and Biotechnology Beijing Forestry University CN-100083 Beijing, China",1,Beijing Forestry University,I31683504,no
Labovitz School of Business and Economics University of Minnesota Duluth Duluth MN 55812 USA,1,"University of Minnesota, Duluth",I4210115145,no
"Labovitz School of Business and Economics, University of Minnesota Duluth, Duluth, MN 55812, e-mail: dli@d.umn.edu",1,"University of Minnesota, Duluth",I4210115145,no
"Lacawac Sanctuary Field Station, Lake Ariel, PA, USA; University of Minnesota Itasca Biological Station and Laboratories, Lake Itasca, MN, USA",1,University of Minnesota Itasca Biological Station and Laboratories,I4405255312,yes
"Large Animal Clinical Sciences, 385 AnSci/VetMed Bldg., 1988 Fitch Ave., St. Paul, Minnesota, 55108 U.S.A",1,,,no
Large Lakes Observatory University of Minnesota Duluth Minnesota 55812 USA,1,"University of Minnesota, Duluth",I4210115145,no
"Large Lakes Observatory and Chemistry Department, University of Minnesota Duluth, Duluth, USA",1,"University of Minnesota, Duluth",I4210115145,no
Large Lakes Observatory and Department of Biology University of Minnesota Duluth Duluth MN U.S.A,1,"University of Minnesota, Duluth",I4210115145,no
Large Lakes Observatory and Department of Geological Science University of Minnesota Duluth Duluth Minnesota 55812 USA,1,"University of Minnesota, Duluth",I4210115145,no
Large Lakes Observatory and Department of Geological Sciences University of Minnesota Duluth Duluth Minnesota USA,1,"University of Minnesota, Duluth",I4210115145,no
Large Lakes Observatory and Department of Geological Sciences University of Minnesota Duluth Minnesota USA,1,"University of Minnesota, Duluth",I4210115145,no
Large Lakes Observatory and Department of Physics University of Minnesota Duluth Minnesota USA,1,"University of Minnesota, Duluth",I4210115145,no
"Large Lakes Observatory, Department of Chemistry and Biochemistry, University of Minnesota Duluth, RLB 211, 2205 East 5th St,Duluth,USA",1,"University of Minnesota, Duluth",I4210115145,no
"Large Lakes Observatory, University of Minnesota Duluth;",1,"University of Minnesota, Duluth",I4210115145,no
"Large Lakes Observatory, University of Minnesota-Duluth, Duluth, Minnesota 55812, USA",1,"University of Minnesota, Duluth",I4210115145,no
"Larry A. Allen Division of Cardiology, Department of Medicine, University of Colorado School of Medicine, Aurora (L.A.A.). Division of Cardiovascular Medicine, Department of Medicine, University of California San Diego (E.D.A.). l'Institut del Cor, Hospital Universitari Germans Trias i Pujol, Badalona, Spain (A.B.-G.). Temple Heart and Vascular Institute, Lewis Katz School of Medicine at Temple University, Philadelphia, PA (M.A.B.-B.). Division of Cardiology, Department of Medicine, University of Pennsylvania, Philadelphia (J.A.C.). Cardiovascular Division, Brigham and Women's Hospital, Boston, MA (B.L.C., C.Y.H.). Division of Cardiovascular Medicine, Department of Medicine, University of Utah, Salt Lake City (J.C.F.). Department of Cardiology, Copenhagen University Hospital, Rigshospitalet, Denmark (F.G.). The Cardiovascular Center, Tufts Medical Center, Boston, MA (N.K.K.). Sarver Heart Center, University of Arizona, Tucson (J.L.C., S.E.K., N.K.S.). Section of Advanced Heart Failure and Mechanical Circulatory Support, UMass Memorial Medical Center, Worcester, MA (R.D.K.). Section of Advanced Heart Failure and Transplant Cardiology, Henry Ford Hospital, Detroit, MI (D.E.L.). Department of Medicine, Minneapolis VA Health Care System and University of Minnesota, Minneapolis (O.V.)",1,University of California San Diego | University of Colorado Anschutz | University of Pennsylvania | Temple University | University of Copenhagen | Brigham and Women's Hospital | Hospital Universitari Germans Trias i Pujol,I36258959 I51713134 I79576946 I84392919 I124055696 I1283280774 I4210153460,no
"Lars Bäckman - Sahlgrenska Hospital (Sweden), Ginny Bumgardner - Ohio State University (USA), James Burdick - The Johns Hopkins Hospital (USA), Charles B. Carpenter - Brigham and Women’s Hospital (USA), Henrik Ekberg - Malmö University Hospital (Sweden), Robert S. Gaston - University of Alabama at Birmingham (USA), Philip Halloran - Canadian Red Cross-Building (Canada), Paul A. Keown - Vancouver Hospital & H.S.C. (Canada), Bryce Kiberd - Queen Elizabeth II Health Sciences Centre (Canada), Arthur J. Matas - University of Minnesota (USA), John Neylan - Emory University Hospital (USA), Mark Pescovitz - Indiana University Hospital (USA), Michael E. Shapiro - Beth Israel Hospital, Boston (USA), Gunnar Tydén - Huddinge Hospital (USA), Flavio Vincenti - University of California at San Francisco (USA), Samuel Weinstein - LifeLink, Tampa (USA), Alan Wilkinson - University of California at Los Angeles (USA)",1,"University of Alabama at Birmingham | University of California, Los Angeles | Brigham and Women's Hospital | Queen Elizabeth II Health Sciences Centre | Johns Hopkins Hospital",I32389192 I161318765 I1283280774 I2800264117 I4210150714,no
"Laureate Institute for Brain Research, Tulsa, OK (Savitz, Figueroa-Hall, Zheng, Kuplicki, Burrows, El-Sabbagh, Ewers, Guinjoan, Khalsa, Paulus); Oxley College of Health and Natural Sciences, University of Tulsa, Tulsa, OK (Savitz, Guinjoan, Khalsa, Paulus); Department of Surgery (Teague, Guinjoan) and Department of Psychiatry (Guinjoan), University of Oklahoma School of Community Medicine, Tulsa, OK; Department of Biochemistry and Microbiology, Oklahoma State University Center for Health Sciences, Tulsa, OK (Teague); Division of Health Services and Outcomes Research, Children’s Mercy Research Institute, Kansas City, MO (Yeh); School of Medicine, University of Missouri–Kansas City, Kansas City, MO (Yeh); University of Oklahoma School of Medicine, Oklahoma City (Thomas); Department of Neurology, University of Minnesota School of Medicine, Minneapolis (Cha); Department of Psychiatry and Biobehavioral Sciences, Semel Institute for Neuroscience and Human Behavior, David Geffen School of Med",1,Oklahoma State University Center for Health Sciences | University of Missouri–Kansas City | University of Tulsa | Laureate Institute for Brain Research,I74022624 I75421653 I87208437 I4210159521,no
"Laureate Institute for Brain Research, Tulsa, OK (Savitz, Figueroa-Hall, Zheng, Kuplicki, Burrows, El-Sabbagh, Ewers, Guinjoan, Khalsa, Paulus); Oxley College of Health and Natural Sciences, University of Tulsa, Tulsa, OK (Savitz, Guinjoan, Khalsa, Paulus); Department of Surgery (Teague, Guinjoan) and Department of Psychiatry (Guinjoan), University of Oklahoma School of Community Medicine, Tulsa, OK; Department of Biochemistry and Microbiology, Oklahoma State University Center for Health Sciences, Tulsa, OK (Teague); Division of Health Services and Outcomes Research, Children’s Mercy Research Institute, Kansas City, MO (Yeh); School of Medicine, University of Missouri–Kansas City, Kansas City, MO (Yeh); University of Oklahoma School of Medicine, Oklahoma City (Thomas); Department of Neurology, University of Minnesota School of Medicine, Minneapolis (Cha); Department of Psychiatry and Biobehavioral Sciences, Semel Institute for Neuroscience and Human Behavior, David Geffen School of Medicine, UCLA, Los Ange",1,Oklahoma State University Center for Health Sciences | University of Missouri–Kansas City | University of Tulsa | Laureate Institute for Brain Research,I74022624 I75421653 I87208437 I4210159521,no
"Law School Mondale Hall, 229 19th Avenue South Minneapolis Minnesota 55455",1,,,no
"Londra: University of Minnesota Press, 2000,",1,,,no
"Londres et Minneapolis, University of Minnesota Press, 1994, xiv + 266 p., fig., bibliogr., index, postface de Charles Tilly",1,,,no
"Loras College Division of Molecular and Life Sciences Dubuque, Iowa 52001 and University of Minnesota Itasca Biological Station and Laboratories Lake Itasca, Minnesota 56470 E-mail: czdiatom@loras.edu",1,Loras College | University of Minnesota Itasca Biological Station and Laboratories,I106597867 I4405255312,yes
"Louisiana University of Minnesota-HealthPartners Institute/Region Hospital, Department of Emergency Medicine, Saint Paul, Minnesota",1,HealthPartners | Regions Hospital,I52792670 I1282532422,no
"M Health Fairview University of Minnesota, Minneapolis, Minnesota",1,,,no
"M.D., D.Sc., 1st edition. 446 pp., illustrated. Minneapolis; The University of Minnesota Press, 1956. $8.00",1,,,no
"MICHAEL C. MUSHENO is director of the Center for Criminal Justice and professor of criminal justice and public affairs at Arizona State University. He has taught at several universities, including the City University of New York, the University of Minnesota and the University of Kansas. His research on judicial process, public policy and justice-related topics has appeared in a number of journals including Law and Society, Administrative Law Review, Social Science Ouarterly, Political Methodology and the Policy Studies Journal. These research interests have been synthesized in a recent book, written with James Levine and Dennis Palumbo, which is entitled Criminal Justice: A Public Policy Approach. He is currently working on two book manuscripts, one with Dennis Palumbo and Paula Wright on the policy implementation process, and one with David Aaronson and C. Thomas Dienes on police discretion and the enforcement of public drunkenness laws",1,Arizona State University,I55732556,no
MINNESOTA UNIV,1,,,no
"MIS, University of Minnesota, Duluth, MN#TAB#",1,"University of Minnesota, Duluth",I4210115145,no
"MN: University of Minnesota Press, 1983. 135 pp. $19.50 ISBN 0-8166-1181-5 ($9.95 ISBN 0-8166-1179-3 paperbound)",1,,,no
"MN: University of Minnesota Press, 1983. 280 pp. $37.50 ISBN 01-8166-1278-1 ($14.95 ISBN 01-8166-1276-5 paperbound)",1,,,no
"Marian Moser Jones is with the College of Public Health at The Ohio State University, Columbus. Cheryl Healton, José Pagán, Faith Daniel, and Julie Holm are with the NYU Global School of Public Health, New York, NY. Shevya Awasthi and José Plascencia Jimenez were with the NYU Global School of Public Health at the time of the study. Mahathi Vojjala is with NYU Langone Health in the Department of Population Health, New York, NY. Sierra Jade Kaplan, Anne N. M. Getz Eidelhoch, Ashley Marie Bursie, Kelsey Anne Wilber, Winston Junior Scott, and Tori-Ann Haywood were at Syracuse University's Maxwell School of Citizenship and Public Affairs, Syracuse, NY, at the time of the study. Amy Lauren Fairchild is with the University of Minnesota School of Public Health, Minneapolis",1,The Ohio State University | New York University | Syracuse University | NYU Langone Health,I52357470 I57206974 I70983195 I4210086933,no
"Marriage and Family Therapy Program , Saint Mary's University of Minnesota",1,Saint Mary's University of Minnesota,I4210147856,no
"Masonic Cancer Center at the University of Minnesota , Minneapolis, MN 55455 ,",1,Masonic Cancer Center,I4390039358,yes
"Masonic Cancer Center at the University of Minnesota, Minneapolis, MN",1,Masonic Cancer Center,I4390039358,yes
"Masters Program in Counseling and Psychological Services , St. Mary's University of Minnesota, Minneapolis Campus , USA",1,Saint Mary's University of Minnesota,I4210147856,no
"Math, Science and Technology Department, University of Minnesota, Crookston, United States#TAB#",1,University of Minnesota Crookston,I4210159608,no
"Mathematics and Statistics, University of Minnesota Duluth, Solon Campus Center 140, 1117 University Dr., Duluth, MN 55812-3000, USA and Department of Applied Mathematics, Technical University of ...#TAB#",1,"University of Minnesota, Duluth",I4210115145,no
"Mayo Clinic and Mayo Foundation * The Mayo Foundation, Rochester, Minnesota, is a part of the Graduate School of the University of MinnesotaRochester, Minnesota",1,Mayo Clinic,I1330342723,no
"Mayo Clinic and Mayo Foundation Department of Surgical Pathology and Section of Pediatric Surgery, Mayo Graduate School of Medicine (University of Minnesota), Rochester, Minn, USA",1,Mayo Clinic | University of Minnesota Rochester,I1330342723 I4210120349,no
"Mayo Clinic and Mayo Foundation, Department of Ortohinolaryngology, and Mayo Graduate School of Medicine, University of Minnesota, Rochester, Minn",1,Mayo Clinic | University of Minnesota Rochester,I1330342723 I4210120349,no
"Mayo Clinic and Mayo Foundation, Mayo Graduate School of Mediane (University of Minnesota), Rochester",1,Mayo Clinic | University of Minnesota Rochester,I1330342723 I4210120349,no
"Mayo Clinic and Mayo Foundation, Rochester, Minn. 55901: Section of Cardiovascular Surgical Research (Dr. Rastelli), of Pediatrics (Drs. Ritter and DuShane), and of Surgery (Dr. McGoon). Mayo Graduate School of Medicine (University of Minnesota), Rochester: Resident in Thoracic Surgery (Dr. Hawe)",1,Mayo Clinic,I1330342723,no
"Mayo Clinic and Mayo Foundation, Rochester, Minn. 55901: Section of Pediatrics (Dr. Feldt) and of Surgery (Drs. McGoon and Danielson). Mayo Graduate School of Medicine (University of Minnesota), Rochester: Resident in Thoracic and Cardiovascular Surgery (Dr. Gomes)",1,Mayo Clinic | University of Minnesota Rochester,I1330342723 I4210120349,no
"Mayo Clinic and Mayo Foundation, Section of Orthopedic Surgery, and the Mayo Graduate School of Medicine, University of Minnesota, Rochester",1,Mayo Clinic | University of Minnesota Rochester,I1330342723 I4210120349,no
"Mayo Clinic and Mayo Foundation, Sections of Medicine (Dr. Olsen) and Surgery (Dr. Ellis), and the Mayo Graduate School of Medicine (Dr. Benjamin), University of Minnesota, Rochester, Minn",1,Mayo Clinic | University of Minnesota Rochester,I1330342723 I4210120349,no
"Mayo Clinic and Mayo Foundation, Sections of Surgical Research and of Experimental and Anatomic Pathology, and Mayo Graduate School of Medicine, University of Minnesota, Rochester",1,Mayo Clinic | University of Minnesota Rochester,I1330342723 I4210120349,no
"Mayo Clinic and Mayo Foundation, and the Mayo Graduate School of Medicine, University of Minnesota, Rochester, Minnesota 55901",1,Mayo Clinic | University of Minnesota Rochester,I1330342723 I4210120349,no
"Mayo Clinic and Mayo Foundation,33The Mayo Foundation, Rochester, Minnesota, is a part of the Graduate School of the University of Minnesota. Rochester, Minnesota, USA",1,Mayo Clinic | University of Minnesota Rochester,I1330342723 I4210120349,no
"Mayo Clinic and Mayo Foundation: Department of Clinical Pathology Mayo Graduate School of Medicine, University of Minnesota, Rochester, Minn., USA",1,Mayo Clinic | University of Minnesota Rochester,I1330342723 I4210120349,no
"Mayo Clinic and Mayo Foundation: Department of Internal Medicine. Mayo Graduate School of Medicine (University of Minnesota), Rochester",1,Mayo Clinic | University of Minnesota Rochester,I1330342723 I4210120349,no
"Mayo Clinic and Mayo Foundation: Department of Pediatrics Mayo Graduate School of Medicine, University of Minnesota, Rochester, Minn., USA",1,Mayo Clinic | University of Minnesota Rochester,I1330342723 I4210120349,no
"Mayo Clinic and Mayo Foundation: Department of Surgical Pathology. Mayo Graduate School of Medicine (University of Minnesota), Rochester",1,Mayo Clinic | University of Minnesota Rochester,I1330342723 I4210120349,no
"Mayo Clinic and Mayo Foundation: Department of Urology. Mayo Graduate School of Medicine (University of Minnesota), Rochester",1,Mayo Clinic | University of Minnesota Rochester,I1330342723 I4210120349,no
"Mayo Clinic and Mayo Foundation: Section of Anesthesiology (Dr. Lundborg) and of Physiology (Dr. Swan), Mayo Graduate School of Medicine (University of Minnesota), Rochester, Minnesota",1,Mayo Clinic | University of Minnesota Rochester,I1330342723 I4210120349,no
"Mayo Clinic and Mayo Foundation: Section of Anesthesiology and Mayo Graduate School of Medicine, University of Minnesota, Rochester",1,Mayo Clinic | University of Minnesota Rochester,I1330342723 I4210120349,no
"Mayo Clinic and Mayo Foundation: Section of Anesthesiology and Mayo Graduate School of Medicine, University of Minnesota, Rochester,",1,Mayo Clinic | University of Minnesota Rochester,I1330342723 I4210120349,no
"Mayo Clinic and Mayo Foundation: Section of Dermatology (Drs. Sams and Winkelmann). Mayo Graduate School of Medicine, University of Minnesota, Rochester: Resident in Dermatology (Dr. Harville)",1,Mayo Clinic | University of Minnesota Rochester,I1330342723 I4210120349,no
"Mayo Clinic and Mayo Foundation: Section of Medicine (Dr. Gorman), of Biochemistry (Drs. Flock and Owen), and of Physiology (Dr. Wakim). Mayo Graduate School of Medicine (University of Minnesota), Rochester: Resident in Medicine (Dr. Anderson)",1,Mayo Clinic | University of Minnesota Rochester,I1330342723 I4210120349,no
Mayo Clinic and Mayo Foundation: Section of Medicine (Dr. Kiely) and of ClinicalPathology (Drs. Tauxe and Owen) . Mayo Graduate School of Medicine (University of Minnesota) Rochester: Resident in Medicine (Dr. Schmid),1,Mayo Clinic | University of Minnesota Rochester,I1330342723 I4210120349,no
"Mayo Clinic and Mayo Foundation: Section of Orthopedic Surgery, Mayo Graduate School of Medicine (University of Minnesota), Rochester",1,Mayo Clinic | University of Minnesota Rochester,I1330342723 I4210120349,no
"Mayo Clinic and Mayo Foundation: Section of Physiology (Dr. Wakin), of Surgery (Dr. Ferris), and of Surgical Pathology (Dr. Soule), Mayo Graduate School of Medicine (University of Minnesota), Rochester, Minnesota, Resident in Surgery (Dr. Mahour)",1,Mayo Clinic | University of Minnesota Rochester,I1330342723 I4210120349,no
"Mayo Clinic and Mayo Foundation: Section of Surgical Pathology (Dr. Harrison) and of Surgery (Dr. Ellis). Mayo Graduate School of Medicine (University of Minnesota), Rochester, Minn.: Resident in Surgery (Dr. Stackhouse)",1,Mayo Clinic | University of Minnesota Rochester,I1330342723 I4210120349,no
"Mayo Clinic and Mayo Foundation: Section of Surgical Pathology, Mayo Graduate School of Medicine (University of Minnesota), Rochester",1,Mayo Clinic | University of Minnesota Rochester,I1330342723 I4210120349,no
"Mayo Clinic and Mayo Graduate School, University of Minnesota, Rochester",1,Mayo Clinic | University of Minnesota Rochester,I1330342723 I4210120349,no
"Mayo Foundation, Graduate School, University of Minnesota; Rochester, Minnesota",1,University of Minnesota Rochester,I4210120349,no
"Mayo Foundation†#N##TAB##TAB##TAB##TAB#†The Mayo Foundation is a part of the Graduate School of the University of Minnesota.Rochester, Minn., USA",1,,,no
"Mayo Graduate School of Medicine (University of Minnesota), Rochester, Minn. 55901: Fellow in Surgical Research (Dr. Seki). Mayo Clinic and Mayo Foundation, Rochester, Minn.: Consultant in Cardiovascular Surgical Research (Dr. Rastelli)",1,Mayo Clinic | University of Minnesota Rochester,I1330342723 I4210120349,no
"Mayo Graduate School of Medicine (University of Minnesota), Rochester, Minn. 55901: Resident in Surgery (Dr. Pairolero). Mayo Clinic and Mayo Foundation, Rochester, Minn. 55901: Department of Internal Medicine (Dr. McCallister), of Diagnostic Radiology (Dr. Hallermann), of Experimental and Anatomic Pathology (Dr. Titus), and of Surgery (Dr. Ellis)",1,Mayo Clinic | University of Minnesota Rochester,I1330342723 I4210120349,no
"Mayo Graduate School of Medicine (University of Minnesota), Rochester: Intern in Pediatrics, Mayo Clinic and Mayo Foundation",1,Mayo Clinic | University of Minnesota Rochester,I1330342723 I4210120349,no
"Mayo Graduate School of Medicine (University of Minnesota), Rochester: Resident in Dermatology (Dr Vesper). Mayo Clinic and Mayo Foundation: Department of Dermatology (Dr Wikelmann), and Division of Haematology and Internal Medicine (Dr Hargraves)",1,Mayo Clinic | University of Minnesota Rochester,I1330342723 I4210120349,no
"Mayo Graduate School of Medicine University of Minnesota, Rochester; Department of Otorhinolaryngology, Rocheseter, Minn",1,Mayo Clinic | University of Minnesota Rochester,I1330342723 I4210120349,no
"Mayo Graduate School of Medicine University of Minnesota, Rochester; Resident in Otolaryngology, Mayo clinc and Mayo Foundation, Rocheseter, Minn",1,Mayo Clinic | University of Minnesota Rochester,I1330342723 I4210120349,no
"Mechanical Engineering , 111 Church Street SE , Minneapolis , Minnesota , 55455 , USA",1,,,no
"Mechanical Engineering, Minneapolis, Minnesota, 55455, USA",1,,,no
"Mechanical and Industrial Engineering,#N#University of Minnesota Duluth,#N#1305 Ordean Court,#N#Duluth, MN 55812e-mail:",1,"University of Minnesota, Duluth",I4210115145,no
"Medical Oncology, University of Minnesota Masonic Cancer Center, Minneapolis, MN, USA",1,Masonic Cancer Center,I4390039358,yes
"Medical and Molecular Physiology, School of Medicine, University of Minnesota, Duluth, MN 55812",1,"University of Minnesota, Duluth",I4210115145,no
"Mental Health and Behavioral Sciences, James A. Haley Veterans Hospital, Tampa, Florida (Drs Wolf, Mauntel, Kretzmer, Thors, and Vanderploeg); Departments of Psychiatry and Behavioral Neurosciences (Drs Kretzmer and Vanderploeg) and Psychology (Dr Vanderploeg), University of South Florida, Tampa, Florida; Defense and Veterans Brain Injury Center, Tampa, Florida (Dr Vanderploeg); Durham VA Medical Center, VA Mid-Atlantic Region Mental Illness Research, Education and Clinical Center, and Department of Psychiatry and Behavioral Sciences, Duke University Medical Center, Durham, North Carolina (Dr Crawford); and Department of Veterans Affairs Medical Center, and Department of Psychiatry, University of Minnesota, Minneapolis, Minnesota (Dr Strom)",1,University of South Florida | Duke University | James A. Haley Veterans' Hospital | Duke Medical Center | Durham VA Medical Center | Defense and Veterans Brain Injury Center,I2613432 I170897317 I4210088910 I4210126298 I4210139568 I4405268472,no
"Meredith A. Brisco-Bacik Division of Cardiology, Department of Medicine, University of Colorado School of Medicine, Aurora (L.A.A.). Division of Cardiovascular Medicine, Department of Medicine, University of California San Diego (E.D.A.). l'Institut del Cor, Hospital Universitari Germans Trias i Pujol, Badalona, Spain (A.B.-G.). Temple Heart and Vascular Institute, Lewis Katz School of Medicine at Temple University, Philadelphia, PA (M.A.B.-B.). Division of Cardiology, Department of Medicine, University of Pennsylvania, Philadelphia (J.A.C.). Cardiovascular Division, Brigham and Women's Hospital, Boston, MA (B.L.C., C.Y.H.). Division of Cardiovascular Medicine, Department of Medicine, University of Utah, Salt Lake City (J.C.F.). Department of Cardiology, Copenhagen University Hospital, Rigshospitalet, Denmark (F.G.). The Cardiovascular Center, Tufts Medical Center, Boston, MA (N.K.K.). Sarver Heart Center, University of Arizona, Tucson (J.L.C., S.E.K., N.K.S.). Section of Advanced Heart Failure and Mechanical Circulatory Support, UMass Memorial Medical Center, Worcester, MA (R.D.K.). Section of Advanced Heart Failure and Transplant Cardiology, Henry Ford Hospital, Detroit, MI (D.E.L.). Department of Medicine, Minneapolis VA Health Care System and University of Minnesota, Minneapolis (O.V.)",1,University of California San Diego | University of Colorado Anschutz | University of Pennsylvania | Temple University | University of Copenhagen | Brigham and Women's Hospital | Hospital Universitari Germans Trias i Pujol,I36258959 I51713134 I79576946 I84392919 I124055696 I1283280774 I4210153460,no
"Michael DeNotto is instruction librarian at St. Mary’s University of Minnesota, e-mail: mdenotto@smumn.edu",1,Saint Mary's University of Minnesota,I4210147856,no
"Michael J. Stark, Kristen Rohde, Julie E. Maher, Barbara A. Pizacani, Clyde W. Dent, and Ronda Bard are with Program Design and Evaluation Services, Multnomah County Health Department and the Oregon Department of Human Services, Portland. Steven G. Carmella, Adam R. Benoit, Nicole M. Thomson, and Stephen S. Hecht are with the University of Minnesota Cancer Center, Minneapolis",1,Multnomah County Health Department | Masonic Cancer Center,I4210117795 I4390039358,yes
"Michael William Pfau is Associate Professor of Communication, University of Minnesota-Duluth . E-mail: mpfau@d.umn.edu",1,"University of Minnesota, Duluth",I4210115145,no
"Minneapolis ( University of Minnesota Press) , 2022",1,,,no
"Minneapolis , MN , University of Colorado , Denver , CO",1,University of Colorado Denver,I921990950,no
"Minneapolis , Minnesota , U",1,,,no
"Minneapolis , Minnesota , U.S.A",1,,,no
"Minneapolis , Minnesota 1968",1,,,no
"Minneapolis , Minnesota 55416 , USA",1,,,no
"Minneapolis , Minnesota 55440",1,,,no
"Minneapolis , Minnesota 55455 ",1,,,no
"Minneapolis , Minnesota 55455 USA",1,,,no
"Minneapolis , University of Minnesota Press , 2007",1,,,no
"Minneapolis , University of Minnesota Press , 2013 , 193 p ",1,,,no
"Minneapolis , University of Minnesota Press , 2024",1,,,no
"Minneapolis Minnesota, U.S.A",1,,,no
"Minneapolis,  Minnesota, U.S.A",1,,,no
"Minneapolis, MN 55414, USA 4 , ,",1,,,no
"Minneapolis, MN 55417, U.S.A",1,,,no
"Minneapolis, MN 55454, USA 2",1,,,no
"Minneapolis, MN 55455, USA , ,",1,,,no
"Minneapolis, MN 55455, USA 1",1,,,no
"Minneapolis, MN 55455, USA 15 , ,",1,,,no
"Minneapolis, MN 55455, USA 3",1,,,no
"Minneapolis, MN 55455, USA 4 , ,",1,,,no
"Minneapolis, MN 55455, USA 5 , ,",1,,,no
"Minneapolis, MN 55455, USA 6 , ,",1,,,no
"Minneapolis, MN 55455, USA 7 , ,",1,,,no
"Minneapolis, MN. Electronic address: gram0066@umn.edu",1,,,no
"Minneapolis, MN: University of Minnesota Press, 1985. 260pp. US $13.95 (paperb.)",1,,,no
"Minneapolis, MN: University of Minnesota Press, 1985. xv + 223 pp. $35.00 (cloth); $12.95 (paper)",1,,,no
"Minneapolis, MN; University of Minnesota Cancer Center",1,Masonic Cancer Center,I4390039358,yes
"Minneapolis, Minnesota 55403, USA",1,,,no
"Minneapolis, Minnesota 55404-4515",1,,,no
"Minneapolis, Minnesota, U.S",1,,,no
"Minneapolis, Minnesota, USA;",1,,,no
"Minneapolis, Minnesota, United States, 55414 (e-mail: zhan6234@umn.edu)",1,,,no
"Minneapolis, University of Minnesota Press, 2009). 312 p",1,,,no
"Minneapolis-St Paul University, USA",1,,,no
"Minneapolis: University of Minnesota Press, 1984",1,,,no
"Minneapolis: University of Minnesota Press, 1999, 284 pp",1,,,no
"Minneapolis: University of Minnesota Press, 2018, 280 pp",1,,,no
"Minneapolis: University of Minnesota Press, 2019, 324 pp",1,,,no
"Minnesota ,",1,,,no
"Minnesota 2020, 2324 University Ave. W., Suite 204, St. Paul, MN 55114, United States",1,,,no
"Minnesota Alumni , McNamara Alumni Center , 200 Oak St SE , Suite 200 , Minneapolis , Minnesota , 55455-2040",1,,,no
"Minnesota BCA Forensic Science Laboratory 2 , 1246 University Ave., St. Paul, MN55104 ",1,,,no
"Minnesota BCA Forensic Science Laboratory 5 , 1246 University Ave., St. Paul, MN ",1,,,no
"Minnesota BCA Forensic Science Laboratory 5 , 1246 University Avenue, St. Paul, MN ",1,,,no
"Minnesota BCA Forensic Science Laboratory, 1246 University Ave., St. Paul, MN, US",1,,,no
"Minnesota BCA Forensic Science Laboratory, 1246 University Avenue, St. Paul, MN, US",1,,,no
"Minnesota Center for Philosophy of Science, Minneapolis, Minnesota 55455, U.S.A",1,,,no
"Minnesota Dental Research Center for Biomaterials and Biomechanics, Minneapolis 55455, USA. antheun@oranje.dent.umn.edu",1,,,no
"Minnesota Department of Agriculture, St. Paul, MN 55108, U.S.A",1,Minnesota Department of Agriculture,I4210124885,no
"Minnesota Evidence-based Practice Center, Minneapolis, MN 55455, USA. shaml005@umn.edu",1,,,no
"Minnesota Gas Company, Minneapolis, MN 55426 U.S.A",1,,,no
"Minnesota Geological Survey , 2642 University Avenue W. , St. Paul , Minnesota 55114-1057 USA",1,Minnesota Geological Survey,I4387154767,yes
"Minnesota Head & Neck Clinic, Minneapolis, Minnesota, USA. Herm0024@umn.edu",1,,,no
"Minnesota Institute for Astrophysics, 116 Church St. SE, Minneapolis, MN, 55455, USA",1,,,no
"Minnesota Institute for Astrophysics, 116 Church St., Minneapolis, MN 55455, USA",1,,,no
Minnesota Population Center  Minneapolis MN USA,1,,,no
Minnesota Population Center Institute for Social Research and Data Innovation  Minneapolis Minnesota USA,1,,,no
"Minnesota Population Center, 301 19th Ave S, Minneapolis, MN, 55455, USA",1,,,no
"Minnesota Population Center, 50 Willey Hall, 225 - 19th Avenue South, Minneapolis, MN 55455",1,,,no
"Minnesota Sea Grant College, University of Minnesota–Duluth Duluth Minnesota 55803 USA",1,"Minnesota Sea Grant | University of Minnesota, Duluth",I4210109757 I4210115145,no
"Minnesota Sea Grant Institute, University of Minnesota-Duluth, Duluth, USA",1,"Minnesota Sea Grant | University of Minnesota, Duluth",I4210109757 I4210115145,no
Minnesota Section,1,,,no
"Minnesota Sports Medicine, University Orthopaedic Therapy Center, Minneapolis, MN 55455, USA",1,,,no
"Minnesota State University, Minnesota, U.S.A",1,Minnesota State Colleges and Universities System,I91221267,no
"Minnesota Studies in the Philosophy of Science. Edited by William Aspray and Philip Kitcher. Minneapolis, (University of Minnesota Press). 1988. 387 pages",1,,,no
"Minnesota Supercomputing Institute for Advanced Computational Research, Minneapolis, MN USA; dhp@umn.edu",1,Minnesota Supercomputing Institute,I4400573273,no
"Minnesota Supercomputing Institute, 599 Walter Library, 117 Pleasant St S.E., Minneapolis, MN 55455, USA. Email:",1,Minnesota Supercomputing Institute,I4400573273,no
"Minnesota Supercomputing Institute, 599 Walter Library, 117 Pleasant Street, Minneapolis, MN, 55455, USA",1,Minnesota Supercomputing Institute,I4400573273,no
"Minnesota Traffic Observatory, Department of Civil Engineering, 500 Pillsbury Drive SE, Minneapolis, MN 55455",1,,,no
"Minnesota Univ., Crookston",1,University of Minnesota Crookston,I4210159608,no
"Minnesota Univ., Duluth",1,"University of Minnesota, Duluth",I4210115145,no
"Minnesota Univ., Duluth, MN#TAB#",1,"University of Minnesota, Duluth",I4210115145,no
"Minnesota Univ., Rochester, MN, USA",1,University of Minnesota Rochester,I4210120349,no
"Minnesota University ( 290 -2015-00008-I ), and",1,,,no
"Minnesota University , , , ,",1,,,no
"Minnesota University , Minnesota 2009",1,,,no
"Minnesota University , USA in 1995 ",1,,,no
"Minnesota University Press , 2018",1,,,no
"Minnesota Veterinary Diagnostic Laboratory, Dr",1,,,no
"Minnesota and Yale University, respectwely",1,Yale University,I32971472,no
Minnesota),1,,,no
"Minnesota, Minneapolis, Minnesota 55455, U.S.A",1,,,no
"Minnesota, Minneapolis, Minnesota, United States of America",1,,,no
"Minnesota, Univ",1,,,no
"Minnesota,USA",1,,,no
"Médica Dentista, Mestrado e especialidade em Odontopediatria pela Faculdade de Medicina Dentária da Universidade de Minnesota; EUA. Professora Catedrática, Regente de Odontopediatria da Faculdade de Medicina Dentária, Lisboa, Portugal",1,,,no
"NRRI, University of Minnesota at Duluth, Duluth, Minnesota 55811, Department of Mathematics and Computer Science, Drake University, Des Moines, Iowa 50311, Ames Laboratory − DOE, Iowa State University, Ames, Iowa 50011, and Laboratory for Chemometrics, National Institute of Chemistry, Hajdrihova 19, Ljubljana, Slovenia",1,"Drake University | Iowa State University | Ames National Laboratory | University of Minnesota, Duluth | National Institute of Chemistry",I87213936 I173911158 I2802789608 I4210115145 I4210152560,no
"Nancy K. Sweitzer Division of Cardiology, Department of Medicine, University of Colorado School of Medicine, Aurora (L.A.A.). Division of Cardiovascular Medicine, Department of Medicine, University of California San Diego (E.D.A.). l'Institut del Cor, Hospital Universitari Germans Trias i Pujol, Badalona, Spain (A.B.-G.). Temple Heart and Vascular Institute, Lewis Katz School of Medicine at Temple University, Philadelphia, PA (M.A.B.-B.). Division of Cardiology, Department of Medicine, University of Pennsylvania, Philadelphia (J.A.C.). Cardiovascular Division, Brigham and Women's Hospital, Boston, MA (B.L.C., C.Y.H.). Division of Cardiovascular Medicine, Department of Medicine, University of Utah, Salt Lake City (J.C.F.). Department of Cardiology, Copenhagen University Hospital, Rigshospitalet, Denmark (F.G.). The Cardiovascular Center, Tufts Medical Center, Boston, MA (N.K.K.). Sarver Heart Center, University of Arizona, Tucson (J.L.C., S.E.K., N.K.S.). Section of Advanced Heart Failure and Mechanical Circulatory Support, UMass Memorial Medical Center, Worcester, MA (R.D.K.). Section of Advanced Heart Failure and Transplant Cardiology, Henry Ford Hospital, Detroit, MI (D.E.L.). Department of Medicine, Minneapolis VA Health Care System and University of Minnesota, Minneapolis (O.V.)",1,University of California San Diego | University of Colorado Anschutz | University of Pennsylvania | Temple University | University of Copenhagen | Brigham and Women's Hospital | Hospital Universitari Germans Trias i Pujol,I36258959 I51713134 I79576946 I84392919 I124055696 I1283280774 I4210153460,no
Nation Engineering Laboratory for Tree Breeding College of Biological Sciences and Biotechnology Beijing Forestry University Beijing China,1,Beijing Forestry University,I31683504,no
"National Engineering Laboratory for Tree Breeding, College of Biological Sciences and Biotechnology, Beijing Forestry University, Beijing, PR China",1,Beijing Forestry University,I31683504,no
"National Engineering Laboratory for Tree Breeding, College of Biological Sciences and Technology; Beijing Forestry University; Beijing 100083 China",1,Beijing Forestry University,I31683504,no
"National Institute of Biological Sciences; Beijing, China; College of Biological Sciences; China Agriculture University; Beijing, China",1,"China Agricultural University | National Institute of Biological Sciences, Beijing",I52158045 I4210086405,no
"National Institute of Dental and Craniofacial Research, National Institutes of Health, Bethesda University of Minnesota School of Dentistry  Minneapolis",1,National Institutes of Health | National Institute of Dental and Craniofacial Research,I1299303238 I4210088259,no
"National Key Lab of Plant Physiology and Biochemistry, College of Biological Sciences, China Agricultural University, Beijing, China",1,China Agricultural University,I52158045,no
"National Key Laboratory of Plant Physiology and Biochemistry, College of Biological Sciences, China Agricultural University, Beijing, China",1,China Agricultural University,I52158045,no
"Natural Resource Institute, University of Minnesota, Duluth, Minnesota 55811 USA",1,"University of Minnesota, Duluth",I4210115145,no
"Natural Resource Research Institute, University of Minnesota, Duluth, USA",1,"University of Minnesota, Duluth",I4210115145,no
"Natural Resource Research Institute, University of Minnesota-Duluth, Duluth, USA",1,"University of Minnesota, Duluth",I4210115145,no
"Natural Resources Research Institute, Univ. of Minnesota5013 Miller Trunk HighwayDuluthMN55811",1,"University of Minnesota, Duluth",I4210115145,no
"Natural Resources Research Institute, University of Minnesota at Duluth, 5013 Miller Trunk Highway, Duluth, Minnesota 55811-1442, National Institute of Chemistry, Ljubljana, Slovenia, Ames Laboratory-DOE, Iowa State University, Ames, Iowa 50011, Polytechnic University, Bucharest, Romania, and Department of Oceanography and Marine Sciences, Texas A&M University at Galveston, Galveston, Texas 77553",1,"Texas A&M University at Galveston | Iowa State University | Ames National Laboratory | University of Minnesota, Duluth | National Institute of Chemistry",I164185940 I173911158 I2802789608 I4210115145 I4210152560,no
"Natural Resources Research Institute, University of Minnesota5013 Miller Trunk Hwy, Duluth, MN 55811, USA",1,"University of Minnesota, Duluth",I4210115145,no
"Navin K. Kapur Division of Cardiology, Department of Medicine, University of Colorado School of Medicine, Aurora (L.A.A.). Division of Cardiovascular Medicine, Department of Medicine, University of California San Diego (E.D.A.). l'Institut del Cor, Hospital Universitari Germans Trias i Pujol, Badalona, Spain (A.B.-G.). Temple Heart and Vascular Institute, Lewis Katz School of Medicine at Temple University, Philadelphia, PA (M.A.B.-B.). Division of Cardiology, Department of Medicine, University of Pennsylvania, Philadelphia (J.A.C.). Cardiovascular Division, Brigham and Women's Hospital, Boston, MA (B.L.C., C.Y.H.). Division of Cardiovascular Medicine, Department of Medicine, University of Utah, Salt Lake City (J.C.F.). Department of Cardiology, Copenhagen University Hospital, Rigshospitalet, Denmark (F.G.). The Cardiovascular Center, Tufts Medical Center, Boston, MA (N.K.K.). Sarver Heart Center, University of Arizona, Tucson (J.L.C., S.E.K., N.K.S.). Section of Advanced Heart Failure and Mechanical Circulatory Support, UMass Memorial Medical Center, Worcester, MA (R.D.K.). Section of Advanced Heart Failure and Transplant Cardiology, Henry Ford Hospital, Detroit, MI (D.E.L.). Department of Medicine, Minneapolis VA Health Care System and University of Minnesota, Minneapolis (O.V.)",1,University of California San Diego | University of Colorado Anschutz | University of Pennsylvania | Temple University | Brigham and Women's Hospital | Hospital Universitari Germans Trias i Pujol,I36258959 I51713134 I79576946 I84392919 I1283280774 I4210153460,no
"Ngoh Tiong Tan is a Lecturer in the Department of Social Work and Psychology at the National University of Singapore in Kent Ridge, Singapore. He has taught previously at the University of Minnesota, College of St. Thomas, and Augsburg College",1,Augsburg University | National University of Singapore,I119916105 I165932596,no
"North Dakota State Univ. and the Univ. of Minnesota, Dep. Crop Weed Sci., Fargo, ND 58105",1,North Dakota State University,I57328836,no
"Northeastern University University of Minnesota , U.S. Department of Justice Federal Reserve Bank of Minneapolis , and",1,Federal Reserve Bank of Minneapolis,I1341575764,no
"Northwest Research and Outreach Center , University of Minnesota , Crookston, Minnesota, USA",1,University of Minnesota Crookston,I4210159608,no
"Now professor and chairman, Department of Oral Diagnosis, Indiana University, School of Dentistry, Indianapolis, Indiana, Minneapolis, Minnesota",1,Indiana University Indianapolis,I4388446366,no
"Nursing, University of Minnesota Medical Center, Fairview, Minneapolis, MN",1,University of Minnesota Medical Center,I4210135252,no
Nutrition University of Minnesota St. Paul MN,1,,,no
"Ob/Gyn, Fairview University of Minnesota Health System, Burnsville, Minnesota",1,,,no
"Office of Academic and Student Affairs (Molgaard), and Veterinary Med-ical Center (Lee), College of Veterinary Medicine, University of Minne-sota, Saint Paul, MN 55108;",1,University of Minnesota System,I2800403580,no
"Olmsted Medical Center, University of Minnesota, Rochester, MN 55904, USA. yawnx002@umn.edu",1,University of Minnesota Rochester | Olmsted Medical Center,I4210120349 I4210165821,no
"Ophthalmology and Biophysics of the Mayo Clinic and Mayo Foundation, and the Mayo Graduate School of Medicine, University of Minnesota, Rochester, Minnesota",1,Mayo Clinic | University of Minnesota Rochester,I1330342723 I4210120349,no
"Organizational Leadership, Policy, and Development, 247 Burton Hall, 178 Pillsbury Dr SE, Minneapolis, MN, 55455, USA",1,,,no
"Orly Vardeny Division of Cardiology, Department of Medicine, University of Colorado School of Medicine, Aurora (L.A.A.). Division of Cardiovascular Medicine, Department of Medicine, University of California San Diego (E.D.A.). l'Institut del Cor, Hospital Universitari Germans Trias i Pujol, Badalona, Spain (A.B.-G.). Temple Heart and Vascular Institute, Lewis Katz School of Medicine at Temple University, Philadelphia, PA (M.A.B.-B.). Division of Cardiology, Department of Medicine, University of Pennsylvania, Philadelphia (J.A.C.). Cardiovascular Division, Brigham and Women's Hospital, Boston, MA (B.L.C., C.Y.H.). Division of Cardiovascular Medicine, Department of Medicine, University of Utah, Salt Lake City (J.C.F.). Department of Cardiology, Copenhagen University Hospital, Rigshospitalet, Denmark (F.G.). The Cardiovascular Center, Tufts Medical Center, Boston, MA (N.K.K.). Sarver Heart Center, University of Arizona, Tucson (J.L.C., S.E.K., N.K.S.). Section of Advanced Heart Failure and Mechanical Circulatory Support, UMass Memorial Medical Center, Worcester, MA (R.D.K.). Section of Advanced Heart Failure and Transplant Cardiology, Henry Ford Hospital, Detroit, MI (D.E.L.). Department of Medicine, Minneapolis VA Health Care System and University of Minnesota, Minneapolis (O.V.)",1,University of California San Diego | University of Colorado Anschutz | University of Pennsylvania | Temple University | Brigham and Women's Hospital | Hospital Universitari Germans Trias i Pujol,I36258959 I51713134 I79576946 I84392919 I1283280774 I4210153460,no
"Orthopaedic Surgery and Biochemistry, Minneapolis, Minnesota 55455 U.S.A",1,,,no
"P.A., Minneapolis, Minnesota, U.S.A",1,,,no
"P.O. Box 291 Minneapolis , Minnesota 55480-0291",1,,,no
"PZ Myers is associate professor of biology at the University of Minnesota Morris, 600 East 4th Street, Morris, Minnesota 56267, USA, and author of the blog Pharyngula. pzmyers@gmail.com ,",1,University of Minnesota Morris,I4210162301,no
"Participating Investigators: Timing of Rectal Cancer Response to Chemoradiation Consortium: W. Donald Buie, MD, University of Calgary; Theodore Coutsoftides, MD, Center for Cancer Prevention and Treatment, St. Joseph Hospital; David Dietz, MD, Cleveland Clinic Foundation; Alessandro Fichera, MD, University of Chicago Medical Center; Daniel Herzig, MD, Knight Cancer Institute, Oregon Health and Science University; Steven Hunt, MD, Washington University (St. Louis, MO); Peter Cataldo, MD and Neil Hyman, MD, University of Vermont; Jorge Marcet, MD, University of South Florida; Samuel Oommen, MD, John Muir Health (Concord, CA); Thomas E. Read, MD, Lahey Clinic Medical Center, Tufts University School of Medicine; David Rothenberger, MD, University of Minnesota; Lee Smith, MD, Washington Hospital Center; Michael J. Stamos, MD, University of California, Irvine; Charles A. Ternent, MD, FACS, Colon and Rectal Surgery Inc. (Omaha, NE); Madhulika G. Varma, MD, University of California, San Francisco",1,"University of Calgary | University of California, San Francisco | University of California, Irvine | University of Chicago Medical Center | OHSU Knight Cancer Institute",I168635309 I180670191 I204250578 I4210087865 I4390039369,no
"Particle Technology Laboratory, Mechanical Engineering Department, S. E, University of Minneapolis, 111 Church Street, Minneapolis, MN, 55455",1,,,no
"Patrick C. Dorin is Professor of Marketing part-time at the University of Minnesota, Duluth, USA",1,"University of Minnesota, Duluth",I4210115145,no
"Paul Naser https://orcid.org/0000-0002-2012-8023 Department of Neurosurgery, University of Heidelberg, Germany (P.N., A.U., J.W.)",1,Heidelberg University,I223822909,no
"Pediatric Blood and Marrow Transplant, University of Minnesota Masonic Cancer Center, Minneapolis, MN, USA,",1,Masonic Cancer Center,I4390039358,yes
"Pediatric Division of Hematology, Oncology and Transplantation, University of Minnesota Masonic Cancer Center, Minneapolis, Minnesota",1,Masonic Cancer Center,I4390039358,yes
Pediatric Hematology/Oncology University of Minnesota Masonic Cancer Center Minneapolis MN USA,1,Masonic Cancer Center,I4390039358,yes
"Pediatric Hematology/Oncology, University of Minnesota Masonic Cancer Center, Minneapolis, MN, USA",1,Masonic Cancer Center,I4390039358,yes
"Peds ICU, Peds Gl.Univ. of Minn, Minneapolis",1,,,no
Penn State College of Medicine Deepkamal Karelia Penn State College of Medicine Yibin Deng University of Minnesota,1,Pennsylvania State University,I130769515,no
"Personnel Research and Analysis Department of the Ford Motor Company, Dearborn, Michigan. He was at the University of Minnesota when this study was done",1,Ford Motor Company (United States),I1292974536,no
"PhD Educational Administration, The Islamic University of Minnesota )Bahrain)",1,Islamic University of Minnesota,I4405261387,no
Pharmacology and Toxicology University of Arizona St. Paul MN,1,University of Arizona,I138006243,no
"Pharmacology and Toxicology, University of Arizona, St. Paul, MN",1,University of Arizona,I138006243,no
"Philosophy Department University of Minnesota, Duluth Duluth, MN 55812, USA. E-mail: dcole@d.umn.edu#TAB#",1,"University of Minnesota, Duluth",I4210115145,no
"Physiology Research Laboratory, Minneapolis, Minnesota",1,,,no
"Physiology U. Minn.‐Neurogenic Cardiovascular Diseases Consortium(NCDC) 321 Church St. SE, Rm. 6‐125 Jackson Hall Minneapolis MN 55455",1,,,no
"Pioneer Hi-Bred International, Inc., Johnston, IA and Univ. of Minnesota; St. Paul MN 55108",1,Pioneer Hi-Bred,I209244073,no
"Plant Science Research Unit, USDA, Agriculture Research Service, 439 Borlaug Hall, Univ. of Minnesota, St. Paul, MN 55108–6028. To whom reprint requests should be sent",1,Agricultural Research Service | United States Department of Agriculture,I1312222531 I1336096307,no
"Posture 24/7, Minneapolis, Minnesota, USA",1,,,no
"Present address: Large Lakes Observatory, University of Minnesota Duluth, Duluth, Minnesota 55812 USA; stern007@umn.edu",1,"University of Minnesota, Duluth",I4210115145,no
"Present address: University of Minnesota Extension, Dakota Co Ext & Cons Ctr, 4100 220th St W STE 100 Farmington MN, USA 55024",1,,,no
"Presented at the Plastic Surgery Research Council Meeting in Seattle, Washington, May 17 through 20, 2000. This project was accepted as partial fulfillment of the first author's (I.F.W.) Master of Public Health degree requirements, School of Public Health, University of Minnesota",1,,,no
"Presented to the Academy of General Practice of Pharmacy at the annual meeting of the American Pharmaceutical Association in Las Vegas, Nevada, April 10, 1967. Abstracted in part from a paper presented by Richard J. Bertin to the graduate school, University of Minnesota in partial fulfillments of the requirements for an MS in hospital pharmacy. Study supported in part by a grant from Roche Laboratories, Nutley, New Jersey",1,,,no
"Prevention and Etiology Program,  University of Minnesota Cancer Center, Minneapolis, MN, USA",1,Masonic Cancer Center,I4390039358,yes
"Primate Microbiome Project, 6-124 MCB, 420 Washington Ave SE, Minneapolis, MN, 55455, USA. joh04207@umn.edu",1,,,no
"Produced by University of Minnesota Libraries Publishing, 2015",1,University of Minnesota Libraries Publishing,I4400600966,yes
"Professor of History, University of Minnesota, Morris",1,University of Minnesota Morris,I4210162301,no
"Professor of Mechanical Engineering and Physics, University of Minne-sota, 111 Church Street S.E., Minneapolis, MN 55455",1,,,no
"Professor of Sociology, Minneapolis, Minnesota",1,,,no
"Psych., Univ. of Psych., N218 Elliott Hall, 75 East River Parkway, Minneapolis, MN 55414, whit1945@umn.edu",1,,,no
"Psychology Discipline, University of Minnesota–, Morris, USA",1,University of Minnesota Morris,I4210162301,no
"RUCE E. SWANSON is a graduate student at the University of Minne-sota, St. Paul MN",1,University of Minnesota System,I2800403580,no
"Radical History of Urban Planning. Minneapolis , MN : University of Minnesota Press",1,,,no
"Radioisotope Service and Department of Medicine, Minneapolis Veterans Hospital, University of Mnnesota",1,Minneapolis VA Medical Center,I4210140408,no
"Regent's Professor of Surgery Emeritus, Box 610, University Hospitals Minneapolis, Minnesota 55455",1,,,no
"Regions Hospital and University of MinnesotaSt. Paul, Minnesotaand",1,Regions Hospital,I1282532422,no
"Regions HospitalUniversity of MinnesotaSt. Paul, Minnesota",1,Regions Hospital,I1282532422,no
"Requests for reprints: Julie A. Ross, University of Minnesota Cancer Center, MMC 422, 420 Delaware Street Southeast, Minneapolis, MN 55455. Phone: 612-626-2902; Fax: 612-626-4842. E-mail:",1,Masonic Cancer Center,I4390039358,yes
"Research Assistant, Soil Science Dep., Univ. of Wisconsin, Madison, WI 53706, formerly at Univ. of Minnesota, St. Paul",1,University of Wisconsin–Madison,I135310074,no
Research Department Federal Reserve Bank of Minneapolis and Associ ate Professor Department of Economi cs Uni versi ty of Mi nnesota,1,Federal Reserve Bank of Minneapolis,I1341575764,no
Research Department Federal Reserve Bank of Minneapolis and Professor and Chai r Department of Economi cs Uni versi ty of Mi nnesota,1,Federal Reserve Bank of Minneapolis,I1341575764,no
"Research assistant, professor, and associate professor respectively. Dep. of Agronomy and Plant Genetics, Univ. of Minesota, St. Paul MN 55108",1,,,no
"Research reported in this publication was supported by the University of Minnesota, Grant-in-Aid to the first author, Dr. Bhimani, under Award Number 1801-11313-20562. The content is solely the responsibility of the authors and does not necessarily represent the official views of the University of Minnesota. The authors have no conflicts of interest to report",1,,,no
"Resources Research Institute, University of Minnesota, Duluth, Minnesota 55811, USA, , US",1,"University of Minnesota, Duluth",I4210115145,no
"Road St. Paul, Minnesota 55121, U.S.A",1,,,no
"Robb D. Kociol Division of Cardiology, Department of Medicine, University of Colorado School of Medicine, Aurora (L.A.A.). Division of Cardiovascular Medicine, Department of Medicine, University of California San Diego (E.D.A.). l'Institut del Cor, Hospital Universitari Germans Trias i Pujol, Badalona, Spain (A.B.-G.). Temple Heart and Vascular Institute, Lewis Katz School of Medicine at Temple University, Philadelphia, PA (M.A.B.-B.). Division of Cardiology, Department of Medicine, University of Pennsylvania, Philadelphia (J.A.C.). Cardiovascular Division, Brigham and Women's Hospital, Boston, MA (B.L.C., C.Y.H.). Division of Cardiovascular Medicine, Department of Medicine, University of Utah, Salt Lake City (J.C.F.). Department of Cardiology, Copenhagen University Hospital, Rigshospitalet, Denmark (F.G.). The Cardiovascular Center, Tufts Medical Center, Boston, MA (N.K.K.). Sarver Heart Center, University of Arizona, Tucson (J.L.C., S.E.K., N.K.S.). Section of Advanced Heart Failure and Mechanical Circulatory Support, UMass Memorial Medical Center, Worcester, MA (R.D.K.). Section of Advanced Heart Failure and Transplant Cardiology, Henry Ford Hospital, Detroit, MI (D.E.L.). Department of Medicine, Minneapolis VA Health Care System and University of Minnesota, Minneapolis (O.V.)",1,University of California San Diego | University of Colorado Anschutz | University of Pennsylvania | Temple University | Brigham and Women's Hospital | Hospital Universitari Germans Trias i Pujol,I36258959 I51713134 I79576946 I84392919 I1283280774 I4210153460,no
"Rocky Vista University College of Osteopathic Medicine, Parker, Colorado University of Minnesota Medical School, Minneapolis, Minnesota",1,Rocky Vista University,I109362141,no
"Ruth Lindquist, PhD, APRN, BC, FAAN, Zeta, Professor and Senior Associate Dean for Academic Programs, Center for Gerontological Nursing, School of Nursing; Jean F. Wyman, PhD, APRN, BC, FAAN, Zeta, Professor, Cora Meidl Siehl Chair, Center for Gerontological Nursing, School of Nursing; Kristine M.C. Talley, RN, MS, APRN, BC, Zeta, Research Assistant, Center for Gerontological Nursing, School of Nursing; Mary J. Findorff, RN, PhD, Research Associate, Center for Gerontological Nursing, School of Nursing; Cynthia R. Gross, PhD, Professor, College of Pharmacy and School of Nursing; all at University of Minnesota, Minneapolis, MN. This research was supported by the National Institute of Nursing Research and the Office of Research on Women's Health, National Institutes of Health (R01 NR05107). Correspondence to Dr. Lindquist, School of Nursing, University of Minnesota, 5–140 Weaver-Densford Hall, 308 Harvard Street SE, Minneapolis, MN 55455. E-mail: [email protected]",1,National Institutes of Health,I1299303238,no
"S.E. , Minneapolis , Minnesota , 55455 , USA",1,,,no
"S.E. , Minneapolis , Minnesota 55455",1,,,no
"SDRC, Minneapolis, MN 55425-1528, USA",1,,,no
"SE College of Design Minneapolis, MN 55455 1425 University Ave SE Minneapolis, MN 55414 10",1,,,no
"Samuel E. Sondheim, MD, MBA, is Assistant Medical Director, Mount Sinai Morningside Department of Emergency Medicine; an Assistant Professor, Department of Emergency Medicine; and Innovations Lead Faculty, Center for Healthcare Readiness; all at Icahn School of Medicine at Mount Sinai, New York City, NY. Ryan M. Leone, MSc, is a Medical Student, Columbia University Vagelos College of Physicians and Surgeons, New York, NY, and a Visiting Scholar, National Center for Disaster Medicine and Public Health, Bethesda, MD. Sriram Venkatesan, MD, FAWM, is Staff Physician, Sri Ramachandra Medical College, Chennai, India. Douglas M. Char, MD, MA, is a Professor and Vice-Chair, Academic and Faculty Affairs, Department of Emergency Medicine, Washington University School of Medicine, St. Louis, MO. Sara Burdash, MD, FACEP, is an Emergency Medicine Physician, Emergency Preparedness, M Health Fairview, and an Assistant Professor, Department of Emergency Medicine, University of Minnesota Medical School",1,Columbia University | Icahn School of Medicine at Mount Sinai,I78577930 I98704320,no
"Sara Rynes is Professor of Management & Organizations at the College of Business, University of Iowa. Dr. Rynes' research and teaching interests are in the areas of human resource strategy and decision making, compensation management, total quality management and continuous improvement, recruitment, staffing, and career management. Dr. Rynes has served as consultant to a wide range of private and public sector organizations, and is on the editorial boards of the Academy of Management Journal, Personnel Psychology , and Journal of Applied Psychology . Prior to joining the University of Iowa, she was on the faculties of the University of Minnesota and Cornell University",1,University of Iowa | Cornell University,I126307644 I205783295,no
School of Business and Economics University of Minnesota‐Duluth,1,"University of Minnesota, Duluth",I4210115145,no
"School of Business, Saint Mary’s University of Minnesota, Winona, USA",1,Saint Mary's University of Minnesota,I4210147856,no
"School of Dentistry, University of Michigan, St Paul Minnesota, U.S.A",1,University of Michigan,I27837315,no
"School of Education, Saint Maryõs University of Minnesota, 1165 W. Broadway, Winona, MN 55987",1,Saint Mary's University of Minnesota,I4210147856,no
School of Management Department of Economics Kellogg Graduate School Boston University University of Minnesota of Management 595 Commonwealth Avenue 1035,1,Boston University,I111088046,no
"School of Medicine University of Minnesota-Duluth, Duluth, USA",1,"University of Minnesota, Duluth",I4210115145,no
"School of Medicine, University of Minnesota  Duluth Minnesota",1,"University of Minnesota, Duluth",I4210115145,no
"School of Medicine; University of Minnesota, Duluth; 10 University Drive; Duluth, Minnesota",1,"University of Minnesota, Duluth",I4210115145,no
"School of Medicine; University of Minnesota, Duluth; Duluth, Minnesota",1,"University of Minnesota, Duluth",I4210115145,no
"School of Psychology, College of Biological Sciences, Medicine, and Psychology, University of Leicester, Leicester, England",1,University of Leicester,I153648349,no
"School of Social Development, University of Minnesota-Duluth, Duluth, Minnesota 55812",1,"University of Minnesota, Duluth",I4210115145,no
"School of Veterinary Medicine, St Paul, Minnesota 55108, USA",1,,,no
"Scott A. Sherer is an assistant professor of modern and contemporary art history at Kent State University, He has an interdisciplinary background with a B.A. in Architecture from Yale University, a M.A. in Art History from the University of Kentucky, and a Ph.D. in Comparative Studies in Discourse and Society from the University of Minnesota. He has also taught at the Maine College of Art, the University of Minnesota, and the University of Kentucky",1,Yale University | University of Kentucky | Kent State University,I32971472 I143302722 I149910238,no
"Scott E. Klewer Division of Cardiology, Department of Medicine, University of Colorado School of Medicine, Aurora (L.A.A.). Division of Cardiovascular Medicine, Department of Medicine, University of California San Diego (E.D.A.). l'Institut del Cor, Hospital Universitari Germans Trias i Pujol, Badalona, Spain (A.B.-G.). Temple Heart and Vascular Institute, Lewis Katz School of Medicine at Temple University, Philadelphia, PA (M.A.B.-B.). Division of Cardiology, Department of Medicine, University of Pennsylvania, Philadelphia (J.A.C.). Cardiovascular Division, Brigham and Women's Hospital, Boston, MA (B.L.C., C.Y.H.). Division of Cardiovascular Medicine, Department of Medicine, University of Utah, Salt Lake City (J.C.F.). Department of Cardiology, Copenhagen University Hospital, Rigshospitalet, Denmark (F.G.). The Cardiovascular Center, Tufts Medical Center, Boston, MA (N.K.K.). Sarver Heart Center, University of Arizona, Tucson (J.L.C., S.E.K., N.K.S.). Section of Advanced Heart Failure and Mechanical Circulatory Support, UMass Memorial Medical Center, Worcester, MA (R.D.K.). Section of Advanced Heart Failure and Transplant Cardiology, Henry Ford Hospital, Detroit, MI (D.E.L.). Department of Medicine, Minneapolis VA Health Care System and University of Minnesota, Minneapolis (O.V.)",1,University of California San Diego | University of Colorado Anschutz | University of Pennsylvania | Temple University | Brigham and Women's Hospital | Hospital Universitari Germans Trias i Pujol,I36258959 I51713134 I79576946 I84392919 I1283280774 I4210153460,no
"Screening, Prevention, Etiology and Cancer Survivorship (SPECS) Program, University of Minnesota Masonic Cancer Center, Minneapolis, Minnesota",1,Masonic Cancer Center,I4390039358,yes
"Screening, Prevention, Etiology and Cancer Survivorship Program University of Minnesota Masonic Cancer Center  Minneapolis Minnesota USA",1,Masonic Cancer Center,I4390039358,yes
"Screening, Prevention, Etiology and Cancer Survivorship Program, University of Minnesota Masonic Cancer Center, Minneapolis, Minnesota, USA",1,Masonic Cancer Center,I4390039358,yes
"Section of Audiology, Department of Otorhinolaryngology, Mayo Clinic, Rochester. Minnesota [M.B.T., former affiliation University of Minnesota]",1,Mayo Clinic,I1330342723,no
Section of Bio-chemistry Minnesota,1,,,no
"Section of Biophysics and of Physiology, Mayo Clinic and Mayo Foundation, and the Mayo Graduate School of Medicine, University of Minnesota Rochester",1,Mayo Clinic | University of Minnesota Rochester,I1330342723 I4210120349,no
"Section of Biophysics, Mayo Clinic; Emeritus Professor of Biophysics, Mayo Foundation, Graduate School, University of Minnesota; Rochester, Minnesota",1,Mayo Clinic | University of Minnesota Rochester,I1330342723 I4210120349,no
"Section of Endocrinology, Metabolism, and Nutrition (M.C.G., F.Q.N.), Minneapolis, Minnesota 55417",1,,,no
"Section of Evolution and Ecology, College of Biological Sciences , University of California , Davis, CA 95616, USA E-mail: jadoyle@ucdavis.edu",1,"University of California, Davis",I84218800,no
"Section of Medicine, Mayo Clinic and Mayo Foundation, and the Mayo GradUflte School of Medicine, University of Minnesota, Rochester, Minnesota",1,Mayo Clinic | University of Minnesota Rochester,I1330342723 I4210120349,no
"Section of Medicine, Mayo Clinic and Mayo Foundation. (The Mayo Foundation, Rochester, Minnesota, is a part of the Graduate School of the University of Minnesota.), Rochester, Minn., USA",1,Mayo Clinic | University of Minnesota Rochester,I1330342723 I4210120349,no
"Section of Medicine, Mayo Clinic; Professor of Medicine, Mayo Foundation, Graduate School, University of Minnesota; Rochester, Minnesota",1,Mayo Clinic | University of Minnesota Rochester,I1330342723 I4210120349,no
Section of Molecular Cancer Therapeutics Therapeutic Radiology‐Radiation Oncology University of Minnesota Masonic Cancer Center Minneapolis MN USA,1,Masonic Cancer Center,I4390039358,yes
"Section of Molecular Cancer Therapeutics, Therapeutic Radiology-Radiation Oncology, University of Minnesota Masonic Cancer Center, Minneapolis, Minnesota",1,Masonic Cancer Center,I4390039358,yes
"Section of Neurology and Section of Pediatrics, Mayo Clinic and Mayo Foundation,11The Mayo Foundation, Rochester, Minnesota, is a part of the Graduate School of the University of Minnesota.Rochester, Minn. USA",1,Mayo Clinic | University of Minnesota Rochester,I1330342723 I4210120349,no
"Section of Obstetrics and Gynecology, Mayo Clinic and Mayo Foundation and the Mayo Graduate School of Medicine, University of Minnesota, Rochester, Minn",1,Mayo Clinic | University of Minnesota Rochester,I1330342723 I4210120349,no
"Section of Plant Biology, College of Biological Sciences, University of California, California 95616, #N#USA",1,University of California System,I2803209242,no
"Section of Surgery, Mayo Clinic and Mayo Foundation∗#N##TAB##TAB##TAB##TAB#∗The Mayo Foundation, Rochester, Minn., is a part of the Graduate School of the University of Minnesota.Rochester, Minn. USA",1,Mayo Clinic,I1330342723,no
"Section on Molecular Cancer Therapeutics, Department of Therapeutic Radiology-Radiation Oncology, University of Minnesota Masonic Cancer Center
Minneapolis, MNUSA",1,Masonic Cancer Center,I4390039358,yes
"Section on Molecular Cancer Therapeutics, Department of Therapeutic Radiology-Radiation Oncology, University of Minnesota Masonic Cancer Center Minneapolis, MNUSA",1,Masonic Cancer Center,I4390039358,yes
"Section on Molecular Cancer Therapeutics, Department of Therapeutic Radiology-Radiation Oncology, University of Minnesota Masonic Cancer Center, MMC: 367, Minneapolis, MN, 55455, USA. valle001@umn.edu",1,Masonic Cancer Center,I4390039358,yes
"Section on Molecular Cancer Therapeutics, Department of Therapeutic Radiology-Radiation Oncology, University of Minnesota Masonic Cancer Center, Minneapolis, USA",1,Masonic Cancer Center,I4390039358,yes
"Sections of Medicine and Biochemistry, Mayo Clinic and Mayo Foundation,**The Mayo Foundation, Rochester, Minn., is a part of the Graduate School of the University of Minnesota. Rochester, Minnesota",1,Mayo Clinic | University of Minnesota Rochester,I1330342723 I4210120349,no
"Sections of Medicine and Microbiology, Mayo Clinic; Assistant Professor of Medicine and Microbiology, Mayo Graduate School of Medicine, University of Minnesota, Rochester, Minnesota",1,Mayo Clinic | University of Minnesota Rochester,I1330342723 I4210120349,no
"Sections of Orthopaedic Surgery, Anatomy and Biophysics, Mayo Clinic and Mayo Foundation of the Graduate School of the University of Minnesota, Rochester, Minnesota",1,Mayo Clinic | University of Minnesota Rochester,I1330342723 I4210120349,no
"Sections of Pediatrics, (University of Minnesota), Rochester, Minnesota",1,University of Minnesota Rochester,I4210120349,no
"Sections of Physiology and Neurology, Mayo Clinic and Foundation, Rochester, Minn. The Mayo Foundation is a part of the University of Minnesota Graduate School",1,Mayo Clinic,I1330342723,no
Seirian Sumner is professor of behavioural ecology at University College London. Her book Endless Forms is out now,1,University College London,I45129253,no
"Senior Biostatistician, University of Minnesota, Masonic Cancer Center, Minneapolis, MN, USA",1,Masonic Cancer Center,I4390039358,yes
"Signe S. Cooper, R.N., F.A.A.N.:  Signe S. Cooper is professor and chairman, Continuing Education in Nursing, University of Wisconsin-Extension and Associate Dean, School of Nursing, University of Wisconsin-Madison. She has directed a statewide program in continuing education in nursing since 1955. She holds a B.S. from the University of Wisconsin (Madison) and an M.Ed, from the University of Minnesota",1,University of Wisconsin–Madison | University of Wisconsin–Extension | University of Wisconsin System,I135310074 I138126365 I1304256225,no
"Sociologist and Assistant Professor Center for Learning Innovation University of Minnesota Rochester Rochester, Minnesota",1,University of Minnesota Rochester,I4210120349,no
"Speakers were Jane Aubin (University of Toronto, Toronto, Canada), Harvey Cantor (Harvard Medical School/Dana-Farber Cancer Institute, Boston, MA, U.S.A.), David Dempster (Helen Hayes Hospital, West Haverstraw, NY, U.S.A.), David Denhardt (Rutgers University, New Brunswick, NJ, U.S.A.), Stephen Emerson (University of Pennsylvania School of Medicine, Philadelphia, PA, U.S.A.), Sol Epstein (Albert Einstein Medical Center, Philadelphia, PA, U.S.A.), Matthew Gillespie (St. Vincent's Institute of Medical Research, Fitzroy, Victoria, Australia), Julie Glowacki (Brigham & Women's Hospital and Massachusetts General Hospital, Boston, MA, U.S.A.), Mark Horowitz (Yale University, New Haven, CT, U.S.A.), Olena Jacenko (University of Pennsylvania School of Veterinary Medicine, Philadelphia, PA, U.S.A.), Frederick Kaplan (University of Pennsylvania School of Medicine, Philadelphia, PA, U.S.A.), Paul Kincade (Oklahoma Medical Research Foundation, Oklahoma City, OK, U.S.A.), David Lewis (University of Washington School of Medicine, Seattle, WA, U.S.A.), Michael Long (University of Michigan Medical School, Ann Arbor, MI, U.S.A.), Randall Morris (Stanford University School of Medicine, Stanford, CA, U.S.A.), Gregory Mundy (The University of Texas Health Science Center at San Antonio, San Antonio, TX, U.S.A.), Roberto Pacifici (Washington University, St. Louis, MO, U.S.A.), Steven Popoff (Temple University School of Medicine, Philadelphia, PA, U.S.A.), Gideon Rodan (Merck Sharpe & Dohme Research Laboratories, West Point, PA, U.S.A.), David Roodman (University of Texas Health Science Center at San Antonio, San Antonio, TX, U.S.A.), Paul Simmons (Hanson Center for Cancer Research, Adelaide, South Australia), Catherine Verfaillie (University of Minnesota Medical School, Minneapolis, MN, U.S.A.), and Howard Young (National Cancer Institute, Frederick, MD, U.S.A.)",1,University of Michigan | University of Pennsylvania | University of Toronto | University of Washington | Massachusetts General Hospital | Dana-Farber Cancer Institute | Helen Hayes Hospital,I27837315 I79576946 I185261750 I201448701 I4210087915 I4210117453 I4210120848,no
"Sponsorship: This work was supported by cooperative agreements from the National Eye Institute to the Johns Hopkins University School of Medicine (U10 EY 08052), School of Hygiene and Public Health (U10 EY 08057), and the University of Wisconsin School of Medicine (U10 EY 08067). Additional support was provided by the National Center for Research Resources through General Clinical Research Center grants 5M01 RR 00350 (Baylor College of Medicine); 5M01 RR 05096 (Louisiana State University/Tulane); 5M01 RR 00096 (New York University); 5M01 RR 000865 (University of California, Los Angeles); and 5M01 RR 00046 (University of North Carolina). Support was also provided by the National Institute of Allergy and Infectious Diseases through cooperative agreements U01 AI 27668 (Johns Hopkins University); U01 AI 27674 (Louisiana State University/Tulane); U01 AI 27669 (Memorial Sloan-Kettering) and U01 AI 25917 (New York Hospital – Cornell Medical Center); U01 AI 27667 (Mount Sinai Medical Center); U01 AI 27665 (New York University); U01 AI 25915 (Northwestern University); U01 AI 27660 (University of California, Los Angeles); U01 AI 27670 (University of California, San Diego); U01 AI 27663 (University of California, San Francisco); U01AI25868 (University of North Carolina); and U01 AI27761 (University of Minnesota). Drug and additional support was provided by Protein Design Laboratories, Inc. (Mountain View, CA)",1,Johns Hopkins University,I145311948,no
"St Paul University, Minneapolis",1,,,no
St. Mary's University of Minnesota USA,1,Saint Mary's University of Minnesota,I4210147856,no
"St. Mary's University of Minnesota, St. Paul, Minnesota, USA",1,Saint Mary's University of Minnesota,I4210147856,no
"St. Mary’s University of Minnesota, School of Education",1,Saint Mary's University of Minnesota,I4210147856,no
"St. Paul-Ramsey Med. Centre, Minnesota Univ. Med. Sch., St. Paul, MN, USA",1,,,no
"State Key Lab for Agrobiotechnology, Key Laboratory of Agro-Microbial Resource and Application, Ministry of Agriculture, Center of Biomass Engineering, College of Biological Sciences, China Agricultural University, Beijing, China",1,China Agricultural University,I52158045,no
"State Key Lab of Agro-Biotechnology and College of Biological Sciences, China Agricultural University, Beijing, China",1,China Agricultural University,I52158045,no
"State Key Laboratories for Agro-biotechnology, College of Biological Sciences, China Agricultural University, Beijing, PR China",1,China Agricultural University,I52158045,no
"State Key Laboratories for AgroBiotechnology and Department of Animal Physiology and Biochemistry, College of Biological Sciences, China Agricultural University, Beijing 100094, People’s Republic of China",1,China Agricultural University,I52158045,no
"State Key Laboratories for Agrobiotechnology and College of Biological Sciences, China Agricultural University, Beijing, People's Republic of China",1,China Agricultural University,I52158045,no
"State Key Laboratories for Agro‐biotechnology and College of Biological Sciences, China Agricultural University, Beijing 100093, China",1,China Agricultural University,I52158045,no
"State Key Laboratory for Agro-Biotechnology, College of Biological Sciences, China Agricultural University, Beijing, People’s Republic of China",1,China Agricultural University,I52158045,no
"State Key Laboratory for Agro-biotechnology, College of Biological Sciences, China Agricultural University, Beijing, People’s Republic of China",1,China Agricultural University,I52158045,no
"State Key Laboratory for Agrobiotechnology, Department of Microbiology and Immunology, College of Biological Sciences, China Agricultural University, Beijing, China",1,China Agricultural University,I52158045,no
"State Key Laboratory for Agrobiotechnology; College of Biological Sciences, and College of Animal Science and Technology, China Agricultural University; Beijing, P.R. China",1,China Agricultural University,I52158045,no
"State Key Laboratory for ArgoBiotechnology, College of Biological Sciences, China Agricultural University, Beijing, PR China",1,China Agricultural University,I52158045,no
"State Key Laboratory of Agrobiotechnology (Y.W., H.L., J.L., D.K., S.C.), College of Biological Sciences, China Agricultural University, Beijing 100193, People’s Republic of China",1,China Agricultural University,I52158045,no
"State Key Laboratory of Agrobiotechnology and College of Biological Sciences, China Agricultural University, , People’s Republic of China",1,China Agricultural University,I52158045,no
"State Key Laboratory of Agrobiotechnology, College of Biological Sciences, China Agricultural University, Haidian District, Beijing, China",1,China Agricultural University | State Key Laboratory of Agricultural Biotechnology,I52158045 I4391768130,no
"State Key Laboratory of Agrobiotechnology, College of Biological Sciences, China Agricultural University,Beijing 100193,P. R. China",1,China Agricultural University,I52158045,no
"State Key Laboratory of Agrobiotechnology, College of Biological Sciences, National Engineering Laboratory for Animal Breeding, China Agricultural University, Beijing",1,China Agricultural University,I52158045,no
"State Key Laboratory of Agrobiotechnology, Key Laboratory of Agro-Microbial Resource and Application, Ministry of Agriculture, College of Biological Sciences, China Agricultural University, Beijing 100193, China",1,China Agricultural University,I52158045,no
"State Key Laboratory of Agrobiotechnology; College of Biological Sciences; National Engineering Laboratory for Animal Breeding; China Agricultural University, Beijing 100193, PR China",1,China Agricultural University,I52158045,no
"State Key Laboratory of Plant Physiology and Biochemistry (SKLPPB), National Plant Gene Research Centre (Beijing), College of Biological Sciences, China Agricultural University, Beijing, China",1,China Agricultural University | State Key Laboratory of Plant Physiology and Biochemistry,I52158045 I4391768222,no
State Key Laboratory of Plant Physiology and Biochemistry College of Biological Sciences National Plant Gene Research Center China Agricultural University Beijing 100193 China,1,China Agricultural University | State Key Laboratory of Plant Physiology and Biochemistry,I52158045 I4391768222,no
"State Key Laboratory of Plant Physiology and Biochemistry, College of Biological Sciences, Agricultural University, Beijing, China",1,China Agricultural University | State Key Laboratory of Plant Physiology and Biochemistry,I52158045 I4391768222,no
"State Key Laboratory of Plant Physiology and Biochemistry, College of Biological Sciences, China Agricultural University, Beijing 100193, China. chenyanmei@cau.edu.cn",1,China Agricultural University | State Key Laboratory of Plant Physiology and Biochemistry,I52158045 I4391768222,no
"State Key Laboratory of Plant Physiology and Biochemistry, College of Biological Sciences, China Agricultural University, Beijing, 100193, China. Electronic address:",1,China Agricultural University | State Key Laboratory of Plant Physiology and Biochemistry,I52158045 I4391768222,no
"State Key Laboratory of Plant Physiology and Biochemistry, College of Biological Sciences, China Agricultural University, No. 2 Yuanmingyuan West Road, Beijing 100193, People's Republic of China",1,China Agricultural University | State Key Laboratory of Plant Physiology and Biochemistry,I52158045 I4391768222,no
State Key Laboratory of Plant Physiology and Biochemistry; College of Biological Sciences; China Agricultural University; Beijing 100094 China,1,China Agricultural University | State Key Laboratory of Plant Physiology and Biochemistry,I52158045 I4391768222,no
"Statistics, Division of Science and Mathematics , University of Minnesota , Morris, Minnesota, USA",1,University of Minnesota Morris,I4210162301,no
"Student, College of Biological Sciences, State university of Minnesota. 55401 st.paul Minnesota United States",1,,,no
"Sungkyunkwan University Byoungjae Kong Wilmer Eye Institute, Johns Hopkins University School of Medicine Younghun Jung Emory University and Georgia Institute of Technology Jonghyeok Shin The University of Texas at Austin Myungseo Park University of Minnesota",1,Sungkyunkwan University | The University of Texas at Austin | Georgia Institute of Technology | Johns Hopkins University | Emory University,I848706 I86519309 I130701444 I145311948 I150468666,no
"Support: This study was supported by internal University of Minnesota Grants (""Bianco Seed Fund"" and ""Grant-in-Aid"" Fund) provided to Dr Wise and were used to fund the purchasing of the supplies and labor costs associated with this experiment. No additional funding was used for analysis and interpretation of the data. Dr Hocking is supported by the NIH",1,,,no
"Supported by the Wellcome Trust, United Kingdom. The Hlabisa HIV Treatment and Care Programme was made possible by the support of the United States Agency for International Development (USAID) and the President's Emergency Plan. Research was supported by a South African Medical Research Council (MRC) Flagship grant (MRC-RFA-UFSP-01-2013/UKZN HIVEPI). F.C.T. and T.W.B. were supported by grant 1R01-HD058482-01 from the National Institute of Child Health and Human Development. F.T. was also supported by a UK Academy of Medical Sciences Newton Advanced Fellowship (NA150161). A.M.V. was supported by an Interdisciplinary Doctoral Fellowship from the Graduate School and a Minnesota Population Centre (MPC) travel grant (R24HD041023) from the University of Minnesota. The remaining authors have no funding or conflicts of interest to disclose",1,,,no
"Supported in part by an unrestricted grant to the University of Minnesota, Department of Ophthalmology and Visual Neurosciences from Research to Prevent Blindness",1,Research to Prevent Blindness,I2802577590,no
Supported in part by the National Science Foundation under Grant DMR76-10370A01 and by the Central Administration of the University of Minnesota,1,,,no
"Supported, in part, through the Family Owned Business Institute Research Scholar Award, Seidman School of Business, Grand Valley State University, and the University of Minnesota Agricultural Experiment Station Hatch Project no. 4709. Minnesota and Iowa Small Business Development Centers provided support through sampling and data collection",1,Grand Valley State University,I8606887,no
"Surgery, University of North Carolina, Minneapolis, MN, United States",1,,,no
"Surgery, University of Wisconsin, Minneapolis, MN, United States",1,University of Wisconsin System,I1304256225,no
"Suzanne M. Thoyre is a Frances Hill Fox Term Distinguished Professor, School of Nursing, The University of North Carolina at Chapel Hill, Chapel Hill, NC. She can be reached by email at thoyre@email.unc.edu.Carol Hubbard is a Coordinator, Special Infant Care Clinic, Division of Neonatal-Perinatal Medicine, University of North Carolina Healthcare, Chapel Hill, NC.Jinhee Park is an Assistant Professor, Connell School of Nursing, Boston College, Chestnut Hill, MA.Karen Pridham is a Professor Emerita, School of Nursing, University of Wisconsin-Madison, Madison, WI.Anne McKechnie is an Assistant Professor, School of Nursing, University of Minnesota, Minneapolis,",1,Boston College | University of North Carolina at Chapel Hill | University of Wisconsin–Madison | University of North Carolina Health Care,I103531236 I114027177 I135310074 I1333535994,no
"Suzanne S. Sullivan, PhD, MBA, RN, CHPN, is Assistant Professor, University at Buffalo, New York. This study is part of her PhD dissertation research under the supervision of Sharon Hewner, PhD, RN, FAAN, at the University at Buffalo. Sharon Hewner, PhD, RN, FAAN, is Associate Professor, School of Nursing, University at Buffalo, New York. Varun Chandola, PhD, is Assistant Professor, Department of Computer Science and Engineering, University at Buffalo, New York. She was an official consultant and served on the dissertation committee of Suzanne Sullivan. Bonnie L. Westra, PhD, RN, FAAN, FACMI, is Associate Professor, School of Nursing, University of Minnesota, Minneapolis. She was an official sponsor and collaborator on this NINR F31-funded study",1,"University at Buffalo, State University of New York",I63190737,no
"TASOULLA HADJIYANNI IS AN ASSISTANT PROFESSOR IN INTERIOR DESIGN AT THE UNIVERSITY OF MINNESOTA. EDUCATED IN ARCHITECTURE AND SOCIAL SCIENCE, HER DOCTORAL WORK LED TO HER BOOK THE MAKING OF A REFUGEE: CHILDREN ADOPTING REFUGEE IDENTITY IN CYPRUS. SHE NOW CONTINUES TO EXPLORE THE DYNAMIC AMONG DESIGN, CULTURE, AND IDENTITY UNDER CONDITIONS OF DISPLACEMENT WITH MINORITY GROUPS IN MINNESOTA",1,,,no
"Teaching Center for Experimental Life Sciences, College of Biological Sciences, China Agricultural University, Beijing, People’s Republic of China",1,China Agricultural University,I52158045,no
"Technical University of Minnesota, USA",1,,,no
"The College of Biological Sciences, University of Tsukuba, 1-1-1, Tennodai, Tsukuba 305-8572, Japan",1,University of Tsukuba,I146399215,no
The Department of Internal Medicine University of Minnesota Medical Center Minneapolis Minnesota,1,University of Minnesota Medical Center,I4210135252,no
"The Departments of Medicine, Minneapolis, Minnesota",1,,,no
"The Hormel Institute, University of Minnesota801 16th Avenue NEAustin, MN 55912, USA",1,,,no
The Hormel InstituteUniversity of MinnesotaAustinMinnesota55912USA,1,,,no
"The Islamic University of Minnesota, (USA",1,Islamic University of Minnesota,I4405261387,no
"The Islamic University of Minnesota, USA,",1,Islamic University of Minnesota,I4405261387,no
"The Key Laboratory of Agro‐Microbial Resource and Application (Ministry of Agriculture), College of Biological Sciences, China Agricultural University, Beijing, China",1,China Agricultural University,I52158045,no
"The Masonic Cancer Center Women's Health Scholar is sponsored by the University of Minnesota Masonic Cancer Center, a comprehensive cancer center designated by the National Cancer Institute and administrated by the University of Minnesota Deborah E. Powell Center for Women's Health. Research is supported by the Building Interdisciplinary Research Careers in Women's Health Grant (# K12HD055887) and administered by the University of Minnesota Deborah E. Powell Center for Women's Health. This award is cofunded by the Eunice Kennedy Shriver National Institute of Child Health and Human Development and the Office of Research on Women's Health. This award is also funded by the Office of the Director, National Institutes of Health, National Institute of Mental Health, and the National Cancer Institute. The content is solely the responsibility of the authors and does not necessarily represent the office views of the cofunders. Also supported by National Institutes of Health grant P30 CA77598 utilizing the Biostatistics and Bioinformatics Core shared resource of the Masonic Cancer Center, University of Minnesota, and the National Center for Advancing Translational Sciences of the National Institutes of Health Award Number UL1TR000114",1,National Institutes of Health | Masonic Cancer Center,I1299303238 I4390039358,yes
"The Mayo Clinic and Mayo Foundation: Department of Neurology of Medical Statistics, Mayo Graduate School of Medicine (University of Minnesota), Rochester",1,Mayo Clinic | University of Minnesota Rochester,I1330342723 I4210120349,no
"The Mayo Clinic and Mayo Foundation: Section of Dermatology, (University of Minnesota), Rochester",1,Mayo Clinic | University of Minnesota Rochester,I1330342723 I4210120349,no
"The Mayo Graduate School of Medicine (University of Minnesota), Rochester",1,University of Minnesota Rochester,I4210120349,no
"The Mayo Graduate School of Medicine (University of Minnesota), Rochester, Minnesota",1,University of Minnesota Rochester,I4210120349,no
"The National Key Laboratory of Plant Physiology and Biochemistry, College of Biological Sciences, China Agricultural University, Beijing, China",1,China Agricultural University,I52158045,no
"The Section of Dermatology, Mayo Clinic and Mayo Foundation, University of Minnesota, Rochester, Minnesota",1,Mayo Clinic | University of Minnesota Rochester,I1330342723 I4210120349,no
"The Sections of Pediatric Neurology, Surgery, and Pediatrics, the Mayo Clinic, Mayo Foundation, and Mayo Graduate School of Medicine (University of Minnesota), Rochester, Minnesota",1,Mayo Clinic | University of Minnesota Rochester,I1330342723 I4210120349,no
"The State Key Laboratory of Plant Physiology & Biochemistry, College of Biological Sciences, National Plant Gene Research Centre (Beijing), China Agricultural University, Beijing, China",1,China Agricultural University | State Key Laboratory of Plant Physiology and Biochemistry,I52158045 I4391768222,no
"The University of Minnesota Cancer Center, Minneapolis",1,Masonic Cancer Center,I4390039358,yes
"The University of Minnesota Cancer Center, Minneapolis, MN 55455, USA",1,Masonic Cancer Center,I4390039358,yes
"The University of Minnesota Cancer Center, Minneapolis, Minnesota",1,Masonic Cancer Center,I4390039358,yes
The University of Minnesota Institutional Review Board determined this project to be not human subjects research and waived institutional review board review (STUDY00012098),1,,,no
"The University of Minnesota Masonic Cancer Center, Minneapolis, MN",1,Masonic Cancer Center,I4390039358,yes
"The University of Minnesota Masonic Cancer Center, Minneapolis, MN 55455, USA",1,Masonic Cancer Center,I4390039358,yes
"The University of Minnesota Medical Center, Minneapolis, MN 55455",1,University of Minnesota Medical Center,I4210135252,no
"The University of Minnesota Press , Minn . , 1955",1,,,no
"The Wharton School Carlson School of Management University of Pennsylvania University of Minnesota Philadelphia , PA 19104-6367 and",1,University of Pennsylvania,I79576946,no
"The authors of this article are, in alphabetical order: Dwight Atkinson, University of Arizona; Heidi Byrnes, Georgetown University; Meredith Doran, The Pennsylvania State University; Patricia Duff, University of British Columbia; Nick C. Ellis, University of Michigan; Joan Kelly Hall, The Pennsylvania State University; Karen E. Johnson, The Pennsylvania State University; James P. Lantolf, The Pennsylvania State University; Diane Larsen–Freeman, University of Michigan and University of Pennsylvania; Eduardo Negueruela, University of Miami; Bonny Norton, University of British Columbia; Lourdes Ortega, Georgetown University; John Schumann, UCLA; Merrill Swain, The Ontario Institute for Studies in Education of the University of Toronto; and Elaine Tarone, University of Minnesota",1,University of Michigan | University of Pennsylvania | Pennsylvania State University | University of Arizona | University of British Columbia | Georgetown University,I27837315 I79576946 I130769515 I138006243 I141945490 I184565670,no
"The authors' names are listed alphabetically to reflect their equal contributions to the work reported here. This study was supported by Grant No. OCD-CB-4477, from the Office of Child Development, Department of Health, Education, and Welfare, to W. Andrew Collins. The authors are grateful to the personnel and students of the Richfield Public Schools, Minneapolis, Minnesota, for their cooperation in the research. They also appreciate the assistance of Sally D. Westby, Thomas Berndt, Darryl Chutka, Patrick Gill, Christine Mack Gordon, Allen Keniston, Joanne Quarfoth, and Nina Van Siclen. Requests for reprints should be sent to W. Andrew Collins, Institute of Child Development, University of Minnesota, Minneapolis, Minnesota 55455",1,,,no
"The committee consists of Prof. W. B. Munro, chairman, Harvard University; Prof. W. B. Bailey, Yale University; Prof. C. A. Beard, Columbia University; Prof. R. C. Brooks, Swasthmore College; Prof. J. A. Fairlie, University of Illinois; Prof. H. J. Ford, Princeton University; President H. A. Garfield, Williams College; Prof. H. G. James, University of Texats; Prof. Isidor Loeb, University of Missouri; Prof. C. E. Mtrriam, University of Chicago; Prof. T. H. Reed, University of California; Prof. L. S. Rowe, University of Pennsylvania; Prof. W. A. Schaper, University of Minnesota; Prof. B. F. Shambaugh, University of Iowa; Clinton Rogers Woodruff, Philadelphia",1,Princeton University | Williams College | Yale University | University of Illinois Chicago | University of Chicago | University of Missouri | Columbia University | University of Pennsylvania | Harvard University | University of Illinois Urbana-Champaign,I20089843 I22675022 I32971472 I39422238 I40347166 I76835614 I78577930 I79576946 I136199984 I157725225,no
"The development of this article was supported by a grant from the National Institute of Child Health and Human Development at the NIH R01 HD36186 M. Broome, PI. The authors would like to thank the rest of the research team members for their contributions to the study on which this article is based: Joanne Hall, University of Tennessee-Knoxville; Joan Liaschenko, PhD, RN, University of Minnesota; Pamela K. Pletsch, PhD, RN, University of North Carolina-Chapel Hill; Patricia E. Stevens, PhD, RN, FAAN; Sandra Millon Underwood, PhD, RN, FAAN; Debra Richards, RN, MS, and Julia A. Snethen, PhD, RN, all from the University of Wisconsin-Milwaukee; and Robert M. Nelson, PhD, MD, University of Pennsylvania",1,University of Tennessee at Knoxville | University of Pennsylvania,I75027704 I79576946,no
"The following Gynecologic Oncology Group institutions participated in this study: Oregon Health Sciences University, Duke University Medical Center, Abington Memorial Hospital, University of Rochester Medical Center, University of Minnesota Medical School, University of Southern California Medical Center at Los Angeles, University of Mississippi Medical Center, Colorado Foundation for Medical Care, University of Washington Medical Center, University of Miami School of Medicine, Georgetown University Hospital, University of North Carolina School of Medicine, University of Texas Southwestern Medical Center at Dallas, Indiana University Medical Center, Wake Forest University School of Medicine, Rush-Presbyterian-St. Lukes Medical Center, Eastern Virginia Medical School, Cleveland Clinic Foundation, The Johns Hopkins Oncology Center, State University of New York at Stony Brook, Pennsylvania Hospital, Memorial Sloan-Kettering Cancer Center, Columbus Cancer Council, University of Oklahoma Health Science Center, and University of Arizona Health Science Center",1,Indiana University | University of Rochester Medicine | Georgetown University | Memorial Sloan Kettering Cancer Center,I592451 I28792581 I184565670 I1334819555,no
"The following institutions, personnel, and funding agencies were involved in this study: Barrow Neurological Institute, Phoenix, AZ: Philip Carter, MD, James L. Frey, MD, Arthur Schwam, PhD, and Andrew G. Shetter, MD (funding from the Arizona Disease Control Commission). Dartmouth-Hitchcock Medical Center, Hanover, H Colin D. Allen, MD, Lynette Bob, BA, Rita Casey, PhD, Charles M. Culver, MD, Robert E. Harbaugh, MD, and Teddi M. Reeder, BS, RN (funding from the American Health Assistance Foundation and National Institute of Mental Health Grant lROl MH40505-01). The Emory Clinic, Atlanta, GA: Roy A. E. Bakay, MD, David Freides, PhD, Herbert R. Karp, MD, and Suzanne S Mirra, MD (funding from the Veterans Administration Hospital, Decatur, GA). University of Kentucky, Lexington, Ky: Steven T. DeKosky, MD, William R. Markesbery, MD, and Frederick A. Schmitt, PhD (funding from NIA AG05144 and AG05119 and the VA Research Service). University of Minnesota, Minnesota, Minneapolis, MN: Susan Deinard, RN, Donald Erickson, MD, Michael Fuhrman, BS, and David S. Knopman, MD (funding from the Twin Cities Chapter of the Alzheimer's Disease and Related Disorders Association and the University of Minnesota Hospitals). University of Pittsburgh: Steven T. DeKosky, MD (support from NIA AG05133). University of Southern California, Downey, CA: Eileen Bardolph, MD, Helena Chang Chui, MD, Steven Giannotta, MD, Barbara Smith, RNC, Evelyn Teng, PhD, and Bradley Williams, PharmD (funding from the Estelle Doheny Foundation). Western Pennsylvania Hospital, Pittsburgh, PA: Lorraine Klauscher, RN, Rick Kortyna, PAC, Howard J. Senter, MD, and Arthur Vega, PhD (funding from the Western Pennsylvania Guild, The Western Pennsylvania Foundation, and the Western Pennsylvania Hospital",1,Barrow Neurological Institute,I1324766304,no
"This paper is a revision of Chapter 1 of my thesis. I am deeply indebted to my committee members—Steven Berry, Penny Goldberg, Hanming Fang, and Philip Haile—for their continual support and encouragement. Special thanks go to Pat Bayer and Alvin Klevorick, who have been very generous with their help. I also thank the editor, three anonymous referees, Donald Andrews, Pat Bajari, Donald Brown, Judy Chevalier, Tom Holmes, Yuichi Kitamura, Ariel Pakes, Herbert Scarf, and seminar participants at Boston University, Columbia University, Duke University, Harvard, MIT, Northwestern University, NYU, Princeton, Stanford University, UCLA, UCSD, University of Chicago, University of Michigan, University of Minnesota, University of Pennsylvania, and participants of the 2006 Review of Economic Studies European Meetings in Oslo, Essex, and Tel Aviv for many helpful comments. Financial support from the Cowles Foundation Prize and a Horowitz Foundation Fellowship is gratefully acknowledged. All errors are my own. Comments are welcome",1,University of Chicago | University of Pennsylvania | Stanford University,I40347166 I79576946 I97018004,no
"This publication was supported by an unrestricted educational grant, Grant Number 1UL1RR033183 from the National Center for Research Resources (NCRR) of the National Institutes of Health (NIH) to the University of Minnesota Clinical and Translational Science Institute (CTSI). Its contents are solely the responsibility of the authors and do not necessarily represent the official views of the CTSI or the NIH. The University of Minnesota CTSI is part of a national clinical and translational science award (CTSA) consortium created to accelerate laboratory discoveries into treatments for patients",1,,,no
"This research and REDCap were supported by the National Institutes of Health's National Center for Advancing Translational Sciences, grants TL1R002493 and UL1TR002494. The content is solely the responsibility of the authors and does not necessarily represent the official views of the National Institutes of Health's National Center for Advancing Translational Sciences. This study was supported by the Office of the Vice President for Research, University of Minnesota and the University of Minnesota Grant-in-Aid (proposal 292917). The content is solely the responsibility of the authors and does not necessarily represent the official views of the funding agency",1,National Center for Advancing Translational Sciences,I4210148682,no
This research work has adhered to strict ethical conduct of research and was approved by the University of Minnesota Institutional Review Board,1,,,no
"This study is part of a series of analyses that were reviewed for human subjects content by the University of Minnesota's Institutional Review Board as application number 08805E32782 and found to be exempt from review under guidelines 45 CFR Part 46.101(b) category 4, EXISTING DATA",1,,,no
"This study is part of a series of analyses that were reviewed for human subjects content by the University of Minnesota's institutional review board as application number 08805E32782 and found to be exempt From review under guidelines 45 CFR Part 46.101(b) category 4, existing data",1,,,no
"This study was supported by funding from American Heart Association Northland Affiliate: Scientist Development Grant 0235454Z (Treat-Jacobson, principal investigator), the 2004-2005 Fesler Lampert Chair of Aging Studies Award, and the University of Minnesota Academic Health Center Clinical Research Scholar Award. Dr. Leon is supported partially by the Henry L. Taylor Professorship in Exercise Science and Health Enhancement",1,,,no
This work was conducted while the author was affiliated with NASA/Goddard Space Flight Center and the University of Minnesota,1,Goddard Space Flight Center,I1306266525,no
"Tisch Cancer Institute, Mount Sinai School of Medicine, New York, USA, 2 International Prevention Research Institute, Lyon, France, 3 Division of Cancer Control and Population Sciences, National Cancer Institute, National Institutes of Health, Bethesda, MD, USA, 4 Stanford Prevention Research Center, Department of Medicine and Department of Health Research and Policy, Stanford University School of Medicine, 5 Department of Statistics, Stanford University School of Humanities and Sciences, Stanford, CA, USA, 6 Department of Hygiene and Epidemiology, University of Ioannina School of Medicine, Ioannina, Greece, 7 Center for Genetic Epidemiology and Modeling, Tufts Medical Center and Tufts University School of Medicine, Boston, MA, USA, 8 Biostatistics Division, Department of Preventive Medicine, University of Southern California, Los Angeles, CA, USA, 9 Department of Epidemiology and Community Medicine, University of Ottawa, Ottawa, ON, Canada, 10 Department of Social Medicine, University of Bristol, Bristol, UK, 11 International Agency for Research on Cancer, Lyon, France, 12 Masonic Cancer Center, University of Minnesota Minneapolis, MN, USA, 13 MRC-HPA Centre for Environment and Health, School of Public Health, Imperial College, London, UK, 14 HuGeF Foundation, Turin, Italy and 15 Office of Public Health Genomics, Centers for Disease Control and Prevention, Atlanta, GA, USA",1,University of Bristol | Stanford University | Icahn School of Medicine at Mount Sinai | University of Ottawa | University of Ioannina | National Institutes of Health | International Prevention Research Institute | Stanford Medicine | National Cancer Institute | Tisch Cancer Institute,I36234482 I97018004 I98704320 I153718931 I194019607 I1299303238 I4210099872 I4210137306 I4210140884 I4390039328,no
"To whom correspondence should be addressed at 760E CCRB, University of Minnesota Cancer Center, 420 Delaware St SE, Mayo Mail Code 806, Minneapolis, MN 55455, USA",1,Masonic Cancer Center,I4390039358,yes
"Tobacco Research Laboratory, Department of Psychiatry, University of Minesota Medical School, Minneapolis, USA",1,,,no
"U.S. Air force, NASA-Langley Research Center, National science Foundation, Office of Naval Research, and Oak Ridge National Laboratory. In addition he has collaborated with Rice University, Texas A&M University, Tuskegee University, Air Force Institute of Technology, University of Dayton, Florida State University, Prairie View A&M University, University of Delaware, Texas State University, University of Minnesota, University of California, and San Diego",1,Tuskegee University | U.S. Air Force Institute of Technology | Rice University | University of Delaware | University of Dayton | Oak Ridge National Laboratory | U.S. National Science Foundation | Langley Research Center | United States Air Force,I6026837 I55061410 I74775410 I86501945 I127591826 I1289243028 I1311060795 I1319063186 I4210089612,no
"UCLA, Department of Chemical Engineering, 111 Church street, Minneapolis, MN 55455. U.S.A",1,"University of California, Los Angeles",I161318765,no
"UCare Minnesota, Minneapolis, Minnesota",1,UCare Minnesota,I4405273282,no
"UMD School of Medicine, University of Minnesota-Duluth, United States",1,"University of Minnesota, Duluth",I4210115145,no
"UMD-Center for Cell and Molecular Biology, University of Minnesota Duluth, Duluth, MN 55812, USA",1,"University of Minnesota, Duluth",I4210115145,no
"UMHC Box 490. Minneapolis, MN 55455",1,,,no
"UNIVERSITY OF MINNESOTA MEDICAL UNiT, NORTHWESTERN HOSPITAL,",1,,,no
"USDA Forest Service. North Central Forest Experiment Station. St.Paul, Minnesota 55101 (station is maintained in cooperation with the University of Minnesota)",1,US Forest Service,I1313416372,no
"USDA, FSIS, Minneapolis, Minnesota",1,United States Department of Agriculture,I1336096307,no
"USDA-ARS - Cereal Disease Lab., 1551 Lindig St., Univ. of Minnesota, St Paul, MN, 55108",1,Cereal Disease Laboratory,I4210161159,no
"USDA-ARS - Cereal Disease Laboratory, 1551 Lindig St., Univ. of Minnesota , St. Paul, Minnesota 55108",1,Cereal Disease Laboratory,I4210161159,no
"USDA-ARS Cereal Disease Laboratory, 1551 Lindig St., Univ. of Minnesota, St. Paul, MN, 55108",1,Cereal Disease Laboratory,I4210161159,no
"USDA-ARS, Cereal Disease Lab., 1551 Lindig Ave, Univ. of Minnesota, St. Paul, MN, 55108",1,Cereal Disease Laboratory,I4210161159,no
"USDA-ARS, Cereal Disease Lab., 1551 Lindig St., Univ. of Minnesota, Saint Paul, MN, 55108",1,Cereal Disease Laboratory,I4210161159,no
"USDA-ARS, Cereal Disease Lab., 1551 Lindig St., Univ. of Minnesota, St. Paul, MN, 55108",1,Cereal Disease Laboratory,I4210161159,no
"USDA-ARS-CDL, 1551 Lindig St., Univ. of Minnesota, St. Paul, MN, 55108",1,Cereal Disease Laboratory,I4210161159,no
"USDA‐ARS & University of Minnesota, Morris, MN, USA",1,Agricultural Research Service | University of Minnesota Morris,I1312222531 I4210162301,no
"USDA‐ARS 439 Borlaug Hall, Univ. of Minnesota St. Paul MN 55108",1,,,no
"USDA‐ARS Cereal Disease Lab. 1551 Lindig St., Univ. of Minnesota  St. Paul MN 55108",1,Cereal Disease Laboratory,I4210161159,no
USDA‐ARS and the Univ. of Minnesota Morris MN 56267,1,Agricultural Research Service | United States Department of Agriculture | University of Minnesota Morris,I1312222531 I1336096307 I4210162301,no
"USDA‐ARS, Cereal Disease Lab., 1551 Lindig St. Univ. of Minnesota Saint Paul MN 55108",1,Cereal Disease Laboratory,I4210161159,no
"USDA‐ARS, Cereal Disease Lab., 1551 Lindig St. Univ. of Minnesota St. Paul MN 55108",1,Cereal Disease Laboratory,I4210161159,no
"USDA‐ARS, Cereal Disease Lab., Univ. of Minnesota St. Paul MN 55108",1,Cereal Disease Laboratory,I4210161159,no
"USDA–ARS Cereal Disease Lab., 1551 Lindig Ave. Univ. of Minnesota St. Paul MN 55108",1,Cereal Disease Laboratory,I4210161159,no
"USDA–ARS Cereal Disease Lab., 1551 Lindig St. Univ. of Minnesota St. Paul MN 55108",1,Cereal Disease Laboratory,I4210161159,no
USDA–ARS Cereal Disease Laboratory Univ. of Minnesota  St. Paul MN 55108,1,Cereal Disease Laboratory,I4210161159,no
USDA–ARS Cereal Disease Laboratory Univ. of Minnesota St. Paul MN 55108,1,Cereal Disease Laboratory,I4210161159,no
"USDA–ARS Cereal Disease Laboratory, 1551 Lindig St. Univ. of Minnesota St. Paul MN 55108",1,Cereal Disease Laboratory,I4210161159,no
"USDA–ARS, Cereal Disease Lab., 1551 Lindig Ave Univ. of Minnesota St. Paul MN 55108",1,Cereal Disease Laboratory,I4210161159,no
"USDA–ARS, Cereal Disease Lab., 1551 Lindig Ave., Univ. of Minnesota  St. Paul MN 55108 USA",1,Cereal Disease Laboratory,I4210161159,no
"USDA–ARS, Cereal Disease Lab., Univ. of Minnesota St. Paul MN 55108",1,Cereal Disease Laboratory,I4210161159,no
"Uni ver si ty of Min ne so ta, Col le ge of Ve te ri na ry Me di ci ne, 1333 Gort ner Ave nue, MN55108, St. Paul, USA",1,,,no
"Univ. of Michigan, Minneapolis, MN",1,,,no
"Univ. of Minnesota Dept of Ther. Rad.Karolinska Hospital, Stockholm, Sweden",1,Karolinska University Hospital,I1335113835,no
"Univ. of Minnesota Extension Regional Office, St Cloud, 3601 18th St S, Suite 113, St. Cloud, MN, 56301",1,,,no
"Univ. of Minnesota, Masonic Cancer Center, Minneapolis, MN",1,Masonic Cancer Center,I4390039358,yes
Univ. of MinnesotaCrookstonMN56716,1,University of Minnesota Crookston,I4210159608,no
"Univ. of South Dakota, Vermillion, SD 57069, Univ. of Wisconsin, Madison, HI K3706, Univ. of Minnesota, St. Paul, HN 55108",1,University of Wisconsin–Madison | University of South Dakota,I135310074 I189957204,no
"Univer-sity of Minnesota Law School, University of Melbourne Law School, the",1,The University of Melbourne,I165779595,no
"Universitetsforlaget-University of Minnesota Press, 1979. 225 p. ISBN: 82-00-01866-0; 0-8166-0898-9",1,,,no
University ( MN,1,,,no
"University , MN",1,,,no
"University , Minnesota , USA",1,,,no
"University , St. Paul , MN",1,,,no
"University , St. Paul , MN ,",1,,,no
"University , St. Paul , MN , USA",1,,,no
"University Avenue S. E., Minneapolis, Minnesota",1,,,no
"University Farm , St , Paul , Minnesota",1,,,no
"University Farm , st. Pau18 , Minnesota",1,,,no
"University Hospital Minneapolis, MN 55455",1,,,no
"University Hospital of Minnesota, Department of Pediatrics, Minneapolis",1,,,no
"University Hospital, Minneapolis, Minnesota 55455, U.S.A",1,,,no
"University Hospitals, Box 450, 55455, Minneapolis, Minnesota",1,,,no
"University Minnesota, Masonic Cancer Center, Minneapolis, USA;",1,Masonic Cancer Center,I4390039358,yes
"University St. Paul , MN",1,,,no
"University of 
Rochester University of 
Minnesota",1,University of Rochester | University of Minnesota Rochester,I5388228 I4210120349,no
"University of Birmingham School of Dentistry, Minneapolis, USA",1,University of Birmingham,I79619799,no
"University of Birmingham School of Dentistry, Minnesota Dental Research Center for Biomechanics and Biomaterials, Minneapolis MN, USA",1,,,no
"University of California San Francisco, San Francisco, CA; University of Minnesota Cancer Center, Minneapolis, MN; Children’s Oncology Group, Arcadia, CA; National Cancer Institute, Bethesda, MD; Stanford University Medical Center, Palo Alto, CA; Children’s Hospital and Regional Medical Center, Seattle, WA; City of Hope National Medical Center, Duarte, CA",1,"University of California, San Francisco | Seattle Children's Hospital | City Of Hope National Medical Center | Stanford Medicine | National Cancer Institute | Masonic Cancer Center",I180670191 I1295499534 I1301076528 I4210137306 I4210140884 I4390039358,yes
"University of Colorado, Minneapolis, Minnesota, United States",1,University of Colorado System,I2802236040,no
University of Georgia in 1970 . Minnesota,1,University of Georgia,I165733156,no
"University of Kansas, Minneapolis, MN, USA",1,University of Kansas,I146416000,no
"University of Kansas, University of Kentucky, Library of Congress, Louisiana State University, University of Maryland, University of Michigan, University of Minne-sota, University of Missouri, University of Notre Dame,",1,University of Michigan | University of Missouri | University of Notre Dame | Louisiana State University | University of Kentucky | University of Kansas | Library of Congress,I27837315 I76835614 I107639228 I121820613 I143302722 I146416000 I1317680332,no
"University of MIssouri, Minneapolis, MN, USA",1,University of Missouri,I76835614,no
"University of Medicine, Minneapolis, MN 55417, USA",1,,,no
"University of Michigan ; and John Riedl, University of Minnesot a",1,University of Michigan,I27837315,no
"University of Michigan, VA/UM Program on Quality Improvement for Complex Chronic Conditions, Minneapolis MN, USA",1,University of Michigan,I27837315,no
"University of Mimresota Hospital and Clinics, Box 494, Minneapolis, Minnesota 55455",1,,,no
"University of Minesota, Department of Pharmaceutics, Minneapolis, Minnesota 55455, USA",1,,,no
"University of Minncsota, MN 55455, U.S.A",1,University of Minnesota System,I2800403580,no
"University of Minne-sota, St. Paul, Minnesota",1,,,no
"University of Minneapolis, Department of Food Science and Nutrition, Saint Paul/MN - USA",1,,,no
"University of Minnesota , Masonic Cancer Center, Minneapolis, MN",1,Masonic Cancer Center,I4390039358,yes
"University of Minnesota Cancer Center (G.E.D.), Minneapolis, Minnesota 55455",1,Masonic Cancer Center,I4390039358,yes
"University of Minnesota Cancer Center , Minneapolis , MN",1,Masonic Cancer Center,I4390039358,yes
"University of Minnesota Cancer Center , Minneapolis, MN",1,Masonic Cancer Center,I4390039358,yes
"University of Minnesota Cancer Center , Minneapolis, Minnesota",1,Masonic Cancer Center,I4390039358,yes
"University of Minnesota Cancer Center Mayo Mail Code 806 420 Delaware St. SE Minneapolis, MN 55455 USA",1,Masonic Cancer Center,I4390039358,yes
"University of Minnesota Cancer Center Mayo Mail Code 806 420 Delaware St. SE Minneapolis, MN 55455, USA",1,Masonic Cancer Center,I4390039358,yes
"University of Minnesota Cancer Center and Department of Pediatrics, Division of BMT",1,Masonic Cancer Center,I4390039358,yes
"University of Minnesota Cancer Center, 420 Delaware St., S.E., Minneapolis, MN 55455, USA",1,Masonic Cancer Center,I4390039358,yes
"University of Minnesota Cancer Center, 420 Delaware Street SE, Minneapolis, MN 55455, USA",1,Masonic Cancer Center,I4390039358,yes
"University of Minnesota Cancer Center, 420 Delaware Street SE, Minneapolis, Minnesota 55455, Harvard School of Public Health, Boston, Massachusetts 02115, and Mailman School of Public Health of Columbia University, New York, New York 10032",1,Columbia University | Masonic Cancer Center,I78577930 I4390039358,yes
"University of Minnesota Cancer Center, 420 Delaware Street Southeast, Minneapolis, MN 55455, USA",1,Masonic Cancer Center,I4390039358,yes
"University of Minnesota Cancer Center, 420 Delaware Street, SE, MMC 806, Minneapolis, MN 55455, USA",1,Masonic Cancer Center,I4390039358,yes
"University of Minnesota Cancer Center, Box 806 Mayo, 425 Delaware St",1,,,no
"University of Minnesota Cancer Center, Box 806 Mayo, Minneapolis, MN 55455, USA",1,Masonic Cancer Center,I4390039358,yes
"University of Minnesota Cancer Center, Box 806 – UMHC, 420 Delaware St., S.E. Minneapolis, MN 55455‐0392, USA; Tel.: 0016126247604; FAX: 0016126265135",1,Masonic Cancer Center,I4390039358,yes
"University of Minnesota Cancer Center, Box 806-",1,Masonic Cancer Center,I4390039358,yes
"University of Minnesota Cancer Center, Box 806-UMHC,",1,Masonic Cancer Center,I4390039358,yes
"University of Minnesota Cancer Center, Box 86 Mayo, 420 Delaware ST SE, Minneapolis, 55455, MN, USA",1,Masonic Cancer Center,I4390039358,yes
"University of Minnesota Cancer Center, Department of Orthopaedic Surgery and Graduate Program in Microbiology, Immunology and Cancer Biology, Minneapolis, Minnesota 55455",1,Masonic Cancer Center,I4390039358,yes
"University of Minnesota Cancer Center, Department of Therapeutic Radiology, Minneapolis MN, USA",1,Masonic Cancer Center,I4390039358,yes
"University of Minnesota Cancer Center, MMC 366 Mayo, 8366A",1,Masonic Cancer Center,I4390039358,yes
"University of Minnesota Cancer Center, MMC: 367",1,Masonic Cancer Center,I4390039358,yes
"University of Minnesota Cancer Center, Mayo Mail Code 806, 420 Delaware Street SE, MN 55455, USA. kassi012@umn.edu",1,Masonic Cancer Center,I4390039358,yes
"University of Minnesota Cancer Center, Mayo Mail Code 806, Minneapolis, USA",1,Masonic Cancer Center,I4390039358,yes
"University of Minnesota Cancer Center, Mayo Mail Code 806, UMHC, 420 Delaware Street SE, Minneapolis, MN 55455, USA",1,Masonic Cancer Center,I4390039358,yes
"University of Minnesota Cancer Center, Mineapolis, MN, USA",1,Masonic Cancer Center,I4390039358,yes
"University of Minnesota Cancer Center, Minneapolis 55455, USA. murph062@umn.edu",1,Masonic Cancer Center,I4390039358,yes
"University of Minnesota Cancer Center, Minneapolis 55455, USA. penne001@umn.edu",1,Masonic Cancer Center,I4390039358,yes
"University of Minnesota Cancer Center, Minneapolis, MN 55455, USA. hecht002@tc.umn.edu",1,Masonic Cancer Center,I4390039358,yes
"University of Minnesota Cancer Center, Minneapolis, MN 55455, USA. rober144@umn.edu",1,Masonic Cancer Center,I4390039358,yes
"University of Minnesota Cancer Center, Minneapolis, MN, U.S.A",1,Masonic Cancer Center,I4390039358,yes
"University of Minnesota Cancer Center, Minneapolis, Minnesota 5455, USA. chenw@umn.edu",1,Masonic Cancer Center,I4390039358,yes
"University of Minnesota Cancer Center, Minneapolis, Minnesota 55455, USA. sachd003@umn.edu",1,Masonic Cancer Center,I4390039358,yes
"University of Minnesota Cancer Center, Minneapolis, Minnesota and 3M Pharmaceuticals, St. Paul, Minnesota 55455, USA",1,Masonic Cancer Center,I4390039358,yes
"University of Minnesota Cancer Center, Minneapolis, Minnesota, United States",1,Masonic Cancer Center,I4390039358,yes
"University of Minnesota Cancer Center, Minneapolis, USA, , , , , , US",1,Masonic Cancer Center,I4390039358,yes
"University of Minnesota Cancer Center, Minneapolis, United States",1,Masonic Cancer Center,I4390039358,yes
"University of Minnesota Cancer Center, Minnneapolis, MN, USA",1,Masonic Cancer Center,I4390039358,yes
"University of Minnesota Cancer Center, St Paul, USA",1,,,no
"University of Minnesota Cancer Center; Minneapolis, MN",1,Masonic Cancer Center,I4390039358,yes
"University of Minnesota Children's Hospital, 420 Delaware Street SE, Minneapolis, MN 55455, USA",1,University of Minnesota Children's Hospital,I4210166300,no
"University of Minnesota Children’s Hospital and Department of Pediatrics, Center for Infectious Diseases and Microbiology Translational",1,University of Minnesota Children's Hospital,I4210166300,no
"University of Minnesota Consultant with the Institute of Science and Technology The University of Michigan Ann Arbor, Michigan",1,University of Michigan,I27837315,no
University of Minnesota Duluth Department of Chemistry Duluth Minnesota,1,"University of Minnesota, Duluth",I4210115145,no
"University of Minnesota Duluth University of Minnesota Duluth, Duluth, MN, US",1,"University of Minnesota, Duluth",I4210115145,no
University of Minnesota Duluth and NRRI,1,"University of Minnesota, Duluth",I4210115145,no
"University of Minnesota Duluth, Department of Mathematics and Statistics, 1117 University Dr, 55812–3000, Duluth, MN, U.S.A#TAB#",1,"University of Minnesota, Duluth",I4210115145,no
"University of Minnesota Duluth, Department of Mathematics and Statistics, 55812-3000, Duluth, MN, USA#TAB#",1,"University of Minnesota, Duluth",I4210115145,no
"University of Minnesota Duluth, Department of Philosophy, Duluth, MN 55812 USA, spwalsh@d.umn.edu",1,"University of Minnesota, Duluth",I4210115145,no
"University of Minnesota Duluth, Duluth, MN 55812-3000, USA#TAB#",1,"University of Minnesota, Duluth",I4210115145,no
"University of Minnesota Duluth, Economics 330H, 1318 Kirby Drive, Duluth, MN 55812, United States",1,"University of Minnesota, Duluth",I4210115145,no
"University of Minnesota Duluth, Labovitz School of Business and Economics, 10 University Drive, Duluth, MN 55812, USA",1,"University of Minnesota, Duluth",I4210115145,no
"University of Minnesota Libraries Publishing ,",1,University of Minnesota Libraries Publishing,I4400600966,yes
"University of Minnesota Libraries Publishing , 2017",1,University of Minnesota Libraries Publishing,I4400600966,yes
University of Minnesota Masonic Cancer Center  Minneapolis MN USA,1,Masonic Cancer Center,I4390039358,yes
"University of Minnesota Masonic Cancer Center , Minneapolis, MN 55455 ,",1,Masonic Cancer Center,I4390039358,yes
"University of Minnesota Masonic Cancer Center , Minneapolis, MN 55455, USA",1,Masonic Cancer Center,I4390039358,yes
"University of Minnesota Masonic Cancer Center , Minneapolis, MN,",1,Masonic Cancer Center,I4390039358,yes
"University of Minnesota Masonic Cancer Center , Minneapolis, Minnesota , USA",1,Masonic Cancer Center,I4390039358,yes
"University of Minnesota Masonic Cancer Center Biostatistics Core, Minneapolis, MN, USA",1,Masonic Cancer Center,I4390039358,yes
"University of Minnesota Masonic Cancer Center Comparative Pathology Shared Resource, Minneapolis, Minnesota;",1,Masonic Cancer Center,I4390039358,yes
University of Minnesota Masonic Cancer Center Minneapolis MN,1,Masonic Cancer Center,I4390039358,yes
University of Minnesota Masonic Cancer Center Minneapolis MN USA,1,Masonic Cancer Center,I4390039358,yes
University of Minnesota Masonic Cancer Center University of Minnesota Masonic Children’s Hospital  Minneapolis Minnesota USA,1,Masonic Cancer Center,I4390039358,yes
"University of Minnesota Masonic Cancer Center and Department of Pediatrics, Division of Blood and Marrow Transplantation, Minneapolis, MN, USA",1,Masonic Cancer Center,I4390039358,yes
"University of Minnesota Masonic Cancer Center and Department of Pediatrics, Division of Blood and Marrow Transplantation, Minneapolis, MN;",1,Masonic Cancer Center,I4390039358,yes
"University of Minnesota Masonic Cancer Center and Department of Pediatrics, Division of Bone Marrow Transplantation, Minneapolis",1,Masonic Cancer Center,I4390039358,yes
"University of Minnesota Masonic Cancer Center and Division of Blood and Marrow Transplantation, Department of Pediatrics, Minneapolis, MN",1,Masonic Cancer Center,I4390039358,yes
"University of Minnesota Masonic Cancer Center and Division of Hematology, Oncology, and Blood and Marrow Transplantation, Department of Pediatrics, Minneapolis, MN 55455",1,Masonic Cancer Center,I4390039358,yes
"University of Minnesota Masonic Cancer Center and Division of Hematology, Oncology, and Blood and Marrow Transplantation, Department of Pediatrics, Minneapolis, MN 55455, USA",1,Masonic Cancer Center,I4390039358,yes
"University of Minnesota Masonic Cancer Center, , Minneapolis MN 55455, USA",1,Masonic Cancer Center,I4390039358,yes
"University of Minnesota Masonic Cancer Center, , Minneapolis, MN,",1,Masonic Cancer Center,I4390039358,yes
"University of Minnesota Masonic Cancer Center, 420 Delaware Street SE, MMC 422, Minneapolis, 55455, MN, USA",1,Masonic Cancer Center,I4390039358,yes
"University of Minnesota Masonic Cancer Center, 717 Delaware St. SE , Minneapolis, MN 55414 , USA",1,Masonic Cancer Center,I4390039358,yes
"University of Minnesota Masonic Cancer Center, Biostatistics Core , Minneapolis, MN ,",1,Masonic Cancer Center,I4390039358,yes
"University of Minnesota Masonic Cancer Center, Biostatistics Core, Minneapolis, MN, US",1,Masonic Cancer Center,I4390039358,yes
"University of Minnesota Masonic Cancer Center, Biostatistics Core, Minneapolis, Minnesota",1,Masonic Cancer Center,I4390039358,yes
"University of Minnesota Masonic Cancer Center, Department of Pediatrics, Minneapolis, USA",1,Masonic Cancer Center,I4390039358,yes
"University of Minnesota Masonic Cancer Center, Department of Pediatrics, Minneapolis, USA;",1,Masonic Cancer Center,I4390039358,yes
"University of Minnesota Masonic Cancer Center, Division of Biostatistics Minneapolis Minnesota U.S.A",1,Masonic Cancer Center,I4390039358,yes
"University of Minnesota Masonic Cancer Center, Division of Hematology, Oncology and Transplantation, Minneapolis, MN",1,Masonic Cancer Center,I4390039358,yes
"University of Minnesota Masonic Cancer Center, Minneapolis, 55455, MN, USA",1,Masonic Cancer Center,I4390039358,yes
"University of Minnesota Masonic Cancer Center, Minneapolis, 55455, Minnesota, USA",1,Masonic Cancer Center,I4390039358,yes
"University of Minnesota Masonic Cancer Center, Minneapolis, MN, 55455, USA. luox0054@umn.edu",1,Masonic Cancer Center,I4390039358,yes
"University of Minnesota Masonic Cancer Center, Minneapolis, MN, USA. Electronic address: poynt006@umn.edu",1,Masonic Cancer Center,I4390039358,yes
"University of Minnesota Masonic Cancer Center, Minneapolis, MN, USA. jyuan@umn.edu",1,Masonic Cancer Center,I4390039358,yes
"University of Minnesota Masonic Cancer Center, Minneapolis, MN, USA;",1,Masonic Cancer Center,I4390039358,yes
"University of Minnesota Masonic Cancer Center, Minneapolis, MN, United States of America",1,Masonic Cancer Center,I4390039358,yes
"University of Minnesota Masonic Cancer Center, Minneapolis, MN55455, USA",1,Masonic Cancer Center,I4390039358,yes
"University of Minnesota Masonic Cancer Center, Minneapolis, MN; and",1,Masonic Cancer Center,I4390039358,yes
"University of Minnesota Masonic Cancer Center, Minneapolis, Minn.,",1,Masonic Cancer Center,I4390039358,yes
"University of Minnesota Masonic Cancer Center, Minneapolis, Minnesota 55455 (C.L.)",1,Masonic Cancer Center,I4390039358,yes
"University of Minnesota Masonic Cancer Center, Minneapolis, Minnesota, United States;",1,Masonic Cancer Center,I4390039358,yes
"University of Minnesota Masonic Cancer Center, Minneapolis, Minnesota. 10",1,Masonic Cancer Center,I4390039358,yes
"University of Minnesota Masonic Cancer Center, Minneapolis, United States",1,Masonic Cancer Center,I4390039358,yes
"University of Minnesota Masonic Cancer Center, Minneapolis/MN/USA",1,Masonic Cancer Center,I4390039358,yes
"University of Minnesota Masonic Cancer Center, Section on Molecular Cancer Therapeutics, Department of Therapeutic Radiology–Radiation Oncology, Minneapolis, MN, United States",1,Masonic Cancer Center,I4390039358,yes
"University of Minnesota Masonic Cancer Center, University of Minnesota",1,Masonic Cancer Center,I4390039358,yes
"University of Minnesota Masonic Cancer Center, University of Minnesota  Minneapolis Minnesota USA",1,Masonic Cancer Center,I4390039358,yes
"University of Minnesota Masonic Cancer Center, University of Minnesota Masonic Children's Hospital, Minneapolis, Minnesota, USA",1,Masonic Cancer Center,I4390039358,yes
"University of Minnesota Masonic Cancer Center, University of Minnesota Minneapolis Minnesota USA",1,Masonic Cancer Center,I4390039358,yes
"University of Minnesota Masonic Cancer Center, University of Minnesota, 425 East River Road, Minneapolis, MN, 55545, USA",1,Masonic Cancer Center,I4390039358,yes
"University of Minnesota Masonic Cancer Center, University of Minnesota, Minneapolis Minnesota",1,Masonic Cancer Center,I4390039358,yes
"University of Minnesota Masonic Cancer Center, University of Minnesota, Minneapolis, MN",1,Masonic Cancer Center,I4390039358,yes
"University of Minnesota Masonic Cancer Center, University of Minnesota, Minneapolis, Minnesota",1,Masonic Cancer Center,I4390039358,yes
"University of Minnesota Masonic Cancer Center,, Minneapolis,, MN, USA",1,Masonic Cancer Center,I4390039358,yes
University of Minnesota Masonic Cancer Center; Minneapolis MN USA,1,Masonic Cancer Center,I4390039358,yes
University of Minnesota Masonic Cancer Center; Minneapolis; MI USA,1,Masonic Cancer Center,I4390039358,yes
University of Minnesota Medical Center Minneapolis MNUSA,1,University of Minnesota Medical Center,I4210135252,no
"University of Minnesota Medical Center, Fairview, Minneapolis, MN 55455, USA.  org",1,University of Minnesota Medical Center,I4210135252,no
"University of Minnesota Medical Center, Minneapolis, MN 55454, United States. Electronic address:",1,University of Minnesota Medical Center,I4210135252,no
"University of Minnesota Medical Center, Minneapolis, MN 55455",1,University of Minnesota Medical Center,I4210135252,no
"University of Minnesota Medical Center; Department of Pediatrics, Institute of Genetics; Minneapolis; MN; USA",1,University of Minnesota Medical Center,I4210135252,no
"University of Minnesota Medical School Masonic Cancer Center, , Minneapolis, MN 55455,",1,Masonic Cancer Center,I4390039358,yes
"University of Minnesota Medical School Masonic Cancer Center, , Minneapolis, MN, 55455,",1,Masonic Cancer Center,I4390039358,yes
"University of Minnesota Medical School, Masonic Cancer Center, Minneapolis, MN 55455, USA",1,Masonic Cancer Center,I4390039358,yes
"University of Minnesota Medical School, Masonic Cancer Center, Minneapolis, Minnesota, USA",1,Masonic Cancer Center,I4390039358,yes
"University of Minnesota Medical School, Masonic Cancer Center, University of Minnesota",1,Masonic Cancer Center,I4390039358,yes
University of Minnesota Morris Minnesota,1,University of Minnesota Morris,I4210162301,no
"University of Minnesota Press , 1929",1,,,no
"University of Minnesota Press , 1982",1,,,no
"University of Minnesota Press , 1984) ",1,,,no
"University of Minnesota Press , 1988",1,,,no
"University of Minnesota Press , 1991) , 82",1,,,no
"University of Minnesota Press , 1994",1,,,no
"University of Minnesota Press , 1994. Pp ",1,,,no
"University of Minnesota Press , 1995) ",1,,,no
"University of Minnesota Press , 1996) , ",1,,,no
"University of Minnesota Press , 1997) ",1,,,no
"University of Minnesota Press , 1998) , 18",1,,,no
"University of Minnesota Press , 1998) , 24",1,,,no
"University of Minnesota Press , 1998) , 32",1,,,no
"University of Minnesota Press , 2001",1,,,no
"University of Minnesota Press , 2001) ",1,,,no
"University of Minnesota Press , 2002",1,,,no
"University of Minnesota Press , 2005",1,,,no
"University of Minnesota Press , 2006",1,,,no
"University of Minnesota Press , 2007",1,,,no
"University of Minnesota Press , 2008) ",1,,,no
"University of Minnesota Press , 2009",1,,,no
"University of Minnesota Press , 2009) , p. 111 ",1,,,no
"University of Minnesota Press , 2010",1,,,no
"University of Minnesota Press , 2010) , 3-33 ",1,,,no
"University of Minnesota Press , 2013",1,,,no
"University of Minnesota Press , 2016) ",1,,,no
"University of Minnesota Press , 2017) ",1,,,no
"University of Minnesota Press , 2019",1,,,no
"University of Minnesota Press , 2020",1,,,no
"University of Minnesota Press , 2022) ",1,,,no
"University of Minnesota Press , 2023",1,,,no
"University of Minnesota Press , Minneapolis , 1994 ,",1,,,no
"University of Minnesota Press , Minneapolis , 2001 , p. ",1,,,no
"University of Minnesota Press , Minneapolis , 2002[1991]",1,,,no
"University of Minnesota Press , Minneapolis , 2014",1,,,no
"University of Minnesota Press , Minneapolis , 2016 ,",1,,,no
"University of Minnesota Press , Minneapolis , pp",1,,,no
"University of Minnesota Press , Minneapolis MN 2007",1,,,no
"University of Minnesota Press 111 Third Avenue South Minneapolis, MN 55401-2520 U.S.A. Internet: lfreeman@maroon.tc.umn.edu",1,,,no
"University of Minnesota Press, 1984",1,,,no
"University of Minnesota Press, 1997",1,,,no
"University of Minnesota Press, 1999 ",1,,,no
"University of Minnesota Press, 1999, xx-268 p",1,,,no
"University of Minnesota Press, 2003",1,,,no
"University of Minnesota Press, 2006",1,,,no
"University of Minnesota Press, 2008",1,,,no
"University of Minnesota Press, 2009",1,,,no
"University of Minnesota Press, 2011; Jyoti Hosagrahar, Indigenous Modernities: Negotiating Architecture and Urbanism, London;",1,,,no
"University of Minnesota Press, 2014)",1,,,no
"University of Minnesota Press, 2019",1,,,no
"University of Minnesota Press, 2020",1,,,no
"University of Minnesota Press, Minneapolis 1998, p",1,,,no
"University of Minnesota Press, Minneapolis 2009, p. xxiii",1,,,no
"University of Minnesota Press, £18.50/$24.95",1,,,no
University of Minnesota Press. 2015,1,,,no
"University of Minnesota Press. Budiana, M",1,,,no
University of Minnesota Rochester MN USA,1,University of Minnesota Rochester,I4210120349,no
University of Minnesota Sea Grant,1,Minnesota Sea Grant,I4210109757,no
"University of Minnesota Sea Grant Program, 2305 E. Fifth St., Duluth, Minnesota 55812",1,Minnesota Sea Grant,I4210109757,no
"University of Minnesota Supercomputing Institute, USA",1,Minnesota Supercomputing Institute,I4400573273,no
"University of Minnesota at Duluth Duluth, Minnesota 55812 1995",1,"University of Minnesota, Duluth",I4210115145,no
"University of Minnesota – Duluth, Department of Biology, 207 Swenson Science Building, 1035 Kirby Drive, Duluth, MN 55812, USA",1,"University of Minnesota, Duluth",I4210115145,no
"University of Minnesota's Masonic Cancer Center, USA. hecht002@umn.edu",1,Masonic Cancer Center,I4390039358,yes
"University of Minnesota, Department of Neuroscience, Medical University of South Carolina, Charleston, SC 29425",1,Medical University of South Carolina,I153297377,no
"University of Minnesota, Duluth Medical School",1,"University of Minnesota, Duluth",I4210115145,no
"University of Minnesota, Duluth, USA 55812#TAB#",1,"University of Minnesota, Duluth",I4210115145,no
"University of Minnesota, Itasca Biological Station and Laboratories, Lake Itasca, MN, USA",1,University of Minnesota Itasca Biological Station and Laboratories,I4405255312,yes
"University of Minnesota, Itasca Biological Station and Laboratories, Lake Itasca, Minnesota, USA",1,University of Minnesota Itasca Biological Station and Laboratories,I4405255312,yes
"University of Minnesota, Marshfield Clinic, Marshfield, Wisconsin, U.S.A",1,Marshfield Clinic | Marshfield Clinic,I1315135799 I4210138321,no
"University of Minnesota, Masonic Cancer Center , Minneapolis, MN,",1,Masonic Cancer Center,I4390039358,yes
"University of Minnesota, Masonic Cancer Center Minneapolis MN",1,Masonic Cancer Center,I4390039358,yes
"University of Minnesota, Masonic Cancer Center, 420 Delaware Street SE, NHH 3-112, CCRB 3-130 Minneapolis, MN 55455, USA",1,Masonic Cancer Center,I4390039358,yes
"University of Minnesota, Masonic Cancer Center, Biostatistics Core, Minneapolis, MN",1,Masonic Cancer Center,I4390039358,yes
"University of Minnesota, Masonic Cancer Center, Biostatistics, Minneapolis",1,Masonic Cancer Center,I4390039358,yes
"University of Minnesota, Masonic Cancer Center, Biostatistics, Minneapolis, Minnesota",1,Masonic Cancer Center,I4390039358,yes
"University of Minnesota, Masonic Cancer Center, Department of Medicine,
MMC 806, 420 Delaware St SE, MN 55455, USA +1 612 626 2838",1,Masonic Cancer Center,I4390039358,yes
"University of Minnesota, Masonic Cancer Center, Department of Medicine, Minneapolis, MN",1,Masonic Cancer Center,I4390039358,yes
"University of Minnesota, Masonic Cancer Center, Minneapolis, MN 55455",1,Masonic Cancer Center,I4390039358,yes
"University of Minnesota, Masonic Cancer Center, Minneapolis, MN, 55455, USA",1,Masonic Cancer Center,I4390039358,yes
"University of Minnesota, Masonic Cancer Center, Minneapolis, MN, USA, koeh0139@umn.edu",1,Masonic Cancer Center,I4390039358,yes
"University of Minnesota, Masonic Cancer Center, Minneapolis, MN, USA;",1,Masonic Cancer Center,I4390039358,yes
"University of Minnesota, Masonic Cancer Center, Minneapolis, Minnesota, United States",1,Masonic Cancer Center,I4390039358,yes
"University of Minnesota, Masonic Cancer Center, Minneapolis, USA",1,Masonic Cancer Center,I4390039358,yes
"University of Minnesota, Masonic Cancer Center, Minneapolis, USA. Electronic address: anton401@umn.edu",1,Masonic Cancer Center,I4390039358,yes
"University of Minnesota, Masonic Cancer Center, Minneapolis, United States",1,Masonic Cancer Center,I4390039358,yes
"University of Minnesota, Masonic Cancer Center, Minneapolis/MN/US",1,Masonic Cancer Center,I4390039358,yes
"University of Minnesota, Masonic Cancer Center, Section of Molecular Cancer Therapeutics, University of Minnesota Masonic Cancer Center, Minneapolis, MN, USA",1,Masonic Cancer Center,I4390039358,yes
"University of Minnesota, Morris (undergraduate)#TAB#",1,University of Minnesota Morris,I4210162301,no
"University of Minnesota, Morris, Psychology, Division of Social Sciences, 600 E. 4th St., Morris, 56267, Minnesota, United States",1,University of Minnesota Morris,I4210162301,no
"University of Minnesota, Phoenix, AZ",1,,,no
"University of Minnesota-Crookston, Agricultural Management Division, 109 Hill Hall; Crookston, MN 56716-5001; Animal Science Department; Texas A&M University; Kleberg Center",1,Texas A&M University | University of Minnesota Crookston,I91045830 I4210159608,no
"University of Minnesota-Duluth, Duluth, MN 55803, United States",1,"University of Minnesota, Duluth",I4210115145,no
"University of Minnesota-Morris, Divison of Science and Mathematics, Morris, MN 56267, USA",1,University of Minnesota Morris,I4210162301,no
"University of Minnesota. Masonic Cancer Center, Rochester, MN, USA",1,Masonic Cancer Center,I4390039358,yes
"University of Minnesota/ Masonic Cancer Center, Minneapolis, MN, USA",1,Masonic Cancer Center,I4390039358,yes
"University of Minnesota/Masonic Cancer Center , Minneapolis, MD 55455 , United States",1,Masonic Cancer Center,I4390039358,yes
University of Minnesota/Masonic Cancer Center Minneapolis MN USA,1,Masonic Cancer Center,I4390039358,yes
"University of Minnesota/Masonic Cancer Center, Minneapolis, MN, USA",1,Masonic Cancer Center,I4390039358,yes
"University of Minnesota/Masonic Cancer Center, Minneapolis, MN;",1,Masonic Cancer Center,I4390039358,yes
"University of Minnesota/Masonic Cancer Center, Minneapolis, Minnesota, USA",1,Masonic Cancer Center,I4390039358,yes
"University of Minnesota/Masonic Cancer Center, Pediatrics, Minneapolis Minnesota Minnesota",1,Masonic Cancer Center,I4390039358,yes
"University of Minnesota/Masonic Cancer Center, Pediatrics, Minneapolis, Minnesota, Minnesota",1,Masonic Cancer Center,I4390039358,yes
"University of Minnesota5740 Ferber Street, San Diego, California 92122",1,,,no
University of Minnesota; Rochester MN 55904,1,University of Minnesota Rochester,I4210120349,no
University of MinnesotaNorthwestern University Feinberg School of Medicine,1,Northwestern University,I111979921,no
"University of Missouri, Minneapolis, USA",1,University of Missouri,I76835614,no
"University of Montana, Minneapolis, MN, USA",1,University of Montana,I6750721,no
"University of Munich, Minneapolis, MN, USA",1,Ludwig-Maximilians-Universität München,I8204097,no
"University of Oklahoma , 1965 East River Terrace, Minneapolis, MN, 55414, USA",1,University of Oklahoma,I8692664,no
"University of Oklahoma, 1965 East River Terrace, Minneapolis, MN, 55414, USA",1,University of Oklahoma,I8692664,no
"University of Pennsylvania, Minneapolis, MN, USA",1,University of Pennsylvania,I79576946,no
"University of Pittsburgh Graduate School of Public Health (S.R.E.K., C.H., E.B.-M., K.A.M.), Department of Epidemiology, Pittsburgh, Pennsylvania 15261; Lupus Center of Excellence (K.J.S.), Department of Medicine, Allegheny Health Network, Pittsburgh, Pennsylvania 15212; Rush University Medical Center (I.J., L.H.P.), Department of Preventive Medicine, Chicago, Illinois 60612; Los Angeles Biomedical Research Institute (M.J.B.), Division of Cardiology, Torrance, California 90502; Department of Medicine, Program in Health Disparities Research and Center for Health Equity (S.A.E.-R.), University of Minnesota, Minneapolis, Minnesota 55414; and University of Pittsburgh School of Medicine (K.A.M.), Department of Psychiatry, Pittsburgh, Pennsylvania 15213",1,University of Pittsburgh | The Lundquist Institute | Rush University Medical Center | Allegheny Health Network,I170201317 I177607063 I1285301757 I1310421338,no
"University of Pittsburgh, Minnesota, Minneapolis",1,University of Pittsburgh,I170201317,no
University of Rwanda Emmanuel Muhawenimana Centre Hospitalier Universitaire de Kigali Theobald Hategekimana Centre Hospitalier Universitaire de Kigali Jennifer Rickard University of Minnesota,1,University of Rwanda | Centre Hospitalier Universitaire de Kigali,I4210087849 I4210128173,no
University of St. Thomas University of Minnesota,1,University of St. Thomas - Minnesota,I161515732,no
"University of St. Thomas University of Minnesota, USA",1,University of St. Thomas - Minnesota,I161515732,no
"University of Texas School of Public Health, Minneapolis, MN",1,The University of Texas System,I16452829,no
"University of Virginia Division of Cardiovascular Medicine, St. Paul, Minnesota, USA",1,University of Virginia,I51556381,no
"University of Washington, Minneapolis, Minnesota, United States",1,,,no
"University, Department of Nursing, St. Paul, Minnesota",1,,,no
"Università degli Studi di Milano, Dipartimento di Scienze Agrarie e Ambientali-Produzione, Territorio, Agroenergia, 20133 Milan, Italy (E.T., G.V., A.Hu., L.R.);Department of Crop Production and Plant Breeding, College of Agriculture, Shiraz University, Shiraz, Iran (E.T.);Department of Agronomy and Plant Genetics (R.O., H.B., G.J.M.) and Department of Plant Biology (G.J.M.), University of Minnesota, St. Paul, Minnesota 55108;Parco Tecnologico Padano, 26900 Lodi, Italy (V.S.J., L.R.);Department of Plant Biology, Cornell University, Ithaca, New York 14853 (M.J.S., N.R.T.);Department of Botany and Plant Sciences, University of California, Riverside, California 92521-0124 (T.J.C.);James Hutton Institute, Invergowrie, Dundee DD2 5DA, United Kingdom (A.D., R.W.); andLeibniz Institute of Plant Genetics and Crop Plant Research, 06466 Stadt Seeland, Germany (B.S., R.A., A.Hi., N.S.)",1,"Shiraz University | University of Milan | Parco Tecnologico Padano | University of California, Riverside",I166459259 I189158943 I2799613648 I103635307,no
"Università degli Studi di Milano, Dipartimento di Scienze Agrarie e Ambientali-Produzione, Territorio, Agroenergia, 20133 Milan, Italy (E.T., G.V., A.Hu., L.R.);Department of Crop Production and Plant Breeding, College of Agriculture, Shiraz University, Shiraz, Iran (E.T.);Department of Agronomy and Plant Genetics (R.O., H.B., G.J.M.) and Department of Plant Biology (G.J.M.), University of Minnesota, St. Paul, Minnesota 55108;Parco Tecnologico Padano, 26900 Lodi, Italy (V.S.J., L.R.);Department of Plant Biology, Cornell University, Ithaca, New York 14853 (M.J.S., N.R.T.);Department of Botany and Plant Sciences, University of California, Riverside, California 92521-0124 (T.J.C.);James Hutton Institute, Invergowrie, Dundee DD2 5DA, United Kingdom (A.D., R.W.); andLeibniz Institute of Plant Genetics and Crop Plant Research, 06466 Stadt Seeland, Germany (B.S., R.A., A.Hi., N.S.) laura.rossini@unimi.it muehl003@umn.edu",1,"Shiraz University | University of Milan | Parco Tecnologico Padano | University of California, Riverside",I166459259 I189158943 I2799613648 I103635307,no
"Vanderbilt Center for Arrhythmia Research and Therapeutics, Division of Clinical Pharmacology, Vanderbilt University Medical Center, Nashville, Tennessee (A.G., T.Q.D. K.K., D.J.B., P.A.R., B.C.K.); Vanderbilt Department of Chemistry and Institute of Chemical Biology, Vanderbilt University, Nashville, Tennessee (M.P.T., A.N.S., J.N.J.); Pharmaceutical Sciences Research Center, Lipscomb University College of Pharmacy, Nashville, Tennessee (W.S.A.); Department of Biochemistry, Molecular Biology, and Biophysics, University of Minnesota, Minneapolis, Minnesota (J.A.S., R.L.C., R.T.R.); and School of Biomedical Sciences and Pharmacy, University of Newcastle and Hunter Medical Research Institute, Callaghan, NSW 2308, Australia (D.R.L.)",1,Lipscomb University | Vanderbilt University | Vanderbilt University Medical Center,I192487284 I200719446 I901861585,no
"Vanderbilt Center for Arrhythmia Research and Therapeutics, Division of Clinical Pharmacology, Vanderbilt University Medical Center, Nashville, Tennessee (A.G., T.Q.D. K.K., D.J.B., P.A.R., B.C.K.); Vanderbilt Department of Chemistry and Institute of Chemical Biology, Vanderbilt University, Nashville, Tennessee (M.P.T., A.N.S., J.N.J.); Pharmaceutical Sciences Research Center, Lipscomb University College of Pharmacy, Nashville, Tennessee (W.S.A.); Department of Biochemistry, Molecular Biology, and Biophysics, University of Minnesota, Minneapolis, Minnesota (J.A.S., R.L.C., R.T.R.); and School of Biomedical Sciences and Pharmacy, University of Newcastle and Hunter Medical Research Institute, Callaghan, NSW 2308, Australia (D.R.L.) bjorn.knollmann@vanderbilt.edu",1,Lipscomb University | Vanderbilt University | Vanderbilt University Medical Center,I192487284 I200719446 I901861585,no
"Veterinary Population Medicine Department, College of Veterinary Medicine, University of Minesota, St. Paul, MN, USA",1,,,no
"Vice Provost for Health Sciences , University of Minnesota‐Rochester , Rochester , Minnesota , USA E-mail: c.christiansen@aotf.org",1,University of Minnesota Rochester,I4210120349,no
Vincent Hall  206 Church St. SE Minneapolis MN 55455,1,,,no
"WILLIAM F. TAYLOR Mayo Graduate School of Medicine, University of Minnesota, Rochester: Resident in Neurology Mayo Clinic and Mayo Foundation: Department of Neurology Department of Medical Statistics, Epidemiology and Population Genetics",1,Mayo Clinic | University of Minnesota Rochester,I1330342723 I4210120349,no
"Washington University, St. Louis, Missouri, Department of Urology, Minneapolis, Minnesota",1,Washington University in St. Louis,I204465549,no
"West Central Research and Outreach Center, University of Minnesota, Morris, MN, USA (e-mail: ); yuzhili@morris.umn.edu",1,University of Minnesota Morris,I4210162301,no
"When Species Meet, University of Minnesota Press, Minneapolis-London 2008, s. 165",1,,,no
"World Communications: A History of Strategies and Ideas (University of Minnesota Press, 1994), Networking the World, 1794–2000 (University of Minnesota Press, 2000) and The Globalisation of Surveillance (Polity Press, 2010)",1,,,no
"Yael P. Mossé, Megan S. Lim, Delphine Rolland, Elizabeth Fox, and Peter Adamson, University of Pennsylvania, Philadelphia, PA; Stephan D. Voss, Harvard Medical School, Boston, MA; Charles G. Minard and Susan M. Blaney, Baylor College of Medicine, Houston, TX; Keith Wilner, Pfizer Oncology, La Jolla, CA; and Brenda J. Weigel, University of Minnesota Cancer Center, Minneapolis, MN",1,University of Pennsylvania | Baylor College of Medicine | Masonic Cancer Center,I79576946 I181547552 I4390039358,yes
"Zeenat Qureshi Stroke Res Ctr, Univ of Minnesota Newark NJ",1,,,no
"[Department of Electrical and Computer Engineering, University of Minnesota Duluth, Duluth, MN, USA]",1,"University of Minnesota, Duluth",I4210115145,no
"[Department of Electrical and Computer Engineering, University of Minnesota, Duluth, MN, USA]",1,"University of Minnesota, Duluth",I4210115145,no
"[Department of Mechanical and Industrial Engineering, University of Minnesota, Duluth, Duluth, MN, USA]",1,"University of Minnesota, Duluth",I4210115145,no
"[IBM, and Biomedical Infor. & Comp' l. Biology, University of Minnesota, Rochester, MN, USA]",1,University of Minnesota Rochester,I4210120349,no
"[Minnesota Power University of Minnesota, USA]",1,,,no
"[Prom the Puget Xound Marine Biological Laboratory and the Department of Animal Biology, University of LUinnesota, Minneapolis, Minnesota",1,,,no
"[University of Minnesota, Rochester, MN, USA]",1,University of Minnesota Rochester,I4210120349,no
"a   Department of Psychology and Mental Health , University of Minnesota , Duluth,  USA",1,"University of Minnesota, Duluth",I4210115145,no
"a Department of Computer Engineering , University of Minnesota , Duluth, MN, 55812",1,"University of Minnesota, Duluth",I4210115145,no
"a Minnesota State University , Minnesota, USA",1,Minnesota State Colleges and Universities System,I91221267,no
"a The University of Minnesota , Duluth , MN , 55812 , USA",1,"University of Minnesota, Duluth",I4210115145,no
"aDepartment of Plant Biology and the Genome Center, College of Biological Sciences, and",1,"University of California, Davis",I84218800,no
"aSaint Mary’s University of Minnesota, Minneapolis, MN, USA",1,,,no
"aState Key Laboratory of Agrobiotechnology and MOA Key Laboratory of Soil Microbiology, College of Biological Sciences, China Agricultural University, Beijing, China",1,China Agricultural University,I52158045,no
"and reprint requests to Dr. E. J. Holland, Box 493 UMHC, 420 Delaware Street S.E., Minneapolis, MN 55455-0501, U.S.A",1,,,no
"and reprint requests to Dr. Robert L. Goodale at Box 379 UMHC, Harvard at East River Road, Minneapolis, MN 55455, U.S.A",1,,,no
"at the Federal Reserve Bank and Carlson School of Management, Minneapolis",1,Federal Reserve Bank of Minneapolis,I1341575764,no
"b Northwest Experiment Station , University of Minnesota , Crookston , Minnesota , 56716",1,University of Minnesota Crookston,I4210159608,no
"b University of Minnesota Masonic Cancer Center , Minneapolis , MN , USA ;",1,Masonic Cancer Center,I4390039358,yes
"bDepartment of Biology, University of Minnesota, Duluth, MN 55812",1,"University of Minnesota, Duluth",I4210115145,no
"bState Key Laboratory for Agrobiotechnology, College of Biological Sciences, China Agricultural University, Beijing 100193, China",1,China Agricultural University,I52158045,no
"bWest Central Research and Outreach Center, University of Minnesota, Morris, Minnesota, USA",1,University of Minnesota Morris,I4210162301,no
"eLarge Lakes Observatory, University of Minnesota Duluth, Duluth, MN 55812; and",1,"University of Minnesota, Duluth",I4210115145,no
"fNatural Resources Research Institute, University of Minnesota Duluth, Duluth, MN 55811; and",1,"University of Minnesota, Duluth",I4210115145,no
forthcoming from University of Minnesota Press,1,,,no
"il a dirigé la publication de A Shock to Thought : Expression After Deleuze and Guattari (Routledge, 2002) et de The Politics of Everyday Fear (University of Minnesota Press, 1993)",1,,,no
"m.d., ph.d. and Guiseppe Moruzzi, m.d. 675 pages, 185 illustrations. The University of Minnesota Press. Minneapolis, 1958. Price $12.50",1,,,no
"nutritionist, Hubbard Milling Co., Mankato, Minn., formerly at Univ. of Minnesota, St. Paul, MN 55108, respectively",1,,,no
"of MN, Minneapolis, 55455",1,,,no
of Minneapolis and University of Virginia,1,University of Virginia,I51556381,no
of Minnesota ,1,,,no
"participants at University of Minnesota, Federal Reserve Bank of Boston, National University of Singapore, Chinese University of Hong Kong, City University of New York (Baruch College),",1,Federal Reserve Bank of Boston | Baruch College | National University of Singapore | City University of New York | Chinese University of Hong Kong,I46510805 I141810926 I165932596 I174216632 I177725633,no
"professor of history at Harvard University, Minneapolis, MN",1,Harvard University,I136199984,no
"reprint requests to Dr. R. L. Goodale, Box 379 UMHC, Harvard at East River Road, Minneapolis, MN 55455, U.S.A",1,,,no
"reprint requests to Dr. Robert L. Goodale at Box 379 UMHC, Harvard at East River Road, Minneapolis, MN 55455, U.S.A",1,,,no
"research geneticist, USDA/ARS, Univ. of Minnesota, St. Paul, MN 55108",1,Agricultural Research Service,I1312222531,no
"ricultural Experiment Station, Univ. of Minne-sota, St. Paul, MN 55108. We thank Brown Bulb Co., Capitola, Calif.,",1,,,no
"sections of clinical electroencephalography and neurology, Mayo Clinic and Mayo Foundation, and the Mayo Graduate School of Medicine (University of Minnesota), Rochester",1,Mayo Clinic | University of Minnesota Rochester,I1330342723 I4210120349,no
"seminar participants at American University, Göteborg University, Indiana University, Michigan State University, Northwestern University, the Stockholm School of Economics, Tulane University, the University of Iowa, the University of Minnesota, Universidade Católica Portuguesa-Lisbon, Instituto Superior de Economia e Gestão, Universidade dos Açores, the Federal Reserve Banks of Chicago and New York, and the Federal Reserve Board of Governors for valuable comments. The authors also thank Kristin Wilson, Chris Metli and Kyle Lewis for outstanding research assistance. The views stated herein are those of the authors and are not necessarily those of the Federal Reserve Bank of New York, or the Federal Reserve System",1,Stockholm School of Economics | Federal Reserve Board of Governors,I180242103 I2802905149,no
"should be addressed to Sharon M. Danes, Department of FamilySocialScience, College of Human Ecology, 290 McNeal Hall, University of Mirnesota, St. Paul, MN 55108",1,,,no
"the College of Education and Human Service Professions, University of Minnesota, Duluth,",1,"University of Minnesota, Duluth",I4210115145,no
"the Department of Orthopaedic Surgery, Brown University, Providence, Rhode Island (Fritz), the Department of Orthopaedic Surgery and Rehabilitation, Loyola University Chicago Medical Center, Maywood, IL (Bednar), the Data Harbor Solutions, Chicago, IL (Harrast), the Department of Orthopaedic Surgery and Rehabilitation, Wake Forest University School of Medicine, Winston-Salem, NC (Martin), the American Board of Orthopedic Surgery, Chapel Hill, NC (Saniei), the Department of Orthopedic Surgery, Boston University, Boston, MA (Tornetta), the American Academy of Orthopaedic Surgeons, Rosemount, IL (Troise), and the Department of Orthopaedic Surgery, University of Minnesota, Minneapolis, MN (Van Heest)",1,Loyola University Chicago | Brown University | Wake Forest University | Boston University | American Board of Orthopaedic Surgery | Wake Forest University Health Sciences,I1925986 I27804330 I47251452 I111088046 I4405269215 I4405269449,no
"the Department of Orthopaedic Surgery, University of Minnesota Cancer Center, Minneapolis, Minnesota",1,Masonic Cancer Center,I4390039358,yes
"the Department of Radiology, Division of Nuclear Medicine, University Hospitals, Minneapolis, Minnesota",1,,,no
"the Department of Surgery (C.M., G.J.), University of Washington, Seattle, Washington, The Center for Injury Research and Policy (E.M.), The Johns Hopkins School of Hygiene and Public Health, the Department of Physical Medicine and Rehabilitation (B.D.), The Johns Hopkins School of Medicine, and The R Adams Cowley Shock Trauma Center (A.B.), University of Maryland, Baltimore, Maryland, Trauma and Critical Care Surgery (B.C.), Maine Medical Center, Portland, Maine, the Department of Orthopaedics and Rehabilitation (M.M.) and the Division of Trauma (J.M.), Vanderbilt University, Nashville, Tennessee, and the Department of Orthopaedics (M.S.), University of Minnesota, Minneapolis, Minnesota",1,"University of Maryland, Baltimore | Johns Hopkins University | Vanderbilt University | University of Washington | Johns Hopkins Medicine | Maine Medical Center",I126744593 I145311948 I200719446 I201448701 I2799853436 I4210123774,no
"the Departments of Medicine (A.G.), Minneapolis, Minnesota 55417",1,,,no
"the Divisions of Surgery and Medicine. Mayo Clinic, and the Divisions of Surgery and Experimental Medicine, Mayo Foundation. University of Minnesota. Rochester",1,Mayo Clinic | University of Minnesota Rochester,I1330342723 I4210120349,no
"the Mayo Clinic and Mayo Foundation: Section of Medicine, Mayo Graduate School of Medicine (University of Minnesota), Rochester,",1,Mayo Clinic | University of Minnesota Rochester,I1330342723 I4210120349,no
"the Mayo Clinic and Mayo Foundation: Section of Proctology, Mayo Graduate School of Medicine (University of Minnesota), Rochester",1,Mayo Clinic | University of Minnesota Rochester,I1330342723 I4210120349,no
"the Mayo Clinic and Mayo Foundation: Section of Surgical Research, Mayo Graduate School of Medicine (University of Minnesota), Rochester,",1,Mayo Clinic | University of Minnesota Rochester,I1330342723 I4210120349,no
"the Rush Alzheimer's Disease Center (L.L.B., R.S.W.) and Rush Institute for Healthy Aging (C.F.M.d.L., J.L.B., D.A.E.) and Departments of Neurological Sciences (L.L.B., R.S.W., D.A.E.), Internal Medicine (J.L.B., D.A.E.), Preventive Medicine (C.F.M.d.L., J.L.B.), and Behavioral Sciences (L.L.B., R.S.W.), Rush University Medical Center, Chicago, Illinois, and Department of Medicine and Program in Health Disparities Research (S.A.E-R.), University of Minnesota, Minneapolis, Minnesota",1,Rush University Medical Center,I1285301757,no
"the Rush Alzheimer’s Disease Center (L.L.B., R.S.W.) and Rush Institute for Healthy Aging (C.F.M.d.L., J.L.B., D.A.E.) and Departments of Neurological Sciences (L.L.B., R.S.W., D.A.E.), Internal Medicine (J.L.B., D.A.E.), Preventive Medicine (C.F.M.d.L., J.L.B.), and Behavioral Sciences (L.L.B., R.S.W.), Rush University Medical Center, Chicago, Illinois, and Department of Medicine and Program in Health Disparities Research (S.A.E-R.), University of Minnesota, Minneapolis, Minnesota",1,Rush University Medical Center,I1285301757,no
"the Section of Clinical Pathology, Mayo Clinic and Mayo Foundation. The Mayo Foundation, Rochester, Minnesota, is a part of the Graduate School of the University of Minnesota. Rochester, Minn. USA",1,Mayo Clinic | University of Minnesota Rochester,I1330342723 I4210120349,no
"the Section of Orthopedic Surgery and of Surgical Pathology, Mayo Clinic and Mayo Foundation and the Mayo Graduate School of Medicine, University of Minnesota, Rochester",1,Mayo Clinic | University of Minnesota Rochester,I1330342723 I4210120349,no
"the Section of Orthopedic Surgery, Mayo Clinic and Mayo Foundation and the Mayo Graduate School of Medicine (University of Minnesota), Rochester",1,Mayo Clinic | University of Minnesota Rochester,I1330342723 I4210120349,no
"the Section of Surgical Pathology, Mayo Clinic and Mayo Foundation. (The Mayo Foundation, Rochester, Minnesota, is a part of the Graduate School of the University of Minnesota.) Rochester, Minn, USA",1,Mayo Clinic | University of Minnesota Rochester,I1330342723 I4210120349,no
"the Section of orthopaedic Surgery, Mayo Clinic and Mayo Foundation, and the Mayo Graduate School of Medicine, University of Minnesota, Rochester",1,Mayo Clinic | University of Minnesota Rochester,I1330342723 I4210120349,no
"the Sections of Orthopedic Surgery and of Microbiology, Mayo Clinic and Mayo Foundation, and the Mayo Graduate School of Medicine, University of Minnesota, Rochester",1,Mayo Clinic | University of Minnesota Rochester,I1330342723 I4210120349,no
"the Sections of Surgical Pathology and of Orthopedic Surgery, Mayo Clinic and Mayo Foundation and the Mayo Graduate School of Medicine, University of Minnesota, Rochester",1,Mayo Clinic | University of Minnesota Rochester,I1330342723 I4210120349,no
the University of MinnesotaDeluth,1,,,no
"to James B. McCarthy, PhD, Department of Laboratory Medicine and Pathology, University of Minnesota Masonic Cancer Center, Minneapolis, MN 55455, USATel: +1 612 625 7454",1,Masonic Cancer Center,I4390039358,yes
"to Martin L. Freeman, MD, Professor of Medicine, Division of Gastroenterology, Hepatology and Nutrition, 406 Harvard St SE, MMC36, Minneapolis, MN 55455, USA. Tel: +1 612 625 8999",1,,,no
"to Michelle N. Rheault, MD, Division of Pediatric Nephrology, 2450 Riverside Ave, MB680, Minneapolis, MN 55454, USA. Tel: +1 612 626 2922",1,,,no
"to Professor Manoj Monga, MD, Department of Urologic Surgery, 420 Delaware St SE (MMC 394), Minneapolis, MN 55455, USA Tel: +1 612 625 7486",1,,,no
"trans. University of Minnesota Press, Minneapolis, MN, U.S.A., 2009, 200 pp., illus. Trade, paper. ISBN: 0-8166-5351-5; ISBN: 0-8166-5352-2",1,,,no
"university of minnesota Press, 1998",1,,,no
"§University of Minnesota Masonic Cancer Center, Minneapolis, MN 55455; and",1,Masonic Cancer Center,I4390039358,yes
" College of Biological Sciences, China Agricultural University, Beijing, China",1,China Agricultural University,I52158045,no
" Department of Laboratory Medicine and Pathology, University of Minnesota Masonic Cancer Center, Minneapolis, MN, USA",1,Masonic Cancer Center,I4390039358,yes
"† The ASFA COVID-19 Taskforce. Chair: Nicole A. Aqui, MD University of Pennsylvania. Co-Chair: YanYun Wu, MD, PhD, QIA University of Miami. Grace Banez-Sese, MD Inova Blood Services and Inova Apheresis Services. Betty Doggett, AT(ASCP) Carter BloodCare. Quentin G. Eichbaum, MD, PhD, MPH, MFA, JD, MMHC Vanderbilt University Medical Center. Antonia Hagen-Coonradt, RN, BSB Vitalant. Margaret Hannan, BS, MSM/OL Blood Bank of Delmarva/New York Blood Center. Tina S. Ipe, MD, MPH University of Arkansas for Medical Sciences. Sarita Joshi, MD MBBS Seattle Children's Hospital. Susan Knight, MBA CNMT, FACHE, Versiti. Jay S. Raval, MD University of New Mexico. Bruce S. Sachais, MD, PhD, QIA New York Blood Center. Joseph Schwartz, MD, MPH Icahn School of Medicine at Mount Sinai. Yvette C. Tanhehco, PhD, MD, MS Columbia University. Nicole D. Zantek, MD, PhD University of Minnesota",1,Columbia University | University of Pennsylvania | Icahn School of Medicine at Mount Sinai | Vanderbilt University Medical Center | New York Blood Center,I78577930 I79576946 I98704320 I901861585 I1343675862,no
"†Departments of Pharmacology, University of Minnesota, Duluth, School of Medicine, Duluth, Minnesota 55812",1,"University of Minnesota, Duluth",I4210115145,no
"†Medical and Molecular Physiology, School of Medicine, University of Minnesota, Duluth, Minnesota 55812",1,"University of Minnesota, Duluth",I4210115145,no
"‡College of Biological Sciences, China Agricultural University (CAU), Beijing 100193, P. R. China",1,China Agricultural University,I52158045,no
"∗Department of Medical Microbiology/Immunology, University of Minnesota, Duluth, Minnesota 55812",1,"University of Minnesota, Duluth",I4210115145,no
"∗Departments of Physiology, University of Minnesota, Duluth, School of Medicine, Duluth, Minnesota 55812",1,"University of Minnesota, Duluth",I4210115145,no
