raw_affiliation_string,works,previously_assigned_to,previously_assigned_ids,previously_counted_via_lineage
"Department of Psychology, York University",355,York University,I192455969,no
York U,218,,,no
"Dept. of Comput. Sci., York Univ., UK#TAB#",216,,,no
"[Dept. of Electron., York Univ., UK]",194,Universities UK,I185658715,no
Université York,135,York University,I192455969,no
"Centre for Vision Research, York University",131,York University,I192455969,no
"York Univ., , UK",124,,,no
"School of Kinesiology and Health Science, York University",102,York University,I192455969,no
York University - Department of Economics,77,York University,I192455969,no
"Department of Biology, York University",74,York University,I192455969,no
"University of York, USA",73,New York University,I57206974,no
"York University, UK",70,Universities UK,I185658715,no
University and York University,66,York University,I192455969,no
"Department of Biology, York University, 4700 Keele St",56,Keele University,I56007636,no
"University of York, Thessaloniki, Greece",54,Aristotle University of Thessaloniki | Hellenic Agency for Local Development and Local Government | University of Macedonia,I21370196 I4210106481 I192756129,no
"Department of Psychology, York University,",45,York University,I192455969,no
"Centre for Refugee Studies, York University",43,Refugee Council | York University,I4210108999 I192455969,no
"Department of Geography, York University",43,York University,I192455969,no
"Faculty of Education, York University",40,York University,I192455969,no
Universidad de York,38,,,no
"Department of Mathematics and Statistics, York University",37,York University,I192455969,no
"Dept. of Phys., York Univ., UK",37,,,no
"Faculty of Environmental and Urban Change, York University",37,York University,I192455969,no
"Department of Electrical Engineering and Computer Science, York University",36,York University,I192455969,no
York U.;,36,,,no
"Department of History, York University",34,York University,I192455969,no
York Univ,33,,,no
"Department of Economics, York University",32,York University,I192455969,no
Department of Computer Science [York],31,,,no
"Department of Political Science, York University",31,York University,I192455969,no
"York University, York, UK",31,,,no
York Structural Biology Laboratory,29,New York Structural Biology Center,I4210096322,no
"Department of Computer Science, York University",27,York University,I192455969,no
"Department of Sociology, York University",26,York University,I192455969,no
"Département d'histoire, Université York",25,York University,I192455969,no
"Department of Chemistry, York University",24,York University,I192455969,no
"Department of Physics and Astronomy, York University",24,York University,I192455969,no
"Department of Philosophy, York University",23,York University,I192455969,no
"School of Social Work, York University",23,York University,I192455969,no
York University Libraries,23,York University,I192455969,no
Universite York,22,York University,I192455969,no
"Department of Psychology , York University",21,York University,I192455969,no
"Philosophy, York University",21,York University,I192455969,no
"Political Science, York University",21,York University,I192455969,no
"School of Health Policy and Management, York University",21,York University,I192455969,no
"Faculty of Environmental Studies, York University",20,York University,I192455969,no
"Center for Vision Research, York University",19,York University,I192455969,no
"Department of Psychology and Centre for Vision Research, York University",19,York University,I192455969,no
"Dept. of Electron., York Univ., UK",19,,,no
"Faculty of Health, York University",19,York University,I192455969,no
"Law, York University",19,York University,I192455969,no
"School of Nursing, York University",19,York University,I192455969,no
Department of Economics York University,18,,,no
"Department of Social Science, York University",18,York University,I192455969,no
The York Management School,18,,,no
York University; UK,18,Universities UK,I185658715,no
"Department of Anthropology, York University",17,York University,I192455969,no
"Dept. of Comput. Sci., York Univ., UK",17,,,no
"Dept. of Electron. York Univ., UK",17,,,no
City College - University of York Europe Campus,16,"York College, City University of New York",I150397245,no
"Dept. of Electrical Engineering and Computer Science, York University",16,York University,I192455969,no
"Green Chem. Cent. Excellence, Univ. York, York YO10 5DD, UK",16,,,no
York University Department of Economics,16,York University,I192455969,no
"BioArch - Departments of Archaeology [York] (King's Manor, York, YO1 7EP - United Kingdom)",15,York Archaeological Trust,I2800889407,no
"Centre for Research in Earth and Space Science, York University",15,York University,I192455969,no
"Dept. of Electron., York Univ.#TAB#",15,York University,I192455969,no
"Psychology, York University",15,York University,I192455969,no
"School of Administrative Studies, York University",15,York University,I192455969,no
"Univ. York, Heslington, UK",15,,,no
"Department of Psychology, Centre for Vision Research, York University",14,York University,I192455969,no
"Département d’histoire, Université York",14,York University,I192455969,no
"Division of Social Science, York University",13,York University,I192455969,no
"Faculty of Environmental Studies , York University",13,York University,I192455969,no
"Centre for Health Economics, York, UK",12,,,no
"Department of Mechanical Engineering, York University",12,York University,I192455969,no
Department of Psychology York University,12,,,no
"Department of Psychology, CITY College, University of York Europe Campus, Thessaloniki, Greece",12,,,no
Departments of Archaeology [York],12,,,no
York Law School,12,New York Law School,I196677622,no
"Department of Biology, Centre for Vision Research, York University",11,York University,I192455969,no
Department of Geography York University,11,,,no
Department of History York University,11,,,no
"Dept. of Math., York Univ., UK",11,,,no
Faculty of Education York University,11,York University,I192455969,no
"NHS Centre for Reviews and Dissemination, York University",11,Kleijnen Systematic Reviews (United Kingdom),I4210088647,no
"Sociology, York University",11,York University,I192455969,no
York Plasma Institute,11,Plasma Technology (United States),I4210126244,no
York University Department of Mathematics and Statistics,11,York University,I192455969,no
1 York University,10,York University,I192455969,no
"Department of Electrical Engineering & Computer Science, York University",10,York University,I192455969,no
"Department of English, York University",10,York University,I192455969,no
"Department of Politics, York University",10,York University,I192455969,no
"School of Kinesiology & Health Science, York University",10,York University,I192455969,no
U. of York Management School,10,,,no
Université de York,10,,,no
York Univ. United Kingdom,10,York University,I192455969,no
York Univeristy,10,,,no
"York University , UK",10,Universities UK,I185658715,no
York University School of Administrative Studies,10,York University | University School,I192455969 I4210153792,no
"Department of Chemistry [York] (Heslington, York YO10 5DD - United Kingdom)",9,Science City York (United Kingdom),I4210160613,no
"Department of Earth and Space Science and Engineering, York University",9,York University,I192455969,no
"Department of Mathematics and Statistics, York University;",9,York University,I192455969,no
"Department of Mathematics, University of York, USA",9,New York University,I57206974,no
Department of Sociology York University,9,,,no
"Dept. of Electron., York Univ., , UK",9,,,no
Schulich School of Business York University,9,York University,I192455969,no
York University - Department of Mathematics & Statistics,9,York University,I192455969,no
"York University, School of Kinesiology & Health Science",9,York University,I192455969,no
"Assistant Professor, York University",8,York University,I192455969,no
"Centre for Vision Research and Department of Psychology, York University",8,York University,I192455969,no
"Centre for Vision Research, York University, and Department of Psychology, York University",8,York University,I192455969,no
"City College, University of York, Greece",8,,,no
"Dahdaleh Institute for Global Health Research, York University",8,York University,I192455969,no
"Department of Geography , York University",8,York University,I192455969,no
"Department of Humanities, York University",8,York University,I192455969,no
"Department of Psychology, Faculty of Health, York University",8,York University,I192455969,no
"Département d’histoire, York University",8,York University,I192455969,no
"Institute of Railway Studies and Transport History, York",8,York Minster,I2801044007,no
"Institute of Railway Studies, York",8,York Minster,I2801044007,no
"U York, England",8,,,no
"York Structural Biology Laboratory, Department of Chemistry",8,New York Structural Biology Center,I4210096322,no
"Agent-Based Modelling Laboratory, York University",7,York University,I192455969,no
"Centre for Health Economics, York University",7,The Centre for Health (New Zealand),I4210089342,no
"Centre for Vision Research, Department of Psychology, York University",7,York University,I192455969,no
Department of Sociology; York University,7,York University,I192455969,no
"Dept. of Psychology, Centre for Vision Research, York University",7,York University,I192455969,no
"Département d'histoire, York University",7,York University,I192455969,no
"Lifespan Health and Performance Lab, York University",7,York University | Lifespan,I192455969 I4210151747,no
"School of Global Health, York University",7,York University,I192455969,no
"School of Human Resource Management, York University",7,Division of Human Resource Management | York University,I4210153428 I192455969,no
York University - Faculty of Health,7,York University,I192455969,no
York University Faculty of Health,7,York University,I192455969,no
York University Schulich School of Business,7,York University,I192455969,no
"b  York University ,  UK",7,,,no
"ADS, York University",6,,,no
"Business Administration and Economics Department, City College, University of York Europe Campus, Thessaloniki, Greece",6,,,no
"Centre for Medieval Studies, York, UK",6,,,no
"Centre for Reviews and Dissemination, York, UK",6,,,no
"Chercheur postdoctoral, Université York",6,National Postdoctoral Association | York University,I4210104914 I192455969,no
"Critical Disability Studies, York University",6,York University,I192455969,no
"Critical Research Laboratory in Law and Society, Osgoode Hall Law School, York University",6,York University,I192455969,no
Department of Economics and Related StudiesUniversity of York,6,,,no
Department of MathematicsUniversity of YorkHeslingtonYorkYO1 5DD,6,,,no
Department of Philosophy York University,6,,,no
"Department of Psychology , York University ,",6,York University,I192455969,no
Department of Social Science York University,6,,,no
"Department of Sociology , York University",6,York University,I192455969,no
"Electrical Engineering and Computer Science, York University",6,York University,I192455969,no
"Environmental Studies, York University",6,York University,I192455969,no
"Kinesiology & Health Science, York University;",6,York University,I192455969,no
"Kinesiology and Health Science, York University",6,York University,I192455969,no
"LaMarsh Centre for Child and Youth Research, York University",6,York University,I192455969,no
"School of Information Technology, York University",6,York University,I192455969,no
York University - Department of Communications,6,York University,I192455969,no
York University and University Health Network,6,University Health Network | York University,I1325899441 I192455969,no
"York University, United Kingdom",6,,,no
"Centre for Research in Health and Development, York, UK",5,,,no
"City College, University of York, Greece & University of Western Macedonia, Greece",5,University of Western Macedonia,I89506807,no
"Department of Biology, Center for Vision Research, York University",5,York University,I192455969,no
"Department of Computer Science, York University, York, UK",5,,,no
"Department of Kinesiology and Health Science, York University",5,York University,I192455969,no
"Department of Psychology and the Centre for Vision Research, York University",5,York University,I192455969,no
"Dept. of Psychology, York University",5,York University,I192455969,no
Faculty of Environmental Studies York University,5,York University,I192455969,no
"Linguistics, York University",5,York University,I192455969,no
"Muscle Health Research Centre, School of Kinesiology and Health Science, York University",5,York University,I192455969,no
"NHS Centre for Reviews and Dissemination, York University, UK",5,Kleijnen Systematic Reviews (United Kingdom),I4210088647,no
"Professor Emeritus, York University",5,York University,I192455969,no
"School of Health Policy & Management, York University",5,York University,I192455969,no
"University of York, Singleton Park, Swansea, Wales SA2 8PP, United Kingdom",5,Swansea University,I39586589,no
"York Trials Unit, York University, York, UK",5,,,no
"York U., England",5,,,no
York University - Department of Political Science,5,York University,I192455969,no
York University - York Centre for Public Policy and Law,5,York University,I192455969,no
York University Faculty of Education,5,York University,I192455969,no
"York University, York, England",5,York University,I192455969,no
"Administrative Studies, York University",4,York University,I192455969,no
"Associate Professor of Political Science, York University",4,York University,I192455969,no
"Centre for Integrative and Applied Neuroscience, York University",4,Institut des Sciences Cognitives Marc Jeannerod,I4210122262,no
"Centre for Refugee Studies , York University",4,Refugee Council | York University,I4210108999 I192455969,no
"Centre for Vision Research, Department of Psychology, York University,",4,York University,I192455969,no
"Department of Anthropology , York University",4,York University,I192455969,no
Department of Biology [York],4,,,no
"Department of Civil Engineering, York University",4,York University,I192455969,no
Department of Computer Science and Engineering [York],4,,,no
"Department of Earth and Atmospheric Science, York University",4,York University,I192455969,no
"Department of Economics, York University (email: )",4,York University,I192455969,no
"Department of History , York University ,",4,York University,I192455969,no
Department of History at York University,4,,,no
Department of Physics and Astronomy York University,4,York University,I192455969,no
"Department of Psychology, University of York, USA",4,New York University,I57206974,no
"Department of Psychology, and Centre for Vision Research, York University",4,York University,I192455969,no
"Department of Sociology, York University, UK",4,Universities UK,I185658715,no
"Education, York University",4,York University,I192455969,no
Faculty of Education at York University,4,York University,I192455969,no
Faculty of Environmental Studies at York University,4,York University,I192455969,no
"Glendon Campus, York University",4,York University,I192455969,no
Health Policy Group at York University,4,York University,I192455969,no
"Humanities Division, York University",4,York University,I192455969,no
"Information Retrieval and Knowledge Management Research Lab, York University",4,York University,I192455969,no
"Institute for Social Research, York University",4,York University,I192455969,no
"Law School , York University",4,New York Law School | York University,I196677622 I192455969,no
"Osgoode Hall Law School of York University, ookafor",4,York University,I192455969,no
"Politics, York University",4,York University,I192455969,no
"Professor of Political Science, York University",4,York University,I192455969,no
"Psychology Department, York University",4,York University,I192455969,no
"School of Administrative Studies, York University , ,",4,York University,I192455969,no
"School of Disability Studies, York University",4,York University,I192455969,no
"School of Kinesiology & Health Science,York University",4,York University,I192455969,no
"Social and Political Thought, York University",4,York University,I192455969,no
"The Centre for Research on Biomolecular Interactions, York University",4,York University,I192455969,no
"U York, York, England",4,,,no
University & York University,4,York University,I192455969,no
University of York USA,4,New York University,I57206974,no
"York Biomedical Research Institute, York, United Kingdom",4,,,no
"York MRI Facility, York University",4,York University,I192455969,no
"York Structural Biology Laboratory, Department of Chemistry (York - United Kingdom)",4,,,no
"York Univ., Heslington, UK",4,,,no
"York University , York , UK",4,,,no
York University - Department of Health Sciences,4,York University | Department of Medical Sciences,I192455969 I4210128510,no
York University - Department of Psychology,4,York University,I192455969,no
York University / University of Victoria,4,University of Victoria | York University,I212119943 I192455969,no
York University UK,4,Universities UK,I185658715,no
"York University and University of Hong Kong,",4,University of Hong Kong,I889458895,no
York University and University of Victoria,4,University of Victoria | York University,I212119943 I192455969,no
"York University, Faculty of Education",4,York University,I192455969,no
"York University,Department of Electrical Engineering and Computer Science",4,York University,I192455969,no
"https://dx.doi.org/https://ror.org/04m01e293University of York, UK",4,,,no
&lt;span class=&quot;hi-italic&quot;&gt;York University&lt;/span&gt;,3,,,no
"(Department of Geography, York University)",3,Institute of Geography of the Slovak Academy of Sciences | Institute of Geography,I4210158283 I4210105409,no
"Andrea Kosavic, York University",3,York University,I192455969,no
"Anthropology, York University",3,York University,I192455969,no
"Associate Professor, Faculty of Environmental Studies, York University",3,York University,I192455969,no
"Business Administration and Economics Department , CITY College , University of York Europe Campus , Thessaloniki , Greece",3,,,no
"Business Administration and Economics Department, CITY College, University of York Europe Campus, Thessaloniki, Greece",3,,,no
"CITY Collage, University of York Europe Campus, Greece",3,,,no
"Cent. Res. Earth Space Sci., York Univ., North York, Ont. M3J 1P3, Can",3,York University,I192455969,no
"Centre for Feminist Research, York University",3,Feminist Center for Studies and Advisory Services,I4210144027,no
"Centre for Research in Experimental Space Science, York University",3,York University,I192455969,no
"Centre for Vision Research, Department of Biology, York University ,",3,York University,I192455969,no
"Centre for Vision Research, School of Kinesiology and Health Science, York University",3,York University,I192455969,no
"Centre for Vision Research, York UniversityDepartment of Biology, York University",3,York University,I192455969,no
"Department of Biology and Centre for Vision Research, York University",3,York University,I192455969,no
"Department of Biology, University of York, Heslington, York, USA",3,,,no
"Department of Biology, University of York, USA",3,New York University,I57206974,no
"Department of Chemistry, Uniersity of York, Heslington, York, UK",3,,,no
"Department of Communication Studies, York University",3,York University,I192455969,no
"Department of Communications, York University",3,York University,I192455969,no
"Department of Computer Science and Engineering, York University#TAB#",3,York University,I192455969,no
"Department of Computer Science and Engineering, York University,",3,York University,I192455969,no
Department of Geography at York University,3,,,no
"Department of History, York University,",3,York University,I192455969,no
"Department of Languages, Literatures and Linguistics, York University",3,York University,I192455969,no
Department of MathematicsUniversity of YorkEngland,3,,,no
Department of MathematicsUniversity of YorkYorkYO1 5DD,3,,,no
"Department of Psychology and The Centre for Vision Research, York University",3,York University,I192455969,no
"Department of Psychology, University of York Europe Campus, CITY College 24, Proxenou Koromila Street, 546 22 Thessaloniki, Greece",3,,,no
"Department of Psychology, York University, UK",3,Universities UK,I185658715,no
Department of Social Science at York University,3,York University,I192455969,no
"Department of Theatre, York University",3,York University,I192455969,no
"Dept. of Psychol., York Univ., UK",3,,,no
Doctor of Philosophy University of York Politics and International Relations,3,School of International Relations,I4210091705,no
"Département de science politique, York University",3,York University,I192455969,no
"Faculty of Environmental & Urban Change, York University",3,York University,I192455969,no
"Faculty of Environmental Studies, York University,",3,York University,I192455969,no
"Faculty of Liberal Arts & Professional Studies, York University",3,York University,I192455969,no
Faculty of Science & Engineering York University,3,York University,I192455969,no
"Green Chem. Group, Clean Technol. Cent., Univ. York, York YO10 5DD, UK",3,,,no
Hall Law School of York University,3,York University,I192455969,no
"Hall Law School, York University,",3,York University,I192455969,no
"Humanities Division , York University",3,University of the Humanities,I4210115363,no
"Institute for Research on Learning Technologies, York University",3,York University,I192455969,no
"Institute for Social Research , York University",3,Institute for Social Research,I4210165619,no
"Institute of Physics and Engineering in Medicine, York, UK",3,Institute of Physics | Institute of Physics and Engineering in Medicine,I115925769 I4405268927,no
"Laboratory for Industrial and Applied Mathematics, Department of Mathematics and Statistics, York University",3,,,no
"Marie Skłodowska Curie Research Fellow, York Management School, York, UK",3,,,no
"McMaster University, and Centre for Vision Research, York University",3,York University | McMaster University,I192455969 I98251732,no
"Osgoode Hall Law School of York University, srehaag",3,York University,I192455969,no
"Osgoode Hall Law School, York",3,,,no
"Post-Doctoral Visitor, Department of Politics, York University",3,York University,I192455969,no
"Professor of Law, Osgoode Hall Law School of York University",3,,,no
"Professor, Department of Geography, York University",3,Institute of Geography of the Slovak Academy of Sciences | Institute of Geography,I4210158283 I4210105409,no
"Professor, Osgoode Hall Law School of York University",3,,,no
"Quantitative Methods Program, Department of Psychology, York University",3,York University,I192455969,no
"Research Associate, York University",3,York University,I192455969,no
"School for Business and Society , , York,",3,,,no
"School of Global Health, Faculty of Health, York University",3,,,no
"Social Anthropology, York University",3,York University,I192455969,no
"South East European Research Centre (SEERC), CITY College, University of York Europe Campus, Thessaloniki, Greece",3,South East European Research Centre,I4210160097,no
"University of York Europe Campus, Greece & University of Western Macedonia, Greece",3,University of Western Macedonia,I89506807,no
Université d'York,3,,,no
"York Institute for Tropical Ecosystems, Environment Department, Wentworth Way",3,,,no
"York Univ., UK",3,,,no
York University - Department of Geography,3,York University,I192455969,no
York University - Department of Philosophy,3,York University,I192455969,no
York University - Institute for Technoscience and Society,3,,,no
York University - Osgoode Law School; Hennick Centre for Business and Law,3,York University,I192455969,no
York University Centre for Refugee Studies,3,York University,I192455969,no
York University School of Medicine,3,York University,I192455969,no
York University Tandon School of Engineering,3,York University,I192455969,no
York University and ECGI,3,,,no
"York University, Department of Chemistry",3,York University,I192455969,no
"York University, Department of Physics and Astronomy",3,York University,I192455969,no
York unversity,3,,,no
"(Hons) in Psychology, York University, 2015",2,York University,I192455969,no
", Nurse Tutor at the York and Scarborough College of Midwifery and Nursing",2,Scarborough General Hospital,I2801267896,no
". Department of Psychology, York University",2,York University,I192455969,no
". York University, Faculty of Environmental Studies",2,York University,I192455969,no
1 York University;,2,York University,I192455969,no
"1York University, Dept. of Physics and Astronomy",2,Krirk University,I3132067926,no
2 York University,2,York University,I192455969,no
"Adv. Comput. Archit. Group, York Univ., UK",2,Universities UK,I185658715,no
Assistant Professor | Fine Arts Cultural Studies York University,2,,,no
"Assistant professor, Department of Political Science, York University",2,York University,I192455969,no
"Associate Professor of Finance, York University",2,York University,I192455969,no
"Associate Professor, Department of Political Science, York University",2,York University,I192455969,no
"Associate Professor, Disaster and Emergency Management Program, York University",2,York University,I192455969,no
"Bachelor of Arts, Criminology and Political Science York University, 2019",2,York University,I192455969,no
"CITY College , University of York Europe Campus ; South East European Research Centre (SEERC) , Thessaloniki , Greece",2,South East European Research Centre,I4210160097,no
"CITY College, University of York Europe Campus, Greece",2,,,no
"Center for Research in Earth and Space Science, York University",2,York University,I192455969,no
"Center for Vision Research, Department of Psychology, York University",2,York University,I192455969,no
"Central Science Laboratory (CSL), York, UK",2,,,no
"Centre for Health Economics, University of York, York, USA",2,York University,I4210112962,no
"Centre for Health Studies, York University",2,York University,I192455969,no
"Centre for International and Strategic Studies, York University",2,York University,I192455969,no
"Centre for Research in Environment and Health, 6 Abbotsway, York, YO31 9LD, United Kingdom",2,,,no
Centre for Reviews and Dissemination; York UK,2,,,no
"Centre for Vision Research, Department of Biology, York University",2,York University,I192455969,no
"Centre for Vision Research, Department of Computer Science, York University,",2,York University,I192455969,no
"Centre for Vision Research, Vision: Science to Applications Program, Departments of Biology and Psychology, York University",2,York University,I192455969,no
"Centre for Vision ResearchDepartment of Psychology, York University",2,York University,I192455969,no
"Children's Studies, York University",2,York University,I192455969,no
City College European Campus University of York,2,"York College, City University of New York | European University",I150397245 I4210133108,no
College of York University,2,"York College, City University of New York | York University",I150397245 I4210112962,no
"Commun. Res. Group, York Univ., , UK",2,Universities UK,I185658715,no
"Communication and Media Studies, York University",2,York University,I192455969,no
Critical Disability Studies York University,2,York University,I192455969,no
Critical Disability Studies at York University,2,York University,I192455969,no
"Dance Studies, York University",2,York University,I192455969,no
"Departement of Sociology, York University",2,York University,I192455969,no
Department of ArchaeologyUniversity of York,2,,,no
"Department of Chemistry, Univeristy of York, Heslington, York, UK",2,,,no
"Department of Chemistry, University of York, Heslington, York YO10 5DD, U.K., and GlaxoSmithKline, Medicines Research Centre, Gunnels Wood Road, Stevenage SG1 2NY, U.K",2,,,no
"Department of Chemistry, University of York, York, USA",2,,,no
"Department of Chemistry, York Structural Biology Laboratory, York, YO10 5YW, UK,",2,,,no
"Department of Civil Engineering, Lassonde School of Engineering, York University",2,York University,I192455969,no
"Department of Communication Studies
York University",2,,,no
"Department of Computer Science and Engineering, York University",2,York University,I192455969,no
"Department of Computer Science, University of York, USA",2,New York University,I57206974,no
"Department of Critical Disability Studies, Department of Development Studies, Department of Music, York University",2,,,no
"Department of Design Studies at York University, and Ryerson University's",2,Toronto Metropolitan University | York University,I530967 I192455969,no
"Department of Economics, University of Windsor and York University, UK",2,,,no
Department of Electrical Engineering and Computer Science York University,2,,,no
"Department of Electrical Engineering and Computer Science, Center for Vision Research, York University",2,York University,I192455969,no
"Department of Electronics, University of York, Dallas, USA",2,University of Dallas,I182980787,no
"Department of English , York University ,",2,York University,I192455969,no
Department of English York University,2,,,no
"Department of Gender, Feminist, and Women’s Studies, York University",2,Women's and Gender Studies et Recherches Féministes | Gender Studies,I4210112977 I4210089577,no
"Department of Geography , York University ,",2,York University,I192455969,no
Department of Health SciencesUniversity of YorkYorkUK,2,Department of Medical Sciences,I4210128510,no
"Department of History York University 2140 Vari Hall , 4700 Keele Street",2,Keele University,I56007636,no
Department of History and the Faculty of Environmental Studies at York University,2,York University,I192455969,no
"Department of Languages, Literature and Linguistics , York University",2,Institute of Linguistics,I4210122877,no
"Department of Languages, Literatures and Linguistics
York University",2,York University,I192455969,no
Department of MathematicsUniversity of YorkHeslingtonYork YO1 5DD,2,,,no
Department of MathematicsUniversity of YorkHeslingtonYorkYO10 5DD,2,,,no
Department of MathematicsUniversity of YorkHeslingtonYorkYOI 5DD,2,,,no
Department of Philosophy Centre for Vision Research York University,2,Applied Visions (United States),I4210151375,no
Department of PhilosophyUniversity of York,2,,,no
"Department of Physics and Astronomy , York University , 128 Petrie",2,Astronomy and Space,I4210146430,no
"Department of Physics, York University, UK",2,Universities UK,I185658715,no
"Department of Political Science , York University ,",2,York University,I192455969,no
Department of Political Science York University,2,,,no
Department of Political ScienceYork University,2,,,no
Department of Politics at York University,2,,,no
"Department of Politics, University of York, USA",2,New York University,I57206974,no
"Department of Psychology and Centre for Refugee Studies, York University",2,Refugee Council,I4210108999,no
"Department of Psychology, CITY College, University of York Europe Campus, 54626 Thessaloniki, Greece",2,,,no
"Department of Psychology, CITY College, University of York Europe Campus, Greece",2,,,no
"Department of Psychology, City College University of York, Europe Campus  Thessaloniki Greece",2,,,no
"Department of Psychology, City College, University of York, Europe Campus, 54622 Thessaloniki, Greece",2,,,no
"Department of Psychology, City College, University of York, Europe Campus, Thessaloniki, Greece",2,,,no
"Department of Psychology, University of York Europe Campus CITY College, Thessaloniki, Greece",2,,,no
"Department of Psychology, University of York, Heslington, York, USA",2,,,no
"Department of Psychology, University of YorkYork, UK; Department of Psychology, University of SheffieldSheffield, UK",2,University of Sheffield,I91136226,no
"Department of Psychology, York University and",2,York University,I192455969,no
"Department of Psychology, York University;",2,York University,I192455969,no
"Department of Social Work, York University",2,York University,I192455969,no
"Department of Sociology
York University",2,,,no
"Department of Sociology
York University",2,,,no
"Department ofBiology , York University , 4700 Keele Street ,",2,Keele University,I56007636,no
"Departments of Biology, York University",2,York University,I192455969,no
"Departments of Psychology, Biology and Kinesiology & Health Sciences, York University",2,York University,I192455969,no
"Departments of Psychology, Biology, Kinesiology & Health Sciences, York University",2,York University,I192455969,no
"Dept. of Biology, York University",2,York University,I192455969,no
"Dept. of Comput. Sci., York Univ., , UK",2,,,no
"Dept. of Computer Science and Engineering, York University",2,York University,I192455969,no
"Dept. of Phys. & Astron., York Univ., UK",2,,,no
"Division of Humanities and School of Women's Studies,York University",2,York University,I192455969,no
"Division of Humanities, York University",2,York University,I192455969,no
Division of Social Science York University,2,York University,I192455969,no
Doctor of Philosophy University of York Arts and Creative Technologies,2,Creative Technologies (United States),I4210087747,no
Doctor of Philosophy University of York Language and Linguistic Science,2,,,no
"Département de science politique, Collège Glendon, Université York",2,York University,I192455969,no
"Electrical Engineering and Computer Science, Lassonde School of Engineering, York University",2,York University,I192455969,no
"Environmental Management York University, 2017",2,York University,I192455969,no
Faculty of Environmental and Urban Change York University,2,York University,I192455969,no
"Faculty of Graduate Studies, York University",2,York University,I192455969,no
"Geography Department, York University",2,York University,I192455969,no
"Global Strategy Lab, York University",2,Global Strategy Group,I2800106379,no
"Graduate Program in Psychology, York University",2,York University,I192455969,no
"Graduate Programme in Social and Political Thought, York University",2,York University,I192455969,no
"Hall Law School, York University",2,York University,I192455969,no
"Hall Law School, York University;",2,York University,I192455969,no
"Health & Society, York University, 2006",2,York University,I192455969,no
"History and Women's Studies, York University",2,York University,I192455969,no
"Hull York Medical School, Univeristy of York",2,Hull York Medical School,I69768126,no
"Institute for Behavioural Research, York University",2,York University,I192455969,no
"Institute for Safe Autonomy and School of Physics, Engineering and Technology, York, UK",2,,,no
"Institute for Social Research and Department of Sociology, York University*",2,York University,I192455969,no
"Institute for Space and Terrestrial Science, York University",2,York University,I192455969,no
"Institute of Railway Studies & Transport History, York, U.K",2,Institute of Transport Engineering | Tashkent State Transport University,I4210114555 I126419327,no
"Institute of Railway Studies & Transport History, York, UK",2,,,no
"Institution of Physics and Engineering in Medicine and Biology, 4 Campleshon Road, York YO2 1PE, UK",2,Institution of Engineering and Technology,I4210109553,no
Interdisciplinary Studies at York University,2,York University,I192455969,no
"International Studies, Minor in Economics, York University, 2019",2,York University,I192455969,no
"International Studies, York University",2,York University,I192455969,no
"Languages, Literatures and Linguistics, York University",2,York University,I192455969,no
"Law School, York University",2,York University,I192455969,no
"Literatures and Linguistics, York University",2,York University,I192455969,no
Master of Arts by Research University of York Law,2,,,no
"Mechanical Engineering, Lassonde School of Engineering, York University",2,York University,I192455969,no
"Muscle Health Research Center, School of Kinesiology and Health Science, York University",2,York University,I192455969,no
"Muscle Health Research Centre, School of Kinesiology and Health Science York University",2,York University,I192455969,no
"NHS Centre for Reviews and Dissemination, York University, York, U.K",2,Kleijnen Systematic Reviews (United Kingdom),I4210088647,no
"Neuroscience Research Center (NEUREC), CITY College, University of York Europe Campus, Thessaloniki, Greece",2,,,no
"Neuroscience Research Center (NEUREC), University of York Europe Campus, City College, Thessaloniki, Greece",2,,,no
"Osgoode Hall Law School of York University, ahutchinson",2,York University,I192455969,no
"Osgoode Hall Law School of York University, bryder",2,York University,I192455969,no
"Osgoode Hall Law School of York University, ewaitzer",2,York University,I192455969,no
"Osgoode Hall Law School of York University, hglasbeek",2,York University,I192455969,no
"Osgoode Hall Law School of York University, imgbeoji",2,York University,I192455969,no
"Osgoode Hall Law School of York University, jmccamus",2,York University,I192455969,no
"Osgoode Hall Law School of York University, lsossin",2,York University,I192455969,no
"Osgoode Hall Law School of York University, mjmossman",2,York University,I192455969,no
"Osgoode Hall Law School of York University, pemond",2,York University,I192455969,no
"Osgoode Hall Law School of York University, pzumbansen",2,York University,I192455969,no
"Osgoode Hall Law School of York University, sfodden",2,York University,I192455969,no
"Osgoode Hall Law School of York University, sgavigan",2,York University,I192455969,no
"Osgoode Hall Law School of York University, slawrence",2,York University,I192455969,no
"Peter Tsasis, York University",2,York University,I192455969,no
"Physics Department, York University",2,York University,I192455969,no
"Planetary Science Institute, York University",2,Planetary Science Institute | York University,I1302918504 I192455969,no
"Professor of History , York University",2,York University,I192455969,no
"Professor of Law, Georgetown University Law Center, LL.B., University of Jordan; LL.M., University of Bristol, UK; MA Philosophy, University of York, York, UK; S.J.D., Harvard Law School",2,The University of Law | Georgetown University,I4210095757 I184565670,no
"Professor, Department of Humanities, York University",2,University of the Humanities,I4210115363,no
"Professor, Faculty of Environmental and Urban Change, York University",2,York University,I192455969,no
"Président Émérite et Professeur, Université York",2,York University,I192455969,no
"Psychology Department, CITY College, University of York Europe Campus, Thessaloniki, Greece",2,,,no
Reader in Community Work York University,2,York University,I192455969,no
Research Professor of Philosophy and Psychology York University,2,York University,I192455969,no
School of Administrative Studies York University,2,,,no
"School of Disability Studies , York University",2,Living with Disability,I4210097231,no
"School of Gender, Sexuality and Women's Studies, York University",2,Gender Studies | York University,I4210089577 I192455969,no
"School of Health Policy and Management (Lexchin), York University",2,York University,I192455969,no
"School of Health Policy and Management , York University",2,Department of Health,I4210114239,no
"School of Health Policy and Management and School of Administrative Studies, York University",2,York University,I192455969,no
School of Health Policy and Management; York University,2,,,no
School of Human Resource Management York University,2,,,no
"School of Human Resource Management, York University, York, UK",2,,,no
"School of Kinesiology & Health Science, Muscle Health Research Centre, York University",2,York University,I192455969,no
School of Kinesiology and Health Science York University,2,,,no
"School of Kinesiology and Health Science and the Muscle Health Research Centre, York University",2,York University,I192455969,no
"School of Kinesiology and Health Science, Centre for Vision Research, York University",2,York University,I192455969,no
"School of Kinesiology and Health Science, Muscle Health Research Centre, York University",2,York University,I192455969,no
"School of Kinesiology and Health Science, York University, and",2,York University,I192455969,no
"School of Kinesiology and Health Sciences, York University",2,York University,I192455969,no
"School of Physics, Engineering & Technology and York Centre for Quantum Technologies,",2,Centre for Quantum Technologies,I115455960,no
"School of Public Policy and Administration, York University",2,York University,I192455969,no
"School of Translation, York University",2,York University,I192455969,no
"School of public policy and administration, York university",2,York University,I192455969,no
"School of the Arts, Media, Performance and Design, York University",2,York University,I192455969,no
Schulich School of Business – York University,2,York University,I192455969,no
"Schulich School of Business, York UniversitySchool of Management, Sabanci University",2,Sabancı Üniversitesi | York University,I134235054 I192455969,no
"Social Policy Research Unit, York University",2,York University,I192455969,no
Social Science at York University,2,Social Science Research Council | York University,I1284584826 I192455969,no
"Social Science, York University",2,York University,I192455969,no
Sociology/CERLAC York University,2,York University,I192455969,no
"South-East Essex Technical College [Grad. RIC Part II (External), 1967] and the University of York (DPhil, 1972)",2,,,no
"The Centre for Research in Mass Spectrometry, York University",2,York University,I192455969,no
"U. of York, School for Business and Society",2,,,no
UNIVERSITY and YORK UNIVERSITY,2,York University,I192455969,no
Uniuersity York,2,,,no
Univ York,2,,,no
"Univ York, Ctr Hlth Econ",2,,,no
"Univ York, Dept Phys, Heslington YO10 5DD, England; EURATOM, Culham Sci Ctr, Abingdon OX14 3DB, Oxon, England; Max Planck Inst Kernphys, D-69027 Heidelberg, Germany; Rutherford Appleton Lab, CLRC, Cent Laser Facil, Chilton OX11 0QX, England",2,Max Planck Society,I149899117,no
Univ. York (United Kingdom),2,,,no
"Univeristy of York, National Centre for Atmospheric Science, Chemistry, York, United Kingdom of Great Britain – England, Scotland, Wales (james.lee@york.ac.uk)",2,National Centre for Atmospheric Science,I4210112368,no
Universidad York,2,,,no
Universidad de York (Reino Unido),2,United Nations Industrial Development Organization,I1325620243,no
"Universidade de York,  Reino Unido",2,United Nations Industrial Development Organization,I1325620243,no
University 2006 Concurrent BEd York University 2006,2,"York College, City University of New York | York University",I150397245 I192455969,no
"University Health Centre, York University, York YO10 5DD",2,York University,I192455969,no
"University Professor Emeritus and President Emeritus, York University",2,York University,I192455969,no
University of Canterbury and York University,2,University of Canterbury | York University,I185492890 I192455969,no
"University of York , USA",2,New York University,I57206974,no
University of York Europe Campus City College,2,"York College, City University of New York",I150397245,no
"University of York, Europe Campus, Greece & University of Western Macedonia, Greece",2,University of Western Macedonia,I89506807,no
University ofYork,2,University of Uyo,I37797678,no
"Universoty of York, UK",2,,,no
Urban Studies Program in the Department of Social Science at York University,2,,,no
Valerie Preston est professeur au département de géographie de l'université de York et chercheuse principale pour le partenariat BMRC-IMRU. Rapport de recherche Le rôle des différents acteurs dans le processus d'accueil et d'intégration des immigrants au Québec,2,,,no
York Business School,2,,,no
"York Business School, UK",2,,,no
"York Health Economics Consortium Ltd.,Level 2 Market Square,University of York,York,YO10 5NH,UK",2,,,no
"York Health Economics Consortium, York University",2,York University,I4210112962,no
"York Law School, York, UK",2,,,no
"York Neuroimaging Centre, The Biocentre, York Science Park, Heslington, UK. rem@ynic.york.ac.uk",2,Science City York (United Kingdom),I4210160613,no
York Plasma Institute (United Kingdom),2,,,no
"York Plasma Institute, School of Physics, Engineering and Technology",2,Plasma Technology (United States),I4210126244,no
"York Trials Unit, Department of Health Sciences, York University, York YO10 5DD",2,York University,I192455969,no
York U. and ITESM,2,Institute on Taxation and Economic Policy,I1315649409,no
"York Uni-versity,",2,York University,I192455969,no
"York Univ., United Kingdom",2,,,no
"York Univer-sity,",2,York University,I192455969,no
York Univerity,2,,,no
"York University
Dorset Environmental Science Centre",2,York University,I192455969,no
York University (Department of Theatre and Performance Studies),2,York University,I192455969,no
York University (Department of Theatre),2,York University,I192455969,no
York University - Department of Biology,2,York University,I192455969,no
York University - Dept. of Political Science,2,York University,I192455969,no
York University - School of Kinesiology and Health Science,2,York University,I192455969,no
York University Centre for Health Economics,2,The Centre for Health (New Zealand),I4210089342,no
York University Centre for Vision Research,2,York University,I192455969,no
York University HIV Prevention Lab,2,,,no
York University Law School,2,New York Law School | York University,I196677622 I192455969,no
York University ORCID,2,York University | ORCID,I192455969 I4210142152,no
York University School of Health Policy and Management,2,York University,I192455969,no
York University School of Social Work,2,York University | University School,I192455969 I4210153792,no
"York University York, UK",2,,,no
York University and IZA,2,York University,I192455969,no
York University and Queen's University,2,Queen's University | York University,I204722609 I192455969,no
York University's School of Administrative Studies,2,York University,I192455969,no
"York University, 2011,",2,York University,I192455969,no
"York University, Department of Electrical Engineering and Computer Science",2,York University,I192455969,no
"York University, Dept. of English",2,York University,I192455969,no
"York University, Planetary Science Institute",2,Planetary Science Institute | York University,I1302918504 I192455969,no
"York University, Psychology",2,York University,I192455969,no
"York University, School of Kinesiology and Health Science",2,York University,I192455969,no
"York University, School of Nursing",2,York University,I192455969,no
"York University, UK,",2,,,no
"York University. I would like to thank the referees, Marshall Blume and Ben King, along with J. Walter Elliott and James H. Scott for commenting on previous versions; Judith Brugner and Rick Knuth for help with the computations",2,,,no
"York Univesity, Lassonde School Of Engineering",2,New School,I102179633,no
York Unviersity,2,York University,I192455969,no
b  York University,2,York University,I192455969,no
"doctoral student at York University in the Department of Gender , Feminist and Women's Studies",2,Women's and Gender Studies et Recherches Féministes | Gender Studies,I4210112977 I4210089577,no
"professor of Communications (specializing in Political Economy) at York University, James Winter, professor of Communication Studies at the",2,York University,I192455969,no
"Étudiant à la maîtrise, Université York",2,York University,I192455969,no
"
 Université de York (Angleterre)
",1,,,no
""" Assistant Professor""a | ""Fine Arts Cultural Studies "" York University",1,,,no
"#N# 3Department of Psychology, York University",1,York University,I192455969,no
"#N# Richard Grimes, Director of Clinical Programmes, York Law School, England",1,,,no
"( College Glendon , Universite York",1,,,no
"( Flacso-Ecuador) y Liisa North (Cerlac , Universidad de York",1,Facultad Latinoamericana de Ciencias Ecuador,I4210121451,no
"(Based at the Centre for Usable Home Technology, Universities of York and Newcastle, Heslington, UK)",1,,,no
"(Centre for Housing Policy, York University)",1,York University,I192455969,no
"(MC) Department of Archaeology, Universiry of York, Micklegate House, Micklegate, York YO1 1JS",1,,,no
"(Management Studies, College of Ripon and York, York, UK)",1,,,no
"(Partners of The Institute of Team Management Studies, Studies, 128 Holgate Road, York, YO2 4DL, England)",1,,,no
"(Schulich School of Business, York University, York, UK)",1,York University,I192455969,no
"(Senior member of The Institute of Team Management Studies, York England)",1,,,no
"(The Centre for Research in Earth and Space Science, York University)",1,Earth and Space Research,I4210156930,no
"(York University, York, GBR);",1,York University,I192455969,no
"(of the Department of Education, York University and Vice Chairman of the National Union of Teachers national advisory committee for University Departments and Colleges of Education)",1,,,no
") CITY College , University of York Europe Campus , Thessaloniki , Greece",1,,,no
") Department of Chemistry, Wolfson Atmospheric Chemistry Laboratories, University of 10 York, UK",1,,,no
) Dept. of Physics and Astronomy . York University &,1,Astronomy and Space,I4210146430,no
") U. York, York (United Kingdom",1,,,no
"* Formally of the Social Policy Research Unit, University of York, now Department of Social Policy and Professional Studies, University of Hull",1,University of Hull,I191240316,no
"*Department of Geography, York University",1,Institute of Geography of the Slovak Academy of Sciences | Institute of Geography,I4210158283 I4210105409,no
"*Department of Psychology, York University",1,York University,I192455969,no
"*Doctoral candidate in the Department of History, York University",1,,,no
"*Faculty of Environmental Studies, York University",1,York University,I192455969,no
"*For correspondence: Present address: Department of Biology, University of York. Mailing address: Centre for Novel Agricultural Products, Central Science Laboratory, Sand Hutton, York YO41 1LZ, UK (fax +44 1904 462374;
            e-mail",1,,,no
"*Member of the Faculty of Environmental Studies, York University",1,York University,I192455969,no
"*The author is Associate Professor, Department of Political Science, York University. He would like to thank George Szablowski and M. D. Goldrick of York University for their perceptive comments on a preliminary draft of this article",1,,,no
"*The writer gratefully acknowledges the helpful comments of E. W. Cooney, Reader in Economics, Dept. of Economics and Related Studies, University of York, and also those of an anonymous referee",1,,,no
", SKEMA Business School), the Law, Ethics and Finance Conference, York University, the EFMA Conference, and the University of Hamburg",1,Universität Hamburg | Conference Board,I159176309 I1284351223,no
"-ray Diffraction Data. Univs. of York , England, and Louvain , Belgium",1,,,no
. Information Technology of York University,1,York University,I192455969,no
. York University Department of Sociology;,1,York University,I192455969,no
1 Clarke Institute of Psychiatry.2 York University,1,Clarke University | Clark Art Institute,I128677303 I4210087176,no
"1. MA in Teaching English as a Second Language, Westcliff University, Los Angeles 2. MA in Sociology, University of York",1,Westcliff University,I4404532904,no
"165 Haxby Road, York , Y0318JL , England E-mail: N.Rowe@yorksj.ac.uk",1,,,no
"1972 Graduating Class , Osgoode Hall Law School of York University",1,,,no
"1972 Graduating Class, Osgoode Hall Law School of York University",1,,,no
"19University of York, NY;",1,New York University,I57206974,no
"1Department of Biology, York University;",1,York University,I192455969,no
"1School of Kinesiology and Health Science, York University",1,York University,I192455969,no
1University of York and Center for Hellenic Studies,1,,,no
"1University of York, Centre for Blood Research, York Biomedical Research Institute, York, United Kingdom",1,New York Blood Center,I1343675862,no
228 Behavioural Science Building York University,1,York University,I192455969,no
2Department of Political Science York University,1,York University,I192455969,no
"2School of Kinesiology and Health Science, York University;",1,York University,I192455969,no
"2Student, Hull York Medical School, Univeristy of York",1,Hull York Medical School,I69768126,no
3 #N# #N# York University,1,York University,I192455969,no
"3Department of Archaeology, The Kings Manor, York, UK Y01 7EP",1,Department of Archaeology,I4210161471,no
": Sarah E. West, Stockholm Environment Institute, Grimston House, University of York, Heslington, York, YO10 5DD, UK",1,Stockholm Environment Institute,I1340161457,no
A doctoral candidate at York University,1,York University,I192455969,no
"A nursing student, At York University",1,York University,I192455969,no
"A second-year doctoral researcher, Epidemiology and Cancer Statistics Group, York University",1,,,no
"A200 Derwent College, York University",1,,,no
"Academic, York, United Kingdom",1,,,no
"Accounting and Finance at the York Management School, University of York, USA",1,New York University,I57206974,no
"Action Learning Resources Group, York University",1,York University,I192455969,no
"Adaptive Syst. Eng. Group, York Univ., UK",1,Universities UK,I185658715,no
"Adjunct Professor, Department of Psychology, York University",1,York University,I192455969,no
Affiliations: york university[,1,York University,I192455969,no
"Alan Forrest est professeur d'histoire émérite à l'Université de York en Angleterre. Il est spécialiste de la Révolution française et de l'Empire. Parmi ses publications : Soldiers of the French Revolution (1990), Napoleon's Men (2002), Paris, the Provinces and the French Revolution (2004), The Legacy of the French Revolutionary Wars : The Nation-in Arms in French Republican Memory (2009), et Napoleon (2011). Trois livres sont traduits en français : La Révolution française et les pauvres (1986), Conscrits et déserteurs (1988), et Au service de l'Empereur (2014)",1,,,no
"Alan Forrest est professeur d’histoire émérite à l’Université de York en Angleterre. Il est spécialiste de la Révolution française et de l’Empire. Parmi ses publications : Soldiers of the French Revolution (1990), Napoleon’s Men (2002), Paris, the Provinces and the French Revolution (2004), The Legacy of the French Revolutionary Wars : The Nation-in Arms in French Republican Memory (2009), et Napoleon (2011). Trois livres sont traduits en français : La Révolution française et les pauvres (1986), Conscrits et déserteurs (1988), et Au service de l’Empereur (2014)",1,,,no
Alfa Yohanis University of York,1,,,no
"Amro Zayed is an associate professor at Department of Biology at York University, where he studies the evolutionary genomics of social insects",1,Evolutionary Genomics (United States),I4210109333,no
Amy Rossiter is a Professor in the School of Social Work at York University. Her research interests involve theorising the practice of critical social work as a way of situating social work in social justice. She is interested in expanding conceptions of critical social work through the application of critical theory and philosophical ethics to social work contexts and dilemmas,1,,,no
"Angiogenesis Research Group, Faculty of Health, York University",1,York University,I192455969,no
"Anthropologue, professeure associée, Département d'Anthropologie, Université de York",1,Laboratoire d'Anthropologie Sociale,I4210149539,no
"Anthropologue, professeure associée, Département d’Anthropologie, Université de York",1,Laboratoire d'Anthropologie Sociale | Institute for Anthropological Research,I4210149539 I4210088013,no
"Anthropology , York University",1,York University,I192455969,no
"Archaeology Data Service , York University",1,York University,I192455969,no
"Archaeology Data Service, York University",1,Department of Archaeology,I4210161471,no
"Area of Organization Studies, Schulich School of Business, York University",1,York University,I192455969,no
"Ariane Mildenberg has been awarded her PhD at the University of York in 2004. Her thesis examines the related patterns between phenomenology and aesthetic production in selected works of V. Woolf, G. Stein, and W. Stevens. Particular emphasis on philosopher Edmund Husserl’s concept of phenomenological reduction and Maurice Merleau-Ponty’s refinement thereof creates an interpretive foundation from which to articulate the Modernists’ aesthetic inquiries. She has published on Woolf and Cézanne",1,,,no
"Art History and Visual Culture , York University",1,School of Visual Arts,I83740829,no
"Arts and Letters, Atkinson Faculty, York University",1,York University,I192455969,no
"Assistant Director, Education, York and Scarborough College of Midwifery and Nursing",1,Scarborough General Hospital,I2801267896,no
"Assistant Professor & Coordinator, Communications Program , York University ,",1,,,no
"Assistant Professor & Coordinator, Communications Program, York University,",1,York University,I192455969,no
Assistant Professor (Criminology)Department of Social ScienceYork University,1,,,no
"Assistant Professor York University , Geography",1,Institute of Geography of the Slovak Academy of Sciences | Institute of Geography,I4210158283 I4210105409,no
"Assistant Professor in Social Science, York University",1,York University,I192455969,no
Assistant Professor in the Faculty of Environmental Studies at York University. He is the author of Nature and the Crisis of Modernity: A Critique of Contemporary Discourse on Managing the Earth (1994) and The Oceans Are Emptying: Fish Wars and Sustainability (1995),1,,,no
Assistant Professor of Accounting at York University’s School of Administrative Studies,1,York University,I192455969,no
"Assistant Professor of Education, York University",1,York University,I192455969,no
"Assistant Professor, Critical Disability Studies, York University",1,York University,I192455969,no
"Assistant Professor, Department of Communication Studies, York University",1,York University,I192455969,no
"Assistant Professor, Department of Geography, York University",1,Institute of Geography of the Slovak Academy of Sciences | Institute of Geography,I4210158283 I4210105409,no
"Assistant Professor, Department of Political Science, York University, and Acting Director, York Centre for International and Security Studies",1,York University,I192455969,no
"Assistant Professor, Disaster and Emergency Management, York University",1,York University,I192455969,no
"Assistant Professor, Division of Social Science, Faculty of Environmental Studies , York University",1,York University,I192455969,no
"Assistant Professor, Division of Social Science, Faculty of Environmental Studies, York University",1,York University,I192455969,no
"Assistant Professor, Faculty of Administrative Studies, York University",1,York University,I192455969,no
"Assistant Professor, Finance Area, Schulich School of Business, York University",1,York University,I192455969,no
"Assistant Professor, History, York University",1,York University,I192455969,no
"Assistant Professor, School of Nursing, York University",1,York University,I192455969,no
"Assistant professor of philosophy , York University",1,York University,I192455969,no
"Assistant professor of philosophy, York University",1,York University,I192455969,no
"Associate Director of Centre for International and Security Studies , York University",1,York University,I192455969,no
"Associate Director, York University Research Programme in Strategic Studies",1,York University,I192455969,no
"Associate Professor
Faculty of Environmental Studies
York University",1,York University,I192455969,no
"Associate Professor
School of Nursing
York University",1,York University,I192455969,no
"Associate Professor 
Faculty of Education, York University",1,York University,I192455969,no
Associate Professor School of Health Policy and Management York University,1,York University,I192455969,no
"Associate Professor at the School of Social Work, York University",1,York University,I192455969,no
"Associate Professor in the Department of Sociology at York University. She is the author of Thinking Through: Essays on Feminism, Marxism and Anti-racism (Women's Press, 1995) and co-editor of Returning the Gaze: Essays on Racism, Feminism and Politics (Sister Vision, 1992). Her current research interests include feminist theory, issues of anti-racism and representation, and political theory",1,,,no
"Associate Professor in the Department of Sociology at York University. She is the author of Thinking Through: Essays on Feminism, Marxism and Anti-racism (Women’s Press, 1995) and co-editor of Returning the Gaze: Essays on Racism, Feminism and Politics (Sister Vision, 1992). Her current research interests include feminist theory, issues of anti-racism and representation, and political theory",1,,,no
Associate Professor in the School of Health Policy and Management at York University,1,York University,I192455969,no
"Associate Professor of Ancient Greek and Latin, York University",1,York University,I192455969,no
"Associate Professor of Finance and Area Coordinator, School of Administrative Studies , York University",1,York University,I192455969,no
Associate Professor of Humanities at York University,1,York University,I192455969,no
"Associate Professor of Political Science , York University",1,York University,I192455969,no
"Associate Professor of Psychology, York University",1,York University,I192455969,no
"Associate Professor of Social Science, York University",1,York University,I192455969,no
"Associate Professor of Social Work, York University",1,York University,I192455969,no
Associate Professor of Sociology at York University,1,York University,I192455969,no
"Associate Professor, Cinema and Media Studies, York University",1,York University,I192455969,no
"Associate Professor, Department of Political Science, York University; Acting Director, York University Research Programme in Strategic Studies",1,,,no
"Associate Professor, East European Jewry and Holocaust Studies, York University",1,,,no
"Associate Professor, Faculty of Administrative Studies, York University",1,York University,I192455969,no
"Associate Professor, Faculty of Environmental and Urban Change, York University",1,,,no
"Associate Professor, Quantitative Methods, Faculty of Health - Department of Psychology, York University",1,Quantitative BioSciences,I4210098931,no
"Associate Professor, School of Kinesiology and Health Science, York University",1,York University,I192455969,no
"Associate Professor, School of Nursing , York University",1,New York University | York University,I57206974 I192455969,no
"Associate Professor, School of Nursing, Faculty of Health,  York University",1,York University,I192455969,no
"Associate Professor, School of Nursing, York University",1,York University,I192455969,no
"Associate Professor, School of Public Policy and Administration at York University",1,York University,I192455969,no
"Associate Professor, York University, Department of Social Science, Law and Society Program",1,York University,I192455969,no
Associate professor in the Department of Psychology at York University,1,York University,I192455969,no
"Associate professor of business and public policy, Faculty of Administrative Studies, York University",1,York University,I192455969,no
Associated with the Committee on Research in Dance and will be guest lecturer at York University,1,,,no
"Astronautics and Robotics Laboratory (ASTRO Lab), Department of Earth and Space Science and Engineering, York University",1,,,no
"Atmospheric Science,York University,4700 Keele Str",1,York University,I192455969,no
"Augmented Reality Lab, Department of Film, Faculty of Fine Arts, York University",1,York University,I192455969,no
"Authors' Affiliations: School of Nursing, Faculty of Health, York University (Dr Steele)",1,York University,I192455969,no
"BA, MA CULTURAL HERITAGE MANAGEMENT, UNIVERSITY OF YORK, UK",1,,,no
Bachelor of Health Studies-Specialized Honours in Health Management (Cum Laude) from the School of Health Policy and Management at York University,1,,,no
Barrister & Solicitor York University,1,York University,I192455969,no
"Based at the Centre for Usable Home Technology, Universities of York and Newcastle, Heslington, UK",1,,,no
"Baycrest Health Sciences (Moser); Département de médecine familiale et communautaire (Moser); Département de politiques et d’interventions sociales (Liu), Université d’Oxford, Oxford, R.-U.; Département de sociologie (Armstrong), Université York; Faculté de médecine (Schwandt), École de la santé publique et des populations, et Département de pratique familiale (McGregor), Université de la Colombie-Britannique; Faculté de médecine de Harvard (Liu), Boston, Mass.; ICES Central (Maxwell, Bronskill); Institut de politiques, de gestion et d’évaluation de la santé (Bronskill, Dhalla), École de santé publique Dalla Lana, et Département de médecine (Dhalla), Université de Toronto; Unity Health Toronto (Dhalla), Toronto, Ont.; Vancouver Coastal Health (Schwandt); Vancouver, C.-B; Écoles de pharmacie, de santé publique et de système de santé (Maxwell), Université de Waterloo, Waterloo, Ont",1,Baycrest Academy for Research and Education,I4405258058,no
Big Data Analytics Program York University,1,Beijing Institute of Big Data Research,I4210096250,no
"Big Data Analytics Program, York University",1,York University,I192455969,no
"Bill Freund was a visiting lecturer at the University of Dar es Salaam in 1979 and currently lectures in History at Harvard University. He would like to thank the Centre for Southern African Studies, University of York, for their valuable comments in Seminar and also Dave Hemson, whose assistance in conceptualizing this paper was substantial. This paper reflects Tanzanian conditions as of early 1980",1,University of Dar es Salaam,I182078086,no
"BioArCh, Department of Archaeology, Wentworth Way, Heslington, York, YO10 5NG, UK",1,,,no
"BioArch - Departments of Archaeology [York] (King's Manor, York, YO1 7EP - Royaume-Uni)",1,The King's College,I144852770,no
"Biologically Inspired Sensors and Actuators, York University",1,York University | Sensors (United States) | Inspire,I192455969 I4210090800 I4210123353,no
"Biology, York University",1,York University,I192455969,no
"Biomedical Science (Honours) , York University , 2019",1,,,no
Biomedical tissue research laboratory York Univeristy Biology department,1,,,no
"Borthwick Institute for Archives, York,",1,,,no
"British Aerosp. Dependable Comput. Syst. Centre, York Univ., UK",1,Universities UK,I185658715,no
Bruce Smardon is a Course Director and Ph.D. candidate in the Department of Political Science at York University,1,York University,I192455969,no
"Burnholme School, York, England",1,Newholme Hospital,I4210138824,no
"Business Administration &amp; Economics Department, CITY College, University of York Europe Campus, Thessaloniki, Greece",1,,,no
"Business Administration and Economics Department , CITY College , University of York Europe Campus , South East European Research Centre (SEERC) , Thessaloniki , Greece",1,South East European Research Centre,I4210160097,no
"Business Administration and Economics Department , City College, University of York Europe Campus , Thessaloniki , Greece",1,,,no
"Business Administration and Economics Department, CITY College University of York  Thessaloniki Greece",1,Hellenic Agency for Local Development and Local Government,I4210106481,no
"Business Administration and Economics Department, CITY College, University of York, 546 26 Thessaloniki, Greece",1,,,no
"Business Administration and Economics Department, CITY College, University of York, Thessaloniki, Greece",1,,,no
"Business Administration and Economics Department, City College , University of York Europe Campus , Thessaloniki , Greece",1,,,no
"Business Administration and Economics Department, City College, University of York Europe Campus",1,,,no
"Business Administration and Economics Department, University of York City College Europe Campus , Thessaloniki , Greece",1,,,no
"Business Administration and Economics Department, University of York Europe Campus, City College, Thessaloniki, Greece",1,,,no
"Business Administration and Economics Department, University of York Europe Campus, City College; South-East European Research Centre (SEERC), Thessaloniki, Greece",1,South East European Research Centre,I4210160097,no
"Business Law, York University",1,York University,I192455969,no
"Business and Economics Department, University of York, Europe Campus, CITY College, Thessaloniki, Greece",1,,,no
"Business, York University",1,York University,I192455969,no
"C, Jubilee Hills, Hyderabad 500033, India.4The York Management School, University of York, YO10 5DD York, United Kingdom.*Corresponding author: corrado.topi@sei.org",1,,,no
CERLAC York University,1,York University,I192455969,no
"CERN-ISOLDE (J. Van de Walle) GANIL (E. Clément , G. de France) Univ. Liverpool (P.A. Butler , M. Scheck) Univ. York (D.G. Jenkins ) Spokespersons: A. Görgen (Saclay) , S. Siem (Oslo )",1,,,no
CITY College University of York  Thessaloniki Greece,1,Hellenic Agency for Local Development and Local Government,I4210106481,no
CITY College University of York Europe Campus  Thessaloniki 546 22 Greece,1,,,no
CITY College University of York Europe Campus  Thessaloniki Greece,1,,,no
"CITY College, U. of York Europe Campus",1,,,no
"CITY College, University of York Europe Campus Business Administration and Economics Department, , Thessaloniki, , and Hellenic Ministry of Maritime Affairs and Insular Policy, Directorate for Maritime Investments and Sea Tourism, Piraeus, Greece",1,,,no
"CITY College, University of York Europe Campus Thessaloniki Greece",1,,,no
"CITY College, University of York Europe, 546 26 Thessaloniki, Greece",1,,,no
"CITY College, University of York, Europe Campus, Thessaloniki 54622, Greece; University of Western Macedonia, Florina 53100, Greece. Electronic address: kmegari@psy.auth.gr",1,University of Macedonia | University of Western Macedonia,I192756129 I89506807,no
"CITY College, University of York, Europe Campus,Department of Psychology,Thessaloniki,Greece",1,,,no
"CITY College, University of York, Thessaloniki, Greece",1,,,no
"CITY College- University of York Europe Campus- Thessaloniki- Greece, Department of Psychology, Thessaloniki, Greece",1,Hellenic Agency for Local Development and Local Government,I4210106481,no
"CInqM Clnqpm CLR CMR Borthwick Institute of Historical Research, York",1,,,no
"Cancer Research Unit, York University, York, U.K",1,Yorkshire Cancer Research,I2801288256,no
"Candidat à la maîtrise, Osgoode Hall Law School, Université York",1,York University,I192455969,no
"Candidate, Science and Technology Studies, York University",1,York University,I192455969,no
"Carole Smith gained a Sociology degree from London University in 1970, followed by an M.Phil, in Social Work from the University of York in 1972. She then joined the Social Work Department at Leeds General Infirmary where she worked for just over two years. At the beginning of October 1974 she began work with Dr. Barnardo's in a research/evaluation capacity. She has written several articles on social work theory and areas related to medical social work",1,Barnardo's,I69886205,no
"Cent. Atmosph. Chem., York Univ., North York, Ont. M3J 1P3, Can",1,York University,I192455969,no
"Center (online) , the University of Sydney and the University of York , Ontario",1,York University,I192455969,no
"Center for Continuing Education, York University",1,York University,I192455969,no
"Center for Disease Modelling, Mathematics and Statistics, York University",1,York University,I192455969,no
"Center for Refugee Studies, York University",1,Refugee Council,I4210108999,no
Center for Refugee Studies-York University,1,Refugee Council,I4210108999,no
Center for Research in Experimental Space Science York University,1,,,no
"Center for Vision Research , York University ;",1,Applied Visions (United States),I4210151375,no
"Center for Vision Research, School of Kinesiology and Health Science, York University",1,York University,I192455969,no
"Center for Visual Research, York University",1,York University,I192455969,no
"Center of Vision Research (CVR), York University",1,York University,I192455969,no
"Centre for Anatomical &amp; Human Sciences, Department of ArchaeologyUniversity of YorkYorkUnited Kingdom",1,,,no
Centre for Anatomical &amp; Human SciencesHull York Medical School University of YorkYorkUnited Kingdom,1,Hull York Medical School,I69768126,no
Centre for Applied Sustainability at York Umversity,1,Sustainability Institute | Institute for Sustainability,I4210095073 I4210148180,no
"Centre for Atmospheric Chemistry , York University , Ray et al",1,York University,I192455969,no
"Centre for Atmospheric Chemistry and Department of Chemistry, York University",1,York University,I192455969,no
"Centre for Clean Technology, Heslington, York, YO10 5DD, UK",1,,,no
"Centre for Defence Econ., York Univ., , UK",1,,,no
"Centre for Defence Econ., York Univ., UK",1,Universities UK,I185658715,no
"Centre for Defence Economics, University of York, YO10 5DD, UK ; Manchester Institute of Innovation Research, Manchester Business School, UK",1,,,no
Centre for Digital Arts & Technology at York University,1,,,no
Centre for Disease Modeling York University,1,York University,I192455969,no
"Centre for Disease Modeling, York University",1,Institute for Disease Modeling,I4210161647,no
"Centre for Disease Modelling (CDM), Mathematics Statistics, York University",1,York University,I192455969,no
"Centre for Evidence Based Nursing, Department of Health Studies, University of York, USA",1,Evidence Based Research (United States),I4210114651,no
Centre for Feminist Research - York University,1,Feminist Center for Studies and Advisory Services,I4210144027,no
"Centre for Health Economics , York , UK",1,,,no
"Centre for Health Economics , York, England, United Kingdom",1,York Teaching Hospital NHS Foundation Trust,I4210113900,no
"Centre for Health Economics and Department of Health Sciences and Clinical Evaluation, York, YO1 5DD",1,Department of Medical Sciences,I4210128510,no
"Centre for Health Economics and Department of Health Studies, York University",1,The Centre for Health (New Zealand),I4210089342,no
Centre for Health Economics at the University of York U.S.A,1,The Centre for Health (New Zealand),I4210089342,no
"Centre for Health Economics, University YorkYork YO1 5DD",1,,,no
"Centre for Health Economics, University of York, USA",1,,,no
"Centre for Health Economics, York University, York YO1 5DD",1,York University,I192455969,no
"Centre for Health Economics, York University, York YO10 5DD,",1,York University,I192455969,no
"Centre for Health Economics, York, UK, UK",1,,,no
"Centre for Health Economics, York, United Kingdom;",1,,,no
Centre for Health EconomicsUniversity of YorkU.K,1,The Centre for Health (New Zealand),I4210089342,no
"Centre for Health Studies and Graduate Programme in Psychology, York University",1,York University,I192455969,no
"Centre for Health Studies and Graduate Programme in Psychology, York University; Institute of Physiology, University of Glasgow and Graduate Programme in Psychology and Centre for Health Studies, York University",1,,,no
"Centre for Housing Policy, York University",1,York University,I192455969,no
"Centre for Immunology and Infection, Department of Biology, York, UK",1,,,no
"Centre for Immunology and Infection, Department of Biology, York, YO10 5DD, UK",1,,,no
"Centre for Immunology and Infection, Hull York Medical School and Department of Biology, York University , York ,",1,Hull York Medical School,I69768126,no
"Centre for Immunology and Infection, Hull York Medical School and Department of Biology, York University, York, United Kingdom",1,Hull York Medical School,I69768126,no
"Centre for Indigenous Knowledges and Languages, York University",1,,,no
"Centre for International and Strategic Studies , York University",1,York University,I192455969,no
"Centre for International and Strategic Studies, York University, UK",1,,,no
"Centre for Lifelong Learning, York University",1,York University | Centre for Life,I192455969 I2802983449,no
"Centre for Medieval Studies , University of York , USA",1,,,no
"Centre for Medieval Studies, King's Manor, York",1,,,no
"Centre for Medieval Studies, The King’s Manor, York, UK",1,,,no
"Centre for Medieval Studies, University of York, USA",1,Dutch Research School for Medieval Studies,I4210126953,no
"Centre for Refugee Studies , York University , © 2010",1,York University,I192455969,no
Centre for Refugee Studies York University,1,Refugee Council,I4210108999,no
"Centre for Refugee Studies, York University and Refugee Law Judges Training",1,Refugee Council | York University,I4210108999 I192455969,no
"Centre for Refugee Studies, York University, UK",1,,,no
"Centre for Refugee Studies, York University, and the Division of Humanities,",1,York University,I192455969,no
"Centre for Refugee Studies, York University, © 2010",1,Refugee Council,I4210108999,no
"Centre for Refugee Studies, York University;",1,Refugee Council | York University,I4210108999 I192455969,no
"Centre for Research in Earth and Space Science, York University,
",1,York University,I192455969,no
"Centre for Research in Environment and Health, 6 Abbotsway, YO31 9LD, York, UK",1,,,no
"Centre for Research in Experimental Science and Department of Physics, York University",1,York University,I192455969,no
"Centre for Research in Experimental Space Science and Department of Physics, York University",1,York University,I192455969,no
"Centre for Research in Health and Development , York ,",1,Centre for Research and Development,I4210165872,no
"Centre for Research in Health and Development, Amos Drive, York, United Kingdom",1,,,no
Centre for Research in Health and Development; York UK,1,,,no
"Centre for Research on Biomolecular Interactions, York University",1,York University,I192455969,no
"Centre for Reviews Dissemination, York, UK",1,,,no
"Centre for Reviews and Dissemination (CRD), York, UK",1,,,no
"Centre for Reviews and Dissemination University of York, USA",1,Kleijnen Systematic Reviews (United Kingdom),I4210088647,no
"Centre for Reviews and Dissemination, York University, York, North Yorkshire, United Kingdom",1,,,no
"Centre for Reviews and Dissemination, York, United Kingdom",1,Kleijnen Systematic Reviews (United Kingdom),I4210088647,no
"Centre for Southern African Studies , York University , UK",1,,,no
"Centre for Southern African Studies, York University, UK",1,,,no
"Centre for Sustainability Accounting (CenSA) York, UK",1,,,no
"Centre for Sustainability Accounting (CenSA), Innovation Centre, Innovation Way, York Science Park , York, YO10 5DG,  UK",1,,,no
"Centre for Sustainability Accounting (CenSA)York, UK",1,,,no
"Centre for Sustainability Accounting (CenSA) York, UK ",1,,,no
"Centre for Sustainability Accounting, Innovation Centre, Innovation Way, York Science Park, York, YO10 5DG, UK",1,,,no
"Centre for Vision Research & Dept. of Electrical Engineering and Computer Science, York University",1,York University,I192455969,no
"Centre for Vision Research (CVR) and Vision: Science to Applications (VISTA), York University",1,York University,I192455969,no
Centre for Vision Research York University,1,Applied Visions (United States),I4210151375,no
"Centre for Vision Research and Centre for Integrative and Applied Neuroscience, York University",1,York University,I192455969,no
"Centre for Vision Research and Dept. of Psychology, York University",1,York University,I192455969,no
"Centre for Vision Research, Department of Computer Science, York University",1,York University,I192455969,no
"Centre for Vision Research, Psychology, York University",1,York University,I192455969,no
"Centre for Vision Research, York University,",1,York University,I192455969,no
"Centre for Vision Research, York University, and Department of Computer Science",1,York University,I192455969,no
"Centre for Vision Research, York UniversityDept. of Electrical Engineering and Computer Science, York University",1,York University,I192455969,no
"Centre for Vision Research, York UniversityDept. of Psychology, York University",1,York University,I192455969,no
Centre for Vision ResearchYork University,1,,,no
"Centre for Vision Research\Department of Psychology, York University",1,Applied Visions (United States),I4210151375,no
"Centre for Women's Studies , York University",1,York University,I192455969,no
"Centre for Women's Studies, York University",1,Centre for Women's Development Studies,I4210149184,no
"Centre for the Study of Computers in Education, Faculty of Education, York University, 4700 Keele St., North York, ON M3J 1P3",1,York University,I192455969,no
"Centre of Excellence for Research on immigration and Settlement , York University",1,,,no
"Centre of Excellence in Artificial Intelligence for Public Health, York University",1,Artificial Intelligence in Medicine (Canada),I4210164862,no
"Centre of Excellence in Mass Spectrometry, University of York, New York, United States",1,,,no
"Centrejor Rtsearclt in Experi~ne~ltcil Spcrce Science , York Uniuersitj~ , Dorvnsuierv. Ot~torio",1,,,no
"Centrejor Rtsearclt in Experi~ne~ltcil Spcrce Science, York Uniuersitj~, Dorvnsuierv. Ot~torio",1,,,no
"Centro de Economía de la Salud, Universidad de York, York, Reino Unido",1,United Nations Industrial Development Organization,I1325620243,no
"Centro para la Economía Sanitaria, Universidad de York, York, Reino Unido",1,United Nations Industrial Development Organization,I1325620243,no
Chancellor of Sow York University,1,Chancellor University,I4210161757,no
"Chem. Dep., York Univ., North York, Ont., Can. M3J 1P3",1,York University,I192455969,no
"Chen Mei Hua est sur le point de conclure un phd (thèse de doctorat) au Centre for Women's Studies à l'université de York. Sa thèse porte sur la prostitution à Taïwan. En tant que sociologue féministe, elle participe depuis plusieurs années au Mouvement des Femmes Taïwanaises. Avant de travailler sur la prostitution, elle s'est intéressée à la question des mères porteuses à Taïwan, ainsi qu'à la question de l'avortement. Elle a, entre autres, publié sur ces questions : (2003), ""Right to sex work"", Annual Report of Human Rights in Taïwan 2003, Taipei : Taïwan Association for Human Rights",1,,,no
"Chercheur postdoctoral, 
          Université York",1,National Postdoctoral Association | York University,I4210104914 I192455969,no
"Chercheur postdoctoral, York University",1,York University,I192455969,no
"Chercheure à l'unité de recherche en politique sociale (Social Policy Research Unit) de l'université de York. Elle dirige une étude, financée par le ministère britannique de l'Emploi et des Pensions (Department for Work and Pensions), sur les politiques de l'emploi spécialisées en faveur des personnes handicapées",1,,,no
"Chercheure à l’unité de recherche en politique sociale (Social Policy Research Unit) de l’université de York. Elle dirige une étude, financée par le ministère britannique de l’Emploi et des Pensions (Department for Work and Pensions), sur les politiques de l’emploi spécialisées en faveur des personnes handicapées",1,,,no
"Chercheuse au Centre for Health Economics, université de York (Royaume-Uni). Ses travaux portent notamment sur la prise en charge des personnes âgées, sur les déterminants des habitudes de prescription des médecins et sur le traitement du psoriasis",1,,,no
"Cherni.sri.y. Unirersity of York, Heslington, Y o I . ~, Englcirzil YO1 5DD",1,,,no
"Chief Compliance Officer at Manulife Wealth and Adjunct Professor, Corporate Governance, York University",1,York University,I192455969,no
"Children, Childhood and Youth, Department of Humanities, York University",1,York University,I192455969,no
Christopher Armstrong is associate professor of history at York Univeristy,1,,,no
"Cinema and Media, York University",1,York University,I192455969,no
"City College , University of York Europe Campus , Leontos Sofou 3 Thessaloniki , 546 26 Greece",1,,,no
City College University of York Europe campus  Thessaloniki Greece,1,,,no
City College University of York Europe campus Thessaloniki Greece; Greek Association of Alzheimer's Disease and Related Disorders Thessaloniki Greece,1,Greek Association of Alzheimer's Disease and Related Disorders,I4210157362,no
"City College, University of York, Greece & University of Western Macedonia,Greece",1,University of Western Macedonia,I89506807,no
"Clinical Liaison Officers, NHS Centre for Reviews and DisseminationYork University, HeslingtonYork, Y01 5DD, Tel: 01904 434551/2",1,,,no
"Clinical Programmes, Northern Centre for Mental Health, York University",1,Centre for Mental Health,I33618826,no
"Clinical Psychology Graduate Program, York University",1,New York University,I57206974,no
"Clinical-Developmental Psychology, York University",1,York University,I192455969,no
"Co-Director, based at Centre for Usable Home Technologies, Universities of Newcastle and York, Newcastle and York, UK",1,Newcastle University,I84884186,no
"College Glentlon, York University",1,York University,I192455969,no
"College, York U, philosophy of religion,",1,,,no
"Commun. Group, York Univ., UK",1,Universities UK,I185658715,no
"Communication and Culture Program
York University",1,York University,I192455969,no
"Communication and Culture, York University",1,York University,I192455969,no
"Communication and Culture, York University and the European Graduate School",1,European Graduate School,I92924379,no
"Communications Group, Department of Electronics, University of York, USA",1,,,no
"Communications Research Group, University of York, York, Brazil",1,,,no
"Computer Science Department, CITY College, University of York Europe Campus, 546 26 Thessaloniki, Greece",1,,,no
"Computer Science and Engineering Department ,York University",1,York University,I192455969,no
"Consultant Orthopaedic Trauma Surgeon, Department of Trauma & Orthopaedics, James Cook University Hospital, Middlesbrough TS4 3BW, UK and Research Associate, York Trials Unit, Department of Health SciencesUniversity of York Seebohm Rowntree Building, York, YO10
5DD, UK",1,James Cook University Hospital,I2801184099,no
"Contract Faculty, Department of Equity Studies, York University",1,,,no
Contract faculty ISNI: 0000000419369430 York University,1,,,no
"Contribution from the York Green Chemistry Group, Chemistry Department, University of York, Heslington, York YO10 5DD, U.K., Centre for Green Chemistry, School of Chemistry, Monash University, Clayton, Melbourne, 3800 Victoria, Australia, and School of Chemistry, University of Leeds, Leeds, LS2 9JT, U.K",1,University of Leeds,I130828816,no
"Core Member of the Institute for Research on Digital Learning, York University",1,York University,I192455969,no
"Correspondence: Karen S. Acton, Consultant for Learning for a Sustainable Future (LSF), 343 York Lanes, York University, 4700 Keele Street, North York, ON M3J 1P3",1,York University,I192455969,no
"Coura_t I_t_YEute of Mathematical Science, N_, York Unive_y",1,,,no
"Course Director, International Studies, York University",1,York University,I192455969,no
Critical Disability Studies  York University,1,York University,I192455969,no
"Critical Disability Studies , Faculty of Health , York University",1,,,no
Critical Disability Studies Program. York University,1,York University,I192455969,no
"Critical Disability Studies, York University)",1,York University,I192455969,no
"Critical Research Laboratory in Law & Society , Osgoode Hall Law School , York University",1,,,no
"Critical Research Laboratory in Law & Society, Osgoode Hall Law School, York University",1,,,no
"Critical Research Laboratory in Law & Society/Graduate Fellow , Nathanson Centre For Crime , Human Rights and Security , York University &",1,,,no
"Ctr. for Vision Research, York Univ",1,Applied Visions (United States),I4210151375,no
"Currently Lecturer in English Language Teaching in the School of Education, University of Leeds, working with teachers from Britain and overseas. She has an MA from the University of York and is working towards a PhD in the development of metaphor in children. She has taught English as a first, second, and foreign language in Tanzania and the UK, and has trained primary teachers for mother tongue education and TESOL in the UK, Malta, and Norway",1,University of Leeds,I130828816,no
"Cyprus University of Technology & University of York, Cyprus, Cyprus",1,University of Cyprus | Cyprus University of Technology,I34771391 I163151358,no
"D. diss., Department of Music, York University, 2000)",1,,,no
"Dalhousie University's Schulich School of Law , York University's Osgoode",1,Dalhousie University,I129902397,no
Dance Department at York University,1,Pace University,I126863827,no
"Danish Centre for Health Economics, Department of Public Health, University of Southern Denmark, Campusvej 55, Odense M, DK 5230, Denmark; Department of Economics and Related Studies, University of York, Alcuin College Block D, Alcuin Way, Heslington, York, YO10 5DD, United Kingdom. Electronic address: luigi.siciliani@york.ac.uk",1,,,no
De-partment of Political Science at York University and an adjunct profes-sor of Political Science at the University of Victoria,1,University of Victoria,I212119943,no
"Dean, Faculty of Graduate Studies ; Professor, Department of Psychology , York University",1,,,no
Demonstrator in Biology in the Yorkshire College,1,,,no
"Dep. Chem., York Univ., North York, Ont. M3J 1P3",1,York University,I192455969,no
"Deparfmenf of Chemisfry, York University",1,,,no
Deparment of Archaeology &amp; Hull York Medical School University of YorkYORKUnited Kingdom,1,Hull York Medical School,I69768126,no
Depart. of Social Science - Business e Society Program / Faculty of Liberal Arts e Professional Studies / York University,1,,,no
"Departamento de Ciencias Políticas, Universidad de York",1,,,no
"Departamento de Ecologia, Instituto de Biologia, Universidade Federal do Rio de Janeiro, CEP 21941-590, RJ, Brazil; University of York, Department of Biology, Heslington, York YO10 5DD, United Kingdom",1,,,no
"Departeman of Biology, Faculty of Science, York University",1,Coleman University,I2799712389,no
Departement d'archéologie Université de York,1,,,no
"Department Mathematics and Statistics, York University",1,York University,I192455969,no
Department and the Centre for Women's Studies at York University,1,Centre for Women's Development Studies,I4210149184,no
"Department o f Chetnrstr~, York U n ~i ersltj, Doir>n~~le,i , Ont , Cutzada 1M3J IP3",1,,,no
"Department of Anthropology , York University ,",1,York University,I192455969,no
Department of Anthropology York University,1,,,no
Department of Anthropology at York University,1,,,no
Department of Archaelogy University of York  New York UK,1,Department of Archaeology,I4210161471,no
Department of Archaeology DS/112 · PalaeoHub · Campus West · York YO10 5DD,1,Department of Archaeology,I4210161471,no
Department of Archaeology University of YorkYorkUnited Kingdom,1,,,no
"Department of Archaeology, BioArch Environment, Wentworth Way, York YO10 5NG, United Kingdom",1,,,no
"Department of Archaeology, King's Manor, York YO1 7EP, UK",1,King's College Hospital,I4210153400,no
"Department of Archaeology, King's Manor, York, Y01 7EP, UK",1,York Archaeological Trust | King's College Hospital,I2800889407 I4210153400,no
"Department of Archaeology, King's Manor, York, YO1 7EP Email:",1,The King's College,I144852770,no
"Department of Archaeology, King’s Manor, York YO1 7EP, UK",1,King's College Hospital,I4210153400,no
"Department of Archaeology, King’s Manor, York, YO1 7EP Email:",1,Department of Archaeology,I4210161471,no
"Department of Archaeology, The King's Manor, YO1 7EP, York, UK",1,York Archaeological Trust,I2800889407,no
Department of ArchaeologyUniversity of YorkKing's Manor York YO1 7EPUK Email:,1,Department of Archaeology,I4210161471,no
Department of ArchaeologyUniversity of YorkKings ManorExhibition SquareYork YO1 7EPUK Email:,1,,,no
Department of ArchaeologyUniversity of YorkThe King's ManorYork YO1 7EPE-mail: arh1@york.ac.ukhkk1@york.ac.uk,1,Department of Archaeology,I4210161471,no
Department of Art History York University,1,,,no
"Department of Bbiology, York University",1,York University,I192455969,no
"Department of Biology & Centre for Vision Science, York University",1,York University,I192455969,no
Department of Biology University of YorkUK,1,,,no
Department of Biology York University Heslington UK,1,,,no
"Department of Biology and Centre for Vision Research, York University;",1,Applied Visions (United States),I4210151375,no
"Department of Biology and Muscle Health Research Centre, York University",1,York University,I192455969,no
"Department of Biology and Tropical Marine Research Unit , P.O. Box 373, York , YO1 5YW , UK",1,,,no
"Department of Biology and Tropical Marine Research Unit, P.O. Box 373, York, YO1 5YW, UK",1,,,no
"Department of Biology and the Muscle Health Research Centre, York University",1,York University,I192455969,no
"Department of Biology, Centre for Novel Agricultural Products, Heslington, York, YO10 5DD, UK",1,,,no
"Department of Biology, Centre for Novel Agricultural Products, York, UK",1,Novelion (United Kingdom),I4210119036,no
"Department of Biology, Centre for Vision Research at York University",1,Applied Visions (United States),I4210151375,no
"Department of Biology, Centre for Vision Research, York University;",1,York University,I192455969,no
"Department of Biology, Centre for Vision Research, York University; grig.annie@gmail.com",1,,,no
"Department of Biology, Muscle Health Research Centre, York University",1,York University,I192455969,no
"Department of Biology, University of York Heslington, York Y01 5DD, USA",1,New York University,I57206974,no
"Department of Biology, University of York York YO1 5DD, USA",1,New York University,I57206974,no
"Department of Biology, University of York, Y01 5DD, Heslington, York, USA",1,,,no
"Department of Biology, University of York, York, PA, US",1,,,no
"Department of Biology, University of York, York, USA",1,,,no
"Department of Biology, University of YorkYork, UK; Hull York Medical School, University of YorkYork, UK",1,Hull York Medical School,I69768126,no
"Department of Biology, YO10 5DD, UK",1,,,no
"Department of Biology, York University,",1,York University,I192455969,no
"Department of Biology, York University, Downs-",1,York University,I192455969,no
"Department of Biology, York University, Heslington, UK",1,,,no
"Department of Biology, York University, Heslington, United Kingdom",1,,,no
"Department of Biology, York University, and",1,York University,I192455969,no
"Department of Biology, York University;",1,York University,I192455969,no
"Department of Biology, York UniversityCenter for Vision Research, York University",1,York University,I192455969,no
"Department of Biology, York University\Centre for Vision Research, York University",1,York University,I192455969,no
"Department of Biology, York Biomedical Research Institute, Centre for Blood Research, University of York, New York, United Kingdom",1,New York Blood Center,I1343675862,no
Department of BiologyThe University of YorkHeslingtonYorkYO10 5YWUnited Kingdom,1,,,no
Department of BiologyUniversity of YorkHeslingtonUK,1,,,no
Department of BiologyUniversity of YorkHeslingtonYorkYO10 5YWUK,1,,,no
Department of BiologyUniversity of YorkYork YO10 5YWUK,1,,,no
"Department of Business Administration & Economics, CITY College, University of York Europe Campus, Thessaloniki, Greece",1,,,no
"Department of Business Administration and Economics, CITY College, University of York Europe Campus, Thessaloniki, Greece",1,,,no
"Department of Business Administration and Economics, Univeristy of York Europe Campus, Thessaloniki, Greece",1,,,no
"Department of Business Administration, York University",1,College of Business Administration | Department of Administration,I931278978 I4210113383,no
"Department of Cancer Studies, York University, UK",1,Yorkshire Cancer Research,I2801288256,no
"Department of Chemistry , York University , Heslington, York, Y01 5DD",1,York University,I192455969,no
"Department of Chemistry Heslington, York Y01 5DD, England",1,,,no
Department of Chemistry [York],1,,,no
"Department of Chemistry and Centre for Atmospheric Chemistry , York University",1,National Centre for Atmospheric Science,I4210112368,no
"Department of Chemistry and Centre for Atmospheric Chemistry, York University",1,York University,I192455969,no
"Department of Chemistry and Centre for Research on Biomolecular Interactions, York University",1,York University,I192455969,no
"Department of Chemistry of York University, Downsview",1,York University,I192455969,no
"Department of Chemistry of York, Heslington, York",1,,,no
"Department of Chemistry, Structural Biology Laboratory, Heslington, York, Y010 5DD, UK",1,,,no
"Department of Chemistry, University of York, Heslington, York, YO10 5DD, U. K., and AstraZeneca, Silk Road Business Park, Macclesfield, SK10 2NA, U. K",1,,,no
"Department of Chemistry, University of York, USA",1,New York University,I57206974,no
"Department of Chemistry, York Structural Biology Laboratory, York YO10 5DD, UK",1,,,no
"Department of Chemistry, York University, Hesslington, York, YO1 5DD, England",1,York University,I192455969,no
"Department of Chemistry, York University, North The spectrometer is similar to ground-based",1,York University,I192455969,no
"Department of Cinema and Media Arts, York University",1,York University,I192455969,no
"Department of Communication Studies , York University ,",1,York University,I192455969,no
Department of Communication Studies York University,1,,,no
"Department of Computer Science & Engineering, Centre for Vision Research, York University",1,York University,I192455969,no
"Department of Computer Science & Engineering, York University, UK",1,Universities UK,I185658715,no
"Department of Computer Science & Engineering, and Centre for Vision Research, York University",1,York University,I192455969,no
Department of Computer Science York YO10 5GH,1,,,no
"Department of Computer Science and Engineering, York University. E-mail:",1,York University,I192455969,no
"Department of Computer Science at York University, where she has been since 1976",1,York University,I192455969,no
"Department of Computer Science, CITY College, University of York Europe Campus, 24 Proxenou Koromila Street, 546 22 Thessaloniki, Greece",1,,,no
"Department of Computer Science, CITY College, University of York Europe Campus, Central Macedonia, Thessaloniki, Greece",1,University of Macedonia,I192756129,no
"Department of Computer Science, City College, University of York Europe Campus, 54622 Thessaloniki, Greece",1,,,no
"Department of Computer Science, City College, University of York Europe Campus, Thessaloniki, Greece",1,,,no
"Department of Computer Science, Deramore Lane, Heslington, York, UK",1,Science City York (United Kingdom),I4210160613,no
"Department of Computer Science, Deramore Lane, York, United Kingdom",1,,,no
"Department of Computer Science, Real-Time Systems Research Group, York, UK",1,,,no
"Department of Computer Science, University of York Europe Campus, CITY ULE, Central Macedonia, Thessaloniki, Greece",1,University of Macedonia,I192756129,no
"Department of Computer Science, University of York, Singapore",1,,,no
"Department of Computer Science, University of York, St. Petersburg, Russia",1,,,no
"Department of Computer Science, YO1 5DD, Heslington, York, UK",1,,,no
"Department of Computer Science, York University, York",1,York University,I192455969,no
"Department of Computer Sciences, York University",1,York University,I192455969,no
"Department of Computer Sciences, York University (United Kingdom)",1,,,no
"Department of Critical Disability Studies in the School of Health Policy and Management, Faculty of Health, York University",1,York University,I192455969,no
"Department of Critical Disability Studies, York University",1,York University,I192455969,no
"Department of Dance, School of Arts , Media, Performance and Design, York University",1,York University,I192455969,no
"Department of Dance, School of Arts, Media, Performance and Design, York University",1,York University,I192455969,no
"Department of Earth & Space Science & Engineering, York University",1,York University,I192455969,no
"Department of Earth and Atmospheric Science , York University",1,York University,I192455969,no
"Department of Earth and Atmospheric Science, Department of Geography, York University,Department of Earth and Aerospheric Science, York University",1,York University,I192455969,no
"Department of Earth and Space Science and Engineering, Department of Geography, York University",1,York University,I192455969,no
"Department of Earth and Space Science and Engineering, York University/Planetary Science Institute",1,Planetary Science Institute,I1302918504,no
"Department of Earth, Space Science and Engineering, York University",1,York University,I192455969,no
Department of Economics York University and,1,,,no
"Department of Economics and Econometrics , University of Amsterdam , and was an Adjunct Professor at the University of York , Canada",1,University of Amsterdam,I887064364,no
"Department of Economics and Related Studies, University of York, New York",1,New York University,I57206974,no
"Department of Economics and Related Studies, and Centre for Experimental Economics, University of York, USA",1,,,no
"Department of Economics and School of Public Policy & Administration, York University",1,York University,I192455969,no
"Department of Economics, University of York, York, YO10 5DD, Canada",1,York University,I192455969,no
"Department of Economics, York University and Queen's University ,",1,Queen's University | York University,I204722609 I192455969,no
"Department of Economics, York University,",1,York University,I192455969,no
Department of Economics; York University,1,,,no
Department of EconomicsUniversity of York,1,,,no
"Department of Economies , York University",1,,,no
"Department of Economies, York University",1,,,no
"Department of Education Language and Psychology , University of York St John , York , U.K",1,York St John University,I124246371,no
Department of Education Université de York (Royaume-Uni),1,,,no
Department of Education York University,1,,,no
"Department of Electric Power Engineering, Faculty of Information Technology and Electrical Engineering, Norwegian University of Science and Technology, Trondheim, Norway; School of Physics, Engineering and Technology, York University, England, United Kingdom. Electronic address: umit.cali@ntnu.no",1,Norwegian University of Science and Technology,I204778367,no
"Department of Electrical Engineering and Compute Science, York University",1,York University,I192455969,no
"Department of Electrical Engineering and Computer Science, Centre for Vision Research, York University",1,York University,I192455969,no
"Department of Electrical Engineering and Computer Science, Lassonde School of Engineering, York University",1,York University,I192455969,no
"Department of Electrical Engineering and Computer Science, Lassonde School of Engineering, York University, Vector Institute for Artificial Intelligence",1,Vector Institute,I4210127509,no
"Department of Electrical Engineering and Computer Science, Lassonde School of Engineering, York University, Vector Institute for Artificial Intelligence;",1,Vector Institute,I4210127509,no
"Department of Electrical Engineering and Computer Science, York UniversityCentre for Vision Research",1,York University,I192455969,no
"Department of Electrical Engineering and Computer Science; Centre for Vision Research, York University",1,Applied Visions (United States),I4210151375,no
"Department of Electrical Engineering and Computing Science, York University",1,York University,I192455969,no
"Department of Electrical and Computer Engineering, York University",1,York University,I192455969,no
"Department of Electronics, Audio Lab, York, UK",1,,,no
"Department of Electronics, Communications Research Group, York, UK",1,,,no
"Department of Electronics, Laboratory of Spintronics and Nanodevices, York, U.K",1,,,no
"Department of Electronics, University of York, Canada",1,York University,I192455969,no
"Department of Electronics, YO10 5DD, UK",1,,,no
"Department of Electronics, York University, UK",1,Universities UK,I185658715,no
Department of ElectronicsUniversity of York,1,,,no
Department of ElectronicsUniversity of YorkHeslingtonYorkYO10 5DDUK,1,,,no
Department of ElectronicsUniversity of YorkYorkUK,1,,,no
Department of ElectronicsUniversity of YorkYorkYO10 5DDUK,1,,,no
"Department of English
York University",1,,,no
"Department of English & Related Literature,, York, UK",1,,,no
"Department of English and Related Literature, University Of York, York, USA",1,New York University,I57206974,no
"Department of English, York University. Email:",1,York University,I192455969,no
Department of Environment and Geography (Heslington YO10 5DD - United Kingdom),1,,,no
"Department of Environment and Geography, York University, York, UK",1,,,no
"Department of Environment, York University, United Kingdom",1,,,no
"Department of Equity Studies, York University",1,York University,I192455969,no
"Department of Exercise and Health Sciences, York University, North York",1,York University,I192455969,no
"Department of Film , York University ,",1,York University,I192455969,no
"Department of Film, York University",1,New York Film Academy,I4210097348,no
"Department of Geography
York University",1,Institute of Geography of the Slovak Academy of Sciences | Institute of Geography,I4210158283 I4210105409,no
"Department of Geography , University of Madras and Faculty of Environmental Studies , York University",1,University of Madras,I215927,no
Department of Geography York University (<i>Alma Mater</i>),1,,,no
Department of Geography York University (Alma Mater),1,,,no
"Department of Geography and York Centre for International and Security Studies, York University",1,York University,I192455969,no
Department of Geography at York Uni- versity,1,,,no
Department of Geography at York University and,1,Institute of Geography of the Slovak Academy of Sciences | Institute of Geography,I4210158283 I4210105409,no
"Department of Health Science, School of Kinesiology and Health Sciences, York University",1,York University,I192455969,no
"Department of Health Sciences and Centre for Health Economics, York",1,Department of Medical Sciences,I4210128510,no
"Department of Health Sciences and Clinical Evaluation, Universty of York",1,Department of Medical Sciences,I4210128510,no
"Department of Health Sciences and Hull York Medical School, York University, York, UK",1,Hull York Medical School,I69768126,no
Department of Health Sciences and Hull York Medical School; York University; York UK,1,Hull York Medical School,I69768126,no
"Department of Health Sciences, Epidemiology & Genetics Unit, Area 3, Seebohm Rowntree Building, Heslington, YO10 5DD, York, UK",1,,,no
"Department of Health Sciences, Epidemiology & Genetics Unit, York, UK",1,,,no
"Department of Health Sciences, Research Section, Seebohm Rowntree Building, York, UK",1,Joseph Rowntree Foundation,I2801210649,no
"Department of Health Sciences, University of York, Heslington, York, USA",1,,,no
"Department of Health Sciences, University of York, Philadelphia, PA, USA",1,Philadelphia University,I922845939,no
"Department of Health Sciences, University of York, York, England; Usher Institute, The University of Edinburgh, Edinburgh, Scotland. Electronic address: omara.dogar@york.ac.uk",1,,,no
"Department of Health Sciences, University of York, York, NY, US",1,,,no
"Department of Health Sciences, University of York, York, USA",1,,,no
"Department of Health Sciences, University of York, York, USA, Hull York Medical School, York, USA",1,,,no
"Department of Health Sciences, University of York, York, USA, Usher Institute, University of Edinburgh, Edinburgh, Scotland",1,,,no
"Department of Health Sciences, University of York, York, YO10 5DD, UK; Health Strategy and Delivery Foundation (HSDF), 1980 Wikki Spring Street, Maitama, Abuja, Nigeria. Electronic address: ykogundeji@gmail.com",1,,,no
"Department of Health Sciences, York University, York, England",1,York University,I192455969,no
"Department of Health Sciences, York, Trials Unit, United Kingdom",1,,,no
"Department of Health Studies, 2nd Floor Research, Seebohm Rowntree Building, University Road, York",1,,,no
"Department of Health Studies, Genesis 6, University Road, Heslington, York YO10 5DQ",1,,,no
"Department of Health Studies, York University, York, UK",1,,,no
"Department of History , University of Waterloo Ian Milligan <I2milligan_at_uwaterloo_dot_ca> , Department of History , University of Waterloo Nick Ruest <ruestn_at_yorku_dot_ca> , Digital Scholarship Infrastructure Department , York Univeristy",1,University of Waterloo,I151746483,no
"Department of History Glendon College, York University",1,York University,I192455969,no
Department of History and CERLAC York University,1,,,no
Department of History of ArtUniversity of York,1,,,no
"Department of History, Glendon College of York University",1,York University,I192455969,no
"Department of History, University of York, Heslington, New York,",1,,,no
"Department of History, University of York, York, USA",1,,,no
"Department of History, York University, UK",1,,,no
Department of HistoryYork University,1,,,no
Department of Human Resources York University,1,,,no
"Department of Humanities , York University",1,University of the Humanities,I4210115363,no
Department of Humanities York University,1,,,no
"Department of Humanities, York University
, York, UK",1,,,no
"Department of Humanities, York Unviersity",1,York University,I192455969,no
"Department of Kinesiology and Health Science, Department of Psychology, York University",1,York University,I192455969,no
"Department of Kinesiology and Health Science, York University,",1,York University,I192455969,no
"Department of Kinesiology and Health Sciences, York University",1,York University,I192455969,no
"Department of Language and Linguistic Science , York University , York, Y010 5DD , UK",1,,,no
Department of Language and Linguistic Science University of YorkEngland,1,,,no
Department of Language and Linguistic ScienceUniversity of York,1,,,no
Department of Languages Literatures and Linguistics York University,1,Center for Applied Linguistics | Institute of Linguistics,I1344076864 I4210122877,no
"Department of Languages, Literatures and Linguistics
York University",1,York University,I192455969,no
"Department of Languages, Literatures and Linguistics York University",1,Center for Applied Linguistics | Institute of Linguistics,I1344076864 I4210122877,no
"Department of Languages, Literatures and Linguistics, York University, York, UK",1,,,no
"Department of Languages, Literatures, and Linguistics, York University",1,York University,I192455969,no
"Department of Liberal Arts and Professional Studies, York University",1,Liberal Arts University,I4210153320,no
Department of Mathematics University of YorkEngland,1,,,no
Department of Mathematics University of YorkHeslington York YOI5DD,1,,,no
"Department of Mathematics York University North York, Ont. M3J 1P3",1,York University,I192455969,no
Department of Mathematics and Statistics York University,1,,,no
Department of Mathematics and Statistics at York University,1,York University,I192455969,no
"Department of Mathematics and Statistics at York University, and RISC Foundation",1,,,no
"Department of Mathematics and Statistics, Bioinformatics and High-throught put Analysis Laboratory, York University",1,York University,I192455969,no
"Department of Mathematics and Statistics, Bioinformatics and High‐throught put Analysis Laboratory, York University",1,York University,I192455969,no
"Department of Mathematics and Statistics, Centre of Excellence in AI for Public Health Advancement, York University",1,,,no
"Department of Mathematics and Statistics, Faculty of Science, York University",1,"Department of Physics, Mathematics and Informatics | York University",I4210116091 I192455969,no
"Department of Mathematics and Statistics, York Univeristy, 4700 Keele Street, North York",1,,,no
"Department of Mathematics and Statistics, York University, 4700 Keele Street",1,York University,I192455969,no
"Department of Mathematics and Statistics, York University. E-mail:",1,York University,I192455969,no
"Department of Mathematics, Ampleforth College, York, England",1,,,no
"Department of Mathematics, University of York, Heslington, York, USA",1,,,no
"Department of Mathematics, York Univeristy, Heslington, York, UK",1,Science City York (United Kingdom),I4210160613,no
"Department of Mathematics, York University",1,York University,I192455969,no
Department of MathematicsThe University of YorkHeslingtonYorkYO1 5DD,1,,,no
Department of MathematicsUniversity of YorkHeslingtonYork,1,,,no
Department of MathematicsUniversity of YorkHeslingtonYork Y01 5DD,1,,,no
Department of MathematicsUniversity of YorkYorkY01 5DD,1,,,no
Department of MathematicsUniversity of YorkYorkYO1 5DDEngland,1,,,no
Department of MathematiscsUniversity of yorkHeslingtonYorkYO1 5DD,1,,,no
"Department of Mechanical Engineering Lassonde School of Engineering , York University",1,York University,I192455969,no
"Department of Mechanical Engineering Lassonde School of Engineering, York University",1,York University,I192455969,no
"Department of Music , York University",1,Perfect Harmony Health,I4210089335,no
"Department of Music and Faculty of Fine Arts at York University, (ed",1,Aichi Prefectural University of Fine Arts and Music,I4210106694,no
"Department of Neuroscience, Hull York Medical School, York University, York, United Kingdom",1,Hull York Medical School,I69768126,no
"Department of Nursing, York University",1,York University,I192455969,no
"Department of Nutrition and Dietetics, Faculty of Health Sciences, Erciyes University, Kayseri, Türkiye; Department of Health Sciences, University of York, York, UK. Electronic address: zeynep.caferogluakin@york.ac.uk",1,,,no
"Department of Philosophy & Centre for Vision Research, York University",1,York University,I192455969,no
"Department of Philosophy , York University ,",1,York University,I192455969,no
"Department of Philosophy , York University Forthcoming in Biology & Philosophy",1,,,no
"Department of Philosophy, Atkinson College, York University",1,Atkins (United States),I1287097855,no
"Department of Philosophy, Centre for Vision Research, York University",1,York University,I192455969,no
"Department of Philosophy, Law and Society, York University",1,York University,I192455969,no
"Department of Philosophy, University of York, USA",1,New York University,I57206974,no
"Department of Philosophy, York University, North York",1,York University,I192455969,no
"Department of Physics and Astronomy , York University ;",1,Astronomy and Space,I4210146430,no
"Department of Physics and Astronomy, York University and Centre for Research of values",1,,,no
"Department of Physics and Astronomy, York, UK",1,,,no
"Department of Physics and Astronomy, and Centre for Vision Research, York University",1,York University,I192455969,no
"Department of Physics and Centre for Research in Experimental Space Science, York University",1,York University,I192455969,no
"Department of Physics, Heslington, York, North Yorkshire, YO10 5DD, UK",1,,,no
"Department of Physics, The University, Heslington, York, Gt. Britain",1,,,no
"Department of Physics, University of York, Heslington, USA",1,,,no
"Department of Physics, University of York, Heslington, York. Y01 5DD, Canada",1,York University,I192455969,no
"Department of Physics, University of York, USA",1,New York University,I57206974,no
"Department of Physics, University of York, York USA",1,,,no
"Department of Physics, YO0 5DD, UK",1,,,no
"Department of Physics, York Plasma Institute,",1,Plasma (Russia),I4210088771,no
"Department of Physics, York University",1,York University,I192455969,no
"Department of Physics, York University, United
            Kingdom",1,York University,I192455969,no
"Department of Physics, York University, YO10 5DD, UK",1,,,no
"Department of Political Science , Faculty of Arts , York University",1,University of the Arts,I2802889516,no
"Department of Political Science, York University and",1,York University,I192455969,no
"Department of Political Science, York University and Visiting Researcher,",1,York University,I192455969,no
"Department of Political Science, York University,",1,York University,I192455969,no
"Department of Political Science, York University. Email: [email protected]",1,York University,I192455969,no
Department of PoliticsUniversity of York,1,,,no
Department of PoliticsUniversity of YorkUK,1,,,no
"Department of Psychology & Centre for Vision Research, York University",1,York University,I192455969,no
"Department of Psychology (Hynie), York University",1,York University,I192455969,no
"Department of Psychology (Slepian), York University",1,York University,I192455969,no
"Department of Psychology , CITY College , University of York Europe Campus , Thessaloniki , Greece",1,,,no
"Department of Psychology , City College , University of York , Europe Campus , Greece",1,,,no
"Department of Psychology , Faculty of Health , York University , The Opportunities to Understand Childhood Hurt Laboratory , 2006 Sherman",1,,,no
"Department of Psychology , Glendon Campus , York University",1,York University,I192455969,no
"Department of Psychology , University of York , USA",1,New York University,I57206974,no
"Department of Psychology , York University PSYC 4001",1,York University,I192455969,no
"Department of Psychology CITY College, University of York Europe Campus  Thessaloniki Greece",1,,,no
"Department of Psychology CITY College, University of York Europe Campus Thessaloniki Greece",1,,,no
"Department of Psychology CITY College, University of York, Europe Campus  Thessaloniki Greece",1,,,no
Department of Psychology York,1,,,no
"Department of Psychology and Centre for Vision Research , York University",1,Applied Visions (United States),I4210151375,no
"Department of Psychology and School of Kinesiology and Health Science, York University;",1,University of Michigan,I27837315,no
"Department of Psychology, CITY College, University of York, Greece",1,"York College, City University of New York",I150397245,no
"Department of Psychology, CITY College University of York Europe Campus  Thessaloniki Greece",1,,,no
"Department of Psychology, CITY College, University of York Europe Campus, 24 Proxenou Koromila Street, 546 22 Thessaloniki, Greece",1,,,no
"Department of Psychology, CITY College, University of York Europe Campus, 24 Proxenou Koromila st, Thessaloniki 54622, Greece",1,,,no
"Department of Psychology, CITY College, University of York Europe Campus, Greece. Electronic address: vhatzibirros@york.citycollege.eu",1,,,no
"Department of Psychology, CITY College, University of York Europe Campus, Proxenou Koromila 24, 54622, Thessaloniki, Greece. vivas@york.citycollege.eu",1,,,no
"Department of Psychology, CITY College, University of York, Europe Campus, Thessaloniki, Greece",1,,,no
"Department of Psychology, CITY college University of York, Europe campus  Thessaloniki Greece",1,,,no
"Department of Psychology, CITY college, University of York Europe Campus, Thessaloniki, Greece",1,,,no
"Department of Psychology, Centre for Vision Research & Vision: Science to Application York University",1,York University,I192455969,no
"Department of Psychology, Centre for Vision Research, Centre for Integrative and Applied Neuroscience, York University",1,,,no
"Department of Psychology, City College University of York, Europe Campus, 54421 Thessaloniki, Greece",1,,,no
"Department of Psychology, City College, University of York Europe Campus, 54622 Thessaloniki, Greece",1,,,no
"Department of Psychology, City College, University of York Europe Campus, Thessaloniki, Greece",1,,,no
"Department of Psychology, City ULE, University of York Europe Campus, Thessaloniki, Greece",1,,,no
"Department of Psychology, Connected Minds Program, York University",1,,,no
"Department of Psychology, Faculty of Health York University",1,York University,I192455969,no
"Department of Psychology, Faculty of Health, York University,",1,York University,I192455969,no
"Department of Psychology, Faculty of Health, York UniversityCentre for Vision Research",1,,,no
"Department of Psychology, Faculty of Health, York University\Centre for Vision Research",1,,,no
"Department of Psychology, Glendon Campus, York University",1,York University,I192455969,no
"Department of Psychology, Glendon Campus, York University;",1,York University,I192455969,no
"Department of Psychology, National Chengchi UniversityTaipei, Taiwan; Department of Psychology, University of YorkYork, UK",1,National Chengchi University,I87354575,no
"Department of Psychology, Uni-versity of York; Sarah Greenhow, School of Humanities and Social Sci-ences, Liverpool John Moores University; Christine Jones, School of Social Work and Social Policy, Strathclyde University;",1,Liverpool John Moores University,I63098007,no
"Department of Psychology, Universities of York and Salford, UK",1,University of Salford,I54459138,no
"Department of Psychology, University of York CITY College Europe Campus, Thessaloniki, Greece",1,,,no
"Department of Psychology, University of York Europe Campus, CITY College 24, Proxenou Koromila Street, 546 22 Thessaloniki, Greece; Neuroscience Research Center (NEUREC), University of York Europe Campus, City College, Thessaloniki, Greece. Electronic address: mklados@york.citycollege.eu",1,,,no
"Department of Psychology, University of York Europe Campus, CITY College, 24, Proxenou Koromila Street, 546 22 Thessaloniki, Greece",1,,,no
"Department of Psychology, University of York Europe Campus, CITY College, Thessaloniki, Greece; Neuroscience Research Centre (NEUREC), University of York Europe Campus, City College, Thessaloniki, Greece. Electronic address: mklados@yorkeuropecampus.eu",1,,,no
"Department of Psychology, University of York, Europe Campus, L. Sofou 3, 54621 Thessaloniki, Greece",1,,,no
"Department of Psychology, University of York, Heslington, York YO10 5DD, UK; ARC Centre of Excellence in Cognition and its Disorders, School of Psychology, University of Western Australia, Crawley 6009, WA, Australia. Electronic address: clare.sutherland@uwa.edu.au",1,,,no
"Department of Psychology, University of York, Heslington, York, United Kingdom; Sackler Center for Consciousness Science, University of Sussex, Brighton, United Kingdom. Electronic address: H.Wang@bsms.ac.uk",1,,,no
"Department of Psychology, York University (Ms Ong)",1,York University,I192455969,no
"Department of Psychology, York University Department of Psychology, University of Guelph Department of Psychology, University of Waterloo",1,University of Guelph | University of Waterloo,I79817857 I151746483,no
"Department of Psychology, York University and Child and Adolescent Gender Identity Clinic, Child and Family Studies Centre, Clarke Institute of Psychiatry",1,American Academy of Child and Adolescent Psychiatry,I185990448,no
"Department of Psychology, York University and Consultant in Psychology, Whitby Psychiatric Hospital",1,Whitby Hospital,I4210118036,no
"Department of Psychology, York University; Baycrest Academy for Research and Education",1,Baycrest Academy for Research and Education,I4405258058,no
"Department of Psychology, York UniversityCentre for Vision Research",1,York University,I192455969,no
"Department of Psychology, and the Centre for Refugee Studies at York University",1,York University,I192455969,no
"Department of Psychology-CITY ULE, University of York, Europe Campus, 54626 Thessaloniki, Greece",1,,,no
Department of Psychology; York University and Rotman Research Institute; Baycrest,1,York University | Rotman Research Institute,I192455969 I4405263474,no
Department of PsychologyYork University,1,,,no
Department of Psychology‐CITY College University of York Europe Campus  Thessaloniki Greece,1,,,no
Department of Psychology‐CITY ULE University of York Europe Campus  Thessaloniki Greece,1,,,no
"Department of Psycholoy, CITY Collee, University of York Europe Campus, Thessaloniki, Greece",1,,,no
"Department of Pyschology, York University",1,York University,I192455969,no
"Department of School of Social Work, York University, and Dalla Lana School of Public Health",1,,,no
"Department of Science, Technology & Society, York University",1,,,no
"Department of Science, Technology and Society - York University",1,York University,I192455969,no
"Department of Social Anthropology, York University",1,York University,I192455969,no
"Department of Social Policy and Social Work, The University of York, USA",1,,,no
"Department of Social Policy and Social Work, University of York, USA",1,,,no
"Department of Social Policy and Social Work, York University",1,York University,I192455969,no
Department of Social Policy at York University,1,,,no
"Department of Social Science (Criminology) , York University ,",1,York University,I192455969,no
"Department of Social Science (Criminology), York University",1,Institute of Criminology,I4210149655,no
Department of Social Science York University Keele Street NORTH YORK,1,,,no
Department of Social Science York University Keele Street NORTH YORK (,1,Keele University,I56007636,no
"Department of Social Science, York University) and Coordinator of the International Development Studies Program",1,York University,I192455969,no
Department of Social Science; York University,1,,,no
"Department of Social Sciences, York University",1,York University,I192455969,no
"Department of Social Work, York University, Toronto, Canada. This paper was written while Dr. Erickson was a Visiting Professional Fellow, University of York, Great Britain",1,York University,I192455969,no
"Department of Social and Political Sciences, Università Bocconi, Milano, Italy; Centre for Health Economics, York University, United Kingdom",1,Bocconi University,I71209653,no
"Department of Social and Political Thought, York University",1,York University,I192455969,no
"Department of Socio-Legal Studies , York University",1,Institute for Legal Studies,I4210154337,no
"Department of Sociology (Armstrong), York University",1,York University,I192455969,no
Department of Sociology York,1,,,no
Department of Sociology and Anthropology York University,1,,,no
"Department of Sociology and director of the Nathanson Centre for the Study of Organized Crime and Corruption at Osgoode Hall Law School, York University",1,,,no
Department of Sociology at York Univer- sity,1,York University,I192455969,no
"Department of Sociology, University of York, USA",1,New York University,I57206974,no
"Department of Sociology, York University *",1,York University,I192455969,no
"Department of Sociology, York University,",1,York University,I192455969,no
"Department of Sociology, York University, Atkinson College,",1,Atkins (United Kingdom) | York University,I4210094877 I192455969,no
"Department of Sociology, York University, UK. celia_kitzinger@yahoo.com",1,,,no
"Department of Sports Science, Queen Ethelburgas Collegiate, York, UK",1,,,no
Department of Theatre at York University,1,University Resident Theatre Association,I4210161751,no
"Department of Visual Art & Art History, in the School of Arts, Media, Performance & Design of York University",1,School of Visual Arts,I83740829,no
Department of Visual Art and Art History at York University,1,School of Visual Arts,I83740829,no
Department of Visual Arts York University,1,,,no
"Department of Visual Arts, York University",1,York University,I192455969,no
"Department of Writing, York University",1,York University,I192455969,no
"Department of history, York University",1,York University,I192455969,no
Department ofAnthropology York University,1,,,no
"Department ofPolitical Science , York University. •",1,York University,I192455969,no
"Department, York University,",1,York University,I192455969,no
"Departmental of Mechanical Engineering, York University",1,York University,I192455969,no
"Departments of Biology and Psychology, York University",1,York University,I192455969,no
"Departments of Computational Arts and Music, York University",1,,,no
"Departments of Geography and Social Science , Centre for Refugee Studies , York University",1,,,no
"Departments of Geography and Social Science, Centre for Refugee Studies, York University",1,York University,I192455969,no
"Departments of History and Humanities, York University",1,York University,I192455969,no
"Departments of Philosophy and Humanities, York University",1,University of the Humanities,I4210115363,no
"Departments of Psychology & Biology, York University",1,York University,I192455969,no
"Depnrttnent of Chetnistry, York Utziversity, 4700 Keele Street, Norrh York, Ont., Cat~ada M3J IP3",1,,,no
"Deporrt~zet~t of'Physics , York Ulri~vrsity , Tororlto , Otrtrrrio",1,,,no
"Deportment o/Cliemistry, York Uniuersity, Downsuiew. Onrario M3J IP3",1,,,no
"Dept of Biological Sciences, Ecology Group, Felmley 206, Illinois State Univ, Normal, IL 61761-690l, USA and Dept of Biology, Univ of York, Heslington, York, YO1 SDD, UK",1,,,no
"Dept of Biology, Faculty of Science York University",1,York University,I192455969,no
"Dept of Chemistry, York Univ",1,York University,I192455969,no
"Dept of Earth and Space Science and Engineering, York University",1,York University,I192455969,no
"Dept of El. Eng. and Comp. Sci., York University",1,York University,I192455969,no
"Dept of Language, Heslington, York, England",1,,,no
"Dept of Music, York University",1,York University,I192455969,no
Dept of PoliticsUniversity of York,1,,,no
"Dept of Psychology, York University",1,York University,I192455969,no
"Dept. Comput. Sci., York Univ",1,York University,I192455969,no
"Dept. Computer Science and Engineering, York University",1,York University,I192455969,no
"Dept. Sociology, Faculty of Liberal Arts & Professional Studies, York University, August 2, 2010",1,York University,I192455969,no
"Dept. of Anthropology , York University",1,York University,I192455969,no
"Dept. of Comput. Sci. & Eng., York Univ., North York, Ont",1,York University,I192455969,no
"Dept. of Comput. Sci. & Math., York Univ., UK",1,Universities UK,I185658715,no
"Dept. of Comput. Sci., York Univ. Heslington, UK",1,,,no
"Dept. of Computer Science and Engineering / Dept. of Earth and Space Science and Engineering, York University",1,York University,I192455969,no
"Dept. of Computer Science, U. of York, Heslington, UK",1,,,no
"Dept. of Economics (York University, Glendon College)",1,York University,I192455969,no
"Dept. of Electr. Eng., York Univ., UK",1,Universities UK,I185658715,no
"Dept. of Electron. Eng., York Univ., UK",1,Universities UK,I185658715,no
"Dept. of Electronics - University, Heslington, York, Y01, 5DD, UK",1,,,no
"Dept. of Manage. Studies, York Univ., UK",1,Universities UK,I185658715,no
"Dept. of Music, York Univ., UK",1,Universities UK,I185658715,no
"Dept. of Phys. & Astron., York Univ., York, UK",1,Netherlands Institute for Radio Astronomy,I922237871,no
"Dept. of Phys. York Univ., UK",1,,,no
"Dept. of Physics and Astronomy, York University, UK",1,,,no
"Dept. of Psychol. & Biol., York Univ., UK",1,Universities UK,I185658715,no
"Deptartment of Mathematics and Statistics, York University",1,York University,I192455969,no
"Derrien is at HEC Paris and Kecskés is at the Schulich School of Business, York University. We greatly appreciate the comments of Nihat Aktas, an anonymous referee, an anonymous Associate Editor, Roberto Blanco, Craig Brown, François Degeorge, Eli Fich, Laurent Frésard, Cam Harvey (the Editor), Johan Hombert, Filippo Ippolito, Marcin Kacperczyk, Christel Karsten, Alexander Ljungqvist, Roger Loh, Roni Michaely, Sébastien Michenaud, Justin Murfin, Ioanid Rosu, David Thesmar, Heather Tookes, Qinghai Wang, and Ivo Welch, and seminar participants at the 2011 European Finance Association meetings, the 2011 Florida State University Spring Beach Conference, ISCTE Business School in Lisbon, Nanyang Technological University, National University of Singapore, the 2011 Northern Finance Association meetings, the 2011 Rothschild Caesarea Center (IDC Herzliya) Conference, Singapore Management University, l'Université de Lille, the University of Manchester, the University of Porto, the University of Toronto, and the 2011 Western Finance Association meetings",1,,,no
"Design Department School of Arts York St John University Who am I ? -Design & Technology -SGI (Alias Wavefront) -BBC Virtual Reality Studios / BBC 3DFX -Creative Director -Autodesk (Secondary Education Board) -Emmy / Promax Awards -PhD (Augmented Realty for Primary Science Education) , University of York",1,,,no
"Development Studies and African Studies Programs, York University",1,York University,I192455969,no
"Digital Scholarship Infrastructure Department, York University",1,,,no
"Digital Scholarship Infrastructure, York University",1,,,no
"Director Master of Financial Accountability Program, York UniversityIndependent Governance Advisor",1,York University,I192455969,no
Director of the Social Policy Research Unit at York University,1,York University,I192455969,no
"Director, York University Centre for Public Law and Public Policy, and Associate Professor,",1,York University,I192455969,no
"DisPerSion Lab, York University",1,York University,I192455969,no
"Disease-Informed Modeling, Methods & Systems (DIMMS) Lab, Department of Mathematics and Statistics, York University",1,,,no
"Distinguished Research Professor, Faculty of Environmental and Urban Change, York University",1,York University,I192455969,no
Division of Humanities York University,1,York University,I192455969,no
Division of Humanities and Department of Languages York University,1,York University,I192455969,no
"Division of Humanities and School of Women's Studies, York University",1,York University,I192455969,no
"Division of Social Sciences, York University",1,York University,I192455969,no
Division of the Humanities of York University,1,York University,I192455969,no
"Division ofHumanities, York University",1,York University,I192455969,no
"Divison of Humanities, York University",1,York University,I192455969,no
"Doctor (Ph. D) en Ciencia Política, Universidad de York, Reino Unido. Catedrático de la Universidad Nacional de Colombia. Correo:",1,Universidad Nacional de Colombia,I36243813,no
Doctor of Philosophy (PhD ) University of York Politics and International Relations,1,School of International Relations,I4210091705,no
Doctor of Philosophy Department of Civil Engineering York University,1,York University,I192455969,no
Doctor of Philosophy University of York Archaeology,1,Department of Archaeology,I4210161471,no
Doctor of Philosophy University of York Business and Society,1,,,no
Doctor of Philosophy University of York Centre for Women's Studies,1,,,no
Doctor of Philosophy University of York Environment,1,,,no
Doctor of Philosophy University of York Environment and Geography,1,,,no
Doctor of Philosophy University of York Medieval Studies,1,,,no
Doctor of Philosophy University of York Women's Studies,1,,,no
"Doctorado en la Universidad de York, Reino Unido. Distinción Universidad Nacional para Jó-venes Académicos 2012. sni, Nivel II. Investigadora Titular B del Instituto de In-vestigaciones Económicas, unam",1,,,no
"Doctoral Candidate at the School of Social Work, York University",1,York University,I192455969,no
"Doctoral Candidate in the department of Social Anthropology , York University",1,York University,I192455969,no
"Doctoral Candidate,
Faculty of Environmental Studies
York University",1,,,no
"Doctoral Candidate, History, York University",1,York University,I192455969,no
"Doctoral Candidate, Sociology, York University",1,York University,I192455969,no
"Doctoral Student, Critical Disability Studies, York University",1,York University,I192455969,no
"Doctoral candidate in the Department of Political Science, York University",1,York University,I192455969,no
Doctoral student Department of Social Anthropology York University,1,York University,I192455969,no
"Doctoral student, Department of Political Science, York University",1,York University,I192455969,no
"Dr Emma Sullivan, PhD Researcher & Postdoctoral Research Associate, University of YorkEmail: emma.sullivan@york.ac.uk Web: https://www.york.ac.uk/psychology/staff/postgrads/sullivan-emma/ X: @emmacsullivan_",1,,,no
"Dr Lorna Gold works as a policy analyst for Trocaire, the Irish Catholic International Aid Agency. She previously held an ESRC (Economic and Social Research Council of the UK) research fellowship at the University of York, where she was researching contemporary Christian responses to globalization",1,Economic and Social Research Council,I2802506851,no
"Dr. Bryson is with the Department of Psychology, York University",1,York University,I192455969,no
"Dr. Murray is professor of organizational behaviour in the Faculty of Administrative Studies, York University. The authors would like to thank the Max Bell Business-Government Studies Programme, the former Ministry of State for Economic Development and the Institute for Political Involvement for their support of the larger project of which this article forms a part",1,,,no
"Dr. Sarah K. Spurgeon obtained a BSc degree in Mathematics in 1985 and a DPhil degree for a study of the robustness of flight control systems based on variable structure techniques in 1988, both from the University of York, UK. She became a lecturer in the Department of Mathematical Sciences at Loughborough University of Technology in 1988 and moved to the Control and Instrumentation Group at the University of Leicester in 1991 where she was subsequently promoted to Senior Lecturer (1995,) Reader (2000) and Professor in (2002). She is a member of the IEEE, a Fellow of the IMA and a member of the IEE as well as being a Chartered Engineer and Chartered Mathematician. She was awarded an IEEE Millenium Medal in 2000. Her research interests are control and estimation using sliding mode techniques in which areas she has in excess of 150 publications",1,Loughborough University,I143804889,no
"Département d'Archéologie , Université de York , Grande-Bretagne ",1,,,no
"Département d'histoire, Université York,",1,York University,I192455969,no
"Département d'études françaises, Collège Glendon, Université York",1,Edinburgh College,I3130638677,no
"Département d'études françaises, Glendon Campus, Université York",1,York University,I192455969,no
"Département de géographie, York University",1,York University,I192455969,no
"Département de sociologie, Université York",1,York University,I192455969,no
"Département de théâtre, Université York",1,York University,I192455969,no
"Département d’histoire, Glendon, York University",1,York University,I192455969,no
"Département d’histoire, Université York,",1,Université Bretagne Loire,I4210149833,no
"EXINES Lab, York University",1,York University,I192455969,no
"Economics Department , University of York , USA",1,New York University,I57206974,no
Economics Department - York University,1,York University,I192455969,no
Economics and Related Studies (York - United Kingdom),1,,,no
"Economics, York University",1,York University,I192455969,no
"Economist, World Bank; on leave from the Division of Social Science and the Faculty of Environmental Studies, York University",1,World Bank,I1334329717,no
"Economista , Universidad San Francisco de Quito . MSc. Econometrics and Economics , The University of York ,",1,Cambridge Econometrics (United Kingdom),I4210140283,no
"Education, York University Ringgold standard institution",1,,,no
"Educational Developer Teaching Commons , York University",1,York University,I192455969,no
"Electrical Engineering and Computer Science Department, Lassonde School of Engineering York University",1,York University | Laboratoire d'Informatique de Paris-Nord,I192455969 I4210156583,no
"Electron. Dept., York Univ., UK",1,Universities UK,I185658715,no
Electronic Music StudioI York University,1,Perfect Harmony Health,I4210089335,no
"Electronics Department, York University, UK",1,Universities UK,I185658715,no
Emergency Management at York University,1,York University,I192455969,no
"Emerging and Re-Emerging Diseases, University of Khartoum, Sudan and York Biomedical Research Institute, University of York, United Kingdom. Electronic address: mohamed.osman@york.ac.uk",1,,,no
"Emeritus Professor of History, York University",1,York University,I192455969,no
"Emily Lanham is an LL.B from University of            York, United Kingdom. She has interned with the Legal Aid Society of the WB National            University of Juridical Sciences during Summer 2012",1,West Bengal National University of Juridical Sciences,I3129450392,no
"Emily Lanham is an LL.B from University of York, United Kingdom. She has interned with the Legal Aid Society of the WB National University of Juridical Sciences during Summer 2012",1,West Bengal National University of Juridical Sciences,I3129450392,no
"Engineering, York University",1,York University,I192455969,no
"English Department , York University",1,York University,I192455969,no
English Department of York University,1,York University,I192455969,no
English Literature York University,1,York University,I192455969,no
"English and Related Literature, York University",1,York University,I192455969,no
"Environment Department, York Institute for Tropical Ecosystems, York, United Kingdom",1,Stockholm Environment Institute,I1340161457,no
"Environment Department, York University, United Kingdom",1,,,no
Environment DepartmentUniversity of York Heslington United Kingdom,1,Science City York (United Kingdom),I4210160613,no
"Environment Dept, University of York York, Indonesia",1,,,no
"Environment and Politics Department, York University, UK",1,,,no
"Environmental Arts and Justice, York University",1,United States Department of Justice | Department of Justice,I1314586196 I4210095362,no
Environmental Stud- ies at York University,1,Studsvik (Sweden),I2802515739,no
"Environmental Studies Studies, York University",1,York University,I192455969,no
Environmental Studies at York University,1,York University,I192455969,no
"Environmental Studies at York University in May , 2012",1,,,no
"Environmental and Urban Change, York University",1,York University,I192455969,no
Epidemiology and Cancer Statistics Group Health Sciences York University  York UK,1,Yorkshire Cancer Research,I2801288256,no
"Epidemiology and Cancer Statistics Group, Department of Health Sciences, University of York, York, USA",1,,,no
"Epidemiology and Cancer Statistics Group, Health Sciences, York University, York, UK",1,,,no
"Epidemiology and Genetics Unit (EGU), Seebohm Rowntree Building (area 3), University#N#of York, York YO10 5DD,#N#UK",1,Joseph Rowntree Foundation,I2801210649,no
Equity Studies at York University,1,Center for Health and Gender Equity,I4210131443,no
"Exhibition Review Editor Institute of Railway Studies, York",1,,,no
"External Research Associate, York University",1,York University,I192455969,no
FAULAXELRODisa professor in the Division of Social Science at York University,1,,,no
"FELIPE OTONDO (1972) studied composition at the University of York, U.K., with Ambrose Field and Roger Marsh, focusing on electroacoustic composition and experimental theater. Festivals in more than 30 countries across Asia, Europe and North and South America have played his music. Felipe is currently a senior lecturer at the Institute of Acoustics at Universidad Austral in Chile",1,,,no
"Facully of Environmental Studies , York University",1,,,no
"Faculty Fellow, The Harriet Tubman Research Institute , York University",1,Tubman,I4210092508,no
"Faculty of Administrative Studies , York University",1,York University,I192455969,no
"Faculty of Administrative Studies , York University , UK",1,Universities UK,I185658715,no
Faculty of Administrative Studies York University,1,York University,I192455969,no
Faculty of Administrative Studies at York University,1,,,no
"Faculty of Administrative Studies, York University and the",1,York University,I192455969,no
"Faculty of Arts and School of Graduate Studies, York University",1,York University,I192455969,no
"Faculty of Computer Science and Engineering, York University",1,York University,I192455969,no
"Faculty of Computer Science and Engineering, York University,",1,York University,I192455969,no
"Faculty of Education
York University",1,York University,I192455969,no
"Faculty of Education
York University",1,York University,I192455969,no
"Faculty of Education and Theology, Lord Mayor's Walk, York YO31 7EX, UK,",1,,,no
Faculty of Education and YCAR Faculty Associate at York University,1,York University,I192455969,no
"Faculty of Education, Jean Augustine Chair in Education, Community & Diaspora, York University",1,,,no
"Faculty of Education, York Univesrsity",1,,,no
Faculty of Education. York University,1,York University,I192455969,no
Faculty of Environment Studies at York University,1,York University,I192455969,no
Faculty of Environment Studies at York University focusing on public health and harm reduction,1,Harm Reduction Services,I4210134200,no
"Faculty of Environmental & Urban Change , York University",1,,,no
"Faculty of Environmental Science, York University",1,York University,I192455969,no
"Faculty of Environmental Studi es, York Un",1,,,no
Faculty of Environmental Studies - York University,1,York University,I192455969,no
Faculty of Environmental Studies at York University UK,1,,,no
"Faculty of Environmental Studies, York University (Visiting)",1,York University,I192455969,no
"Faculty of Environmental Studies, York University [email protected]",1,York University,I192455969,no
"Faculty of Environmental and Urban Change , York University,",1,York University,I192455969,no
"Faculty of Graduate Studies , York University",1,York University,I192455969,no
"Faculty of Health (Lexchin), York University",1,York University,I192455969,no
"Faculty of Health (Macpherson), School of Kinesiology and Health Science, York University",1,York University,I192455969,no
"Faculty of Health - School of Kinesiology & Health Science, York University",1,York University,I192455969,no
"Faculty of Health and Human Sciences, Department of Sociology, York University",1,,,no
"Faculty of Health and Life Sciences, University of York St. John, York, UK. a.hill@yorksj.ac.uk",1,York St John University,I124246371,no
"Faculty of Health, Disability studies, York University",1,York University,I192455969,no
"Faculty of Health, Nursing & Environmental Studies , York University",1,York University,I192455969,no
"Faculty of Health, Nursing & Environmental Studies, York University",1,York University,I192455969,no
"Faculty of Health, School of Health Policy & Management, York University",1,Department of Health | Department of Health Services,I4210114239 I4210161945,no
"Faculty of Health, School of Health Policy and Management, York University",1,Department of Health | Department of Health Services,I4210114239 I4210161945,no
"Faculty of Health, School of Kinesiology & Health Science, York University",1,York University,I192455969,no
"Faculty of Health, School of Kinesiology and Health Science, York University",1,York University,I192455969,no
"Faculty of Health, School of Nursing, York University",1,York University,I192455969,no
"Faculty of Health, York University;",1,York University,I192455969,no
Faculty of Health; York University,1,York University,I192455969,no
"Faculty of Kinesiology and Health Science, York University",1,York University,I192455969,no
"Faculty of Kinesiology and Health Sciences, York University",1,York University,I192455969,no
"Faculty of Law, York University",1,York University,I192455969,no
"Faculty of Liberal Arts & Professional Studies , York University",1,Liberal Arts University,I4210153320,no
"Faculty of Liberal Science and Professional Studies , School of Administrative Studies , York University ;",1,,,no
"Faculty of Science and Engineering, York University",1,York University,I192455969,no
"Faculty, York University",1,York University,I192455969,no
"Faculté de la santé (Lexchin), Université York",1,York University,I192455969,no
"Faculté de médecine de Harvard (Liu), Boston, Mass.; Département de politiques et d'interventions sociales (Liu), Université d'Oxford, Oxford, R.-U.; Écoles de pharmacie, de santé publique et de système de santé (Maxwell), Université de Waterloo, Waterloo, Ont.; ICES Central (Maxwell, Bronskill); Département de sociologie (Armstrong), Université York; Département de médecine familiale et communautaire (Moser); Institut de politiques, de gestion et d'évaluation de la santé (Bronskill, Dhalla), École de santé publique Dalla Lana, et Département de médecine (Dhalla), Université de Toronto; Baycrest Health Sciences (Moser); Unity Health Toronto (Dhalla), Toronto, Ont.; Faculté de médecine (Schwandt), École de la santé publique et des populations, et Département de pratique familiale (McGregor), Université de la Colombie-Britannique; Vancouver Coastal Health (Schwandt); Vancouver, C.-B",1,Baycrest Academy for Research and Education,I4405258058,no
"Faculté de médecine de Harvard (Liu), Boston, Mass.; Département de politiques et d'interventions sociales (Liu), Université d'Oxford, Oxford, R.-U.; Écoles de pharmacie, de santé publique et de système de santé (Maxwell), Université de Waterloo, Waterloo, Ont.; ICES Central (Maxwell, Bronskill); Département de sociologie (Armstrong), Université York; Département de médecine familiale et communautaire (Moser); Institut de politiques, de gestion et d'évaluation de la santé (Bronskill, Dhalla), École de santé publique Dalla Lana, et Département de médecine (Dhalla), Université de Toronto; Baycrest Health Sciences (Moser); Unity Health Toronto (Dhalla), Toronto, Ont.; Faculté de médecine (Schwandt), École de la santé publique et des populations, et Département de pratique familiale (McGregor), Université de la Colombie-Britannique; Vancouver Coastal Health (Schwandt); Vancouver, C.-B michael.liu@st-hildas.ox.ac.uk",1,Baycrest Academy for Research and Education,I4405258058,no
"Faculté des Arts, Université York",1,York University,I192455969,no
"Faculté des études en environnement, Université de York",1,,,no
Fakultät für Umwelt-und Stadtentwicklung der York University und Direktorin des,1,Amt für Umwelt,I4210087750,no
"Fculty of Helth, York University, Cnd",1,York University,I192455969,no
"Fine Arts Cultural Studies, faculty of Fine Arts, York
University",1,York University,I192455969,no
Fine Arts graduate of York University,1,,,no
"Formally of the Social Policy Research Unit, University of York, now Department of Social Policy and Professional Studies, University of Hull",1,University of Hull,I191240316,no
"Former Chief head of Scientific Glassblowing York University 1966–2007, Former Chief Examiner British Society of Scientific Glassblowers, Training Consultant 2008–2011, Australia",1,,,no
"Former PhD candidate at the University of Sheffield and a part-time lecturer and research associate at South-East European Research Centre, City College, University of York Europe Campus, Thessaloniki, Greece",1,South East European Research Centre,I4210160097,no
Former York University Nursing Student (Current Registered Nurse),1,York University,I192455969,no
Formerly Reader in Social Work York University,1,York University,I192455969,no
"Formerly Research Assistant Centre for Bayesian Statistics and Health Economics (CHEBS), Department of—Probability and Statistics, University of Sheffield, UK. Currently: Lecturer in Statistics, University of York, Yorkshire, UK",1,University of Sheffield,I91136226,no
"French Linguistics, York University",1,York University,I192455969,no
"From the Department of Psychology, York University (Ms. Borairi)",1,,,no
"From the ‡Centre for Immunology and Infection,. Electronic address: pegine.walrad@york.ac.uk",1,,,no
G. G. Cunningham &amp; Associates and York University,1,York University,I192455969,no
"GE Halkos is with the Department of Environmental Economics and Environmental Management, University of York, USA",1,,,no
"Gender, Feminist and Women’s Studies, York University",1,Women's and Gender Studies et Recherches Féministes | York University,I4210112977 I192455969,no
"Gender, Feminist, and Women's Studies, York University",1,Women's and Gender Studies et Recherches Féministes | Gender Studies,I4210112977 I4210089577,no
"Gender, Feminist, and Women’s Studies, York University",1,Women's and Gender Studies et Recherches Féministes,I4210112977,no
"Gender, Sexuality and Women's Studies, York University",1,Gender Studies | York University,I4210089577 I192455969,no
"General Practitioner, University Health Centre, York University, York;",1,York University,I192455969,no
"Geomorphology and Pedology Laboratory, York University",1,York University,I192455969,no
"George Hull Centre for Children and Families and Department of Psychology, York University",1,Families USA,I2801328717,no
"Glaxo Grp Res Ltd, Dept Pharmaceut Anal, Pk Rd, Ware SG12 Obp, Herts, England; Glaxo Grp Res Ltd, Nat Prod Discovery, Greenford UB6 0HE, Middx, England and Univ York, Dept Chem, York YO1 5DD, N Yorkshire, England",1,,,no
"Glaxo Grp Res Ltd, Nat Prod Discovery, Greenford UB6 0HE, Middx, England and Univ York, Dept Chem, York YO1 5DD, N Yorkshire, England",1,,,no
"Glendon College and CVR, York University",1,York University,I192455969,no
"Glendon College, CVR, York University",1,York University,I192455969,no
"Glendon College, Economics Department York University",1,York University,I4210112962,no
"Glendon College, York University, England",1,,,no
"Glendon School of Public & International Affairs , York University ,",1,,,no
"Glendon School of Public and International Affairs , York University ,",1,,,no
Glendon campus of York University,1,York University,I192455969,no
"Global Food & Health Systems Research, School of Global Health, York University",1,Centre for Global Health Research,I4210137763,no
"Global Healthcare Management, York University, London, UK",1,,,no
Global Strategy Lab York University,1,Global Strategy Group,I2800106379,no
"Global healthcare management, York University, London, UK",1,,,no
Goel Cognitive Neuroscience Lab York University,1,Cognitive Research (United States) | Institut des Sciences Cognitives Marc Jeannerod,I4210159958 I4210122262,no
"Goel Cognitive Neuroscience Lab, York University",1,York University,I192455969,no
"Gordon L. Flett, York University York, England",1,York University,I192455969,no
"Graduate Associate, Graduate Programme in Social Anthropology, York University",1,"The Graduate Center, CUNY",I121847817,no
"Graduate Department of Development Studies, York University",1,,,no
"Graduate Programme in Social and Political Thought , York University",1,York University,I192455969,no
"Graduate Programme in Sociology, York University",1,York University,I192455969,no
"Graduate Student , Faculty of Environmental Studies , York University",1,York University,I192455969,no
"Graduate Student Researcher, York University",1,York University,I192455969,no
"Graduate Student, Osgoode Hall Law School of York University",1,,,no
"Green Chemistry Centre of Excellence, University of York, York YO105DD, UK; Shanghai Key Laboratory of Atmospheric Particle Pollution and Prevention (LAP3), Department of Environmental Science and Engineering, Fudan University, Shanghai 200438, China",1,,,no
"Green Chemistry Group, Department of Chemistry, Uniersity of York, Heslington, York, UK",1,,,no
"Group of Commun. Res., York Univ., UK",1,Universities UK,I185658715,no
"H. Ingleson is a graduate in Physics from York University, U.K. and worked for Phillips in Southampton and Plessey in Northampton before joining Oxley Developments on a Teaching Company scheme with Lancaster University. He is currently Deputy Production Director for Oxley Developments",1,,,no
H. V. Nelles professor of history atYork University,1,,,no
H.V. Nelles is professor of history at York University,1,,,no
"Hall Law School , York University , Downsview",1,York University,I192455969,no
"Hall Law School and Faculty of Environmental and Urban Change, York University",1,York University,I192455969,no
Hall Law School at York University,1,York University,I192455969,no
"Hall Law School, York University since 1982",1,,,no
"Hamish McWilliam is a senior software developer with M.Sc. in Biological Computation from the University of York in the United Kingdom. He specialises in data-warehousing, data-management and bioinformatics tools integration",1,,,no
"Hardwick Central Science Laboratory, York",1,,,no
"Harry Arthurs, University Professor Emeritus and President Emeritus, York University",1,,,no
"Harvard Medical School (Liu), Boston, Mass.; Department of Social Policy and Intervention (Liu), University of Oxford, Oxford, UK; Schools of Pharmacy and Public Health and Health Systems (Maxwell), University of Waterloo, Waterloo, Ont.; ICES Central (Maxwell, Bronskill); Department of Sociology (Armstrong), York University; Department of Family and Community Medicine (Moser); Institute of Health Policy, Management and Evaluation (Bronskill, Dhalla), Dalla Lana School of Public Health, and Department of Medicine (Dhalla), University of Toronto; Baycrest Health Sciences (Moser); Unity Health Toronto (Dhalla), Toronto, Ont.; Faculty of Medicine (Schwandt), School of Population and Public Health, and Department of Family Practice (McGregor), University of British Columbia; Vancouver Coastal Health (Schwandt); Vancouver, BC",1,Baycrest Academy for Research and Education,I4405258058,no
"Harvard Medical School (Liu), Boston, Mass.; Department of Social Policy and Intervention (Liu), University of Oxford, Oxford, UK; Schools of Pharmacy and Public Health and Health Systems (Maxwell), University of Waterloo, Waterloo, Ont.; ICES Central (Maxwell, Bronskill); Department of Sociology (Armstrong), York University; Department of Family and Community Medicine (Moser); Institute of Health Policy, Management and Evaluation (Bronskill, Dhalla), Dalla Lana School of Public Health, and Department of Medicine (Dhalla), University of Toronto; Baycrest Health Sciences (Moser); Unity Health Toronto (Dhalla), Toronto, Ont.; Faculty of Medicine (Schwandt), School of Population and Public Health, and Department of Family Practice (McGregor), University of British Columbia; Vancouver Coastal Health (Schwandt); Vancouver, BC michael.liu@st-hildas.ox.ac.uk",1,Baycrest Academy for Research and Education,I4405258058,no
"Health Economics Consortium, York University",1,University HealthSystem Consortium,I4210135907,no
"Health sciences, University of York, Heslington, York Department of Psychosis Studies, The Institute of Psychiatry, King's College London, United Kingdom",1,,,no
"Health, York University",1,York University,I192455969,no
"High Integrity System Group, Dept. of Computer Science, University of York, USA",1,Integrity Systems (United States),I4210113330,no
History Department York University,1,York University,I192455969,no
History Department at York University,1,York University,I192455969,no
"History Department, York University",1,York University,I192455969,no
History DepartmentYork University,1,Krirk University,I3132067926,no
History and Theory of Psychology program at York University,1,York University,I192455969,no
"History of Science, York University",1,York University,I192455969,no
"Holly Rutherford completed a BSc in Archaeology at York University, concentrating on early prehistory, with a special interest in the social lives of early hominids. She is currently employed by the National Trust but will be returning to York to complete a MSc in Early Prehistory",1,National Trust,I4210139822,no
"Honorary Visiting Research Fellow, Philosophy Department at York University",1,York University,I192455969,no
"Howard Adelman, a professor of philosophy at York University, is co-editor of Path of Genocide: The Rwanda Crisis from Uganda to Zaire (1999)",1,,,no
"Hull York Mdical School, Univrsity of York, York, Unitd Kingdom",1,Hull York Medical School,I69768126,no
"Hull York Medical School, Department of Biology, York University, York, United Kingdom",1,Hull York Medical School,I69768126,no
"Hull York Medical School, Univeristy of York, York, UK",1,Hull York Medical School,I69768126,no
"Hull York Medical School, Universities of York, Hull, UK. john.cookson@hyms.ac.uk",1,Hull York Medical School,I69768126,no
"Hull York Medical School/Health Sciences, York University, York, UK",1,Hull York Medical School,I69768126,no
"Hull/York Medical School, York University, York YO10 5DD, UK",1,Hull York Medical School,I69768126,no
"Human Resources Management, School of Administrative Studies, York University",1,York University,I192455969,no
"Human-Computer Interaction Group Department of Computer Science, University of York, Canada",1,York University,I192455969,no
"Humboldt University, BerlinA native of Singapore, studied English, German and Psychology at the University of Essen, Germany. Between 2002-2008, Vogt-William was a junior lecturer and research assistant at the Department of New English Literatures and Cultures at the Goethe University of Frankfurt, Germany. She spent a year (2006 -2007), at the University of York, England as a Marie Curie Gender Graduate Fellow and completed her doctoral thesis on ‘Women and Transculturality in Contemporary Fictions by South Asian Diasporic Women Writers’. Besides publications on South Asian diasporic women’s literature from the US, Canada, England and the Caribbean, she co-edited and contributed to Disturbing Bodies (2008), an essay collection on artistic and literary representations of deviant bodies. Vogt-William was a Visiting Scholar at the Department of Women’s Studies at Emory University, Atlanta, Georgia, from 2008 to 2010. She taught in the Postcolonial and Media Studies Department at the University of Muenster, Germany, between 2009-2011. Vogt-William has embarked on her postdoctoral project at the Goethe University, Frankfurt, Germany, entitled: Twins in American and Anglophone Literatures. She taught at the North American Studies department at the University of Freiburg, Germany from 2012 to 2014. She is currently guest professor (in the areas of Postcolonial Studies and Gender Studies) at the English and American Studies department at the Humboldt University, Berlin, Germany",1,Alexander von Humboldt Foundation | Goethe University Frankfurt,I338023381 I114090438,no
"I thank the anonymous referee, the seminar attendants, and conference participants at the University of York, Simon Fraser University, the 17 AFFi Conference, and the 21st ABF Conference for helpful suggestions",1,Conference Board | Simon Fraser University,I1284351223 I18014758,no
"IDEA Corporation President, York University",1,Institute for Development and Economic Analysis | York University,I4210121445 I192455969,no
IRISS University of York USA,1,,,no
ISNI: 0000000419369430 York Univeristy,1,,,no
ISNI: 0000000419369430 York Univerity,1,,,no
ISNI: 0000000419369430 York University (M.F.A.),1,York University,I192455969,no
ISNI: 0000000419369430 contract faculty York University,1,York University,I192455969,no
Ian Fenwick is Associate Professor of Marketing at York University,1,York University,I192455969,no
"Image Library , York University",1,,,no
Independent Scholar PhD University of York,1,Film Independent,I4210121988,no
"Independent researcher , post graduate from University of York and Central European University ,",1,Central European University,I198945027,no
Independent researcher Associate of the York Cross‐Disciplinary Centre for Systems Analysis  UK,1,,,no
"Independent researcher, Associate of the York Cross-Disciplinary Centre for Systems Analysis, UK",1,,,no
"Information Retrieval and Knowledge Management Research Lab , York University",1,,,no
"Information Retrieval and Knowledge Management Research Lab, York University#TAB#",1,York University,I192455969,no
"Information Services, York Health Economics Consortium, York, UK. jmg1@york.ac.uk",1,Leeds and York Partnership NHS Foundation Trust,I280385510,no
"Information Technology, York University",1,York University,I192455969,no
"Institute for Behavioural Research and Department of Sociology, York University",1,York University,I192455969,no
"Institute for Feminist Legal Studies at Osgoode Hall Law School , York University",1,,,no
"Institute for Research in Learning Technologies, York University",1,York University,I192455969,no
"Institute for Research on Digital Literacies, York University",1,York University,I192455969,no
"Institute for Safe Autonomy and School of Physics, Engineering and Technology, York, U.K",1,,,no
"Institute for Social Research , York University ,",1,York University,I192455969,no
"Institute for Social Research , York University First Year Science in",1,,,no
Institute for Social Research York University,1,York University,I192455969,no
"Institute for Social Research and Department of Sociology, York University",1,York University,I192455969,no
"Institute for Social Research, York University First Year Science in a Commuter University: Where to Intervene",1,York University,I192455969,no
"Institute for Social Research, York University,",1,York University,I192455969,no
"Institute for Social and Economic Research, York University, UK",1,Institute for Social and Economic Research,I4210135161,no
Institute for Space and Terrestrial Science and York University,1,York University,I192455969,no
"Institute of Advanced Architectural Studies, University of York, USA",1,,,no
"Institute of Child Development, York University",1,Foundation for Child Development | Child Development Center,I40044371 I4210151086,no
"Institute of Child Health, University of York, London, United Kingdom",1,Institute of Child Health,I4210135832,no
Institute of Environmental Research and York University,1,York University,I192455969,no
"Institute of Railway Studies & Transport History , York , UK",1,,,no
"Institute of Railway Studies and Transport History, York, UK",1,,,no
"Institute of Rehabilitation, University of Hull, 215 Anlaby Road, Hull, HU3 2PG, UK; York Health Economics Consortium, University of York, York, YO10 5 DD, UK; Glasgow Nuffield Hospital, Beaconsfield Road, Glasgow, G12 0PJ, UK; York Health Economics Consortium, University of York, York, YO10 5DD, UK; South Derbyshire Health Authority, Derby, DE1 2FZ, UK",1,,,no
Institute of Social Research at York University,1,York University,I192455969,no
"Institute of Social and Economic Research , York",1,,,no
Institute of Social and Economic Research at York University,1,Institute for Social and Economic Research,I4210135161,no
"Institute of Social and Economic Research, York University",1,York University,I192455969,no
"Institute of Social and Economic Research, York University , York, (U.K.)",1,,,no
"Institute of Team Management Studies, 128 Holgate Road, York, YO2 4DL, England",1,,,no
"Interdisciplinary Graduate Studies, York University",1,York University,I192455969,no
"Interdisciplinary Studies, York University",1,York University,I192455969,no
International Affairs from York University,1,Office of International Affairs,I4210146201,no
International Development and African Studies at York University,1,,,no
"International Legal Partnerships Program, Osgoode Hall Law School of York University",1,,,no
"International Relations - Faculty of Health
York University",1,York University,I192455969,no
Isabella Cipirska has just completed an NCTJ accredited journalism course at Brighton Journalist Works and has a degree in English literature from the University of York,1,,,no
"Islamic University of Technology , 2 York University 1 {adnanahmad ,",1,Islamic University of Technology,I59805279,no
"J. Lesley Archer is a qualified teacher and social worker, currently engaged in DPhil research into family perspectives and decision-making at the Univerity of York",1,,,no
"J. M. Green, BA, MA, MBBS, DCH, FRCPsych, Institute of Brain Behaviour and Mental Health, The University of Manchester, Manchester; N. Biehal, BA, MA, PhD, Department of Social Policy and Social Work, University of York, York; C. Roberts, BSc, MSc, PhD, Centre for Biostatistics, Institute of Population Health, University of Manchester, Manchester; J. Dixon, BA, MA, Social Policy Research Unit (SPRU), University of York, York; C. Kay, BSc, PhD, Institute of Brain Behaviour and Mental Health, The University of Manchester, Manchester; E. Parry, BA, MSc, Mood Disorders Centre, University of Exeter, Exeter; J. Rothwell, BSc, PhD, A. Roby, BSc, MSc, ClinPsyD, D. Kapadia, BSc, MSc, Institute of Brain Behaviour and Mental Health, The University of Manchester, Manchester; S. Scott, MB BChir, FRCP, FRCPsych, Institute of Psychiatry, King's College London, London; I. Sinclair, BA, PhD, Social Policy Research Unit (SPRU), University of York, York, UK",1,University of Manchester,I28407311,no
"JOHN F. BELL, Research Fellow, School of Education, University of Leeds, Leeds LS2 9JT, England. Degrees: BS, University of York; MS, University of Sheffield. Specializations: Survey methodology, statistical computing",1,University of Leeds,I130828816,no
"Jack Schwartzman. J.S.D., Ph.D., is a professor of English in the Nassau Community College, State University of New York, Garden City, NY 11330, and editor of Fragments , a literary journal. This article is based on papers presented before the 5th World Congress of Social Economics at the University of York, England, August 2, 1988, and the Henry George Institute in New York on September 30, 1988",1,,,no
"Jack Schwartzman. J.S.D., Ph.D., is a professor of English in the Nassau Community College, State University of New York, Garden City, NY 11330, and editor of Fragments, a literary journal. This article is based on papers presented before the 5th World Congress of Social Economics at the University of York, England, August 2, 1988, and the Henry George Institute in New York on September 30, 1988",1,,,no
Jasper Heinzen est Senior Lecturer à l'université de York (Grande-Bretagne),1,,,no
Jasper Heinzen est Senior Lecturer à l’université de York (Grande-Bretagne),1,,,no
"Jeff Brownrigg completed his B.A. at La Trobe University in Melbourne, and his Ph.D. at the University of York, UK. He is currently Head of Academic Outreach and Research at Australia's National Film and Sound Archive. He has been published in The Oxford Companion to Australian Music, the Companion to Australian Theatre, Australian Dictionary of Biography, Grove, and The Editorial Gaze, and has also published many CDs. He coedited The People's Conventions: Corowa (1893) and Barhurst (1896) and is currently working on the book The New Melba? The Times and Life of Amy Castles",1,,,no
"Judith Coleman undertook her professional training at the University of York, where she obtained an M.Phil. in Social Work. She was involved with the Gulbenkian Project at the Department of Mental Health in the University of Bristol, and has worked in a social work capacity for local authorities in Coventry, South Gloucestershire and Avon, where she is currently specializing in adoption",1,University of Bristol,I36234482,no
"Julia Fursova is a PhD candidate at the Faculty of Environmental Studies, York University where she researches non-profit sector and community action for health justice in urban environment",1,,,no
"Katedra Historii Kultury Uniwersytet York : Binghamton , 1991 , s. 178 ",1,Binghamton University,I123946342,no
"Kinesiology & Health Science, York University",1,York University,I192455969,no
"Kinesiology and Health Science, Faculty of Health, York University",1,York University,I192455969,no
"Kinesiology and Health Science, Faculty of Health, York University;",1,York University,I192455969,no
"Kit Fan has just finished his PhD thesis, ‘Thom Gunn and the Occasions of Poetry’ at the University of York. His poems have appeared in Poetry Review, The Rialto and Acumen . He has also reviewed for Poetry Review",1,,,no
"Krembil Centre for Health Management and Leadership, Schulich School of Business, York University , York,",1,York University,I192455969,no
"LL.M., York University. I thank Professor Jamie Prenkert and the reviewers for their helpful comments as well as Professor Jacob Ziegel for his general guidance. Naturally, all mistakes, errors, or omissions remain my own",1,,,no
LaMarsh Centre for Research on Violence and Conflict Resolution at York University,1,York University,I192455969,no
"LaMarsh Centre for Research on Violence and Conflict Resolution, York University",1,York University,I192455969,no
"Laboratory for Industrial and Applied Mathematic (LIAM), Department of Mathematics and Statistics, York University",1,,,no
"Laboratory for Industrial and Applied Mathematics (LIAM), Department of Mathematics and Statistics, York University",1,York University,I192455969,no
"Laboratory for Industrial and Applied Mathematics, York University",1,York University | Applied Mathematics (United States),I192455969 I4210131439,no
"Laboratory of Populations, Rockefeller University, 1230 York Avenue, Box 20, New York, NY 10065, USADepartment of Ecology, RIVM, 9 Antonie van Leeuwenhoeklaan, Box 1, Bilthoven 3720 BA, The NetherlandsEnvironment Department, University of York, York YO10 5DD, UK",1,,,no
"Lancaster University Law School. Earlier versions of this paper have been presented to the Annual Conference of the Society of Legal Scholars, Durham University, September 2007; to the Lancashire Law School, University of Central Lancashire, November 2007; to the University of Melbourne Law School, Australia, April 2008; to the Fourth Biennial Conference on the Law of Obligations, National University of Singapore, Singapore, July 2008; to the York Law School, University of York, October 2009; to the Faculty of Law, Hong Kong University, November 2009; and to the Annual Conference of the Society of Legal Scholars, University of Edinburgh, September 2013. I am grateful to those attending those presentations, Peter Jaffey, Warren Swain and two anonymous referees for their comments. See also n 124 below",1,Conference Board | University of Hong Kong,I1284351223 I889458895,no
"Language, Literatures, and Linguistics, York University",1,York University,I192455969,no
"Lassonde School of Engineering , York University",1,York University,I192455969,no
Lassonde School of Engineering - York University,1,York University,I192455969,no
"Law &amp; Society Program , York University",1,York University,I192455969,no
"Law School , York University ; Roxanne Hall Law School , York University ;",1,York University,I192455969,no
Law School at York University,1,New York Law School | York University,I196677622 I192455969,no
Law School of York University,1,York University,I192455969,no
Law School. York,1,New York Law School,I196677622,no
Law and Society Program at York University,1,York University,I192455969,no
"Law and Society, York University",1,York University,I192455969,no
"Law and Sociology, York University, Osgoode Hall Law School",1,York University,I192455969,no
"LeMarsh Research Centre, York University",1,York University,I192455969,no
Lecturer in Social Work York University,1,York University,I192455969,no
"Lecturer in economics , York University",1,York University,I192455969,no
"Lecturer in economics, York University",1,York University,I192455969,no
"Lecturer in learning disabilities, York University",1,York University,I192455969,no
"Lecturer in midwifery, York University",1,York University,I192455969,no
"Lecturer in politics and Director of the Centre for Southern African Studies , York University",1,York University,I192455969,no
"Lecturer in politics and Director of the Centre for Southern African Studies, York University",1,,,no
"Lecturer in the Department of Anthropology , York University",1,York University,I192455969,no
"Lecturer in the Department of International Relations and Politics, University of Sussex, UK ; Visiting Professor at the Department of Political Science, University of York, Canada",1,University of Sussex,I162608824,no
Lecturer on Botany in tho York School of Medicine ,1,,,no
"Lecturer, Electronics Department, York University, UK",1,,,no
"Lecturer, Learning disabilities, York University",1,York University,I192455969,no
"Lecturer, Schvlich School of Business at York University",1,York University,I192455969,no
"Lectures in music , York University , England",1,York University,I192455969,no
"Lectures in music, York University, England",1,,,no
"Lesley Northam <lesleynortham_at_gmail_dot_com> , University of Waterloo Daniel So <dan_dot_j_dot_so_at_gmail_dot_com> , York University",1,,,no
"Lexicle, York Science Park, York, YO10 5DG, UK",1,Science City York (United Kingdom),I4210160613,no
"Lifespan Health and Performance Laboratory, York University",1,York University | Lifespan,I192455969 I4210151747,no
"Lifespan Health and Performance Laboratory; School of Kinesiology and Health Science, York University",1,York University | Lifespan,I192455969 I4210151747,no
"Lina Gega, PhD, RMN, EMB650, Reader in Mental Health, Mental Health and Addiction Research Group (MHARG), Department of Health Sciences & Hull York Medical School, University of York, Alcuin Research Resource Centre, Heslington, York YO10 5DD, UK. Email: lina.gega@york.ac.uk",1,,,no
"Linguistics & Language Studies, York University",1,York University,I192455969,no
"MA Candidate, History, York University",1,Candid,I4210144560,no
"MA Candidate, York University",1,Candid,I4210144560,no
"MA in Conservation (Building) from the Institute of Advanced Architectural Studies, York University, 13 Baile Hill Terrace, Bishophill, York, YO1 1HF, UK. Phone: 01904–631424 E-mail: Tedjannew@aol.com",1,,,no
MA in Education (by Research ) University of York Education Studies,1,,,no
"MES/LL.B program in Environmental Studies and Law , York University",1,York University,I192455969,no
"MES/LL.B program in Environmental Studies and Law, York University",1,,,no
"MRC Laboratory of Molecular Biology, Cambridge, CB2 2QH, England; †Department of Structural Chemistry, Weizmann Institute, Rehovot 76100, Israel; ‡Department of Chemistry, York University, York YO1 5DD, England",1,Weizmann Institute of Science,I53964585,no
"MRC Medical Cryobiology Group, University Department of Surgery, Trumpington Road, Cambridge CB2 2AH United Kingdom; RCS Unit of Biophysics, Institute of Child Health, 30 Guilford Street, London WC1N 1EH United Kingdom; and Medical Cryobiology Unit, Institute for Applied Biology, Department of Biology, University of York, York Y01 5DD United Kingdom",1,,,no
"Magíster en Epidemiología, Master In Health Economics, PhD candidate in Economics, Uni-versity of York, UK",1,,,no
"Maître de conférences en politique sociale comparée, Département de la politique sociale et du travail social, Université de York, courriel: antonios.roumpakis@york.ac.uk",1,,,no
"Major Research Paper Department of Languages , Literatures and Linguistics York University",1,Center for Applied Linguistics,I1344076864,no
"Malcolm G. Taylor (1915-1994), professor of public policy, Faculty of Administrative Studies, York University, served as consultant to seven provincial governments, medical and hospital associations, the Royal Commission on Health Services, and the Health",1,,,no
"Management Studies, College of Ripon and York, York, UK",1,,,no
"Mark Beach graduated from the University of York (U.K.) in 1983 with a first class B.Sc honours degree in Electronic Engineering. After an initial period with the GEC Hirst Research Laboratories, he joined the Department of Electrical & Electronic Engineering at the University of Bristol as a postgraduate student. Dr Beach then received his Ph.D. in 1989 for his work on adaptive antennas for multiple spread spectrum signal sources, primarily targeted towards GPS receiver technology. Postdoctoral research at Bristol included work regarding the application of adaptive antenna techniques to mobile cellular networks for which the research team received the IEEE Neal Shepherd memorial prize in 1990 for the best Antenna and Propagation paper published in the Vehicular Technology Proceedings in 1990. Since August 1990, Dr Beach has been engaged as a member of lecturing staff at Bristol and heads the CDMA and wideband propagation research acivities within the Centre for Communications Research. Here, Dr Beach has led a range of activities in the field of mobile radio, including the joint development of an integrated Inmarsat-C and GPS receiver. Currently, Dr Beach holds the U.K. DTI/EPSRC LINK grant concerning the evaluation of CDMA techniques for UMTS, and is also the project manager of the EC RACEII TSUNAMI (R2108) project concerning the application of adaptive antenna technology to 3rd generation wireless networks. Dr. Beach is also a serving member of the IEE E11 professional group on Antennas and Propagation",1,University of Bristol,I36234482,no
"Mark Gronnow obtained a GlaxoSmithKline-funded PhD from the GCCE, developing an interest in microwave chemistry. Subsequently, he spent 5 years working as a production manager at YorkTest (York, UK) before returning to the University of York as Technical Manager. Mark is currently employed at the Biorenewables Development Centre (York), a joint venture between the chemistry and biology departments at the University of York",1,,,no
"Mark P. Thomas is assistant professor of sociology, York University",1,Thomas University,I88874673,no
Master of Arts (by Research ) University of York Politics and International Relations,1,School of International Relations,I4210091705,no
Master of Arts (by research ) University of York Arts and Creative Technology,1,University for the Creative Arts,I65106266,no
Master of Arts (by research) in Sociology University of York,1,,,no
Master of Arts by Research University of York,1,,,no
Master of Arts by Research University of York Music,1,,,no
Master of Arts by research University of York Arts and Creative Technology,1,University for the Creative Arts,I65106266,no
"Master of Arts in Social Anthropology York University , 2017",1,,,no
Master of Environmental Studies at York University,1,York University,I192455969,no
Master of Philosophy University of York Computer Science,1,Master's College,I143685665,no
Master of Philosophy University of York Language and Linguistic Science,1,Language Science (South Korea),I4210107233,no
Master of Science University of York Biology,1,Master's College,I143685665,no
Master of Science University of York Chemistry,1,Master's College,I143685665,no
"Master of Science, York Institute for Health Research, York University",1,York University,I192455969,no
Master of Social Work Student York University,1,Master's College,I143685665,no
"Masters graduates , Faculty of Environmental Studies , York University",1,,,no
"Masters graduates, Faculty of Environmental Studies, York University",1,York University,I192455969,no
"Masters of Public Policy , Administration , and Law Faculty of Graduate Studies , York University",1,,,no
"Math and Statistics, York University",1,York University,I192455969,no
"Mathematics & Statistics, Centre for Disease Modelling, York University",1,York University,I192455969,no
"Mathematics Department, York UniversityEngland",1,York University,I192455969,no
Mathematics DepartmentYork UniversityYorkYO10 5DDUnited Kingdom,1,York University,I192455969,no
Mathematics and Statistics at York University,1,York University,I192455969,no
"Mathematics and Statistics, Centre for Disease Modelling, York University",1,York University,I192455969,no
Mathematics specialist based at the National STEM Learning Centre in York,1,,,no
"Maths Dept, Univ York",1,,,no
"Matthew Shaw has recently completed a D Phil at the University of York, titled ‘Time and the French Revolution, 1789 – Year XIV’ He can be contacted at 43a Linden Mansions, Hornsey Lane, Highgate, London N6 5LF (email ) The author would like to acknowledge the financial support of the British Academy for the doctoral work on which much of this article work is based",1,British Academy,I2800081431,no
"Maître de conférences en politique sociale comparée, Département de la politique sociale et du travail social, Université de York, courriel: antonios.roumpakis@york.ac.uk",1,,,no
"Maître de conférences en sociologie, Université de York, Grande-Bretagne",1,,,no
"Mechanical Engineering , Lassonde School of Engineering , York University",1,York University,I192455969,no
"Medical History, History of Psychiatry, and Histoire Sociale/ Social History, and is currently teaching medical history at York University",1,,,no
Mental Health and Addiction Research Group (MHARG) Department of Health Sciences HYMS University of York UK,1,,,no
"Mental Health and Addiction Research Group, Department of Health Sciences, University of YorkYork, UK",1,Mental Health Research UK,I2800739506,no
Mental Retardation Centre and York University,1,York University,I192455969,no
"Michael Webb is Senior Research Fellow at the Institute for Social and Economic Research, University of York, Heslington, York, USA",1,,,no
Mobilization Unit at York University,1,,,no
"Modelling Infection and Immunity Lab, Centre for Disease Modelling, Mathematics and Statistics, York University",1,,,no
"Modelling Infection and Immunity Lab, Mathematics Statistics, York University",1,York University,I192455969,no
"Modelling Infection and Immunity Lab, Mathematics and Statistics, York University",1,York University,I192455969,no
"Mother and Infant Research Unit, Department of Health Sciences, Area 4, Seebohm Rowntree Building, Heslington, York YO10 5DD, UK",1,,,no
"Mother and Infant Research Unit, Department of Health Sciences, Area 4, Seebohm Rowntree Building, Heslington, York YO10 5DD, UK. hs507@york.ac.uk",1,,,no
Mothercraft/Breaking the Cycle and York University,1,,,no
"Mr. Chacko is an economist in the United Nations Office for Ocean Economics and Technology. He was educated at Columbia College, the University of York (U.K.) and the Johns Hopkins University, where he was a Gilman Fellow. His special interests are in resource economics, international trade and finance, and operations research",1,United Nations | Johns Hopkins University,I1286959531 I145311948,no
Mr.Hartley is Lecturer in the Department of Economics at York University,1,,,no
"Mr.Hartley is a Senior Lecturer in the Department of Economics, York University",1,,,no
"Muscle Health Research Center and Physical Activity and Chronic Disease Unit, School of Kinesiology and Health Science, Faculty of Health, York University,",1,York University,I192455969,no
"Muscle Health Research Centre, Department of Kinesiology and Health Science York University",1,York University,I192455969,no
"Muscle Health Research Centre, Department of Kinesiology and Health Science, York University",1,York University,I192455969,no
"Muscle Health Research Centre, Kinesiology and Health Science York University",1,York University,I192455969,no
"Muscle Health Research Centre, Kinesiology and Health Science, York University",1,York University,I192455969,no
"Muscle Health Research Centre, York University; School of Kinesiology and Health Science, York University",1,York University,I192455969,no
"Muscle Health Research Centre, York University; School of Kinesiology and Health Science, York University; National Heart, Lung, and Blood Institute, National Institutes of Health",1,"National Heart, Lung, and Blood Institute",I4210106489,no
"Muscle Health Research Centre, School of Kinesiology and Health Science, Faculty of Health, York University",1,York University,I192455969,no
"My thanks are duo to Professor A. J. Culyer of the University of York, Professor C. K. Rowley and members of the Staff Graduate Seminar at the University of Newcastle upon Tyne for helpful suggestions and comments. N. Topham of the University of Salford has provided me with many valuable observations. I have also benefited greatly from the comments of my colleagues at Buckingham and from the criticisms of two anonymous referees. Responsibility for the final draft rests, of course, entirely with the author",1,Newcastle University,I84884186,no
"NHS CRD York University, York",1,York University,I192455969,no
"NHS Centre for Reviews and Dissemination, University of York, York, USA",1,Kleijnen Systematic Reviews (United Kingdom),I4210088647,no
"NICE Task Group on Economics, UK. kpcl@york.ac.uk",1,,,no
"NING YU, MSc, is a Medical Statistician at the Dundee Epidemiology and Biostatistics Unit of the University of Dundee. She also has a qualification on Health Economics gained from the University of York",1,University of Dundee,I177639307,no
"Nanocentre, Chemistry Department, Heslington, York, UK",1,,,no
Nathanson Centre for the Study of Organised Crime and Corruption and a Ph.D. Candidate at York University,1,York University,I192455969,no
"Nathanson Centre for the Study of Organized Crime and Corruption, York University",1,York University,I192455969,no
"National Centre for Atmospheric Science, Univeristy of York, York, YO10 5DD, UK",1,National Centre for Atmospheric Science,I4210112368,no
"National Institute for Health and Care Excellence, Centre for Health Economics, University of York 3rd Floor, 3 Piccadilly Place, Manchester, M1 3BN. Electronic address: james.koh@nice.org.uk",1,National Institute for Health and Care Excellence,I332035737,no
"National Primary Care Research & Development Centre, University of York, York, USA",1,,,no
"National Primary Care Research and Development Centre, Centre for Health Economics, York University, UK",1,Primary Health Care,I4210134505,no
"National Primary Care Research and Development Centre, University of Yark, Heslington, UK",1,,,no
"National Primary Care Research and Development Centre, York University, UK",1,Universities UK,I185658715,no
"National STEM Centre, York, UK",1,National Computing Centre (United Kingdom),I4210157630,no
"National STEM Learning Centre, York, UK",1,,,no
"National Science Learning Centre , York, UK",1,,,no
"National Science Learning Centre, York, UK",1,,,no
"Neurodynamics and Vision Lab-Centre for Vision Research, York University",1,York University,I192455969,no
"Neuroimaging Centre, York University, York",1,York University,I192455969,no
"Neuroimaging Centre, York University, York, United Kingdom",1,,,no
"Neuroscience Research Center (NEUREC), City College, University of York Europe Campus, 54622 Thessaloniki, Greece",1,,,no
"Neuroscience Research Center (NEUREC), City College, University of York Europe Campus, Thessaloniki, Greece, 546 22 Thessaloniki, Greece",1,,,no
"Now at York University, Department of Psychology",1,York University,I192455969,no
Nurse Educator for Critical Care Services York University,1,York University,I192455969,no
"Nurse Tutor, At The York and Scarborough College of Midwifery and Nursing",1,Scarborough General Hospital,I2801267896,no
"Nurse Tutor, At the York and Scarborough College of Midwifery and Nursing",1,Scarborough General Hospital,I2801267896,no
"Nurse tutor, At the York and Scarborough College of Midwifery and Nursing",1,Scarborough General Hospital,I2801267896,no
"Nursing, and Environmental Studies, Faculty of Health, York university",1,York University,I192455969,no
"Office Appliances Dept., Hewlett-Packard Laboratories, Filton Road, Bristol, BS12 6QZ, UK and Dept. of Psychology, U. of York, York Y01 5DD, UK",1,Hewlett-Packard (United Kingdom),I4210156325,no
"Office of Women's Health Research Chair in Mental Health , York University",1,,,no
"Office of Women's Health Research Chair in Mental Health,  Faculty of Health, York University",1,,,no
"On leave from Mathematics Department, York University, England",1,,,no
"Operations Management and Information Systems, Schulich School of Business - York University",1,York University,I192455969,no
"Organizational Behavior , York University , England ,",1,,,no
"Osgoode Hal Law School , York University. Research Council , 1975) ",1,,,no
Osgoode Hall Law School - York Uni,1,,,no
"Osgoode Hall Law School and Department of Sociology, York University. Consultant, Forensic Psychiatry, Clarke Institute of Psychiatry",1,,,no
"Osgoode Hall Law School of York University, Winter Semester 1970",1,,,no
"Osgoode Hall Law School of York University, adhir",1,York University,I192455969,no
"Osgoode Hall Law School of York University, bgeva",1,York University,I192455969,no
"Osgoode Hall Law School of York University, bslattery",1,York University,I192455969,no
"Osgoode Hall Law School of York University, dayscott",1,York University,I192455969,no
"Osgoode Hall Law School of York University, dpriel",1,York University,I192455969,no
"Osgoode Hall Law School of York University, etucker",1,York University,I192455969,no
"Osgoode Hall Law School of York University, harthurs",1,York University,I192455969,no
"Osgoode Hall Law School of York University, imcdougall",1,York University,I192455969,no
"Osgoode Hall Law School of York University, jcameron",1,York University,I192455969,no
"Osgoode Hall Law School of York University, jgilmour",1,York University,I192455969,no
"Osgoode Hall Law School of York University, jmosher",1,York University,I192455969,no
"Osgoode Hall Law School of York University, kmcneil",1,York University,I192455969,no
"Osgoode Hall Law School of York University, lphilipps",1,York University,I192455969,no
"Osgoode Hall Law School of York University, pgirard",1,York University,I192455969,no
"Osgoode Hall Law School of York University, rbuchanan",1,York University,I192455969,no
"Osgoode Hall Law School of York University, sbenishai",1,York University,I192455969,no
"Osgoode Hall Law School of York University, simai",1,York University,I192455969,no
"Osgoode Hall Law School, York Uni-versity",1,,,no
"Osgoode Hall Law School, York University and Director of the Disability Law Intensive clinical program",1,,,no
Osgoode Hall Law Shool of York University,1,York University,I192455969,no
"Outcomes Research Group, Centre for Health Economics, York University, UK",1,,,no
PSE002B York University,1,York University,I192455969,no
PSE134 York University,1,York University,I192455969,no
PSE256 York University,1,York University,I192455969,no
"Page-Cutrara School of Nursing, York University,",1,York University,I192455969,no
"Panorama des dispositifs , spécialisés ou non , existant en Europe et l'exemple du Royaume- Ministère de la santé Panorama des Chercheure à l'unité de recherche en politique sociale de l'université de York (",1,,,no
"Part time Lecturer in Accounting and Finance, York University, UK",1,Universities UK,I185658715,no
"Partners of The Institute of Team Management Studies, Studies, 128 Holgate Road, York, YO2 4DL, England",1,,,no
"Paul E. Lovejoy: catedrático del Departamento de Historia de la Universidad de York, director del Centro de Recursos para la Diáspora Africana Harriet Tubman y miembro del Comité Científico de la Ruta del Esclavo de la unesco. Algunas de sus publicaciones son: Hugh Clapperton al centro de África: Actas de la segunda expedición 1825-1827, Leiden, Brill, coeditado con Jamie Bruce Lockhart, 2005",1,,,no
"Paul Johnson is a Research Officer at the IFS. Peter Lambert is a lecturer at York University and a Research Associate at the IFS. The authors are grateful to the ESRC for financial support (grant B00/23/2077 and grant WB00222009 respectively), and also to the Dept. of Employment for providing FES data. The authors take full responsibility for all subsequent analysis of the data",1,,,no
"Pesquisadora Departamento de Ciências da Saúde, Universidade de York, York, Yorkshire YO10 5DD, Reino Unido",1,United Nations Industrial Development Organization,I1325620243,no
"Peter H. Waxer: , Department of Psychology and The Counseling and Development Center, York University",1,,,no
"Peter Shuttleworth obtained his PhD at the University of York on switchable starch adhesives. Utilizing his background, he further developed the understanding of biomaterial–microwave interactions. Afterwards, he obtained a Juan de la Cierva fellowship and now conducts his research at the Institute of Polymer Science and Technology, National Scientific Research Council (Madrid, Spain) in the areas of biomaterials, polymer physics and polymer–nanomaterial interactions",1,,,no
"Ph.D, Department of Sociology, York University",1,York University,I192455969,no
"Ph.D. Candidate School of Gender, Sexuality and Women's Studies York University",1,York University,I192455969,no
"Ph.D. Candidate and Faculty of Graduate Studies, York University, School of Nursing,",1,York University,I192455969,no
"Ph.D. Candidate, Department of Sociology, York University",1,York University,I192455969,no
"Ph.D. Student, Department of Geography, York University",1,Institute of Geography of the Slovak Academy of Sciences | Institute of Geography,I4210158283 I4210105409,no
"Ph.D. candidate in the Department of Political Science , York University",1,York University,I192455969,no
"Ph.D. candidate in the Department of Political Science, York University",1,,,no
"Ph.D., Assistant Professor, Department of Social Science , York University",1,York University,I192455969,no
"PhD (c) , Social & Poli tico l Thought , York University. Introducclon",1,,,no
"PhD Candidate
Faculty of Environmental Studies
York University",1,York University | Candid,I192455969 I4210144560,no
PhD Candidate Department of Sociology York University,1,York University | Candid,I192455969 I4210144560,no
PhD Candidate York University,1,York University | Candid,I192455969 I4210144560,no
"PhD Candidate, Division of Humanities, York University",1,,,no
"PhD Candidate, Faculty of Education, York University",1,York University | Candid,I192455969 I4210144560,no
"PhD Candidate, Osgoode Hall Law School, York",1,Candid,I4210144560,no
"PhD Candidate, Socio-Legal Studies Department, York University",1,York University,I192455969,no
PhD MITACS Post-Doctoral Fellow York University,1,York University,I192455969,no
PhD Student Faculty of Education York University,1,York University,I192455969,no
"PhD Student, Critical Disability Studies York University",1,York University,I192455969,no
"PhD Student, Department of Politics, York University",1,York University,I192455969,no
"PhD Student, York University, Critical Disability Studies",1,,,no
"PhD Student, York University, School of Social Work",1,York University,I192455969,no
PhD student at York University,1,York University,I192455969,no
"PhD student, Department of History, York University",1,York University,I192455969,no
"PhD student, in Gender, Feminist and Women's Studies, York University",1,Women's and Gender Studies et Recherches Féministes | York University,I4210112977 I192455969,no
Phd in European History at York University,1,,,no
"Philosophy Department, York University",1,York University,I192455969,no
"Philosophy and Law, York University",1,York University,I192455969,no
Philosophy at York University and Africa,1,University of Africa,I4210151244,no
"Philosophy, York University, Dept. of Philosophy",1,York University,I192455969,no
"Physics & Astronomy, York University",1,York University,I192455969,no
"Physics Department of Faculty of Science and Music Department of Faculty of Fine Arts, York University",1,York University,I192455969,no
"Physics and Astronomy, York University",1,York University,I192455969,no
"Physics, Pocklington School, York, England",1,,,no
Planetary Science Institute and York University,1,Planetary Science Institute | York University,I1302918504 I192455969,no
"Policy Department, Faculty of Administrative Studies at York University",1,York University,I192455969,no
"Political Science Department , York University ,",1,York University,I192455969,no
Political Science York University,1,York University,I192455969,no
"Política naUniversidade de York , Inglaterra",1,,,no
"Post-Doctoral Visitor, Department of Political Science, York University",1,York University,I192455969,no
"Postdoctoral Fellow, Department of Sociology, York University",1,York University,I192455969,no
"Postdoctoral Fellow, Science and Technology Studies Unit, University of York, New York, USA",1,,,no
"Postdoctoral fellow at OpenLab and a postdoctoral visitor at the School of Health Policy and Management at York University, with interests in operational modelling and patient experience research",1,,,no
Postdoctoral fellow in the School of Health Policy and Management at York University,1,,,no
"Postgraduate Area, 2nd Floor, HYMS, University of York, York, UK",1,,,no
"Present address: Biology Department, York University",1,York University,I192455969,no
"Profesor Asociado en la Facultad de Educación de la Universidad de York,",1,,,no
"Profesor de Política Social Comparativa, Departamento de Política Social y Trabajo Social, Universidad de York (Reino Unido)",1,United Nations Industrial Development Organization,I1325620243,no
"Profesor de Política Social Comparativa, Departamento de Política Social y Trabajo Social, Universidad de York (Reino Unido); dirección electrónica: antonios.roumpakis@york.ac.uk",1,,,no
"Profesor de la Universidad de York ,",1,Universidad de Los Andes,I4210143738,no
"Profesor en la Facultad de Ciencias Políticas , York University",1,,,no
Professeur adjoint au Département de science politique de l'Université York,1,,,no
"Professeur agrégé, School of Human Resource Management, Université York",1,Division of Human Resource Management | York University,I4210153428 I192455969,no
"Professeur associé, Schulich School of Business, York University",1,York University,I192455969,no
Professeur au Département de science politique à l' Université York . 163,1,,,no
Professeur au Département de science politique à l'Université York. 163,1,York University,I192455969,no
"Professeur d'économie, il dirige le Centre for Health Economics, université de York (Royaume-Uni). Ses travaux portent notamment sur le financement, les performances et l'efficience des systèmes de santé",1,,,no
Professeur à l'université de York,1,,,no
"Professeur à l’université de York, Glendon College",1,,,no
"Professeur, Department of Social Science, Faculty of Liberal Arts and Professional Studies, York University",1,York University,I192455969,no
"Professeur, Département de science politique, Université York",1,York University,I192455969,no
"Professeur, Schulich School of Business, York University",1,York University,I192455969,no
Professeure adjointe au département de science sociale de l’Université York,1,York University,I192455969,no
Professeure agrégée émérite et Senior Scholar Collège universitaire Glendon-University York,1,,,no
"Professeure, Université York",1,York University,I192455969,no
Professor Emeritus York University,1,York University,I192455969,no
Professor Emeritus and Senior Scholar at York University,1,York University,I192455969,no
"Professor Emeritus and Senior Scholar at York University, and a former Editor of Journal of the History of the Behavioral Sciences",1,,,no
"Professor Emeritus and Senior Scholar at York University, and a former Editor of Journal of the History of the Behavioral Sciences ",1,,,no
"Professor Emeritus and senior scholar, York University",1,York University,I192455969,no
"Professor Emeritus of Finance and Senior Scholar, School of Administrative Studies , York University",1,York University,I192455969,no
"Professor Emeritus, Faculty of Health, York University",1,York University,I192455969,no
"Professor Emeritus, Indigenous Studies Program, Humanities Department, York University",1,,,no
"Professor Emeritus, School of Health Policy and Management, York University",1,York University,I192455969,no
"Professor South-east European Research Centre CITY College , University of York Europe Campus",1,South East European Research Centre,I4210160097,no
"Professor and Dean, Faculty of Education at York University",1,York University,I192455969,no
"Professor and York Research Chair in Pluralism and Public Law Osgoode Hall Law School, York",1,,,no
Professor and former Dean Osgoode Hall Law School; Professor Emeritus York University,1,,,no
"Professor at York University, is the author of African Trade Unions (1966), Social Mobility and Political Change (1970), Writers in Prison (1990) and Cultural Studies and Beyond: Fragments of Empire (1995)",1,,,no
"Professor emeritus, School of Health Policy and Management, York University",1,York University,I192455969,no
Professor in the School of Administrative Studies at York University,1,,,no
"Professor in the School of Business, York University, York, UK",1,,,no
Professor of Biology in the Yorkabire College. Nature,1,,,no
Professor of Chemistry and Physics in the Yorkshire College of Science,1,York College,I4210135528,no
Professor of Fine Arts/Cultural Studies at York University,1,,,no
"Professor of Health Policy and Management, York University",1,York University,I192455969,no
"Professor of Law and Head of Department, York Law School",1,New York Law School,I196677622,no
"Professor of Law, Georgetown University Law Center, LL.B., University of Jordan; LL.M., University of Bristol, UK; MA Philosophy, University of York, York, UK; S.J.D., Harvard",1,University of Bristol | Georgetown University,I36234482 I184565670,no
"Professor of Law, Osgoode Hall Law School, York University. 1990",1,York University,I192455969,no
"Professor of Law, Osgoode Hall Law School, York University; Scholar in Resi-dence,",1,York University,I192455969,no
"Professor of Literature and Women's Studies , York University ,",1,York University,I192455969,no
"Professor of Literature and Women's Studies, York University",1,,,no
"Professor of Organisational Behaviour, Faculty of Administrative Studies, York University",1,York University,I192455969,no
"Professor of Organization Behavior, Faculty of Administrative Studies, York University. Dr Burke's research interests include: occupational stress and health, career development in organizations",1,York University,I192455969,no
"Professor of Organization Behavior, Faculty of Administrative Studies, York University. Dr Burke’s research interests include: occupational stress and health, career development in organizations",1,York University,I192455969,no
"Professor of Philosophy , York University",1,York University,I192455969,no
"Professor of Philososphy, York University",1,York University,I192455969,no
"Professor of Political Science, York University and Director, York Centre for Practical Ethics",1,York University,I192455969,no
"Professor of Political Science, York University and Master of McLaughlin College",1,McLaughlin Research Institute | York University,I4210160556 I192455969,no
"Professor of Politics,
        University of York, USA",1,New York University,I57206974,no
"Professor of Psychology, York University",1,York University,I192455969,no
Professor of the History of Science and Medicine at York University,1,York University,I192455969,no
"Professor,
        Department of Mathematics and Statistics, York University, York",1,York University,I192455969,no
"Professor, Cinema & Media Arts, York University",1,,,no
"Professor, Department of Anthropology , York University",1,York University,I192455969,no
"Professor, Department of Psychology and School of Kinesiology and Health Science, York University",1,York University,I192455969,no
"Professor, Department of Sociology, York University, UK",1,,,no
"Professor, Faculty of Environmental Studies, York University",1,York University,I192455969,no
"Professor, Glendon College, York University",1,York University,I192455969,no
"Professor, Osgoode Hall Law School, York University. 1980",1,,,no
"Professor, School of Heath Policy and Management, York University",1,,,no
"Professor, School of Social Work, York University and Academic Director, Youth Research & Evaluation eXchange (YouthREX)",1,York University | Youth Research and Evaluation eXchange,I192455969 I4210159321,no
"Professor, School of the Arts, Media, Performance, & Design, York University,",1,,,no
"Professor, York University , School of Nursing ,",1,New York University | York University,I57206974 I192455969,no
"Professor, York University, School of Nursing,",1,York University,I192455969,no
"Professor. Department of Psychology, University of York, England, and Psykologisk Institut, Copenhagen",1,,,no
Professor» | Fine Arts Cultural Studies York University,1,,,no
"Program for the Automatic Solution of Crystal Structures from X-ray Diffraction Data. Univ. of York, England, and Louvain, Belgium, 1978",1,,,no
"Programme d’Études des femmes, Université York",1,York University,I192455969,no
"Programme in Social and Political Thought , York University",1,York University,I192455969,no
"Programme in Social and Political Thought, York University",1,,,no
"Properties Presentation Department of English Heritage, and an Honorary Visiting Fellow of the University of York",1,English Heritage,I1338293689,no
Psychology Department York University England UK,1,,,no
"Psychology Department, CITY College , University of York Europe Campus , Leontos Sofou 3 , Thessaloniki , Greece",1,,,no
"Psychology Department, CITY College, University of York Europe Campus, Thessaloniki, Greece",1,,,no
"Psychology Department, York University, England, UK",1,,,no
Psychology York University,1,York University,I192455969,no
"Psychology, Centre for Vision Research, York University",1,York University,I192455969,no
"Public Sector Management Group The York, Management School The University of Yor",1,,,no
"Publications Department , York University",1,York University,I192455969,no
"Publications Department, York University",1,York University,I192455969,no
"Purevdorj Tuvaandorj Department of Economics, York University",1,York University,I192455969,no
"Quantitative Methods Program , Department of Psychology , York University",1,Quantitative BioSciences,I4210098931,no
Quantitative Methods Program Department of Psychology York University,1,York University,I192455969,no
"Quaternary Surveys, York University, Department of Geography",1,York University,I192455969,no
"Queen Ethelburga's School, York, UK",1,,,no
"Queen Ethelburgas Collegiate, York, England",1,Queen Margaret's,I4210156303,no
"RN, PhD, Associate Professor, School of Nursing, York University",1,York University,I192455969,no
"Radiology Department, York University, York, UK",1,,,no
"Real Time Syst. Group, York Univ., UK",1,Universities UK,I185658715,no
"Real-Time & High-Integrity Syst. Eng. Groups, York Univ., UK",1,Universities UK,I185658715,no
"Real-Time Syst. Res. Group, Univ. of York, Paris, France",1,,,no
"Real-Time Syst. Res. Group, York Univ., UK",1,Universities UK,I185658715,no
"Refugee Law Lab, York University",1,Refugee Council,I4210108999,no
Reinforcement Learning Group at York University,1,York University,I192455969,no
"Research Associate (Dr Brierley-Jones), Department of Sociology, York University, United Kingdom",1,,,no
Research Associate Tsotsos Lab Lassonde School of Engineering York University,1,York University,I192455969,no
"Research Associate at the Centre for International and Security Studies, York University",1,,,no
"Research Associate, Department of Health Sciences and Clinical Evaluation , Alcuin College , York , UK",1,,,no
"Research Department, Centre for Research in Health and Development (CRIHDev), York, UK",1,,,no
"Research Fellow (Nursing), Centre for Health Economics, York, England",1,York Teaching Hospital NHS Foundation Trust,I4210113900,no
"Research Fellow in Public Health , Department of Health Sciences , Université de York ,",1,,,no
"Research Fellow, Centre for Health Economics, York University",1,York University,I192455969,no
"Research Fellow, York Center for Asian Research York University",1,York University,I192455969,no
Research Network at York University,1,,,no
Research Professor of Philosophy York University,1,York University,I192455969,no
"Research Unit , Centre for Refugee Studies , York University",1,Refugee Council,I4210108999,no
Research in e-Librarianship York University,1,,,no
"Researcher, York University",1,York University,I192455969,no
"Richard Bryant graduated from Hull University in 1967 and then did research into community work at York University. Since 1970 he has been a lecturer in the Department of Social Administration and Social Work, Glasgow University",1,University of Hull,I191240316,no
"Richard Grimes, Director of Clinical Programmes, York Law School, England",1,,,no
"Rifcon GmbH, Goldbeckstrasse 13, 69493 Hirschberg an der Bergstrasse, Germany; University of York, Dept. Environment & Geography, York, YO10 5NG, UK. Electronic address: Thomas.Martin@rifcon.de",1,RIFCON GmbH (Germany),I4405258816,no
"Rouen Business School,York University",1,Université de Rouen Normandie | York University,I62396329 I192455969,no
"SEERC - South East European Research Centre, Thessaloniki, Greece + CITY College, University of York Europe Campus, Thessaloniki, Greece",1,South East European Research Centre,I4210160097,no
SOCIOLOGY DEPARTMENT YORK UNIVERSITY,1,York University,I192455969,no
"SOCIOLOGY, YORK UNIVERSITY",1,York University,I192455969,no
"SOCIOLOGY, YORK UNIVERSITY, UK",1,,,no
Saint Alcuin Of York Anglican College,1,,,no
"Saint Alcuin Of York Anglican College, Chile",1,,,no
Saint Alcuin Of York Anglican College/Chile,1,,,no
"Sam has a BSc(Hons) in Psychology (University of York), MEd in Learning and Teaching in HE (Aston University), and PhD in Vision Science (University of Bradford). She joined Aston University (UK) in 2019 and is currently an optics lecturer and Year 1 Lead within the School of Optometry. She is the author of Introduction to Visual Optics: A Light Approach , and is a graphic designer and illustrator in her spare time. She also has two beautiful cats and is passionate about cups of tea",1,Aston University,I169199633,no
"Sam has a BSc(Hons) in Psychology (University of York), MEd in Learning and Teaching in HE (Aston University), and PhD in Vision Science (University of Bradford). She joined Aston University (UK) in 2019 and is currently an optics lecturer and Year 1 Lead within the School of Optometry. She is the author ofIntroduction to Visual Optics: A Light Approach, and is a graphic designer and illustrator in her spare time. She also has two beautiful cats and is passionate about cups of tea",1,Aston University,I169199633,no
"Sarah Burwood is a teacher trainer at Vancouver Community College, Vancouver, Canada, where she trains native and non-native speaker teachers to teach ESL/EFL to adults and children. She has an MATEYL from the University of York and previously managed young learners’ courses at Bell and Studio Schools in Cambridge. Sarah co-authored Projects for Young Learners in the Oxford Resource Books for Teachers series",1,Vancouver Community College,I143662934,no
Scanwell Health; York University,1,York University,I192455969,no
"School for Business and Society, York, UK",1,Hult International Business School,I180507712,no
"School for Businesses and Society , Univeristy of York ,",1,,,no
"School o Kinesiology and Health Science, York University",1,York University,I192455969,no
"School of Administrative Studies (Ng), York University",1,York University,I192455969,no
"School of Administrative Studies , York University",1,,,no
School of Administrative Studies – York University,1,,,no
"School of Administrative Studies, Atkinson Faculty of Liberal and Professional Studies, York University",1,York University,I192455969,no
"School of Administrative Studies, Atkinson Faculty, York University",1,York University | Atkins (United Kingdom),I192455969 I4210094877,no
"School of Business, York University ,",1,York University,I192455969,no
"School of Chemical Engng., The University, Bradford 7, Yorks, U. K",1,University of Bradford,I139894009,no
"School of Chemistry, York University, UK",1,Universities UK,I185658715,no
"School of Education, Language and Psychology, University of York St John",1,York St John University,I124246371,no
"School of Electrical Engineering and Computer Science, York University",1,York University,I192455969,no
"School of Electrical and Electronic Engineering, University of York,Leeds,UK",1,University of Leeds,I130828816,no
School of Engineering in York University,1,,,no
"School of Gender, Sexuality and Women’s Studies, York University",1,Gender Studies | York University,I4210089577 I192455969,no
"School of Global Health, York University;",1,York University,I192455969,no
School of HRM at York University,1,,,no
"School of HRM, York University , ,",1,York University,I192455969,no
School of Health Policy & Management York University,1,,,no
"School of Health Policy and Management
Faculty of Health, York University",1,York University,I192455969,no
School of Health Policy and Management York University,1,Department of Health,I4210114239,no
School of Health Policy and Management York University Emergency Department University Health Network Associate Professor,1,University Health Network,I1325899441,no
School of Health Policy and Management in the Faculty of Health at York University,1,Department of Health,I4210114239,no
"School of Health Policy and Management, Faculty of Health, York University‬‬",1,York University,I192455969,no
"School of Health Policy and Management, School of Administrative Studies, York University",1,York University,I192455969,no
"School of Health Policy and Management, York University, UK",1,,,no
"School of Health and Policy Management, York University",1,Department of Health,I4210114239,no
"School of Human Resource Management, York University , ,",1,Division of Human Resource Management,I4210153428,no
"School of Kinesiology and Health ScienFaculty of Health, York University",1,York University,I192455969,no
"School of Kinesiology and Health Science , York University",1,York University,I192455969,no
"School of Kinesiology and Health Science , York University Faculty of Graduate Studies ,",1,York University,I192455969,no
"School of Kinesiology and Health Science, Faculty of Health, Muscle Health Research Centre, York University",1,York University,I192455969,no
"School of Kinesiology and Health Science, York University Faculty of Graduate Studies,",1,York University,I192455969,no
"School of Kinesiology and Health Science, York University,",1,York University,I192455969,no
"School of Kinesiology and Health Sciences, Department of Psychology, York University",1,York University,I192455969,no
"School of Management, York University, United Kingdom",1,,,no
"School of Management,York University,UK",1,,,no
"School of Nurs- ing , Faculty of Health , York University",1,,,no
"School of Nursing (Biondi), York University",1,York University,I192455969,no
"School of Nursing, York University Centre for Aging Research and Education, Faculty of Health,",1,York University,I192455969,no
"School of Nursing, York University Centre for Aging Research and Education, Faculty of Health, York University",1,York University,I192455969,no
"School of Nursing, York University,",1,York University,I192455969,no
"School of Oriental and African Studies, University of York",1,SOAS University of London,I31575130,no
School of Public Policy & Administration Tel. 416-736-2100 Ext. 77276 York University,1,,,no
"School of Public Policy & Administration, York University",1,York University,I192455969,no
School of Public Policy and Administration York University,1,,,no
"School of Science, Department of Psychology, University of York, Europe Campus, Thessaloniki, Greece",1,,,no
"School of Social Work , Faculty of Arts & Professional Studies , York University",1,York University,I192455969,no
"School of Social Work , York University GS/SOWK 5450",1,York University,I192455969,no
"School of Social Work , York University Practice Based Research Paper",1,International Paper (United States),I197817023,no
School of Social Work York University,1,,,no
School of Social Work York University Understandings,1,York University,I192455969,no
School of Social Work at York University and chair of the CASWE-ACFTS Queer Caucus,1,York University,I192455969,no
"School of Social Work, Faculty of Arts & Professional Studies, York University",1,York University,I192455969,no
"School of Social Work, Faculty of Liberal Arts and Professional Studies, York University",1,Liberal Arts University,I4210153320,no
"School of Social Work, York University and",1,York University,I192455969,no
"School of Social Work, York University,",1,York University,I192455969,no
School of Social WorkYork University,1,,,no
School of Women's Studies at York University,1,Shoin University,I3130955099,no
"School of the Arts , York , UK",1,University of the Arts London,I86211378,no
"School of university of York. Chengdu, China",1,Chengdu University,I4210125143,no
"Schulich School of Business , York University , UK",1,,,no
"Schulich School of Business , York University , and Postdoctoral Research Fellow at the Ross School of Business ,",1,Ross School,I4210096135,no
"Schulich School of Business, York University and",1,York University,I192455969,no
"Schulich School of Business, York University, 2Schulich School of Business, York University and 3Faculty of Management, University of Lethbridge",1,University of Lethbridge | York University,I107949126 I192455969,no
"Schulich School of Business, York University, York, UK",1,,,no
"Science Education Group, York University, UK",1,,,no
"Science and Technology Studies, Humanities , York University",1,York University,I192455969,no
"Science and Technology Studies, Humanities, York University",1,York University,I192455969,no
"Science and Technology Studies, York University",1,York University,I192455969,no
"Science in Nursing Student , York University",1,York University,I192455969,no
"Science, Technology, and Humanities Program at York University",1,York University,I192455969,no
Senior Lecturer Deputy Director York Trials,1,,,no
"Senior Lecturer in Finance, The York Management School, United Kingdom",1,,,no
"Senior Research Affiliate , SEI University of York , Environment Department , Stockholm Environment Institute (SEI) , York , UK Address: Am Nachtigallental 28 , 45149 Essen , Germany",1,Stockholm Environment Institute,I1340161457,no
"Senior Research Fellow , York University Centre for Public Law and Public Policy ,",1,,,no
"Senior Research Fellow in Medical Statistics, Centre for Health Economics, liniversity o f York",1,,,no
"Senior Research Fellow, York University",1,York University,I192455969,no
"Senior Scholar, Psychology Department, York University",1,York University,I192455969,no
"Senior member of The Institute of Team Management Studies, York England",1,,,no
"Sexual Health and HIV Research Unit, Department of GU Medicine, York, UK",1,Lothian Sexual Health,I4210125873,no
"Shanghai Key Laboratory of Atmospheric Particle Pollution and Prevention (LAP3), Department of Environmental Science and Engineering, Fudan University, Shanghai 200433, China; Green Chemistry Centre of Excellence, Department of Chemistry, University of York, York YO10 5DD, United Kingdom",1,,,no
"Shanghai Key Laboratory of Atmospheric Particle Pollution and Prevention (LAP3), Department of Environmental Science and Engineering, Fudan University, Shanghai 200438, China; Green Chemistry Centre of Excellence, Department of Chemistry, University of York, York, YO10 5DD, UK",1,,,no
"Shanghai Key Laboratory of Atmospheric Particle Pollution and Prevention (LAP3), Department of Environmental Science and Engineering, Fudan University, Shanghai, 200438, China; Green Chemistry Centre of Excellence, Department of Chemistry, University of York, York, YO10 5DD, UK",1,,,no
"Simon J. Graham From the Department of Kinesiology and Health Science, York University (W.R.S.)",1,York University,I192455969,no
"Simon Smith is a freelance teacher and teacher trainer. He has lived and worked in Sudan, China, Saudi Arabia, Hungary, the Czech Republic, and Poland. He is currently based in Britain and is a tutor and supervisor on the University of York's MA (by distance) in Teaching English to Young Learners. He also works on training courses for the Norwich Institute for Language Education and Sue Leather Associates. He is especially interested in trainer training and in working with young learner teachers who teach in low-tech classrooms",1,Norwich University,I169768744,no
"Sketch Working Arts and Faculty of Environmental & Urban Change, York University",1,York University,I192455969,no
"Skin Research Centre, York University, York, UK",1,,,no
"Social History Project, York University",1,York University,I192455969,no
"Social Policy Research Unit , Faculty of Social Sciences, , York ,",1,Social Policy Research Associates (United States) | Department of Social Sciences,I4210104629 I4210120228,no
Social Science York University,1,York University,I192455969,no
"Social Science at York University, ToJont<i, (' uuad",1,York University,I192455969,no
"Social and Political Thought Program
York University",1,York University,I192455969,no
Social and Political Thought Program York University,1,York University,I192455969,no
"Sociology Department, York University",1,York University,I192455969,no
"Sociology, York University, UK",1,,,no
Sonya Sikka is Assistant Professor of Philosophy at the University of Ottawa. She received her D. Ph. in Philosophy from the University of York in England. Her main fields of interest are Continental Philosophy and Philosophy of Religion,1,University of Ottawa,I153718931,no
Sound and Moving Image Library York University,1,,,no
"Source of Law *Professor, Osgoode Hall Law School of York University",1,,,no
"South East European Research Center (SEERC); Department of Psychology, University of York Europe Campus, CITY ULE, Thessaloniki, Greece",1,South East European Research Centre,I4210160097,no
"South East European Research Centre (SEERC), Business Administration and Economics at City College, University of York Europe Campus, Thessaloniki, Greece",1,South East European Research Centre,I4210160097,no
"South Tees Hospitals NHS Trust, and lecturer practitioner in Diabetes, Department of Health Sciences, Alcuin C, University of York, York YO10 5DD",1,,,no
"South-East European Research Centre (SEERC), CITY College Thessaloniki - University of York, Thessaloniki, Greece",1,South East European Research Centre,I4210160097,no
"South-East European Research Centre (SEERC), CITY College, The University of York Europe Campus, Thessaloniki, Greece",1,South East European Research Centre,I4210160097,no
"South-East European Research Centre (SEERC), Proxenou Koromila 24, Thessaloniki, Greece, CITY College, University of York Europe Campus, 3, Leontos Sofou Street, 546 26 Thessaloniki, Greece",1,South East European Research Centre,I4210160097,no
"South-East European Research Centre-CITY College, University of York Europe Campus, Thessaloniki, Greece",1,South East European Research Centre,I4210160097,no
"South-east European Research Centre City College, University of York Europe Campus, Greece",1,South East European Research Centre,I4210160097,no
"Southeast European Research Centre, BAED City College University of York Europe Campus, Thessaloniki, Greece",1,South East European Research Centre,I4210160097,no
Space Engineering at York University,1,Space Engineering University | Department of Space,I4210148107 I3148377317,no
"Special Edition Editor, Law, Governance & Ethics York University",1,York University,I192455969,no
"Speech and Psycholinguistics Lab, Department of Languages, Literatures, and Linguistics York University",1,Max Planck Institute for Psycholinguistics,I4210089003,no
"Speech and Psycholinguistics Lab, Department of Languages, Literatures, and Linguistics, York University",1,York University,I192455969,no
"Sprott School of Business, York University",1,York University,I192455969,no
"Stagiaire postdoctoral et chargé de cours, Université York",1,National Postdoctoral Association | York University,I4210104914 I192455969,no
"Stevi Jackson est professeure d’Études féministes et directrice du Centre d’études féministes à l’Université de York, au Royaume-Uni. Ses principaux sujets de recherche sont la théorie féministe, la sexualité et les relations intimes, et elle est l’auteure de nombreux ouvrages, parmi lesquels Christine Delphy (Sage, 1996), Heterosexuality in Question (Sage, 1999) et Theorizing Sexuality, avec Sue Scott (Open University Press, à paraître en 2010). Elle a coédité, avec Liu Jieyu et Woo Juhyun, East Asian Sexualities (Zed, 2008)",1,,,no
"Stockholm Environment Institute, Environment Building, Wentworth Way, University of York, York, U.K",1,Stockholm Environment Institute,I1340161457,no
"Structural Biology Laboratory, Chemistry Department, University of YorkYorkYO10 5DDUK",1,Chukyo University,I98940699,no
"Student, School of Health Policy and Management, York University",1,York University,I192455969,no
Student. York University,1,York University,I192455969,no
Studies at York University's,1,York University,I192455969,no
Sue Lees attended the Applied Social Studies course at the L.S.E. and worked in probation and child care. Since taking a degree in psychology in the evenings at Birkbeck she has taught Human Growth and Development and Groupwork at the Middlesex Polytechnic and York University where she is now a Lecturer in Social Work,1,,,no
"Sukanya Podder (PhD Post War Recovery Studies, University of York, UK) is Assistant Professor at the Centre for International Security and Resilience, Cranfield University (Defence Academy of the United Kingdom, Shrivenham). She is co-editor of Child Soldiers: From Recruitment to Reintegration (Palgrave Macmillan, 2011). Recent work has been published in Civil Wars, International Peacekeeping, Contemporary Security Policy, Journal of Intervention and Statebuilding and Politics, Religion and Ideology",1,Defence Academy of the United Kingdom,I933054736,no
"Susan Stepney is a principal consultant in Logica UK's security practice, specialising in the application of formal methods, and a visiting professor of computer science at York University. She is a Chartered Engineer and a professional Member of the BCS. Information about Z is at http://archive.comlab.ox.ac.uk/z.html",1,National Archives,I1327838971,no
"Sveučilište u Yorku, Odjel za povijest umjetnosti, York, Velika Britanija",1,Institute of Art History,I4210097228,no
"Taught EFL in Austria, Thailand, Brunei, and Spain, and is currently Director of the Centre for International Studies in Education at the University of Newcastle. He has an RSA Diploma in TEFL, an MSc in Teaching English from Aston University, and a DPhil from the University of York. His current research interest is in applying CA methodology to the analysis of L2 classroom interaction",1,,,no
"Teacher, Rawcliffe Infant School, York",1,Infant,I4210101467,no
"Teaches Political Science , York University, Research Associate at York's Centre for International and Security Studies",1,York University,I192455969,no
"Teaches Political Science, York University, Research Associate at York's Centre for International and Security Studies",1,,,no
"Teaches Politics and Women’s Studies,
        University of York, USA",1,,,no
"Teaches history , York University",1,York University,I192455969,no
"Teaches history, York University",1,York University,I192455969,no
Teaches in the English Department of York University,1,York University,I192455969,no
"Teaches in the Religious Studies Programme at York University. He is the editor of And the Birds Began to Sing: Religion and Literature in Post-Colonial Cultures (Editions Rodopi BV, 1996)",1,,,no
"Teaching Stream Department of Economics , York University",1,York University,I192455969,no
"Teaching in the English department , York University",1,York University,I192455969,no
Technology Studies at York University,1,York University,I192455969,no
"Telecommun. Syst., York Univ., UK",1,,,no
"Teresa da Silva Lopes est professeur d'économie internationale et d'histoire économique à l'Université de York, directrice du Centre for the Evolution of Global Business and Institutions (CEGBI). Elle est également présidente de l'Association of Business Historians (ABH) et de la Business History Conference (BHC). Elle a dirigé avec Christina Lubinski et Heidi Tworek The Routledge Companion to the Makers of Global Business, Londres, Routledge, 2019",1,,,no
"Teresa da Silva Lopes est professeur d’économie internationale et d’histoire économique à l’Université de York, directrice du Centre for the Evolution of Global Business and Institutions (CEGBI). Elle est également présidente de l’Association of Business Historians (ABH) et de la Business History Conference (BHC). Elle a dirigé avec Christina Lubinski et Heidi Tworek The Routledge Companion to the Makers of Global Business, Londres, Routledge, 2019",1,,,no
The CUMIS Group York University,1,York University,I192455969,no
"The Centre for Biomedical Accelerator Mass Spectrometry, Sand Hutton, York, United Kingdom",1,,,no
"The Centre for Vision Research, York University",1,York University,I192455969,no
"The Centre for Women's Studies , The University of York , USA ; The Centre for Women's Studies , The University of York , USA",1,,,no
"The Centre for Women's Studies, The University of York, USA ; The Centre for Women's Studies, The University of York, USA",1,Centre for Women's Development Studies,I4210149184,no
"The Department of Dance, School of Art, Media, Performance and Design, York University",1,York University,I192455969,no
"The Department of Electrical Engineering & Computer Science, York University",1,York University,I192455969,no
The Faculty of Environmental Studies at York University,1,York University,I192455969,no
"The Hull York Medical School, University of York, Heslington, York, United Kingdom",1,Hull York Medical School,I69768126,no
"The Intensive Programme in Criminal Law at Osgoode Hall Law School, York",1,,,no
"The James Cook University Hospital, Middlesbrough TS4 3BW, UK Nuffield Department of Orthopaedics, Rheumatology and Musculoskeletal Sciences, University of Oxford, Oxford OX3 7HE, UK York Trials Unit, Department of Health Sciences, University of York, York YO10 5DD, UK amar.rangan@york.ac.uk",1,,,no
"The Plant Laboratory, Biology Department, P.O. Box No 373, York, YO10 5YW UK",1,,,no
"The School of Human Resource Management, York University",1,Division of Human Resource Management | York University,I4210153428 I192455969,no
The School of Social Work York University,1,York University,I192455969,no
"The University of York Europe Campus,South-East European Research Centre (SEERC) CITY College,Thessalonki,Greece",1,South East European Research Centre,I4210160097,no
The University of York St John Lord Mayor's Walk York YO31 7EX U.K,1,York St John University,I124246371,no
"The University of York, Graz, Austria",1,University of Graz,I15766117,no
"The University of York, USA",1,,,no
"The University of York, United States",1,,,no
"The University of Yorl, York, UK",1,,,no
"The York Management School, U. of York",1,,,no
"The York Nanocentre, Unniversity of York, York, Royaume Uni",1,,,no
"The author is from Dipartimento di Economia, Università dell'Insubria, Varese, Italy. The earlier version of this paper is based on part of his PhD thesis at the University of York, UK",1,University of Insubria,I115752224,no
"The author is from Dipartimento di Economia, Università dell'Insubria, Varese, Italy. The earlier version of this paper is based on part of his PhD thesis at the University of York, UK",1,University of Insubria,I115752224,no
"Theatre and Performance Studies, ISNI: 0000000419369430 York University",1,York University,I192455969,no
"This lecture was prepared for the 38th annual conference of the Money, Macro and Finance Research Group, September 2006, University of York. I would like to thank my colleagues Bob Cumby, Behzad Diba and Dale Henderson for many discussions on these topics; however, the responsibility for the views expressed here is mine",1,,,no
"This work was done during the author's visit to the University of York, where hospitality, especially that of Karim Abadir, is gratefully acknowledged. I would like to thank Bunda Irina and anonymous referees for helpful comments. This research was supported by a Pusan National University Research Grant",1,,,no
"Tove Solander is a PhD student in English Literature at Umeå University. She wrote her MA thesis in Women's Studies, dealing with Shelley Jackson's “body writing, ” at the University of York with the support of a Marie Curie fellowship. Her PhD thesis is a development of that research, focusing on literary mediations of sensory impressions in the work of Jackson and other authors. Other research interests include feminist theory, queer theory, and fan cultures. tove.solander@engelska.umu.se",1,,,no
"Trainee Archivist, Borthwick Institute, York",1,,,no
"U York, Ctr for Health Economics, York, England",1,,,no
"U York, Ctr for Health Economics, York, United Kingdom",1,,,no
"U York, Ctr for Reading & Language, Dept of Psychology, Heslington, England",1,,,no
"U York, Ctr for Women's Studies, York, England",1,,,no
"U York, Dept of Educational Studies, York, England",1,,,no
"U York, Dept of Psychology, Heslington, England",1,Science City York (United Kingdom),I4210160613,no
"U York, Voice & Hearing Research Group, England",1,NIHR Nottingham Hearing Biomedical Research Unit,I4210127468,no
"U York, York, United Kingdom",1,,,no
"U. York, York, United Kingdom",1,,,no
U. of York Management SchoolU. of York Management School,1,,,no
"U. of York, Europe Campus, City College",1,City College | City College of New York,I4210093530 I125687163,no
U. of YorkU. of York,1,,,no
UK. Contact information: The York Management School,1,,,no
UNESCO International Institute for Higher Education and York University,1,Centro Universitário do Espírito Santo,I4210116025,no
"UNIVERSITY OF YORK , SCHOOL OF ARTS AND CREATIVE TECHNOLOGIES ,",1,Creative Technologies (United States),I4210087747,no
"UNIVERSITY OF YORK EUROPE CAMPUS, CITY COLLEGE",1,"York College, City University of New York",I150397245,no
"UNIVERSITY OF YORK, EUROPE CAMPUS, THESSALONIKI, GREECE",1,,,no
URACCAN & York University,1,York University | University of the Autonomous Regions of the Nicaraguan Caribbean Coast,I192455969 I3130441256,no
URACCAN and York University,1,York University | University of the Autonomous Regions of the Nicaraguan Caribbean Coast,I192455969 I3130441256,no
Un. York,1,United Nations Association of the United States of America,I2802414649,no
"Undergraduate Environmental Studies Student at York University Ecological Footprint and Geomatics Research Assistant , Ecological Footprint Initiative Geomatics Interdisciplinary Research Cluster , York University",1,,,no
"Unilab York Bioanalytical Solutions, York, UK",1,,,no
"Univ York, Ctr Reviews & Disseminat",1,Kleijnen Systematic Reviews (United Kingdom),I4210088647,no
"Univ York, Dept Math, York YO1 5DD, N Yorkshire, England and Univ Amsterdam, Dept Math & Comp Sci, 1018 TV Amsterdam, Netherlands",1,,,no
"Univ York, Dept Math, York YO1 5OO, N Yorkshire, England and Anglia Polytech Univ, Dept Math & Stat, Cambridge CB1 1PT, Cambs, England",1,Anglia Ruskin University,I51216347,no
"Univ York, Dept Math, York YO1 5OO, N Yorkshire, England and Anglia Polytech Univ, Dept Math & Stat, Cambridge CB1 1PT, Cambs, England#TAB#",1,Anglia Ruskin University,I51216347,no
"Univ of Leeds, Leeds, UK; Univ of York, York, UK; Leeds Gen Infirmary, Leeds, UK",1,University of Leeds | Leeds General Infirmary,I130828816 I1295121038,no
Univ. YorkEngland,1,,,no
Univ. of York (United States),1,,,no
Univercity of York,1,,,no
"Univerisity of York & Hull York Medical School, UK",1,Hull York Medical School,I69768126,no
"Univeristy of York > Univeristy of York, Heslington, York, UK >  >  >",1,,,no
Univerity of York Department of Health Sciences and Hull York Medical School,1,Hull York Medical School | Department of Medical Sciences,I69768126 I4210128510,no
Universidad Autonoma de Madrid; Universidad de York (Reino Unido),1,Universidad Autónoma de Madrid,I63634437,no
Universidad de  York,1,,,no
"Universidad de York , Heslington , York , Reino Unido",1,United Nations Industrial Development Organization,I1325620243,no
"Universidad de York, Heslington, York, Reino Unido",1,United Nations Industrial Development Organization,I1325620243,no
"Universidad de York, Reino Unido",1,United Nations Industrial Development Organization,I1325620243,no
"Universidad de York, UK. Cemetery Research Group",1,,,no
"Universidad de York, York, Reino Unido",1,United Nations Industrial Development Organization,I1325620243,no
"Universidad del Desarrollo, Santiago, Chile; Universidad de York, York Reino Unido Universidad del Desarrollo, Santiago, Chile; Universidad de York, York, Reino Unido",1,Universidad del Desarrollo,I133599470,no
"Universidad del Desarrollo, Santiago, Chile; Universidad de York, York, Reino Unido",1,Universidad del Desarrollo,I133599470,no
"Universidade de York , York - Reino Unido",1,United Nations Industrial Development Organization,I1325620243,no
Universidade de York - Departamento de História,1,,,no
Universidade de York - Reino Unido,1,United Nations Industrial Development Organization,I1325620243,no
Universidade de York. Departamento de Cinema e Artes Mediáticas,1,,,no
Universitas Of York,1,,,no
Universitat de York (Toronto),1,York University,I192455969,no
"Universitat de York ; investigadora associada , MSCA-DN LAC-EU; investigadora visitant , CIDOB ;",1,,,no
Université York,1,York University,I192455969,no
"Universities of York & Salford, United Kingdom",1,University of Salford,I54459138,no
"Universities of York &amp; Bari, UK",1,,,no
"Universities of York , London and Liverpool , UK",1,,,no
"Universities of York and Bari, UK",1,,,no
Universities of York and Oxford,1,,,no
"Universities of York and Salford, UK",1,University of Salford,I54459138,no
"Universities of York and Sussex, UK",1,,,no
"University Department of Econonmics and Rclated Studies, York YOI SDD",1,,,no
"University Health Centre, York University, Heslington York YO10 5DD, and cardiovascular and renal leads for North Yorkshire and York Primary Care Trust",1,York University,I192455969,no
University LISA FIKSENBAUM York University,1,York University,I192455969,no
"University Professor Emeritus , York University",1,York University,I192455969,no
University Professor Emeritus and President Emeritus York University,1,York University,I192455969,no
University Professor Emeritus at York University,1,York University,I192455969,no
"University Professor Emeritus, York University",1,York University,I192455969,no
University York,1,,,no
"University York , University of Łódź and Czech Academy of Sciences Building",1,,,no
University of Edinburgh and York University,1,York University | University of Edinburgh,I192455969 I98677209,no
"University of Exeter and University of York, USA",1,Phillips Exeter Academy,I2800015558,no
"University of Glamorgan in UK , and PhD from York University , UK",1,University of South Wales,I128993996,no
University of Hong Kong and York University,1,Hong Kong Baptist University | University of Hong Kong,I141568987 I889458895,no
"University of Lausanne,York University",1,University of Lausanne | York University,I97565354 I192455969,no
University of Leeds; University of York St John,1,York St John University | University of Leeds,I124246371 I130828816,no
University of London ) York University -Philosophy Department -Toron- to ,1,,,no
University of London; York University,1,York University | University of London | Universidad de Londres,I192455969 I124357947 I4210160447,no
University of Science and Technology of China and York University,1,University of Science and Technology of China,I126520041,no
University of Sydney & York University,1,York University | The University of Sydney,I192455969 I129604602,no
University of Waterloo and Barent Landstreet York University,1,York University | University of Waterloo,I192455969 I151746483,no
"University of York , Kelowna, BC,",1,Kelowna General Hospital | Okanagan University College,I2800978909 I822440,no
"University of York - School for Business and Society, Thessaloniki, Greece",1,,,no
"University of York CITY College Europe Campus , Thessaloniki,",1,,,no
"University of York CITY College Europe Campus, , Thessaloniki,",1,,,no
"University of York Europe Campus CITY College, , Thessaloniki,",1,,,no
"University of York Europe Campus South-East European Research Centre-CITY College, , ,",1,South East European Research Centre,I4210160097,no
University of York Europe Campus Thessaloniki Greece,1,,,no
University of York Europe Campus [Thessaloniki] (Greece),1,,,no
"University of York Europe Campus, City College",1,"York College, City University of New York",I150397245,no
"University of York Europe Campus, City College, Greece",1,,,no
"University of York Europe Campus, City College, Thessaloniki, Greece",1,,,no
"University of York Europe Campus, Greece",1,University of West Attica,I4210094138,no
University of York Europe Campus; and South East European Research Center,1,South East European Research Centre,I4210160097,no
"University of York European Campus, City College, Thessaloniki, Greece",1,,,no
"University of York Minneapolis, MN 55455-0438 Heslington York YO10 5DD",1,,,no
"University of York Mumbai, Mumbai, India",1,University of Mumbai,I169877490,no
"University of York St John , York , UK",1,York St John University,I124246371,no
"University of York St John, York, United Kingdom",1,York St John University,I124246371,no
"University of York St. John, York, UK. maggie.snowling@sjc.ox.ac.uk",1,York St John University,I124246371,no
University of York Toronto,1,York University,I192455969,no
University of York followed by an MRes degree in Earth and Atmospheric Sciences at the University of Reading,1,University of Reading,I71052956,no
"University of York, Europe Campus, CITY College, Thessaloniki, Greece",1,,,no
"University of York, Europe Campus, 54626, Thessaloniki, Greece",1,,,no
"University of York, France",1,New York University Paris,I4210165353,no
"University of York, Heslington, York USA",1,,,no
"University of York, Heslington, York YO1 5DD, USA",1,,,no
"University of York, York Yo1 SDD, USA",1,,,no
"University of York, York, Brazil",1,,,no
"University of York, York, USA",1,,,no
"University of York,Department Of Computer Science,Edinburgh,Scotland",1,University of Edinburgh,I98677209,no
"University of York,Department of Computer Science,York,Belgium",1,,,no
"University of York,Engineering and Technology,Inner Mongolia,China",1,Inner Mongolia University of Technology | Inner Mongolia University of Science and Technology,I55654194 I31637741,no
"University of York,USA",1,New York University,I57206974,no
"University of York/Central Science Laboratory, EcoChemistry Team, Sand Hutton, York, YO41 1LZ, UK",1,,,no
"University of York/Central Science Laboratory, EcoChemistry Team, Sand Hutton, York, YO41 1LZ, UK. Tel:  Fax:",1,,,no
University of Yourk UK,1,,,no
"University's Department of History and Northern Studies Resource Center, York University Department of History, the Comparative",1,York University,I192455969,no
"Università degli Studi di Salerno, Italy; HEDG, University of York, York, UK; RWI Research Network, Essen, Germany. Electronic address: vcarrieri@unisa.it",1,,,no
Université de York (Angleterre),1,,,no
"Université de York, Royaume-Uni",1,,,no
"Univmily oJ Roclwte~ , School oJ Mcdicinr and Dmrur~ , Rwkestm , & -: rm York",1,,,no
"Univs. of York , England , and Louvain , Belgium",1,UCLouvain,I95674353,no
Uni­­ver­­sité de York,1,,,no
Unviersity of York,1,,,no
Urban Change at York University,1,,,no
Urban Studies Program York University,1,York University,I192455969,no
Uros Petronijevic is an assistant professor of economics at York University,1,,,no
"Vari Hall, York University,",1,York University,I192455969,no
"Victoria Land recently completed her PhD research, Doing Politically Engaged Conversation Analysis with Talk by Lesbians and Gay Men, in the Department of Sociology, University of York. She is now a researcher in the Digital World Research Centre (University of Surrey) studying patterns of interaction across written, spoken, and audiovisual interaction as part of a cross-media communications project in partnership with BT",1,,,no
"Virginia Ryan is a child psychologist and trained in the United States. She is now based in East Yorkshire where she works on a freelance basis as a play therapist. In addition to their book, she has co-authored with Kate Wilson a number of articles on non-directive play therapy. She is currently developing a post-qualifying training programme in nondirective play therapy, to be based at the University of York",1,,,no
"Virginia Ryan, PhD, C Psychol, MBAPT is a Child Psychologist and qualified Play Therapist and Supervisor. Her clinical practice concentrates on play therapy for children referred by local authorities in the Yorkshire and Lincolnshire areas, including court assessments. She is the director of the University of York’s Social Policy and Social Work Department’s MA/Diploma programme in non-directive play therapy, which leads to a professional qualification in play therapy and the Advanced Award in Social Work (AASW)",1,,,no
"Visiting Professor at the University of London and doctor honoris causae 1996 University of York. He was also the head of the music acoustics research group from 1970 to 2001. As President of the Music Acoustics Committee of the Royal Swedish Academy of Music, Sundberg was editor or co-editor of twelve volumes in a series of proceedings of public seminars on music acoustic themes arranged in Stockholm. He is the author of many articles and the book The Science o f the Singing Voice, Northern Illinois University Press 1987. He is also co-editor of many publications. He is a member of the Royal Swedish Academy of Music, of the Swedish Acoustical Society and a fellow of the Acoustical Society of America",1,,,no
"Visiting Professor of Disability Rights and Legal Education, Osgoode Hall Law School of York University",1,,,no
"Visiting Professor, Faculty of Administrative Studies, York University",1,York University,I192455969,no
"Visiting Scholar, Centre for Refugee Studies, York University",1,York University,I192455969,no
Visiting fellow at theUniversity of York and consultant to the Home Office Emergency Planning College. The opinions expressed in this article are those of the author alone and should not be regardedas representing those of the Home Office,1,Home Office,I1283026217,no
"Walid El Khachab est professeur agrégé d’Études Arabes à l’université York (Canada), et codirecteur d’ACANS, le groupe de recherches en études arabes canadiennes. Il a dirigé l’ouvrage collectif Arabes : sortir du marasme ?, (Condé-sur-Noireau, Corlet, 2004). Depuis, il a publié plus de 50 articles académiques et chapitres à Durham, Montréal, Le Caire, Paris, et Istanbul portant sur les cultures arabes et l’islam, notamment les identités nationales et la modernité. Parmi ses publications récentes : « Épistémologies de l’Universel : la Conquête de l’Autre comme Voyage. Bonaparte en Égypte », dans Randa Sabry (dir.),  Voyager d’Égypte vers l’Europe et inversement. Parcours croisés (Paris, Classiques Garnier, 2019), « The Cinema of the Pharaohs: Film, Archeology, and Sub-Imperialism », dans Mercedes Volait et Emmanuelle Perrin (dir.), Dialogues artistiques avec les passés de l'Égypte (Paris, InVisu, 2017. En ligne : http://inha.revues.org/7196)",1,,,no
Wellman Center for Photomedicine; York University,1,York University,I192455969,no
William Jenkins is associate professor of geography at York University,1,,,no
"Wolfson Atmospheric Chemistry Laboratories (WACL), Uni. of York",1,,,no
"Wolfson Atmospheric Chemistry Laboratories, University of York, York, United Kingdom; Ricardo Energy & Environment, Harwell, Oxfordshire, United Kingdom. Electronic address: david.carslaw@york.ac.uk",1,,,no
"Women's Studies , York University",1,,,no
"Women's studies , York University",1,York University,I192455969,no
"Women's studies, York University",1,,,no
"Writing Department, York University",1,York University,I192455969,no
YCAR CCKF Postdoctoral Fellow York University,1,,,no
"YCR Cancer Research Unit, Dept. of Biology, University of York, USA",1,,,no
"YCR Cancer Research Unit, University of York, USA",1,,,no
"YORK UNIVERSITY, UK",1,Universities UK,I185658715,no
"YORK UNIVERSITY, YORK, ENGLAND",1,,,no
YORK UNIVERSITYONTARIO,1,York University,I192455969,no
"Yale University, York University and University of Adelaide",1,York University | Yale University | The University of Adelaide,I192455969 I32971472 I5681781,no
"Yarm, UK",1,Dearman (United Kingdom) | Great Yarmouth College,I4210097712 I2800267295,no
York / Großbritannien United Kingdom of Great Britain and Northern Ireland,1,,,no
York Biology Teachers' Centre,1,,,no
"York Biomdical Rsarch Institut, Univrsity of York, Hslington, YO10 5DD York, Unitd Kingdom",1,,,no
"York Biomedical Research Institute , Department of Biology, , Wentworth Way YO10 5NG, York ,",1,Biomedical Research Institute,I4210137803,no
"York Biomedical Research Institute, Heslington, York, United Kingdom",1,Science City York (United Kingdom),I4210160613,no
"York Biomedical Research Institute, University o York, UK",1,,,no
"York Biomedical Research Institute, York, UK. dave.boucher@york.ac.uk",1,,,no
"York Centre for Complex Systems Analysis, U.K",1,Institute for Complex Systems,I4210149433,no
York Centre for International and Security Studies,1,Institute for Science and International Security,I4210127973,no
"York Centre for International and Security Studies, York University ,",1,,,no
York Centre for International and Strategic Studies at York University. •,1,Center for Strategic and International Studies,I1284577377,no
"York Educational Psychology Service, UK",1,,,no
"York Experimental Archaeological Research (YEAR) Centre, Department of Archaeology, Univerisity of York, United Kingdom",1,York Archaeological Trust,I2800889407,no
"York Geomatics Research CLUSTER , York University",1,York University,I192455969,no
York Health Economics Consortium (YHEC)mick.arber@york.ac.uk,1,,,no
"York Health Economics Consortium Limited, Level 2, Market Square University of York  York YO10 5NH U.K",1,,,no
"York Health Economics Consortium Ltd Enterprise House,Innovation Way,University of Yorkhannah.wood@york.ac.uk",1,,,no
"York Health Economics Consortium Ltd., Market Square, University of York, England YO10 5NH, UK",1,,,no
"York Health Economics Consortium, Enterprise House, Innovation Way, University of York, Heslington, York, USA",1,,,no
"York Health Economics Consortium, University of York, USA. akm3@york.ac.uk",1,,,no
"York Health Economics Consortium, York University, York, UK",1,Leeds and York Partnership NHS Foundation Trust,I280385510,no
York Health Economics ConsortiumUniversity of York,1,York University,I4210112962,no
"York Institute for Tropical Ecosystem Dynamics (KITE) and Centre for the Integration of Research, Conservation and Learning (CIRCLE),",1,,,no
"York Institute of Tropical Ecosystem Dynamics, Env, United Kingdom",1,,,no
"York Institute of Tropical Ecosystems, Environment Department, University of 8 York, York YO10 5NG, UK",1,,,no
"York Law School , UK",1,,,no
"York Law School , United Kingdom",1,New York Law School | York College,I196677622 I4210135528,no
"York Law School, United Kingdom",1,,,no
"York Law School, University of York, New York, USA",1,New York Law School,I196677622,no
"York Neuroimaging Centre (YNiC), The Biocentre, York Science Park, Heslington, York YO10 5NY, United Kingdom",1,,,no
"York Neuroimaging Centre , The Biocentre, York Science Park, Heslington, YO10 5DG, United Kingdom",1,,,no
"York Neuroimaging Centre, The Biocentre, York Science Park, Heslington, York, UK. YO10 5NY",1,,,no
"York Neuroimaging Centre, The Biocentre, York Science Park, Innovation Way, Heslington, York, YO10 5DG, UK",1,,,no
"York Neuroimaging Centre, The Biocentre, York Science Park, United Kingdom",1,,,no
"York Plasma Institute, School of Physics, Engineering & Technology",1,Plasma Technology (United States),I4210126244,no
"York Robot Laboratory, York, UK",1,,,no
York School of Architecture,1,,,no
"York Software Engineering, York, UK",1,,,no
"York Structural Biology Laboratory, Chemistry Department, York University, York YO10 5YW, England",1,York University,I192455969,no
"York Trials Unit, Univ of York, York, USA",1,,,no
"York Trials Unit, York University, York YO10 5DD",1,York University,I192455969,no
York U.Ryerson U.York U.IÉSEG School of ManagementRice U,1,,,no
York Uiversity,1,,,no
York Univ. (United Kingdom),1,,,no
York Univ. (United Kingdom). Dept. of Physics,1,York University,I192455969,no
York Univ. unknown,1,York University,I192455969,no
"York Univ., Heslington (United Kingdom)",1,,,no
"York Univ., York#TAB#",1,York University,I192455969,no
"York Univer- sity School of Law , 2005",1,York University,I192455969,no
York Univer-sity and other members of Rakuten Institute of Technology,1,Rakuten (Japan),I1301041018,no
York Universi-ties in England,1,,,no
York Universirty,1,,,no
York Universiry,1,,,no
"York University
Dorset Environmental Science Centre",1,York University,I192455969,no
"York University 
School of Kinesiology and Health Science",1,York University,I192455969,no
York University  York England,1,York University,I192455969,no
"York University & University of Geneva, Sebastien.Lambelet AT unige.ch, orcid.org/0000-0002-7803-3836",1,University of Geneva,I114457229,no
York University &amp; Simon Fraser University,1,Simon Fraser University | York University,I18014758 I192455969,no
York University (Department of Political Science),1,York University,I192455969,no
York University (UK),1,,,no
York University (United Kingdom),1,,,no
"York University , CEPR ,",1,Center for Economic and Policy Research,I1279858714,no
"York University , School of Public",1,York University,I192455969,no
York University - Department of Chemistry,1,York University,I192455969,no
York University - Department of Equity Studies/Sociology,1,Center for Health and Gender Equity,I4210131443,no
York University - Department of Sociology,1,York University,I192455969,no
"York University - Departments of Psychology, Biology, Kinesiology & Health Sciences",1,York University,I192455969,no
York University - Faculty of Environmental Studies,1,York University,I192455969,no
York University - Social Science Division,1,York University,I192455969,no
York University - Young Lives Research Lab,1,York University,I192455969,no
York University -Department of Mathematics and Statistics,1,York University,I192455969,no
"York University ; John Grundy , York University ;",1,York St John University,I124246371,no
York University ; Queen's University ; OCAD University,1,Queen's University,I204722609,no
York University Arta Mohasses York University,1,York University,I192455969,no
"York University Aviemore Centre, Scotland",1,York University,I192455969,no
York University Centre for Public,1,York University,I192455969,no
"York University Centre for Public Law and Public Policy , and The Robarts Centre for",1,Centre for Policy Studies,I4210157167,no
"York University Centre for Vision Research, School of Kinesiology and Health Science",1,University of Michigan,I27837315,no
York University Critical Disability Studies,1,York University,I192455969,no
York University Department of Biology,1,York University,I192455969,no
"York University Department of Languages, Literatures and Linguistics",1,York University,I192455969,no
York University Department of Social Science,1,York University,I192455969,no
York University Department of Sociology,1,York University,I192455969,no
"York University Dept. of Earth and Space Science ,",1,Earth and Space Research,I4210156930,no
York University Dept. of Sociology,1,York University,I192455969,no
York University ESC ,1,,,no
York University English Language Institute,1,York University,I192455969,no
York University Faculty of Environmental and Urban Change,1,,,no
York University Faculty of Science,1,York University,I192455969,no
York University Faculty of Science and Engineering: York University Faculty of Science,1,York University,I192455969,no
York University Ishvinder Hadday York University,1,York University,I192455969,no
York University Jude Kong York University,1,York University,I192455969,no
York University LAPS undergrad,1,York University,I192455969,no
York University Law School and visiting,1,York University,I192455969,no
York University Olave Krigolson University of Victoria,1,University of Victoria | York University,I212119943 I192455969,no
York University Polytechnic School of Engineering,1,York University,I192455969,no
York University Polytechnic School of Engineering (formerly Polytechnic Univer-sity),1,The Polytechnic University of Japan | York University,I4210120584 I192455969,no
York University Pre-Calculus Mathematics for Business and Economics,1,,,no
York University School of Dentistry),1,York University | University School,I192455969 I4210153792,no
York University School of Kinesiology and Health Science,1,York University,I192455969,no
"York University School of Law , Root-Tilden-Kern Scholar , 2001",1,York University,I192455969,no
"York University School of Law , including Angela Cornell ,",1,,,no
"York University School of Law. A.B., magna cum laude, 199 1, College",1,York University,I192455969,no
"York University School of Law. Partner ,",1,,,no
"York University School of Law;,",1,New York Law School | York University,I196677622 I192455969,no
"York University School of Medicine,",1,York University | University School,I192455969 I4210153792,no
York University School of Nursing,1,York University,I192455969,no
York University and Centre for Addiction and Mental Health,1,Centre for Addiction and Mental Health,I1338135719,no
"York University and Daresbury Laboratory, UK",1,Daresbury Laboratory,I2802015276,no
"York University and ECGI Professor of Finance York University , Schulich School of Business",1,York University,I192455969,no
York University and Institute of Neurology,1,York University,I192455969,no
York University and Microsoft,1,York University,I192455969,no
York University and Planetary Science Institute,1,Planetary Science Institute,I1302918504,no
"York University and University of Edinburgh, UK",1,University of Edinburgh,I98677209,no
York University and University of Pretoria,1,York University | University of Pretoria,I192455969 I69552723,no
York University and University of Vienna,1,York University | University of Vienna,I192455969 I129774422,no
York University and University of Waterloo,1,University of Waterloo | York University,I151746483 I192455969,no
York University and a Researcher at the York Centre for International and Security Studies,1,York University,I192455969,no
York University and graduated,1,York University,I192455969,no
York University and the Athenian Policy Forum,1,York University,I192455969,no
York University and the Australian National University,1,Australian National University | York University,I118347636 I192455969,no
York University faculties of Special Education and Psychology,1,York University,I192455969,no
"York University in the Department of Gender , Feminist and Women's Studies",1,Women's and Gender Studies et Recherches Féministes | Gender Studies,I4210112977 I4210089577,no
"York University in the Department of Gender, Feminist and Women's Studies",1,Women's and Gender Studies et Recherches Féministes | Gender Studies,I4210112977 I4210089577,no
York University in the Department of Humanities,1,York University,I192455969,no
York University   UK,1,Universities UK,I185658715,no
York University – History Department,1,York University,I192455969,no
York University's Centre for Refugee Studies,1,Refugee Council | Women's Refugee Commission,I4210108999 I4210151433,no
"York University's DIVISION OF NATURAL SCIENCE, ""NATS""",1,York University,I192455969,no
"York University's DIVISION OF NATURAL SCIENCE, ""NATS"" Physics ♦ Chemistry ♦ Biology ♦ Earth & Space Science",1,York University,I192455969,no
York University's Faculty of Education and the Community,1,York University,I192455969,no
York University's Faculty of Environmental Studies and Douglas,1,York University,I192455969,no
"York University's Faculty of Environmental and Urban Change , teaches",1,,,no
York University's Faculty of Health School of Nursing,1,York University,I192455969,no
"York University's Immersive Storytelling Lab , and",1,Immersion (United States),I88101031,no
York University's School of Human Resource Management,1,Division of Human Resource Management | York University,I4210153428 I192455969,no
York University's School of Nursing. klpcons1@rogers.com,1,Rogers (United States) | York University,I75717288 I192455969,no
York University's School of Social Work Faculty of Liberal Arts and Professional Studies,1,Liberal Arts University,I4210153320,no
"York University's, Faculty of Education ,",1,York University,I192455969,no
"York University's, Health Policy Group",1,,,no
York University) und Dr ,1,York University,I192455969,no
"York University, ,",1,York University,I192455969,no
"York University, Department of English",1,York University,I192455969,no
"York University, Department of Music",1,York University,I192455969,no
"York University, Department of Psychology, Faculty of Health",1,York University,I192455969,no
"York University, Department of Psychology, Students",1,York University,I192455969,no
"York University, Department of Sociology, Graduate program",1,York University,I192455969,no
"York University, Dept of History",1,York University,I192455969,no
"York University, Dept. Computer Science and Engineering;",1,York University,I192455969,no
"York University, Dept. of Earth and Atmospheric Science (EATS)",1,York University,I192455969,no
"York University, Environmental Studies",1,York University,I192455969,no
"York University, Faculty of Education (Post-Secondary)",1,York University,I192455969,no
"York University, Faculty of Environmental Studies,",1,York University,I192455969,no
"York University, Faculty of Environmental and Urban Change",1,,,no
"York University, Heslington, York, England",1,York University,I192455969,no
"York University, Institute for Research on Learning Technologies",1,Institute for Learning and Development | York University,I4210136294 I192455969,no
"York University, Laboratory for Industrial and Applied Mathematics, Department of Mathematics & Statistics, Faculty of Science and Engineering",1,"Department of Physics, Mathematics and Informatics",I4210116091,no
"York University, Law and Society Program",1,,,no
"York University, Management Education Center, Suite 8-93, 44 West",1,York University,I192455969,no
"York University, ON 1",1,York University,I192455969,no
"York University, Philosophy",1,York University,I192455969,no
"York University, Program for Social and Political Thought",1,York University,I192455969,no
"York University, Retired Professor",1,York University,I192455969,no
"York University, School of Kinesiology and Health Sciences",1,York University,I192455969,no
"York University, School of Social Work",1,York University | University School,I192455969 I4210153792,no
"York University, Stockholm Environmental Institute",1,Stockholm Environment Institute | Stockholm University,I1340161457 I161593684,no
"York University, Undergraduate Student in Applied Mathematics",1,Division of Undergraduate Education,I4210128160,no
"York University, York, GBR",1,York University,I192455969,no
"York University, York, NONE, UK",1,,,no
"York University, York, United Kingdom; and United BioSource Inc, London, United Kingdom",1,United BioSource Corporation (United Kingdom),I4210087505,no
"York University, York, YO10 5DD",1,York University,I192455969,no
"York University, and",1,York University,I192455969,no
"York University, where she researches the history of transatlantic monsters/nonhumans in interdisciplinary performances of the long nineteenth century",1,,,no
"York University,Centre for Vision Research,Department of Electrical Engineering &#x0026; Computer Science",1,York University,I192455969,no
"York University,Centre for Vision Research,Department of Psychology",1,Applied Visions (United States),I4210151375,no
"York University,Department of Psychology",1,York University,I192455969,no
"York University,EXINES Lab",1,York University,I192455969,no
York University. Collège Glendon,1,York University,I192455969,no
York University. Department of History,1,York University,I192455969,no
York University. Postdoctoral researcher,1,National Postdoctoral Association,I4210104914,no
"York University. The author would like to thank Shakeb Abdul-Hakim, Guiseppe Fontana, Geoff Harcourt, Geoff Ingham, Wally Klinck, Marc Lavoie, the late Jean-Guy Loranger, Fred Moseley, Hana Smithin, Leo Zelmanovitz, Frederick Zhou and three anonymous referees for making useful comments and criticisms, either on earlier drafts of this paper, or on related work, which have helped improve the argument. Remaining errors and omissions are the sole responsibility of the author",1,,,no
York University. chris_wekerle@camh.net,1,York University,I192455969,no
York University. r.benedicto@pgrad.unimelb.edu.au,1,York University,I192455969,no
York University/Atkinson School of Social Sciences,1,York University,I192455969,no
York University/Planetary Science Institute,1,Planetary Science Institute | York University,I1302918504 I192455969,no
York University/Sheridan Institute,1,York University,I192455969,no
York University/University of Malaya,1,University of Malaya | York University,I33849332 I192455969,no
"York University; Community Resident),",1,York University,I192455969,no
York University; Independent Various Art Space York University;,1,York University,I192455969,no
York University; the 40th anniversary of Millennium at the London School of Economics; and the Department of Political Science and International Relations at the University of Geneva,1,London School of Economics and Political Science,I909854389,no
York UniversityCentre for Vision Research,1,,,no
York University\Centre for Vision Research,1,Applied Visions (United States),I4210151375,no
York Universtiy,1,,,no
"York Universtiy,",1,,,no
York Univertisy,1,Invertis University,I19688894,no
York Univertity,1,,,no
York Univesirty,1,,,no
York university y profesor asociado de ciencia política en la universidad,1,,,no
York Üniversitesi Ulusal Sağlık Araştırmaları Enstitüsü tarafından geliştirilen Centre for Reviews and Dissemination 2009 rehberi,1,,,no
"York Üniversitesi, Eğitim Fakültesi",1,,,no
York#N#University,1,York University,I192455969,no
"York, University, Heslington, England",1,York University,I192455969,no
"York-i Egyetem Filmtudományi Tanszékének professzora, a film és a televízió",1,University of Theatre and Film Arts,I2802659615,no
"Zbigniew Stachniak is an associate professor of computer science, York University, and the curator of York University’s Computer Museum",1,York University,I192455969,no
"[Atkinson College, York University, UK]",1,Atkins (United Kingdom),I4210094877,no
"[Centre for Vision Research, York University]",1,York University,I192455969,no
[Reinforcement Learning Group at York University],1,York University,I192455969,no
"^Division of Social Science, York University",1,York University,I192455969,no
"a   Centre for Research on Latin America and the Caribbean (CERLAC) and Department of Social Science , York University, International Development and Latin American and Caribbean Studies",1,,,no
"a   Department of Economics, Faculty of Administrative Studies , York University and Director, Center for Research in Productivity and Structural Change",1,York University,I192455969,no
"a   Department of Psychology , York University",1,York University,I192455969,no
"a  Institute of Social and Economic Research ,  York",1,National Institute of Economic and Social Research,I6932186,no
a  Université York,1,York University,I192455969,no
"a  York University's,  Faculty of Education  ,",1,York University,I192455969,no
"a Centre for Research on Latin America and the Caribbean (CERLAC) and Department of Social Science , York University, International Development and Latin American and Caribbean Studies",1,Centro Latino-Americano e do Caribe de Informação em Ciências da Saúde,I4210131006,no
"a Department of Geography , York University",1,York University,I192455969,no
"a Faculty of Administrative Studies , York University",1,York University,I192455969,no
"a Sociology and Women's Studies , York University",1,York University,I192455969,no
"a Teaching in the English department , York University",1,York University,I192455969,no
"a York Management School , UK",1,,,no
"aYork Structural Biology Laboratory, Department of Chemistry, and",1,,,no
aa York University,1,York University,I192455969,no
"and Research Associate (Dr Brierley-Jones), Department of Sociology, York University, United Kingdom",1,,,no
"associate dean, faculty of administrative studies, York University",1,York University,I192455969,no
"associate professor of political science, York University",1,York University,I192455969,no
"associate professor of sociology, York University, phone interview,",1,York University,I192455969,no
awarded an honorary DPhil by the University of York in 2014,1,,,no
"b   Faculty of Administrative Studies , York University",1,York University,I192455969,no
"b   Faculty of Environmental Studies , York University ,   E-mail:",1,York University,I192455969,no
"b Department of Geography , York University",1,York University,I192455969,no
"b Faculty of Administrative Studies , York University",1,York University,I192455969,no
"bDepartment of Psychology, York University",1,York University,I192455969,no
"based at York University, UK",1,Bahá'í Agency for Social and Economic Development,I4210116619,no
"bq York University, United Kingdom",1,,,no
"c   Faculty of Administrative Studies , York University",1,York University,I192455969,no
"c Faculty of Administrative Studies , York University , UK",1,,,no
"com.pub2web.rdf.cci.facet.ContentItem[id=http://iet.metastore.ingenta.com/content/conferences/10.1049/ic_20030067-af1,webId=/content/conferences/10.1049/ic_20030067-af1,properties={vcard_country-name=UK, vcard_organisation-name=York Univ.}]",1,,,no
"com.pub2web.rdf.cci.facet.ContentItem[id=http://iet.metastore.ingenta.com/content/conferences/10.1049/ic_20050375-af1,webId=/content/conferences/10.1049/ic_20050375-af1,properties={vcard_country-name=UK, vcard_organisation-name=York Univ.}]",1,,,no
"completed her PhD on St Stephen's College, Westminster, 1348–1548 at the University of York in 2016",1,,,no
"currently completing her MA in conservation studies through the ICCROM/Institute of Advanced Architectural Studies, York, joint programme",1,,,no
"di bidang Sosiologi dari Princeton University tahun 1966. Ia memulai karirnya sebagai Asisten Profesor Sosiologi di Oberlin College selama 2 tahun, lalu di York University juga selama 2 tahun, kemudian 1970 hingga 1976 di",1,Oberlin College,I70571728,no
"est maître de conférences en Sociologie à l'Université de York (Grande-Bretagne). Ses recherches en sociologie de la culture portent sur la distribution et consommation de la musique, les goûts et pratiques culturelles, et la préservation du patrimoine culturel. Il est l'auteur de",1,Ministère de la Culture,I4210139045,no
ew York projects. te announcement came Saturday En State University Chancellor Ernest,1,,,no
"for Research on Language and , , York University ",1,Language Science (South Korea) | York University,I4210107233 I192455969,no
"graduate student at the Environment Department, York University",1,,,no
"gramme , Department of Humanities at York University and",1,,,no
"https://dx.doi.org/https://ror.org/022jz8688York University and https://dx.doi.org/https://ror.org/01nrxwf90University of Edinburgh, UK",1,Twitter (United States),I113979032,no
"j|c Faculty of Arts , York University ,",1,York University,I192455969,no
"l   Department of History , York University ,",1,York University,I192455969,no
member of the Faculty of Osgoode Hall Law School of York University,1,,,no
musicology at York University,1,Perfect Harmony Health,I4210089335,no
"now Chairman, Department of History, York University",1,,,no
"of Development Studies at York Uni- versity ,",1,,,no
of English at Simon Fraser University and York University,1,Simon Fraser University | York University,I18014758 I192455969,no
"of Mathematics and , York University, . ,",1,York University,I192455969,no
"of the Department of Education, York University and Vice Chairman of the National Union of Teachers national advisory committee for University Departments and Colleges of Education",1,,,no
political science at York University,1,York University,I192455969,no
"postdoctoral research fellow, Centre for Refugee Studies, York University",1,Refugee Council | York University,I4210108999 I192455969,no
"professeur d’histoire moderne à l’université de York. Spécialiste de la période victorienne, il a publié de nombreux ouvrages et articles sur l’histoire politique britannique, parmi lesquels The Decline of British Radicalism (Oxford Universdity Press, 1995) et Ernest Jones, Chartism and the Romance of Politics, 1819-1869 (Oxford University Press, 2003)",1,,,no
"professeur émérite et président émérite, Université York",1,York University,I192455969,no
professional writing program of the writing department at York University,1,,,no
professor do departamento de sociologia da Universidade de York (Reino Unido),1,United Nations Industrial Development Organization,I1325620243,no
"school of Kinesiology and health science, York University,",1,York University,I192455969,no
"siècle, membre du Centre pour les études des Lumières de l'université de York (Grande-Bretagne). Elle a été chercheuse doctorante au Balliol College à Oxford et a bénéficié d'une bourse de recherche au Royal College of Art et au Victoria and Albert Museum (Londres). Ses recherches portent sur l'histoire sociale, politique et matérielle de l'Angleterre durant le long",1,Victoria and Albert Museum | Royal College of Art,I1292227370 I165526535,no
"sor of Political Science at York Uni- versity ,",1,,,no
"t Dean , Osgoode Hall Law School of York University",1,,,no
tas5york.ac.uk,1,,,no
"the Division of Social Science, York University",1,York University,I192455969,no
"the Division of Social Science, York University,",1,York University,I192455969,no
the Sexuality Studies Program at York University,1,Sexual Health Clinic,I4210153241,no
the Universities of York and Louvain,1,UCLouvain,I95674353,no
"their hospitality is gratefully acknowledged. We are also grateful for helpful comments from conference participants at the American Economic Association Meeting and the Royal Economic Society Conference, seminar participants at the ANU and the University of York and from anonymous referees",1,,,no
"to Georgina C. Morris, MB, BS, MA, MRCP, York HIV Research Group, Department of GU Medicine, 31 Monkgate, York YO31 7WA, UK Tel: +44 01904 721192",1,,,no
"ttLecturer in Economics, York University",1,,,no
ulty of Environmental Studies at York University,1,,,no
"visiting research fellow Department of Health Sciences and Clinical Evaluation , Alcuin College , York YO1 5DD",1,,,no
"yDepartment of Psychology , York University ; 8The Hospital for Sick Children ; zDepartment of Psychiatry ; Leslie Dan Faculty of Pharmacy ; zzHealth Policy Management and Evaluation , Faculty of Medicine ,",1,,,no
{Universite York},1,York University,I192455969,no
| Fine Arts Cultural Studies York University,1,,,no
"~c ~, York Ut~iversity, Doit~t~s\~ieiv, Ot~t., C",1,,,no
"École d’Études des femmes, Université York",1,,,no
"Étudiant au doctorat, Département d’histoire, Université York",1,York University,I192455969,no
"Üniversitesi İktisadi ve İdari Bilimler Fakültesi İktisat Bölümü , ( Post-Doctoral Researcher . York University , Faculty of Environmental Studies",1,,,no
Διδάκτορας Πολιτικής Επιστήμης του Πανεπιστημίου του York (Μ. Βρετανία) και Ειδική Επιστήμων στο υπουργείο Αιγαίου και Νησιωτικής Πολιτικής,1,Epistem (United Kingdom),I4210118714,no
"Йоркский университет, Йорк, Соединенное Королевство",1,,,no
"Кафедра комп'ютерних наук, Йоркський університет",1,,,no
"университете , Йорк-стрит , 100 , апартаменты 11М , Нью Хейвен , Коннектикут 06511 , США",1,,,no
"†Social Policy Research Unit, York, UK",1,,,no
"‡Centre for Immunology and Infection, Hull York Medical School and Department of Biology, York University, York, United Kingdom",1,Hull York Medical School,I69768126,no
"∥School of Health Policy and Management, York University",1,York University,I192455969,no
