raw_affiliation_string,works,now_assigned_to,now_assigned_ids,still_counts_via_lineage
Espaces et Sociétés,2474,Espaces et Sociétés,I4387153532,yes
CREN - Centre de recherche en éducation de Nantes (Chemin de la Censive du Tertre BP 81227 44312 Nantes cedex 3 - France),2370,Centre de Recherche en Éducation de Nantes,I4387152322,yes
Droit et changement social,2251,Droit et changement social,I4210100746,yes
ESO - Espaces et Sociétés (France),1794,Espaces et Sociétés,I4387153532,yes
"CReAAH - Centre de Recherche en Archéologie, Archéosciences, Histoire (Université de Rennes 1 Bâtiment 24-25 Campus de Beaulieu 263, Avenue du général Leclerc Campus de Beaulieu CS 74205 - 35042 Rennes Cedex- France - France)",1405,"Université de Rennes | Centre de Recherche en Archéologie, Archéosciences, Histoire | Université Rennes 1",I56067802 I4387153012 I4405258264,yes
"Faculté des Sciences et des Techniques de Nantes, Centre François Viète d’Histoire des Sciences et de Techniques EA 1161, Nantes, France",1297,Centre François Viète,I4387153064,yes
Laboratoire des Sciences du Numérique de Nantes,1270,Laboratoire des Sciences du Numérique de Nantes,I4210117005,yes
"Faculté des Sciences et des Techniques de Nantes, Centre François Viète d'Histoire des Sciences et de Techniques EA 1161, Nantes, France",1221,Centre François Viète,I4387153064,yes
"Centre François Viéte d'Histoire des Sciences et des Techniques EA 1161, Faculté des Sciences et des, Techniques de Nantes, Nantes, France",1117,Centre François Viète,I4387153064,yes
Laboratoire de Planétologie et Géodynamique [UMR 6112],1083,Laboratoire de Planétologie et Géosciences,I4210146808,yes
"Centre de Recherche en Archéologie, Archéosciences, Histoire",1067,"Centre de Recherche en Archéologie, Archéosciences, Histoire",I4387153012,yes
ESO - Espaces et Sociétés (Maison de la Recherche en Sciences Sociales - Place du Recteur Henri Le Moal 35043 RENNES CEDEX - France),1009,Espaces et Sociétés,I4387153532,yes
Centre de recherche en éducation de Nantes,795,Centre de Recherche en Éducation de Nantes,I4387152322,yes
DCS - Droit et changement social (Faculté de Droit Chemin de la Censive du Tertre - BP 81307 44313 NANTES CEDEX 3 - France),745,Droit et changement social,I4210100746,yes
LINA - Laboratoire d'Informatique de Nantes Atlantique (LINA - Faculté des Sciences 2 rue de la Houssinière - BP 92208 44322 NANTES CEDEX 3 - France),600,Laboratoire d'informatique de Nantes Atlantique,I4210165258,yes
Laboratoire de Psychologie des Pays de la Loire,364,Laboratoire de Psychologie des Pays de la Loire,I4210089331,yes
LPG - Laboratoire de Planétologie et Géodynamique [UMR 6112] (2 Rue de la Houssinière - BP 92208 44322 NANTES CEDEX 3 - France),284,Laboratoire de Planétologie et Géosciences,I4210146808,yes
LPG - Laboratoire de Planétologie et Géosciences [UMR_C 6112] (2 Rue de la Houssinière - BP 92208 44322 NANTES CEDEX 3 - France),276,Laboratoire de Planétologie et Géosciences,I4210146808,yes
LPPL - Laboratoire de Psychologie des Pays de la Loire (France),238,Laboratoire de Psychologie des Pays de la Loire,I4210089331,yes
"L'Antique, le Moderne",235,LAMO - Littératures Antiques et Modernes,I4387152722,yes
"CFV - Centre François Viète : épistémologie, histoire des sciences et des techniques - EA1161 (Faculté des Sciences et des Techniques 2 rue de la Houssinière BP 92208 44322 NANTES Cedex 3 - France)",167,Centre François Viète,I4387153064,yes
"LS2N - équipe RoMas - Robots and Machines for Manufacturing, Society and Services (France)",160,Laboratoire des Sciences du Numérique de Nantes,I4210117005,yes
"Nantes University Hospital, Nantes, France",160,Centre Hospitalier Universitaire de Nantes,I3019204325,no
"Centre François Viète : épistémologie, histoire des sciences et des techniques - EA1161",137,Centre François Viète,I4387153064,yes
"Department of Hematology, Nantes University Hospital, Nantes, France",123,Centre Hospitalier Universitaire de Nantes,I3019204325,no
LS2N - équipe IPI - Image Perception Interaction (France),122,Laboratoire des Sciences du Numérique de Nantes,I4210117005,yes
"SPHERE - MethodS in Patients-centered outcomes and HEalth ResEarch (Institut de recherche en Santé 2 (IRS2), 22 boulevard Benoni-Goullin, 44200 Nantes / CHRU Tours, 2 Boulevard Tonnellé, 37044 TOURS CEDEX 9 - France)",118,Centre Hospitalier Universitaire de Tours | methodS in Patient-centered outcomes and HEalth ResEarch,I4210095477 I4392021239,yes
LS2N - équipe SLP   - Systèmes Logistiques et de Production (France),106,Laboratoire des Sciences du Numérique de Nantes,I4210117005,yes
"Clinical Hematology, Nantes University Hospital, Nantes, France",90,Centre Hospitalier Universitaire de Nantes,I3019204325,no
LPGN - Laboratoire de Planétologie et Géodynamique de Nantes [UMR 6112] (2 Rue de la Houssinière - BP 92208 44322 NANTES CEDEX 3 - France),84,Laboratoire de Planétologie et Géosciences,I4210146808,yes
Laboratoire de Planétologie et Géodynamique - Angers,82,,,no
"IMT Atlantique, Nantes, France",76,IMT Atlantique,I4210127572,no
Laboratoire de Planétologie et Géosciences [UMR_C 6112],76,Laboratoire de Planétologie et Géosciences,I4210146808,yes
LS2N - équipe Commande - Commande (France),73,Laboratoire des Sciences du Numérique de Nantes,I4210117005,yes
LS2N - équipe NaoMod - NaoMod - Nantes Software Modeling Group (France),73,Laboratoire des Sciences du Numérique de Nantes,I4210117005,yes
"Ambiances, Architectures, Urbanités",72,"AAU - Ambiances, Architectures, Urbanités",I4210162214,yes
"Hematology Biology, Nantes University Hospital, Nantes, France",70,Centre Hospitalier Universitaire de Nantes,I3019204325,no
LS2N - équipe ARMEN - Autonomie des Robots et Maîtrise des interactions avec l’ENvironnement (France),64,Laboratoire des Sciences du Numérique de Nantes,I4210117005,yes
LS2N - équipe SLP - Systèmes Logistiques et de Production (France),61,Laboratoire des Sciences du Numérique de Nantes,I4210117005,yes
"LS2N - équipe PACCE - Perception, Action, Cognition pour la Conception et l’Ergonomie (France)",60,Laboratoire des Sciences du Numérique de Nantes,I4210117005,yes
Institut de Recherche en Energie Electrique de Nantes Atlantique EA4642,58,Institut de Recherche en Energie Electrique de Nantes Atlantique,I4392021119,yes
LS2N - équipe DUKe - Data User Knowledge (France),58,Laboratoire des Sciences du Numérique de Nantes,I4210117005,yes
"Hematology Department, Nantes University Hospital, Nantes, France",57,Centre Hospitalier Universitaire de Nantes,I3019204325,no
LS2N - équipe TALN   - Traitement Automatique du Langage Naturel (France),56,Laboratoire des Sciences du Numérique de Nantes,I4210117005,yes
"CFV UBO - Centre François Viète - Brest (Université de Bretagne Occidentale, 3 Rue des Archives, 29238 Brest - France)",55,Université de Bretagne Occidentale | Université de Bretagne Occidentale,I161929037 I4405260085,no
"Department of Dermatology, Nantes University Hospital, Nantes, France",53,Centre Hospitalier Universitaire de Nantes,I3019204325,no
LS2N - équipe TALN - Traitement Automatique du Langage Naturel (France),50,Laboratoire des Sciences du Numérique de Nantes,I4210117005,yes
"LS2N - équipe STACK - Software Stack for Massively Geo-Distributed Infrastructures (IMT Atlantique - Campus de Nantes, 4, rue Alfred Kastler - La Chantrerie, CS 20722, 44307 Nantes cedex 3 - France)",49,Laboratoire des Sciences du Numérique de Nantes | IMT Atlantique | STACK: Pile logicielle pour les infrastructures massivement géo distribuées,I4210117005 I4210127572 I4405260529,yes
"LS2N - équipe SIMS - Signal, IMage et Son (France)",48,Laboratoire des Sciences du Numérique de Nantes,I4210117005,yes
LS2N - équipe PSI - PSI (France),47,Laboratoire des Sciences du Numérique de Nantes,I4210117005,yes
LPG-ANGERS - Laboratoire de Planétologie et Géodynamique - Angers (France),46,,,no
Laboratoire de Planétologie et Géodynamique UMR6112,46,Laboratoire de Planétologie et Géosciences,I4210146808,yes
"Department of Neonatal Medicine, Nantes University Hospital, Nantes, France",45,Centre Hospitalier Universitaire de Nantes,I3019204325,no
"LS2N - équipe IS3P - Ingénierie des Systèmes : Produit, Processus, Performances (France)",45,Laboratoire des Sciences du Numérique de Nantes,I4210117005,yes
Laboratoire de Planétologie et Géosciences,43,Laboratoire de Planétologie et Géosciences,I4210146808,yes
"CFV - Centre François Viète : épistémologie, histoire des sciences et des techniques - UR1161 (Faculté des Sciences et des Techniques 2 rue de la Houssinière BP 92208 44322 NANTES Cedex 3 - France)",41,Centre François Viète,I4387153064,yes
"DMG Nantes - Département de médecine générale [Université de Nantes - UFR de Médecine et des Techniques Médicales] (Faculté de Médecine, 1 rue Gaston Veil, 44035 Nantes - France)",41,Université de Nantes,I4405260337,yes
Littératures antiques et modernes,40,LAMO - Littératures Antiques et Modernes,I4387152722,yes
LS2N - équipe GALLINETTE - Gallinette : vers une nouvelle génération d'assistant à la preuve (France),39,Laboratoire des Sciences du Numérique de Nantes | GALLINETTE: Gallinette : vers une nouvelle génération d'assistant à la preuve,I4210117005 I4405258968,yes
Département de médecine générale [Université de Nantes - UFR de Médecine et des Techniques Médicales],38,Université de Nantes,I4405260337,yes
"IMT Atlantique, LS2N-CNRS, Nantes, France",38,Centre National de la Recherche Scientifique | Laboratoire des Sciences du Numérique de Nantes | IMT Atlantique,I1294671590 I4210117005 I4210127572,yes
SPHERE,37,"Sciences, Philosophie, Histoire | methodS in Patient-centered outcomes and HEalth ResEarch",I4210150713 I4392021239,yes
"LS2N - équipe TASC - Théorie, Algorithmes et Systèmes en Contraintes (France)",34,Laboratoire des Sciences du Numérique de Nantes,I4210117005,yes
LS2N - équipe COMBI - Combinatoire et Bioinformatique (France),33,Laboratoire des Sciences du Numérique de Nantes,I4210117005,yes
LS2N - équipe GDD - Gestion de Données Distribuées (France),33,Laboratoire des Sciences du Numérique de Nantes,I4210117005,yes
"Centre François Viète d'Histoire des Sciences et des Techniques EA 1161, Faculté des Sciences et des Techniques de Nantes, Nantes, France",32,Centre François Viète,I4387153064,yes
"Commande (Irccyn (ECN, Mines Nantes, Université de Nantes)  - Nantes - France)",30,École Centrale de Nantes | Université de Nantes | École nationale supérieure des Mines de Nantes,I100445878 I4405260337 I4405265706,yes
"LS2N - équipe SIMS  - Signal, IMage et Son (France)",29,Laboratoire des Sciences du Numérique de Nantes,I4210117005,yes
"IMT Atlantique, LS2N, Nantes, France",27,Laboratoire des Sciences du Numérique de Nantes | IMT Atlantique,I4210117005 I4210127572,yes
"LS2N - équipe TASC  - Théorie, Algorithmes et Systèmes en Contraintes (France)",27,Laboratoire des Sciences du Numérique de Nantes,I4210117005,yes
"Medical Intensive Care Unit, Nantes University Hospital, Nantes, France",27,Centre Hospitalier Universitaire de Nantes,I3019204325,no
"Department of Urology, Nantes University Hospital, Nantes, France",25,Centre Hospitalier Universitaire de Nantes,I3019204325,no
LS2N - équipe STR - STR (France),25,Laboratoire des Sciences du Numérique de Nantes,I4210117005,yes
"Department of Pathology, Nantes University Hospital, Nantes, France",24,Centre Hospitalier Universitaire de Nantes,I3019204325,no
"GDD - Gestion de Données Distribuées [Nantes] (LINA
UFR de Sciences et Techniques
2 rue de la Houssinière
BP 92208
44322 Nantes Cedex 03 - France)",24,Laboratoire d'informatique de Nantes Atlantique,I4210165258,yes
"LPG-ANGERS - Laboratoire de Planétologie et Géosciences - Angers (Université d'Angers, LPG-ANGERS - Facultés de Sciences, 2 Boulevard Lavoisier - Bâtiment F 2ème Étage - 49045 Angers CEDEX 01 - France)",24,Université d'Angers,I49451733,no
LS2N - équipe OGRE - Optimisation Globale et Résolution Ensembliste (France),24,Laboratoire des Sciences du Numérique de Nantes,I4210117005,yes
Laboratoire des Sciences du Numérique de Nantes (LS2N),22,Laboratoire des Sciences du Numérique de Nantes,I4210117005,yes
"Department of Neurology, Nantes University Hospital, Nantes, France",21,Centre Hospitalier Universitaire de Nantes,I3019204325,no
"Hematology Laboratory, Nantes University Hospital, Nantes, France",21,Centre Hospitalier Universitaire de Nantes,I3019204325,no
"Centre François Viète : épistémologie, histoire des sciences et des techniques - UR1161",19,Centre François Viète,I4387153064,yes
Institut de Recherche en Energie Electrique de Nantes Atlantique UR 4642,19,Institut de Recherche en Energie Electrique de Nantes Atlantique,I4392021119,yes
"Faculté des Sciences et des Techniques de Nantes, Centre François Viète d'Histoire des Sciences et des Techniques EA 1161, 2 rue de la Houssinière, BP 92 208, 44322, Nantes, France",18,Centre François Viète,I4387153064,yes
"ReV, LS2N",18,Laboratoire des Sciences du Numérique de Nantes,I4210117005,yes
CRCINA-ÉQUIPE 13 - Nuclear Oncology (Institut de Recherche en Santé de l'Université de Nantes - 8 quai Moncousu - BP 70721 - 44007 Nantes cedex 1 - France),17,Université de Nantes,I4405260337,yes
Centre François Viète - Brest,17,,,no
"Ecole Centrale de Nantes, LS2N UMR CNRS 6004, Nantes, France",17,École Centrale de Nantes | Centre National de la Recherche Scientifique | Laboratoire des Sciences du Numérique de Nantes,I100445878 I1294671590 I4210117005,yes
"Faculté des Sciences et des Techniques de Nantes, Centre François Viète d’Histoire des Sciences et des Techniques EA 1161, 2 rue de la Houssinière, BP 92 208, 44322, Nantes, France",17,Centre François Viète,I4387153064,yes
"IMT Atlantique, LS2N (UMR CNRS 6004), Nantes, France",17,Centre National de la Recherche Scientifique | Laboratoire des Sciences du Numérique de Nantes | IMT Atlantique,I1294671590 I4210117005 I4210127572,yes
"LS2N - équipe DSG - Dynamics of Smart Grids (LS2N-ECN • BP 92101 • 1, rue de la Noë, 44321 Nantes Cedex 3 • - France)",17,École Centrale de Nantes | Laboratoire des Sciences du Numérique de Nantes,I100445878 I4210117005,yes
"Department of Geriatrics, Nantes University Hospital, Nantes, France",16,Centre Hospitalier Universitaire de Nantes,I3019204325,no
"LPG - Le Mans - Laboratoire de Planétologie et Géosciences - Le Mans (Le Mans Université - Avenue Olivier Messiaen, 72085 - France)",16,Le Mans Université,I4210108471,no
"LS2N, ReV",16,Laboratoire des Sciences du Numérique de Nantes,I4210117005,yes
"LUNAM Université, Nantes, France",16,Université Nantes Angers Le Mans,I234216984,no
"Laboratoire des Sciences du Numérique de Nantes (LS2N), Nantes, France",16,Laboratoire des Sciences du Numérique de Nantes,I4210117005,yes
"Department of Internal Medicine, Nantes University Hospital, Nantes, France",15,Centre Hospitalier Universitaire de Nantes,I3019204325,no
Laboratoire de Psychologie,15,Laboratoire de psychologie | Laboratoire de Psychologie,I4405253072 I4405258984,no
"Pathology Department, Nantes University Hospital, Nantes, France",15,Centre Hospitalier Universitaire de Nantes,I3019204325,no
"Department of Pediatrics, Nantes University Hospital, Nantes, France",14,Centre Hospitalier Universitaire de Nantes,I3019204325,no
"Lab. CEISAM, Fac. Sci. Tech., CNRS, Univ. Nantes, F-44322 Nantes, Fr",14,"Centre National de la Recherche Scientifique | Chimie et Interdisciplinarité, Synthèse, Analyse, Modélisation | Université de Nantes",I1294671590 I4210138474 I4405260337,yes
Hematology Department Nantes University Hospital  Nantes France,13,Centre Hospitalier Universitaire de Nantes,I3019204325,no
LS2N - équipe STR  - STR (France),13,Laboratoire des Sciences du Numérique de Nantes,I4210117005,yes
"Department of Clinical Hematology, Nantes University Hospital, Nantes, France",12,Centre Hospitalier Universitaire de Nantes,I3019204325,no
"Faculté des Sciences et des Techniques de Nantes, Centre François Viète d'Histoire des Sciences et des Techniques EA 1161, Nantes, France",12,Centre François Viète,I4387153064,yes
"IREENA, Saint-Nazaire, France",12,Institut de Recherche en Energie Electrique de Nantes Atlantique,I4392021119,yes
"Inst. Mater., CNRS, Univ. Nantes, F-44322 Nantes, Fr",12,Centre National de la Recherche Scientifique,I1294671590,no
LAMO - Littératures antiques et modernes (Chemin de la Censive du Tertre BP 81227 - 44312 Nantes Cedex 3  - France),12,LAMO - Littératures Antiques et Modernes,I4387152722,yes
"Laboratoire de thermocinetique, UMR CNRS 6607
Ecole Polytechnique de l'Universite de Nantes
BP 50609, 44306 Nantes cedex 03, France",12,Centre National de la Recherche Scientifique | Laboratoire de Thermique et Energie de Nantes,I1294671590 I4210109587,yes
"Nantes Universit&#x00E9;, &#x00C9;cole Centrale Nantes, CNRS, LS2N, UMR 6004, Nantes, France",12,École Centrale de Nantes | Centre National de la Recherche Scientifique | Laboratoire des Sciences du Numérique de Nantes,I100445878 I1294671590 I4210117005,yes
"Department of hematology, Nantes university Hospital and UMR892 INSERM, Nantes, France",11,Inserm,I154526488,no
LS2N - équipe AeLoS - Architectures et Logiciels Sûrs (France),11,Laboratoire des Sciences du Numérique de Nantes,I4210117005,yes
"Laboratoire des Sciences du Numérique de Nantes (LS2N), UMR CNRS 6004, Nantes, France",11,Centre National de la Recherche Scientifique | Laboratoire des Sciences du Numérique de Nantes,I1294671590 I4210117005,yes
"Reference Center for Learning Disabilities, Nantes University Hospital, Nantes, France",11,Centre Hospitalier Universitaire de Nantes,I3019204325,no
"IMT Atlantique, LS2N – CNRS, La Chantrerie, Nantes, France",10,Centre National de la Recherche Scientifique | Laboratoire des Sciences du Numérique de Nantes | IMT Atlantique,I1294671590 I4210117005 I4210127572,yes
"IMT Atlantique, LS2N, UMR CNRS 6004, F-44307 Nantes, France",10,Centre National de la Recherche Scientifique | Laboratoire des Sciences du Numérique de Nantes | IMT Atlantique,I1294671590 I4210117005 I4210127572,yes
"IRESTE University of NANTES, FRANCE",10,,,no
"Infectious Diseases Department, Nantes University Hospital, Nantes, France",10,Centre Hospitalier Universitaire de Nantes,I3019204325,no
Institut de Recherche sur l'Energie Electrique de Nantes-Atlantique (IREENA) EA 4642,10,Institut de Recherche en Energie Electrique de Nantes Atlantique,I4392021119,yes
LPGN Laboratoire de Planétologie et Géodynamique de Nantes,10,Laboratoire de Planétologie et Géosciences,I4210146808,yes
Laboratoire de Planétologie et Géodynamique,10,Laboratoire de Planétologie et Géosciences,I4210146808,yes
"Pediatric Intensive Care Unit, Nantes University Hospital, Nantes, France",10,Centre Hospitalier Universitaire de Nantes,I3019204325,no
"Centre de Recherche en Cancérologie Nantes-Angers UMR Inserm 892-CNRS 6299 and Institut de Recherche Thérapeutique de l'Université de Nantes (IRT-UN), Nantes, France",9,Inserm | Centre National de la Recherche Scientifique | Centre de Recherche en Cancérologie et Immunologie Intégrée Nantes Angers,I154526488 I1294671590 I4210092509,yes
"Department of Gastroenterology, Nantes University Hospital, Nantes, France",9,Centre Hospitalier Universitaire de Nantes,I3019204325,no
"Department of Gynecology and Obstetrics, Nantes University Hospital, Nantes, France",9,Centre Hospitalier Universitaire de Nantes,I3019204325,no
"Department of Infectious Diseases, Nantes University Hospital, Nantes, France",9,Centre Hospitalier Universitaire de Nantes,I3019204325,no
"Department of Neuroradiology, Nantes University Hospital, Nantes, France",9,Centre Hospitalier Universitaire de Nantes,I3019204325,no
"Department of Rheumatology, Nantes University Hospital, Nantes, France",9,Centre Hospitalier Universitaire de Nantes,I3019204325,no
"Hematology Biology Department, Nantes University Hospital, Nantes, France",9,Centre Hospitalier Universitaire de Nantes,I3019204325,no
"IMT Atlantique, LS2N, UMR CNRS 6004, Nantes, France",9,Centre National de la Recherche Scientifique | Laboratoire des Sciences du Numérique de Nantes | IMT Atlantique,I1294671590 I4210117005 I4210127572,yes
"Inria, IMT Atlantique, LS2N, Nantes, France",9,Laboratoire des Sciences du Numérique de Nantes | IMT Atlantique,I4210117005 I4210127572,yes
"Inserm U211, Institut de Biologie, Nantes, France",9,Inserm,I154526488,no
"LS2N - Laboratoire des Sciences du Numérique de Nantes (2 rue de la Houssinière, 44322 Nantes Cedex - France)",9,Laboratoire des Sciences du Numérique de Nantes,I4210117005,yes
LS2N - équipe MéForBio - Méthodes Formelles pour la Bioinformatique (France),9,Laboratoire des Sciences du Numérique de Nantes,I4210117005,yes
"LS2N UMR CNRS 6004, Ecole Centrale de Nantes, Nantes, France",9,École Centrale de Nantes | Centre National de la Recherche Scientifique | Laboratoire des Sciences du Numérique de Nantes,I100445878 I1294671590 I4210117005,yes
"LS2N, IMT Atlantique, Nantes, France",9,Laboratoire des Sciences du Numérique de Nantes | IMT Atlantique,I4210117005 I4210127572,yes
"Nantes University Hospital, Nantes, France;",9,Centre Hospitalier Universitaire de Nantes,I3019204325,no
"Pediatric Department, Nantes University Hospital, Nantes, France",9,Centre Hospitalier Universitaire de Nantes,I3019204325,no
"Bacteriology and Infection Control Department, Nantes University Hospital, Nantes, France",8,Centre Hospitalier Universitaire de Nantes,I3019204325,no
CLAM (EA_3507) - Centre comparatiste d’études et de recherches sur les littératures antiques et modernes (Tour 54 - 2e étage UFR STD case 7010 Université Paris 7 2 place Jussieu - 75251 PARIS CEDEX 05 - France),8,,,no
"CNRS, LS2N, Nantes, France",8,Centre National de la Recherche Scientifique | Laboratoire des Sciences du Numérique de Nantes,I1294671590 I4210117005,yes
CREN - Centre de recherches en éducation EA2661 (France),8,Centre de Recherche en Éducation de Nantes,I4387152322,yes
"Department of Cardiology, Nantes University Hospital, Nantes, France",8,Centre Hospitalier Universitaire de Nantes,I3019204325,no
"Department of Geriatrics, EA 1156-12, Nantes University Hospital, Nantes, France",8,Centre Hospitalier Universitaire de Nantes,I3019204325,no
"Department of Haematology, Nantes University Hospital, Nantes, France",8,Centre Hospitalier Universitaire de Nantes,I3019204325,no
"Department of Neurosurgery, Nantes University Hospital, Nantes, France",8,Centre Hospitalier Universitaire de Nantes,I3019204325,no
"Ecole Centrale de Nantes, LS2N, UMR CNRS 6004, Nantes, France",8,École Centrale de Nantes | Centre National de la Recherche Scientifique | Laboratoire des Sciences du Numérique de Nantes,I100445878 I1294671590 I4210117005,yes
"IMT Atlantique, LS2N-CNRS, La Chantrerie, 4, rue Alfred Kastler, Nantes cedex 3, F-44307, France",8,Centre National de la Recherche Scientifique | Laboratoire des Sciences du Numérique de Nantes | IMT Atlantique,I1294671590 I4210117005 I4210127572,yes
"LS2N Laboratory, Institut Mines Telecom Atlantique, Nantes, France",8,Laboratoire des Sciences du Numérique de Nantes | IMT Atlantique,I4210117005 I4210127572,yes
"LS2N, Ecole Centrale de Nantes, Nantes, France",8,École Centrale de Nantes | Laboratoire des Sciences du Numérique de Nantes,I100445878 I4210117005,yes
"Laboratoire de Planetologie et Geodynamique de Nantes (LPG) Nantes, France",8,Laboratoire de Planétologie et Géosciences,I4210146808,yes
Laboratoire de Planétologie et Géosciences - Angers,8,,,no
"Medical ICU, Nantes University Hospital, Nantes, France",8,Centre Hospitalier Universitaire de Nantes,I3019204325,no
"Nantes Universit&#x00E9;, Ecole Centrale Nantes, CNRS, LS2N, UMR 6004,Nantes,France,F-44000",8,École Centrale de Nantes | Centre National de la Recherche Scientifique | Laboratoire des Sciences du Numérique de Nantes,I100445878 I1294671590 I4210117005,yes
"Nantes University Hospital, Hematology Biology, Nantes, France",8,Centre Hospitalier Universitaire de Nantes,I3019204325,no
"Clinical Pharmacology Department, Nantes University Hospital, Nantes, France",7,Centre Hospitalier Universitaire de Nantes,I3019204325,no
"Department of Digestive Surgery, Nantes University Hospital, Nantes, France",7,Centre Hospitalier Universitaire de Nantes,I3019204325,no
"Department of Medical Evaluation and Epidemiology, Nantes University Hospital, Nantes, France",7,Centre Hospitalier Universitaire de Nantes,I3019204325,no
"Department of Nephrology and Immunology, Nantes University Hospital, Nantes, France",7,Centre Hospitalier Universitaire de Nantes,I3019204325,no
"Institut de Recherche en Energie Electrique de Nantes Atlantique, Saint-Nazaire, France",7,Institut de Recherche en Energie Electrique de Nantes Atlantique,I4392021119,yes
"Internal Medicine Department, Nantes University Hospital, Nantes, France",7,Centre Hospitalier Universitaire de Nantes,I3019204325,no
"LS2N - équipe RoMas, LS2N",7,Laboratoire des Sciences du Numérique de Nantes,I4210117005,yes
"LUNAM University, Nantes, France",7,Université Nantes Angers Le Mans,I234216984,no
"Laboratoire des Sciences du Numérique de Nantes, CNRS, Nantes, France",7,Centre National de la Recherche Scientifique | Laboratoire des Sciences du Numérique de Nantes,I1294671590 I4210117005,yes
"Nantes , France",7,,,no
"Pediatric Oncology, Nantes University Hospital, Nantes, France",7,Centre Hospitalier Universitaire de Nantes,I3019204325,no
"Rheumatology Department, Nantes University Hospital, Nantes, France",7,Centre Hospitalier Universitaire de Nantes,I3019204325,no
"Rheumatology Unit, Nantes University Hospital, Nantes, France",7,Centre Hospitalier Universitaire de Nantes,I3019204325,no
"TASC (LS2N-CNRS), IMT Atlantique, Nantes, France",7,Centre National de la Recherche Scientifique | Laboratoire des Sciences du Numérique de Nantes | IMT Atlantique,I1294671590 I4210117005 I4210127572,yes
"1Hematology Department, Nantes University Hospital, Nantes, France",6,Centre Hospitalier Universitaire de Nantes,I3019204325,no
"4Hematology Department, Nantes University Hospital, Nantes, France",6,Centre Hospitalier Universitaire de Nantes,I3019204325,no
"Addictology and Psychiatry Department, Nantes University Hospital, Nantes, France",6,Centre Hospitalier Universitaire de Nantes,I3019204325,no
"CNRS/UMR, Nantes, France",6,Centre National de la Recherche Scientifique,I1294671590,no
"Clinical Hematology, Nantes University Hospital, Nantes, France,",6,Centre Hospitalier Universitaire de Nantes,I3019204325,no
"Department of Child and Adolescent Psychiatry, Nantes University Hospital, Nantes, France",6,Centre Hospitalier Universitaire de Nantes,I3019204325,no
"Department of Endocrinology, Nantes University Hospital, Nantes, France",6,Centre Hospitalier Universitaire de Nantes,I3019204325,no
"Department of Infectious Disease, Nantes University Hospital, Nantes, France",6,Centre Hospitalier Universitaire de Nantes,I3019204325,no
"Department of Pediatric Emergency Care, Nantes University Hospital, Nantes, France",6,Centre Hospitalier Universitaire de Nantes,I3019204325,no
"Department of Public Health, University Hospital of Nantes, Nantes, France",6,Centre Hospitalier Universitaire de Nantes,I3019204325,no
"Department of Radiology, Nantes University Hospital, Nantes, France",6,Centre Hospitalier Universitaire de Nantes,I3019204325,no
"IMT Atlantique, LS2N – CNRS, Nantes, France",6,Centre National de la Recherche Scientifique | Laboratoire des Sciences du Numérique de Nantes | IMT Atlantique,I1294671590 I4210117005 I4210127572,yes
"INSERM U437, Nantes, FRANCE",6,Inserm,I154526488,no
"INSERM UMR-1246, Universities of Nantes and Tours, 37044 Tours, France",6,Inserm | methodS in Patient-centered outcomes and HEalth ResEarch,I154526488 I4392021239,yes
"LPG-BIAF, UMR-CNRS 6112, University of Angers, Angers, France",6,Université d'Angers | Centre National de la Recherche Scientifique,I49451733 I1294671590,no
"LS2N, CNRS, Nantes, France",6,Centre National de la Recherche Scientifique | Laboratoire des Sciences du Numérique de Nantes,I1294671590 I4210117005,yes
"LS2N, Nantes, France",6,Laboratoire des Sciences du Numérique de Nantes,I4210117005,yes
"LUNAM Université, Oniris, Nantes, F-44307, France",6,Oniris,I4210157468,no
"Laboratoire de Planétologie et Géosciences, CNRS UMR 6112, Nantes, France",6,Centre National de la Recherche Scientifique | Laboratoire de Planétologie et Géosciences,I1294671590 I4210146808,yes
"Laboratory of Psychology, LPPL EA4638, University of Angers, Angers, France",6,Université d'Angers,I49451733,no
"Nantes University Hospital, NANTES, France",6,Centre Hospitalier Universitaire de Nantes,I3019204325,no
"Pediatric Intensive Care Unit, University Hospital, Nantes, France",6,Centre Hospitalier Universitaire de Nantes,I3019204325,no
"Univ Angers, Univ Nantes, Univ Le Mans, CNRS, LPG, Laboratoire de Planétologie et Géosciences, UMR 6112, 2 Bd Lavoisier, 49045 Angers Cedex, France",6,Université Nantes Angers Le Mans | Centre National de la Recherche Scientifique | Laboratoire de Planétologie et Géosciences,I234216984 I1294671590 I4210146808,yes
"École Centrale de Nantes, LS2N UMR CNRS 6004, Nantes, France",6,École Centrale de Nantes | Centre National de la Recherche Scientifique | Laboratoire des Sciences du Numérique de Nantes,I100445878 I1294671590 I4210117005,yes
", Nantes, France",5,,,no
//,5,,,no
"5Hematology Department, Nantes University Hospital, Nantes, France",5,Centre Hospitalier Universitaire de Nantes,I3019204325,no
"6Hematology Biology, Nantes University Hospital, Nantes, France",5,Centre Hospitalier Universitaire de Nantes,I3019204325,no
"6Hematology Department, Nantes University Hospital, Nantes, France",5,Centre Hospitalier Universitaire de Nantes,I3019204325,no
"Addictology and Liaison Psychiatry Department, Nantes University Hospital, Nantes, France",5,Centre Hospitalier Universitaire de Nantes,I3019204325,no
"Bacteriology and Hygiene Department, Nantes University Hospital, Nantes, France",5,Centre Hospitalier Universitaire de Nantes,I3019204325,no
"CNRS-UMR, Nantes, France",5,Centre National de la Recherche Scientifique,I1294671590,no
"Department of Bacteriology and Infection Control, Nantes University Hospital, Nantes, France",5,Centre Hospitalier Universitaire de Nantes,I3019204325,no
"Department of Neonatalogy, Nantes University Hospital, Nantes, France",5,Centre Hospitalier Universitaire de Nantes,I3019204325,no
"Department of Neonatology, Nantes University Hospital, Nantes, France",5,Centre Hospitalier Universitaire de Nantes,I3019204325,no
"Department of Nuclear Medicine, Nantes University Hospital, Nantes, France",5,Centre Hospitalier Universitaire de Nantes,I3019204325,no
"Department of Public Health, Nantes University Hospital, Nantes, France",5,Centre Hospitalier Universitaire de Nantes,I3019204325,no
Dermatology Department Nantes University Hospital Nantes France,5,Centre Hospitalier Universitaire de Nantes,I3019204325,no
"Dermatology Department, Nantes University Hospital, Nantes, France",5,Centre Hospitalier Universitaire de Nantes,I3019204325,no
"Dermatology, Nantes University Hospital, Nantes, France",5,Centre Hospitalier Universitaire de Nantes,I3019204325,no
"ECN, LS2N",5,École Centrale de Nantes | Laboratoire des Sciences du Numérique de Nantes,I100445878 I4210117005,yes
"Ecole Centrale Nantes-LS2N-CNRS, Nantes, France",5,École Centrale de Nantes | Centre National de la Recherche Scientifique | Laboratoire des Sciences du Numérique de Nantes,I100445878 I1294671590 I4210117005,yes
"Hematology, Nantes University Hospital, Nantes, France",5,Centre Hospitalier Universitaire de Nantes,I3019204325,no
"IETR (UMR CNRS 6164), LUNAM University, Nantes, France",5,Centre National de la Recherche Scientifique,I1294671590,no
"IMT Atlantique, LS2N (UMR 6004), Nantes, France",5,Laboratoire des Sciences du Numérique de Nantes | IMT Atlantique,I4210117005 I4210127572,yes
"IMT Atlantique, LS2N-CNRS, 44307 Nantes, France",5,Centre National de la Recherche Scientifique | Laboratoire des Sciences du Numérique de Nantes | IMT Atlantique,I1294671590 I4210117005 I4210127572,yes
"INSERM U.211, Faculté de Médecine, Nantes, France",5,Inserm,I154526488,no
"Inst. de Rech. en Commun. et Cybernetique de Nantes, LUNAM Univ., Nantes, France",5,Université Nantes Angers Le Mans,I234216984,no
"Intensive Care Unit, Nantes University Hospital, Nantes, France",5,Centre Hospitalier Universitaire de Nantes,I3019204325,no
"LPG - Le Mans - Laboratoire de Planétologie et Géodynamique - Géosciences Le Mans (Le Mans Université - Avenue Olivier Messiaen, 72085 - France)",5,Le Mans Université,I4210108471,no
"LPG, Nantes, France",5,Laboratoire de Planétologie et Géosciences,I4210146808,yes
LS2N - équipe TALN,5,Laboratoire des Sciences du Numérique de Nantes,I4210117005,yes
"LS2N, CNRS UMR 6004, F44321 Nantes Cedex 3, France",5,Centre National de la Recherche Scientifique | Laboratoire des Sciences du Numérique de Nantes,I1294671590 I4210117005,yes
LUNAM Univ (Nantes - France),5,,,no
"LUNAM Universite´, Nantes, France",5,Université Nantes Angers Le Mans,I234216984,no
"Laboratoire de Physiologie Générale, URA CNRS 1340, Faculté des Sciences et des Techniques, Nantes, France",5,Centre National de la Recherche Scientifique,I1294671590,no
"Laboratoire de Planétologie et Géosciences, LPG UMR 6112, 44000 Nantes, France",5,Laboratoire de Planétologie et Géosciences,I4210146808,yes
"Laboratoire de Planétologie et Géosciences, Nantes, 44322, France",5,Laboratoire de Planétologie et Géosciences,I4210146808,yes
"Laboratoire des Sciences du Numérique de Nantes (LS2N), CNRS, 44321, Nantes, France",5,Centre National de la Recherche Scientifique | Laboratoire des Sciences du Numérique de Nantes,I1294671590 I4210117005,yes
"Laboratoire des Sciences du Numérique de Nantes (LS2N), UMR CNRS 6004, 44321, Nantes, France",5,Centre National de la Recherche Scientifique | Laboratoire des Sciences du Numérique de Nantes,I1294671590 I4210117005,yes
"Laboratoire des Sciences du Numérique de Nantes, UMR CNRS 6004, Nantes, France",5,Centre National de la Recherche Scientifique | Laboratoire des Sciences du Numérique de Nantes,I1294671590 I4210117005,yes
Laboratory Of Planetology And Geodynamics - UMR 6112 - Angers,5,Université d'Angers,I49451733,no
"Laboratory of Psychology LPPL (EA 4638), University of Angers, France",5,Université d'Angers,I49451733,no
"Nantes University Hospital, Gastroenterology, Nantes, France",5,Centre Hospitalier Universitaire de Nantes,I3019204325,no
"Nantes University, École Centrale Nantes, CNRS, LS2N, UMR 6004, 44000, Nantes, France",5,École Centrale de Nantes | Centre National de la Recherche Scientifique | Laboratoire des Sciences du Numérique de Nantes,I100445878 I1294671590 I4210117005,yes
"Neonatal Intensive Care Unit, Nantes University Hospital, Nantes, France",5,Centre Hospitalier Universitaire de Nantes,I3019204325,no
"Neurology Department, Nantes University Hospital, Nantes, France",5,Centre Hospitalier Universitaire de Nantes,I3019204325,no
"Nuclear Medicine Department, Nantes University Hospital, Nantes, France",5,Centre Hospitalier Universitaire de Nantes,I3019204325,no
"SUBATECH, EMN-IN2P3/CNRS-Université, Nantes, F-44307, France",5,Centre National de la Recherche Scientifique | Laboratoire de Physique Subatomique et des Technologies Associées | Institut National de Physique Nucléaire et de Physique des Particules,I1294671590 I4210109007 I4210133362,yes
"#N#Institut des Materiaux Jean Rouxel, 44322 Nantes Cedex 3, France",4,Institut des Matériaux Jean Rouxel,I4210091049,yes
"064, INSERM, Nantes, France",4,Inserm,I154526488,no
"10Hematology Department, Nantes University Hospital, Nantes, France",4,Centre Hospitalier Universitaire de Nantes,I3019204325,no
"3Hematology Department, Nantes University Hospital, Nantes, France",4,Centre Hospitalier Universitaire de Nantes,I3019204325,no
"Addictology and Psychiatry Department, University Hospital, Nantes, France",4,Centre Hospitalier Universitaire de Nantes,I3019204325,no
"Biochemistry Department, Nantes University Hospital, Nantes, France",4,Centre Hospitalier Universitaire de Nantes,I3019204325,no
"CNRS, Laboratoire des Sciences du Numérique de Nantes (LS2N), Nantes, France",4,Centre National de la Recherche Scientifique | Laboratoire des Sciences du Numérique de Nantes,I1294671590 I4210117005,yes
"Centrale Nantes, LS2N UMR CNRS 6004, Nantes, France",4,École Centrale de Nantes | Centre National de la Recherche Scientifique | Laboratoire des Sciences du Numérique de Nantes,I100445878 I1294671590 I4210117005,yes
"Centre François Viète, Université de Bretagne Occidentale, Brest, France",4,Université de Bretagne Occidentale | Centre François Viète | Université de Bretagne Occidentale,I161929037 I4387153064 I4405260085,yes
"Centre de Recherche en Cancérologie Nantes-Angers (CRCNA), UMR 1232 Inserm - 6299 CNRS, Institut de Recherche en Santé de l'Université de Nantes, Nantes, France",4,Inserm | Centre National de la Recherche Scientifique | Centre de Recherche en Cancérologie et Immunologie Intégrée Nantes Angers,I154526488 I1294671590 I4210092509,yes
"Clinical Gerontology Department, Nantes University Hospital, Nantes, France",4,Centre Hospitalier Universitaire de Nantes,I3019204325,no
"Clinical Gerontology, Nantes University Hospital, Nantes, France",4,Centre Hospitalier Universitaire de Nantes,I3019204325,no
"Department of Biochemistry, University Hospital of Nantes, Nantes, France",4,Centre Hospitalier Universitaire de Nantes,I3019204325,no
Department of Dermatology; Nantes University Hospital; Nantes France,4,Centre Hospitalier Universitaire de Nantes,I3019204325,no
"Department of Medical Biochemistry, Nantes University Hospital, France",4,Centre Hospitalier Universitaire de Nantes,I3019204325,no
"Department of Medical Genetics, Nantes University Hospital, Nantes, France",4,Centre Hospitalier Universitaire de Nantes,I3019204325,no
"Department of Ophthalmology, Nantes University Hospital, Nantes, France",4,Centre Hospitalier Universitaire de Nantes,I3019204325,no
"Department of Paediatric Medicine, Nantes University Hospital, Nantes, France",4,Centre Hospitalier Universitaire de Nantes,I3019204325,no
"Department of Pediatric Intensive Care, Nantes University Hospital, Nantes, France",4,Centre Hospitalier Universitaire de Nantes,I3019204325,no
"Department of Respiratory Diseases, Nantes University Hospital, Nantes, France",4,Centre Hospitalier Universitaire de Nantes,I3019204325,no
"Ecole Centrale de Nantes, LS2N UMR CNRS, Nantes, France",4,École Centrale de Nantes | Centre National de la Recherche Scientifique | Laboratoire des Sciences du Numérique de Nantes,I100445878 I1294671590 I4210117005,yes
"Ecole Centrale de Nantes, LS2N, CNRS UMR 6004, Nantes, France",4,École Centrale de Nantes | Centre National de la Recherche Scientifique | Laboratoire des Sciences du Numérique de Nantes,I100445878 I1294671590 I4210117005,yes
"Genetics Department, Nantes University Hospital, Nantes, France",4,Centre Hospitalier Universitaire de Nantes,I3019204325,no
Hematology Biology Nantes University Hospital and CRCINA  Nantes France,4,Centre de Recherche en Cancérologie et Immunologie Intégrée Nantes Angers,I4210092509,yes
Hematology Department Nantes University Hospital Nantes France,4,Centre Hospitalier Universitaire de Nantes,I3019204325,no
"IMAD, Department of Gastroenterology, Nantes University Hospital, Nantes, France",4,Centre Hospitalier Universitaire de Nantes,I3019204325,no
"IMT Atlantique, Inria, LS2N, Nantes, France",4,Laboratoire des Sciences du Numérique de Nantes | IMT Atlantique,I4210117005 I4210127572,yes
"IMT Atlantique, LS2N - CNRS, Nantes, France",4,Centre National de la Recherche Scientifique | Laboratoire des Sciences du Numérique de Nantes | IMT Atlantique,I1294671590 I4210117005 I4210127572,yes
"IMT Atlantique, LS2N, UMR CNRS 6004, 44307, Nantes, France",4,Centre National de la Recherche Scientifique | Laboratoire des Sciences du Numérique de Nantes | IMT Atlantique,I1294671590 I4210117005 I4210127572,yes
"IMT Atlantique, LS2N-CNRS, La Chantrerie, 4 rue Alfred Kastler - B.P. 20722, 44307 Nantes, France",4,Centre National de la Recherche Scientifique | Laboratoire des Sciences du Numérique de Nantes | IMT Atlantique,I1294671590 I4210117005 I4210127572,yes
"ITERT - INSERM U437, Nantes, FRANCE",4,Inserm,I154526488,no
"Immuno-Dermatology Laboratory, Nantes University Hospital, Nantes, France",4,Centre Hospitalier Universitaire de Nantes,I3019204325,no
"Institut de Recherche en Energie Electrique de Nantes Atlantique, Nantes University, 44602 Saint-Nazaire, France",4,Institut de Recherche en Energie Electrique de Nantes Atlantique,I4392021119,yes
"Knowledge and Decision Team, Laboratoire d’Informatique de Nantes Atlantique (LINA) UMR 6241, Ecole Polytechnique de l’Université de Nantes, France",4,Laboratoire d'informatique de Nantes Atlantique,I4210165258,yes
"LS2N (Laboratory of Digital Sciences of Nantes, UMR CNRS 6004), Centrale Nantes, Nantes, France",4,École Centrale de Nantes | Centre National de la Recherche Scientifique | Laboratoire des Sciences du Numérique de Nantes,I100445878 I1294671590 I4210117005,yes
"LS2N, CNRS UMR 6004, Ecole Centrale de Nantes, Nantes, France",4,École Centrale de Nantes | Centre National de la Recherche Scientifique | Laboratoire des Sciences du Numérique de Nantes,I100445878 I1294671590 I4210117005,yes
"LS2N, CNRS UMR 6004, Nantes, France",4,Centre National de la Recherche Scientifique | Laboratoire des Sciences du Numérique de Nantes,I1294671590 I4210117005,yes
"LS2N, UMR CNRS 6004, Ecole Centrale de Nantes, Nantes, France",4,École Centrale de Nantes | Centre National de la Recherche Scientifique | Laboratoire des Sciences du Numérique de Nantes,I100445878 I1294671590 I4210117005,yes
"LUNAM Université, IRCCyN UMR CNRS 6597, Nantes, France",4,Centre National de la Recherche Scientifique | Institut de recherche en communications et cybernétique de Nantes,I1294671590 I4405278184,yes
"Laboratoire de Physiologie, U.E.R. de Médecine, Nantes, France",4,,,no
Laboratoire de Planétologie et Géodynamique  Nantes France,4,Laboratoire de Planétologie et Géosciences,I4210146808,yes
Laboratoire de Planétologie et Géodynamique - Géosciences Le Mans,4,,,no
"Laboratoire de Planétologie et Géodynamique de Nantes, France",4,Laboratoire de Planétologie et Géosciences,I4210146808,yes
"Laboratoire de Planétologie et Géodynamique, UMR 6112, CNRS, Le Mans Université, Avenue Olivier Messiaen, 72085 Le Mans CEDEX 9, France",4,Centre National de la Recherche Scientifique | Le Mans Université | Laboratoire de Planétologie et Géosciences,I1294671590 I4210108471 I4210146808,yes
"Laboratoire de Psychologie des Pays de la Loire (EA 4638), University of Angers, Angers, France",4,Université d'Angers | Laboratoire de Psychologie des Pays de la Loire,I49451733 I4210089331,yes
"Laboratoire de Psychologie des Pays de la Loire (EA 4638), Université d’Angers, Angers, France",4,Université d'Angers | Laboratoire de Psychologie des Pays de la Loire,I49451733 I4210089331,yes
"Laboratoire de Thermocinetique de l'Université de Nantes, ERA CNRS 663-2, rue de la Houssinière, 44072 Nantes Cédex, France",4,Centre National de la Recherche Scientifique | Laboratoire de Thermique et Energie de Nantes,I1294671590 I4210109587,yes
"Laboratoire de Thermocinétique, CNRS UMR 6607, Ecole Polytechnique de l'Université de Nantes, 44 306 Nantes cedex 03, France",4,Centre National de la Recherche Scientifique | Laboratoire de Thermique et Energie de Nantes,I1294671590 I4210109587,yes
"Laboratoire des Sciences du Numérique de Nantes (LS2N), CNRS, Nantes, France",4,Centre National de la Recherche Scientifique | Laboratoire des Sciences du Numérique de Nantes,I1294671590 I4210117005,yes
Laboratoire des Sciences du Numériques de Nantes,4,Laboratoire des Sciences du Numérique de Nantes,I4210117005,yes
"Nantes Universit&#x00E9;,Ecole Centrale Nantes, CNRS, LS2N,Nantes,France,F-44000",4,École Centrale de Nantes | Centre National de la Recherche Scientifique | Laboratoire des Sciences du Numérique de Nantes,I100445878 I1294671590 I4210117005,yes
"Nantes University Hospital Center, Nantes, France",4,Centre Hospitalier Universitaire de Nantes,I3019204325,no
"Nantes University Hospital, 44000 Nantes, France",4,Centre Hospitalier Universitaire de Nantes,I3019204325,no
"Nantes University Hospital, Pathology, Nantes, France",4,Centre Hospitalier Universitaire de Nantes,I3019204325,no
"Nephrology Department, Nantes University Hospital, Nantes, France",4,Centre Hospitalier Universitaire de Nantes,I3019204325,no
"Oncopediatrics Department, Nantes University Hospital, Nantes, France",4,Centre Hospitalier Universitaire de Nantes,I3019204325,no
"Pediatric Emergency Care Unit, Nantes University Hospital, Nantes, France",4,Centre Hospitalier Universitaire de Nantes,I3019204325,no
Pediatric Intensive Care Unit Nantes University Hospital  Nantes France,4,Centre Hospitalier Universitaire de Nantes,I3019204325,no
"Pediatric Intensive Care Unit, University Hospital of Nantes, Nantes, France. nicolas.joram@chu-nantes.fr",4,Centre Hospitalier Universitaire de Nantes,I3019204325,no
"Pediatric Nephrology Unit, Nantes University Hospital, Nantes, France",4,Centre Hospitalier Universitaire de Nantes,I3019204325,no
"Pharmacy Department, Nantes University Hospital, Nantes, France",4,Centre Hospitalier Universitaire de Nantes,I3019204325,no
Planétologie (France),4,,,no
"Pulmonology Department, Nantes University Hospital, Nantes, France",4,Centre Hospitalier Universitaire de Nantes,I3019204325,no
"Subatech, CNRS/IN2P3, Nantes, EMN, F-44307, Nantes, France",4,Centre National de la Recherche Scientifique | Laboratoire de Physique Subatomique et des Technologies Associées | Institut National de Physique Nucléaire et de Physique des Particules,I1294671590 I4210109007 I4210133362,yes
"Thoracic Oncology Unit, Nantes University Hospital, Nantes, France",4,Centre Hospitalier Universitaire de Nantes,I3019204325,no
"UMGC, Nantes University Hospital, Nantes, France",4,Centre Hospitalier Universitaire de Nantes,I3019204325,no
"UMR 6112 CNRS Laboratoire de Planétologie et Géodynamique, Univ. Nantes, Univ. Angers",4,Université d'Angers | Centre National de la Recherche Scientifique | Laboratoire de Planétologie et Géosciences,I49451733 I1294671590 I4210146808,yes
University of Nantes and CEA-LiTEN Grenoble,4,Commissariat à l'Énergie Atomique et aux Énergies Alternatives,I2738703131,no
"064, Nantes University Hospital, Nantes, France",3,Centre Hospitalier Universitaire de Nantes,I3019204325,no
"2CRTI - UMR1064, Nantes, France",3,,,no
"2Hematology Department, Nantes University Hospital, Nantes, France",3,Centre Hospitalier Universitaire de Nantes,I3019204325,no
"7Hematology Department, Nantes University Hospital, Nantes, France",3,Centre Hospitalier Universitaire de Nantes,I3019204325,no
"9Hematology Department, Nantes University Hospital, Nantes, France",3,Centre Hospitalier Universitaire de Nantes,I3019204325,no
": UMR 6112 LPG BIAF , Univ. Angers , Univ. Nantes , CNRS , France",3,Université d'Angers | Centre National de la Recherche Scientifique | Laboratoire de Planétologie et Géosciences,I49451733 I1294671590 I4210146808,yes
"<em xmlns:mrws=""http://webservices.ovid.com/mrws/1.0"">INSERM UMR1064, Nantes University Hospital, Nantes, France",3,Inserm,I154526488,no
Addictology and Psychiatry Department Nantes University Hospital Nantes France,3,Centre Hospitalier Universitaire de Nantes,I3019204325,no
"Bacteriology and Infection Control Department, Nantes University Hospital, 44093, Nantes, France",3,Centre Hospitalier Universitaire de Nantes,I3019204325,no
"Bacteriology and Infection Control Department, Nantes University Hospital, 44093, Nantes, France. didier.lepelletier@chu-nantes.fr",3,Centre Hospitalier Universitaire de Nantes,I3019204325,no
CEISAM UMR CNRS 6230 University of Nantes  2 rue de la Houssinière 44322 Nantes France,3,"Centre National de la Recherche Scientifique | Chimie et Interdisciplinarité, Synthèse, Analyse, Modélisation",I1294671590 I4210138474,yes
"CEISAM UMR CNRS 6230 Université de Nantes  2 rue de la Houssinière, BP 92208 44322 Nantes Cedex 3 France",3,"Centre National de la Recherche Scientifique | Chimie et Interdisciplinarité, Synthèse, Analyse, Modélisation | Université de Nantes",I1294671590 I4210138474 I4405260337,yes
"CEISAM UMR CNRS 6230 Université de Nantes 2 rue de la Houssinière, BP 92208 44322 Nantes Cedex 3 France",3,"Centre National de la Recherche Scientifique | Chimie et Interdisciplinarité, Synthèse, Analyse, Modélisation | Université de Nantes",I1294671590 I4210138474 I4405260337,yes
"CEISAM, UMR CNRS 6230, BP 92208 Université de Nantes  2, Rue de la Houssinière 44322 Nantes, Cedex 3 France",3,"Centre National de la Recherche Scientifique | Chimie et Interdisciplinarité, Synthèse, Analyse, Modélisation | Université de Nantes",I1294671590 I4210138474 I4405260337,yes
CEISAM-UMR CNRS 6230 Université de Nantes  2 rue de la Houssinière 44322 Nantes France,3,"Centre National de la Recherche Scientifique | Chimie et Interdisciplinarité, Synthèse, Analyse, Modélisation | Université de Nantes",I1294671590 I4210138474 I4405260337,yes
CEISAM–UMR CNRS 6230 Université de Nantes  2 rue de la Houssinière 44322 Nantes France,3,"Centre National de la Recherche Scientifique | Chimie et Interdisciplinarité, Synthèse, Analyse, Modélisation | Université de Nantes",I1294671590 I4210138474 I4405260337,yes
"CNRS Laboratoire de Planétologie et Géodynamique de Nantes, France",3,Centre National de la Recherche Scientifique | Laboratoire de Planétologie et Géosciences,I1294671590 I4210146808,yes
"CNRS, LS2N, UMR 6004, Nantes, France",3,Centre National de la Recherche Scientifique | Laboratoire des Sciences du Numérique de Nantes,I1294671590 I4210117005,yes
"CNRS, Laboratoire de Planétologie et Géodynamique, 2 rue de la Houssinière, Nantes, France",3,Centre National de la Recherche Scientifique | Laboratoire de Planétologie et Géosciences,I1294671590 I4210146808,yes
"CNRS, Laboratoire des Sciences du Numérique de Nantes, Nantes, France",3,Centre National de la Recherche Scientifique | Laboratoire des Sciences du Numérique de Nantes,I1294671590 I4210117005,yes
"CNRS,IMN/ST2E,2 rue de la Houssinière,B.P. 32229,44322 NANTES 3,44322,NANTES,FRANCE",3,Centre National de la Recherche Scientifique | Institut des Matériaux Jean Rouxel,I1294671590 I4210091049,yes
"CNRS-SCTD-UMR6112-CD0816, Laboratoire de Planetologie et Geosciences, Vandoeuvre-les-nancy Cedex, France (pascal.rosenblatt@univ-nantes.fr)",3,Centre National de la Recherche Scientifique | Laboratoire de Planétologie et Géosciences,I1294671590 I4210146808,yes
"CRCI2NA, INSERM UMR 1307, Nantes, France and Nuclear Medicine Department, University Hospital, Nantes, France",3,Inserm | Centre de Recherche en Cancérologie et Immunologie Intégrée Nantes Angers,I154526488 I4210092509,yes
"CRCNA Inserm U892, institut de recherche thérapeutique de l’université de Nantes, 8, quai de Moncousu, BP 70721, 44007 Nantes cedex 1, France",3,Inserm | Centre de Recherche en Cancérologie et Immunologie Intégrée Nantes Angers,I154526488 I4210092509,yes
"Centre de Recherche en Archéologie, Archéosciences, Histoire (UMR 6566 CReAAH), Rennes, France",3,"Centre de Recherche en Archéologie, Archéosciences, Histoire",I4387153012,yes
"Chargé de recherche au CRUARAPCRUARAP(UPRES-A CNRS 6029)Centre de recherche en urbanisme, aménagement régional et administration publique de l’Université de Nantes",3,Centre National de la Recherche Scientifique,I1294671590,no
"Clinical Pharmacy Unit, Nantes University Hospital, Nantes, France",3,Centre Hospitalier Universitaire de Nantes,I3019204325,no
"Clinical Research Department, Nantes University Hospital, Nantes, France",3,Centre Hospitalier Universitaire de Nantes,I3019204325,no
"Department of Anesthesiology and Intensive Care, Nantes University Hospital, Nantes, France",3,Centre Hospitalier Universitaire de Nantes,I3019204325,no
"Department of Biochemistry, Nantes University Hospital, 44000, Nantes, France",3,Centre Hospitalier Universitaire de Nantes,I3019204325,no
"Department of Biochemistry, Nantes University Hospital, France",3,Centre Hospitalier Universitaire de Nantes,I3019204325,no
"Department of Clinical Pharmacology, Nantes University Hospital, Nantes, France",3,Centre Hospitalier Universitaire de Nantes,I3019204325,no
"Department of Dermatology, C. H. U., Nantes Cedex 01, France",3,Centre Hospitalier Universitaire de Nantes,I3019204325,no
Department of Genetics Nantes University Hospital  Nantes France,3,Centre Hospitalier Universitaire de Nantes,I3019204325,no
"Department of Genetics, Nantes University Hospital, Nantes, France",3,Centre Hospitalier Universitaire de Nantes,I3019204325,no
"Department of Gynecology and Obstetrics, Nantes University Hospital, Nantes, France. Electronic address: sophie.wylomanski@gmail.com",3,Centre Hospitalier Universitaire de Nantes,I3019204325,no
"Department of Medical Intensive Care, Nantes University Hospital, Nantes, France",3,Centre Hospitalier Universitaire de Nantes,I3019204325,no
"Department of Neuroradiology (R.B.), University Hospital of Nantes, Nantes, France",3,Centre Hospitalier Universitaire de Nantes,I3019204325,no
Department of Obstetrics and Gynecology Nantes University Hospital  Nantes France,3,Centre Hospitalier Universitaire de Nantes,I3019204325,no
"Department of Obstetrics and Gynecology, Nantes University Hospital, 44000, France",3,Centre Hospitalier Universitaire de Nantes,I3019204325,no
"Department of Orthopaedic Surgery, Nantes University Hospital, Nantes, France",3,Centre Hospitalier Universitaire de Nantes,I3019204325,no
"Department of Orthopedic Surgery, Nantes University Hospital, Nantes, France",3,Centre Hospitalier Universitaire de Nantes,I3019204325,no
"Department of Pediatric Emergency Care, Nantes University Hospital, F-44000, Nantes, France",3,Centre Hospitalier Universitaire de Nantes,I3019204325,no
"Department of Pediatric Hematology-Oncology, Nantes University Hospital, Nantes, France",3,Centre Hospitalier Universitaire de Nantes,I3019204325,no
"Department of Pharmacy, Nantes University Hospital, Nantes, France",3,Centre Hospitalier Universitaire de Nantes,I3019204325,no
"Department of Vascular Surgery, Nantes University Hospital, Nantes, France",3,Centre Hospitalier Universitaire de Nantes,I3019204325,no
"Dermatology Unit, Nantes University Hospital, Nantes, France",3,Centre Hospitalier Universitaire de Nantes,I3019204325,no
"Division of Infectious Diseases, Nantes University Hospital, Nantes, France",3,Centre Hospitalier Universitaire de Nantes,I3019204325,no
"Ecole Centrale Nantes, CNRS, LS2N, UMR 6004, 44000 Nantes, France",3,École Centrale de Nantes | Centre National de la Recherche Scientifique | Laboratoire des Sciences du Numérique de Nantes,I100445878 I1294671590 I4210117005,yes
"Ecole Centrale de Nantes - Laboratoire des Sciences du Numérique de Nantes (LS2N), Nantes, France",3,École Centrale de Nantes | Laboratoire des Sciences du Numérique de Nantes,I100445878 I4210117005,yes
"Ecole Polytechnique de l’Université de Nantes 1 Laboratoire de Thermocinétique, CNRS UMR 6607, , 44 306 Nantes Cedex 03, France",3,Centre National de la Recherche Scientifique | Laboratoire de Thermique et Energie de Nantes,I1294671590 I4210109587,yes
"Ecole Polytechnique de l’Université de Nantes Laboratoire de Thermocinétique, CNRS UMR 6607, , 44 306 Nantes Cedex 03, France",3,Centre National de la Recherche Scientifique | Laboratoire de Thermique et Energie de Nantes,I1294671590 I4210109587,yes
"Genetic Department, Nantes University Hospital, Nantes, France",3,Centre Hospitalier Universitaire de Nantes,I3019204325,no
Hematology Biology Department Nantes University Hospital  Nantes France,3,Centre Hospitalier Universitaire de Nantes,I3019204325,no
"Hematology Biology, Nantes University Hospital and CRCINA, Nantes, France",3,Centre Hospitalier Universitaire de Nantes | Centre de Recherche en Cancérologie et Immunologie Intégrée Nantes Angers,I3019204325 I4210092509,yes
"IMT Atlantique, Inria, LS2N",3,Laboratoire des Sciences du Numérique de Nantes | IMT Atlantique,I4210117005 I4210127572,yes
"IMT Atlantique, Inria, LS2N, UBL, Nantes, France",3,Laboratoire des Sciences du Numérique de Nantes | IMT Atlantique,I4210117005 I4210127572,yes
"IMT Atlantique, LS2N (CNRS) & ARMINES, Nantes, France",3,Centre National de la Recherche Scientifique | ARMINES | Laboratoire des Sciences du Numérique de Nantes | IMT Atlantique,I1294671590 I4210091621 I4210117005 I4210127572,yes
"IMT Atlantique, LS2N - CNRS, La Chantrerie, 4 rue Alfred Kastler, 44307 Nantes, France",3,Centre National de la Recherche Scientifique | Laboratoire des Sciences du Numérique de Nantes | IMT Atlantique,I1294671590 I4210117005 I4210127572,yes
"IMT Atlantique, LS2N, UMR-CNRS 6004, La Chantrerie, 4 rue Alfred Kastler, 44300 Nantes, France",3,Centre National de la Recherche Scientifique | Laboratoire des Sciences du Numérique de Nantes | IMT Atlantique,I1294671590 I4210117005 I4210127572,yes
"IMT Atlantique, LS2N-CNRS, La Chantrerie, Nantes, France",3,Centre National de la Recherche Scientifique | Laboratoire des Sciences du Numérique de Nantes | IMT Atlantique,I1294671590 I4210117005 I4210127572,yes
"INRA, UMR1014 Secalim, Nantes F-44307, France; LUNAM Université, Oniris, Nantes F-44307, France",3,Oniris,I4210157468,no
"INSERM U.211, Institut de biologie, Nantes, France",3,Inserm,I154526488,no
"INSERM UMR 1246, SPHERE, Methods in Patient-Centered Outcomes and Health Research, Nantes and Tours Universities, 44000 Nantes, France",3,Inserm | methodS in Patient-centered outcomes and HEalth ResEarch,I154526488 I4392021239,yes
"INSERM UMR 1246, SPHERE, Methods in Patient-Centered Outcomes and Health Research, Nantes and Tours University, Nantes, France",3,Inserm | methodS in Patient-centered outcomes and HEalth ResEarch,I154526488 I4392021239,yes
"INSERM, SPHERE, UMR1246, Université de Tours et Nantes, Tours et Nantes, France",3,Université de Tours | Inserm | methodS in Patient-centered outcomes and HEalth ResEarch,I110017253 I154526488 I4392021239,yes
"INSERM, UMR915, Nantes F-44000, France",3,Inserm,I154526488,no
"IREENA, l’Université de Nantes/Polytech Nantes, 44602 Nantes, France",3,Institut de Recherche en Energie Electrique de Nantes Atlantique,I4392021119,yes
"ITERT-INSERM U437, Nantes, France",3,Inserm,I154526488,no
"Infection Control Department, Nantes University Hospital, Nantes, France",3,Centre Hospitalier Universitaire de Nantes,I3019204325,no
"Institut de Recherche en Electronique et Electrotechnique de Nantes Atlantique, 37 Bd de l¿université, BP406, 44602 Saint-Nazaire, France",3,Institut de Recherche en Energie Electrique de Nantes Atlantique,I4392021119,yes
"Institut de Recherche en Energie Electrique de Nantes Atlantique, Polytech de Nantes, France",3,Institut de Recherche en Energie Electrique de Nantes Atlantique,I4392021119,yes
"Institut des Matériaux Jean Rouxel, UMR 6502, CNRS-Université de Nantes, Nantes Cedex 3, France",3,Centre National de la Recherche Scientifique | Institut des Matériaux Jean Rouxel | Université de Nantes,I1294671590 I4210091049 I4405260337,yes
"Institut des Matériaux Jean Rouxel, UMR CNRS-Université de Nantes no. 6502, 44322 Nantes Cedex 03, France",3,Centre National de la Recherche Scientifique | Institut des Matériaux Jean Rouxel | Université de Nantes,I1294671590 I4210091049 I4405260337,yes
"LPG-BIAF, Université d'Angers",3,Université d'Angers,I49451733,no
"LS2N Lab, Institut Mines Telecom Atlantique, Nantes, France",3,Laboratoire des Sciences du Numérique de Nantes | IMT Atlantique,I4210117005 I4210127572,yes
"LS2N, Ecole Centrale de Nantes and CNRS UMR 6004, Nantes, France",3,École Centrale de Nantes | Centre National de la Recherche Scientifique | Laboratoire des Sciences du Numérique de Nantes,I100445878 I1294671590 I4210117005,yes
"LS2N, LS2N - équipe ReV",3,Laboratoire des Sciences du Numérique de Nantes,I4210117005,yes
"LS2N, École Centrale de Nantes & CNRS UMR 6004, F-44000 Nantes, France",3,École Centrale de Nantes | Centre National de la Recherche Scientifique | Laboratoire des Sciences du Numérique de Nantes,I100445878 I1294671590 I4210117005,yes
"LUNAM Université, CNRS, IRCCyN UMR CNRS 6597, 1 Rue de la Noe, F- 44321 Nantes, France",3,Centre National de la Recherche Scientifique | Institut de recherche en communications et cybernétique de Nantes,I1294671590 I4405278184,yes
"LUNAM Université, Oniris, UMR BioEpAR, F-44307 Nantes, France",3,Oniris,I4210157468,no
"Laboratoire de Planetologie et Geodynamique de Nantes (LPG-N) Nantes, France",3,Laboratoire de Planétologie et Géosciences,I4210146808,yes
Laboratoire de Planétologie et Géodynamique de Nantes  Nantes France,3,Laboratoire de Planétologie et Géosciences,I4210146808,yes
"Laboratoire de Planétologie et Géodynamique, CNRS UMR 6112, Nantes, France",3,Centre National de la Recherche Scientifique | Laboratoire de Planétologie et Géosciences,I1294671590 I4210146808,yes
"Laboratoire de Planétologie et Géodynamique, CNRS, UMR 6112, Universités de Nantes, 44300 Nantes, France",3,Centre National de la Recherche Scientifique | Laboratoire de Planétologie et Géosciences,I1294671590 I4210146808,yes
"Laboratoire de Planétologie et Géodynamique, Univ. Nantes, Univ. Angers, CNRS, UMR 6112",3,Université d'Angers | Centre National de la Recherche Scientifique | Laboratoire de Planétologie et Géosciences,I49451733 I1294671590 I4210146808,yes
Laboratoire de Planétologie et de Géodynamique de Nantes  Nantes France,3,Laboratoire de Planétologie et Géosciences,I4210146808,yes
"Laboratoire de Thermocinétique, CNRS UMR 6607, Ecole Polytechnique de l'Université de Nantes, BP 50609, 44306 Nantes, France",3,Centre National de la Recherche Scientifique | Laboratoire de Thermique et Energie de Nantes,I1294671590 I4210109587,yes
"Laboratoire des Sciences du Numérique de Nantes, UMR CNRS 6004, 44300, Nantes, France",3,Centre National de la Recherche Scientifique | Laboratoire des Sciences du Numérique de Nantes,I1294671590 I4210117005,yes
"Laboratory of Digital Science of Nantes - LS2N Université Bretagne Loire, Nantes, FRANCE. 1 Rue de la Noë, 44321 Nantes, FRANCE",3,Laboratoire des Sciences du Numérique de Nantes,I4210117005,yes
"Medecine Intensive Reanimation, Nantes University Hospital, Nantes, France",3,Centre Hospitalier Universitaire de Nantes,I3019204325,no
"Medical Intensive Care Unit, Nantes University Hospital Center, Nantes, France",3,Centre Hospitalier Universitaire de Nantes,I3019204325,no
"Nantes Universit&#x00E9;, Ecole Centrale Nantes, CNRS, LS2N, UMR 6004,Nantes,France",3,École Centrale de Nantes | Centre National de la Recherche Scientifique | Laboratoire des Sciences du Numérique de Nantes,I100445878 I1294671590 I4210117005,yes
"Nantes Universit&#x00E9;,&#x00C9;cole Centrale Nantes, CNRS, LS2N, UMR 6004,Nantes,France",3,École Centrale de Nantes | Centre National de la Recherche Scientifique | Laboratoire des Sciences du Numérique de Nantes,I100445878 I1294671590 I4210117005,yes
"Nantes University Hospital - Pediatric Department, Nantes, France",3,Centre Hospitalier Universitaire de Nantes,I3019204325,no
"Nantes University Hospital, Bacteriology, Nantes, France",3,Centre Hospitalier Universitaire de Nantes,I3019204325,no
"Nantes University Hospital, Department of Haematology, Nantes, France",3,Centre Hospitalier Universitaire de Nantes,I3019204325,no
"Nantes University Hospital, Microbiology Laboratory, Nantes, France",3,Centre Hospitalier Universitaire de Nantes,I3019204325,no
"Nephrology and Clinical Immunology Department, Nantes University Hospital, Nantes, France",3,Centre Hospitalier Universitaire de Nantes,I3019204325,no
"Neuroradiology Department, Nantes University Hospital, Nantes, France",3,Centre Hospitalier Universitaire de Nantes,I3019204325,no
"Nuclear Medicine Department, Nantes University Hospital, 44000 Nantes, France",3,Centre Hospitalier Universitaire de Nantes,I3019204325,no
Pathology Department Nantes University Hospital  Nantes France,3,Centre Hospitalier Universitaire de Nantes,I3019204325,no
"Pathology, Nantes University Hospital, Nantes, France",3,Centre Hospitalier Universitaire de Nantes,I3019204325,no
"Pediatric Cardiology Unit, Nantes University Hospital, Nantes, France",3,Centre Hospitalier Universitaire de Nantes,I3019204325,no
"Pharmacology and Toxicology Department, Nantes University Hospital, Nantes, France",3,Centre Hospitalier Universitaire de Nantes,I3019204325,no
"Radiology Department, Nantes University Hospital, Nantes, France",3,Centre Hospitalier Universitaire de Nantes,I3019204325,no
"Reference Center for Learning Disabilities, University Hospital of Nantes, Nantes, France",3,Centre Hospitalier Universitaire de Nantes,I3019204325,no
"Service de Médecine Intensive-Réanimation, Nantes University Hospital, 44000, Nantes, France",3,Centre Hospitalier Universitaire de Nantes,I3019204325,no
"TASC (LS2N-CNRS), IMT Atlantique, 44307, Nantes, France",3,Centre National de la Recherche Scientifique | Laboratoire des Sciences du Numérique de Nantes | IMT Atlantique,I1294671590 I4210117005 I4210127572,yes
"TASC, IMT-Atlantique, LS2N-CNRS, Nantes, France",3,Centre National de la Recherche Scientifique | Laboratoire des Sciences du Numérique de Nantes | IMT Atlantique,I1294671590 I4210117005 I4210127572,yes
"U.225 INSERM, Faculté de Chirurgie Dentaire, Nantes, France",3,Inserm,I154526488,no
"UMR 1246 SPHERE (MethodS in Patients-centered outcomes and HEalth Research)–Universités de Nantes et Tours, France",3,methodS in Patient-centered outcomes and HEalth ResEarch,I4392021239,yes
"UMR CNRS 6112 LPG-BIAF, Bio-Indicateurs Actuels et Fossiles, Université d'Angers, 2 Boulevard Lavoisier, 49045 Angers CEDEX 1, France",3,Université d'Angers | Centre National de la Recherche Scientifique | Laboratoire de Planétologie et Géosciences,I49451733 I1294671590 I4210146808,yes
"Urology Department, Nantes University Hospital, Nantes, France",3,Centre Hospitalier Universitaire de Nantes,I3019204325,no
"École Centrale de Nantes, Laboratoire des Sciences du Numérique de Nantes (LS2N), Nantes, France",3,École Centrale de Nantes | Laboratoire des Sciences du Numérique de Nantes,I100445878 I4210117005,yes
"&#x00C9;cole Centrale Nantes, CNRS, LS2N, UMR 6004, Nantes Universit&#x00E9;, Nantes, France",2,École Centrale de Nantes | Centre National de la Recherche Scientifique | Laboratoire des Sciences du Numérique de Nantes,I100445878 I1294671590 I4210117005,yes
"&#x00C9;cole Centrale Nantes, CNRS, LS2N, UMR 6004,Nantes Universit&#x00E9;,Nantes,France,F-44000",2,École Centrale de Nantes | Centre National de la Recherche Scientifique | Laboratoire des Sciences du Numérique de Nantes,I100445878 I1294671590 I4210117005,yes
"&#x00C9;cole Centrale de Nantes&#x2014;LS2N, UMR CNRS 6004, Nantes, France",2,École Centrale de Nantes | Centre National de la Recherche Scientifique | Laboratoire des Sciences du Numérique de Nantes,I100445878 I1294671590 I4210117005,yes
", F-44000 Nantes, France",2,,,no
"064-CRTI, Nantes, France",2,,,no
"10Department of Hematology, Nantes University Hospital, Nantes, France",2,Centre Hospitalier Universitaire de Nantes,I3019204325,no
"11Department of Genetics, Nantes University Hospital, Nantes, France",2,Centre Hospitalier Universitaire de Nantes,I3019204325,no
"11Hematology Department, Nantes University Hospital, Nantes, France",2,Centre Hospitalier Universitaire de Nantes,I3019204325,no
"1Nantes Université, INSERM, Immunology and New Concepts in ImmunoTherapy, INCIT, UMR 1302, Nantes, France",2,Inserm | Immunologie et Nouveaux Concepts en Immunothérapie,I154526488 I4392021193,yes
"2INSERM UMR1064, Nantes, France",2,Inserm,I154526488,no
"3 Nantes, France",2,,,no
"3Biology Department, Nantes University Hospital, Nantes, France",2,Centre Hospitalier Universitaire de Nantes,I3019204325,no
"44035 Nantes Cedex 01, France",2,,,no
"44093 Nantes cedex 1, France",2,,,no
"4Department of Hematology, Nantes University Hospital, Nantes, France",2,Centre Hospitalier Universitaire de Nantes,I3019204325,no
"8Hematology Department, Nantes University Hospital, Nantes, France",2,Centre Hospitalier Universitaire de Nantes,I3019204325,no
"9Department of Clinical Hematology, Nantes University Hospital, Nantes, France",2,Centre Hospitalier Universitaire de Nantes,I3019204325,no
"Addictology and Liaison-Psychiatry Department, Nantes University Hospital, Nantes, France",2,Centre Hospitalier Universitaire de Nantes,I3019204325,no
"Addictology and Psychiatry Department, Nantes University Hospital, France",2,Centre Hospitalier Universitaire de Nantes,I3019204325,no
"Anesthesiology and Intensive Care Department, Nantes University Hospital, Nantes, France",2,Centre Hospitalier Universitaire de Nantes,I3019204325,no
Bacteriology Department CHU Nantes CRCINA University Nantes Nantes France,2,Centre Hospitalier Universitaire de Nantes,I3019204325,no
"Biostatistics Unit, Research Board, Nantes University Hospital, Nantes, France",2,Centre Hospitalier Universitaire de Nantes,I3019204325,no
"Biostatistics, Nantes University Hospital, Nantes, France",2,Centre Hospitalier Universitaire de Nantes,I3019204325,no
"Burn Center, University Hospital, Nantes, France",2,Centre Hospitalier Universitaire de Nantes,I3019204325,no
"C.H.U. de Nantes, Nantes, France",2,Centre Hospitalier Universitaire de Nantes,I3019204325,no
"CEISAM CNRS, UMR6230 Université de Nantes, BP 92208  2 rue de la Houssinière 44322 Nantes France",2,"Centre National de la Recherche Scientifique | Chimie et Interdisciplinarité, Synthèse, Analyse, Modélisation | Université de Nantes",I1294671590 I4210138474 I4405260337,yes
"CEISAM CNRS, UMR6230 Université de Nantes, BP 92208 2 rue de la Houssinière 44322 Nantes France",2,"Centre National de la Recherche Scientifique | Chimie et Interdisciplinarité, Synthèse, Analyse, Modélisation | Université de Nantes",I1294671590 I4210138474 I4405260337,yes
"CEISAM UMR CNRS 6230 Université de Nantes 2, rue de la Houssinière, BP 92208 44322 Nantes Cedex 3 France",2,"Centre National de la Recherche Scientifique | Chimie et Interdisciplinarité, Synthèse, Analyse, Modélisation | Université de Nantes",I1294671590 I4210138474 I4405260337,yes
"CHRU Tours, Tours université, Inserm Sphere U1246, université de Tours et Nantes, Ini-Crct, France",2,Université de Tours | Inserm | Centre Hospitalier Universitaire de Tours,I110017253 I154526488 I4210095477,no
CHU Nantes Bacteriology Department Nantes University  Nantes France,2,Centre Hospitalier Universitaire de Nantes,I3019204325,no
"CHU de Nantes, Addictology and Liaison Psychiatry Department, Nantes University Hospital, Nantes, France",2,Centre Hospitalier Universitaire de Nantes,I3019204325,no
"CHU de Nantes, service de neurologie, Inserm CR1064, 44093 Nantes cedex, France. Electronic address: david.laplaud@univ-nantes.fr",2,Inserm | Centre Hospitalier Universitaire de Nantes,I154526488 I3019204325,no
"CNRS & Centrale Nantes, LS2N UMR CNRS 6004 (Laboratoire des Sciences du Numérique de Nantes), Nantes, France",2,École Centrale de Nantes | Centre National de la Recherche Scientifique | Laboratoire des Sciences du Numérique de Nantes,I100445878 I1294671590 I4210117005,yes
"CNRS 6299, Centre de Recherche en Cancérologie de Nantes-Angers, Institut de Recherche en Santé de l'Université de Nantes, Nantes, France",2,Centre National de la Recherche Scientifique | Centre de Recherche en Cancérologie et Immunologie Intégrée Nantes Angers,I1294671590 I4210092509,yes
"CNRS LETG-Nantes, Nantes, France (armelle.decaulne@univ-nantes.fr)",2,Centre National de la Recherche Scientifique,I1294671590,no
CNRS UMR-6112 LPG Nantes,2,Centre National de la Recherche Scientifique | Laboratoire de Planétologie et Géosciences,I1294671590 I4210146808,yes
"CNRS UMR6112 Laboratoire de Planétologie et Géodynamique, Nantes, France",2,Centre National de la Recherche Scientifique | Laboratoire de Planétologie et Géosciences,I1294671590 I4210146808,yes
"CNRS UMR6164, IETR Ecole Polytechnique de l'universite de Nantes Nantes France",2,Centre National de la Recherche Scientifique,I1294671590,no
"CNRS, IRCCyN UMR CNRS 6597, LUNAM Université, Nantes, France",2,Centre National de la Recherche Scientifique | Institut de recherche en communications et cybernétique de Nantes,I1294671590 I4405278184,yes
"CNRS, U Nantes",2,Centre National de la Recherche Scientifique,I1294671590,no
"CNRS, UMR 6112 CNRS Laboratoire de Planétologie et Géodynamique Nantes, Nantes, France (gwenael.caravaca@univ-nantes.fr)",2,Centre National de la Recherche Scientifique | Laboratoire de Planétologie et Géosciences,I1294671590 I4210146808,yes
"CNRS, UMR 6299, Nantes, 44000, France",2,Centre National de la Recherche Scientifique | Centre de Recherche en Cancérologie et Immunologie Intégrée Nantes Angers,I1294671590 I4210092509,yes
"CNRS, UMR6299, Institut de Recherche en Santé de l'Université de Nantes, Nantes, France",2,Centre National de la Recherche Scientifique | Centre de Recherche en Cancérologie et Immunologie Intégrée Nantes Angers,I1294671590 I4210092509,yes
"CNRS, Univ. Nantes, F-44072 Nantes, Fr",2,Centre National de la Recherche Scientifique,I1294671590,no
"CRCI2NA, INSERM UMR 1307, Nantes, France",2,Inserm | Centre de Recherche en Cancérologie et Immunologie Intégrée Nantes Angers,I154526488 I4210092509,yes
"CRCINA, Nantes University Hospital, Nantes, France",2,Centre de Recherche en Cancérologie et Immunologie Intégrée Nantes Angers,I4210092509,yes
"CRPPE Nantes, CHU de Nantes, Nantes, France",2,Centre Hospitalier Universitaire de Nantes,I3019204325,no
"CReAAH, University of Rennes",2,"Université de Rennes | Centre de Recherche en Archéologie, Archéosciences, Histoire",I56067802 I4387153012,yes
"Centrale Nantes, CNRS, LS2N UMR CNRS 6004, Nantes, France",2,École Centrale de Nantes | Centre National de la Recherche Scientifique | Laboratoire des Sciences du Numérique de Nantes,I100445878 I1294671590 I4210117005,yes
"Centrale Nantes, LS2N UMR CNRS 6004, France",2,École Centrale de Nantes | Centre National de la Recherche Scientifique | Laboratoire des Sciences du Numérique de Nantes,I100445878 I1294671590 I4210117005,yes
"Centrale Nantes, LS2N UMR CNRS, Nantes, France",2,École Centrale de Nantes | Centre National de la Recherche Scientifique | Laboratoire des Sciences du Numérique de Nantes,I100445878 I1294671590 I4210117005,yes
"Centrale Nantes, Laboratoire des Sciences du Num&#x00E9;rique de Nantes LS2N,Nantes,France",2,École Centrale de Nantes | Laboratoire des Sciences du Numérique de Nantes,I100445878 I4210117005,yes
"Centrale Nantes, Laboratoire des Sciences du Numérique de Nantes LS2N, Nantes, France",2,École Centrale de Nantes | Laboratoire des Sciences du Numérique de Nantes,I100445878 I4210117005,yes
"Centre François Viète d'Histoire des Sciences et des Techniques EA 1161, Faculté des Sciences et des Techniques de Nantes, 2 rue de la Houssinière, 92 208, 44322, Nantes, France",2,Centre François Viète,I4387153064,yes
"Centre François Viète d’Histoire des Sciences et des Techniques EA 1161, Faculté des Sciences et des Techniques de Nantes, 2 rue de la Houssinière, 92 208, 44322, Nantes, France",2,Centre François Viète,I4387153064,yes
"Centre François Viète, Université de Bretagne Occidentale, France",2,Université de Bretagne Occidentale | Centre François Viète | Université de Bretagne Occidentale,I161929037 I4387153064 I4405260085,yes
"Centre National de la Recherche Scientifique, Laboratoire des Sciences du Numérique de Nantes (LS2N), UMR CNRS 6004, Nantes 44321, France",2,Centre National de la Recherche Scientifique | Laboratoire des Sciences du Numérique de Nantes,I1294671590 I4210117005,yes
"Centre de Recherche en Archéologie, Archéosciences, Histoire, CReAAH-UMR 6566, CNRS, Université de Rennes 1, 35042, Rennes, France",2,"Université de Rennes | Centre National de la Recherche Scientifique | Centre de Recherche en Archéologie, Archéosciences, Histoire | Université Rennes 1",I56067802 I1294671590 I4387153012 I4405258264,yes
"Centre de Recherche en Cancéro-Immunologie Nantes/Angers (CRCINA, UMR 892 INSERM), Institut de Recherche en Santé de l'Université de Nantes, Nantes CEDEX 1, France",2,Inserm | Centre de Recherche en Cancérologie et Immunologie Intégrée Nantes Angers,I154526488 I4210092509,yes
"Centre de recherche méthodologique d’architecture - UMR CNRS 1563, Nantes, France",2,"Centre National de la Recherche Scientifique | AAU - Ambiances, Architectures, Urbanités",I1294671590 I4210162214,yes
"Clinical Haematology, Nantes University Hospital, Nantes, France",2,Centre Hospitalier Universitaire de Nantes,I3019204325,no
"Clinical Hematology Department, Nantes University Hospital, Nantes, France",2,Centre Hospitalier Universitaire de Nantes,I3019204325,no
"Clinical Pharmacology Department, Institute of Biology, University Hospital, Nantes, France",2,Centre Hospitalier Universitaire de Nantes,I3019204325,no
"Clinical Pharmacology Laboratory Department, Nantes University Hospital, Nantes, France",2,Centre Hospitalier Universitaire de Nantes,I3019204325,no
"Clinical Research Unit, Nantes University Hospital, Nantes, France",2,Centre Hospitalier Universitaire de Nantes,I3019204325,no
"Clinical Toxicology Unit, Pharmacology Department, Nantes University Hospital, Nantes, France",2,Centre Hospitalier Universitaire de Nantes,I3019204325,no
"Department of Anatomopathology, Nantes University Hospital, Nantes, France",2,Centre Hospitalier Universitaire de Nantes,I3019204325,no
"Department of Automation, Production and Computer Sciences, IMT Atlantique, LS2N-CNRS, Nantes, France",2,Centre National de la Recherche Scientifique | Laboratoire des Sciences du Numérique de Nantes | IMT Atlantique,I1294671590 I4210117005 I4210127572,yes
"Department of Bacteriology, Nantes University Hospital, Nantes, France",2,Centre Hospitalier Universitaire de Nantes,I3019204325,no
"Department of Bacteriology-Hygiene, Nantes University Hospital, France",2,Centre Hospitalier Universitaire de Nantes,I3019204325,no
"Department of Bacteriology-Hygiene, Nantes University Hospital, Nantes, France",2,Centre Hospitalier Universitaire de Nantes,I3019204325,no
"Department of Biochemistry and INSERM U1232, Nantes University Hospital, 9 quai Moncousu, F-44093 Nantes Cedex, France",2,Inserm | Centre Hospitalier Universitaire de Nantes,I154526488 I3019204325,no
"Department of Biochemistry, University Hospital of Nantes, 44093 Nantes, France",2,Centre Hospitalier Universitaire de Nantes,I3019204325,no
"Department of Biological Hematology, Nantes University Hospital, 44000 Nantes, France",2,Centre Hospitalier Universitaire de Nantes,I3019204325,no
"Department of Biological Hematology, Nantes University Hospital, CRCINA, Nantes, France",2,Centre de Recherche en Cancérologie et Immunologie Intégrée Nantes Angers,I4210092509,yes
"Department of Biological Hematology, Nantes University Hospital, Nantes, France",2,Centre Hospitalier Universitaire de Nantes,I3019204325,no
Department of Cardiology Nantes University Hospital  Nantes France,2,Centre Hospitalier Universitaire de Nantes,I3019204325,no
"Department of Clinical Database, University Hospital of Nantes, Nantes, France",2,Centre Hospitalier Universitaire de Nantes,I3019204325,no
"Department of Clinical Research, Nantes University Hospital, Nantes, France",2,Centre Hospitalier Universitaire de Nantes,I3019204325,no
"Department of Dermato-Oncology, CHU Nantes, Nantes Universit e, CIC 1413, Inserm UMR 1302/EMR6001 INCIT, F-44000 Nantes, France",2,Inserm | Centre Hospitalier Universitaire de Nantes | Centre d'Investigation Clinique de Nantes | Immunologie et Nouveaux Concepts en Immunothérapie,I154526488 I3019204325 I4210128055 I4392021193,yes
"Department of Dermatology Nantes University, CHU Nantes, INSERM  Nantes France",2,Inserm | Centre Hospitalier Universitaire de Nantes,I154526488 I3019204325,no
"Department of Dermatology, Nantes University Hospital, 44000 Nantes, France",2,Centre Hospitalier Universitaire de Nantes,I3019204325,no
"Department of Dermatology, Nantes University Hospital, CIC 1413, Inserm UMR 1302/EMR6001 INCIT, F-44000 Nantes, France",2,Inserm | Centre Hospitalier Universitaire de Nantes | Centre d'Investigation Clinique de Nantes | Immunologie et Nouveaux Concepts en Immunothérapie,I154526488 I3019204325 I4210128055 I4392021193,yes
"Department of Dermatology, Nantes University Hospital, Nantes",2,Centre Hospitalier Universitaire de Nantes,I3019204325,no
"Department of Emergency Medicine, Nantes University Hospital, CHU Nantes, 44000, Nantes, France. emmanuelmontassier@hotmail.com",2,Centre Hospitalier Universitaire de Nantes,I3019204325,no
"Department of Emergency Medicine, Nantes University Hospital, Nantes, France",2,Centre Hospitalier Universitaire de Nantes,I3019204325,no
"Department of Emergency Medicine, SAMU 44, University Hospital of Nantes",2,Centre Hospitalier Universitaire de Nantes,I3019204325,no
Department of Endocrinology University Hospital Nantes France,2,Centre Hospitalier Universitaire de Nantes,I3019204325,no
"Department of Epidemiology and Biostatistics, Nantes University Hospital, France",2,Centre Hospitalier Universitaire de Nantes,I3019204325,no
"Department of Geriatrics, EA 1156–12, Nantes University Hospital, Nantes, France",2,Centre Hospitalier Universitaire de Nantes,I3019204325,no
"Department of Geriatrics, Nantes University Hospital, 44093 Nantes, France",2,Centre Hospitalier Universitaire de Nantes,I3019204325,no
"Department of Geriatrics, Nantes University Hospital, France",2,Centre Hospitalier Universitaire de Nantes,I3019204325,no
Department of Haemostasis University Hospital of Nantes Nantes France,2,Centre Hospitalier Universitaire de Nantes,I3019204325,no
"Department of Haemostasis, Nantes University Hospital, Nantes, France",2,Centre Hospitalier Universitaire de Nantes,I3019204325,no
"Department of Head and Neck Surgery, Nantes University Hospital, Nantes, France",2,Centre Hospitalier Universitaire de Nantes,I3019204325,no
Department of Hematology Biology Nantes University Hospital  Nantes France,2,Centre Hospitalier Universitaire de Nantes,I3019204325,no
"Department of Hematology Biology, Nantes University Hospital, Nantes, France",2,Centre Hospitalier Universitaire de Nantes,I3019204325,no
Department of Hematology University Hospital of Nantes  Nantes France,2,Centre Hospitalier Universitaire de Nantes,I3019204325,no
"Department of Hematology, Nantes University Hospital, France",2,Centre Hospitalier Universitaire de Nantes,I3019204325,no
"Department of Hematology, Nantes University Hospital, Nantes, France;",2,Centre Hospitalier Universitaire de Nantes,I3019204325,no
"Department of Immunology, University Hospital of Nantes, 44093 Nantes, France",2,Centre Hospitalier Universitaire de Nantes,I3019204325,no
"Department of Internal Medicine, Nantes University Hospital, Nantes",2,Centre Hospitalier Universitaire de Nantes,I3019204325,no
"Department of Internal Medicine, University Hospital, Nantes, France",2,Centre Hospitalier Universitaire de Nantes,I3019204325,no
"Department of Maxillofacial Surgery, Nantes University Hospital, 44000 Nantes, France",2,Centre Hospitalier Universitaire de Nantes,I3019204325,no
"Department of Medical Information, Nantes University Hospital, Nantes, France",2,Centre Hospitalier Universitaire de Nantes,I3019204325,no
"Department of Medical Oncology, Nantes University Hospital, Nantes, France",2,Centre Hospitalier Universitaire de Nantes,I3019204325,no
"Department of Microbiology, CHU Nantes University Hospital, Nantes, France",2,Centre Hospitalier Universitaire de Nantes,I3019204325,no
Department of Neonatal Medicine University Hospital of Nantes  Nantes France,2,Centre Hospitalier Universitaire de Nantes,I3019204325,no
"Department of Neonatology, Nantes University Hospital, France",2,Centre Hospitalier Universitaire de Nantes,I3019204325,no
"Department of Neurophysiology, University Hospital, Nantes, France",2,Centre Hospitalier Universitaire de Nantes,I3019204325,no
"Department of Neuroradiology, CHU Nantes, 44093 Nantes, France",2,Centre Hospitalier Universitaire de Nantes,I3019204325,no
"Department of Neuroradiology, CHU Nantes, F-44000 Nantes, France",2,Centre Hospitalier Universitaire de Nantes,I3019204325,no
"Department of Nuclear Medicine, Nantes University Hospital, France",2,Centre Hospitalier Universitaire de Nantes,I3019204325,no
"Department of Obstetrics and Gynaecology, Nantes University Hospital, 44000 Nantes, France",2,Centre Hospitalier Universitaire de Nantes,I3019204325,no
Department of Ophthalmology University Hospital Nantes France,2,Centre Hospitalier Universitaire de Nantes,I3019204325,no
"Department of Oral Surgery, Nantes University Hospital, 1 place Alexis Ricordeau, 44000 Nantes, France. Electronic address: philippe.lesclous@univ-nantes.fr",2,Centre Hospitalier Universitaire de Nantes,I3019204325,no
"Department of Paediatrics, Nantes University Hospital, Nantes, France",2,Centre Hospitalier Universitaire de Nantes,I3019204325,no
"Department of Pathology, Nantes University Hospital, 1 place Alexis Ricordeau, 44000 Nantes, France",2,Centre Hospitalier Universitaire de Nantes,I3019204325,no
"Department of Pediatric Cardiology, Nantes University Hospital, Nantes, France",2,Centre Hospitalier Universitaire de Nantes,I3019204325,no
"Department of Pediatric Emergency Care, Nantes University Hospital, Nantes F-44000, France",2,Centre Hospitalier Universitaire de Nantes,I3019204325,no
"Department of Pediatric Hematology and BMT, Nantes University Hospital, Nantes, France",2,Centre Hospitalier Universitaire de Nantes,I3019204325,no
"Department of Pediatric Hematology, Nantes University Hospital, Nantes, France",2,Centre Hospitalier Universitaire de Nantes,I3019204325,no
"Department of Pediatric Radiology, Nantes University Hospital, Nantes, France",2,Centre Hospitalier Universitaire de Nantes,I3019204325,no
"Department of Pediatric Surgery, Nantes University Hospital, Nantes, France",2,Centre Hospitalier Universitaire de Nantes,I3019204325,no
"Department of Pediatrics, Nantes University Hospital Center, Nantes, France",2,Centre Hospitalier Universitaire de Nantes,I3019204325,no
"Department of Periodontology, Faculty of Dental Surgery, UIC 11, Rmes U1229, CHU de Nantes, 44000 Nantes, France",2,Centre Hospitalier Universitaire de Nantes,I3019204325,no
"Department of Rheumatology, Nantes University Medical School, CHU Nantes, France",2,Centre Hospitalier Universitaire de Nantes,I3019204325,no
"Department of pathology, C.H.R.U. of Nantes, Nantes Cedex, 44035, 01, France",2,Centre Hospitalier Universitaire de Nantes,I3019204325,no
"Department of “Addictology & Consultation-Liaison psychiatry”, Nantes University Hospital, Nantes, France, Nantes, France",2,Centre Hospitalier Universitaire de Nantes,I3019204325,no
Dermatology Department University Hospital of Nantes  Nantes France,2,Centre Hospitalier Universitaire de Nantes,I3019204325,no
Dermatology Department; Nantes University Hospital; Nantes France,2,Centre Hospitalier Universitaire de Nantes,I3019204325,no
"Division of Haematology, Nantes University Hospital, Nantes, France; INSERM U1232 CNRS, CRCINA, Nantes, France",2,Inserm | Centre National de la Recherche Scientifique | Centre Hospitalier Universitaire de Nantes | Centre de Recherche en Cancérologie et Immunologie Intégrée Nantes Angers,I154526488 I1294671590 I3019204325 I4210092509,yes
"Département d’Odontologie pédiatrique, Faculté de Chirurgie Dentaire, Nantes, France",2,,,no
"ESEO, 10 Bd Jeanneteau 49100 Angers IREENA Lab UR 4642,France",2,École Supérieure d'Électronique de l'Ouest | Institut de Recherche en Energie Electrique de Nantes Atlantique,I4210149659 I4392021119,yes
"ESEO-IREENA, Angers, France",2,École Supérieure d'Électronique de l'Ouest,I4210149659,no
"Ecole Centrale Nantes, L'UNAM Univ., Nantes, France",2,École Centrale de Nantes | Université Nantes Angers Le Mans,I100445878 I234216984,yes
"Ecole Centrale de Nantes, LS2N, UMR CNRS 6004, 1 rue de la Noe, BP 92101, Nantes Cedex 3, 44321, France",2,École Centrale de Nantes | Centre National de la Recherche Scientifique | Laboratoire des Sciences du Numérique de Nantes,I100445878 I1294671590 I4210117005,yes
"Ecole Centrale de Nantes, LS2N, UMR CNRS 6597, 1 Rue de la Noë, Nantes, France",2,École Centrale de Nantes | Centre National de la Recherche Scientifique | Laboratoire des Sciences du Numérique de Nantes,I100445878 I1294671590 I4210117005,yes
"Ecole Centrale de Nantes, LS2N-CNRS 1, rue de la Noë, Nantes, France",2,École Centrale de Nantes | Centre National de la Recherche Scientifique | Laboratoire des Sciences du Numérique de Nantes,I100445878 I1294671590 I4210117005,yes
"Ecole Centrale de Nantes, LS2N-UMR 6004, Nantes, France",2,École Centrale de Nantes | Laboratoire des Sciences du Numérique de Nantes,I100445878 I4210117005,yes
"Ecole Centrale de Nantes, Laboratoire des Sciences Numériques de Nantes (LS2N), CNRS UMR 6004, Nantes, France",2,École Centrale de Nantes | Centre National de la Recherche Scientifique | Laboratoire des Sciences du Numérique de Nantes,I100445878 I1294671590 I4210117005,yes
"Ecole Centrale de Nantes, Universite de Liege",2,École Centrale de Nantes | University of Liège,I100445878 I157674565,yes
"Ecole Centrale of Nantes, Laboratory of Digital Sciences of Nantes (LS2N), Nantes, France",2,École Centrale de Nantes | Laboratoire des Sciences du Numérique de Nantes,I100445878 I4210117005,yes
"Ecole Polytechnique de l''Universite de Nantes, Saint Nazaire, France",2,,,no
"Ecole Polytechnique de l'Université de Nantes, Laboratoire de Thermocinétique, UMR CNRS 6607, La Chantrerie, BP 50609, 44306 Nantes, France",2,Centre National de la Recherche Scientifique | Laboratoire de Thermique et Energie de Nantes,I1294671590 I4210109587,yes
"Ecole Polytechnique de l’Universite´ de Nantes, Nantes, France",2,,,no
Emergency Department University hospital  Nantes France,2,Centre Hospitalier Universitaire de Nantes,I3019204325,no
"Emergency Department, Nantes University Hospital, 44000 Nantes, France",2,Centre Hospitalier Universitaire de Nantes,I3019204325,no
"Emergency Department, Nantes University Hospital, 44000, Nantes, France",2,Centre Hospitalier Universitaire de Nantes,I3019204325,no
"Emergency Department, Nantes University Hospital, 44093, Nantes, France",2,Centre Hospitalier Universitaire de Nantes,I3019204325,no
"Endocrinology Department , University Hospital , Nantes , France;",2,Centre Hospitalier Universitaire de Nantes,I3019204325,no
"F-44093 Nantes Cedex 1, France",2,,,no
"FRE-CNRS no. 2230 Biocatalyse, Faculté des Sciences et des Techniques, 2 rue de la Houssinière, BP 92208, 44322 Nantes Cedex 03, France",2,Centre National de la Recherche Scientifique,I1294671590,no
Genetics Department Nantes University Hospital  Nantes France,2,Centre Hospitalier Universitaire de Nantes,I3019204325,no
"Geosciences Laboratory - LPG, UFR Sciences et Techniques, Maine University, Le Mans, France",2,Le Mans Université,I4210108471,no
"H. Le Marec. Laboratory of cardiology, UA CNRS 1340, Nantes, France",2,Centre National de la Recherche Scientifique,I1294671590,no
Haematology Laboratory Nantes University Hospital Nantes France,2,Centre Hospitalier Universitaire de Nantes,I3019204325,no
"Haematology Laboratory, Nantes University Hospital, Nantes, France",2,Centre Hospitalier Universitaire de Nantes,I3019204325,no
Hematology Biology Department Nantes University Hospital and CRCINA Nantes France,2,Centre Hospitalier Universitaire de Nantes | Centre de Recherche en Cancérologie et Immunologie Intégrée Nantes Angers,I3019204325 I4210092509,yes
"Hematology Biology, Nantes University Hospital, F-44000 Nantes, France",2,Centre Hospitalier Universitaire de Nantes,I3019204325,no
"Hematology Department , University Hospital , Nantes ;",2,Centre Hospitalier Universitaire de Nantes,I3019204325,no
Hematology Nantes University Hospital  Nantes France,2,Centre Hospitalier Universitaire de Nantes,I3019204325,no
"Hematology, Nantes University Hospital, Nantes, France,",2,Centre Hospitalier Universitaire de Nantes,I3019204325,no
"Histopathology Laboratory, Nantes University Hospital, Nantes, France",2,Centre Hospitalier Universitaire de Nantes,I3019204325,no
"I M N, 2 rue de la Houssinière, 44072 NANTES Cedex, France",2,,,no
"I.U.F.M., Nantes, FRANCE",2,,,no
"ICO Nantes , Nantes,",2,,,no
"IETR, LUNAM University, Nantes, France",2,,,no
"IMN, CNRS UMR6502, 2 Rue de la Houssiniere, BP 32229, 44322 Nantes, France",2,Centre National de la Recherche Scientifique | Institut des Matériaux Jean Rouxel,I1294671590 I4210091049,yes
IMT Atlantique & LS2N (CNRS,2,Centre National de la Recherche Scientifique | Laboratoire des Sciences du Numérique de Nantes | IMT Atlantique,I1294671590 I4210117005 I4210127572,yes
"IMT Atlantique, Inria, LS2N CNRS, Nantes, France",2,Centre National de la Recherche Scientifique | Laboratoire des Sciences du Numérique de Nantes | IMT Atlantique,I1294671590 I4210117005 I4210127572,yes
"IMT Atlantique, LS2N (CNRS) and ARMINES, Nantes, France",2,Centre National de la Recherche Scientifique | ARMINES | Laboratoire des Sciences du Numérique de Nantes | IMT Atlantique,I1294671590 I4210091621 I4210117005 I4210127572,yes
"IMT Atlantique, LS2N (CNRS), France",2,Centre National de la Recherche Scientifique | Laboratoire des Sciences du Numérique de Nantes | IMT Atlantique,I1294671590 I4210117005 I4210127572,yes
"IMT Atlantique, LS2N, 4 Rue Alfred Kastler, 44300, Nantes, France",2,Laboratoire des Sciences du Numérique de Nantes | IMT Atlantique,I4210117005 I4210127572,yes
"IMT Atlantique, LS2N, 44300 Nantes, France",2,Laboratoire des Sciences du Numérique de Nantes | IMT Atlantique,I4210117005 I4210127572,yes
"IMT Atlantique, LS2N, CNRS UMR-6004, Nantes, France",2,Centre National de la Recherche Scientifique | Laboratoire des Sciences du Numérique de Nantes | IMT Atlantique,I1294671590 I4210117005 I4210127572,yes
"IMT Atlantique, LS2N, UMR CNRS 6004, 44307 Nantes, France",2,Centre National de la Recherche Scientifique | Laboratoire des Sciences du Numérique de Nantes | IMT Atlantique,I1294671590 I4210117005 I4210127572,yes
"IMT Atlantique, LS2N, UMR CNRS, Nantes, France",2,Centre National de la Recherche Scientifique | Laboratoire des Sciences du Numérique de Nantes | IMT Atlantique,I1294671590 I4210117005 I4210127572,yes
"IMT Atlantique, LS2N-CNRS, La Chantrerie, 4, rue Alfred Kastler, 44307 Nantes, France",2,Centre National de la Recherche Scientifique | Laboratoire des Sciences du Numérique de Nantes | IMT Atlantique,I1294671590 I4210117005 I4210127572,yes
"INRA-Université, Nantes, France",2,"Institut National de Recherche pour l'Agriculture, l'Alimentation et l'Environnement",I4210088668,no
"INSERM U 211, Institut de Biologie, Nantes, France",2,Inserm,I154526488,no
"INSERM U-533, Faculté des Sciences, 44322 Nantes, France",2,Inserm,I154526488,no
"INSERM U. 211, Faculté de Médecine, Nantes, France",2,Inserm,I154526488,no
"INSERM U. 463, Institut de Biologie, 9, quai Moncousu, 44093 Nantes Cedex 01, France",2,Inserm,I154526488,no
"INSERM U211, Institut de Biologie-CHR, Nantes, France",2,Inserm,I154526488,no
"INSERM U211, Institute of Biology, Nantes, France",2,Inserm,I154526488,no
"INSERM U463 and Faculty of Sciences of Nantes, Nantes, France",2,Inserm,I154526488,no
"INSERM U649, Nantes, France",2,Inserm,I154526488,no
"INSERM U892,Nantes,France,44000",2,Inserm,I154526488,no
"INSERM U913, 44093, Nantes, France",2,Inserm,I154526488,no
"INSERM UMR 1064 -ITUN, Nantes, France",2,Inserm | Institut de Transplantation Urologie en Nephrologie,I154526488 I4210112643,no
"INSERM UMR 1064-ITUN; CHU de Nantes, Nantes F44093, France",2,Inserm | Centre Hospitalier Universitaire de Nantes,I154526488 I3019204325,no
"INSERM UMR 1238, Faculty of Biology of Nantes, Nantes, France",2,Inserm,I154526488,no
"INSERM UMR 1238, Faculty of Biology of Nantes, Nantes, France. aurelie.najm@gmail.com",2,Inserm,I154526488,no
"INSERM UMR-1246, Universities of Nantes and Tours, Tours, France",2,Inserm | methodS in Patient-centered outcomes and HEalth ResEarch,I154526488 I4392021239,yes
"INSERM UMR1307, CNRS UMR 6075, CRCI2NA, Nantes, France",2,Inserm | Centre National de la Recherche Scientifique | Centre de Recherche en Cancérologie et Immunologie Intégrée Nantes Angers,I154526488 I1294671590 I4210092509,yes
INSERM UMS 016‐UMS CNRS 3556  8 quai Moncousu 44007 Nantes France,2,Inserm | Centre National de la Recherche Scientifique,I154526488 I1294671590,no
"INSERM Unit 211, Institute of Biology, Nantes, France",2,Inserm,I154526488,no
"INSERM Unit 211, Nantes, France",2,Inserm,I154526488,no
"INSERM Unité 211, Nantes, France",2,Inserm,I154526488,no
"INSERM, Institut de Recherche thérapeutique de l'Université de Nantes, Nantes, France",2,Inserm,I154526488,no
"INSERM, UMR 957, Nantes, F-44035 Nantes, France. valerie.trichet@univ-nantes.fr",2,Inserm,I154526488,no
"INSERM, UMR892, Institut de Recherche en Santé de l'Université de Nantes, France",2,Inserm,I154526488,no
"INSERM, UMR892, Institut de Recherche en Santé de l'Université de Nantes, Nantes, France",2,Inserm,I154526488,no
"IRCCyN UMR CNRS 6597, Polytech Nantes, LUNAM Université, Nantes, France",2,Centre National de la Recherche Scientifique | Institut de recherche en communications et cybernétique de Nantes,I1294671590 I4405278184,yes
"IRCCyN-IVC (CNRS UMR 6597), École polytechnique de l’université de Nantes, La Chantrerie",2,Centre National de la Recherche Scientifique | Institut de recherche en communications et cybernétique de Nantes,I1294671590 I4405278184,yes
"IREENA, Universit&#x00E9; de Nantes, Saint-Nazaire, France",2,Institut de Recherche en Energie Electrique de Nantes Atlantique,I4392021119,yes
"ITERT/INSERM U437, Nantes, France",2,Inserm,I154526488,no
"ITUN, CHU Nantes, 44000, Nantes, France",2,Centre Hospitalier Universitaire de Nantes | Institut de Transplantation Urologie en Nephrologie,I3019204325 I4210112643,no
"Immuno-Endocrinology Unit, ENVN/INRA/University, Nantes, France",2,,,no
"Immunology laboratory, Nantes University Hospital, Nantes, France,",2,Centre Hospitalier Universitaire de Nantes,I3019204325,no
"Immunology, Nantes University Hospital, Nantes, France",2,Centre Hospitalier Universitaire de Nantes,I3019204325,no
"Infectious Disease Department, Nantes University Hospital, Nantes, France",2,Centre Hospitalier Universitaire de Nantes,I3019204325,no
"Infectious Diseases Department, Centre for Prevention of Infectious and Transmissible Diseases, CHU Nantes and INSERM UIC 1413 Nantes University, Nantes, France",2,Inserm | Centre Hospitalier Universitaire de Nantes,I154526488 I3019204325,no
"Infectious Diseases Department, Nantes University Hospital , Nantes , France",2,Centre Hospitalier Universitaire de Nantes,I3019204325,no
"Infectious Diseases Department, Nantes University Hospital, 44093, Nantes, France",2,Centre Hospitalier Universitaire de Nantes,I3019204325,no
"Inria, IMT Atlantique, LS2N, France",2,Laboratoire des Sciences du Numérique de Nantes | IMT Atlantique,I4210117005 I4210127572,yes
"Inria, LS2N, IMT Atlantique, Nantes, France",2,Laboratoire des Sciences du Numérique de Nantes | IMT Atlantique,I4210117005 I4210127572,yes
Inserm CIC1413 Nantes University Hospital  Nantes France,2,Inserm | Centre d'Investigation Clinique de Nantes,I154526488 I4210128055,no
"Inst. Mater. Nantes, CNRS, F-44072 Nantes, Fr",2,Centre National de la Recherche Scientifique | Institut des Matériaux Jean Rouxel,I1294671590 I4210091049,yes
"Inst. de Recherche en Commun. et Cybern. de Nantes, CNRS, Nantes, France",2,Centre National de la Recherche Scientifique,I1294671590,no
"Institut National de la Santé et de la Recherche Médicale (INSERM) CIC1413, Nantes University Hospital, Nantes, France",2,Inserm | Centre d'Investigation Clinique de Nantes,I154526488 I4210128055,no
"Institut de Biologie, INSERM U463 and Faculté des Sciences de Nantes, Nantes, France",2,Inserm,I154526488,no
"Institut de Physique de Nantes, B. P. 1044, 44-Nantes, France",2,,,no
"Institut de Recherche Thérapeutique de l'Université de Nantes, UMR INSERM, U892, 8 quai Moncousu, BP 70721, 44007, Nantes Cedex 1, France",2,Inserm,I154526488,no
"Institut de Recherche en Énergie Électrique de Nantes Atlantique, IREENA, Nantes University, 44600 Saint-Nazaire, France",2,Institut de Recherche en Energie Electrique de Nantes Atlantique,I4392021119,yes
"Institute of Electronics and Telecommunications of Rennes, École Polytechnique de l’Université de Nantes, Nantes, France",2,Institut d'Électronique et des Technologies du numéRique,I4210100151,yes
Intensive Care Unit Nantes University Hospital Nantes France,2,Centre Hospitalier Universitaire de Nantes,I3019204325,no
"Internal Medicine, Nantes University Hospital, Nantes, France",2,Centre Hospitalier Universitaire de Nantes,I3019204325,no
"Ireena University of Nantes,Saint-Nazaire,France,44600",2,Institut de Recherche en Energie Electrique de Nantes Atlantique,I4392021119,yes
"LINA CNRS and Nantes University, Nantes, France",2,Centre National de la Recherche Scientifique | Laboratoire d'informatique de Nantes Atlantique,I1294671590 I4210165258,yes
LPG - Le Mans Université,2,Le Mans Université,I4210108471,no
"LPG, Nantes Univ., CNRS, France",2,Centre National de la Recherche Scientifique | Laboratoire de Planétologie et Géosciences,I1294671590 I4210146808,yes
"LPG-BIAF UMR-CNRS 6112, UNIV Angers, CNRS, UFR Sciences, 2 bd Lavoisier 49045, Angers CEDEX 01, France",2,Université d'Angers | Centre National de la Recherche Scientifique | Laboratoire de Planétologie et Géosciences,I49451733 I1294671590 I4210146808,yes
"LPG-BIAF, UMR-CNRS 6112, University of Angers",2,Université d'Angers | Centre National de la Recherche Scientifique | Laboratoire de Planétologie et Géosciences,I49451733 I1294671590 I4210146808,yes
"LS2N - UMR CNRS 6004, Nantes University, 110 Bd Michelet, Nantes, France, --- Select a Country ---",2,Centre National de la Recherche Scientifique | Laboratoire des Sciences du Numérique de Nantes,I1294671590 I4210117005,yes
"LS2N - équipe ReV, LS2N",2,Laboratoire des Sciences du Numérique de Nantes,I4210117005,yes
"LS2N Laboratory, Ecole Centrale Nantes, Nantes, France",2,École Centrale de Nantes | Laboratoire des Sciences du Numérique de Nantes,I100445878 I4210117005,yes
"LS2N Nantes, Nantes, France",2,Laboratoire des Sciences du Numérique de Nantes,I4210117005,yes
"LS2N UMR 6004 CNRS, Ecole Centrale Nantes, Nantes, France",2,École Centrale de Nantes | Centre National de la Recherche Scientifique | Laboratoire des Sciences du Numérique de Nantes,I100445878 I1294671590 I4210117005,yes
"LS2N UMR CNRS 6004, Ecole Centrale de Nantes,Nantes,France",2,École Centrale de Nantes | Centre National de la Recherche Scientifique | Laboratoire des Sciences du Numérique de Nantes,I100445878 I1294671590 I4210117005,yes
"LS2N lab, Institut Mines Telecom Atlantique, Nantes, France",2,Laboratoire des Sciences du Numérique de Nantes | IMT Atlantique,I4210117005 I4210127572,yes
"LS2N, CNRS UMR 6004, 1 rue de la Noë, F44321 Nantes Cedex 3, France",2,Centre National de la Recherche Scientifique | Laboratoire des Sciences du Numérique de Nantes,I1294671590 I4210117005,yes
"LS2N, Centre National de la Recherche Scientifique (CNRS), France",2,Centre National de la Recherche Scientifique | Laboratoire des Sciences du Numérique de Nantes,I1294671590 I4210117005,yes
"LS2N, Institut National des Sciences Appliquées, Rennes, France",2,Institut National des Sciences Appliquées de Rennes,I28221208,no
"LS2N, ReV, IMT Atlantique - DAPI",2,Laboratoire des Sciences du Numérique de Nantes | IMT Atlantique,I4210117005 I4210127572,yes
"LS2N, UMR 6004",2,Laboratoire des Sciences du Numérique de Nantes,I4210117005,yes
"LS2N, UMR 6004 CNRS, Nantes, France",2,Centre National de la Recherche Scientifique | Laboratoire des Sciences du Numérique de Nantes,I1294671590 I4210117005,yes
"LS2N, UMR CNRS 6004, BP 92101, Nantes Cedex 3 44321, France",2,Centre National de la Recherche Scientifique | Laboratoire des Sciences du Numérique de Nantes,I1294671590 I4210117005,yes
"LS2N, École Centrale Nantes",2,École Centrale de Nantes | Laboratoire des Sciences du Numérique de Nantes,I100445878 I4210117005,yes
"LS2N-CNRS, IMT Atlantique, Nantes, France",2,Centre National de la Recherche Scientifique | Laboratoire des Sciences du Numérique de Nantes | IMT Atlantique,I1294671590 I4210117005 I4210127572,yes
"LS2N/ECN UMR 6004, Nantes, France",2,Laboratoire des Sciences du Numérique de Nantes,I4210117005,yes
"LTeN, CNRS, UMR 6607, Nantes University, Rue Christian Pauc, Nantes, 44306, France",2,Centre National de la Recherche Scientifique | Laboratoire de Thermique et Energie de Nantes,I1294671590 I4210109587,yes
"LTeN, Univ Nantes, UMR CNRS 6607, Rue Christian Pauc, Nantes, F-44306, France",2,Centre National de la Recherche Scientifique | Laboratoire de Thermique et Energie de Nantes,I1294671590 I4210109587,yes
"LUNAM Université, CNRS, Institute for Research on Urban Sciences and Techniques, IRSTV FR CNRS 2488, BP 92101, 44321, Nantes Cedex 3, France",2,Centre National de la Recherche Scientifique,I1294671590,no
"LUNAM Université, CNRS, LMF UMR CNRS 6598, BP 92101, 44321, Nantes Cedex 3, France",2,"Centre National de la Recherche Scientifique | Laboratoire de Recherche Hydrodynamique, Energétique et Environnement Atmosphérique",I1294671590 I4210153154,yes
"LUNAM Université, CNRS, Nantes, France",2,Centre National de la Recherche Scientifique,I1294671590,no
"LUNAM Université, IFSTTAR Centre de Nantes, SOA, Bouguenais F-443441, France",2,,,no
"LUNAM Université, IFSTTAR, site de Nantes, Route de Bouaye CS4, 44344 Bouguenais Cedex, France",2,Université Nantes Angers Le Mans,I234216984,no
"LUNAM Université, IRCCyN (UMR CNRS 6597) BP 92101, 1 rue de la Noë 44321 Nantes Cedex 3, France",2,Centre National de la Recherche Scientifique | Institut de recherche en communications et cybernétique de Nantes,I1294671590 I4405278184,yes
"LUNAM Université, Institut de Recherche en Énergie Électrique de Nantes Atlantique, 37 Bd de l'Université, 44602 Saint-Nazaire cedex",2,Institut de Recherche en Energie Electrique de Nantes Atlantique,I4392021119,yes
"LUNAM Université, Université-IUT de Nantes, CNRS, GEPEA, UMR 6144, France",2,Centre National de la Recherche Scientifique | Laboratoire de Génie des Procédés – Environnement – Agro-alimentaire,I1294671590 I4210148006,yes
"LUNAM Université, École des Mines de Nantes, IRCCyN UMR CNRS 6597 (Institut de Recherche en Communication et en Cybernétique de Nantes), 4 rue Alfred Kastler – La Chantrerie BP20722, F – 44307 NANTES Cedex 3, France",2,Université Nantes Angers Le Mans | Centre National de la Recherche Scientifique | École nationale supérieure des Mines de Nantes | Institut de recherche en communications et cybernétique de Nantes,I234216984 I1294671590 I4405265706 I4405278184,yes
"Lab. CEISAM, CNRS, Univ. Nantes, F-44322 Nantes, Fr",2,"Centre National de la Recherche Scientifique | Chimie et Interdisciplinarité, Synthèse, Analyse, Modélisation",I1294671590 I4210138474,yes
"Laboratoire LETG-Nantes-Géolittomer – UMR 6554 CNRS, Nantes, Cedex 3, France",2,"Centre National de la Recherche Scientifique | Littoral, Environnement, Télédétection, Géomatique",I1294671590 I4387153176,yes
"Laboratoire Planétologie and Géodynamique, CNRS, Université Nantes et Angers, Nantes, France",2,Centre National de la Recherche Scientifique | Laboratoire de Planétologie et Géosciences,I1294671590 I4210146808,yes
"Laboratoire d'Histologie, Faculté de Médecine, Nantes, France",2,,,no
"Laboratoire d'Oncogenese Immunohematologique and Inserm U211, Institut de Biologie, Nantes, France",2,Inserm,I154526488,no
"Laboratoire de Parasitologie-Mycologie, Nantes University Hospital, 44000, Nantes, France",2,Centre Hospitalier Universitaire de Nantes,I3019204325,no
"Laboratoire de Plan´etologie et G´eodynamique, Nantes, CNRS UMR6112, Universit´e de Nantes, Universit´e d'Angers, 44322 Nantes, France",2,Centre National de la Recherche Scientifique | Laboratoire de Planétologie et Géosciences,I1294671590 I4210146808,yes
Laboratoire de Planétologie et Géodynamique - Bio-Indicateurs Actuels et Fossiles,2,Laboratoire de Planétologie et Géosciences,I4210146808,yes
Laboratoire de Planétologie et Géosciences - Le Mans,2,,,no
"Laboratoire de Planétologie et Géosciences, CNRS, Université",2,Centre National de la Recherche Scientifique | Laboratoire de Planétologie et Géosciences,I1294671590 I4210146808,yes
"Laboratoire de Planétologie et Géosciences, Université d'Angers, 49000 Angers, France",2,Université d'Angers,I49451733,no
"Laboratoire de Thermocinetique, UMR CNRS 6607, Ecole Polytechnique de l’Université de Nantes, 3 rue Christian, Pauc, 44300 Nantes, France",2,Centre National de la Recherche Scientifique | Laboratoire de Thermique et Energie de Nantes,I1294671590 I4210109587,yes
Laboratoire de Thermocinétique Ecole Polytechnique de l'Université de Nantes  Nantes France,2,Laboratoire de Thermique et Energie de Nantes,I4210109587,yes
"Laboratoire de Thermocinétique, Ecole Polytechnique de l’Université de Nantes, La Chantrerie, BP 50609, 44306 Nantes, France",2,Laboratoire de Thermique et Energie de Nantes,I4210109587,yes
"Laboratoire de thermocinetique, UMR CNRS 6607
Ecole Polytechnique de l'Université de Nantes
BP 50609, 44306 Nantes cedex 03, France",2,Centre National de la Recherche Scientifique | Laboratoire de Thermique et Energie de Nantes,I1294671590 I4210109587,yes
"Laboratoire des Plasmas et des Couches Minces, Institut des Matériaux J. Rouxel, UMR 6502-CNRS, Ecole polytechnique de l'Université de Nantes, BP 32229, 44322 Nantes, France",2,Centre National de la Recherche Scientifique | Institut des Matériaux Jean Rouxel,I1294671590 I4210091049,yes
"Laboratoire des Sciences du Num&#x00E9;rique de Nantes (LS2N), &#x00C9;cole Centrale de Nantes, Nantes, France",2,École Centrale de Nantes | Laboratoire des Sciences du Numérique de Nantes,I100445878 I4210117005,yes
"Laboratoire des Sciences du Numérique de Nantes (LS2N), CNRS, Ecole Centrale de Nantes, 1 Rue de la Noë, 44300 Nantes, France",2,École Centrale de Nantes | Centre National de la Recherche Scientifique | Laboratoire des Sciences du Numérique de Nantes,I100445878 I1294671590 I4210117005,yes
"Laboratoire des Sciences du Numérique de Nantes (LS2N), UMR CNRS 6004, 1 rue de la Noë, 44321 Nantes, France",2,Centre National de la Recherche Scientifique | Laboratoire des Sciences du Numérique de Nantes,I1294671590 I4210117005,yes
"Laboratoire des Sciences du Numérique de Nantes (LS2N), École Centrale de Nantes, Nantes, France",2,École Centrale de Nantes | Laboratoire des Sciences du Numérique de Nantes,I100445878 I4210117005,yes
"Laboratoire des Sciences du Numérique de Nantes LS2N, UMR CNRS 6004 Ecole Centrale de Nantes, Nantes, France",2,École Centrale de Nantes | Centre National de la Recherche Scientifique | Laboratoire des Sciences du Numérique de Nantes,I100445878 I1294671590 I4210117005,yes
"Laboratoire des Sciences du Numérique de Nantes, 2 Chemin de la Houssinière, Nantes, 44322, France",2,Laboratoire des Sciences du Numérique de Nantes,I4210117005,yes
Laboratoire d’Économie et de Management Nantes AtlantiqueUniversité de Nantes,2,Laboratoire d'Economie et de Management de Nantes Atlantique,I4390039323,yes
"Laboratory for Digital Sciences of Nantes (LS2N), Ecole Centrale de Nantes, Nantes, France",2,École Centrale de Nantes | Laboratoire des Sciences du Numérique de Nantes,I100445878 I4210117005,yes
"Laboratory of Bacteriology, Nantes University Hospital, Nantes, France",2,Centre Hospitalier Universitaire de Nantes,I3019204325,no
"Laboratory of Digital Sciences of Nantes (LS2N), Team ROMAS, UMR CNRS 6004, 1 Rue de la Noë, 44300 Nantes, France",2,Centre National de la Recherche Scientifique | Laboratoire des Sciences du Numérique de Nantes,I1294671590 I4210117005,yes
"Laboratory of Hemostasis, Nantes University Hospital, Nantes, France",2,Centre Hospitalier Universitaire de Nantes,I3019204325,no
"Laboratory of Planetology and Geosciences, Nantes, France",2,Laboratoire de Planétologie et Géosciences,I4210146808,yes
"L’UNAM, LAMP, EA 3825, Faculté des Sciences et Techniques, 2 rue de la Houssinière, BP 92208, Nantes F-44000, France",2,Université Nantes Angers Le Mans,I234216984,no
"Medical ICU, University Hospital Center, Nantes, France",2,Centre Hospitalier Universitaire de Nantes,I3019204325,no
"Medqual, Nantes University Hospital, 44093, Nantes, France",2,Centre Hospitalier Universitaire de Nantes,I3019204325,no
"Methods in Patient-Centered Outcomes and Health Research, INSERM UMR 1246, Nantes, France",2,Inserm | methodS in Patient-centered outcomes and HEalth ResEarch,I154526488 I4392021239,yes
"Methods in Patient-Centered Outcomes and Health Research, INSERM UMR1246, Poitiers, France",2,Inserm,I154526488,no
"Multidisciplinary Pain, Palliative and Support Care Center, UIC22 and EA2826, University Hospital, 44093 Nantes cedex 1, France. Electronic address: julien.nizard@univ-nantes.fr",2,Centre Hospitalier Universitaire de Nantes,I3019204325,no
Nantes ),2,,,no
"Nantes Universit&#x00E9;,&#x00C9;cole Centrale Nantes CNRS, LS2N, UMR 6004,Nantes,France,F-44000",2,École Centrale de Nantes | Centre National de la Recherche Scientifique | Laboratoire des Sciences du Numérique de Nantes,I100445878 I1294671590 I4210117005,yes
"Nantes Universit&#x00E9;,&#x00C9;cole Centrale Nantes, LS2N, CNRS, UMR 6004,Nantes,France,F-44300",2,École Centrale de Nantes | Centre National de la Recherche Scientifique | Laboratoire des Sciences du Numérique de Nantes,I100445878 I1294671590 I4210117005,yes
"Nantes Universit&#x00E9;,Centrale Nantes, CNRS, LS2N, UMR 6004,Nantes,France,F-44000",2,École Centrale de Nantes | Centre National de la Recherche Scientifique | Laboratoire des Sciences du Numérique de Nantes,I100445878 I1294671590 I4210117005,yes
"Nantes Universit&#x00E9;,Ecole Centrale Nantes, CNRS, LS2N,Nantes,France",2,École Centrale de Nantes | Centre National de la Recherche Scientifique | Laboratoire des Sciences du Numérique de Nantes,I100445878 I1294671590 I4210117005,yes
"Nantes University Hospital , Nantes , France",2,Centre Hospitalier Universitaire de Nantes,I3019204325,no
"Nantes University Hospital, 1 Rue Gaston Veil, Nantes, France",2,Centre Hospitalier Universitaire de Nantes,I3019204325,no
"Nantes University Hospital, Department of Digestive Surgery, Nantes, France",2,Centre Hospitalier Universitaire de Nantes,I3019204325,no
"Nantes University Hospital, Department of Rheumatology, Nantes, France",2,Centre Hospitalier Universitaire de Nantes,I3019204325,no
"Nantes University Hospital, Gastroenterology , Nantes , France",2,Centre Hospitalier Universitaire de Nantes,I3019204325,no
"Nantes University Hospital, Gastroenterology , Nantes, France",2,Centre Hospitalier Universitaire de Nantes,I3019204325,no
"Nantes University Hospital, Hematology Department, Nantes, France",2,Centre Hospitalier Universitaire de Nantes,I3019204325,no
"Nantes University Hospital, Hematology, Nantes, France",2,Centre Hospitalier Universitaire de Nantes,I3019204325,no
"Nantes University Hospital, Medical Intensive Care Unit, Nantes, France",2,Centre Hospitalier Universitaire de Nantes,I3019204325,no
"Nantes University Hospital, Nantes 44035, France",2,Centre Hospitalier Universitaire de Nantes,I3019204325,no
"Nantes University Hospital, Pediatric Emergency Care Unit, Nantes, 44093, Nantes, France",2,Centre Hospitalier Universitaire de Nantes,I3019204325,no
"Nantes University Hospital, Pharmacy, Nantes, France",2,Centre Hospitalier Universitaire de Nantes,I3019204325,no
"Nantes University Université Angers, INSERM, Immunology and New Concepts in ImmunoTherapy, INCIT, UMR 1302  Nantes France",2,Inserm | Immunologie et Nouveaux Concepts en Immunothérapie,I154526488 I4392021193,yes
"Nantes University, CHU Nantes, France",2,Centre Hospitalier Universitaire de Nantes,I3019204325,no
"Nantes University, Nantes University Hospital (CHU Nantes), Orthopedic and Traumatological Surgical Clinic, Nantes, France. Electronic address: francois.lataste@chu-nantes.fr",2,Centre Hospitalier Universitaire de Nantes,I3019204325,no
"Nantes University, Oniris, CHU Nantes, Inserm, Regenerative Medicine and Skeleton, RMeS, UMR 1229, Nantes, France",2,Inserm | Centre Hospitalier Universitaire de Nantes | Oniris,I154526488 I3019204325 I4210157468,no
"Nantes University, Univ Angers, INSERM, Immunology and New Concepts in ImmunoTherapy, INCIT, UMR 1302, Nantes, France",2,Inserm | Immunologie et Nouveaux Concepts en Immunothérapie,I154526488 I4392021193,yes
Nantes university hospital center,2,Centre Hospitalier Universitaire de Nantes,I3019204325,no
"Nantes university hospital, Nantes, France",2,Centre Hospitalier Universitaire de Nantes,I3019204325,no
"Naomod Team, IMT Atlantique, LS2N, Nantes, France",2,Laboratoire des Sciences du Numérique de Nantes | IMT Atlantique,I4210117005 I4210127572,yes
"Now with Inserm UMR 1087/CNRS UMR 6291 IRS-UN, Nantes, France (A.R.)",2,Inserm | Centre National de la Recherche Scientifique | Institut du Thorax,I154526488 I1294671590 I4210144168,yes
"Nuclear Medicine Department, University Hospital, Nantes, France; and",2,Centre Hospitalier Universitaire de Nantes,I3019204325,no
"OGD2 Pharma, Institut de Recherche en Santé de l’Université de Nantes, 44007 Nantes, France",2,Université de Nantes,I4405260337,yes
"Onco-dermatology Department, Nantes University Hospital, France",2,Centre Hospitalier Universitaire de Nantes,I3019204325,no
"Ophthalmology, Nantes University Hospital, Nantes, France",2,Centre Hospitalier Universitaire de Nantes,I3019204325,no
"Otorhinolaryngology Department, Nantes University Hospital, 44093, Nantes, France",2,Centre Hospitalier Universitaire de Nantes,I3019204325,no
"Pathology Department, Nantes University Hospital",2,Centre Hospitalier Universitaire de Nantes,I3019204325,no
"Pays de la Loire Psychology Laboratory (LPPL), Psychology Department, Angers University, Angers, France",2,Université d'Angers | Laboratoire de Psychologie des Pays de la Loire,I49451733 I4210089331,yes
"Pediatric CF Center, Nantes University Hospital, Nantes, France",2,Centre Hospitalier Universitaire de Nantes,I3019204325,no
"Pediatric Cystic Fibrosis Center, Nantes University Hospital, Nantes, France",2,Centre Hospitalier Universitaire de Nantes,I3019204325,no
Pediatric Department University Hospital of Nantes  Nantes France,2,Centre Hospitalier Universitaire de Nantes,I3019204325,no
"Pediatric Department, Nantes University Hospital, Nantes, FR-44000, France",2,Centre Hospitalier Universitaire de Nantes,I3019204325,no
"Pediatric Department, Nantes University Hospital, Nantes, FRA",2,Centre Hospitalier Universitaire de Nantes,I3019204325,no
Pediatric Hematology Unit Nantes University Hospital  Nantes France,2,Centre Hospitalier Universitaire de Nantes,I3019204325,no
"Pediatric Intensive Care Unit, Nantes University Hospital, 44000 Nantes, France",2,Centre Hospitalier Universitaire de Nantes,I3019204325,no
Pediatric Oncology Department Nantes University Hospital  Nantes France,2,Centre Hospitalier Universitaire de Nantes,I3019204325,no
Pediatric Onco‐Hematology Department University Hospital Center of Nantes  Nantes France,2,Centre Hospitalier Universitaire de Nantes,I3019204325,no
"Pediatric and Neonatal Intensive Care Unit, Nantes University Hospital, 38 bld Jean Monnet, Nantes 44000, France",2,Centre Hospitalier Universitaire de Nantes,I3019204325,no
Pharmacology Department – Addictovigilance Nantes University Hospital Nantes France,2,Centre Hospitalier Universitaire de Nantes,I3019204325,no
"Plateforme de Méthodologie Et Biostatistique, CHU Nantes, Nantes, France",2,Centre Hospitalier Universitaire de Nantes,I3019204325,no
"Radiology, Nantes University Hospital, Nantes, France",2,Centre Hospitalier Universitaire de Nantes,I3019204325,no
"Reference Center for Learning Disabilities, Nantes University Hospital, France",2,Centre Hospitalier Universitaire de Nantes,I3019204325,no
"Research Department, Nantes University Hospital, Nantes, France",2,Centre Hospitalier Universitaire de Nantes,I3019204325,no
"Rheumatology Unit, Nantes University Hospital, Place Alexis Ricordeau, 44093, Nantes Cedex 01, France",2,Centre Hospitalier Universitaire de Nantes,I3019204325,no
"SFR-Santé MicroPICell Facility, UNIV Nantes, INSERM, CNRS, CHU Nantes, Nantes, France",2,Inserm | Centre National de la Recherche Scientifique | Centre Hospitalier Universitaire de Nantes | Structure Fédérative de Recherche Bonamy,I154526488 I1294671590 I3019204325 I4400009061,yes
"SFR-Santé, INSERM, CNRS, UNIV Nantes, CHU Nantes, Nantes, France",2,Inserm | Centre National de la Recherche Scientifique | Centre Hospitalier Universitaire de Nantes | Structure Fédérative de Recherche Bonamy,I154526488 I1294671590 I3019204325 I4400009061,yes
"SPIN Unit, Public Health Department, Nantes University Hospital, Nantes, France",2,Centre Hospitalier Universitaire de Nantes,I3019204325,no
"STACK Team, IMT Atlantique, Inria, LS2N, Nantes, France",2,Laboratoire des Sciences du Numérique de Nantes | IMT Atlantique,I4210117005 I4210127572,yes
"Samu 44, Department of Emergency Medicine, University Hospital of Nantes, Nantes, France",2,Centre Hospitalier Universitaire de Nantes,I3019204325,no
"Service d'Ecotoxicologie, CNRS GDR 1117, ISOMer, SMAB, 2, rue de la Houssinière, BP 92208, 44322 Nantes Cedex 3, France",2,Centre National de la Recherche Scientifique | Institut Des Substances et Organismes de la Mer,I1294671590 I4392021232,yes
"Skin Cancer Unit, INSERM, Nantes University Hospital, Nantes Cedex, France",2,Inserm | Centre Hospitalier Universitaire de Nantes,I154526488 I3019204325,no
"Subatech, IMTA-IN2P3/CNRS-Université, Nantes F-44307, France",2,Centre National de la Recherche Scientifique | Laboratoire de Physique Subatomique et des Technologies Associées | Institut National de Physique Nucléaire et de Physique des Particules,I1294671590 I4210109007 I4210133362,yes
"TASC, IMT-Atlantique, LS2N-CNRS, 4 rue Alfred Kastler, Nantes, 44307, France",2,Centre National de la Recherche Scientifique | Laboratoire des Sciences du Numérique de Nantes | IMT Atlantique,I1294671590 I4210117005 I4210127572,yes
"TASC, IMT-Atlantique, LS2N-CNRS, 44307, Nantes, France",2,Centre National de la Recherche Scientifique | Laboratoire des Sciences du Numérique de Nantes | IMT Atlantique,I1294671590 I4210117005 I4210127572,yes
"TarGeT, Nantes University, INSERM UMR 1089, CHU Nantes, Nantes, France",2,Inserm | Centre Hospitalier Universitaire de Nantes | Translational Research in Gene Therapy,I154526488 I3019204325 I4392021141,yes
"Thermofluids, Complex Flows and Energy Group, Laboratoire de Thermocinétique, CNRS-UMR 6607 Ecole Polytechnique de l’Université de Nantes, rue Christian Pauc, BP 50609, F-44306 Nantes Cedex 3, France",2,Centre National de la Recherche Scientifique | Laboratoire de Thermique et Energie de Nantes,I1294671590 I4210109587,yes
"UFIP UMR-CNRS 6286, Epigénétique: prolifération et différenciation, Faculté des Sciences et des Techniques, 2 rue de la Houssinière, 44322, Nantes, France. Christophe.Thiriet@univ-nantes.fr",2,Centre National de la Recherche Scientifique | Unité en Sciences Biologiques et Biotechnologies de Nantes,I1294671590 I4387154840,yes
"UFR STAPS Nantes, Nantes, France",2,,,no
"UMR 1246 INSERM SPHERE ""MethodS in Patients-centered outcomes and HEalth ResEarch"", Universities of Nantes and Tours, Nantes, France",2,Inserm | methodS in Patient-centered outcomes and HEalth ResEarch,I154526488 I4392021239,yes
"UMR 6004 , Nantes , France",2,Laboratoire des Sciences du Numérique de Nantes,I4210117005,yes
"UMR 6112 LPG-BIAF Recent and Fossil Bio-Indicators, Angers University, 2 Bd Lavoisier, F-49045, Angers, France",2,Université d'Angers | Laboratoire de Planétologie et Géosciences,I49451733 I4210146808,yes
"UMR 6112 LPG-BIAF Recent and Fossil Bio-Indicators, Angers University, 2 Boulevard Lavoisier, F-49045 Angers, France",2,Université d'Angers | Laboratoire de Planétologie et Géosciences,I49451733 I4210146808,yes
"UMR 6566 Centre de recherche en archeologie archeosciences histoire (CReAAH), université de Rennes, campus de Beaulieu, 263, avenue du Général-Leclerc CS 74205, 35042 Rennes cedex, France",2,"Université de Rennes | Centre de Recherche en Archéologie, Archéosciences, Histoire",I56067802 I4387153012,yes
"UMR Ambiances Architectures Urbanités CNRS/ENSAN/ECN, Nantes, France",2,"École Centrale de Nantes | Centre National de la Recherche Scientifique | École Nationale Supérieure d'Architecture de Nantes | AAU - Ambiances, Architectures, Urbanités",I100445878 I1294671590 I4210107693 I4210162214,yes
"UMR CNRS 6004 LS2N, Ecole Centrale de Nantes, Nantes, France",2,École Centrale de Nantes | Centre National de la Recherche Scientifique | Laboratoire des Sciences du Numérique de Nantes,I100445878 I1294671590 I4210117005,yes
"UMR CNRS 6004 Laboratoire des Sciences du Numérique de Nantes (LS2N), , 44300 Nantes , France ;",2,Centre National de la Recherche Scientifique | Laboratoire des Sciences du Numérique de Nantes,I1294671590 I4210117005,yes
"UMR CNRS 6112 LPG-BIAF, Angers University, 2 Boulevard Lavoisier, CEDEX 01, 49045 Angers, France",2,Université d'Angers | Centre National de la Recherche Scientifique | Laboratoire de Planétologie et Géosciences,I49451733 I1294671590 I4210146808,yes
"UMR CNRS AAU-CRENAU, Ecole Centrale Nantes, Université Bretagne Loire, Nantes, France",2,"École Centrale de Nantes | Centre National de la Recherche Scientifique | AAU - Ambiances, Architectures, Urbanités",I100445878 I1294671590 I4210162214,yes
"UMR ESO, Institut Agro Rennes-Angers, France",2,Institut Agro Rennes-Angers,I2800285241,no
"UR 4638 LPPL, Department of Psychology, University of Angers, 49045 Angers, France",2,Université d'Angers,I49451733,no
"Unit of Pediatric Dermatology, Department of Dermatology University of Tours and Nantes, INSERM 1246 SPHERE ‐ CHRU Tours  Tours France",2,Université de Tours | Inserm | Centre Hospitalier Universitaire de Tours | methodS in Patient-centered outcomes and HEalth ResEarch,I110017253 I154526488 I4210095477 I4392021239,yes
"Unit of Pediatric Dermatology, Department of Dermatology, University of Tours and Nantes, INSERM 1246 SPHERE - CHRU Tours, Tours, France",2,Université de Tours | Inserm | Centre Hospitalier Universitaire de Tours | methodS in Patient-centered outcomes and HEalth ResEarch,I110017253 I154526488 I4210095477 I4392021239,yes
"Unité 211 INSERM, Faculté de Médecine, Nantes, France",2,Inserm,I154526488,no
"Unité de Recherches Inserm U. 225, Faculté de Chirurgie Dentaire, Nantes, France",2,Inserm,I154526488,no
"Univ Nantes, IREENA, EA1770, Polytech-Nantes, rue C. Pauc, Nantes, F-44000 France",2,Institut de Recherche en Energie Electrique de Nantes Atlantique,I4392021119,yes
"Univ. Nantes, CNRS UMR 6183, GeM, F-44000 Nantes, France",2,Centre National de la Recherche Scientifique | Institut de Recherche en Génie Civil et Mécanique,I1294671590 I4210137520,yes
"Universities of Tours and Nantes, INSERM 1246–SPHERE, Tours, France",2,Inserm | methodS in Patient-centered outcomes and HEalth ResEarch,I154526488 I4392021239,yes
"University Hospital , Nantes , France;",2,Centre Hospitalier Universitaire de Nantes,I3019204325,no
"University Hospital of Nantes, France;",2,Centre Hospitalier Universitaire de Nantes,I3019204325,no
"University Hospital of Nantes, Nantes/FR",2,Centre Hospitalier Universitaire de Nantes,I3019204325,no
"University Hospital of Nantes, department of Neonatology, Nantes, France",2,Centre Hospitalier Universitaire de Nantes,I3019204325,no
"University Hospital, 44000 Nantes, France",2,Centre Hospitalier Universitaire de Nantes,I3019204325,no
"Université Nantes Atlantique, Laboratoire de Planétologie et Géodynamique de Nantes, 2, rue de la Houssiniére, 44322 Nantes cedex 03, France",2,Laboratoire de Planétologie et Géosciences,I4210146808,yes
"Université d'Amiens - Department of Oncology-Hematology and Pediatric Immunology, 1, quai de Tourville BP, Nantes Cedex 1, Nantes, 44313, United States",2,,,no
"Université de Angers, UMR CNRS 6112 LPG, 2 boulevard Lavoisier, 49045 Angers Cedex 1, France",2,Université d'Angers | Centre National de la Recherche Scientifique | Laboratoire de Planétologie et Géosciences,I49451733 I1294671590 I4210146808,yes
Urology Department Nantes University Hospital Nantes France,2,Centre Hospitalier Universitaire de Nantes,I3019204325,no
Virology Department Nantes University Hospital  Nantes France,2,Centre Hospitalier Universitaire de Nantes,I3019204325,no
"to Gilles Lambert, Laboratoire Inserm UMR957, Faculté de Médecine, 1 Rue Gaston Veil, 44000 Nantes, France. Tel: +33 2 4041 2960; fax: +33 2 4041 2860; e-mail: [email protected]",2,Inserm,I154526488,no
"École Centrale de Nantes (ECN), Laboratoire des Sciences du Numérique de Nantes (LS2N), UMR CNRS 6004, 1 rue de la Noe, Nantes, France",2,École Centrale de Nantes | Centre National de la Recherche Scientifique | Laboratoire des Sciences du Numérique de Nantes,I100445878 I1294671590 I4210117005,yes
"École Centrale de Nantes, LS2N, UMR CNRS 6004, 44300, Nantes, France",2,École Centrale de Nantes | Centre National de la Recherche Scientifique | Laboratoire des Sciences du Numérique de Nantes,I100445878 I1294671590 I4210117005,yes
"École Centrale de Nantes-LS2N, UMR 6004 CNRS, Nantes, France",2,École Centrale de Nantes | Centre National de la Recherche Scientifique | Laboratoire des Sciences du Numérique de Nantes,I100445878 I1294671590 I4210117005,yes
"École Polytechnique de l’Université de Nantes, IREENA, La Chantrerie, 44306 Nantes Cedex 3, France",2,Institut de Recherche en Energie Electrique de Nantes Atlantique,I4392021119,yes
Éditeur Espaces et SOciétés (UMR 6590,2,Espaces et Sociétés,I4387153532,yes
"
	22 rue du Belvedere, 44210 Pornic, France. Email : patrice.bourdon@univ-nantes.fr
",1,,,no
"
	5 rue de la Jaunaie, 44880 Sautron, France. Email : serena.lopez-cazaux@univ-nantes.fr
",1,,,no
"
	Était chargé de mission à l’INSEE à l’époque de ce travail. Il est aujourd’hui professeur de Sociologie à l’Université de Nantes. Ce texte est extrait de « L’évolution individuelle des salaires (1970-1975) ». <i>Les Collections de l’INSEE,</i> série M, n° 102-103 : chapitre 7, pp. 155-165.
	",1,Université de Nantes,I4405260337,yes
"
IAE de Nantes
",1,,,no
"
Nantes
",1,,,no
"#N#b#N#Laboratoire de Physique Cristalline, Institut des Matériaux Jean Rouxel, Ecole Polytechnique de l’Université de Nantes, 44072 Nantes Cedex, France #N#",1,Institut des Matériaux Jean Rouxel,I4210091049,yes
"&#x00C9;cole Centrale Nantes, LS2N, UMR 6004, Nantes Universit&#x00E9;,Nantes,France",1,École Centrale de Nantes | Laboratoire des Sciences du Numérique de Nantes,I100445878 I4210117005,yes
"&#x00C9;cole Centrale Nantes,CNRS, LS2N, UMR 6004,Nantes,France,F-44000",1,École Centrale de Nantes | Centre National de la Recherche Scientifique | Laboratoire des Sciences du Numérique de Nantes,I100445878 I1294671590 I4210117005,yes
"&#x00C9;cole Centrale de Nantes, LS2N,Nantes,France",1,École Centrale de Nantes | Laboratoire des Sciences du Numérique de Nantes,I100445878 I4210117005,yes
"&#x00C9;cole Centrale de Nantes, Laboratoire des Sciences du Num&#x00E8;rique de Nantes, Nantes, France",1,École Centrale de Nantes | Laboratoire des Sciences du Numérique de Nantes,I100445878 I4210117005,yes
"&#x00C9;cole Centrale de Nantes,LS2N",1,École Centrale de Nantes | Laboratoire des Sciences du Numérique de Nantes,I100445878 I4210117005,yes
&cond=CLEFT%20LIP&rank=1--Trial Sponsor Nantes University Hospital,1,,,no
"'épistemologie et d'histoire des sciences et des techniques , UFR Sciences et Techniques , 2, rue de la Houssinière , F-44322 Nantes Cedex 3",1,,,no
"(Nantes, Les Éditions du Temps, 2008), ouvrage couronné par le Gourmand Award France 2008 dans la catégorie Best Wine History Book. On lui doit également les études suivantes : « Agronomes et viticulture dans l’Espagne musulmane (; ,; , sous la dir. de F. Graziani, à paraître en 2015. Cette recherche s’inscrit dans une thématique plus générale qui a trait à la vie quotidienne, aux images mentales et aux écarts à la norme.; , sous la dir. de S. Delbrel et B. Gallinato-Contino, Paris, Éd. du CTHS, 2011; -; CESCM (UMR-CNRS 7302). Historien et arabisant, spécialiste de l’Espagne musulmane, membre du Centre d’Études supérieures de Civilisation médiévale, François; E-mail :; UNAM, Université de Nantes; est maître de conférences à l’université de Nantes, où il enseigne la langue et la civilisation arabes. Il est l’auteur de nombreux travaux parus en France et à l’étranger. Il a notamment coordonné; siècle) », dans; « Le lexique arabe de l’œnologie à l’époque classique », dans; « Vignes et vins dans l’Espagne musulmane », dans",1,Université de Nantes | Centre d'études supérieures de civilisation médiévale,I4405260337 I4387154396,yes
(UHC Nantes),1,,,no
"(avec Pierre Bocquillon) « Rattraper ou devancer l'Europe ? Politiques françaises des énergies renouvelables et dynamiques d'européanisation », Politique européenne, 52, 2016, p. 32-56. Il a coordonné avec Stefan Aykut et Sezin Topçu un numéro spécial intitulé « Transitions énergétiques et changements politiques » dans la Revue internationale de politique comparée (24 (1-2), 2017). (Université de Nantes, UFR de droit et sciences politiques, Chemin de la Censive du Tertre, BP 81307, 44313 Nantes Cedex 3.)",1,Université de Nantes,I4405260337,yes
") Department of Medical Genetics , Nantes University Hospital , Nantes , France (",1,Centre Hospitalier Universitaire de Nantes,I3019204325,no
") INRA ESR Nantes , Université Paris",1,,,no
") UMR CNRS 6112 LPG-BIAF Bio-Indicateurs Actuels et Fossiles, Université d'Angers, 2, Boulevard Lavoisier, 49045 Angers Cedex, Franc (",1,Université d'Angers | Centre National de la Recherche Scientifique | Laboratoire de Planétologie et Géosciences,I49451733 I1294671590 I4210146808,yes
"*CHU Nantes, Nantes; and †INMED, INSERM U 901 and B&A Therapeutics, Campus Scientifique de Luminy, Marseille, France",1,Inserm | Centre Hospitalier Universitaire de Nantes,I154526488 I3019204325,no
", Nantes, CRINI, 2005",1,"Centre de Recherche sur les Identités, les Nations et l'Interculturalité",I4387153799,yes
", Rennes, PUR, 2021, p. 167-182. Il est actuellement contractuel LRU à l'Université de Nantes",1,,,no
", Rennes, PUR, 2021, p. 167-182. Il est actuellement contractuel LRU à l’Université de Nantes",1,,,no
", est cartographe à l'Université de Nantes – IGARUN. Il a récemment publié :",1,,,no
", est professeur des Universités à l'Université de Nantes et membre de l'UMR 6554 Littoral, Environnement, Télédétection, Géomatique (LETG). Il a récemment publié :",1,"Littoral, Environnement, Télédétection, Géomatique",I4387153176,yes
", rue de la Houssinie `re , BP 92208 , F-44322 Nantes Cedex",1,,,no
"- Professeur des Universités , IEMN de Nantes , LEMNA -",1,"Institut d'Electronique, de Microélectronique et de Nanotechnologie | Laboratoire d'Economie et de Management de Nantes Atlantique",I4210123471 I4390039323,yes
-44037 NANTES CEDEX,1,,,no
". CRCINA , UMR 1232 INSERM-CNRS ERL 6001 , Nantes",1,Inserm | Centre National de la Recherche Scientifique | Centre de Recherche en Cancérologie et Immunologie Intégrée Nantes Angers,I154526488 I1294671590 I4210092509,yes
. Department of Obstetrics and Gynecology -Nantes University Hospital -Nantes -France,1,Centre Hospitalier Universitaire de Nantes,I3019204325,no
". LPG-Nantes , Nantes , France,",1,Laboratoire de Planétologie et Géosciences,I4210146808,yes
". Laboratoire de Biochimie , Unité de Recherche sur la Biocatalyse , CNRS-UMR 6204 , Faculté des Sciences et des Techniques , 2 rue de la Houssinière , BP 92208 , F 44322 , Nantes cedex 3 , France",1,Centre National de la Recherche Scientifique,I1294671590,no
". Laboratoire de Biochimie, Unité de Recherche sur la Biocatalyse, CNRS-UMR 6204, Faculté des Sciences et des Techniques, 2 rue de la Houssinière, BP 92208, F 44322, Nantes cedex 3, France",1,Centre National de la Recherche Scientifique,I1294671590,no
". Nantes University, Nantes Hospital, Dentistry Department, F-44000 Nantes, France",1,Centre Hospitalier Universitaire de Nantes,I3019204325,no
". Rédacteur en chef de La Nouvelle Revue d'esthétique, professeur de philosophie à l'université Paris X et l'université de Picardie. Ill",1,,,no
"064, Nantes, France",1,,,no
"1 Department of Addiction Science and Liaison Psychiatry, Nantes University Hospital, Nantes, France",1,Centre Hospitalier Universitaire de Nantes,I3019204325,no
"1 Department of Urology, Nantes University Hospital, Nantes, France",1,Centre Hospitalier Universitaire de Nantes,I3019204325,no
"10Biochemistry Laboratory, Nantes University Hospital, Nantes, France",1,Centre Hospitalier Universitaire de Nantes,I3019204325,no
"10Department of Respiratory Diseases, Nantes University Hospital, Nantes, France",1,Centre Hospitalier Universitaire de Nantes,I3019204325,no
"10Department of hematology, Nantes university hospital, Nantes, France",1,Centre Hospitalier Universitaire de Nantes,I3019204325,no
"10Hematology Biology, Nantes University Hopital, Nantes, France",1,Centre Hospitalier Universitaire de Nantes,I3019204325,no
"10Hematology Biology, Nantes University Hospital, Nantes, France",1,Centre Hospitalier Universitaire de Nantes,I3019204325,no
"10Hematology biology department, Nantes University Hospital, Nantes, France",1,Centre Hospitalier Universitaire de Nantes,I3019204325,no
"10Nantes Université, Inserm UMR 1307, CNRS UMR 6075, Université d’Angers, CRCI2NA, Nantes, France",1,Université d'Angers | Inserm | Centre National de la Recherche Scientifique | Centre de Recherche en Cancérologie et Immunologie Intégrée Nantes Angers,I49451733 I154526488 I1294671590 I4210092509,yes
"1161Faculté des Sciences et des Techniques de Nantes, Centre François Viète d'Histoire des Sciences et des Techniques EA, Nantes, France",1,Centre François Viète,I4387153064,yes
"11Genetic department, Nantes University hospital, Nantes, France",1,Centre Hospitalier Universitaire de Nantes,I3019204325,no
"12Biology Department, Nantes University Hospital, Nantes, France",1,Centre Hospitalier Universitaire de Nantes,I3019204325,no
"12Department of hematology, Nantes university hospital, Nantes, France",1,Centre Hospitalier Universitaire de Nantes,I3019204325,no
"12Paediatric Haematology Unit, Nantes University Hospital, Nantes, France",1,Centre Hospitalier Universitaire de Nantes,I3019204325,no
"13.	Nantes University, Univ Angers, INSERM, Immunology and New Concepts in ImmunoTherapy, INCIT, UMR 1302,0 Nantes, France",1,Inserm | Immunologie et Nouveaux Concepts en Immunothérapie,I154526488 I4392021193,yes
"13Biology Department, Nantes University Hospital, Nantes, France",1,Centre Hospitalier Universitaire de Nantes,I3019204325,no
"13Clinical Hematology Department, Nantes University Hospital, Nantes, France, Nantes, France",1,Centre Hospitalier Universitaire de Nantes,I3019204325,no
"13Pediatric Hematology Unit, Nantes University Hospital, Nantes, France",1,Centre Hospitalier Universitaire de Nantes,I3019204325,no
"13University Hospital Nantes, Haematology Department, Nantes, France",1,Centre Hospitalier Universitaire de Nantes,I3019204325,no
"14Department of Hematology, CHU Nantes, INSERM UMR1232 and CNRS ERL6001 CRCINA IRS-UN, Nantes, France",1,Inserm | Centre National de la Recherche Scientifique | Centre Hospitalier Universitaire de Nantes,I154526488 I1294671590 I3019204325,no
"14Department of Hematology, University Hospital, Nantes, France",1,Centre Hospitalier Universitaire de Nantes,I3019204325,no
"14Hematology Biology, Nantes University Hopital, Nantes, France",1,Centre Hospitalier Universitaire de Nantes,I3019204325,no
"15Department of Hematology, Nantes University Hospital, Nantes, France",1,Centre Hospitalier Universitaire de Nantes,I3019204325,no
"15Department of hematology, Nantes university hospital, Nantes, France",1,Centre Hospitalier Universitaire de Nantes,I3019204325,no
"15Hematology Department, Nantes University Hospital, Nantes, France",1,Centre Hospitalier Universitaire de Nantes,I3019204325,no
"16Department of Hematology, Nantes University Hospital, Nantes, France",1,Centre Hospitalier Universitaire de Nantes,I3019204325,no
"16Department of hematology, Nantes university hospital, Nantes, France",1,Centre Hospitalier Universitaire de Nantes,I3019204325,no
"16INSERM UMR1238, Nantes, France",1,Inserm,I154526488,no
"16Nantes Université, CHU Nantes, CNRS, INSERM, l'institut du thorax, Nantes, France",1,Inserm | Centre National de la Recherche Scientifique | Centre Hospitalier Universitaire de Nantes | Institut du Thorax,I154526488 I1294671590 I3019204325 I4210144168,yes
"16Université de Nantes, CHU Nantes, CNRS, Inserm, CRCINA, Nantes, France",1,Inserm | Centre National de la Recherche Scientifique | Centre Hospitalier Universitaire de Nantes | Centre de Recherche en Cancérologie et Immunologie Intégrée Nantes Angers,I154526488 I1294671590 I3019204325 I4210092509,yes
"17Nantes University School of Medicine and University Hospital, Nantes, France",1,Centre Hospitalier Universitaire de Nantes,I3019204325,no
"17Pediatric Hematology Unit, Nantes University Hospital, Nantes, France;",1,Centre Hospitalier Universitaire de Nantes,I3019204325,no
"18 Department of Neurology, Nantes University Hospital, Nantes, France",1,Centre Hospitalier Universitaire de Nantes,I3019204325,no
"18Pediatric BMT Unit, Nantes University Hospital, Nantes, France",1,Centre Hospitalier Universitaire de Nantes,I3019204325,no
"19Clinical Research Centre, Nantes University Hospital, Nantes, France, Statistics, Nantes, France",1,Centre Hospitalier Universitaire de Nantes,I3019204325,no
"19Hematology Clinic, Nantes University Hospital, Nantes, France",1,Centre Hospitalier Universitaire de Nantes,I3019204325,no
"19Hematology Department, Nantes University Hospital, Nantes, France",1,Centre Hospitalier Universitaire de Nantes,I3019204325,no
"19Nantes University, CNRS UMR 6004, LS2N, Nantes, France",1,Centre National de la Recherche Scientifique | Laboratoire des Sciences du Numérique de Nantes,I1294671590 I4210117005,yes
"19Nantes Université, CHU Nantes, CNRS, Inserm, BioCore, Nantes, France",1,Inserm | Centre National de la Recherche Scientifique | Centre Hospitalier Universitaire de Nantes | UMS BioCore,I154526488 I1294671590 I3019204325 I4400008889,yes
"19Pediatric Department, Nantes University Hospital, Nantes, FRA, Nantes, France",1,Centre Hospitalier Universitaire de Nantes,I3019204325,no
"1Hematology Biology, Nantes University Hospital, Nantes, France",1,Centre Hospitalier Universitaire de Nantes,I3019204325,no
"1ITERT. INSERM U437, Nantes, France. 2Centre de Transfusion, Nantes, France",1,Inserm,I154526488,no
"1Institut National de la Santé et de la Recherche Médicale U892, Centre de Recherche en Cancérologie Nantes/Angers, Groupe Cytokines et Récepteurs; 2Université de Nantes, IFR26, Nantes, France",1,Inserm | Centre de Recherche en Cancérologie et Immunologie Intégrée Nantes Angers,I154526488 I4210092509,yes
"1Institut de Recherche Thérapeutique de l'Université de Nantes, INSERM UMR_S 892 - CRCNA, Nantes, France,",1,Inserm | Centre de Recherche en Cancérologie et Immunologie Intégrée Nantes Angers,I154526488 I4210092509,yes
"1Nantes Université, CNRS, CEISAM UMR 6230, F-44000 Nantes, France",1,"Centre National de la Recherche Scientifique | Chimie et Interdisciplinarité, Synthèse, Analyse, Modélisation",I1294671590 I4210138474,yes
"1Nantes Université, INSERM, CNRS, Université d'Angers, Centre de Recherche en Cancérologie et Immunologie Nantes Angers, Nantes, France",1,Université d'Angers | Inserm | Centre National de la Recherche Scientifique | Centre de Recherche en Cancérologie et Immunologie Intégrée Nantes Angers,I49451733 I154526488 I1294671590 I4210092509,yes
"1UMR601, INSERM, Nantes, France; 2UMR601, INSERM, Nantes, France and 3UMR601, INSERM, Nantes, France",1,Inserm,I154526488,no
"1Université de Nantes, Laboratoire de Planétologie et de Géodynamique, UMR-CNRS 6112, Nantes, France. E-mail: melanie.drilleau@univ-nantes.fr",1,Centre National de la Recherche Scientifique | Laboratoire de Planétologie et Géosciences,I1294671590 I4210146808,yes
"1] HLA Laboratory, EFS Nantes, Nantes, France [2] EA4271 EFS Nantes, Nantes, France [3] Labex Transplantex, Université Strasbourg, Strasbourg, France",1,Université de Strasbourg,I68947357,no
"1] INRA USC707, Nantes, France [2] LUNAM Université, Oniris University Nantes EA 4644 IECM, Nantes, France",1,Oniris,I4210157468,no
"1] INSERM, UMR 957, Nantes, France [2] Service d'Anatomie Pathologique, CHU Nantes, Nantes, France",1,Inserm | Centre Hospitalier Universitaire de Nantes,I154526488 I3019204325,no
"2 ITUN, CHU Nantes, Nantes, France",1,Centre Hospitalier Universitaire de Nantes | Institut de Transplantation Urologie en Nephrologie,I3019204325 I4210112643,no
2024). audrey.cartron@univ-nantes.fr,1,,,no
"20Hematology Department, Nantes University Hospital, Nantes, France",1,Centre Hospitalier Universitaire de Nantes,I3019204325,no
"20Nantes Université, CHU Nantes, CNRS, Inserm, BioCore, Nantes, France",1,Inserm | Centre National de la Recherche Scientifique | Centre Hospitalier Universitaire de Nantes | UMS BioCore,I154526488 I1294671590 I3019204325 I4400008889,yes
"21Department of Hematology, Nantes University Hospital, Nantes, France",1,Centre Hospitalier Universitaire de Nantes,I3019204325,no
"21Nantes Université, CHU Nantes, Inserm, CR2TI, Nantes, France",1,Inserm | Centre Hospitalier Universitaire de Nantes | Center for Research in Transplantation and Translational Immunology,I154526488 I3019204325 I4392021198,yes
"28Hematology Department, Nantes University Hospital, Nantes, France",1,Centre Hospitalier Universitaire de Nantes,I3019204325,no
"28Nantes Université, CHU Nantes, INSERM, Service de Pneumologie, l'institut du thorax",1,Inserm | Centre Hospitalier Universitaire de Nantes | Institut du Thorax,I154526488 I3019204325 I4210144168,yes
"2CRCINA, INSERM, CNRS, Angers University and Nantes University, Nantes, France",1,Inserm | Centre National de la Recherche Scientifique | Centre de Recherche en Cancérologie et Immunologie Intégrée Nantes Angers,I154526488 I1294671590 I4210092509,yes
"2Department of hematology, Nantes university hospital, Nantes, France",1,Centre Hospitalier Universitaire de Nantes,I3019204325,no
"2Freelance, Anger, France;",1,,,no
"2Hematology Biology, Nantes University Hospital, Nantes, France",1,Centre Hospitalier Universitaire de Nantes,I3019204325,no
"2Hematology biology, Nantes University Hospital, Nantes, France",1,Centre Hospitalier Universitaire de Nantes,I3019204325,no
"2INSERM U892, Nantes, France",1,Inserm,I154526488,no
"2INSERM Unit 437 and ITERT, Department of Nephrology and Clinical Immunology, Nantes University Hospital, Nantes Cedex 1, France",1,Inserm | Centre Hospitalier Universitaire de Nantes,I154526488 I3019204325,no
"2INSERM, UMR 957, Nantes, France",1,Inserm,I154526488,no
"2Nantes Université, INSERM, CRCI2NA, Nantes, France",1,Inserm | Centre de Recherche en Cancérologie et Immunologie Intégrée Nantes Angers,I154526488 I4210092509,yes
"2University Hosptial Nantes, Nantes, France;",1,,,no
"2University of Nantes, University of Angers, INSERM, CNRS, Nantes, France",1,Université d'Angers | Inserm | Centre National de la Recherche Scientifique,I49451733 I154526488 I1294671590,no
"2Université de Nantes, CNRS, INSERM, l'institut du thorax, F-44000 Nantes, Nantes, France",1,Inserm | Centre National de la Recherche Scientifique | Institut du Thorax,I154526488 I1294671590 I4210144168,yes
"2Université de Nantes, CNRS, INSERM, l’Institut du Thorax, Nantes, France",1,Inserm | Centre National de la Recherche Scientifique | Institut du Thorax,I154526488 I1294671590 I4210144168,yes
"2Université de Nantes, Laboratoire de Mathématiques Jean Leray, UMR-CNRS 6629, Nantes, France",1,Centre National de la Recherche Scientifique | Laboratoire de Mathématiques Jean Leray,I1294671590 I4210153365,yes
"3 Ecole Centrale de Nantes, LS2N, UMR CNRS 6004, Nantes, France",1,École Centrale de Nantes | Centre National de la Recherche Scientifique | Laboratoire des Sciences du Numérique de Nantes,I100445878 I1294671590 I4210117005,yes
"30Hematology Biology, Nantes University Hospital, Nantes, France",1,Centre Hospitalier Universitaire de Nantes,I3019204325,no
"33Hematology Department, Nantes University Hospital, Nantes, France",1,Centre Hospitalier Universitaire de Nantes,I3019204325,no
"36Biology Department, Nantes University Hospital, Nantes, France",1,Centre Hospitalier Universitaire de Nantes,I3019204325,no
"3Department of Hematology, Nantes University Hospital, Nantes, France",1,Centre Hospitalier Universitaire de Nantes,I3019204325,no
"3Department of Oncology, Nantes University Hospital, Nantes, FRANCE",1,Centre Hospitalier Universitaire de Nantes,I3019204325,no
"3LUNAM Université, Nantes, France",1,Université Nantes Angers Le Mans,I234216984,no
"3LUNAM Université, Oniris, UMR BioEpAR,CS 40706, 44307 Nantes,France",1,Oniris,I4210157468,no
"3Nantes Universite, INSERM UMR, Nantes, France",1,Inserm,I154526488,no
"3Nantes Université, CHU Nantes, Pôle Hospitalo-Universitaire 11 : Santé Publique, Clinique des données, INSERM, CIC 1413, Nantes, France",1,Inserm | Centre Hospitalier Universitaire de Nantes | Centre d'Investigation Clinique de Nantes,I154526488 I3019204325 I4210128055,no
"3Nantes Université, CHU Nantes, service d’imagerie médicale, Nantes, France, Nantes, France",1,Centre Hospitalier Universitaire de Nantes,I3019204325,no
"3Pathology Department, University Hospital, Nantes, France",1,Centre Hospitalier Universitaire de Nantes,I3019204325,no
"3Pediatric Hematology Department, Nantes University Hospital, Nantes, France",1,Centre Hospitalier Universitaire de Nantes,I3019204325,no
"3UMR 892 INSERM, Nantes, France",1,Inserm,I154526488,no
"3University Hospital of Nantes, Department for Clinical Hematology, Nantes, France",1,Centre Hospitalier Universitaire de Nantes,I3019204325,no
"3University Hospital, Nantes, France",1,,,no
"3es Université, CHU Nantes, service d’imagerie médicale, Nantes, France, Nantes, France",1,Centre Hospitalier Universitaire de Nantes,I3019204325,no
"4 INSERM UMR1087, Nantes, France",1,Inserm,I154526488,no
"42Nantes Université, CNRS, Inserm, CRCI2NA, Nantes, France",1,Inserm | Centre National de la Recherche Scientifique | Centre de Recherche en Cancérologie et Immunologie Intégrée Nantes Angers,I154526488 I1294671590 I4210092509,yes
"44093 Nantes , France",1,,,no
"44Nantes Université, Centre Hospitalo-Universitaire (CHU) Nantes, Nantes, France",1,Centre Hospitalier Universitaire de Nantes,I3019204325,no
"49Université de Nantes, CNRS, INSERM, l'institut du thorax, F-44000 Nantes, France, Nantes, FRA",1,Inserm | Centre National de la Recherche Scientifique | Institut du Thorax,I154526488 I1294671590 I4210144168,yes
"4Genetic department, Nantes University Hospital, Nantes, France",1,Centre Hospitalier Universitaire de Nantes,I3019204325,no
"4Hematology Biology, Nantes University Hospital, Nantes, France",1,Centre Hospitalier Universitaire de Nantes,I3019204325,no
"4LPG, UMR 6112, CNRS, Univ Nantes, 44322 Nantes, France",1,Centre National de la Recherche Scientifique | Laboratoire de Planétologie et Géosciences,I1294671590 I4210146808,yes
"4Nantes Université, CHU Nantes, CNRS, INSERM, l'institut du thorax, Nantes, France",1,Inserm | Centre National de la Recherche Scientifique | Centre Hospitalier Universitaire de Nantes | Institut du Thorax,I154526488 I1294671590 I3019204325 I4210144168,yes
"4Pulmonology Department, Nantes University Hospital, Nantes, France",1,Centre Hospitalier Universitaire de Nantes,I3019204325,no
"4Virology, Nantes University Hospital, Nantes, France",1,Centre Hospitalier Universitaire de Nantes,I3019204325,no
"5 INSERM UMR 1235, Nantes France",1,Inserm,I154526488,no
"5CRCINA, INSERM, CNRS, Nantes, France",1,Inserm | Centre National de la Recherche Scientifique | Centre de Recherche en Cancérologie et Immunologie Intégrée Nantes Angers,I154526488 I1294671590 I4210092509,yes
"5Nantes Université, CHU Nantes, service d’imagerie médicale, Nantes, France",1,Centre Hospitalier Universitaire de Nantes,I3019204325,no
"5Virology, Nantes University Hospital, Nantes, France",1,Centre Hospitalier Universitaire de Nantes,I3019204325,no
"6CHU Nantes, INSERM U1232, Nantes, France",1,Inserm | Centre Hospitalier Universitaire de Nantes,I154526488 I3019204325,no
"6Department of Hematology, Nantes University Hospital, Nantes, France",1,Centre Hospitalier Universitaire de Nantes,I3019204325,no
"6Department of Oncodermatology, INSERM Research Unit 892, University Hospital, Nantes, France",1,Inserm,I154526488,no
"6Laboratoire d'Hématologie, CHU de Nantes, Nantes, CRCI²NA INSERM UMR1307, CNRS UMR 6075, France",1,Inserm | Centre National de la Recherche Scientifique | Centre Hospitalier Universitaire de Nantes | Centre de Recherche en Cancérologie et Immunologie Intégrée Nantes Angers,I154526488 I1294671590 I3019204325 I4210092509,yes
"6UMR 892-CRCNA, Institut de Recherche Thérapeutique de l'Université de Nantes, Nantes, France",1,Centre de Recherche en Cancérologie et Immunologie Intégrée Nantes Angers,I4210092509,yes
"6University Hospital of Nantes , Nantes ,",1,Centre Hospitalier Universitaire de Nantes,I3019204325,no
"6Virology, Nantes University Hospital, Nantes, France",1,Centre Hospitalier Universitaire de Nantes,I3019204325,no
"6parasitology laboratory, Nantes university Hospital, Nantes, France",1,Centre Hospitalier Universitaire de Nantes,I3019204325,no
"7Biology Department, Nantes University Hospital, Nantes, France",1,Centre Hospitalier Universitaire de Nantes,I3019204325,no
"7CRCINA, INSERM, CNRS, Angers University and Nantes University, Nantes, France",1,Inserm | Centre National de la Recherche Scientifique | Centre de Recherche en Cancérologie et Immunologie Intégrée Nantes Angers,I154526488 I1294671590 I4210092509,yes
"7Department of Hematology, Nantes University Hospital, Nantes, France",1,Centre Hospitalier Universitaire de Nantes,I3019204325,no
"7Department of Oncodermatology, INSERM Research Unit 892, University Hospital, Nantes, France",1,Inserm | Centre Hospitalier Universitaire de Nantes,I154526488 I3019204325,no
"7Division of Hematology, Nantes University Hospital, Nantes, France",1,Centre Hospitalier Universitaire de Nantes,I3019204325,no
"7Hematology Biology, Nantes University Hospital, Nantes, France",1,Centre Hospitalier Universitaire de Nantes,I3019204325,no
"7LUNAM Université, IRCCyN, CNRS UMR 6597, Polytech Nantes, France",1,Centre National de la Recherche Scientifique | Institut de recherche en communications et cybernétique de Nantes,I1294671590 I4405278184,yes
"7Nantes Université, CHU Nantes, CNRS, INSERM, l'institut du thorax, Nantes, France",1,Inserm | Centre National de la Recherche Scientifique | Centre Hospitalier Universitaire de Nantes | Institut du Thorax,I154526488 I1294671590 I3019204325 I4210144168,yes
"7Nantes Université, Univ Angers, CHU Nantes, INSERM, CNRS, CRCI2NA, F-44000 Nantes, France, Nantes, Pays de la Loire, France",1,Université d'Angers | Inserm | Centre National de la Recherche Scientifique | Centre Hospitalier Universitaire de Nantes | Centre de Recherche en Cancérologie et Immunologie Intégrée Nantes Angers,I49451733 I154526488 I1294671590 I3019204325 I4210092509,yes
"7University Hospital Nantes, Nantes, France",1,Centre Hospitalier Universitaire de Nantes,I3019204325,no
"8CRCINA, INSERM, CNRS, Angers University and Nantes University, Nantes, France",1,Inserm | Centre National de la Recherche Scientifique | Centre de Recherche en Cancérologie et Immunologie Intégrée Nantes Angers,I154526488 I1294671590 I4210092509,yes
"8Department of Hematology, Nantes University Hospital, Nantes, France",1,Centre Hospitalier Universitaire de Nantes,I3019204325,no
"8Department of hematology, Nantes university hospital, Nantes, France",1,Centre Hospitalier Universitaire de Nantes,I3019204325,no
"8INSERM, Nantes University Hospital, NANTES, France",1,Inserm,I154526488,no
"8Paediatric Unit, Nantes University Hospital, Nantes, Pays de la Loire, France",1,Centre Hospitalier Universitaire de Nantes,I3019204325,no
"8University Hospital Nantes, Nantes, France",1,Centre Hospitalier Universitaire de Nantes,I3019204325,no
"9Hematology Biology, Nantes University Hospital, Nantes, France",1,Centre Hospitalier Universitaire de Nantes,I3019204325,no
"9Hematology Research Unit Helsinki, University of Helsinki and Helsinki University Hospital, Nantes, France",1,University of Helsinki | Helsinki University Hospital,I133731052 I2800394112,no
"9INSERM UMR 1102, Nantes, France",1,Inserm,I154526488,no
"9Nantes Université, CHU Nantes, service d’imagerie médicale, Nantes, France, Nantes, France",1,Centre Hospitalier Universitaire de Nantes,I3019204325,no
"9Pediatric BMT Unit, Nantes University Hospital, Nantes, France",1,Centre Hospitalier Universitaire de Nantes,I3019204325,no
": Univ Eiffel , campus de Nantes , France",1,Université Gustave Eiffel,I4210154111,no
"; Department of Dermatology, Nantes University Hospital, Nantes, France",1,Centre Hospitalier Universitaire de Nantes,I3019204325,no
<!--<label>1</label>--> Orthopaedic Department Nantes University Hospital 44000 Nantes France,1,Centre Hospitalier Universitaire de Nantes,I3019204325,no
"<em xmlns:mrws=""http://webservices.ovid.com/mrws/1.0"">Coordination, Nantes University Hospital, Nantes, France",1,,,no
"<em xmlns:mrws=""http://webservices.ovid.com/mrws/1.0"">Emergency-SAMU, Nantes University Hospital, Nantes, France",1,Centre Hospitalier Universitaire de Nantes,I3019204325,no
"<em xmlns:mrws=""http://webservices.ovid.com/mrws/1.0"">Pathology Service, Nantes University Hospital, Nantes, France.</em>",1,Centre Hospitalier Universitaire de Nantes,I3019204325,no
"AAU-CRENAU, Graduate School of Architecture Nantes, France",1,"AAU - Ambiances, Architectures, Urbanités",I4210162214,yes
"ATLAB Pharma, Institut de Recherche en Santé de l’Université de Nantes, 8 quai Moncousu, F-44000 Nantes, France",1,ATLAB Pharma (France),I4210101839,no
"ATLAS Group, INRIA & LINA, 2, rue de la Houssinière, BP 92208, 44322 Nantes Cedex 3 France, frederic.jouault@univ-nantes.fr",1,Institut national de recherche en sciences et technologies du numérique,I1326498283,no
"ATLAS Group, INRIA & LINA, 2, rue de la Houssinière, BP 92208, 44322 Nantes Cedex 3 France, jean.bezivin@univ-nantes.fr",1,Institut national de recherche en sciences et technologies du numérique,I1326498283,no
"ATLAS Group, INRIA & LINA, 2, rue de la Houssinière, BP 92208, 44322 Nantes Cedex 3 France, marcos.didonet-del-fabro@univ-nantes.fr",1,Institut national de recherche en sciences et technologies du numérique,I1326498283,no
"Addictology Department , Nantes University Hospital , Nantes , France",1,Centre Hospitalier Universitaire de Nantes,I3019204325,no
"Addictology and Liaison Psychiatry Department Nantes University Hospital, Nantes, France",1,Centre Hospitalier Universitaire de Nantes,I3019204325,no
Addictology and Liaison Psychiatry Department University Hospital of Nantes  Nantes France,1,Centre Hospitalier Universitaire de Nantes,I3019204325,no
"Addictology and Liaison Psychiatry Department, Nantes University Hospital, 44000 Nantes, France",1,Centre Hospitalier Universitaire de Nantes,I3019204325,no
"Addictology and Liaison Psychiatry Department, Nantes University Hospital, France",1,Centre Hospitalier Universitaire de Nantes,I3019204325,no
"Addictology and Liaison Psychiatry Department, Nantes University Hospital, Nantes and Tours Universities, Nantes, France",1,Centre Hospitalier Universitaire de Nantes,I3019204325,no
"Addictology and Liaison Psychiatry Department, Nantes University Hospital. Nantes, France",1,Centre Hospitalier Universitaire de Nantes,I3019204325,no
"Addictology and Liaison Psychiatry Department, University Hospital of Nantes",1,Centre Hospitalier Universitaire de Nantes,I3019204325,no
"Addictology and Liaison Psychiatry Department, University Hospital of Nantes, Nantes, France",1,Centre Hospitalier Universitaire de Nantes,I3019204325,no
Addictology and Liaison‐Psychiatry Department Nantes University Hospital Nantes France,1,Centre Hospitalier Universitaire de Nantes,I3019204325,no
Addictology and Psychiatry Department Nantes University Hospital  France,1,Centre Hospitalier Universitaire de Nantes,I3019204325,no
Addictology and Psychiatry Department University Hospital Nantes  Nantes France,1,Centre Hospitalier Universitaire de Nantes,I3019204325,no
"Addictology and Psychiatry Department, Nantes University Hospital, 85, rue Saint Jacques, 44093 Nantes cedex 1, France",1,Centre Hospitalier Universitaire de Nantes,I3019204325,no
"Addictology and Psychiatry Department, Nantes University Hospital, Nantes,France",1,Centre Hospitalier Universitaire de Nantes,I3019204325,no
"Addictology and liaison psychiatry department, Nantes university hospital, CHU de Nantes, Nantes, France",1,Centre Hospitalier Universitaire de Nantes,I3019204325,no
"Addictology and liaison psychiatry department, Nantes university hospital, CHU de Nantes, Nantes, France; Inserm U1246 Sphere ""methodS in Patient-centered outcomes and HEalth ResEarch"", Nantes university, institute of health research IRS, 44200 Nantes, France",1,Inserm | Centre Hospitalier Universitaire de Nantes | methodS in Patient-centered outcomes and HEalth ResEarch,I154526488 I3019204325 I4392021239,yes
"Addictology and psychiatry department, Nantes university hospital, Nantes, France",1,Centre Hospitalier Universitaire de Nantes,I3019204325,no
"Addictology, University Hospital of Nantes, Nantes, France",1,Centre Hospitalier Universitaire de Nantes,I3019204325,no
"Addictovigilance Center Nantes University Hospital Nantes University Nantes, France",1,Centre Hospitalier Universitaire de Nantes,I3019204325,no
"Addictovigilance Center, Nantes University Hospital, Nantes, France",1,Centre Hospitalier Universitaire de Nantes,I3019204325,no
"Addictovigilance des Pays de la Loire, Service de pharmacologie clinique, Institut de biologie, CHU de Nantes, 44093 Nantes Cedex 1, France; INSERM UMR U1246 SPHERE, Institut de Recherche en Santé 2, 22 Boulevard Benoni-Goullin, 44200 Nantes, France. Electronic address: pascale.jolliet@univ-nantes.fr",1,Inserm | Centre Hospitalier Universitaire de Nantes,I154526488 I3019204325,no
"Adolescent Medicine Department, Nantes University Hospital, Nantes, France",1,Centre Hospitalier Universitaire de Nantes,I3019204325,no
"AeLoS Team - LINA CNRS UMR 6241 - 2 rue de la Houssinière BP 92208 44322 Nantes;
Mia-Software - 4 Rue du Château de l’Eraudière, 44300 Nantes",1,Centre National de la Recherche Scientifique | Laboratoire d'informatique de Nantes Atlantique,I1294671590 I4210165258,yes
"Agrégé et docteur en histoire, Frédéric Dessberg est maître de conférences en histoire contemporaine à l’université Paris-I-Panthéon-Sorbonne, détaché aux écoles de Saint-Cyr Coëtquidan. Il dirige le laboratoire « sciences humaines » du centre de recherches des écoles de Saint-Cyr Coëtquidan (crec), est membre de l’umc irice (Paris I-Paris IV) et chercheur associé au crhia (université de Nantes). Sa thèse de doctorat, soutenue en novembre 2005 sous la direction de Georges-Henri Soutou (université Paris-IV-Sorbonne), a été publiée en 2010 aux éditions pie Peter Lang sous le titre Le Triangle impossible. Les relations franco-soviétiques et le facteur polonais dans les questions de sécurité en Europe (1924-1935). Ses thèmes de recherche portent principalement sur la politique de la France en Europe centrale et orientale entre les deux guerres mondiales",1,Université Paris 1 Panthéon-Sorbonne | Université de Nantes | Paris-Sorbonne University,I51101395 I4405260337 I4405264515,yes
"Agrégé et docteur en philosophie, maître de conférences à l'université de Nantes. à paraître en septembre au Seuil : La Démocratie universelle. Philosophie d'un modèle politique",1,Université de Nantes,I4405260337,yes
"All the authors state that they have no financial interest to disclose.; Director of Infection Control Unit, Centre Hospitalier Universitaire de Brest, Brest, France (BG); Doctor, Intensive Care Unit, Tours, France (AL); Praticien Hospitalier (Assistant Professor), Chief of the Renal Replacement Therapy Unit, Service de Maladies Infectieuses et Réanimation Médicale, Hôpital de Pontchaillou, Rennes, France (CC); Professor of Clinical Pharmacology, Head of Clinical Investigation Center INSERM 0203, Rennes University Hospital and Rennes 1 University, Rennes France (EB); Professor of Intensive Care, Flangois Radelail University, Tours, France (DP); Professor, CHU Rennes—Université de Rennes II, Rennes, France (TR).; Senior Lecturer, University of Nantes—Laboratoire de Biostatistiques, Faculté de Pharmacie, Nantes, France (VS); Supported, in part, by the Programme Hospitalier de Recherche Clinique (Clinical Research Hospital Program) 94, Direction des Hôpitaux, Paris, France, and by a grant from GlaxoSmithKline. Some study drugs were provided by Astra-Zeneca",1,Université de Rennes | Inserm | Hôpital Pontchaillou | Centre Hospitalier Régional Universitaire de Brest | Centre Hospitalier Universitaire de Rennes | CIC Rennes,I56067802 I154526488 I4210124872 I4210132604 I4210155724 I4210116274,no
"Allergologie, CHU de Nantes, Nantes, France",1,Centre Hospitalier Universitaire de Nantes,I3019204325,no
Allergy Unit Nantes University Hospital  Nantes France,1,Centre Hospitalier Universitaire de Nantes,I3019204325,no
"Allergy Unit, University Hospital of Nantes, Nantes, France",1,Centre Hospitalier Universitaire de Nantes,I3019204325,no
"Anatomical Pathology Laboratory, Nantes University Hospital, Nantes, France",1,Centre Hospitalier Universitaire de Nantes,I3019204325,no
Anatomical Pathology Laboratory; Nantes University Hospital; Nantes France,1,Centre Hospitalier Universitaire de Nantes,I3019204325,no
"Anatomopathology Department, Nantes University Hospital Center, Nantes, France",1,Centre Hospitalier Universitaire de Nantes,I3019204325,no
"Anatomopathology Department, Nantes University Hospital, Nantes, France",1,Centre Hospitalier Universitaire de Nantes,I3019204325,no
"Anesthesia and Critical Care, University Hospital of Nantes, Hôtel Dieu, 1 place Alexis Ricordeau, Nantes 44093, France; Laboratoire UPRES EA 3826 «Thérapeutiques cliniques et expérimentales des infections». University hospital of Nantes, 22 boulevard Benoni-Goullin, Nantes 44200, France",1,Centre Hospitalier Universitaire de Nantes,I3019204325,no
"Anesthesia and surgical intensive care department, Nantes University Hospital, 44000 Nantes, France",1,Centre Hospitalier Universitaire de Nantes,I3019204325,no
"Anesthesia-Surgical Intensive Care Unit, Nantes University, CHU de Nantes, Nantes, France",1,Centre Hospitalier Universitaire de Nantes,I3019204325,no
"Anesthesiology and Intensive Care Department, Nantes University Hospital, Nantes, France 9",1,Centre Hospitalier Universitaire de Nantes,I3019204325,no
"Annie Dussuet est maîtresse de conférences en sociologie à l'Université de Nantes, habilitée à diriger des recherches, membre du Centre nantais de sociologie (cens-ea3260), et associée à l'équipe gtm du Cresppa. Ses recherches portent sur les formes du travail et de l'emploi dans les services dans une perspective de genre",1,Centre Nantais de Sociologie | Université de Nantes,I4210153136 I4405260337,yes
"Architectural and Urban Ambiances Laboratory, Centrale Nantes, 44321 Nantes, France",1,"École Centrale de Nantes | AAU - Ambiances, Architectures, Urbanités",I100445878 I4210162214,yes
"Architectural and Urban Ambiances Laboratory, Centrale Nantes, Nantes, France, --- Select a Country ---",1,"École Centrale de Nantes | AAU - Ambiances, Architectures, Urbanités",I100445878 I4210162214,yes
"Architecture, AAU-CRENAU, Nantes, France",1,"AAU - Ambiances, Architectures, Urbanités",I4210162214,yes
"Associate Professor Biostatistics, UMR 1246 INSERM SPHERE ""MethodS in Patients-Centered Outcomes and HEalth ResEarch"", Universities of Nantes and Tours, Nantes, France",1,Inserm | methodS in Patient-centered outcomes and HEalth ResEarch,I154526488 I4392021239,yes
"Associate Professor, Department of Periodontology, Faculty of Dental surgery, (Inserm U791/UIC 11) CHU de Nantes, France",1,Inserm | Centre Hospitalier Universitaire de Nantes,I154526488 I3019204325,no
"Associate Professor, Research Institute in Civil Engineering and Mechanics, Univ. of Nantes–IUT Saint-Nazaire, LUNAM Univ., GeM, CNRS UMR 6183 Nantes, France",1,Université Nantes Angers Le Mans | Centre National de la Recherche Scientifique | Institut de Recherche en Génie Civil et Mécanique,I234216984 I1294671590 I4210137520,yes
"Atlantic Centre of Philosophy (CAPHI), University of Rennes F-35000 Rennes France",1,Université de Rennes,I56067802,no
"Atlantic Gene Therapies, INSERM UMR 1089, Nantes University, CHU Nantes, Nantes, France",1,Inserm | Centre Hospitalier Universitaire de Nantes,I154526488 I3019204325,no
"Authors' Affiliations: 1Institut Cochin, INSERM U1016, CNRS UMR 8104, Université Paris Descartes; 2APHP, Department of Dermatology, Hôpital Cochin; 3Department of Tumor pathology, Institut Curie, Paris; 4Institut de Recherche Thérapeutique de l'Université de Nantes (IRT) – UMR 892 INSERM/Université Nantes, Nantes, France; and 5Department of Immunology, Memorial Sloan-Kettering Cancer Center, New York, New York",1,Institut Curie | Inserm | Centre National de la Recherche Scientifique | Memorial Sloan Kettering Cancer Center | Hôpital Cochin | Institut Cochin | Université Paris Descartes | Université de Nantes,I80043 I154526488 I1294671590 I1334819555 I4210092774 I4210141964 I4387156284 I4405260337,yes
"Automation, Production and Computer Sciences, IMT Atlantique, LS2N - CNRS, Nantes, France",1,Centre National de la Recherche Scientifique | Laboratoire des Sciences du Numérique de Nantes | IMT Atlantique,I1294671590 I4210117005 I4210127572,yes
"Avocat honoraire, maître de conférences à l'université de Nantes. UMR 6297",1,Droit et changement social,I4210100746,yes
"BORIS VINOGRADOV, docteur en Histoire. Travaille sur les sujets liés à l’histoire économique, histoire des relations entre la Russie, la France et les pays européens. Auteur de six publications scientifiques. Chercheur postdoctoral à l’Université de Nantes (UMR 6025 CENS). Secrétaire scientifique du groupe de recherche international EURUS, Centre Roland Mousnier (UMR 8596). Auteur des contributions : “French banks in the USSR 1950-1990 and their participation in the East-West industrial projects”, dans David Feest, Geld Prestige, Verantwortung, Kiel, Édition Solivagus, 2020, p. 181-195 et « Transferts de technologie entre l’URSS et la France, 1954-1991 », in Dominique Barjot, Transmission et circulation des savoir scientifiques et techniques, Paris, Édition de CTHS, p. 327-338.Université de Nantes (UMR 6025 CENS)",1,Centre Nantais de Sociologie | Centre Roland Mousnier | Université de Nantes,I4210153136 I4389425316 I4405260337,yes
Bacteriology Department CRCINA Inserm 1232 CHU Nantes Nantes France,1,Inserm | Centre Hospitalier Universitaire de Nantes | Centre de Recherche en Cancérologie et Immunologie Intégrée Nantes Angers,I154526488 I3019204325 I4210092509,yes
Bacteriology Department Nantes University Hospital Nantes France,1,Centre Hospitalier Universitaire de Nantes,I3019204325,no
"Bacteriology Department, Nantes University Hospital, INSERM, INCIT U1302 F-44000, Nantes, France",1,Inserm | Centre Hospitalier Universitaire de Nantes | Immunologie et Nouveaux Concepts en Immunothérapie,I154526488 I3019204325 I4392021193,yes
"Bacteriology Department, Nantes University Hospital, INSERM, INCIT U1302, Nantes, France",1,Inserm | Centre Hospitalier Universitaire de Nantes | Immunologie et Nouveaux Concepts en Immunothérapie,I154526488 I3019204325 I4392021193,yes
"Bacteriology Department, University Hospital, Nantes, France",1,Centre Hospitalier Universitaire de Nantes,I3019204325,no
"Bacteriology and Hygiene Department, Nantes University Hospital, 44000 Nantes, France",1,Centre Hospitalier Universitaire de Nantes,I3019204325,no
"Bacteriology and Hygiene department, Nantes University Hospital, 9 quai Moncousu, 44093 Nantes, France",1,Centre Hospitalier Universitaire de Nantes,I3019204325,no
"Bacteriology and Hygiene department, Nantes University Hospital, Nantes, France",1,Centre Hospitalier Universitaire de Nantes,I3019204325,no
Bacteriology and Infection Control Department Nantes University Hospital  44000 Nantes France,1,Centre Hospitalier Universitaire de Nantes,I3019204325,no
"Bacteriology and Infection Control Department, CHU Nantes, 44000, Nantes, France",1,Centre Hospitalier Universitaire de Nantes,I3019204325,no
"Bacteriology and Infection Control Department, Nantes University Hospital, 1 Place Alexis-Ricordeau, F-44000 Nantes, France",1,Centre Hospitalier Universitaire de Nantes,I3019204325,no
"Bacteriology and Infection Control Department, Nantes University Hospital, 44000 Nantes, France",1,Centre Hospitalier Universitaire de Nantes,I3019204325,no
"Bacteriology and Infection Control Department, Nantes University Hospital, 44093, Nantes, France, didier.lepelletier@chu-nantes.fr",1,Centre Hospitalier Universitaire de Nantes,I3019204325,no
"Bacteriology and Infection Control Department, Nantes University Hospital, Nantes, FR-44000, France",1,Centre Hospitalier Universitaire de Nantes,I3019204325,no
"Bacteriology, Nantes University, CHU Nantes, Nantes, France",1,Centre Hospitalier Universitaire de Nantes,I3019204325,no
"Bactériology Department, Nantes University Hospital, Nantes, France",1,Centre Hospitalier Universitaire de Nantes,I3019204325,no
"Benoit Guillon Stroke Unit, University and University Hospital of Nantes, France (B.G.)",1,Centre Hospitalier Universitaire de Nantes,I3019204325,no
"Benoît Journé est professeur des universités en gestion à l’Université de Nantes (IEMN-IAE) et est professeur associé à l’École des Mines de Nantes, où il dirige la chaire RESOH consacrée au management de la sûreté des industries à risques (nucléaire, en particulier). Il co-coordonne également le projet ANR-RSNR AGORAS. Il est actuellement chercheur au LEMNA et est chercheur associé au Centre de recherche en gestion de l’École polytechnique. Centrées sur l’analyse de l’activité (approches interactionniste et pragmatiste), ses recherches portent sur les facteurs organisationnels et humains de la sûreté, de la fiabilité et de la résilience des organisations, sur le management du travail et des performances de l’entreprise, ainsi que sur l’ingénierie des outils de gestion",1,Laboratoire d'Economie et de Management de Nantes Atlantique | École nationale supérieure des Mines de Nantes,I4390039323 I4405265706,yes
"Bernard Dolez est professeur de droit public à l'Université de Nantes. Il est membre du CERAPS (Lille 2) et chercheur associé au CERP3E (Nantes). Il a dirigé récemment : (avec Annie Laurent) Le vote des villes. Les élections municipales des 11 et 18 mars 2001, Paris, Presses de Sciences Po, 2002",1,"Centre d'Etudes et de Recherches Administratives, Politiques et Sociales",I4210144087,no
"Bio-littoral, Faculté des Sciences et des Techniques, B.P. 92208, 44322, Nantes, France",1,,,no
"Biochemical Laboratory, Nantes University Hospital, Nantes, France",1,Centre Hospitalier Universitaire de Nantes,I3019204325,no
Biochemistry Department Nantes University Hospital Nantes France,1,Centre Hospitalier Universitaire de Nantes,I3019204325,no
"Biochemistry Department, Nantes University Hospital, 44000, Nantes, France",1,Centre Hospitalier Universitaire de Nantes,I3019204325,no
"Biochemistry Department, Nantes University Hospital, Nantes, France 5",1,Centre Hospitalier Universitaire de Nantes,I3019204325,no
Biochemistry Laboratory UMR INSERM 1235 University Hospital of Nantes Nantes France,1,Inserm,I154526488,no
Biochemistry Laboratory University Hospital  Nantes France,1,Centre Hospitalier Universitaire de Nantes,I3019204325,no
"Biochemistry Laboratory, UMR INSERM 1235 CHU Nantes  Nantes France",1,Inserm | Centre Hospitalier Universitaire de Nantes,I154526488 I3019204325,no
"Biochemistry department, Nantes university hospital, Hôtel-Dieu, 44093 Nantes cedex, France",1,Centre Hospitalier Universitaire de Nantes,I3019204325,no
"Biological Resource Center (BRC), Nantes University Hospital, Nantes, France",1,Centre Hospitalier Universitaire de Nantes,I3019204325,no
"Biology Hematology, Nantes University Hospital, Nantes, France",1,Centre Hospitalier Universitaire de Nantes,I3019204325,no
"Biology Institute, CJF 9011-INSERM, CHU of Nantes 44035 Nantes Cedex 01, France",1,Inserm | Centre Hospitalier Universitaire de Nantes,I154526488 I3019204325,no
"Biology, Nantes University Hospital, Nantes, France",1,Centre Hospitalier Universitaire de Nantes,I3019204325,no
"Biometry Platform, Nantes University Hospital, Nantes, France. fanny.feuillet@univ-nantes.fr",1,Centre Hospitalier Universitaire de Nantes,I3019204325,no
"Biometry Platform, Research Promotion Department, Nantes University Hospital, France",1,Centre Hospitalier Universitaire de Nantes,I3019204325,no
"Biometry Platform, Research Promotion Department, Nantes University Hospital, Nantes, France",1,Centre Hospitalier Universitaire de Nantes,I3019204325,no
"Biometry Platform, Research Promotion Department, University Hospital of Nantes, 44093, Nantes, France",1,Centre Hospitalier Universitaire de Nantes,I3019204325,no
"Biostatistic Department, Nantes University Hospital, Nantes, France",1,Centre Hospitalier Universitaire de Nantes,I3019204325,no
Biostatistic and Epidemiology Inserm U1232  Nantes France,1,Inserm,I154526488,no
"Biostatistician, University Hospital Centre Nantes, Nantes, Pays de la Loire, France",1,Centre Hospitalier Universitaire de Nantes,I3019204325,no
Biostatistics Department CHU Nantes  Nantes France,1,Centre Hospitalier Universitaire de Nantes,I3019204325,no
"Biostatistics Unit, CHU Nantes, Nantes, France. Jean-benoit.hardouin@univ-nantes.fr",1,Centre Hospitalier Universitaire de Nantes,I3019204325,no
"Biostatistics Unit, CHU Nantes, Nantes, France. veronique.sebille@univ-nantes.fr",1,Centre Hospitalier Universitaire de Nantes,I3019204325,no
"Biostatistics Unit, Research Board, Nantes University Hospital, 5 Allées de l'île Gloriette, 44093, Nantes Cedex 1, France",1,Centre Hospitalier Universitaire de Nantes,I3019204325,no
"Biostatistics Unit, Research Board, University Hospital of Nantes, Nantes, France",1,Centre Hospitalier Universitaire de Nantes,I3019204325,no
"Biostatistics and Epidemiology Department, Nantes University Hospital, 44000, Nantes, France",1,Centre Hospitalier Universitaire de Nantes,I3019204325,no
"Biostatistique Unit, Nantes University Hospital, Nantes, France",1,Centre Hospitalier Universitaire de Nantes,I3019204325,no
"Bone Sarcoma and Remodeling of Calcified Tisues (PhyOs, UMR 1238), Nantes Medical School, 1 Rue Gaston Veil, 44035 Nantes Cedex, France. Electronic address: francoise.redini@univ-nantes.fr",1,,,no
"Bruno Pillot From the INSERM, UMR 1087, CNRS UMR 6291, Nantes, F-44000 France (C.L.M., J.M.B., B.P., X.P., B.C., P.C.)",1,Inserm | Centre National de la Recherche Scientifique | Institut du Thorax,I154526488 I1294671590 I4210144168,yes
"Bruno Pomara Saverino (Palermo, 1984) is a PhD in Early Modern History. In 2011 he was awarded with the Young Researcher Prize by the Fundación Española de Historia Moderna and in 2016 with the Prize for the Religious History by the Istituto Sangalli per la Storia e la Cultura Religiosa. He published two monographies: Bandolerismo, violencia y justicia en la Sicilia barroca (Madrid, CSIC, 2011) and Rifugiati. I moriscos e l’Italia (Firenze, Firenze University Press, 2017). He co-directed the volume Identidades cuestionadas. Coexistencias y conflictos interreligiosos en el Mediterráneo (ss. XIV-XVII) (Valencia, PUV, 2016). He has been post-doc at Université de Nantes and visiting scholar at La Sapienza (Rome), Federico II (Naples), Ca’ Foscari (Venice). He is currently professor at Universitat de València",1,,,no
C.H.U. Nantes,1,Centre Hospitalier Universitaire de Nantes,I3019204325,no
"C.H.U. Nantes, Service ORL, Nantes, France",1,Centre Hospitalier Universitaire de Nantes,I3019204325,no
"C.H.U. de Nantes ; Chargé de cours,",1,Centre Hospitalier Universitaire de Nantes,I3019204325,no
"CAPHI (Centre Atlantique de Philosophie, Atlantic Centre for Philosophy), UR 7463, 44312 Nantes, France",1,Centre Atlantique de Philosophie,I4387152714,yes
"CAPhi - UR7463, Université de Rennes, Rennes, France",1,Université de Rennes | Centre Atlantique de Philosophie,I56067802 I4387152714,yes
"CEISAM Laboratory, UMR CNRS 6230, Nantes University, 2 Chemin de la Houssinière, 44322 Nantes, France",1,"Centre National de la Recherche Scientifique | Chimie et Interdisciplinarité, Synthèse, Analyse, Modélisation",I1294671590 I4210138474,yes
"CEISAM UMR-CNRS 6230, Faculté des Sciences et Techniques, 2 rue de la Houssinière - BP 92208 - 44322 Nantes Cedex 3, France;, Email: fabrice.denes@univ-nantes.fr",1,"Centre National de la Recherche Scientifique | Chimie et Interdisciplinarité, Synthèse, Analyse, Modélisation",I1294671590 I4210138474,yes
"CEISAM laboratory, UMR CNRS 6230, Nantes University, 2 chemin de la Houssinière, 44322 Nantes",1,"Centre National de la Recherche Scientifique | Chimie et Interdisciplinarité, Synthèse, Analyse, Modélisation",I1294671590 I4210138474,yes
CEISAM – UMR 6230 Université de Nantes  2 rue de la Houssinière B.P. 32229 Nantes Cedex 3 44322 France,1,"Chimie et Interdisciplinarité, Synthèse, Analyse, Modélisation | Université de Nantes",I4210138474 I4405260337,yes
"CEISAM, Interdisciplinary Chemistry: Synthesis, Analysis, Modeling, Nantes University-CNRS UMR 6230, 2 Rue de La Houssinière, BP 92208, 44322, Nantes Cedex 3, France. illa.tea@univ-nantes.fr",1,"Centre National de la Recherche Scientifique | Chimie et Interdisciplinarité, Synthèse, Analyse, Modélisation",I1294671590 I4210138474,yes
"CEISAM, Interdisciplinary Chemistry: Synthesis, Analysis, Modeling, Nantes University-CNRS UMR 6230, 2 rue de la Houssinière, BP 92208, F-44322 Nantes cedex 3, France. margot.sanchez@univ-nantes.fr",1,"Centre National de la Recherche Scientifique | Chimie et Interdisciplinarité, Synthèse, Analyse, Modélisation",I1294671590 I4210138474,yes
"CEISAM, Interdisciplinary Chemistry: Synthesis, Analysis, Modeling, Nantes University-CNRS UMR 6230, 2 rue de la Houssinière, BP 92208, F-44322, Nantes cedex 3, France. Electronic address: serge.akoka@univ-nantes.fr",1,"Centre National de la Recherche Scientifique | Chimie et Interdisciplinarité, Synthèse, Analyse, Modélisation",I1294671590 I4210138474,yes
"CEISAM, Nantes Université-CNRS, UMR6230, 2 rue de la Houssinière, Nantes, F-44000, France",1,"Centre National de la Recherche Scientifique | Chimie et Interdisciplinarité, Synthèse, Analyse, Modélisation",I1294671590 I4210138474,yes
"CEISAM, UMR CNRS 6230 Université de Nantes  2 rue de la Houssinière 44322 Nantes Cedex 3 France",1,"Centre National de la Recherche Scientifique | Chimie et Interdisciplinarité, Synthèse, Analyse, Modélisation | Université de Nantes",I1294671590 I4210138474 I4405260337,yes
"CEISAM, UMR CNRS 6230 Université de Nantes  2, rue de la Houssinière 44322 Nantes, Cedex 3 France",1,"Centre National de la Recherche Scientifique | Chimie et Interdisciplinarité, Synthèse, Analyse, Modélisation | Université de Nantes",I1294671590 I4210138474 I4405260337,yes
"CEISAM, UMR CNRS 6230 Université de Nantes  Rue de la Houssinière 2 44322 Nantes Cedex 3 France",1,"Centre National de la Recherche Scientifique | Chimie et Interdisciplinarité, Synthèse, Analyse, Modélisation | Université de Nantes",I1294671590 I4210138474 I4405260337,yes
"CEISAM, UMR CNRS 6230 Université de Nantes 2 rue de la Houssinière 44322 Nantes Cedex 3 France",1,"Centre National de la Recherche Scientifique | Chimie et Interdisciplinarité, Synthèse, Analyse, Modélisation | Université de Nantes",I1294671590 I4210138474 I4405260337,yes
"CEISAM, UMR CNRS 6230, BP 92208 Université de Nantes 2, Rue de la Houssinière 44322 Nantes, Cedex 3 France",1,"Centre National de la Recherche Scientifique | Chimie et Interdisciplinarité, Synthèse, Analyse, Modélisation | Université de Nantes",I1294671590 I4210138474 I4405260337,yes
"CERMA UMR CNRS 1563 School of Architecture of Nantes rue Massenet -BP 81931 44319 NANTES CEDEX 3 , France",1,"Centre National de la Recherche Scientifique | AAU - Ambiances, Architectures, Urbanités",I1294671590 I4210162214,yes
"CESTI/ITUN, CHU de Nantes, Nantes, France. Alexandra.Garcia@univ-nantes.fr",1,Centre Hospitalier Universitaire de Nantes,I3019204325,no
"CESTI/ITUN, CHU de Nantes, Nantes, France. Sophie.Brouard@univ-nantes.fr",1,Centre Hospitalier Universitaire de Nantes | Institut de Transplantation Urologie en Nephrologie,I3019204325 I4210112643,no
"CETIM Nantes, 74, route de la Jonelière, BP 8261, 44326 NANTES Cedex 3, France",1,Centre Technique des Industries Mécaniques,I4210091020,no
"CF Pediatric Center, Nantes University Hospital, Nantes, France",1,Centre Hospitalier Universitaire de Nantes,I3019204325,no
CHRU de Nantes  Nantes France,1,Centre Hospitalier Universitaire de Nantes,I3019204325,no
"CHRU de Tours, CRIAVS Centre-Val-de-Loire, 37044 Tours cedex 9, France; Université de Tours, département de psychologie, EE 1901 Qualipsy (Qualité de vie et santé psychologique), 37041 Tours cedex 1, France; Université d’Angers, département de psychologie, EA 4638 « laboratoire de psychologie des Pays de la Loire », 49045 Angers cedex 01, France",1,Université d'Angers | Université de Tours | Centre Hospitalier Universitaire de Tours | Qualité de vie et Santé psychologique,I49451733 I110017253 I4210095477 I4405258657,no
"CHRU de Tours, UMR SPHERE 1246, Tours, France",1,Centre Hospitalier Universitaire de Tours,I4210095477,no
"CHU Hôtel-Dieu, Nantes, France; INSERM UI957, Nantes, France",1,Inserm | Centre Hospitalier Universitaire de Nantes,I154526488 I3019204325,no
CHU NANTES; Nantes France; INSERM UMR 1246 - SPHERE; Nantes University; Tours University; Nantes France,1,Inserm | Centre Hospitalier Universitaire de Nantes | methodS in Patient-centered outcomes and HEalth ResEarch,I154526488 I3019204325 I4392021239,yes
"CHU Nantes (SB, AS), Nantes France; UMR 1246 INSERM SPHERE (SB), Nantes and Tours University, France",1,Université de Tours | Inserm | Centre Hospitalier Universitaire de Nantes | methodS in Patient-centered outcomes and HEalth ResEarch,I110017253 I154526488 I3019204325 I4392021239,yes
"CHU Nantes Hôtel-Dieu/Laboratoire UMR1238 Phyos, Faculté de Médecine de Nantes, Nantes, France",1,Centre Hospitalier Universitaire de Nantes,I3019204325,no
CHU Nantes SFR Santé Inserm UMS 016 CNRS UMS 3556 Nantes University  Nantes France,1,Inserm | Centre National de la Recherche Scientifique | Centre Hospitalier Universitaire de Nantes | Structure Fédérative de Recherche Bonamy,I154526488 I1294671590 I3019204325 I4400009061,yes
"CHU Nantes University Hospital, Nantes, France. Yohann.Foucher@univ-nantes.fr",1,Centre Hospitalier Universitaire de Nantes,I3019204325,no
"CHU Nantes, 44093, Nantes, France. catherine.gratas@univ-nantes.fr",1,Centre Hospitalier Universitaire de Nantes,I3019204325,no
"CHU Nantes, Addictology and Psychiatry Department, Nantes University Hospital, 44000 Nantes, France",1,Centre Hospitalier Universitaire de Nantes,I3019204325,no
"CHU Nantes, Bacteriology Department, INCIT, UMR 1302 University Nantes  Nantes France",1,Centre Hospitalier Universitaire de Nantes | Immunologie et Nouveaux Concepts en Immunothérapie,I3019204325 I4392021193,yes
"CHU Nantes, Centre Mémoire Ressource et Recherche (CMRR), Département de Neurologie, France; Inserm CIC 04, Nantes, France; Inserm, UMR 913, Nantes, France",1,Inserm | Centre Hospitalier Universitaire de Nantes | Centre d'Investigation Clinique de Nantes,I154526488 I3019204325 I4210128055,no
"CHU Nantes, Centre Mémoire Ressource et Recherche (CMRR), Département de Neurologie, France; Inserm CIC 04, Nantes, France; Laboratoire d'études des mécanismes cognitifs, EA 3082, Université Lyon 2, Bron F-69500, France. Electronic address: claire.boutoleaubretonniere@chu-nantes.fr",1,Inserm | Université Lumière Lyon 2 | Centre Hospitalier Universitaire de Nantes | Centre d'Investigation Clinique de Nantes,I154526488 I188626449 I3019204325 I4210128055,no
"CHU Nantes, Centre de Référence Maladies Neuromusculaires Rares AOC, Filnemus, Euro-NMD, Hôtel-Dieu, Nantes, France. Electronic address: yann.pereon@univ-nantes.fr",1,Centre Hospitalier Universitaire de Nantes,I3019204325,no
"CHU Nantes, DRCI, Methodology and Biostatistics Department, Nantes, France. Veronique.Sebille@univ-nantes.fr",1,Centre Hospitalier Universitaire de Nantes,I3019204325,no
"CHU Nantes, DRCi, Plateforme de Méthodologie et de Biostatistique, F-44000, Nantes, France",1,Centre Hospitalier Universitaire de Nantes,I3019204325,no
"CHU Nantes, Department of Anaesthesiology and Critical Car Reanimation, University Hospital of Nantes, Nantes, France",1,Centre Hospitalier Universitaire de Nantes,I3019204325,no
"CHU Nantes, Department of Biostatistics, F-44000, Nantes, France",1,Centre Hospitalier Universitaire de Nantes,I3019204325,no
"CHU Nantes, Department of Emergency Medicine, University Hospital of Nantes, Nantes, France",1,Centre Hospitalier Universitaire de Nantes,I3019204325,no
"CHU Nantes, Department of Neuroradiology, F-44000, Nantes, France",1,Centre Hospitalier Universitaire de Nantes,I3019204325,no
"CHU Nantes, IBD Unit , Nantes,",1,Centre Hospitalier Universitaire de Nantes,I3019204325,no
"CHU Nantes, INSERM, UMR",1,Inserm | Centre Hospitalier Universitaire de Nantes,I154526488 I3019204325,no
"CHU Nantes, Inserm, CNRS, SFR Santé, Nantes University, Inserm UMS 016, CNRS UMS 3556, F-44000 Nantes, France",1,Inserm | Centre National de la Recherche Scientifique | Centre Hospitalier Universitaire de Nantes | Structure Fédérative de Recherche Bonamy,I154526488 I1294671590 I3019204325 I4400009061,yes
"CHU Nantes, Laboratoire d'Immunologie, Nantes F-44000, France; INSERM UMR1064, ITUN, Nantes, France; Nantes University Medical School, Nantes, France",1,Inserm | Centre Hospitalier Universitaire de Nantes | Institut de Transplantation Urologie en Nephrologie,I154526488 I3019204325 I4210112643,no
"CHU Nantes, Laboratoire d'Immunologie, Nantes F-44000, France; INSERM UMR1064, ITUN, Nantes, France; Nantes University Medical School, Nantes, France. Electronic address: Jerome.martin@univ-nantes.fr",1,Inserm | Centre Hospitalier Universitaire de Nantes | Institut de Transplantation Urologie en Nephrologie,I154526488 I3019204325 I4210112643,no
"CHU Nantes, Laboratoire de parasitologie-mycologie, Nantes, France, EA1155 IICiMed, Institut de recherche en santé 2, Nantes Universités, Nantes, France",1,Centre Hospitalier Universitaire de Nantes | Cibles et Médicaments des Infections et de l'Immunité,I3019204325 I4387930219,yes
"CHU Nantes, Nantes Universit e, Ho ˆtel Dieu, Nantes, France (RC), School of Medicine and Surgery,",1,Centre Hospitalier Universitaire de Nantes,I3019204325,no
"CHU Nantes, Nantes Universit e, INSERM, Center for Research in Transplantation and Translational Immunology, UMR 1064,",1,Inserm | Centre Hospitalier Universitaire de Nantes | Center for Research in Transplantation and Translational Immunology,I154526488 I3019204325 I4392021198,yes
"CHU Nantes, Nantes, France. Yohann.Foucher@univ-nantes.fr",1,Centre Hospitalier Universitaire de Nantes,I3019204325,no
"CHU Nantes, Nantes, Nantes, France",1,Centre Hospitalier Universitaire de Nantes,I3019204325,no
"CHU Nantes, PHU4 OTONN, F-44093 Nantes, France. Pierre.Weiss@univ-nantes.fr",1,Centre Hospitalier Universitaire de Nantes,I3019204325,no
"CHU Nantes, PHU4 OTONN, F-44093 Nantes, France. jerome.guicheux@univ-nantes.fr",1,Centre Hospitalier Universitaire de Nantes,I3019204325,no
"CHU Nantes, PHU4 OTONN, Nantes, France; INSERM, UMR 1229, Regenerative Med. and Skeleton, Univ. of Nantes, ONIRIS, NANTES, France",1,Inserm | Centre Hospitalier Universitaire de Nantes | Oniris,I154526488 I3019204325 I4210157468,no
"CHU Nantes, PHU4 OTONN44093, Nantes, France. alexis.gaudin@univ-nantes.fr",1,Centre Hospitalier Universitaire de Nantes,I3019204325,no
"CHU Nantes, Pharmacy Department Nantes University  Nantes France",1,Centre Hospitalier Universitaire de Nantes,I3019204325,no
"CHU Nantes, Pharmacy Department Nantes University Nantes France",1,Centre Hospitalier Universitaire de Nantes,I3019204325,no
"CHU Nantes, Pharmacy Nantes University  France",1,Centre Hospitalier Universitaire de Nantes,I3019204325,no
"CHU Nantes, Pharmacy Nantes University  Nantes France",1,Centre Hospitalier Universitaire de Nantes,I3019204325,no
"CHU Nantes, Physical Medicine and Rehabilitation Center, University Hospital of Nantes, France; CHU Nantes, Service de Médecine du Sport, University Hospital of Nantes, France; INSERM UMR U1229/RMeS, Regenerative Medicine and Skeleton, Nantes University ONIRIS, Nantes, F-44042, France",1,Inserm | Centre Hospitalier Universitaire de Nantes | Oniris,I154526488 I3019204325 I4210157468,no
"CHU Nantes, Plateforme de Méthodologie et Biostatistique, F-44000 Nantes, France",1,Centre Hospitalier Universitaire de Nantes,I3019204325,no
"CHU Nantes, Reference Centre for Neuromuscular diseases AOC, Filnemus, Euro-NMD, University Hospital of Nantes, Nantes, France. Electronic address: Yann.Pereon@univ-nantes.fr",1,Centre Hospitalier Universitaire de Nantes,I3019204325,no
"CHU Nantes, Research and Innovation Direction, Methodology and Biostatistics Platform Nantes University  Nantes France",1,Centre Hospitalier Universitaire de Nantes,I3019204325,no
"CHU Nantes, Service d'Addictologie et de Psychiatrie, F-44000, Nantes, France. marie.bronnec@univ-nantes.fr",1,Centre Hospitalier Universitaire de Nantes,I3019204325,no
"CHU Nantes, Service pharmacie, 44000 Nantes, France; INSERM, MethodS in Patient-Centered Outcomes and HEalth ResEarch, SPHERE, Nantes F-44000",1,Inserm | Centre Hospitalier Universitaire de Nantes | methodS in Patient-centered outcomes and HEalth ResEarch,I154526488 I3019204325 I4392021239,yes
CHU Nantes. christian.geraut@univ-nantes.fr,1,Centre Hospitalier Universitaire de Nantes,I3019204325,no
"CHU de NANTES, Nantes Cedex 1, Nantes, France",1,Centre Hospitalier Universitaire de Nantes,I3019204325,no
CHU de Nantes Addictology and Liaison Psychiatry Department Nantes University Hospital  Nantes France,1,Centre Hospitalier Universitaire de Nantes,I3019204325,no
CHU de Nantes and University de Nantes,1,Centre Hospitalier Universitaire de Nantes,I3019204325,no
"CHU de Nantes and University de Nantes, Nantes, France",1,Centre Hospitalier Universitaire de Nantes,I3019204325,no
"CHU de Nantes, 1 place Alexis-Ricordeau, 44093 Nantes cedex 1, France; UMR Inserm 1246 - Sphere, institut de recherche en santé 2, 22 boulevard Benoni-Goullin, 44200 Nantes, France. Electronic address: emmanuelle.cartron@chu-nantes.fr",1,Inserm | Centre Hospitalier Universitaire de Nantes | methodS in Patient-centered outcomes and HEalth ResEarch,I154526488 I3019204325 I4392021239,yes
"CHU de Nantes, Addictology and Liaison Psychiatry Department, 44000, Nantes, France",1,Centre Hospitalier Universitaire de Nantes,I3019204325,no
"CHU de Nantes, Centre de Référence Maladies Neuromusculaires Nantes-Angers, Hôtel-Dieu, Filnemus, F 44093, Nantes, France. Electronic address: Yann.Pereon@univ-nantes.fr",1,Centre Hospitalier Universitaire de Nantes,I3019204325,no
"CHU de Nantes, DRCI, Département Promotion  Nantes Cedex 1 France",1,Centre Hospitalier Universitaire de Nantes,I3019204325,no
"CHU de Nantes, Department of Nephrology and Immunology and INSERM UMR S-1064, NANTES, France",1,Inserm | Centre Hospitalier Universitaire de Nantes,I154526488 I3019204325,no
"CHU de Nantes, Direction de la recherche et de l'innovation, 5 allée de l'île Gloriette, 44 093 Nantes cedex 1, France; INSERM, SPHERE U1246 ""Methods in Patients-centered Outcomes and Health Research"", Nantes University, Tours University, Nantes, France. Electronic address: emmanuelle.cartron@chu-nantes.fr",1,Inserm | Centre Hospitalier Universitaire de Nantes | methodS in Patient-centered outcomes and HEalth ResEarch,I154526488 I3019204325 I4392021239,yes
"CHU de Nantes, Direction de la recherche, Plateforme de Méthodologie et Biostatistique, Nantes, France",1,Centre Hospitalier Universitaire de Nantes,I3019204325,no
"CHU de Nantes, Hotel Dieu, Nantes, France; INSERM UMR 892 Team 10, Nantes, France",1,Inserm | Centre Hospitalier Universitaire de Nantes,I154526488 I3019204325,no
"CHU de Nantes, Hôtel-Dieu, service anesthésie-réanimation, Inserm UMR1246 Sphère, Nantes, France",1,Inserm | Centre Hospitalier Universitaire de Nantes,I154526488 I3019204325,no
"CHU de Nantes, Inserm UMR 1307, CNRS UMR 6075, CRCI2NA, 44000 Nantes",1,Inserm | Centre National de la Recherche Scientifique | Centre Hospitalier Universitaire de Nantes | Centre de Recherche en Cancérologie et Immunologie Intégrée Nantes Angers,I154526488 I1294671590 I3019204325 I4210092509,yes
"CHU de Nantes, Laboratoire d'Explorations Fonctionnelles, Nantes, F-44000, France. yann.pereon@univ-nantes.fr",1,Centre Hospitalier Universitaire de Nantes,I3019204325,no
"CHU de Nantes, Laboratoire d'Hématologie, Nantes, France INSERM UMR892/CNRS UMR6299, CRCNA-IRSUN, Nantes, France",1,Inserm | Centre National de la Recherche Scientifique | Centre Hospitalier Universitaire de Nantes | Centre de Recherche en Cancérologie et Immunologie Intégrée Nantes Angers,I154526488 I1294671590 I3019204325 I4210092509,yes
"CHU de Nantes, Nantes, 44000, France. gervaise.loirand@univ-nantes.fr",1,Centre Hospitalier Universitaire de Nantes,I3019204325,no
"CHU de Nantes, Nantes, F-44035, France. dominique.heymann@univ-nantes.fr",1,Centre Hospitalier Universitaire de Nantes,I3019204325,no
"CHU de Nantes, Nantes, F-44035, France. regis.brion@univ-nantes.fr",1,Centre Hospitalier Universitaire de Nantes,I3019204325,no
"CHU de Nantes, Nantes, France. Florence.Magrangeas@univ-nantes.fr",1,Centre Hospitalier Universitaire de Nantes,I3019204325,no
"CHU de Nantes, Nursing and Allied Health Research Department, Department of Clinical Research, 5 allée de l'île Gloriette, 44 093 Nantes cedex 1, France; INSERM, SPHERE U1246 ""Methods in Patients-centered Outcomes and Health Research"", Nantes University, Tours University, Nantes, France. Electronic address: Emmanuelle.cartron@chu-nantes.fr",1,Inserm | Centre Hospitalier Universitaire de Nantes | methodS in Patient-centered outcomes and HEalth ResEarch,I154526488 I3019204325 I4392021239,yes
"CHU de Nantes, PHU11, Service d’évaluation médicale et d’épidémiologie – Hôpital Saint Jacques – 85, rue Saint Jacques – Nantes, France.UMR 1246 INSERM SPHERE “MethodS in Patients-centered outcomes and HEalth ResEarch”, Universités de Nantes et Tours – Bd Benoni-Goullin – Nantes, France",1,Inserm | Centre Hospitalier Universitaire de Nantes | Hôpital Saint-Jacques | methodS in Patient-centered outcomes and HEalth ResEarch,I154526488 I3019204325 I4210141975 I4392021239,yes
"CHU de Nantes, Service de Génétique Médicale, Nantes 44093 Cedex 1, France; INSERM, UMR-S 957, 1 Rue Gaston Veil, Nantes 44035, France",1,Inserm | Centre Hospitalier Universitaire de Nantes,I154526488 I3019204325,no
"CHU de Nantes, Service de Génétique Médicale, Nantes Cedex 1 44093, France; INSERM, UMR-S 957, 1 Rue Gaston Veil, Nantes 44035, France",1,Inserm | Centre Hospitalier Universitaire de Nantes,I154526488 I3019204325,no
"CHU de Nantes, Service de Médecine Interne, F 44093 Nantes, France. Electronic address: antoine.neel@univ-nantes.fr",1,Centre Hospitalier Universitaire de Nantes,I3019204325,no
"CHU de Nantes, Service de Neurologie & CIC015 INSERM, F-44093 Nantes, France; INSERM CR1064, F-44000 Nantes, France",1,Inserm | Centre Hospitalier Universitaire de Nantes | Centre d'Investigation Clinique de Nantes,I154526488 I3019204325 I4210128055,no
"CHU de Nantes, Service de Neurologie, Inserm CR1064, Nantes cedex, France;",1,Inserm | Centre Hospitalier Universitaire de Nantes,I154526488 I3019204325,no
"CHU de Poitiers, Inserm, UMR 1246, SPHERE, Universités de Nantes et Tours, France",1,Inserm | methodS in Patient-centered outcomes and HEalth ResEarch,I154526488 I4392021239,yes
"CHU de Poitiers, Inserm, UMR 1246, SPHERE, Universités de Nantes et Tours, France. Electronic address: denis.frasca@chu-poitiers.fr",1,Inserm | Centre Hospitalier Universitaire de Poitiers | methodS in Patient-centered outcomes and HEalth ResEarch,I154526488 I4210111187 I4392021239,yes
"CHU de Poitiers, Inserm, UMR 1246, SPHERE. Universités de Nantes et Tours, Rennes, France",1,Inserm | Centre Hospitalier Universitaire de Poitiers | methodS in Patient-centered outcomes and HEalth ResEarch,I154526488 I4210111187 I4392021239,yes
"CHU, Nantes University Hospital, Department of Neonatal Intensive Care, 44000 Nantes, France",1,Centre Hospitalier Universitaire de Nantes,I3019204325,no
"CHU-Université Nantes, Nantes, France",1,Centre Hospitalier Universitaire de Nantes,I3019204325,no
"CIC 004, INSERM-Nantes University Hospital, Nantes, France",1,Inserm | Centre d'Investigation Clinique de Nantes,I154526488 I4210128055,no
"CIC INSERM, University Hospital, Nantes, France",1,Inserm | Centre d'Investigation Clinique de Nantes,I154526488 I4210128055,no
"CIC, Inserm U892‐CNRS 6299  Nantes France",1,Inserm | Centre National de la Recherche Scientifique | Centre d'Investigation Clinique de Nantes,I154526488 I1294671590 I4210128055,no
"CIC, inserm 1246-SPHERE, CHU Tours, Tours",1,Inserm | Centre Hospitalier Universitaire de Tours,I154526488 I4210095477,no
"CIC1413, CRCINA INSERM U1232 CHU Nantes Nantes France",1,Inserm | Centre Hospitalier Universitaire de Nantes | Centre d'Investigation Clinique de Nantes,I154526488 I3019204325 I4210128055,no
"CJF INSERM 90-11, Faculty of Medicine, Nantes, France",1,Inserm,I154526488,no
CNRS  UMR 6291 Nantes France,1,Centre National de la Recherche Scientifique | Institut du Thorax,I1294671590 I4210144168,yes
CNRS  UMR 6299 Nantes France,1,Centre National de la Recherche Scientifique | Centre de Recherche en Cancérologie et Immunologie Intégrée Nantes Angers,I1294671590 I4210092509,yes
"CNRS , 44322 Nantes cedex 3 , France",1,Centre National de la Recherche Scientifique,I1294671590,no
"CNRS , Inserm , CRCINA , F-44000 Nantes , France",1,Inserm | Centre National de la Recherche Scientifique,I154526488 I1294671590,no
"CNRS -IETR Nantes , France",1,Centre National de la Recherche Scientifique,I1294671590,no
"CNRS 6299, Centre de Recherche en Cancérologie de Nantes-Angers, Institut de Recherche en Santé de l'Université de Nantes, 8 quai Moncousu, F-44007 Nantes cedex, France",1,Centre National de la Recherche Scientifique | Centre de Recherche en Cancérologie et Immunologie Intégrée Nantes Angers,I1294671590 I4210092509,yes
"CNRS 6299, Centre de Recherche en Cancérologie de Nantes-Angers, Institut de Recherche en Santé de l'Université de Nantes, Nantes, Loire-Atlantique, F-44007, France",1,Centre National de la Recherche Scientifique | Centre de Recherche en Cancérologie et Immunologie Intégrée Nantes Angers,I1294671590 I4210092509,yes
"CNRS 6299, Centre de Recherche en Cancérologie de Nantes-Angers, Institut de Recherche en Santé de l’Université de Nantes, 8 quai Moncousu, F-44007 Nantes cedex, France",1,Centre National de la Recherche Scientifique | Centre de Recherche en Cancérologie et Immunologie Intégrée Nantes Angers,I1294671590 I4210092509,yes
"CNRS 6299, Centre de Recherche en Cancérologie de Nantes-Angers, Institut de Recherche en Santé de l’Université de Nantes, Nantes, France",1,Centre National de la Recherche Scientifique | Centre de Recherche en Cancérologie et Immunologie Intégrée Nantes Angers,I1294671590 I4210092509,yes
CNRS CEISAM UMR 6230 Univ. Nantes  44000 Nantes France,1,"Centre National de la Recherche Scientifique | Chimie et Interdisciplinarité, Synthèse, Analyse, Modélisation",I1294671590 I4210138474,yes
"CNRS EP 1593, Faculté des Sciences et des Techniques, Nantes, France. lescaud@nat.svt.sciences.univ-nantes.fr",1,Centre National de la Recherche Scientifique,I1294671590,no
"CNRS EP 1593, Faculté des Sciences, 2 rue de la Houssinière, 44322 Nantes Cedex 3, France",1,Centre National de la Recherche Scientifique,I1294671590,no
"CNRS EP1593, Faculté des Sciences et des Techniques, Nantes, France",1,Centre National de la Recherche Scientifique,I1294671590,no
"CNRS UMR 6018, Faculté des Sciences et des Techniques, 2, rue de la Houssinière, 44322 Nantes, France",1,Centre National de la Recherche Scientifique,I1294671590,no
"CNRS UMR 6112 Laboratoire de Planétologie et Géodynamique, Nantes, France",1,Centre National de la Recherche Scientifique | Laboratoire de Planétologie et Géosciences,I1294671590 I4210146808,yes
"CNRS UMR 6112, LPG, Nantes, France",1,Centre National de la Recherche Scientifique | Laboratoire de Planétologie et Géosciences,I1294671590 I4210146808,yes
"CNRS UMR 6144, Nantes University, BP 539, 44475, France",1,Centre National de la Recherche Scientifique,I1294671590,no
"CNRS UMR 6183, Nantes University, IUT Saint-Nazaire 58 rue Michel Ange, 44600 Saint-Nazaire, FRANCE",1,Centre National de la Recherche Scientifique | Institut de Recherche en Génie Civil et Mécanique,I1294671590 I4210137520,yes
"CNRS UMR 6204, Nantes, F-44322, France. Tanaelle.Dupas@univ-nantes.fr",1,Centre National de la Recherche Scientifique,I1294671590,no
"CNRS UMR 6291, Nantes, France",1,Centre National de la Recherche Scientifique | Institut du Thorax,I1294671590 I4210144168,yes
"CNRS UMR 6512, Faculté des Sciences et des Techniques, 2 rue de la Houssiniére, 44222 Nantes",1,Centre National de la Recherche Scientifique | Institut des Sciences Chimiques de Rennes,I1294671590 I4210090783,no
"CNRS UMR 6597, I. R. Cy. N, Nantes, France",1,Centre National de la Recherche Scientifique | Institut de recherche en communications et cybernétique de Nantes,I1294671590 I4405278184,yes
"CNRS UMR6112 LPG, Laboratoire de Planétologie et Géodynamique, Nantes Cedex 3 , France (susan.conway@univ-nantes.fr)",1,Centre National de la Recherche Scientifique | Laboratoire de Planétologie et Géosciences,I1294671590 I4210146808,yes
"CNRS UMR6112 Laboratoire de Planétologie et Géodynamique, Nantes Cedex 3 , France",1,Centre National de la Recherche Scientifique | Laboratoire de Planétologie et Géosciences,I1294671590 I4210146808,yes
"CNRS UMR6112 Laboratoire de Planétologie et Géodynamique, Nantes, France (susan.conway@univ-nantes.fr)",1,Centre National de la Recherche Scientifique | Laboratoire de Planétologie et Géosciences,I1294671590 I4210146808,yes
"CNRS UMR6164, IETR, Ecole Polytechnique de l'universite de Nantes, Rue Christian Pauc, Nantes, France",1,Centre National de la Recherche Scientifique,I1294671590,no
"CNRS UMR6164, IETR, Ecole Polytechnique de l’universite de Nantes, Rue Christian Pauc, Nantes, France",1,Centre National de la Recherche Scientifique,I1294671590,no
CNRS UMR6291 Nantes France,1,Centre National de la Recherche Scientifique | Institut du Thorax,I1294671590 I4210144168,yes
"CNRS UMR6291, INSERM UMR1087 Nantes, 4000, Nantes, France",1,Inserm | Centre National de la Recherche Scientifique | Institut du Thorax,I154526488 I1294671590 I4210144168,yes
"CNRS UMR6299, Nantes, F-44007, France",1,Centre National de la Recherche Scientifique | Centre de Recherche en Cancérologie et Immunologie Intégrée Nantes Angers,I1294671590 I4210092509,yes
"CNRS URA 1340 , Faculte des Sciences et des Techniques , 2 rue de la Houssiniere BP 92208 , 44322 , NANTES Cedex 3 , France",1,Centre National de la Recherche Scientifique,I1294671590,no
CNRS and Nantes University,1,Centre National de la Recherche Scientifique,I1294671590,no
"CNRS and Univ. Nantes, Laboratoire des Plasmas et des Couches Minces, Institut des Matériaux Jean Rouxel, UMR 6502, Nantes, F-44322, France",1,Centre National de la Recherche Scientifique | Institut des Matériaux Jean Rouxel,I1294671590 I4210091049,yes
"CNRS at LS2N, Nantes Universit&#x00E9;, CNRS, Nantes, France",1,Centre National de la Recherche Scientifique | Laboratoire des Sciences du Numérique de Nantes,I1294671590 I4210117005,yes
"CNRS at LS2N, Nantes Universit&#x00E9;, Ecole Centrale Nantes,CNRS, LS2N, UMR,Nantes,France,6004",1,École Centrale de Nantes | Centre National de la Recherche Scientifique | Laboratoire des Sciences du Numérique de Nantes,I100445878 I1294671590 I4210117005,yes
"CNRS, 44072 Nantes, Fr",1,Centre National de la Recherche Scientifique,I1294671590,no
"CNRS, 44322 Nantes cedex 3, France",1,Centre National de la Recherche Scientifique,I1294671590,no
"CNRS, FRE3478 UFIP, Faculté des Sciences et des Techniques, 2 rue de la Houssinière, F-44322 Nantes, France",1,Centre National de la Recherche Scientifique | Unité en Sciences Biologiques et Biotechnologies de Nantes,I1294671590 I4387154840,yes
"CNRS, GEPEA, UMR 6144, CRTT, LUNAM Université, 37, Boulevard de l’Université, 44606, St Nazaire Cedex, France",1,Centre National de la Recherche Scientifique | Laboratoire de Génie des Procédés – Environnement – Agro-alimentaire,I1294671590 I4210148006,yes
"CNRS, GEPEA, UMR-CNRS 6144, Nantes University, Bd de l'Université, CRTT-BP 406, 44602, Saint-Nazaire Cedex, France",1,Centre National de la Recherche Scientifique | Laboratoire de Génie des Procédés – Environnement – Agro-alimentaire,I1294671590 I4210148006,yes
"CNRS, GEPEA, UMR-CNRS 6144, Nantes University, Bd de l’Université, CRTT-BP 406, 44602, Saint-Nazaire Cedex, France",1,Centre National de la Recherche Scientifique | Laboratoire de Génie des Procédés – Environnement – Agro-alimentaire,I1294671590 I4210148006,yes
"CNRS, IRCCyN UMR 6597 Nantes, LUNAM Université, FRANCE",1,Centre National de la Recherche Scientifique | Institut de recherche en communications et cybernétique de Nantes,I1294671590 I4405278184,yes
"CNRS, IRCCyN, LUNAM Universite, Nantes Cedex 03, FRANCE",1,Centre National de la Recherche Scientifique | Institut de recherche en communications et cybernétique de Nantes,I1294671590 I4405278184,yes
"CNRS, IRCCyN, LUNAM University, Nantes, France",1,Centre National de la Recherche Scientifique,I1294671590,no
"CNRS, Institute for Research on Urban Sciences and Techniques—IRSTV FR CNRS 2488, LUNAM Université, BP 92104, 44321 , Nantes Cedex 03, France",1,Centre National de la Recherche Scientifique,I1294671590,no
"CNRS, Joint Research Unit CNRS 6297 DCS, Nantes",1,Centre National de la Recherche Scientifique | Droit et changement social,I1294671590 I4210100746,yes
"CNRS, LPG Univ. of Nantes, Univ Angers  UMR 6112 Nantes F‐44000 France",1,Université d'Angers | Centre National de la Recherche Scientifique | Laboratoire de Planétologie et Géosciences,I49451733 I1294671590 I4210146808,yes
"CNRS, LPG, Univ. of Nantes, Univ Angers, UMR 6112, Nantes, F-44000 France",1,Université d'Angers | Centre National de la Recherche Scientifique | Laboratoire de Planétologie et Géosciences,I49451733 I1294671590 I4210146808,yes
"CNRS, LS2N UMR CNRS 6004, 1, rue de la Noë, Nantes Cedex 03 44321, France",1,Centre National de la Recherche Scientifique | Laboratoire des Sciences du Numérique de Nantes,I1294671590 I4210117005,yes
"CNRS, LS2N, Polytech Nantes, rue Christian Pauc, Nantes, France",1,Centre National de la Recherche Scientifique | Laboratoire des Sciences du Numérique de Nantes,I1294671590 I4210117005,yes
"CNRS, LS2N, UMR 6004",1,Centre National de la Recherche Scientifique | Laboratoire des Sciences du Numérique de Nantes,I1294671590 I4210117005,yes
"CNRS, LS2N, UMR 6004, F-44000 Nantes, France",1,Centre National de la Recherche Scientifique | Laboratoire des Sciences du Numérique de Nantes,I1294671590 I4210117005,yes
"CNRS, LTN UMR 6607, Ecole Polytechnique de l'Université de Nantes, Rue Christian Pauc, 44306 Nantes Cedex 3, France",1,Centre National de la Recherche Scientifique | Laboratoire de Thermique et Energie de Nantes,I1294671590 I4210109587,yes
"CNRS, LUNAM Univ., Nantes, France",1,Centre National de la Recherche Scientifique,I1294671590,no
"CNRS, Laboratoire de Planétologie et Géodynamique, UMR 6112  Nantes France",1,Centre National de la Recherche Scientifique | Laboratoire de Planétologie et Géosciences,I1294671590 I4210146808,yes
"CNRS, Laboratoire des Sciences du Num&#x00E9;rique de Nantes, Nantes, France",1,Centre National de la Recherche Scientifique | Laboratoire des Sciences du Numérique de Nantes,I1294671590 I4210117005,yes
"CNRS, Laboratoire des Sciences du Numérique de Nantes UMR CNRS 6004 1 Rue de la Noë, Nantes, France",1,Centre National de la Recherche Scientifique | Laboratoire des Sciences du Numérique de Nantes,I1294671590 I4210117005,yes
"CNRS, Laboratoire des Sciences du Numérique de Nantes, UMR 6004, Nantes, France",1,Centre National de la Recherche Scientifique | Laboratoire des Sciences du Numérique de Nantes,I1294671590 I4210117005,yes
"CNRS, Laboratorie de Planétologie Et Géosciences CNRS UMR 6112, Nantes, France (anna.graugalofre@univ-nantes.fr)",1,Centre National de la Recherche Scientifique | Laboratoire de Planétologie et Géosciences,I1294671590 I4210146808,yes
"CNRS, Nantes, 44307, France",1,Centre National de la Recherche Scientifique,I1294671590,no
"CNRS, SFR de Nantes , Nantes ,",1,Centre National de la Recherche Scientifique,I1294671590,no
"CNRS, U6299, Institut de Recherche Th rapeutique de l'Universit de Nantes, France",1,Centre National de la Recherche Scientifique,I1294671590,no
"CNRS, UMR 6112, Laboratoire de Planétologie et Géosciences, Nantes, France",1,Centre National de la Recherche Scientifique | Laboratoire de Planétologie et Géosciences,I1294671590 I4210146808,yes
"CNRS, UMR 6204, U3B Unité de Biotechnologie, Biocatalyse et Biorégulation, Faculté des Sciences et Techniques, Nantes, France",1,Centre National de la Recherche Scientifique,I1294671590,no
"CNRS, UMR 6291, 44007 Nantes, France",1,Centre National de la Recherche Scientifique | Institut du Thorax,I1294671590 I4210144168,yes
"CNRS, UMR 6291, Nantes, F-44000, France. Antoine.Magnan@univ-nantes.fr",1,Centre National de la Recherche Scientifique | Institut du Thorax,I1294671590 I4210144168,yes
"CNRS, UMR 6291, Nantes, F-44000, France. Marie-Aude.Muller@univ-nantes.fr",1,Centre National de la Recherche Scientifique | Institut du Thorax,I1294671590 I4210144168,yes
"CNRS, UMR 6291, Nantes, F-44000, France. camille.rolland-debord@univ-nantes.fr",1,Centre National de la Recherche Scientifique | Institut du Thorax,I1294671590 I4210144168,yes
"CNRS, UMR 6291, Nantes, F-44000, France. david.Lair@inserm.fr",1,Inserm | Centre National de la Recherche Scientifique | Institut du Thorax,I154526488 I1294671590 I4210144168,yes
"CNRS, UMR 6291, Nantes, F-44000, France. faouzi.braza@etu.univ-nantes.fr",1,Centre National de la Recherche Scientifique | Institut du Thorax,I1294671590 I4210144168,yes
"CNRS, UMR 6291, Nantes, F-44000, France. gregory.bouchaud@nantes.inra.fr",1,Centre National de la Recherche Scientifique | Institut du Thorax,I1294671590 I4210144168,yes
"CNRS, UMR 6291, Nantes, F-44000, France. julie.chesne@univ-nantes.fr",1,Centre National de la Recherche Scientifique | Institut du Thorax,I1294671590 I4210144168,yes
"CNRS, UMR 6299, Nantes, F-44000, France",1,Centre National de la Recherche Scientifique | Centre de Recherche en Cancérologie et Immunologie Intégrée Nantes Angers,I1294671590 I4210092509,yes
"CNRS, UMR 6299University of Nantes, Nantes France",1,Centre National de la Recherche Scientifique,I1294671590,no
"CNRS, UMR-6112, 2 rue de la Houssinière, 44322 Nantes cedex 03, France",1,Centre National de la Recherche Scientifique,I1294671590,no
"CNRS, UMR-6112, 2, rue de la Houssinière, 44322, Nantes Cedex 03, France",1,Centre National de la Recherche Scientifique,I1294671590,no
"CNRS, UMR6286, US2B, Nantes University, 44000 Nantes, France",1,Centre National de la Recherche Scientifique | Unité en Sciences Biologiques et Biotechnologies de Nantes,I1294671590 I4387154840,yes
"CNRS, UMR6299, Institut de Recherche en Santé de l'Université de Nantes, France",1,Centre National de la Recherche Scientifique | Centre de Recherche en Cancérologie et Immunologie Intégrée Nantes Angers,I1294671590 I4210092509,yes
"CNRS, UMS 3556, Nantes, France",1,Centre National de la Recherche Scientifique,I1294671590,no
"CNRS, Univ. Nantes, F-44322 Nantes, Fr",1,Centre National de la Recherche Scientifique,I1294671590,no
"CNRS-GDR 1117, ISOMer, SMAB, 2 Rue de la Houssinière, BP 92208, 44322, Nantes Cedex 3, France",1,Centre National de la Recherche Scientifique | Institut Des Substances et Organismes de la Mer,I1294671590 I4392021232,yes
"CNRS-LPG, Nantes, France (pascal.rosenblatt@univ-nantes.fr)",1,Centre National de la Recherche Scientifique | Laboratoire de Planétologie et Géosciences,I1294671590 I4210146808,yes
CNRS-Univ-Nantes,1,Centre National de la Recherche Scientifique,I1294671590,no
"CNRS/ UMR 6112, Laboratoire de Planétologie et Géodynamique, Nantes   cedex 3, France (stephane.lemouelic@univ-nantes.fr)",1,Centre National de la Recherche Scientifique | Laboratoire de Planétologie et Géosciences,I1294671590 I4210146808,yes
"CNRS/GDR 1117, Service d’Ecotoxicologie, ISOMER, SMAB, 2, rue de la Houssinière, BP 92208, 44322, Nantes Cédex 3, France",1,Centre National de la Recherche Scientifique | Institut Des Substances et Organismes de la Mer,I1294671590 I4392021232,yes
CNRS; UMR 6291; Nantes France,1,Centre National de la Recherche Scientifique | Institut du Thorax,I1294671590 I4210144168,yes
"CR2TI, Inserm U1064, Nantes, France",1,Inserm | Center for Research in Transplantation and Translational Immunology,I154526488 I4392021198,yes
"CRC-MHR, Nantes University Hospital, Nantes, France",1,Centre Hospitalier Universitaire de Nantes,I3019204325,no
"CRCI2NA, INSERM U1307, CNRS UMR6075, Nantes University, 44007 Nantes, France",1,Inserm | Centre National de la Recherche Scientifique | Centre de Recherche en Cancérologie et Immunologie Intégrée Nantes Angers,I154526488 I1294671590 I4210092509,yes
"CRCI2NA, INSERM UMR 1307, CNRS UMR 6075, Nantes University &amp; Angers University, Medical School, Nantes, 44035, France",1,Inserm | Centre National de la Recherche Scientifique | Centre de Recherche en Cancérologie et Immunologie Intégrée Nantes Angers,I154526488 I1294671590 I4210092509,yes
"CRCI2NA, INSERM UMR 1307, CNRS UMR 6075, Nantes University Hospital, Nantes, France",1,Inserm | Centre National de la Recherche Scientifique | Centre de Recherche en Cancérologie et Immunologie Intégrée Nantes Angers,I154526488 I1294671590 I4210092509,yes
"CRCI2NA, INSERM UMR 1307, CNRS UMR 6075, Nantes University and Angers University, Nantes, France",1,Inserm | Centre National de la Recherche Scientifique | Centre de Recherche en Cancérologie et Immunologie Intégrée Nantes Angers,I154526488 I1294671590 I4210092509,yes
"CRCI2NA, Nantes University Hospital, Nantes, France",1,Centre de Recherche en Cancérologie et Immunologie Intégrée Nantes Angers,I4210092509,yes
"CRCI2NA, UMR 1307 Inserm - UMR 6075 CNRS, Nantes, France",1,Inserm | Centre National de la Recherche Scientifique | Centre de Recherche en Cancérologie et Immunologie Intégrée Nantes Angers,I154526488 I1294671590 I4210092509,yes
"CRCI<sup>2</sup>NA, INSERM U1307, CNRS UMR6075, Nantes University, 44007 Nantes, France",1,Inserm | Centre National de la Recherche Scientifique | Centre de Recherche en Cancérologie et Immunologie Intégrée Nantes Angers,I154526488 I1294671590 I4210092509,yes
"CRCIN2A, Inserm U1307, CNRS UMR6075, Nantes, France. yannick.lebris@chu-nantes.fr",1,Inserm | Centre National de la Recherche Scientifique | Centre de Recherche en Cancérologie et Immunologie Intégrée Nantes Angers,I154526488 I1294671590 I4210092509,yes
"CRCINA - INSERM 1232 - Institut de Recherche Thérapeutique de l`Université de Nantes - 8 quai Moncousu - BP 70721 - 44007 Nantes Cedex 1,France",1,Inserm | Centre de Recherche en Cancérologie et Immunologie Intégrée Nantes Angers,I154526488 I4210092509,yes
CRCINA - INSERM 1232 - Institut de Recherche Thérapeutique de l`Université de Nantes - 8 quai Moncousu - BP 70721 - 44007 Nantes Cedex 1. France,1,Inserm | Centre de Recherche en Cancérologie et Immunologie Intégrée Nantes Angers,I154526488 I4210092509,yes
CRCINA INSERM U1232 Institut de Recherche en Santé de l'Université de Nantes Nantes France,1,Inserm | Centre de Recherche en Cancérologie et Immunologie Intégrée Nantes Angers,I154526488 I4210092509,yes
"CRCINA INSERM U1232, Institut de Recherche en Santé de l'Université de Nantes, 8 quai Moncousu, Nantes, France. delphine.garnier@univ-nantes.fr",1,Inserm,I154526488,no
"CRCINA INSERM U1232, Institut de Recherche en Santé de l'Université de Nantes, Nantes Cedex, France",1,Inserm,I154526488,no
"CRCINA INSERM U1232, Nantes, France. marc.denis@chu-nantes.fr",1,Inserm | Centre de Recherche en Cancérologie et Immunologie Intégrée Nantes Angers,I154526488 I4210092509,yes
"CRCINA, INSERM U1232, University Hospital of Nantes, 44093 Nantes, France",1,Inserm | Centre de Recherche en Cancérologie et Immunologie Intégrée Nantes Angers,I154526488 I4210092509,yes
"CRCINA, INSERM U1232, University Hospital of Nantes, Nantes, France",1,Inserm | Centre de Recherche en Cancérologie et Immunologie Intégrée Nantes Angers,I154526488 I4210092509,yes
"CRCINA, INSERM UMR 1232, Nantes, France and Nuclear Medicine Department, University Hospital, Nantes, France",1,Inserm | Centre de Recherche en Cancérologie et Immunologie Intégrée Nantes Angers,I154526488 I4210092509,yes
"CRCINA, INSERM and Nantes Medical University, Nantes, France",1,Inserm | Centre de Recherche en Cancérologie et Immunologie Intégrée Nantes Angers,I154526488 I4210092509,yes
"CRCINA, INSERM, CNRS, Univ. Nantes, F-44000, Nantes, France",1,Inserm | Centre National de la Recherche Scientifique | Centre de Recherche en Cancérologie et Immunologie Intégrée Nantes Angers,I154526488 I1294671590 I4210092509,yes
"CRCINA, Inserm, Nantes, France; Hematology Clinic, Nantes University Hospital, Nantes, France",1,Inserm | Centre Hospitalier Universitaire de Nantes | Centre de Recherche en Cancérologie et Immunologie Intégrée Nantes Angers,I154526488 I3019204325 I4210092509,yes
"CRCINA, Inserm, Team 1  Nantes France",1,Inserm,I154526488,no
"CRCINA, Inserm, Université Nantes-Angers, Institut de Recherche en Santé de l’Université de Nantes, 8, quai Moncousu - BP 70721, 44007 Nantes cedex 1",1,Inserm | Centre de Recherche en Cancérologie et Immunologie Intégrée Nantes Angers,I154526488 I4210092509,yes
"CRCINA, SIRIC ILIAD, University Hospital of Nantes, Nantes, France",1,Centre de Recherche en Cancérologie et Immunologie Intégrée Nantes Angers,I4210092509,yes
"CRCINA, UMR 1232, INSERM, Nantes, France",1,Inserm,I154526488,no
CRCINA-ÉQUIPE 10 - Regulation of Bcl2 and p53 Networks in Multiple Myeloma and Mantle Cell Lymphoma (Institut de Recherche en Santé de l'Université de Nantes - 8 quai Moncousu - BP 70721 - 44007 Nantes cedex 1 - France),1,,,no
"CRCNA INSERM U892, Institut de recherche thérapeutique de l'Université de Nantes, 8 quai de Moncousu, BP 70721, 44007, Nantes Cedex 1, France",1,Inserm | Centre de Recherche en Cancérologie et Immunologie Intégrée Nantes Angers,I154526488 I4210092509,yes
"CRCNA INSERM U892, Institut de recherche thérapeutique de l’Université de Nantes, 8 quai de Moncousu, BP 70721, 44007, Nantes Cedex 1, France",1,Inserm | Centre de Recherche en Cancérologie et Immunologie Intégrée Nantes Angers,I154526488 I4210092509,yes
"CRCNA INSERM U892, Institut de recherche thérapeutique de l’Université, Nantes, France",1,Inserm | Centre de Recherche en Cancérologie et Immunologie Intégrée Nantes Angers,I154526488 I4210092509,yes
"CRCNA,  INSERM U892 CNRS 6299  Nantes Cedex 01 France",1,Inserm | Centre National de la Recherche Scientifique | Centre de Recherche en Cancérologie et Immunologie Intégrée Nantes Angers,I154526488 I1294671590 I4210092509,yes
"CRCNA, INSERM U892 CNRS6299, Laboratory of Immuno-Dermatology, Hôtel-Dieu University Hospital, Nantes, France",1,Inserm | Centre National de la Recherche Scientifique | Centre de Recherche en Cancérologie et Immunologie Intégrée Nantes Angers,I154526488 I1294671590 I4210092509,yes
"CRCNA, INSERM UMR 892, CNRS UMR 6299, Nantes 44007, France;",1,Inserm | Centre National de la Recherche Scientifique | Centre de Recherche en Cancérologie et Immunologie Intégrée Nantes Angers,I154526488 I1294671590 I4210092509,yes
"CRCNA, Inserm UMR 892, Nantes cedex 1, France; Radiology Department, Hôtel-Dieu, CHU de Nantes, 1, place Alexis-Ricordeau, 44093 Nantes cedex 1, France",1,Inserm | Centre Hospitalier Universitaire de Nantes | Centre de Recherche en Cancérologie et Immunologie Intégrée Nantes Angers,I154526488 I3019204325 I4210092509,yes
"CRCNA-UMR Inserm U892-CNRS 6299-Institut de Recherche en Santé de l'Université de Nantes, Nantes 44007, France",1,Inserm | Centre National de la Recherche Scientifique | Centre de Recherche en Cancérologie et Immunologie Intégrée Nantes Angers,I154526488 I1294671590 I4210092509,yes
CRC‐MHR Nantes University Hospital  Nantes France,1,Centre Hospitalier Universitaire de Nantes,I3019204325,no
"CREN (EA2661), Celine.Chauvigne@univ-nantes.fr
",1,Centre de Recherche en Éducation de Nantes,I4387152322,yes
"CREN, Le Mans Université, France, --- Select a Country ---",1,Le Mans Université,I4210108471,no
"CRENAU team, &#x00C9;cole Nationale Sup&#x00E9;rieure d&#x2019;Architecture de Nantes,Ambiances, Architectures, Urbanisme Laboratory,Nantes,France",1,"École Nationale Supérieure d'Architecture de Nantes | AAU - Ambiances, Architectures, Urbanités",I4210107693 I4210162214,yes
"CRENAU, Nantes Univ - ECN, Nantes Univ - ENSA Nantes",1,École Centrale de Nantes | École Nationale Supérieure d'Architecture de Nantes,I100445878 I4210107693,yes
"CRHIA, Nantes",1,Centre de recherches en histoire internationale et atlantique,I4399598365,yes
CRNH CHR de Nantes Nantes France,1,Centre Hospitalier Universitaire de Nantes,I3019204325,no
"CRNH, Inserm U539, Hôtel‐Dieu, 44093 Nantes cedex 01, France",1,Inserm,I154526488,no
"CRPPE Nantes – CHU Nantes, Nantes, France",1,Centre Hospitalier Universitaire de Nantes,I3019204325,no
CRTH CHU de Nantes  Nantes France,1,Centre Hospitalier Universitaire de Nantes,I3019204325,no
"CRTI - UMR1064, Nantes, France",1,,,no
"CRTI UMR1064, CHU Nantes",1,Centre Hospitalier Universitaire de Nantes,I3019204325,no
"CRTI, Inserm UMR 1064, Nantes University Hospital Inserm, 44000, Nantes, France",1,Inserm,I154526488,no
"CRTI, UNIV Nantes, INSERM, Nantes, France",1,Inserm,I154526488,no
"CRTI, UNIV Nantes, INSERM, Nantes, France; ITUN, CHU Nantes, Nantes, France; SFR-SANTE, iPSC core facility, UNIV Nantes, INSERM, CNRS, CHU, Nantes, Nantes, France",1,Inserm | Centre National de la Recherche Scientifique | Centre Hospitalier Universitaire de Nantes | Institut de Transplantation Urologie en Nephrologie | Structure Fédérative de Recherche Bonamy,I154526488 I1294671590 I3019204325 I4210112643 I4400009061,yes
"CRTI-Inserm U1064 , CIC , neurology department , University Hospital Center , Nantes , France",1,Inserm | Centre Hospitalier Universitaire de Nantes | Centre d'Investigation Clinique de Nantes,I154526488 I3019204325 I4210128055,no
"CRTI-Inserm U1064, 44000, Nantes, France",1,Inserm,I154526488,no
"CRTI-InsermU1064, Nantes, France",1,Inserm,I154526488,no
CRTS de Nantes,1,,,no
"CRTT, 37 Boulevard de l'Université, BP 406, 44600 Saint-Nazaire, FRANCE. Luc.Loron@univ-nantes.fr",1,,,no
"CRTT, 37 Boulevard de l'Université, BP 406, 44600 Saint-Nazaire, FRANCE. Tiemele.Ane@univ-nantes.fr",1,,,no
"CSTB Nantes, Université de Rennes 1, Rennes, France",1,Université de Rennes,I56067802,no
"Campus de Nantes, Université Gustave Eiffel, 44340 Bouguenais, France",1,Université Gustave Eiffel,I4210154111,no
"Cardio-Thoracic and Vascular Surgery, Universitary Hospital of Nantes, Nantes, France",1,Centre Hospitalier Universitaire de Nantes,I3019204325,no
"Cardio-thoracic surgery department, Nantes University Hospital, 44000 Nantes, France",1,Centre Hospitalier Universitaire de Nantes,I3019204325,no
"Cardiologic Department and Reference Center for Hereditary Arrhythmic Diseases, Nantes University Hospital, Nantes, France",1,Centre Hospitalier Universitaire de Nantes,I3019204325,no
"Cardiology Department, University Hospital Centre Nantes, Nantes, France",1,Centre Hospitalier Universitaire de Nantes,I3019204325,no
"Cardiology Department, University Hospital of Nantes , Nantes ,",1,Centre Hospitalier Universitaire de Nantes,I3019204325,no
"Cardiology Department, University Hospital of Nantes , Nantes 44093 ,",1,Centre Hospitalier Universitaire de Nantes,I3019204325,no
"Cardiology Department, University Hospital of Nantes, 44800 Nantes, France",1,Centre Hospitalier Universitaire de Nantes,I3019204325,no
"Cardiology Department, University Hospital of Nantes, Nantes, France",1,Centre Hospitalier Universitaire de Nantes,I3019204325,no
"Cardiology Service, Nantes University Hospital, Nantes, France;",1,Centre Hospitalier Universitaire de Nantes,I3019204325,no
"Cardiology department, Nantes university hospital, 44000 Nantes, France",1,Centre Hospitalier Universitaire de Nantes,I3019204325,no
"Cardiology department, Nantes university hospital, Nantes",1,Centre Hospitalier Universitaire de Nantes,I3019204325,no
"Cardiology division, Nantes University Health Centre, 44093 Nantes cedex, France",1,Centre Hospitalier Universitaire de Nantes,I3019204325,no
"Cardiothoracic Surgery, Nantes University Hospital, Nantes, France",1,Centre Hospitalier Universitaire de Nantes,I3019204325,no
"Cardiovascular Surgery Department, Nantes University Hospital, Nantes, France",1,Centre Hospitalier Universitaire de Nantes,I3019204325,no
"Carinelle Atamech Univ. Lebanese Safwan El Assad Univ. Nantes , CNRS , IETR UMR 6164 , F-44000 Nantes France",1,Centre National de la Recherche Scientifique | Institut d'Électronique et des Technologies du numéRique,I1294671590 I4210100151,yes
"Ceisam, University of Nantes-CNRS UMR 6230, 2 rue de la Houssinière BP 92208, F-44322 Nantes, France",1,"Centre National de la Recherche Scientifique | Chimie et Interdisciplinarité, Synthèse, Analyse, Modélisation",I1294671590 I4210138474,yes
"Cellular and Molecular Immuno-Endocrinology, INRA/ENVN/University, Nantes",1,,,no
"Cellule innovation, direction de la recherche, CHU de Nantes, 44093 Nantes, France",1,Centre Hospitalier Universitaire de Nantes,I3019204325,no
"Centrale Nantes, CNRS, LS2N UMR CNRS 6004 Nantes, France",1,École Centrale de Nantes | Centre National de la Recherche Scientifique | Laboratoire des Sciences du Numérique de Nantes,I100445878 I1294671590 I4210117005,yes
"Centrale Nantes, LS2N UMR CNRS 6004, 1, rue de la Noë, Nantes Cedex 03 44321, France",1,École Centrale de Nantes | Centre National de la Recherche Scientifique | Laboratoire des Sciences du Numérique de Nantes,I100445878 I1294671590 I4210117005,yes
"Centrale Nantes, LS2N UMR CNRS,Nantes,France,6004",1,École Centrale de Nantes | Centre National de la Recherche Scientifique | Laboratoire des Sciences du Numérique de Nantes,I100445878 I1294671590 I4210117005,yes
"Centrale Nantes, LS2N, CNRS, Nantes, France",1,École Centrale de Nantes | Centre National de la Recherche Scientifique | Laboratoire des Sciences du Numérique de Nantes,I100445878 I1294671590 I4210117005,yes
"Centrale Nantes, LS2N, Nantes, France",1,École Centrale de Nantes | Laboratoire des Sciences du Numérique de Nantes,I100445878 I4210117005,yes
"Centrale Nantes-LS2N, UMR 6004 CNRS, Nantes, France",1,École Centrale de Nantes | Centre National de la Recherche Scientifique | Laboratoire des Sciences du Numérique de Nantes,I100445878 I1294671590 I4210117005,yes
"Centrale Nantes-LS2N, UMR 6004 CNRS, Nantes, and ENSEA-Quartz Laboratory EA 7393, France",1,École Nationale Supérieure de l'Électronique et de ses Applications | École Centrale de Nantes | Centre National de la Recherche Scientifique | Laboratoire des Sciences du Numérique de Nantes | Laboratoire Quartz,I86175216 I100445878 I1294671590 I4210117005 I4387153943,yes
"Centre Atlantique de Philosophie (CAPHI), France",1,Centre Atlantique de Philosophie,I4387152714,yes
"Centre Atlantique de Philosophie (CAPHI, EA 7463), Nantes, France",1,Centre Atlantique de Philosophie,I4387152714,yes
"Centre François Viète (Université de Bretagne Occidentale) et UMR 7192 Proche-Orient-Caucase.UFR Lettres et Sciences humaines20 rue Duquesne, CS 9383729238 Brest Cedex 3",1,"Université de Bretagne Occidentale | Proche-Orient, Caucase : Langues, Archéologie, Cultures | Centre François Viète | Université de Bretagne Occidentale",I161929037 I4210126889 I4387153064 I4405260085,yes
"Centre François Viète , Faculté des Sciences et des Techniques 2 rue de la Houssinière -BP 92208 -44322 NANTES Cedex 3 ",1,Centre François Viète,I4387153064,yes
"Centre François Viète d'Histoire des Sciences et des Techniques EA 1161, Faculté des Sciences et des Techniques de Nantes, BP, Nantes, France",1,Centre François Viète,I4387153064,yes
"Centre François Viète d'histoire des sciences et des techniques (EA 1161), Faculté des sciences et des techniques de Nantes, BP 92 208, 44322, Nantes CEDEX 3, France. stephane.tirard@univ-nantes.fr",1,Centre François Viète,I4387153064,yes
"Centre François Viète d'épistemologie et d'histoire des sciences et des techniques, UFR Sciences et Techniques, 2, rue de la Houssinière, F-44322 Nantes Cedex 3 (ph",1,Centre François Viète,I4387153064,yes
"Centre François Viète, Institut des Sciences de l Homme et de la Société, UFR Lettres et Sciences Humaines, Université de Bretagne Occidentale, 20 rue Duquesne, 29238 Brest cedex 3, France",1,Université de Bretagne Occidentale | Centre François Viète | Université de Bretagne Occidentale,I161929037 I4387153064 I4405260085,yes
"Centre François Viète, Nantes UniversitéCourriel : jenny.boucard[at]univ-nantes.fr",1,Centre François Viète,I4387153064,yes
"Centre François Viète, UFR Sciences et Techniques, 2 rue de la Houssinière, 44322 , Nantes Cedex 3, France",1,Centre François Viète,I4387153064,yes
"Centre François Viète, UFR Sciences et Techniques, 2 rue de la Houssinière, F-44322, Nantes cedex 3, France. jenny.boucard@univ-nantes.fr",1,Centre François Viète,I4387153064,yes
"Centre François Viète, Université de Bretagne Occidentale. Maître de conférences en histoire des sciences à l'Université de Bretagne Occidentale, rattachée au Centre François Viète. Ses recherches portent sur l'histoire des jeux et de leurs théories mathématiques, des premiers ouvrages de récréations mathématiques du",1,Université de Bretagne Occidentale | Centre François Viète | Université de Bretagne Occidentale,I161929037 I4387153064 I4405260085,yes
"Centre François Viète, Épistémologie, Histoire des sciences et des techniques, Université de Bretagne occidentale, 20 rue Duquesne, F-29200 Brest (France) herve.ferriere@univ-brest.fr",1,Université de Bretagne Occidentale | Centre François Viète | Université de Bretagne Occidentale,I161929037 I4387153064 I4405260085,yes
"Centre François Viéte d'Histoire des Sciences et des Techniques EA 1161, Faculté des Sciences et des Techniques de Nantes, 2 rue de la Houssinière, 92 208, Nantes, France",1,Centre François Viète,I4387153064,yes
"Centre François Viéte d’Histoire des Sciences et des Techniques EA 1161, Faculté des Sciences et des Techniques de Nantes, 2 rue de la Houssinière, 92 208, Nantes, France",1,Centre François Viète,I4387153064,yes
Centre François-Viète (UR1161),1,Centre François Viète,I4387153064,yes
"Centre François-Viète, Université de Bretagne Occidentale (France)",1,Université de Bretagne Occidentale | Centre François Viète | Université de Bretagne Occidentale,I161929037 I4387153064 I4405260085,yes
"Centre Hospitalier Régional Universitaire (CHRU) Tours, Department of Dermatology, 37044 Tours Cedex 9, France, Universities of Nantes and Tours, SPHERE-INSERM 1246, 37000 Tours, France",1,Inserm | Centre Hospitalier Universitaire de Tours,I154526488 I4210095477,no
"Centre Hospitalo-Universitaire de Nantes, LPPL, France",1,Centre Hospitalier Universitaire de Nantes | Laboratoire de Psychologie des Pays de la Loire,I3019204325 I4210089331,yes
"Centre Nantais de Sociologie (CENS, UMR 6025 – Université de Nantes)",1,Centre Nantais de Sociologie | Université de Nantes,I4210153136 I4405260337,yes
"Centre National de Recherche Scientifique, Laboratoire de Planétologie et Géodynamique, Nantes, France",1,Centre National de la Recherche Scientifique | Laboratoire de Planétologie et Géosciences,I1294671590 I4210146808,yes
"Centre National de la Recherche Scientifique (CNRS) , Laboratoire des Sciences du Numérique de Nantes (LS2N), UMR CNRS 6004, 44321 Nantes , France",1,Centre National de la Recherche Scientifique | Laboratoire des Sciences du Numérique de Nantes,I1294671590 I4210117005,yes
"Centre National de la Recherche Scientifique (CNRS) Laboratoire des Sciences du Numérique (LS2N) de Nantes, , UMR CNRS 6004, 44321 Nantes , France",1,Centre National de la Recherche Scientifique | Laboratoire des Sciences du Numérique de Nantes,I1294671590 I4210117005,yes
"Centre National de la Recherche Scientifique (CNRS), LS2N, 44321, Nantes, France",1,Centre National de la Recherche Scientifique | Laboratoire des Sciences du Numérique de Nantes,I1294671590 I4210117005,yes
"Centre National de la Recherche Scientifique (CNRS), Laboratoire des Sciences du Numérique de Nantes (LS2N), UMR CNRS 6004, 44300, Nantes, France",1,Centre National de la Recherche Scientifique | Laboratoire des Sciences du Numérique de Nantes,I1294671590 I4210117005,yes
"Centre National de la Recherche Scientifique (CNRS), UMR 6004 Laboratoire des Sciences, du Numérique de Nantes, , 44321 Nantes , France ,",1,Centre National de la Recherche Scientifique | Laboratoire des Sciences du Numérique de Nantes,I1294671590 I4210117005,yes
"Centre National de la Recherche Scientifique, LS2N UMR CNRS 6004, 1 rue de la Noë, 44300 Nantes, France",1,Centre National de la Recherche Scientifique | Laboratoire des Sciences du Numérique de Nantes,I1294671590 I4210117005,yes
"Centre National de la Recherche Scientifique, LS2N, 1 Rue de la Noë, 44321 Nantes, France",1,Centre National de la Recherche Scientifique | Laboratoire des Sciences du Numérique de Nantes,I1294671590 I4210117005,yes
"Centre National de la Recherche Scientifique, Laboratoire des Sciences du Num&#x00E8;rique de Nantes, Nantes, France",1,Centre National de la Recherche Scientifique | Laboratoire des Sciences du Numérique de Nantes,I1294671590 I4210117005,yes
"Centre National de la Recherche Scientifique, Laboratoire des Sciences du, Numérique de Nantes, UMR 6004, 1 Rue de la Noë, Nantes 44321, France",1,Centre National de la Recherche Scientifique | Laboratoire des Sciences du Numérique de Nantes,I1294671590 I4210117005,yes
"Centre National de la Recherche Scientifique, UMR 6004, Laboratoire des Sciences du Numérique de Nantes, Nantes, France",1,Centre National de la Recherche Scientifique | Laboratoire des Sciences du Numérique de Nantes,I1294671590 I4210117005,yes
"Centre National de la Recherche, Scientifique (CNRS), Laboratoire des Sciences du Numérique de Nantes (LS2N), UMR CNRS 6004, 44321 Nantes, France",1,Centre National de la Recherche Scientifique | Laboratoire des Sciences du Numérique de Nantes,I1294671590 I4210117005,yes
"Centre de Recherche INSERM 99-03 sur les Matériaux d'Intérêt Biologique, EM INSERM 99-03, BP 84125, Cedex 44042, Nantes, France. laetitia.obadia@sante.univ-nantes.fr",1,Inserm,I154526488,no
"Centre de Recherche INSERM 99-03 sur les Matériaux d’Intérêt Biologique Faculté de Chirurgie Dentaire, BP84215, 44042, Nantes Cedex 1, France",1,Inserm,I154526488,no
"Centre de Recherche INSERM E 99-03 sur les matériaux d'intérét biologique, Faculté de chirurgie dentaire de Nantes, 1 place A. Ricordeau, 44042 Nantes Cedex 01, France",1,Inserm,I154526488,no
"Centre de Recherche Nantais Architectures Urbanités (CRENAU) AAU, 44262 Nantes, France",1,"AAU - Ambiances, Architectures, Urbanités",I4210162214,yes
"Centre de Recherche en Archéologie, Archéosciences, Histoire (CReAAH) CNRS, universités de Rennes, de Nantes et du Mans, Ministère de la Culture, Inrap, campus de Beaulieu, bâtiments 24-25, 263 avenue du Général Leclerc – CS 74205, 35042 Rennes cedex",1,"Centre National de la Recherche Scientifique | Centre de Recherche en Archéologie, Archéosciences, Histoire",I1294671590 I4387153012,yes
"Centre de Recherche en Archéologie, Archéosciences, Histoire (CReAAH), Le Mans Université, Le Mans, France",1,"Le Mans Université | Centre de Recherche en Archéologie, Archéosciences, Histoire",I4210108471 I4387153012,yes
"Centre de Recherche en Archéologie, Archéosciences, Histoire (CReAAH), UMR 6566, 35042 Rennes, France",1,"Centre de Recherche en Archéologie, Archéosciences, Histoire",I4387153012,yes
"Centre de Recherche en Archéologie, Archéosciences, Histoire, Université de Rennes, Rennes, CNRS 35065, France",1,"Université de Rennes | Centre National de la Recherche Scientifique | Centre de Recherche en Archéologie, Archéosciences, Histoire",I56067802 I1294671590 I4387153012,yes
"Centre de Recherche en Cancerologie Nantes-Angers UMR Inserm 892CNRS 6299 and Institut de Recherche Therapeutique de l'Universite de Nantes (IRT-UN), 44007, Nantes, France",1,Inserm | Centre National de la Recherche Scientifique | Centre de Recherche en Cancérologie et Immunologie Intégrée Nantes Angers,I154526488 I1294671590 I4210092509,yes
"Centre de Recherche en Cancéro-Immunologie Nantes/Angers (CRCINA, UMR 892 Inserm), Institut de Recherche en Santé de l’Université de Nantes, Nantes cedex 1, France",1,Inserm | Centre de Recherche en Cancérologie et Immunologie Intégrée Nantes Angers,I154526488 I4210092509,yes
"Centre de Recherche en Cancérologie Immunologie Nantes/Angers (CRCNA, UMR 1232 INSERM), Institut de Recherche en Santé de l'Université de Nantes, 44007 Nantes CEDEX 1, France",1,Inserm | Centre de Recherche en Cancérologie et Immunologie Intégrée Nantes Angers,I154526488 I4210092509,yes
"Centre de Recherche en Cancérologie Nantes-Angers (CRCNA), UMR 1232 Inserm – 6299 CNRS, Institut de Recherche en Santé de l'Université de Nantes, Nantes Cedex, France",1,Inserm | Centre National de la Recherche Scientifique | Centre de Recherche en Cancérologie et Immunologie Intégrée Nantes Angers,I154526488 I1294671590 I4210092509,yes
"Centre de Recherche en Cancérologie Nantes-Angers (CRCNA), UMR 1232 Inserm – 6299 CNRS, Institut de Recherche en Santé de l'Université de Nantes, Nantes, France",1,Inserm | Centre National de la Recherche Scientifique | Centre de Recherche en Cancérologie et Immunologie Intégrée Nantes Angers,I154526488 I1294671590 I4210092509,yes
"Centre de Recherche en Cancérologie Nantes-Angers (CRCNA), UMR 1232 Inserm—6299 CNRS, Institut de Recherche en Santé de l’Université de Nantes, 44000 Nantes, France",1,Inserm | Centre National de la Recherche Scientifique | Centre de Recherche en Cancérologie et Immunologie Intégrée Nantes Angers,I154526488 I1294671590 I4210092509,yes
"Centre de Recherche en Cancérologie Nantes-Angers (CRCNA), UMR 892 INSERM—6299 CNRS, Institut de Recherche en Santé de l’Université de Nantes, Nantes, France",1,Inserm | Centre National de la Recherche Scientifique | Centre de Recherche en Cancérologie et Immunologie Intégrée Nantes Angers,I154526488 I1294671590 I4210092509,yes
"Centre de Recherche en Cancérologie Nantes-Angers (CRCNA), UMR 892 Inserm—6299 CNRS, Institut de Recherche en Santé de l’Université de Nantes, 8 Quai Moncousu, BP 70721, CEDEX 1, 44007 Nantes, France",1,Inserm | Centre National de la Recherche Scientifique | Centre de Recherche en Cancérologie et Immunologie Intégrée Nantes Angers,I154526488 I1294671590 I4210092509,yes
Centre de Recherche en Cancérologie et Immunologie Intégrée Nantes Angers (CRCI2NA) INSERM UMR 1307 CNRS UMR 6075 Université de NantesCHU de Nantes  Nantes France,1,Inserm | Centre National de la Recherche Scientifique | Centre de Recherche en Cancérologie et Immunologie Intégrée Nantes Angers,I154526488 I1294671590 I4210092509,yes
"Centre de Recherche en Nutrition Humaine (CRNH) Ouest, CHU Nantes, INSERM, INRAE, UNIV Nantes, Nantes, France. david.jacobi@univ-nantes.fr",1,"Inserm | Centre Hospitalier Universitaire de Nantes | Institut National de Recherche pour l'Agriculture, l'Alimentation et l'Environnement",I154526488 I3019204325 I4210088668,no
"Centre de Recherche en Nutrition Humaine, INSERM U 915, Hotel Dieu, 44035 Nantes cedex 1, France. Khadija.Ouguerram@sante.univ-nantes.fr",1,Inserm,I154526488,no
"Centre de Recherche en Nutrition Humaine, INSERM U539, Hôtel-Dieu, 44093 Nantes cedex 01, France. veronique.ferchaud-roucher@univ-nantes.fr",1,Inserm,I154526488,no
"Centre de Recherche en Transplantation et Immunologie (CRTI), UMR 1064, INSERM, Nantes, France; Service de Neurologie, CHU Nantes, CIC Inserm 004, France; Nantes University Hospital, Nantes, France",1,Inserm | Centre Hospitalier Universitaire de Nantes | Centre d'Investigation Clinique de Nantes | Center for Research in Transplantation and Translational Immunology,I154526488 I3019204325 I4210128055 I4392021198,yes
"Centre de Recherche en Transplantation et Immunologie (CRTI), UMR 1064, INSERM, Nantes, France; Service de Neurologie, CHU Nantes, CIC Inserm 004, France; Nantes University Hospital, Nantes, France. Electronic address: david.laplaud@univ-nantes.fr",1,Inserm | Centre Hospitalier Universitaire de Nantes | Centre d'Investigation Clinique de Nantes | Center for Research in Transplantation and Translational Immunology,I154526488 I3019204325 I4210128055 I4392021198,yes
Centre de Recherche en Transplantation et Immunologie CRTI Inserm Nantes University  Nantes France,1,Inserm | Center for Research in Transplantation and Translational Immunology,I154526488 I4392021198,yes
"Centre de Recherche en Éducation de Nantes (CREN), EA 2661Université de Nantes, bâtiment la censiveBP81227, 44312 Nantes (France)",1,Centre de Recherche en Éducation de Nantes,I4387152322,yes
"Centre de Recherche sur les Matériaux d'Intérêt Biologique INSERM, E99-03, Faculté de Chirurgie Dentaire, Nantes, France",1,Inserm,I154526488,no
"Centre de Recherche sur les Matériaux d'Intérêt Biologique, INSERM Egg-03, Faculté de Chirurgie Dentaire, Nantes, France, , , , , , FR",1,Inserm,I154526488,no
"Centre de Recherche sur les matériaux d'intérêt biologique, INSERM E 99-03, Faculté de Chirurgie Dentaire, Nantes, France",1,Inserm,I154526488,no
"Centre de Recherche ´de Nantes , B.P. 527 , 44026 Nantes Cedex 03 , France",1,,,no
"Centre de Référence Maladies Neuromusculaires AOC, Filnemus, Euro-NMD, Hôtel-Dieu, CHU de Nantes, Nantes, France. yann.pereon@univ-nantes.fr",1,Centre Hospitalier Universitaire de Nantes,I3019204325,no
"Centre de Référence Maladies Neuromusculaires Nantes-Angers, CHU de Nantes, Nantes, France; Atlantic Gene Therapy Institute, Nantes, France. Electronic address: Yann.Pereon@univ-nantes.fr",1,Centre Hospitalier Universitaire de Nantes,I3019204325,no
"Centre de Référence des Maladies Neuromusculaires Nantes-Angers, Hôtel-Dieu, 44093 Nantes cedex, France. Electronic address: Yann.Pereon@univ-nantes.fr",1,,,no
"Centre de recherche en éducation de Nantes (CREN), EA 2661, Université de NantesUFR Lettres et langages, Chemin de la Censive du Tertre, BP 81227, 44312 Nantes Cedex 3, Francepierre-yves.bernard[at]univ-nantes.fr",1,Centre de Recherche en Éducation de Nantes | Université de Nantes,I4387152322 I4405260337,yes
"Centre de référence maladies neuromusculaires Nantes-Angers, laboratoire d'explorations fonctionnelles, Hôtel-Dieu, CHU de Nantes, 44093 Nantes cedex, France. Electronic address: Yann.Pereon@univ-nantes.fr",1,Centre Hospitalier Universitaire de Nantes,I3019204325,no
"Centre d’investigation clinique 1415—Inserm U1246 SPHERE, Centre Hospitalier Régional Universitaire de Tours, Tours , France",1,Inserm | Centre Hospitalier Universitaire de Tours,I154526488 I4210095477,no
"Chair of the Pays-de-la-Loire regional ethics committee; Head of the clinical gerontology unit, Nantes University Hospital",1,Centre Hospitalier Universitaire de Nantes,I3019204325,no
"Chargé de recherche au CNRSCRUARAP(UPRES-A CNRS 6029)Centre de recherche en urbanisme, aménagement régional et administration publique de l’université de Nantes",1,Centre National de la Recherche Scientifique,I1294671590,no
Chargé de recherche au CNRSDCS(umr cnrs 3125)Droit et changement socialUniversité de Nantes,1,Centre National de la Recherche Scientifique | Droit et changement social,I1294671590 I4210100746,yes
"Chargé de recherche au CRUARAP(UPRES - A - CNRS 6029)CRUARAP(UPRES - A - CNRS 6029)Centre de recherche en urbanisme, aménagement régional et administration publique de l’Université de Nantes",1,Centre National de la Recherche Scientifique,I1294671590,no
"Charles Prud&#x2019;homme IMT Atlantique, LS2N (UMR CNRS 6004),Nantes,France",1,Centre National de la Recherche Scientifique | Laboratoire des Sciences du Numérique de Nantes | IMT Atlantique,I1294671590 I4210117005 I4210127572,yes
Chem. de la Houssinière 44 300 Nantes,1,,,no
"Chercheur associé à l’AMo, Université de NantesChargée de cours à l’ISA et à l’ICL de Lille",1,,,no
"Child Psychiatry Department, Nantes University Hospital, Nantes, France",1,Centre Hospitalier Universitaire de Nantes,I3019204325,no
"Child advocacy center, pediatric department, Nantes university hospital, 44093 Nantes, France",1,Centre Hospitalier Universitaire de Nantes,I3019204325,no
"Child and Adolescent Psychiatry Department, LPL-University Hospital Nantes and GDR 3557, Psychiatric Institute, 7 quai Moncousu, Nantes, F-44 000, France",1,Centre Hospitalier Universitaire de Nantes,I3019204325,no
"Child and Adolescent Psychiatry Department, Nantes University Hospital, 7 quai Moncousu, 44093, Nantes Cedex 1, France",1,Centre Hospitalier Universitaire de Nantes,I3019204325,no
Christophe.Berthon@math.univ-nantes.fr#TAB#,1,,,no
"Claire Boutoleau-Bretonnière: Department of Neurology, CMRR, Nantes University Hospital, Nantes, France",1,Centre Hospitalier Universitaire de Nantes,I3019204325,no
Clement.thibaud@univ-Nantes.fr,1,,,no
Clinic of Haematology Nantes University Hospital Nantes France,1,Centre Hospitalier Universitaire de Nantes,I3019204325,no
"Clinic of Immunology and Research Unit INSERM, Nantes, France",1,Inserm,I154526488,no
"Clinical Genetic Department, Nantes University Hospital, Nantes Cedex, France",1,Centre Hospitalier Universitaire de Nantes,I3019204325,no
"Clinical Genetic Department, Nantes University Hospital, Nantes, France",1,Centre Hospitalier Universitaire de Nantes,I3019204325,no
"Clinical Genetics Department, Nantes University Hospital, Nantes, 44093, France",1,Centre Hospitalier Universitaire de Nantes,I3019204325,no
"Clinical Genetics Department, Nantes University Hospital, Nantes, France",1,Centre Hospitalier Universitaire de Nantes,I3019204325,no
Clinical Genetics Unit University Hospital of Nantes  Nantes France,1,Centre Hospitalier Universitaire de Nantes,I3019204325,no
Clinical Gerontology Department Nantes University Hospital Center  Nantes France,1,Centre Hospitalier Universitaire de Nantes,I3019204325,no
"Clinical Gerontology Department, Nantes University Hospital Center, Nantes, France",1,Centre Hospitalier Universitaire de Nantes,I3019204325,no
"Clinical Gerontology Department, Nantes University Hospital, 1 Place Alexis-Ricordeau, F-44000 Nantes, France",1,Centre Hospitalier Universitaire de Nantes,I3019204325,no
Clinical Gerontology Nantes university hospital Nantes France,1,Centre Hospitalier Universitaire de Nantes,I3019204325,no
"Clinical Gerontology, Nantes University Hospital, Nantes,
                    France",1,Centre Hospitalier Universitaire de Nantes,I3019204325,no
"Clinical Gerontology, Nantes University Hospital, Nantes,
 France",1,Centre Hospitalier Universitaire de Nantes,I3019204325,no
"Clinical Gerontology, Nantes university hospital, Nantes, France",1,Centre Hospitalier Universitaire de Nantes,I3019204325,no
"Clinical Haematology Department, Nantes University Hospital, Nantes, France",1,Centre Hospitalier Universitaire de Nantes,I3019204325,no
"Clinical Hematology Department, Nantes University Hospital",1,Centre Hospitalier Universitaire de Nantes,I3019204325,no
Clinical Hematology Nantes University Hospital  Nantes France,1,Centre Hospitalier Universitaire de Nantes,I3019204325,no
"Clinical Hematology Nantes University Hospital & CRCINA, Nantes, France",1,Centre Hospitalier Universitaire de Nantes | Centre de Recherche en Cancérologie et Immunologie Intégrée Nantes Angers,I3019204325 I4210092509,yes
"Clinical Hematology, Nantes University Hospital , Nantes ,",1,Centre Hospitalier Universitaire de Nantes,I3019204325,no
"Clinical Hematology, Nantes University Hospital, 1 place A. Ricordeau, 44000 Nantes, France",1,Centre Hospitalier Universitaire de Nantes,I3019204325,no
"Clinical Hematology, Nantes University Hospital, 5 Rue Gaston Veil, 44093 Nantes, France",1,Centre Hospitalier Universitaire de Nantes,I3019204325,no
"Clinical Hematology, Nantes University Hospital, Nantes",1,Centre Hospitalier Universitaire de Nantes,I3019204325,no
"Clinical Immunology Laboratory, I.N.S.E.R.M. U211, Faculty of Medicine, Nantes, France",1,Inserm,I154526488,no
"Clinical Investigation Center 004, INSERM 1413, Nantes University Hospital, Nantes, France",1,Inserm | Centre d'Investigation Clinique de Nantes,I154526488 I4210128055,no
Clinical Pharmacology Department CHU Nantes Nantes Cedex 1 Nantes 44093 France,1,Centre Hospitalier Universitaire de Nantes,I3019204325,no
Clinical Pharmacology Department Nantes University Hospital institut de biologie 9 quai Moncousu 44093 Nantes Cedex 1 France,1,,,no
Clinical Pharmacology Department University Hospital of Nantes  Nantes France,1,Centre Hospitalier Universitaire de Nantes,I3019204325,no
"Clinical Pharmacology Department, Nantes University Hospital , Nantes 44000 , France",1,Centre Hospitalier Universitaire de Nantes,I3019204325,no
"Clinical Pharmacology Department, Nantes University Hospital, France",1,Centre Hospitalier Universitaire de Nantes,I3019204325,no
"Clinical Pharmacology Department, Nantes University Hospital, Institut de Biologie, 9 quai Moncousu, 44093, Nantes Cedex 1, France",1,Centre Hospitalier Universitaire de Nantes,I3019204325,no
"Clinical Pharmacology Department, Nantes University Hospital, Institut de Biologie, 9 quai Moncousu, 44093, Nantes Cedex 1, France. fanny.perrouin@chu-nantes.fr",1,Centre Hospitalier Universitaire de Nantes,I3019204325,no
"Clinical Pharmacology Department, Nantes University Hospital, Institut de Biologie, 9 quai Moncousu, 44093, Nantes Cedex 1, France. laura.wainstein@hotmail.com",1,Centre Hospitalier Universitaire de Nantes,I3019204325,no
"Clinical Pharmacology Department, Nantes University Hospital, Nantes, France,",1,Centre Hospitalier Universitaire de Nantes,I3019204325,no
"Clinical Pharmacology Laboratory Department Nantes University Hospital, Nantes, France",1,Centre Hospitalier Universitaire de Nantes,I3019204325,no
Clinical Pharmacy Unit Nantes University Hospital  Nantes France,1,Centre Hospitalier Universitaire de Nantes,I3019204325,no
"Clinical Pharmacy Unit, Nantes University Hospital, 1 Rue Gaston Veil, 44000, Nantes, France",1,Centre Hospitalier Universitaire de Nantes,I3019204325,no
"Clinical Pharmacy Unit, Nantes University Hospital, 1 Rue Gaston Veil, 44000, Nantes, France. pierre.nizet@chu-nantes.fr",1,Centre Hospitalier Universitaire de Nantes,I3019204325,no
"Clinical Pharmacy of the UHC of Nantes, and UMR INSERM 1246 SPHERE Universities of Nantes and Tours, Nantes, France",1,Inserm | methodS in Patient-centered outcomes and HEalth ResEarch,I154526488 I4392021239,yes
"Clinical Research Department, Methodological Unit, Nantes, France, INSERM U892, 9 quai Montcousu 44093, Nantes, France",1,Inserm,I154526488,no
"Clinical Research Department, Nantes University Hospital, Nantes Cedex, France",1,Centre Hospitalier Universitaire de Nantes,I3019204325,no
"Clinical Research and Biometry Department, Nantes University Hospital, Nantes, France",1,Centre Hospitalier Universitaire de Nantes,I3019204325,no
Clinical Research and Biometry Department; Nantes University Hospital; Nantes France,1,Centre Hospitalier Universitaire de Nantes,I3019204325,no
"Clinical Toxicology Unit, Pharmacology Department Nantes University Hospital  Nantes France",1,Centre Hospitalier Universitaire de Nantes,I3019204325,no
"Clinical pharmacology department, Nantes university hospital, 44000 Nantes, France",1,Centre Hospitalier Universitaire de Nantes,I3019204325,no
"Clinical pharmacology department, center for evaluation and information about pharmacodependences-addictovigilance, Nantes university hospital, 44093 Nantes, France; EA 4275, biostatistics, pharmacoepidemiology and subjective measures in health, Nantes university hospital, 44093 Nantes, France",1,Centre Hospitalier Universitaire de Nantes,I3019204325,no
"Clinical pharmacology department, institute of biology, Nantes university hospital, 9, quai Moncousu, 44093 Nantes, France",1,Centre Hospitalier Universitaire de Nantes,I3019204325,no
"Clinique d'endocrinologie, Maladies metaboliques et nutrition, Nantes Cedex, France Chu de Nantes, Email: bernard.charbonnel@univ-nantes.fr",1,Centre Hospitalier Universitaire de Nantes,I3019204325,no
"Co-rédactrice en chef de la RIMHE , Maîtresse de conférences , Sciences de gestion et du management , IAE de Nantes ,",1,,,no
"Computer Science Department, IMT Atlantique, LS2N, Nantes, France",1,Laboratoire des Sciences du Numérique de Nantes | IMT Atlantique,I4210117005 I4210127572,yes
"Coordination, Nantes University Hospital, Nantes, France;",1,Centre Hospitalier Universitaire de Nantes,I3019204325,no
"Corresponding author: Dr Marc Padrines, Inserm U957, EA3822, Faculté de Médeciùe, 1 rue G. Veil 44033 Nantes, France",1,Inserm,I154526488,no
"Critical Care Department, Nantes University Hospital, France",1,Centre Hospitalier Universitaire de Nantes,I3019204325,no
"Critical Care Department, Nantes University Hospital, Nantes, France",1,Centre Hospitalier Universitaire de Nantes,I3019204325,no
"Current affiliation: Clinical Hematology Department, Nantes University Hospital, Nantes, France",1,Centre Hospitalier Universitaire de Nantes,I3019204325,no
"Current affiliation: Nephrology and Clinical Immunology, Transplantation Unit, University Hospital of Nantes, 44000 Nantes, France",1,Centre Hospitalier Universitaire de Nantes,I3019204325,no
DEL / MP Nantes,1,,,no
"DNArepair group, UFIP, CNRS UMR6286, Univertité de Nantes, 2 rue de laHoussinière, 44322 Nantes Cedex 3, France",1,Centre National de la Recherche Scientifique | Unité en Sciences Biologiques et Biotechnologies de Nantes,I1294671590 I4387154840,yes
"DRCI, Methodology and Biostatistic Department, CHU Nantes, Nantes, France. Veronique.Sebille@univ-nantes.fr",1,Centre Hospitalier Universitaire de Nantes,I3019204325,no
"DREAL Pays de la Loire, 5, rue Françoise-Giroud CS 16326, 44262 Nantes cedex 2, France",1,,,no
Data Clinic Nantes University Hospital  Nantes France,1,Centre Hospitalier Universitaire de Nantes,I3019204325,no
"Day Surgery Department, Nantes University Hospital, Nantes, France",1,Centre Hospitalier Universitaire de Nantes,I3019204325,no
"Dentistry Department, Nantes Hospital Nantes University  Nantes France",1,Centre Hospitalier Universitaire de Nantes,I3019204325,no
Departement d'odontologie pédiatrique faculté de chirurgie dentaire Nantes France,1,,,no
"Departement of Dermatology, Nantes University Hospital, Nantes, France",1,Centre Hospitalier Universitaire de Nantes,I3019204325,no
"Departement of Vascular Surgery, Faculty of Medicine of Sfax, Nantes University Hospital, Nantes, France",1,Centre Hospitalier Universitaire de Nantes | Faculty of Medicine of Sfax,I3019204325 I4404532929,no
"Department Radiology, Nantes University Hospital, Nantes, France",1,Centre Hospitalier Universitaire de Nantes,I3019204325,no
"Department of ""Addictology & Consultation-Liaison psychiatry"", Nantes University Hospital, Nantes, France",1,Centre Hospitalier Universitaire de Nantes,I3019204325,no
"Department of Addiction and Psychiatry, Nantes University Hospital, Nantes, France",1,Centre Hospitalier Universitaire de Nantes,I3019204325,no
"Department of Addictology and Psychiatry, University Hospital of Nantes, 44093 Nantes, France",1,Centre Hospitalier Universitaire de Nantes,I3019204325,no
"Department of Addictology, Nantes University Hospital, Nantes, France",1,Centre Hospitalier Universitaire de Nantes,I3019204325,no
"Department of Anaesthesia and Intensive Care, CHU Nantes-Nantes University, Nantes, France",1,Centre Hospitalier Universitaire de Nantes,I3019204325,no
"Department of Anaesthesia, Intensive Care Medicine and Peri-Operative Medicine, University Hospital Centre Nantes, Nantes, France",1,Centre Hospitalier Universitaire de Nantes,I3019204325,no
"Department of Anatomopathology A, Nantes University Hospital, Nantes, France",1,Centre Hospitalier Universitaire de Nantes,I3019204325,no
Department of Anatomopathology Nantes University Hospital Nantes France,1,Centre Hospitalier Universitaire de Nantes,I3019204325,no
Department of Anatomopathology; Nantes University Hospital; Nantes France,1,Centre Hospitalier Universitaire de Nantes,I3019204325,no
"Department of Anesthesiology and Intensive Care, Nantes University Hospital",1,Centre Hospitalier Universitaire de Nantes,I3019204325,no
"Department of Anesthesiology and Surgical Intensive Care, Nantes University Hospital, Nantes, France",1,Centre Hospitalier Universitaire de Nantes,I3019204325,no
"Department of Anesthesiology, Hôtel-Dieu, Nantes, France. jmmalino@sante.univ-nantes.fr",1,,,no
"Department of Anesthesiology, Nantes University Hospital Center, Nantes, France",1,Centre Hospitalier Universitaire de Nantes,I3019204325,no
"Department of Anesthesiology, Nantes University Hospital, Nantes, France",1,Centre Hospitalier Universitaire de Nantes,I3019204325,no
"Department of Bacteriology &amp; Infection control,Nantes University Hospital,Nantes,France",1,Centre Hospitalier Universitaire de Nantes,I3019204325,no
"Department of Bacteriology , Nantes University Hospital",1,Centre Hospitalier Universitaire de Nantes,I3019204325,no
"Department of Bacteriology , Nantes University Hospital) ;",1,Centre Hospitalier Universitaire de Nantes,I3019204325,no
Department of Bacteriology CRCINA Inserm 1232 CHU Nantes Nantes France,1,Inserm | Centre Hospitalier Universitaire de Nantes | Centre de Recherche en Cancérologie et Immunologie Intégrée Nantes Angers,I154526488 I3019204325 I4210092509,yes
"Department of Bacteriology and Infection Control, Nantes University Hospital, Nantes, France. didier.lepelletier@chu-nantes.fr",1,Centre Hospitalier Universitaire de Nantes,I3019204325,no
"Department of Bacteriology, Nantes University Hospital, 1 Place Alexis Ricordeau, 44095 Nantes, France",1,Centre Hospitalier Universitaire de Nantes,I3019204325,no
"Department of Bacteriology, Nantes University Hospital, 44000 Nantes, France",1,Centre Hospitalier Universitaire de Nantes,I3019204325,no
"Department of Bacteriology, Nantes University Hospital, 44095 Nantes, France",1,Centre Hospitalier Universitaire de Nantes,I3019204325,no
"Department of Bacteriology, University Hospital of Nantes, Nantes, France",1,Centre Hospitalier Universitaire de Nantes,I3019204325,no
"Department of Bacteriology, University Hospital, Nantes University Hospital, 44000 Nantes, France",1,Centre Hospitalier Universitaire de Nantes,I3019204325,no
"Department of Bacteriology-Hygiene, Nantes University Hospital, F-44000 Nantes, France",1,Centre Hospitalier Universitaire de Nantes,I3019204325,no
"Department of Biochemistery, Nantes University‐Hospital Centre, France",1,Centre Hospitalier Universitaire de Nantes,I3019204325,no
Department of Biochemistry Nantes University Hospital  Nantes France,1,Centre Hospitalier Universitaire de Nantes,I3019204325,no
Department of Biochemistry and INSERM U1232 Nantes University Hospital Nantes France,1,Inserm | Centre Hospitalier Universitaire de Nantes,I154526488 I3019204325,no
"Department of Biochemistry and INSERM U1232, Nantes University Hospital, Nantes Cedex, France",1,Inserm | Centre Hospitalier Universitaire de Nantes,I154526488 I3019204325,no
"Department of Biochemistry, Faculté de Médecine, Nantes University Hospital, 44000 Nantes, France",1,Centre Hospitalier Universitaire de Nantes,I3019204325,no
"Department of Biochemistry, INSERM U1235 University Hospital of Nantes, Nantes, France",1,Inserm,I154526488,no
"Department of Biochemistry, Nantes University Hospital, 44000 Nantes, France",1,Centre Hospitalier Universitaire de Nantes,I3019204325,no
"Department of Biochemistry, Nantes University Hospital, 9 Quai Moncousu, 44093 Nantes, France",1,Centre Hospitalier Universitaire de Nantes,I3019204325,no
"Department of Biochemistry, Nantes University Hospital, 9 quai Moncousu, 44093 Nantes, France",1,Centre Hospitalier Universitaire de Nantes,I3019204325,no
"Department of Biochemistry, Nantes University Hospital, 9 quai Moncousu, F-44093 Nantes Cedex, France",1,Centre Hospitalier Universitaire de Nantes,I3019204325,no
"Department of Biochemistry, Nantes University Hospital, F-44093 Nantes, France",1,Centre Hospitalier Universitaire de Nantes,I3019204325,no
"Department of Biochemistry, Nantes University Hospital, Nantes, 44000, France",1,Centre Hospitalier Universitaire de Nantes,I3019204325,no
"Department of Biochemistry, Nantes University Hospital, Nantes, France. Electronic address: marc.denis@chu-nantes.fr",1,Centre Hospitalier Universitaire de Nantes,I3019204325,no
"Department of Biochemistry, University Hospital Nantes , Nantes , France",1,Centre Hospitalier Universitaire de Nantes,I3019204325,no
"Department of Biochemistry, University Hospital of Nantes & INSERM, IMAD, Nantes, France",1,Inserm,I154526488,no
"Department of Biochemistry, University Hospital of Nantes, 44000 Nantes, France",1,Centre Hospitalier Universitaire de Nantes,I3019204325,no
"Department of Biochemistry, University Hospital of Nantes, 44000, Nantes, France",1,Centre Hospitalier Universitaire de Nantes,I3019204325,no
"Department of Biological Hematology & CRCINA, Nantes University Hospital, 44000 Nantes, France",1,Centre Hospitalier Universitaire de Nantes | Centre de Recherche en Cancérologie et Immunologie Intégrée Nantes Angers,I3019204325 I4210092509,yes
Department of Biological Hematology Nantes University Hospital  Nantes France,1,Centre Hospitalier Universitaire de Nantes,I3019204325,no
"Department of Biology and Reproductive Medicine, University Hospital of Nantes, 44000, Nantes, France",1,Centre Hospitalier Universitaire de Nantes,I3019204325,no
Department of Biostatistics Nantes University Hospital  Nantes France,1,Centre Hospitalier Universitaire de Nantes,I3019204325,no
"Department of Biostatistics, CHU Nantes, F-44000 Nantes, Nantes, France. Electronic address: marieanne.vibet@chu-nantes.fr",1,Centre Hospitalier Universitaire de Nantes,I3019204325,no
"Department of Biostatistics, CHU Nantes, F-44000 Nantes, Nantes, France.. Electronic address: marieanne.vibet@chu-nantes.fr",1,Centre Hospitalier Universitaire de Nantes,I3019204325,no
"Department of Biostatistics, CHU de Nantes, Nantes, France",1,Centre Hospitalier Universitaire de Nantes,I3019204325,no
"Department of Biostatistics, Nantes University Hospital",1,Centre Hospitalier Universitaire de Nantes,I3019204325,no
"Department of Biostatistics, Nantes University Hospital, F-44000 Nantes, France",1,Centre Hospitalier Universitaire de Nantes,I3019204325,no
"Department of Biostatistics, Nantes University Hospital, Nantes, France",1,Centre Hospitalier Universitaire de Nantes,I3019204325,no
"Department of Biostatistics, University Hospital, Nantes, France",1,Centre Hospitalier Universitaire de Nantes,I3019204325,no
Department of CHU Nantes CRCINA  Nantes France,1,Centre Hospitalier Universitaire de Nantes,I3019204325,no
Department of Cardiology Nantes,1,Centre Hospitalier Universitaire de Nantes,I3019204325,no
"Department of Cardiology University Hospital of Nantes , Nantes ,",1,Centre Hospitalier Universitaire de Nantes,I3019204325,no
"Department of Cardiology University Hospital of Nantes, Nantes, France",1,Centre Hospitalier Universitaire de Nantes,I3019204325,no
"Department of Cardiology and Vascular Diseases, University Hospital, Nantes, France",1,Centre Hospitalier Universitaire de Nantes,I3019204325,no
"Department of Cardiology, Nantes University Hospital, 44093 Nantes, France",1,Centre Hospitalier Universitaire de Nantes,I3019204325,no
"Department of Cardiology, Nantes University Hospital, France (T.M.)",1,Centre Hospitalier Universitaire de Nantes,I3019204325,no
"Department of Cardiology, University Hospital of Nantes, 44093 Nantes, France",1,Centre Hospitalier Universitaire de Nantes,I3019204325,no
"Department of Cardiothoracic Surgery, Nantes University Hospital, 44093 Nantes, France",1,Centre Hospitalier Universitaire de Nantes,I3019204325,no
"Department of Cellular and Molecular Immuno-Endocrinology, INRA, Nantes School of Veterinary Medicine, Nantes Cedex, France",1,,,no
Department of Clinical Genetics Nantes University Hospital Center Nantes France,1,Centre Hospitalier Universitaire de Nantes,I3019204325,no
"Department of Clinical Genetics, Nantes University Hospital Center, Nantes, France",1,Centre Hospitalier Universitaire de Nantes,I3019204325,no
"Department of Clinical Haematology, Nantes University Hospital, Nantes, France",1,Centre Hospitalier Universitaire de Nantes,I3019204325,no
Department of Clinical Hematology Nantes University Hospital  Nantes France,1,Centre Hospitalier Universitaire de Nantes,I3019204325,no
"Department of Clinical Hematology, Nantes University Hospital, France",1,Centre Hospitalier Universitaire de Nantes,I3019204325,no
"Department of Clinical Hematology, Nantes University Hospital, Nantes, France;",1,Centre Hospitalier Universitaire de Nantes,I3019204325,no
"Department of Clinical Neurophysiology, Nantes University Hospital, Nantes, France",1,Centre Hospitalier Universitaire de Nantes,I3019204325,no
"Department of Clinical Pharmacology , Nantes University Hospital , Nantes , France",1,Centre Hospitalier Universitaire de Nantes,I3019204325,no
"Department of Clinical Pharmacology, Nantes University Hospital, France",1,Centre Hospitalier Universitaire de Nantes,I3019204325,no
"Department of Clinical Pharmacology, Nantes University Hospital, France. marie.gerardin@chu-nantes.fr",1,Centre Hospitalier Universitaire de Nantes,I3019204325,no
Department of Clinical Pharmacology. Institute of Biology University Hospital  Nantes France,1,Centre Hospitalier Universitaire de Nantes,I3019204325,no
Department of Clinical Pharmacology; Nantes University Hospital; Nantes France,1,Centre Hospitalier Universitaire de Nantes,I3019204325,no
"Department of Clinical Sciences, Veterinary School of Nantes, BP 40706, 44307 Nantes Cedex 3, France",1,,,no
"Department of Colorectal Surgery, Nantes University Hospital, Nantes, France",1,Centre Hospitalier Universitaire de Nantes,I3019204325,no
Department of Dermato Oncology University Hospital Nantes Nantes France,1,Centre Hospitalier Universitaire de Nantes,I3019204325,no
"Department of Dermato-Cancerology, Nantes University Hospital, INSERM U892-CNRS U6299, CIC Biothérapie INSERM 0503, 1 place Ricordeau, 44000 Nantes, France",1,Inserm | Centre National de la Recherche Scientifique | Centre Hospitalier Universitaire de Nantes | Centre d'Investigation Clinique de Nantes,I154526488 I1294671590 I3019204325 I4210128055,no
"Department of Dermato-Cancerology, Nantes University Hospital, INSERM U892-CNRS U6299, CIC Biothérapie INSERM 0503, Nantes, France",1,Inserm | Centre National de la Recherche Scientifique | Centre Hospitalier Universitaire de Nantes | Centre d'Investigation Clinique de Nantes,I154526488 I1294671590 I3019204325 I4210128055,no
"Department of Dermato-Cancerology,, Inserm U892-CNRS U6299, Nantes University Hospital, 1, place Ricordeau, 44000 Nantes, France",1,Inserm | Centre National de la Recherche Scientifique | Centre Hospitalier Universitaire de Nantes,I154526488 I1294671590 I3019204325,no
"Department of Dermato-Oncology , Nantes University Hospital , INSERM 892 , Nantes , France",1,Inserm | Centre Hospitalier Universitaire de Nantes,I154526488 I3019204325,no
"Department of Dermato-Oncology Nantes University Hospital, INSERM 892, Nantes",1,Inserm | Centre Hospitalier Universitaire de Nantes,I154526488 I3019204325,no
"Department of Dermato-Oncology, Nantes University Hospital Centre, Nantes Cedex, France",1,Centre Hospitalier Universitaire de Nantes,I3019204325,no
"Department of Dermato-Oncology, Nantes University Hospital, INSERM 892, 44093 Nantes, France",1,Inserm | Centre Hospitalier Universitaire de Nantes,I154526488 I3019204325,no
"Department of Dermato-Oncology, Nantes University Hospital, INSERM, France",1,Inserm | Centre Hospitalier Universitaire de Nantes,I154526488 I3019204325,no
"Department of Dermatology , Nantes University Hospital , Nantes , France",1,Centre Hospitalier Universitaire de Nantes,I3019204325,no
Department of Dermatology CIC 1413 CRCINA Inserm 1232 Nantes University Hospital Nantes France,1,Inserm | Centre Hospitalier Universitaire de Nantes | Centre d'Investigation Clinique de Nantes,I154526488 I3019204325 I4210128055,no
Department of Dermatology CIC INSERM U1232 Immuno‐Dermatology Laboratory Nantes University Hospital Nantes France,1,Inserm | Centre d'Investigation Clinique de Nantes,I154526488 I4210128055,no
Department of Dermatology Nantes University  CHU Nantes France,1,Centre Hospitalier Universitaire de Nantes,I3019204325,no
Department of Dermatology Nantes University CHU Nantes UMR 1280 PhAN INRA Nantes France,1,Centre Hospitalier Universitaire de Nantes | PhysioPathologie des Adaptations Nutritionnelles,I3019204325 I4210162532,yes
Department of Dermatology Nantes University Hospitals Nantes France,1,Centre Hospitalier Universitaire de Nantes,I3019204325,no
Department of Dermatology Unit of Pediatric Dermatology University of Tours Inserm 1246‐SPHERE CHRU Tours Tours France,1,Université de Tours | Inserm | Centre Hospitalier Universitaire de Tours,I110017253 I154526488 I4210095477,no
Department of Dermatology University Hospital  Nantes France,1,Centre Hospitalier Universitaire de Nantes,I3019204325,no
Department of Dermatology University Hospital Nantes Nantes France,1,Centre Hospitalier Universitaire de Nantes,I3019204325,no
Department of Dermatology and Reference Center for Genodermatoses and Rare Skin Diseases (MAGEC) Universities of Nantes and Tours INSERM 1246‐SPHERE CHRU Tours  Tours France,1,Inserm | Centre Hospitalier Universitaire de Tours,I154526488 I4210095477,no
"Department of Dermatology and Reference Center for Genodermatoses and Rare Skin Diseases (MAGEC), Universities of Nantes and Tours, INSERM 1246-SPHERE, CHRU Tours, Tours, France",1,Inserm | Centre Hospitalier Universitaire de Tours,I154526488 I4210095477,no
"Department of Dermatology and Reference Center for Genodermatoses and Rare Skin Diseases (MAGEC), Universities of Nantes and Tours, Inserm 1246-SPHERE, CHU Tours, Tours, France",1,Université de Tours | Inserm | Centre Hospitalier Universitaire de Tours,I110017253 I154526488 I4210095477,no
"Department of Dermatology, Assistance Publique-Hôpitaux de Paris, Groupe Hospitalier Henri Mondor, Paris, France; Universities of Tours et Nantes, INSERM 1246-SPHERE, Nantes, France",1,Inserm | Assistance Publique – Hôpitaux de Paris,I154526488 I4210097159,no
"Department of Dermatology, C. H. U., Nantes, France",1,Centre Hospitalier Universitaire de Nantes,I3019204325,no
"Department of Dermatology, C.H.U., Nantes Cedex 01, France",1,Centre Hospitalier Universitaire de Nantes,I3019204325,no
"Department of Dermatology, CIC 1413, CRCINA Inserm 1232, Nantes University, CHU Nantes, France",1,Inserm | Centre Hospitalier Universitaire de Nantes | Centre d'Investigation Clinique de Nantes,I154526488 I3019204325 I4210128055,no
"Department of Dermatology, CIC 1413, INSERM UMR 1302/EMR6001 INCIT, CHU de Nantes Nantes University  Nantes France",1,Inserm | Centre Hospitalier Universitaire de Nantes | Centre d'Investigation Clinique de Nantes | Immunologie et Nouveaux Concepts en Immunothérapie,I154526488 I3019204325 I4210128055 I4392021193,yes
"Department of Dermatology, Hospital and University Center, Nantes, France",1,Centre Hospitalier Universitaire de Nantes,I3019204325,no
"Department of Dermatology, Nantes University Hospital, 1 place Alexis Ricordeau, 44093 Nantes Cedex 1, France",1,Centre Hospitalier Universitaire de Nantes,I3019204325,no
"Department of Dermatology, Nantes University Hospital, 1 place Alexis Ricordeau, Nantes Cedex 1, 44093, France",1,Centre Hospitalier Universitaire de Nantes,I3019204325,no
"Department of Dermatology, Nantes University Hospital, 1, place Alexis-Ricordeau, 44093 Nantes, France",1,Centre Hospitalier Universitaire de Nantes,I3019204325,no
"Department of Dermatology, Nantes University Hospital, 44035 Nantes,  France",1,Centre Hospitalier Universitaire de Nantes,I3019204325,no
"Department of Dermatology, Nantes University Hospital, FR-44100 Nantes, France. E-mail: helene.aubert@chu-nantes.fr",1,Centre Hospitalier Universitaire de Nantes,I3019204325,no
"Department of Dermatology, Nantes University Hospital, INSERM U 892, Nantes, France",1,Inserm | Centre Hospitalier Universitaire de Nantes,I154526488 I3019204325,no
"Department of Dermatology, Nantes University Hospital, INSERM U 892, Nantes, France. Electronic address: brigitte.dreno@wanadoo.fr",1,Inserm | Centre Hospitalier Universitaire de Nantes,I154526488 I3019204325,no
"Department of Dermatology, Nantes University Hospital, INSERM, 892, FR-44000 Nantes, France",1,Inserm | Centre Hospitalier Universitaire de Nantes,I154526488 I3019204325,no
"Department of Dermatology, Nantes University Hospital, Nantes 44093, France",1,Centre Hospitalier Universitaire de Nantes,I3019204325,no
"Department of Dermatology, Nantes University Hospital, Nantes, France, INSERM U892, 9 quai Montcousu 44093, Nantes, France",1,Inserm | Centre Hospitalier Universitaire de Nantes,I154526488 I3019204325,no
"Department of Dermatology, Nantes University Hospital, Nantes, France. Electronic address: Claire.bernier@chu-nantes.fr",1,Centre Hospitalier Universitaire de Nantes,I3019204325,no
"Department of Dermatology, Nantes University Hospital, Nantes, France. jean-francois.stalder@univ-nantes.fr",1,Centre Hospitalier Universitaire de Nantes,I3019204325,no
"Department of Dermatology, Nantes University Hospital; INSERM U1232, CIC Biothérapie, Nantes, France",1,Inserm | Centre d'Investigation Clinique de Nantes,I154526488 I4210128055,no
"Department of Dermatology, Nantes University Hospitals, Nantes, France",1,Centre Hospitalier Universitaire de Nantes,I3019204325,no
"Department of Dermatology, Unit of Pediatric Dermatology, University of Tours and Nantes, INSERM 1246-SPHERE, CHRU Tours, FR-37000 Tours, France",1,Université de Tours | Inserm | Centre Hospitalier Universitaire de Tours,I110017253 I154526488 I4210095477,no
"Department of Dermatology, University Hospital Center of Nantes, 44000 Nantes, France",1,Centre Hospitalier Universitaire de Nantes,I3019204325,no
Department of Diabetology University Hospital of Nantes  Nantes France,1,Centre Hospitalier Universitaire de Nantes,I3019204325,no
"Department of Dietetics, University Hospital, Nantes, France",1,Centre Hospitalier Universitaire de Nantes,I3019204325,no
Department of Digestive Surgery Nantes University Hospital  Nantes France,1,Centre Hospitalier Universitaire de Nantes,I3019204325,no
Department of Digestive Surgery University Hospital of Nantes  Nantes France,1,Centre Hospitalier Universitaire de Nantes,I3019204325,no
"Department of Digestive Surgery, Nantes University Hospital, 44000, Nantes, France",1,Centre Hospitalier Universitaire de Nantes,I3019204325,no
Department of Digestive and Endocrine Surgery Nantes University Hospital  Nantes France,1,Centre Hospitalier Universitaire de Nantes,I3019204325,no
"Department of ENT and Face & Neck Surgery, Nantes University Hospital, 44093 Nantes Cedex, France. omalard@chu-nantes.fr",1,Centre Hospitalier Universitaire de Nantes,I3019204325,no
"Department of ENT-Head and Neck Surgery, University Hospital of Nantes, 44093 Nantes, France",1,Centre Hospitalier Universitaire de Nantes,I3019204325,no
"Department of Emergency EA 1156-12, Nantes University Hospital, Nantes, France",1,Centre Hospitalier Universitaire de Nantes,I3019204325,no
"Department of Emergency Medicine, CHU Nantes, Nantes University Hospital, 44000, Nantes, France. emmanuelmontassier@hotmail.com",1,Centre Hospitalier Universitaire de Nantes,I3019204325,no
"Department of Emergency Medicine, CHU Nantes, Nantes University Hospital, F-44000, Nantes, France",1,Centre Hospitalier Universitaire de Nantes,I3019204325,no
"Department of Emergency Medicine, CHU Nantes, Nantes, France. emmanuel.montassier@univ-nantes.fr",1,Centre Hospitalier Universitaire de Nantes,I3019204325,no
"Department of Emergency Medicine, Nantes University Hospital, 44000, Nantes, France",1,Centre Hospitalier Universitaire de Nantes,I3019204325,no
"Department of Emergency Medicine, Nantes University Hospital, 44000-Nantes, France",1,Centre Hospitalier Universitaire de Nantes,I3019204325,no
"Department of Emergency Medicine, Nantes University Hospital, 44093, Nantes Cedex 01, France",1,Centre Hospitalier Universitaire de Nantes,I3019204325,no
"Department of Emergency Medicine, Nantes University Hospital, F-44000, France",1,Centre Hospitalier Universitaire de Nantes,I3019204325,no
"Department of Emergency Medicine, Nantes University Hospital, Nantes 44093, France",1,Centre Hospitalier Universitaire de Nantes,I3019204325,no
"Department of Emergency Medicine, Nantes University Hospital, Nantes 44093, France. emmanuel.montassier@chu-nantes.fr",1,Centre Hospitalier Universitaire de Nantes,I3019204325,no
"Department of Emergency Medicine, Nantes University Hospital, Nantes Cedex 01, France",1,Centre Hospitalier Universitaire de Nantes,I3019204325,no
"Department of Emergency Medicine, Nantes University Hospital, Nantes, France. quentin.lebastard@univ-nantes.fr",1,Centre Hospitalier Universitaire de Nantes,I3019204325,no
"Department of Emergency Meicine, Nantes University Hospital, F-44000, France",1,Centre Hospitalier Universitaire de Nantes,I3019204325,no
Department of Endocrine Surgery University Hospital Nantes France,1,Centre Hospitalier Universitaire de Nantes,I3019204325,no
"Department of Endocrinology (A.M.), University Hospital, 44000 Nantes, France",1,Centre Hospitalier Universitaire de Nantes,I3019204325,no
"Department of Endocrinology (D.D.), Nantes University Hospital, 44000 Nantes, France",1,Centre Hospitalier Universitaire de Nantes,I3019204325,no
"Department of Endocrinology (D.Dr.), Nantes University Hospital, F-44000 Nantes, France",1,Centre Hospitalier Universitaire de Nantes,I3019204325,no
Department of Endocrinology and Diabetology Nantes University Hospital Nantes France,1,Centre Hospitalier Universitaire de Nantes,I3019204325,no
"Department of Endocrinology, Nantes University Hospital , Nantes , France",1,Centre Hospitalier Universitaire de Nantes,I3019204325,no
"Department of Endocrinology, University Hospital of Nantes, 44000, Nantes, France",1,Centre Hospitalier Universitaire de Nantes,I3019204325,no
"Department of Endocrinology, University Hospital of Nantes, F-44000 Nantes, France",1,Centre Hospitalier Universitaire de Nantes,I3019204325,no
"Department of Epidemiology and Biostatistics CHU de Nantes, CRCINA  Nantes France",1,Centre Hospitalier Universitaire de Nantes,I3019204325,no
Department of Epidemiology and Biostatistics Nantes University Hospital  Nantes Cedex 1 France,1,Centre Hospitalier Universitaire de Nantes,I3019204325,no
Department of Epidemiology and Biostatistics Nantes University Hospital INSERM U892‐CNRS U6299 CIC Biothérapie INSERM 0503 Nantes France,1,Inserm | Centre National de la Recherche Scientifique | Centre d'Investigation Clinique de Nantes,I154526488 I1294671590 I4210128055,no
Department of Epidemiology and Biostatistics UMR 892 University Hospital  Nantes France,1,Centre Hospitalier Universitaire de Nantes,I3019204325,no
"Department of Epidemiology and Biostatistics, CHU (Nantes University Hospital), Saint-Jacques, Nantes, 44093, France, Inserm, U892, CNRS, U6299, Hôtel-Dieu, Nantes, 44093, France",1,Inserm | Centre National de la Recherche Scientifique | Centre Hospitalier Universitaire de Nantes | Hôpital Saint-Jacques,I154526488 I1294671590 I3019204325 I4210141975,no
"Department of Epidemiology and Biostatistics, CHU de Nantes, Nantes, France",1,Centre Hospitalier Universitaire de Nantes,I3019204325,no
"Department of Epidemiology and Biostatistics, Nantes University Hospital",1,Centre Hospitalier Universitaire de Nantes,I3019204325,no
"Department of Epidemiology and Biostatistics, Nantes University Hospital, 1 place Alexis Ricordeau, 44000, Nantes, France",1,Centre Hospitalier Universitaire de Nantes,I3019204325,no
"Department of Epidemiology and Biostatistics, Nantes University Hospital, Nantes Cedex 1, France",1,Centre Hospitalier Universitaire de Nantes,I3019204325,no
"Department of Epidemiology and Biostatistics, University Hospital Center of Nantes, Nantes",1,Centre Hospitalier Universitaire de Nantes,I3019204325,no
"Department of Forensic Medicine, Nantes University Hospital, Nantes, France",1,Centre Hospitalier Universitaire de Nantes,I3019204325,no
"Department of Forensic Medicine, University Hospital of Nantes, 44093 Nantes, France; Centre for Anthropobiology and Genomics of Toulouse - UMR 5288 (CNRS/UT3), University of Toulouse, France",1,Centre National de la Recherche Scientifique | Centre d'Anthropobiologie et de Génomique de Toulouse | Université de Toulouse,I1294671590 I4400009051 I4405258862,no
Department of Gastroenterology University Hospital Center  Nantes France,1,Centre Hospitalier Universitaire de Nantes,I3019204325,no
"Department of Gastroenterology and Hepatology, University Hospital of Nantes, 44093, Nantes, France",1,Centre Hospitalier Universitaire de Nantes,I3019204325,no
"Department of Gastroenterology, Nantes University Hospital and University of Medicine of Nantes, 44093 Nantes, France",1,Centre Hospitalier Universitaire de Nantes,I3019204325,no
"Department of General Practice, Faculty of Medicine, Nantes, France; Onco-dermatology Department, Nantes University Hospital, France. Electronic address: cedric.rat@univ-nantes.fr",1,Centre Hospitalier Universitaire de Nantes,I3019204325,no
Department of General and Endocrine Surgery University Hospital of Nantes Nantes France,1,Centre Hospitalier Universitaire de Nantes,I3019204325,no
Department of Genetics Nantes University Hospital Nantes France,1,Centre Hospitalier Universitaire de Nantes,I3019204325,no
"Department of Genetics, Nantes University Hospital, 44000 Nantes, France",1,Centre Hospitalier Universitaire de Nantes,I3019204325,no
Department of Genetics; Nantes University Hospital; Nantes France,1,Centre Hospitalier Universitaire de Nantes,I3019204325,no
"Department of Geriatric Medicine and Memory Clinic, Research Center On Autonomy and Longevity, University Hospital & Laboratoire de Psychologie Des Pays de La Loire, LPPL EA 4638, SFR Confluences, University of Angers, Angers, France",1,Université d'Angers | Laboratoire de Psychologie des Pays de la Loire,I49451733 I4210089331,yes
"Department of Geriatric Medicine and Memory Clinic, Research Center on Autonomy and Longevity, University Hospital & Laboratoire de Psychologie des Pays de la Loire, LPPL EA 4638, SFR Confluences, University of Angers, 44312 Angers, France",1,Université d'Angers | Laboratoire de Psychologie des Pays de la Loire,I49451733 I4210089331,yes
Department of Geriatrics EA 1156–12 Nantes University Hospital Nantes France,1,Centre Hospitalier Universitaire de Nantes,I3019204325,no
"Department of Geriatrics, EA 1156-12, Nantes University Hospital, Nantes, France. Electronic address: anne-sophie.boureau@etu.univ-nantes.fr",1,Centre Hospitalier Universitaire de Nantes,I3019204325,no
"Department of Geriatrics, Nantes University Hospital, 44000, Nantes, France",1,Centre Hospitalier Universitaire de Nantes,I3019204325,no
"Department of Geriatrics, Nantes University Hospital, 44093 Nantes, France. Electronic address: laure.dedecker@chu-nantes.fr",1,Centre Hospitalier Universitaire de Nantes,I3019204325,no
"Department of Geriatrics, Nantes University Hospital, 44093, Nantes, France",1,Centre Hospitalier Universitaire de Nantes,I3019204325,no
"Department of Geriatrics, Nantes University Hospital, Boulevard Jacques Monod, 44093, Nantes Cedex 1, France",1,Centre Hospitalier Universitaire de Nantes,I3019204325,no
"Department of Geriatrics, Nantes University Hospital, Nantes,",1,Centre Hospitalier Universitaire de Nantes,I3019204325,no
"Department of Geriatrics, Nantes University Hospital, Nantes, France. laure.dedecker@chu-nantes.fr",1,Centre Hospitalier Universitaire de Nantes,I3019204325,no
"Department of Geriatrics, Nantes University Hospital, and",1,Centre Hospitalier Universitaire de Nantes,I3019204325,no
"Department of Gerontology, University Hospital Nantes, Nantes, France",1,Centre Hospitalier Universitaire de Nantes,I3019204325,no
Department of Gynecology and Obstetrics Nantes University Hospital Nantes France,1,Centre Hospitalier Universitaire de Nantes,I3019204325,no
"Department of Gynecology and Obstetrics, Nantes University Hospital, 38 boulevard Jean Monnet, 44093, Nantes Cedex 1, France",1,Centre Hospitalier Universitaire de Nantes,I3019204325,no
"Department of Gynecology and Obstetrics, Nantes University Hospital, 44000, France",1,Centre Hospitalier Universitaire de Nantes,I3019204325,no
"Department of Gynecology and Obstetrics, University Hospital Center of Nantes, Nantes, France",1,Centre Hospitalier Universitaire de Nantes,I3019204325,no
"Department of Gynecology, Nantes University Hospital, Nantes, France",1,Centre Hospitalier Universitaire de Nantes,I3019204325,no
"Department of Gynecology-Obstetrics and Reproductive Medicine, Nantes University Hospital, 38 Boulevard Jean Monnet, 44000, Nantes, France",1,Centre Hospitalier Universitaire de Nantes,I3019204325,no
"Department of Gynecology-Obstetrics, Nantes University Hospital, 44000 Nantes, France",1,Centre Hospitalier Universitaire de Nantes,I3019204325,no
Department of Gynecology‐Obstetrics and Reproductive Medicine Nantes University Hospital Nantes France,1,Centre Hospitalier Universitaire de Nantes,I3019204325,no
Department of Haematology Nantes University Hospital Nantes France,1,Centre Hospitalier Universitaire de Nantes,I3019204325,no
Department of Haematology University Hospital Nantes France,1,Centre Hospitalier Universitaire de Nantes,I3019204325,no
Department of Haematology University Hospital of Nantes  Nantes France,1,Centre Hospitalier Universitaire de Nantes,I3019204325,no
"Department of Haematology, Nantes University Hospital , Nantes, France",1,Centre Hospitalier Universitaire de Nantes,I3019204325,no
"Department of Haematology, Nantes University Hospital, 44035 Nantes, France",1,Centre Hospitalier Universitaire de Nantes,I3019204325,no
"Department of Haematology, University Hospital Nantes, Nantes, France",1,Centre Hospitalier Universitaire de Nantes,I3019204325,no
Department of Haemostasis Nantes University Hospital Nantes France,1,Centre Hospitalier Universitaire de Nantes,I3019204325,no
"Department of Head and Neck Surgery, C.H.U., Nantes, France",1,Centre Hospitalier Universitaire de Nantes,I3019204325,no
"Department of Head and Neck Surgery, Nantes University Hospital, 1 Place Alexis-Ricordeau, 44000 Nantes, France",1,Centre Hospitalier Universitaire de Nantes,I3019204325,no
"Department of Health Information Management, Nantes University Hospital, Nantes, France",1,Centre Hospitalier Universitaire de Nantes,I3019204325,no
"Department of Hematology Biology , Nantes University Hospital , Nantes , France",1,Centre Hospitalier Universitaire de Nantes,I3019204325,no
Department of Hematology Biology University Hospital of Nantes  Nantes France,1,Centre Hospitalier Universitaire de Nantes,I3019204325,no
"Department of Hematology Biology, Nantes University Hospital, France",1,Centre Hospitalier Universitaire de Nantes,I3019204325,no
"Department of Hematology Biology, Nantes University Hospital, Nantes, France;",1,Centre Hospitalier Universitaire de Nantes,I3019204325,no
"Department of Hematology Clinic, Nantes University Hospital, F-44000 Nantes, France",1,Centre Hospitalier Universitaire de Nantes,I3019204325,no
"Department of Hematology INSERM, UMR892, Equipe 10, Nantes INSERM, CIC 004, Nantes University Hospital, Nantes, France steven.legouill@chu-nantes.fr",1,Inserm | Centre Hospitalier Universitaire de Nantes | Centre d'Investigation Clinique de Nantes,I154526488 I3019204325 I4210128055,no
Department of Hematology Nantes University hospital Nantes France,1,Centre Hospitalier Universitaire de Nantes,I3019204325,no
Department of Hematology University Hospital Nantes  Nantes France,1,Centre Hospitalier Universitaire de Nantes,I3019204325,no
Department of Hematology and Pediatric Immunology Nantes University Hospital Nantes France,1,Centre Hospitalier Universitaire de Nantes,I3019204325,no
"Department of Hematology and Pediatric Immunology, Nantes University Hospital, Nantes, France",1,Centre Hospitalier Universitaire de Nantes,I3019204325,no
"Department of Hematology, CHU Nantes, INSERM UMR1232 and CNRS ERL6001 CRCINA IRS-UN, Nantes, France",1,Inserm | Centre National de la Recherche Scientifique | Centre Hospitalier Universitaire de Nantes,I154526488 I1294671590 I3019204325,no
"Department of Hematology, CHU of Nantes CRCINA INSERM team 10 Nantes Nantes University NUN Next  Nantes France",1,Inserm | Centre Hospitalier Universitaire de Nantes | Centre de Recherche en Cancérologie et Immunologie Intégrée Nantes Angers,I154526488 I3019204325 I4210092509,yes
"Department of Hematology, Nantes University Hospital and UMR892 INSERM, Nantes, France",1,Inserm | Centre Hospitalier Universitaire de Nantes,I154526488 I3019204325,no
"Department of Hematology, Nantes University Hospital, Nantes",1,Centre Hospitalier Universitaire de Nantes,I3019204325,no
"Department of Hematology, Nantes University Hospital, Nantes 44093, France",1,Centre Hospitalier Universitaire de Nantes,I3019204325,no
"Department of Hematology, Nantes University hospital, Nantes, France",1,Centre Hospitalier Universitaire de Nantes,I3019204325,no
"Department of Hematology, University Hospital Center, Nantes, France",1,Centre Hospitalier Universitaire de Nantes,I3019204325,no
"Department of Hematology, University Hospital of Nantes, INSERM UMR 892, Nantes, France",1,Inserm | Centre Hospitalier Universitaire de Nantes,I154526488 I3019204325,no
"Department of Hematology, University Hospital, Nantes 44093, France",1,Centre Hospitalier Universitaire de Nantes,I3019204325,no
"Department of Hematology/Biology, Nantes University Hospital, Nantes, France",1,Centre Hospitalier Universitaire de Nantes,I3019204325,no
Department of Hepatology Nantes University Hôpital de Nantes Nantes France,1,Centre Hospitalier Universitaire de Nantes,I3019204325,no
"Department of Histology, Nantes University Hospital, Nantes, France",1,Centre Hospitalier Universitaire de Nantes,I3019204325,no
"Department of History, Le Mans University, CReAAH UMR CNRS 6566, Avenue Olivier Messiaen, 72085 Le Mans cedex 9, France",1,"Centre National de la Recherche Scientifique | Le Mans Université | Centre de Recherche en Archéologie, Archéosciences, Histoire",I1294671590 I4210108471 I4387153012,yes
"Department of Human Pathology, Nantes University Hospital, France",1,Centre Hospitalier Universitaire de Nantes,I3019204325,no
"Department of Human Reproduction, University Hospital of Nantes, Nantes, France",1,Centre Hospitalier Universitaire de Nantes,I3019204325,no
"Department of Human and Social Sciences, Medical Faculty of Nantes, Nantes, France",1,,,no
"Department of Imaging and Radiology, Nantes University Hospital, Nantes, France",1,Centre Hospitalier Universitaire de Nantes,I3019204325,no
"Department of Infection Control, Nantes University Hospital, Nantes Cedex, France",1,Centre Hospitalier Universitaire de Nantes,I3019204325,no
"Department of Infectious Disease, Nantes University Hospital",1,Centre Hospitalier Universitaire de Nantes,I3019204325,no
"Department of Infectious Diseases , CHU Nantes , and INSERM UIC 1413 , CHU , Nantes , France",1,Inserm | Centre Hospitalier Universitaire de Nantes,I154526488 I3019204325,no
"Department of Infectious Diseases , Nantes University Hospital",1,Centre Hospitalier Universitaire de Nantes,I3019204325,no
"Department of Infectious Diseases , Nantes University Hospital Center , Nantes , France",1,Centre Hospitalier Universitaire de Nantes,I3019204325,no
Department of Infectious Diseases Nantes University Hospital Nantes France,1,Centre Hospitalier Universitaire de Nantes,I3019204325,no
"Department of Infectious Diseases, CHU Nantes, and INSERM UIC 1413, CHU, Nantes, France",1,Inserm | Centre Hospitalier Universitaire de Nantes,I154526488 I3019204325,no
"Department of Infectious Diseases, Hôtel-Dieu University Hospital, University Hospital of Nantes and CIC 1413, INSERM, 1 Place Alexis-Ricordeau, 44000, Nantes, France",1,Inserm | Centre Hospitalier Universitaire de Nantes | Centre d'Investigation Clinique de Nantes,I154526488 I3019204325 I4210128055,no
"Department of Infectious Diseases, INSERM, University Hospital Center of Nantes, Nantes, CIC 1413, France",1,Inserm | Centre Hospitalier Universitaire de Nantes | Centre d'Investigation Clinique de Nantes,I154526488 I3019204325 I4210128055,no
"Department of Infectious Diseases, Nantes University Hospital Center, 44093 Nantes, France",1,Centre Hospitalier Universitaire de Nantes,I3019204325,no
"Department of Infectious Diseases, Nantes University Hospital, 44095 Nantes, France",1,Centre Hospitalier Universitaire de Nantes,I3019204325,no
"Department of Infectious Diseases, Nantes University Hospital, Nantes, France. Electronic address: david.boutoille@chu-nantes.fr",1,Centre Hospitalier Universitaire de Nantes,I3019204325,no
"Department of Infectious Diseases, University Hospital Nantes, Nantes ,",1,Centre Hospitalier Universitaire de Nantes,I3019204325,no
"Department of Infectious Diseases, University Hospital of Nantes and CIC 1413, INSERM, Nantes, France; EA 3826, Laboratory of Clinical and Experimental Therapeutics of Infections, IRS2-Nantes Biotech, Nantes, France",1,Inserm | Centre Hospitalier Universitaire de Nantes | Centre d'Investigation Clinique de Nantes,I154526488 I3019204325 I4210128055,no
"Department of Infectious Diseases, and CIC 1413, INSERM University Hospital  Nantes France",1,Inserm | Centre d'Investigation Clinique de Nantes,I154526488 I4210128055,no
"Department of Infectious and Tropical Diseases, Nantes University Hospital , 44000 Nantes ,",1,Centre Hospitalier Universitaire de Nantes,I3019204325,no
"Department of Informatics and the Research Laboratory LS2N, CNRS, Nantes, France",1,Centre National de la Recherche Scientifique | Laboratoire des Sciences du Numérique de Nantes,I1294671590 I4210117005,yes
"Department of Intensive Care Unit, Nantes University Hospital, Nantes, France",1,Centre Hospitalier Universitaire de Nantes,I3019204325,no
"Department of Intensive Care of Neonatology, Nantes University Hospital, Nantes, France",1,Centre Hospitalier Universitaire de Nantes,I3019204325,no
Department of Internal Medicine University Hospital of Nantes Nantes France,1,Centre Hospitalier Universitaire de Nantes,I3019204325,no
"Department of Internal Medicine, Faculty of Medicine, CHU Nantes, Place Alexis Ricordeau, Nantes, France. pierre.pottier@univ-nantes.fr",1,Centre Hospitalier Universitaire de Nantes,I3019204325,no
"Department of Internal Medicine, Nantes University Hospital , Nantes, France",1,Centre Hospitalier Universitaire de Nantes,I3019204325,no
"Department of Internal Medicine, Nantes University Hospital, 44000 Nantes, France",1,Centre Hospitalier Universitaire de Nantes,I3019204325,no
"Department of Internal Medicine, Nantes University Hospital, 44093 Nantes, France",1,Centre Hospitalier Universitaire de Nantes,I3019204325,no
"Department of Internal Medicine, Nantes University Hospital, France",1,Centre Hospitalier Universitaire de Nantes,I3019204325,no
"Department of Internal Medicine, Nantes University Hospital, Nantes, France;",1,Centre Hospitalier Universitaire de Nantes,I3019204325,no
"Department of Internal Medicine, Nantes University-Hospital Center, Place Alexis Ricordeau, Nantes Cedex, France. pierre.pottier@univ-nantes.fr",1,Centre Hospitalier Universitaire de Nantes,I3019204325,no
"Department of Internal Medicine, Nantes University-Hospital Centre, Nantes, France",1,Centre Hospitalier Universitaire de Nantes,I3019204325,no
"Department of Internal Medicine, University Hospital of Nantes, Nantes, France",1,Centre Hospitalier Universitaire de Nantes,I3019204325,no
"Department of Internal Medicine, University Hospital, Nantes",1,Centre Hospitalier Universitaire de Nantes,I3019204325,no
Department of Internal Medicine. Nantes University-Hospital Center. Place Alexis Ricordeau. 44093 NANTES CEDEX. France,1,Centre Hospitalier Universitaire de Nantes,I3019204325,no
"Department of Internal and Vascular Medicine, CHU Nantes, Nantes, France; Department of Vascular Medicine, CHD Vendée, La Roche sur Yon, France; UNAV, Nantes Vascular Access Unit, CHU Nantes, Nantes, France",1,Centre Hospitalier Universitaire de Nantes,I3019204325,no
"Department of Internal and Vascular Medicine, CHU Nantes, Nantes, France; UNAV, Nantes Vascular Access Unit, CHU Nantes, Nantes, France",1,Centre Hospitalier Universitaire de Nantes,I3019204325,no
"Department of Internal and Vascular Medicine, CHU Nantes, Nantes, France; UNAV, Nantes Vascular Access Unit, CHU Nantes, Nantes, France. Electronic address: olivier.espitia@chu-nantes.fr",1,Centre Hospitalier Universitaire de Nantes,I3019204325,no
"Department of Maxillo-Facial Surgery and stomatology, Nantes university Hospital, 44000 Nantes, France",1,Centre Hospitalier Universitaire de Nantes,I3019204325,no
Department of Maxillofacial Surgery Nantes University Hospital  Nantes Cedex 1 France,1,Centre Hospitalier Universitaire de Nantes,I3019204325,no
"Department of Medical Biochemistry, Nantes University Hospital, 1 Rue G. Veil, F-44035 Nantes France",1,Centre Hospitalier Universitaire de Nantes,I3019204325,no
"Department of Medical Biochemistry, Nantes University Hospital, 1 rue G. Veil, 44035 Nantes Cédex, France",1,Centre Hospitalier Universitaire de Nantes,I3019204325,no
"Department of Medical Biochemistry, Nantes University Hospital, 1 rue G. Veil, F-44035 Nantes Cedex, France",1,Centre Hospitalier Universitaire de Nantes,I3019204325,no
Department of Medical Critical Care Nantes University Hospital  Nantes France,1,Centre Hospitalier Universitaire de Nantes,I3019204325,no
"Department of Medical Critical Care, Nantes University Hospital, Nantes, France",1,Centre Hospitalier Universitaire de Nantes,I3019204325,no
"Department of Medical Imaging, Nantes University Hospital, 44000 Nantes, France",1,Centre Hospitalier Universitaire de Nantes,I3019204325,no
"Department of Medical Imaging, Nantes University Hospital, Nantes, France",1,Centre Hospitalier Universitaire de Nantes,I3019204325,no
"Department of Medical Information, Nantes University Hospital, 1 Place Alexis-Ricordeau, 44000 Nantes, France",1,Centre Hospitalier Universitaire de Nantes,I3019204325,no
"Department of Medical Information, Nantes University Hospital, 1 Place Alexis-Ricordeau, 44000, Nantes, France",1,Centre Hospitalier Universitaire de Nantes,I3019204325,no
"Department of Medical Intensive Care, Nantes University Hospital, Nantes",1,Centre Hospitalier Universitaire de Nantes,I3019204325,no
"Department of Microbiology and Infection Control, Nantes University Hospital",1,Centre Hospitalier Universitaire de Nantes,I3019204325,no
"Department of Microbiology and Infection Control, Nantes University Hospital, Nantes, France",1,Centre Hospitalier Universitaire de Nantes,I3019204325,no
"Department of Microbiology, Nantes University Hospital, 44093 Nantes, France",1,Centre Hospitalier Universitaire de Nantes,I3019204325,no
"Department of Microbiology, Nantes University Hospital, Nantes, France",1,Centre Hospitalier Universitaire de Nantes,I3019204325,no
"Department of Microbiology, University Hospital of Nantes, Nantes, France",1,Centre Hospitalier Universitaire de Nantes,I3019204325,no
"Department of Microbiology-Hygiene, Hospital University, Nantes, France. pascale.bemer@chu-nantes.fr",1,Centre Hospitalier Universitaire de Nantes,I3019204325,no
"Department of Neonatal Intensive Care, Nantes University Hospital, Nantes, France",1,Centre Hospitalier Universitaire de Nantes,I3019204325,no
"Department of Neonatal Medicine , Nantes University Hospital , Nantes , France ,",1,Centre Hospitalier Universitaire de Nantes,I3019204325,no
Department of Neonatal Medicine and INSERM CIC 004; UMR 1280 Nantes University Hospital; Nantes France,1,Inserm | Centre d'Investigation Clinique de Nantes | PhysioPathologie des Adaptations Nutritionnelles,I154526488 I4210128055 I4210162532,yes
"Department of Neonatal Medicine, Nantes University Hospital, 44093 Nantes, France",1,Centre Hospitalier Universitaire de Nantes,I3019204325,no
"Department of Neonatal Medicine, Nantes University Hospital, F-44000, Nantes, France",1,Centre Hospitalier Universitaire de Nantes,I3019204325,no
"Department of Neonatal Medicine, Nantes University Hospital, Nantes, France. sophie.denizot@chu-nantes.Fr",1,Centre Hospitalier Universitaire de Nantes,I3019204325,no
"Department of Neonatalogy, CHU, Nantes University Hospital, 44000, Nantes, France",1,Centre Hospitalier Universitaire de Nantes,I3019204325,no
"Department of Neonatalogy, Nantes University Hospital, 44000 Nantes, France",1,Centre Hospitalier Universitaire de Nantes,I3019204325,no
Department of Neonatology Nantes University Hospital  Nantes France,1,Centre Hospitalier Universitaire de Nantes,I3019204325,no
Department of Neonatology Nantes University Hospital Nantes France,1,Centre Hospitalier Universitaire de Nantes,I3019204325,no
"Department of Neonatology, Nantes University Hospital, 44000 Nantes, France",1,Centre Hospitalier Universitaire de Nantes,I3019204325,no
"Department of Neonatology, University Hospital of Nantes, F-44093, Nantes, France",1,Centre Hospitalier Universitaire de Nantes,I3019204325,no
"Department of Nephrology Hypertension, Dialysis, Kidney Transplantation Tours Hospital, SPHERE – INSERM 1246, University of Tours and Nantes  Tours France",1,Université de Tours | Inserm | methodS in Patient-centered outcomes and HEalth ResEarch,I110017253 I154526488 I4392021239,yes
"Department of Nephrology Hypertension, Dialysis, Kidney Transplantation, Tours Hospital, SPHERE – INSERM 1246, University of Tours and Nantes, Tours, France",1,Université de Tours | Inserm | methodS in Patient-centered outcomes and HEalth ResEarch,I110017253 I154526488 I4392021239,yes
Department of Nephrology and Clinical Immunology Hospital of Tours Tours France; SPHERE INSERM1246 University of Tours and Nantes Tours France; T2I University of Tours Tours France,1,Université de Tours | Inserm | methodS in Patient-centered outcomes and HEalth ResEarch,I110017253 I154526488 I4392021239,yes
"Department of Nephrology and Immunology, CHU de Nantes, ITUN and INSERM UMR S-1064, Nantes, France",1,Inserm | Centre Hospitalier Universitaire de Nantes | Institut de Transplantation Urologie en Nephrologie,I154526488 I3019204325 I4210112643,no
"Department of Nephrology and Immunology, CHU de Nantes, ITUN and INSERM UMR S-1064, Nantes, France. fadi.fakhouri@univ-nantes.fr",1,Inserm | Centre Hospitalier Universitaire de Nantes | Institut de Transplantation Urologie en Nephrologie,I154526488 I3019204325 I4210112643,no
"Department of Nephrology and Immunology, ITUN and INSERM UMR S-1064, CHU de Nantes, Nantes, France. Electronic address: fadi.fakhouri@univ-nantes.fr",1,Inserm | Centre Hospitalier Universitaire de Nantes | Institut de Transplantation Urologie en Nephrologie,I154526488 I3019204325 I4210112643,no
"Department of Nephrology and Immunology, Nantes University Hospital , Nantes , France",1,Centre Hospitalier Universitaire de Nantes,I3019204325,no
"Department of Nephrology and Immunology, UMR 643, CHU de Nantes, Nantes, France. Electronic address: fadi.fakhouri@univ-nantes.fr",1,Centre Hospitalier Universitaire de Nantes,I3019204325,no
"Department of Nephrology and UMR 643, CHU de Nantes, Nantes, France",1,Centre Hospitalier Universitaire de Nantes,I3019204325,no
"Department of Nephrology, Hypertension, Dialysis, Kidney Transplantation, Tours Hospital, SPHERE–INSERM 1246, University of Tours and Nantes, Tours, France",1,Université de Tours | Inserm | methodS in Patient-centered outcomes and HEalth ResEarch,I110017253 I154526488 I4392021239,yes
"Department of Nephrology, Nantes University Hospital and ITUN, UMR S-1064, Nantes, France",1,Centre Hospitalier Universitaire de Nantes | Institut de Transplantation Urologie en Nephrologie,I3019204325 I4210112643,no
"Department of Nephrology, Nantes University Hospital, 44093 Nantes, France",1,Centre Hospitalier Universitaire de Nantes,I3019204325,no
"Department of Nephrology, Nantes University Hospital, France",1,Centre Hospitalier Universitaire de Nantes,I3019204325,no
"Department of Nephrology, Nantes University Hospital, Nantes",1,Centre Hospitalier Universitaire de Nantes,I3019204325,no
"Department of Nephrology, University Hospital Nantes, France",1,Centre Hospitalier Universitaire de Nantes,I3019204325,no
"Department of Nephrology, University Hospital, Nantes, France;",1,Centre Hospitalier Universitaire de Nantes,I3019204325,no
"Department of Nephrology-Clinical Immunology, Nantes University Hospital, Nantes, France. vesnault@nantes.inserm.fr",1,Inserm | Centre Hospitalier Universitaire de Nantes,I154526488 I3019204325,no
"Department of Nephrology-Hypertension, Kidney Transplantation, Dialysis, Tours Hospital, SPHERE-INSERM 1246, University of Tours and Nantes, Tours, France",1,Université de Tours | Inserm | methodS in Patient-centered outcomes and HEalth ResEarch,I110017253 I154526488 I4392021239,yes
Department of Nephrology; Nantes University Hospital and ITUN; UMR S-1064; Nantes France,1,Centre Hospitalier Universitaire de Nantes | Institut de Transplantation Urologie en Nephrologie,I3019204325 I4210112643,no
"Department of Neurology (B.G.), Nantes University Hospital, France",1,Centre Hospitalier Universitaire de Nantes,I3019204325,no
"Department of Neurology CRTI‐Inserm U1064, CIC004 University Hospital of Nantes Nantes France",1,Inserm | Centre Hospitalier Universitaire de Nantes | Centre d'Investigation Clinique de Nantes,I154526488 I3019204325 I4210128055,no
"Department of Neurology NS‐PARK/F‐CRIN, Nantes University Hospital  Nantes France",1,Centre Hospitalier Universitaire de Nantes,I3019204325,no
"Department of Neurology NS‐PARK/F‐CRIN, Nantes University Hospital Nantes France",1,Centre Hospitalier Universitaire de Nantes,I3019204325,no
Department of Neurology Nantes University Hospital  Nantes France,1,Centre Hospitalier Universitaire de Nantes,I3019204325,no
Department of Neurology Nantes University Hospital Nantes France,1,Centre Hospitalier Universitaire de Nantes,I3019204325,no
"Department of Neurology Nantes University Hospital, Nantes Cedex, NS‐Park/FCRIN Network  Nantes France",1,Centre Hospitalier Universitaire de Nantes,I3019204325,no
Department of Neurology Universitary Hospital of Nantes  Nantes France,1,Centre Hospitalier Universitaire de Nantes,I3019204325,no
"Department of Neurology and Stroke Unit, Nantes University Hospital, Nantes, France",1,Centre Hospitalier Universitaire de Nantes,I3019204325,no
"Department of Neurology, CHU Nantes, Inserm U1235 Nantes, 1 rue Gaston Veil, 44035, Nantes, France",1,Inserm | Centre Hospitalier Universitaire de Nantes,I154526488 I3019204325,no
"Department of Neurology, CHU Nantes, Inserm U1235 Nantes, 1 rue Gaston Veil, 44035, Nantes, France. pascal.derkinderen@univ-nantes.fr",1,Inserm | Centre Hospitalier Universitaire de Nantes,I154526488 I3019204325,no
"Department of Neurology, CHU Nantes, Nantes, France. pascal.derkinderen@univ-nantes.fr",1,Centre Hospitalier Universitaire de Nantes,I3019204325,no
"Department of Neurology, Faculty of Medicine, University Hospital of Nantes, Nantes F-44035, France",1,Centre Hospitalier Universitaire de Nantes,I3019204325,no
"Department of Neurology, NS-PARK/FCRIN Network, Nantes University Hospital, 44093, Nantes Cedex, France",1,Centre Hospitalier Universitaire de Nantes,I3019204325,no
"Department of Neurology, Nantes University Hospital, NS-PARK/FCRIN Network, Cedex, 44093, Nantes, France",1,Centre Hospitalier Universitaire de Nantes,I3019204325,no
"Department of Neurology, University Hospital Nantes",1,Centre Hospitalier Universitaire de Nantes,I3019204325,no
"Department of Neurology, University Hospital Nantes, France;",1,Centre Hospitalier Universitaire de Nantes,I3019204325,no
"Department of Neurology, University Hospital of Nantes, CHU of Nantes, 44 093, Nantes Cedex, France",1,Centre Hospitalier Universitaire de Nantes,I3019204325,no
"Department of Neurology, University Hospital, Nantes",1,Centre Hospitalier Universitaire de Nantes,I3019204325,no
Department of Neurophysiology University Hospital of Nantes Nantes France,1,Centre Hospitalier Universitaire de Nantes,I3019204325,no
"Department of Neuroradiology , CHU Nantes , 44093 Nantes , France",1,Centre Hospitalier Universitaire de Nantes,I3019204325,no
Department of Neuroradiology University Hospital of Nantes  Nantes France,1,Centre Hospitalier Universitaire de Nantes,I3019204325,no
"Department of Neuroradiology, CHU Nantes , F-44000 Nantes ,",1,Centre Hospitalier Universitaire de Nantes,I3019204325,no
"Department of Neuroradiology, Nantes University Hospital , Nantes,",1,Centre Hospitalier Universitaire de Nantes,I3019204325,no
"Department of Neuroradiology, Nantes University Hospital, 44093 Nantes, France",1,Centre Hospitalier Universitaire de Nantes,I3019204325,no
"Department of Neuroradiology, Nantes University Hospital, Nantes; and",1,Centre Hospitalier Universitaire de Nantes,I3019204325,no
"Department of Neuroradiology, University Hospital Centre Nantes, Nantes, France",1,Centre Hospitalier Universitaire de Nantes,I3019204325,no
"Department of Neuroradiology, University Hospital of Nantes, Nantes, France. Electronic address: hdesal@chu-nantes.fr",1,Centre Hospitalier Universitaire de Nantes,I3019204325,no
"Department of Neuroradiology, University Hospital of Nantes, Nantes, France. Electronic address: romain.bourcier@chu-nantes.fr",1,Centre Hospitalier Universitaire de Nantes,I3019204325,no
"Department of Neurosurgery & Neurotraumatology, University Hospital of Nantes; F-44093 Nantes, France",1,Centre Hospitalier Universitaire de Nantes,I3019204325,no
"Department of Neurosurgery , Nantes University Hospital , Nantes , France;",1,Centre Hospitalier Universitaire de Nantes,I3019204325,no
"Department of Neurosurgery, Nantes University Hospital, 44000 Nantes, France",1,Centre Hospitalier Universitaire de Nantes,I3019204325,no
"Department of Neurosurgery, Nantes University Hospital, 44093 Nantes, France",1,Centre Hospitalier Universitaire de Nantes,I3019204325,no
"Department of Neurosurgery, UIC22, University Hospital, F-44000 Nantes, France",1,Centre Hospitalier Universitaire de Nantes,I3019204325,no
"Department of Neurosurgery, University Hospital of Nantes, 44093 Nantes, France",1,Centre Hospitalier Universitaire de Nantes,I3019204325,no
Department of Nuclear Medicine University Hospital  Nantes France,1,Centre Hospitalier Universitaire de Nantes,I3019204325,no
"Department of Nuclear Medicine, Nantes University Hospital Center, Nantes, France",1,Centre Hospitalier Universitaire de Nantes,I3019204325,no
"Department of Nuclear Medicine, Nantes University Hospital, 1, place Alexis Ricordeau, 44093 Nantes, Cedex 01, France. thomas.eugene@chu-nantes.fr",1,Centre Hospitalier Universitaire de Nantes,I3019204325,no
"Department of Nuclear Medicine, University Hospital , Nantes , France",1,Centre Hospitalier Universitaire de Nantes,I3019204325,no
"Department of Nuclear Medicine, University Hospital , Nantes , France ; U892, CNRS UMR 6299, CRCNA, INSERM , Nantes , France",1,Inserm | Centre National de la Recherche Scientifique | Centre de Recherche en Cancérologie et Immunologie Intégrée Nantes Angers,I154526488 I1294671590 I4210092509,yes
"Department of Nuclear Medicine, University Hospital Nantes , Nantes , France",1,Centre Hospitalier Universitaire de Nantes,I3019204325,no
"Department of Nuclear Medicine, University Hospital of Nantes, Place Alexis Ricordeau, Nantes 44093, France and CRCNA-UMR 892 INSERM 6299 CNRS, 8 quai Moncousu BP 70721, Nantes 44007, France",1,Inserm | Centre National de la Recherche Scientifique | Centre Hospitalier Universitaire de Nantes | Centre de Recherche en Cancérologie et Immunologie Intégrée Nantes Angers,I154526488 I1294671590 I3019204325 I4210092509,yes
"Department of Nuclear Oncology, INSERM UMR892 - CNRS UMR6299 - CRCNA (Equipe 13), Institut de Recherche en Santé de l’Université de Nantes, 8 quai Moncousu, BP 70721, Nantes, 44007, France",1,Inserm | Centre National de la Recherche Scientifique | Centre de Recherche en Cancérologie et Immunologie Intégrée Nantes Angers,I154526488 I1294671590 I4210092509,yes
"Department of Obstetric Gynecology and Reproduction Biology, Nantes University Hospital, Nantes, France",1,Centre Hospitalier Universitaire de Nantes,I3019204325,no
Department of Obstetrics and Gynaecology and Reproductive Medicine Nantes University Hospital  Nantes France,1,Centre Hospitalier Universitaire de Nantes,I3019204325,no
Department of Obstetrics and Gynaecology and Reproductive Medicine Nantes University Hospital Nantes France,1,Centre Hospitalier Universitaire de Nantes,I3019204325,no
Department of Obstetrics and Gynecology University Hospital of Nantes  Nantes France,1,Centre Hospitalier Universitaire de Nantes,I3019204325,no
Department of Obstetrics and Gynecology and Reproductive Medicine Nantes University Hospital  Nantes France,1,Centre Hospitalier Universitaire de Nantes,I3019204325,no
Department of Obstetrics and Gynecology and Reproductive Medicine Nantes University Hospital Nantes France,1,Centre Hospitalier Universitaire de Nantes,I3019204325,no
"Department of Obstetrics and Gynecology and Reproductive Medicine, Nantes University Hospital, 44000, Nantes, France",1,Centre Hospitalier Universitaire de Nantes,I3019204325,no
"Department of Obstetrics and Gynecology, Nantes University Hospital, 44035 Nantes Cedex 01, France",1,Centre Hospitalier Universitaire de Nantes,I3019204325,no
"Department of Obstetrics and Gynecology, Nantes University Hospital, 44035 Nantes Cedex 01, France. georges.boog@chu-nantes.fr",1,Centre Hospitalier Universitaire de Nantes,I3019204325,no
"Department of Obstetrics and Gynecology, Nantes University Hospital, Nantes, France. norbert.winer@chu-nantes.fr",1,Centre Hospitalier Universitaire de Nantes,I3019204325,no
"Department of Obstetrics and Gynecology, Nantes University Hospital, Nantes, France; University Rennes 1, France, INSERM, LTSI - UMR 1099, France",1,Université de Rennes | Inserm | Laboratoire Traitement du Signal et de l'Image | Université Rennes 1,I56067802 I154526488 I4210105651 I4405258264,no
"Department of Obstetrics, Gynecology and Reproductive Medicine, Nantes University Hospital, 38, boulevard Jean-Monnet, 44000 Nantes, France",1,Centre Hospitalier Universitaire de Nantes,I3019204325,no
"Department of Obstetrics, Gynecology and Reproductive Medicine, Nantes University Hospital, 44000 Nantes, France",1,Centre Hospitalier Universitaire de Nantes,I3019204325,no
"Department of Obstetrics, Gynecology and Reproductive Medicine, Nantes University Hospital, 44000 Nantes, France; Federative Pelvic Pain Centre, Nantes University Hospital, 44000 Nantes, France",1,Centre Hospitalier Universitaire de Nantes,I3019204325,no
"Department of Occupational Medicine and Environmental Health, Work and Health Innovation Research Laboratory, Nantes University Hospital, F 44093 Nantes, France",1,Centre Hospitalier Universitaire de Nantes,I3019204325,no
"Department of Occupational Medicine, Nantes University Hospital, Nantes, France",1,Centre Hospitalier Universitaire de Nantes,I3019204325,no
"Department of Oncodermatology, INSERM Research Unit 892, Nantes University Hospital, Nantes, France",1,Inserm,I154526488,no
"Department of Oncodermatology, Nantes University Hospital, Place Alexis Ricordeau,44093 Nantes, France",1,Centre Hospitalier Universitaire de Nantes,I3019204325,no
"Department of Oncohematopediatrics, University Hospital of Nantes, Nantes, France",1,Centre Hospitalier Universitaire de Nantes,I3019204325,no
Department of Ophthalmology Nantes University Hospital  Nantes France,1,Centre Hospitalier Universitaire de Nantes,I3019204325,no
Department of Ophthalmology University Hospital of Nantes CHU de Nantes Nantes France,1,Centre Hospitalier Universitaire de Nantes,I3019204325,no
"Department of Ophthalmology, CHU de Nantes, Nantes University, 44000 Nantes, France",1,Centre Hospitalier Universitaire de Nantes,I3019204325,no
"Department of Ophthalmology, Nantes University Hospital, 1 place Alexis-Ricordeau, 44093 Nantes cedex, France",1,Centre Hospitalier Universitaire de Nantes,I3019204325,no
"Department of Ophthalmology, Nantes University Hospital, 44000 Nantes, France",1,Centre Hospitalier Universitaire de Nantes,I3019204325,no
"Department of Ophthalmology, Nantes University Hospital, 44093 Nantes, France",1,Centre Hospitalier Universitaire de Nantes,I3019204325,no
"Department of Oral Surgery, Nantes University Hospital, France",1,Centre Hospitalier Universitaire de Nantes,I3019204325,no
"Department of Oral Surgery, Nantes University Hospital, INSERM 1229: RMeS, Nantes, France",1,Inserm | Centre Hospitalier Universitaire de Nantes,I154526488 I3019204325,no
"Department of Oral and Maxillo-facial surgery, Nantes University Hospital, Nantes, France",1,Centre Hospitalier Universitaire de Nantes,I3019204325,no
"Department of Oral and Maxillofacial Surgery, Nantes University Hospital, 1 place Alexis-Ricordeau, 44093, NANTES Cedex 1, France",1,Centre Hospitalier Universitaire de Nantes,I3019204325,no
"Department of Oral and Maxillofacial Surgery, Nantes University Hospital, Nantes, France. Electronic address: helios.bertin@chu-nantes.fr",1,Centre Hospitalier Universitaire de Nantes,I3019204325,no
"Department of Oral surgery, Centre de soins dentaires, Nantes University Hospital, Nantes, France",1,Centre Hospitalier Universitaire de Nantes,I3019204325,no
"Department of Organic Chemistry, University of Uppsala, Box 531, S-751 21 Uppsala, Sweden, and Laboratoire de Synthèse Organique associé au CNRS, Faculté des Sciences et des Techniques de Nantes, 2 rue de la Houssinière, 44072 Nantes, Cedex 03, France",1,Uppsala University | Centre National de la Recherche Scientifique,I123387679 I1294671590,no
"Department of Orthodontics , UFR d'Odontologie , Nantes , France",1,,,no
"Department of Orthodontics, UIC 11, CHU de Nantes, Nantes, France",1,Centre Hospitalier Universitaire de Nantes,I3019204325,no
"Department of Orthopaedic Surgery, Nantes University Hospital, 44093 Nantes, France",1,Centre Hospitalier Universitaire de Nantes,I3019204325,no
"Department of Orthopaedic and Trauma Surgery, University Hospital of Nantes, place Alexis-Ricordeau, 44000 Nantes, France",1,Centre Hospitalier Universitaire de Nantes,I3019204325,no
"Department of Orthopaedic and Traumatology, Nantes University Hospital, France",1,Centre Hospitalier Universitaire de Nantes,I3019204325,no
Department of Orthopedic Surgery Nantes University Hospital  Nantes France,1,Centre Hospitalier Universitaire de Nantes,I3019204325,no
"Department of Orthopedic Surgery, Nantes University Hospital, 1, Pl. Alexis Ricordeau, Nantes, 44000, France",1,Centre Hospitalier Universitaire de Nantes,I3019204325,no
"Department of Orthopedic Surgery, Nantes University Hospital, 44000 Nantes, France",1,Centre Hospitalier Universitaire de Nantes,I3019204325,no
"Department of Orthopedic Surgery, University Hospital of Nantes, Nantes, France",1,Centre Hospitalier Universitaire de Nantes,I3019204325,no
Department of Otolaryngology Head and Neck Surgery Nantes University Hospital  Nantes France,1,Centre Hospitalier Universitaire de Nantes,I3019204325,no
"Department of Otolaryngology Head and Neck Surgery, Nantes University Hospital, Nantes, France",1,Centre Hospitalier Universitaire de Nantes,I3019204325,no
"Department of Otolaryngology, Head and Neck Surgery, Nantes University Hospital, Nantes, France",1,Centre Hospitalier Universitaire de Nantes,I3019204325,no
"Department of Otorhinolaryngology and Head and Neck Surgery, Nantes University Hospital, 1 Place Alexis-Ricordeau, Nantes, France",1,Centre Hospitalier Universitaire de Nantes,I3019204325,no
"Department of Otorhinolaryngology and Head and Neck Surgery, Nantes University Hospital, 44036 Nantes, France. Electronic address: olivier.malard@chu-nantes.fr",1,Centre Hospitalier Universitaire de Nantes,I3019204325,no
"Department of Otorhinolaryngology, Head and Neck Surgery, Nantes University Hospital, 1 place Alexis Ricordeau, 44000 Nantes, France",1,Centre Hospitalier Universitaire de Nantes,I3019204325,no
"Department of Paediatric Chronic Diseases, Nantes University Hospital, 44000 Nantes, France",1,Centre Hospitalier Universitaire de Nantes,I3019204325,no
"Department of Paediatric Emergency, Nantes University Hospital, France",1,Centre Hospitalier Universitaire de Nantes,I3019204325,no
"Department of Paediatric Emergency, Nantes University Hospital, Nantes, France",1,Centre Hospitalier Universitaire de Nantes,I3019204325,no
Department of Paediatric Medicine Nantes University Hospital  Nantes France,1,Centre Hospitalier Universitaire de Nantes,I3019204325,no
"Department of Paediatric Surgery, Nantes University Hospital, 44 000 Nantes, France",1,Centre Hospitalier Universitaire de Nantes,I3019204325,no
"Department of Paediatrics, Nantes University, CHU de Nantes, Nantes, 44000, France",1,Centre Hospitalier Universitaire de Nantes,I3019204325,no
"Department of Pathology Nantes University, Nantes University Hospital (CHU Nantes)  Nantes France",1,Centre Hospitalier Universitaire de Nantes,I3019204325,no
Department of Pathology University Hospital of Nantes  Nantes F‐44042 France,1,Centre Hospitalier Universitaire de Nantes,I3019204325,no
"Department of Pathology, Nantes University Hospital, 44000 Nantes, France",1,Centre Hospitalier Universitaire de Nantes,I3019204325,no
"Department of Pathology, Nantes University Hospital, 44093 Nantes Cedex 1, France",1,Centre Hospitalier Universitaire de Nantes,I3019204325,no
"Department of Pathology, Nantes University Hospital, Hôtel-Dieu, 44093, Nantes Cedex 1, France",1,Centre Hospitalier Universitaire de Nantes,I3019204325,no
"Department of Pathology, Nantes University Hospital, Nantes 44000, France",1,Centre Hospitalier Universitaire de Nantes,I3019204325,no
"Department of Pathology, Nantes University Hospital, Nantes, France. 25",1,Centre Hospitalier Universitaire de Nantes,I3019204325,no
"Department of Pathology, Nantes University Hospital, Nantes, France;",1,Centre Hospitalier Universitaire de Nantes,I3019204325,no
"Department of Pathology, University Hospital of Nantes, IHP Group, Nantes, France",1,Centre Hospitalier Universitaire de Nantes,I3019204325,no
"Department of Pathology, University Hospital, Nantes F-44000, France",1,Centre Hospitalier Universitaire de Nantes,I3019204325,no
Department of Pathology; Nantes University Hospital; Nantes Cedex France,1,Centre Hospitalier Universitaire de Nantes,I3019204325,no
"Department of Pediatric Anesthesiology, Pediatric Intensive Care Unit, University Hospital, Nantes, France",1,Centre Hospitalier Universitaire de Nantes,I3019204325,no
Department of Pediatric Cardiac Surgery University Hospital of Nantes  Nantes France,1,Centre Hospitalier Universitaire de Nantes,I3019204325,no
"Department of Pediatric Chronic Diseases, Nantes University Hospital, Nantes 44000, France",1,Centre Hospitalier Universitaire de Nantes,I3019204325,no
Department of Pediatric Dermatology; UMR 1280 Nantes University Hospital; Nantes France,1,Centre Hospitalier Universitaire de Nantes | PhysioPathologie des Adaptations Nutritionnelles,I3019204325 I4210162532,yes
"Department of Pediatric Emergency Care, Nantes University Hospital",1,Centre Hospitalier Universitaire de Nantes,I3019204325,no
"Department of Pediatric Emergency Care, Nantes University Hospital, F-44000 Nantes, France",1,Centre Hospitalier Universitaire de Nantes,I3019204325,no
"Department of Pediatric Emergency, Nantes University Hospital, Nantes, France",1,Centre Hospitalier Universitaire de Nantes,I3019204325,no
"Department of Pediatric Endocrinology, University Hospital , Nantes 44000 ,",1,Centre Hospitalier Universitaire de Nantes,I3019204325,no
Department of Pediatric Hematology and Oncology University Hospital of Nantes  Nantes France,1,Centre Hospitalier Universitaire de Nantes,I3019204325,no
"Department of Pediatric Hematology, University Hospital of Nantes, 44000 Nantes, France",1,Centre Hospitalier Universitaire de Nantes,I3019204325,no
"Department of Pediatric Intensive Care, Nantes University Hospital, CIC-FEA, F-44000 Nantes, France",1,Centre Hospitalier Universitaire de Nantes | Centre d'Investigation Clinique de Nantes,I3019204325 I4210128055,no
Department of Pediatric Nantes University Hospital Nantes Cedex 1 France,1,Centre Hospitalier Universitaire de Nantes,I3019204325,no
"Department of Pediatric Nephrology, Nantes University Hospital, Nantes, France",1,Centre Hospitalier Universitaire de Nantes,I3019204325,no
Department of Pediatric Oncology University Hospital Center of Nantes  Nantes France,1,Centre Hospitalier Universitaire de Nantes,I3019204325,no
Department of Pediatric Oncology University Hospital Center of Nantes.  Nantes France,1,Centre Hospitalier Universitaire de Nantes,I3019204325,no
Department of Pediatric Oncology and Haematology University Hospital of Nantes  Nantes France,1,Centre Hospitalier Universitaire de Nantes,I3019204325,no
"Department of Pediatric Oncology, University Hospital , Nantes , France",1,Centre Hospitalier Universitaire de Nantes,I3019204325,no
"Department of Pediatric Oncology. University Hospital Center of Nantes, Nantes, France",1,Centre Hospitalier Universitaire de Nantes,I3019204325,no
"Department of Pediatric Otolaryngology, Nantes University Hospital, Nantes, France",1,Centre Hospitalier Universitaire de Nantes,I3019204325,no
"Department of Pediatric Surgery, Nantes University Hospital 38 boulevard Jean-Monnet, 44093 Nantes Cedex 1, France",1,Centre Hospitalier Universitaire de Nantes,I3019204325,no
"Department of Pediatric Surgery, Nantes University Hospital, 1, place Alexis Ricordeau, 44000 Nantes, France",1,Centre Hospitalier Universitaire de Nantes,I3019204325,no
Department of Pediatric Urology Nantes University Hospital  Nantes France,1,Centre Hospitalier Universitaire de Nantes,I3019204325,no
"Department of Pediatric, Mother and Child Hospital, Nantes University Hospital, 44000 Nantes, France",1,Centre Hospitalier Universitaire de Nantes | Hôpital Mère-Enfant,I3019204325 I4210134125,no
"Department of Pediatric, Nantes University Hospital, Nantes Cedex 1, France",1,Centre Hospitalier Universitaire de Nantes,I3019204325,no
Department of Pediatrics Endocrinology and Diabetology University Hospital of Nantes  Nantes France,1,Centre Hospitalier Universitaire de Nantes,I3019204325,no
Department of Pediatrics Nantes University Hospital Center Nantes France,1,Centre Hospitalier Universitaire de Nantes,I3019204325,no
"Department of Pediatrics, Nantes University Hospital, Nantes, France; Department of Pediatric Rheumatology, Nephrology, and Dermatology, Lyon University Hospital, Lyon, France",1,Centre Hospitalier Universitaire de Nantes | Hospices Civils de Lyon,I3019204325 I4210100596,no
"Department of Pediatrics, Pediatric Intensive Care Unit, University Hospital, Nantes, France",1,Centre Hospitalier Universitaire de Nantes,I3019204325,no
"Department of Periodontology (Inserm U791/ UIC Odontologie / CHU de Nantes) , Faculty of Dental Surgery , Nantes , France",1,Inserm | Centre Hospitalier Universitaire de Nantes,I154526488 I3019204325,no
"Department of Periodontology , U 791 , UIC Odontologie , School of Dentistry , Nantes , France",1,,,no
"Department of Periodontology Nantes University, Oniris, Univ Angers, CHU Nantes, INSERM, Regenerative Medicine and Skeleton  Nantes France",1,Université d'Angers | Inserm | Centre Hospitalier Universitaire de Nantes | Oniris,I49451733 I154526488 I3019204325 I4210157468,no
"Department of Periodontology, Faculty of Dental Surgery, UIC 11, Rmes U1229, CHU de Nantes, Nantes, France",1,Centre Hospitalier Universitaire de Nantes,I3019204325,no
"Department of Pharmacology, Nantes University Hospital, Nantes, France",1,Centre Hospitalier Universitaire de Nantes,I3019204325,no
"Department of Pharmacology, U.E.R. of Medicine, Nantes, France",1,,,no
Department of Pharmacology. Nantes University-Hospital Center. Place Alexis Ricordeau. 44093 NANTES CEDEX. France,1,Centre Hospitalier Universitaire de Nantes,I3019204325,no
"Department of Pharmacovigilance, Nantes University Hospital, Nantes, France",1,Centre Hospitalier Universitaire de Nantes,I3019204325,no
"Department of Pharmacy Nantes University Hospital Nantes, France",1,Centre Hospitalier Universitaire de Nantes,I3019204325,no
"Department of Pharmacy, Hôtel-Dieu, CHU Nantes, Nantes, France; UFR des sciences pharmaceutiques et biologiques, Nantes, France",1,Centre Hospitalier Universitaire de Nantes,I3019204325,no
"Department of Plastic Surgery , Nantes University Hospital ,",1,Centre Hospitalier Universitaire de Nantes,I3019204325,no
"Department of Plastic Surgery, Nantes University Hospital, Nantes, France",1,Centre Hospitalier Universitaire de Nantes,I3019204325,no
"Department of Pneumology, Nantes University Hospital, France",1,Centre Hospitalier Universitaire de Nantes,I3019204325,no
"Department of Pneumology, Thoracic Oncology, University Hospital - Nantes, Nantes, France",1,Centre Hospitalier Universitaire de Nantes,I3019204325,no
"Department of Pneumology, Thoracic Oncology, University Hospital of Nantes and INSERM, CRCINA, Nantes, France",1,Inserm | Centre Hospitalier Universitaire de Nantes,I154526488 I3019204325,no
"Department of Prison Psychiatry, Nantes University Hospital, France",1,Centre Hospitalier Universitaire de Nantes,I3019204325,no
"Department of Prosthetic, UIC Odontology, Nantes Dental school 1, Place Alexis-Ricordeau, 44042 Nantes Cedex 1, France. Electronic address: pierre.le-bars@univ-nantes.fr",1,,,no
"Department of Prosthetic, UIC Odontology, Nantes Dental school 1, Place Alexis-Ricordeau, 44042 Nantes Cedex 1, France; UFR d'Odonto-stomatologie, Université Félix Houphouët Boigny, 22 BP 612 Abidjan 22, Cote d'Ivoire. Electronic address: ayepa.Kouadio@univ-nantes.fr",1,Université Félix Houphouët-Boigny,I48615539,no
"Department of Prosthodontics Nantes University, Oniris, Univ Angers, CHU Nantes, INSERM, Regenerative Medicine and Skeleton  Nantes France",1,Université d'Angers | Inserm | Centre Hospitalier Universitaire de Nantes | Oniris,I49451733 I154526488 I3019204325 I4210157468,no
"Department of Psychiatry, Nantes University Hospital, Nantes, France",1,Centre Hospitalier Universitaire de Nantes,I3019204325,no
"Department of Psychiatry, Nantes University Hospital, Nantes, France;",1,Centre Hospitalier Universitaire de Nantes,I3019204325,no
"Department of Psychology, LPPL, SFR Confluences, University of Angers, France",1,Université d'Angers,I49451733,no
"Department of Psychology, University of Angers,  LPPL, SFR Confluences, F-49000 Angers, France",1,Université d'Angers | Laboratoire de Psychologie des Pays de la Loire,I49451733 I4210089331,yes
"Department of Psychology, University of Angers, LPPL, SFR CONFLUENCES, 49000, Angers, France",1,Université d'Angers | Laboratoire de Psychologie des Pays de la Loire,I49451733 I4210089331,yes
"Department of Psychology, University of Angers, LPPL, SFR CONFLUENCES, Angers, France",1,Université d'Angers,I49451733,no
"Department of Public Health, Nantes University Hospital Nantes University  Nantes France",1,Centre Hospitalier Universitaire de Nantes,I3019204325,no
"Department of Public Health, Nantes University Hospital, Nantes, F-44000, France",1,Centre Hospitalier Universitaire de Nantes,I3019204325,no
"Department of Public Health, Nantes University Hospital, Nantes, France,",1,Centre Hospitalier Universitaire de Nantes,I3019204325,no
"Department of Public Health, University Hospital of Nantes, France",1,Centre Hospitalier Universitaire de Nantes,I3019204325,no
"Department of Public Health, University Hospital of Nantes, Nantes, France",1,Centre Hospitalier Universitaire de Nantes,I3019204325,no
"Department of Public Health, University Hospital, Nantes, France",1,Centre Hospitalier Universitaire de Nantes,I3019204325,no
"Department of Pulmonary Diseases, Nantes University Hospital, Nantes, France",1,Centre Hospitalier Universitaire de Nantes,I3019204325,no
"Department of Pulmonology, Nantes University Hospital, Nantes, France",1,Centre Hospitalier Universitaire de Nantes,I3019204325,no
"Department of Radiology, CHU Nantes Nantes University  Nantes France",1,Centre Hospitalier Universitaire de Nantes,I3019204325,no
"Department of Radiology, Laennec Hospital and Nantes University, Nantes, France",1,,,no
"Department of Radiology, Nantes University Hospital and University of Medicine of Nantes, 1, place Alexis Ricordeau, 44093 Nantes, France",1,Centre Hospitalier Universitaire de Nantes,I3019204325,no
"Department of Radiology, Nantes University Hospital, 1 Pl. Alexis-Ricordeau, 44000, Nantes, France",1,Centre Hospitalier Universitaire de Nantes,I3019204325,no
"Department of Radiology, Nantes University Hospital, 1 Place Alexis Ricordeau, 44093, Nantes, France",1,Centre Hospitalier Universitaire de Nantes,I3019204325,no
"Department of Radiology, Nantes University Hospital, 1, place Alexis Ricordeau, 44093, Nantes, France",1,Centre Hospitalier Universitaire de Nantes,I3019204325,no
"Department of Radiology, Nantes University Hospital, 44093 Nantes, France",1,Centre Hospitalier Universitaire de Nantes,I3019204325,no
"Department of Radiology, Nantes University Hospital, 44095 Nantes, France",1,Centre Hospitalier Universitaire de Nantes,I3019204325,no
"Department of Radiology, Nantes University Hospital, Nantes 44000, France",1,Centre Hospitalier Universitaire de Nantes,I3019204325,no
"Department of Radiology, Nantes University Hospital, Nantes, France;",1,Centre Hospitalier Universitaire de Nantes,I3019204325,no
"Department of Radiology, Nantes University Hospital, Nantes-Cedex, France",1,Centre Hospitalier Universitaire de Nantes,I3019204325,no
"Department of Radiology, Nantes University Hospital, University of Medicine, 44000 Nantes, France",1,Centre Hospitalier Universitaire de Nantes,I3019204325,no
"Department of Radiology, University Hospital , Nantes , France ; U892, CNRS UMR 6299, CRCNA, INSERM , Nantes , France",1,Inserm | Centre National de la Recherche Scientifique | Centre de Recherche en Cancérologie et Immunologie Intégrée Nantes Angers,I154526488 I1294671590 I4210092509,yes
"Department of Reproductive Biology, Nantes University Hospital, Nantes, France",1,Centre Hospitalier Universitaire de Nantes,I3019204325,no
"Department of Reproductive Biology, University Hospital of Nantes, Nantes, France",1,Centre Hospitalier Universitaire de Nantes,I3019204325,no
"Department of Respiratory Medicine, Nantes University Hospital, Nantes, France",1,Centre Hospitalier Universitaire de Nantes,I3019204325,no
"Department of Rheumatology, CHU de Nantes, Nantes, France. Electronic address: marie.chevalerias@etu.univ-nantes.fr",1,Centre Hospitalier Universitaire de Nantes,I3019204325,no
"Department of Rheumatology, Hôtel-Dieu, Place Alexis Ricordeau, Nantes University Hospital Center, 44093 Nantes, France",1,Centre Hospitalier Universitaire de Nantes,I3019204325,no
"Department of Rheumatology, Hôtel-Dieu, Place Alexis Ricordeau, Nantes University Hospital Center, 44093 Nantes, France. jeanmarie.berthelot@chu-nantes.fr",1,Centre Hospitalier Universitaire de Nantes,I3019204325,no
"Department of Rheumatology, Nantes University Hospital Center, France",1,Centre Hospitalier Universitaire de Nantes,I3019204325,no
"Department of Rheumatology, Nantes University Hospital, 44000 Nantes, France",1,Centre Hospitalier Universitaire de Nantes,I3019204325,no
"Department of Rheumatology, Nantes University Hospital, 44093 Nantes cedex 1, France",1,Centre Hospitalier Universitaire de Nantes,I3019204325,no
"Department of Rheumatology, Nantes University Hospital, 44093 Nantes, France",1,Centre Hospitalier Universitaire de Nantes,I3019204325,no
"Department of Rheumatology, Nantes University Hospital, Nantes-Cedex, France",1,Centre Hospitalier Universitaire de Nantes,I3019204325,no
"Department of Rheumatology, University Hospital Nantes, Nantes, France",1,Centre Hospitalier Universitaire de Nantes,I3019204325,no
"Department of Rheumatology, University Hospital of Nantes, Nantes F-44093;",1,Centre Hospitalier Universitaire de Nantes,I3019204325,no
"Department of Rheumatology, University Hospital of Nantes, Nantes, France",1,Centre Hospitalier Universitaire de Nantes,I3019204325,no
"Department of Rheumatology, University Hospital, 44093, Nantes, France",1,Centre Hospitalier Universitaire de Nantes,I3019204325,no
Department of Rhumatology University Hospital  Nantes France,1,Centre Hospitalier Universitaire de Nantes,I3019204325,no
"Department of Statistic, Nantes University Hospital, Nantes, France",1,Centre Hospitalier Universitaire de Nantes,I3019204325,no
"Department of Statistics, Nantes University Hospital, Nantes, France",1,Centre Hospitalier Universitaire de Nantes,I3019204325,no
"Department of Stomatology and Maxillofacial Surgery, Nantes University Hospital, 1 Place Alexis-Ricordeau, 44093, Nantes Cedex 1, France",1,Centre Hospitalier Universitaire de Nantes,I3019204325,no
"Department of Surgery University of Hawaii School of Medicine Nantes, France",1,University of Hawaii System,I1331384533,no
"Department of Surgery, Nantes University Hospital, Nantes, France",1,Centre Hospitalier Universitaire de Nantes,I3019204325,no
"Department of Surgical Intensive Care, Hotel-Dieu, Nantes University Hospital, 44093 Nantes, France,",1,Centre Hospitalier Universitaire de Nantes,I3019204325,no
"Department of Surgical Intensive Care, Nantes University Hospital, France",1,Centre Hospitalier Universitaire de Nantes,I3019204325,no
"Department of Thoracic Oncology, University Hospital of Nantes and INSERM, CRCINA, Nantes, France. Electronic address: j.bennouna@hopital-foch.com",1,Inserm | Centre Hospitalier Universitaire de Nantes | Centre de Recherche en Cancérologie et Immunologie Intégrée Nantes Angers,I154526488 I3019204325 I4210092509,yes
Department of Thoracic and CardioVascular Surgery Nantes Hospital University  France,1,Centre Hospitalier Universitaire de Nantes,I3019204325,no
Department of Thoracic and CardioVascular Surgery Nantes Hospital University Nantes France,1,Centre Hospitalier Universitaire de Nantes,I3019204325,no
"Department of Thoracic and Cardiovascular Surgery, Nantes University Hospital, Nantes, France",1,Centre Hospitalier Universitaire de Nantes,I3019204325,no
"Department of Toxicology, University of Medicine, 44000 Nantes, France",1,,,no
"Department of Urology , University Hospital of Nantes , Nantes , France",1,Centre Hospitalier Universitaire de Nantes,I3019204325,no
Department of Urology Nantes University Hospital Nantes France,1,Centre Hospitalier Universitaire de Nantes,I3019204325,no
"Department of Urology and Transplantation Surgery, Nantes University Hospital, 1 Place Alexis Ricordeau, 44093, Nantes Cedex 03, France",1,Centre Hospitalier Universitaire de Nantes,I3019204325,no
"Department of Urology and Transplantation Surgery, Nantes University Hospital, Nantes, France. thomas.poirier@chu-nantes.fr",1,Centre Hospitalier Universitaire de Nantes,I3019204325,no
"Department of Urology and Transplantation, Nantes University Hospital , 44000, Nantes ,",1,Centre Hospitalier Universitaire de Nantes,I3019204325,no
"Department of Urology, Hôtel Dieu, Nantes University Hospital, 1 Place Alexis Ricordeau, Nantes CEDEX 03, 44093, Nantes, France",1,Centre Hospitalier Universitaire de Nantes,I3019204325,no
"Department of Urology, Hôtel Dieu, Nantes University Hospital, 1 Place Alexis Ricordeau, Nantes CEDEX 03, 44093, Nantes, France. Lucas.broudeur@gmail.com",1,Centre Hospitalier Universitaire de Nantes,I3019204325,no
"Department of Urology, Nantes University Hospital,  Nantes, France",1,Centre Hospitalier Universitaire de Nantes,I3019204325,no
"Department of Urology, Nantes University Hospital, Nantes, France. Electronic address: julien.branchereau@chu-nantes.fr",1,Centre Hospitalier Universitaire de Nantes,I3019204325,no
"Department of Urology, University Hospital Center of Nantes, Nantes, France",1,Centre Hospitalier Universitaire de Nantes,I3019204325,no
"Department of Urology, University Hospital Center, Nantes, France",1,Centre Hospitalier Universitaire de Nantes,I3019204325,no
"Department of Urology, University Hospital, Nantes, France",1,Centre Hospitalier Universitaire de Nantes,I3019204325,no
"Department of Vascular Medicine, Nantes University Hospital, 44000 Nantes, France",1,Centre Hospitalier Universitaire de Nantes,I3019204325,no
"Department of Vascular Neurology, Nantes University Hospital, Nantes, France",1,Centre Hospitalier Universitaire de Nantes,I3019204325,no
"Department of Vascular and Plastic Surgery, Nantes University Hospital, Nantes, France",1,Centre Hospitalier Universitaire de Nantes,I3019204325,no
"Department of Vascular and Plastic and Reconstructive Surgery, Nantes University Hospital, 44093 Nantes, France",1,Centre Hospitalier Universitaire de Nantes,I3019204325,no
"Department of Veterinary Clinical Sciences , INSERM U1229-RMeS/Oniris-Lunam University , Nantes France",1,Inserm | Oniris,I154526488 I4210157468,no
"Department of Visceral and Endocrine Surgery, Nantes University Hospital, 1 Place Alexis-Ricordeau, 44093 Nantes, Nantes, France",1,Centre Hospitalier Universitaire de Nantes,I3019204325,no
"Department of anaesthesia and intensive care, Nantes university hospital, Nantes, France",1,Centre Hospitalier Universitaire de Nantes,I3019204325,no
"Department of anesthesiology, Nantes University Hospital, Nantes, France",1,Centre Hospitalier Universitaire de Nantes,I3019204325,no
"Department of bacteriology, Nantes University Hospital, 8, boulevard Moncousu, 44093 Nantes cedex 1, France",1,Centre Hospitalier Universitaire de Nantes,I3019204325,no
"Department of bacteriology, Nantes University Hospital, Nantes, France",1,Centre Hospitalier Universitaire de Nantes,I3019204325,no
"Department of biostatistics, Nantes University Hospital, Nantes, France",1,Centre Hospitalier Universitaire de Nantes,I3019204325,no
"Department of clinical pharmacology, CRPV, CHU de Nantes, 44093 Nantes, France",1,Centre Hospitalier Universitaire de Nantes,I3019204325,no
Department of congenital heart disease University hospital of Nantes  Nantes France,1,Centre Hospitalier Universitaire de Nantes,I3019204325,no
"Department of dental surgery, Nantes University Hospital, France",1,Centre Hospitalier Universitaire de Nantes,I3019204325,no
"Department of dermatologie et Centre de réference pour les génodermatoses et maladies rares cutanées (MAGEC), clinical investigation Center-inserm 1415 ; inserm U1246, SPHERE, Tours, France",1,Inserm,I154526488,no
"Department of dermatology, Nantes University Hospital, 44000 Nantes, France",1,Centre Hospitalier Universitaire de Nantes,I3019204325,no
"Department of gerontology , University hospital Nantes , Nantes , France",1,Centre Hospitalier Universitaire de Nantes,I3019204325,no
"Department of hematology, Nantes University Hospital, Nantes, France",1,Centre Hospitalier Universitaire de Nantes,I3019204325,no
"Department of infectious diseases, Nantes University Hospital, Nantes, France",1,Centre Hospitalier Universitaire de Nantes,I3019204325,no
"Department of internal medicine and geriatrics, Nantes university hospital, 44093 Nantes, France",1,Centre Hospitalier Universitaire de Nantes,I3019204325,no
"Department of maxillo-facial surgery and stomatology, Nantes university hospital, 44000 Nantes, France",1,Centre Hospitalier Universitaire de Nantes,I3019204325,no
"Department of maxillofacial surgery, Nantes university hospital, 1, place Alexis-Ricordeau, 44093 Nantes cedex 1, France",1,Centre Hospitalier Universitaire de Nantes,I3019204325,no
"Department of medical genetics, French reference Center for Neuromuscular Diseases, Nantes University Hospital Center, 1 Place Alexis Ricordeau, 44093 Nantes, France",1,Centre Hospitalier Universitaire de Nantes,I3019204325,no
"Department of nephrology and immunology, ITUN, INSERM UMR, S-1064 CHU de Nantes, France. Electronic address: fadi.fakhouri@univ-nantes.fr",1,Inserm | Centre Hospitalier Universitaire de Nantes | Institut de Transplantation Urologie en Nephrologie,I154526488 I3019204325 I4210112643,no
"Department of neurology, university hospital of Nantes, 44093 Nantes, France",1,Centre Hospitalier Universitaire de Nantes,I3019204325,no
"Department of oral and maxillo-facial surgery, Nantes University Hospital, 1, place Alexis-Ricordeau, 44093 Nantes cedex 1, France",1,Centre Hospitalier Universitaire de Nantes,I3019204325,no
"Department of pathology, C.H.R.U. of Nantes, Nantes Cedex, France",1,Centre Hospitalier Universitaire de Nantes,I3019204325,no
"Department of pathology, Nantes University Hospital, 44000 Nantes, France",1,Centre Hospitalier Universitaire de Nantes,I3019204325,no
"Department of pediatric anesthesia, Nantes University Hospital, 44000 Nantes, France",1,Centre Hospitalier Universitaire de Nantes,I3019204325,no
"Department of pediatry, Nantes University Hospital, 38, boulevard Jean-Monnet, 44093 Nantes cedex 1, France",1,Centre Hospitalier Universitaire de Nantes,I3019204325,no
"Department of pharmacovigilance, Nantes University Hospital, 44000 Nantes, France",1,Centre Hospitalier Universitaire de Nantes,I3019204325,no
"Department of pharmacy, Nantes University Hospital, Nantes, France",1,Centre Hospitalier Universitaire de Nantes,I3019204325,no
"Department of rheumatology, Nantes university hospital, 1, place Alexis-Ricordeau, 44093 Nantes cedex, France",1,Centre Hospitalier Universitaire de Nantes,I3019204325,no
"Department of “Addictology & Consultation-Liaison psychiatry”, Nantes University Hospital, Nantes, France",1,Centre Hospitalier Universitaire de Nantes,I3019204325,no
"Departments of Dermatology, Nantes University Hospital, Nantes, France",1,Centre Hospitalier Universitaire de Nantes,I3019204325,no
"Departments of Medicine, Nantes University Hospital, Nantes",1,Centre Hospitalier Universitaire de Nantes,I3019204325,no
"Departments of Microbiology, Nantes University Hospital, Nantes",1,Centre Hospitalier Universitaire de Nantes,I3019204325,no
"Departments of Neurology, Nantes University Hospital, Nantes F-44000, France",1,Centre Hospitalier Universitaire de Nantes,I3019204325,no
"Departments of Pediatrics, Nantes University Hospital, Nantes, France",1,Centre Hospitalier Universitaire de Nantes,I3019204325,no
"Departments of Rheumatology, Nantes University Hospital, Nantes, France",1,Centre Hospitalier Universitaire de Nantes,I3019204325,no
"Departments of Stomatology and Maxillofacial Surgery, Nantes University Hospital, Nantes, France",1,Centre Hospitalier Universitaire de Nantes,I3019204325,no
"Dept of Anesthesiology and Intensive Care Medicine, Nantes Univ Hosp, Nantes, France",1,Centre Hospitalier Universitaire de Nantes,I3019204325,no
"Dept of Endocrine and Visceral Surgery, Nantes Univ Hosp, Nantes, France",1,Centre Hospitalier Universitaire de Nantes,I3019204325,no
"Dept of Endocrinology, Nantes Univ Hosp, Nantes, France",1,Centre Hospitalier Universitaire de Nantes,I3019204325,no
"Dept of Medicine, Nantes Univ Hosp, Nantes, France",1,Centre Hospitalier Universitaire de Nantes,I3019204325,no
"Dept of Pathology, Nantes Univ Hosp, Nantes, France",1,Centre Hospitalier Universitaire de Nantes,I3019204325,no
"Dermato-Oncology Department, CRCINA Inserm U1032 & Nantes Hospital, F-44000 Nantes, France",1,Inserm | Centre Hospitalier Universitaire de Nantes,I154526488 I3019204325,no
"Dermato-Oncology department, Nantes Hospital, 1 place Alexis Ricordeau, 44093 Nantes, France, CRCNA, Inserm U892, CNRS 6299, 9 quai Moncousu, 44093 Nantes cedex 1, France",1,Inserm | Centre National de la Recherche Scientifique | Centre Hospitalier Universitaire de Nantes | Centre de Recherche en Cancérologie et Immunologie Intégrée Nantes Angers,I154526488 I1294671590 I3019204325 I4210092509,yes
"Dermatologie, Unité de Dermatologie Pédiatrique, Université de Tours, Inserm 1246-SPHERE, CHRU Tours, Tours",1,Université de Tours | Inserm | Centre Hospitalier Universitaire de Tours,I110017253 I154526488 I4210095477,no
Dermatology Department Nantes University Hospital  44000 Nantes France,1,Centre Hospitalier Universitaire de Nantes,I3019204325,no
Dermatology Department Nantes University Hospital  Nantes France,1,Centre Hospitalier Universitaire de Nantes,I3019204325,no
Dermatology Department Nantes University Hospital CRCINA Nantes University Nantes France,1,Centre Hospitalier Universitaire de Nantes,I3019204325,no
Dermatology Department University Hospital Nantes  Nantes France,1,Centre Hospitalier Universitaire de Nantes,I3019204325,no
"Dermatology Department, Nantes University Hospital , 1, place Alexis-Ricordeau, Nantes , France",1,Centre Hospitalier Universitaire de Nantes,I3019204325,no
"Dermatology Department, Nantes University Hospital , Nantes ,",1,Centre Hospitalier Universitaire de Nantes,I3019204325,no
"Dermatology Department, Nantes University Hospital Center, Place Alexis Ricordeau, 44093 Nantes, France",1,Centre Hospitalier Universitaire de Nantes,I3019204325,no
"Dermatology Department, Nantes University Hospital Center, Place Alexis Ricordeau, 44093 Nantes, France, Department of Biostatistics, Nantes University Hospital Center",1,Centre Hospitalier Universitaire de Nantes,I3019204325,no
"Dermatology Department, Nantes University Hospital, 44000 Nantes, France",1,Centre Hospitalier Universitaire de Nantes,I3019204325,no
"Dermatology Department, Nantes University Hospital, Nantes",1,Centre Hospitalier Universitaire de Nantes,I3019204325,no
"Dermatology Department, Nantes University, CHU Nantes, UMR 1280 PhAN, INRAE, F-44000, Nantes, France",1,"Centre Hospitalier Universitaire de Nantes | Institut National de Recherche pour l'Agriculture, l'Alimentation et l'Environnement | PhysioPathologie des Adaptations Nutritionnelles",I3019204325 I4210088668 I4210162532,yes
"Dermatology Department, University Hospital of Nantes , Nantes ,",1,Centre Hospitalier Universitaire de Nantes,I3019204325,no
"Dermatology Department, University Hospital of Nantes, Nantes, France",1,Centre Hospitalier Universitaire de Nantes,I3019204325,no
"Dermatology Dept, Nantes University Hospital, 1, place A.-Ricordeau, BP 1005, 44093 Nantes cedex 01, France",1,Centre Hospitalier Universitaire de Nantes,I3019204325,no
"Dermatology Derpartment, Nantes University Hospital, Nantes, France",1,Centre Hospitalier Universitaire de Nantes,I3019204325,no
Dermatology Unit Nantes University Hospital  Nantes France,1,Centre Hospitalier Universitaire de Nantes,I3019204325,no
"Dermatology Unit, Nantes University Hospital, France",1,Centre Hospitalier Universitaire de Nantes,I3019204325,no
"Dermatology Unit, Nantes University Hospital, Nantes University Hospital, 1, place Alexis-Ricordeau, 44000 Nantes, France",1,Centre Hospitalier Universitaire de Nantes,I3019204325,no
Dermatology University Hospital of Nantes Nantes France,1,Centre Hospitalier Universitaire de Nantes,I3019204325,no
Dermatology department CRCINA University Nantes France,1,,,no
"Dermatology department, Nantes University Hospital, 1 place A. Ricordeau, 44093 Nantes, France, CRCNA, Inserm U892, CNRS 6299, 9 quai Moncousu, 44093 Nantes Cedex 1, France",1,Inserm | Centre Hospitalier Universitaire de Nantes | Centre de Recherche en Cancérologie et Immunologie Intégrée Nantes Angers,I154526488 I3019204325 I4210092509,yes
"Dermatology department, Nantes university hospital, 44093 Nantes, France",1,Centre Hospitalier Universitaire de Nantes,I3019204325,no
"Dermatology, Nantes University Hospital, 44000 Nantes, France",1,Centre Hospitalier Universitaire de Nantes,I3019204325,no
"Département de Chirurgie Infantile, Nantes University Hospital, Nantes, France",1,Centre Hospitalier Universitaire de Nantes,I3019204325,no
Diabetology Department Nantes University Hospital  Nantes France,1,Centre Hospitalier Universitaire de Nantes,I3019204325,no
"Diagnostic and Interventional Neuroradiology Department, University Hospital of Nantes, Nantes, France",1,Centre Hospitalier Universitaire de Nantes,I3019204325,no
"Digestive Disease Institute, Nantes University Hospital, Nantes, France",1,Centre Hospitalier Universitaire de Nantes,I3019204325,no
"Digestive Disease Institute, University Hospital of Nantes, Nantes, France",1,Centre Hospitalier Universitaire de Nantes,I3019204325,no
"Digestive Diseases Institute, University Hospital of Nantes, 44035 Nantes, France",1,Centre Hospitalier Universitaire de Nantes,I3019204325,no
"Digestive Surgery Department, Nantes University Hospital, Nantes, France",1,Centre Hospitalier Universitaire de Nantes,I3019204325,no
"Digestive and Endocrine Surgery Unit, Nantes University Hospital, Nantes, France",1,Centre Hospitalier Universitaire de Nantes,I3019204325,no
"Digestive and endocrine surgery clinic, IMAD, Hôtel Dieu, CHU de Nantes, place Alexis-Ricordeau, 44093 Nantes cedex 01, France; UMR INSERM U1235, Faculté de médecine, 1, rue Gaston Veil, 44035 Nantes Cedex, France",1,Inserm | Centre Hospitalier Universitaire de Nantes,I154526488 I3019204325,no
"Dimitri Béchacq est anthropologue, chargé de recherche CNRS rattaché au Centre de Recherche sur les Pouvoirs Locaux dans la Caraïbe (CRPLC), UMR 8053/université des Antilles, et associé au laboratoire LADIREP de la Faculté d’ethnologie (université d’État d’Haïti). Coéditeur de La Révolution haïtienne au-delà de ses frontières (2006, Karthala), il a publié plusieurs articles sur l’histoire et les enjeux de la migration et des usages sociaux et politiques du vodou, en Haïti et dans la diaspora. Auteur d’une thèse sur les Pratiques migratoires entre Haïti et la France. Des élites d’hier aux diasporas d’aujourd’hui (2010, EHESS), il étudie ces pratiques à partir des Antilles françaises, notamment dans le cadre du projet ANR ALTER qu’il coordonne (Histoires orales alternatives dans la Caraïbe, XIXe-XXIe siècles). Membre de la JEHAI (L’ethnologie en Haïti. Écrire l’histoire de la discipline pour accompagner son renouveau",1,Centre National de la Recherche Scientifique | University of Haiti | Laboratoire Caribéen de Sciences Sociales,I1294671590 I4210089485 I4387155843,no
"Directeur de Recherche au CNRS, UMR 6566, CReAAH, Laboratoire Archéosciences, Bâtiment 24-25, University of Rennes 1 - Campus de Beaulieu, 35042 Rennes Cedex, France",1,"Université de Rennes | Centre National de la Recherche Scientifique | Centre de Recherche en Archéologie, Archéosciences, Histoire | Université Rennes 1",I56067802 I1294671590 I4387153012 I4405258264,yes
"Direction de La Recherche Et de L'Innovation, CHU de Nantes, Nantes, France",1,Centre Hospitalier Universitaire de Nantes,I3019204325,no
"Direction de la Recherche CHU Nantes, Nantes, France",1,Centre Hospitalier Universitaire de Nantes,I3019204325,no
"Direction de la Recherche et de l'Innovation, Nantes University Hospital, Nantes, France",1,Centre Hospitalier Universitaire de Nantes,I3019204325,no
"Direction de la Recherche et de l’innovation, Plateforme de méthodologie et biostatistique, CHU de Nantes, Nantes, France",1,Centre Hospitalier Universitaire de Nantes,I3019204325,no
"Direction de la Recherche, CHU Nantes, Nantes, France",1,Centre Hospitalier Universitaire de Nantes,I3019204325,no
"Direction de la Recherche, CHU de Nantes  Nantes France",1,Centre Hospitalier Universitaire de Nantes,I3019204325,no
"Direction de la Recherche, Plateforme de Méthodologie et de Biostatistiques, CHU de Nantes, Nantes, France",1,Centre Hospitalier Universitaire de Nantes,I3019204325,no
"Direction de la recherche et de l’innovation, CHU Nantes, Nantes, France",1,Centre Hospitalier Universitaire de Nantes,I3019204325,no
"Direction de la recherche et de l’innovation, CHU de Nantes, Nantes, France",1,Centre Hospitalier Universitaire de Nantes,I3019204325,no
"Direction de la recherche et de l’innovation, Plateforme de Méthodologie et Biostatistique, CHU de Nantes , Nantes,",1,Centre Hospitalier Universitaire de Nantes,I3019204325,no
"Direction de la recherche, CHU Nantes, Nantes",1,Centre Hospitalier Universitaire de Nantes,I3019204325,no
"Direction de la recherche, plateforme de méthodologie et biostatistique, CHU de Nantes, Nantes, France",1,Centre Hospitalier Universitaire de Nantes,I3019204325,no
"Direction de la recherche, CHU de Nantes, Nantes, France",1,Centre Hospitalier Universitaire de Nantes,I3019204325,no
"Director INSERM UMR 1064-Center for Research in Transplantation and Immunology CHU de Nantes. 30, Boulevard Nantes France",1,Inserm | Centre Hospitalier Universitaire de Nantes,I154526488 I3019204325,no
"Division of Haematology, Nantes University Hospital, Nantes, France",1,Centre Hospitalier Universitaire de Nantes,I3019204325,no
"Division of Hematology, Nantes University Hospital; INSERM U1232 CNRS, CRCINA, Nantes, France",1,Inserm | Centre National de la Recherche Scientifique | Centre Hospitalier Universitaire de Nantes | Centre de Recherche en Cancérologie et Immunologie Intégrée Nantes Angers,I154526488 I1294671590 I3019204325 I4210092509,yes
"Division of Hematology, University Hospital of Nantes, France",1,Centre Hospitalier Universitaire de Nantes,I3019204325,no
"Division of Hematology, University Hospital of Nantes, Nantes, France",1,Centre Hospitalier Universitaire de Nantes,I3019204325,no
"Division of Infectious Diseases , Nantes University Hospital , Nantes , France",1,Centre Hospitalier Universitaire de Nantes,I3019204325,no
"Division of nuclear medicine, Nantes university hospital, Nantes, France",1,Centre Hospitalier Universitaire de Nantes,I3019204325,no
"Docteur en droit de l'Université de Nantes, Chercheur de l'Instituto de Investigaciones Jurídicas de l'Université du Costa Rica/Chercheur associé à l'Institut Ouest : Droit et Europe (IODE) de l'Université de Rennes 1, 12, square Yves Le Febvre, 35700 Rennes, France, courriel :",1,Université de Rennes | Institut de l'Ouest : Droit et Europe | Université Rennes 1 | Université de Nantes,I56067802 I4210128017 I4405258264 I4405260337,yes
"Docteur en droit de l’Université de Nantes, Chercheur de l’Instituto de Investigaciones Jurídicas de l’Université du Costa Rica/Chercheur associé à l’Institut Ouest : Droit et Europe (IODE) de l’Université de Rennes 1, 12, square Yves Le Febvre, 35700 Rennes, France, courriel :",1,Université de Rennes | Institut de l'Ouest : Droit et Europe | Université Rennes 1 | Université de Nantes,I56067802 I4210128017 I4405258264 I4405260337,yes
"Docteure en science politique et maître de conférences en sociologie à l’IUT de la Roche-sur-Yon-Université de Nantes, Cégolène Frisque a notamment publié : L’objet femme, Paris, La Documentation française, 1997 ; et dirigé (avec Béatrice Damian et Eugénie Saitta) Le journalisme « au féminin » : assignations, inventions, stratégies, Rennes, Presses Universitaires de Rennes, 2010. Elle travaille sur les journalistes de la presse quotidienne régionale, la diversité de leurs rapports au métier et de leurs positionnements, sur la féminisation de la profession et les rapports de genre, les formes de précarité dans le journalisme, ainsi que sur les politiques sociales du logement (<cegolene.frisque@univ-nantes.fr>)",1,Université de Nantes,I4405260337,yes
Doctorant en géographie à l'Université de Nantes UMR 6590 ESO,1,Espaces et Sociétés,I4387153532,yes
"Doctorant en sociologie (Cerlis / université Paris-Descartes -Cesaer/Inra -Cens / université de Nantes) Cerlis , 45 rue des Saints-Pères , 75270 Paris cedex 06 , France",1,Centre de Recherche sur les Liens Sociaux | Université Paris Descartes | Université de Nantes,I4210110823 I4387156284 I4405260337,yes
"Doctorant en sociologie, laboratoire Ambiances, architectures, urbanités, équipe Centre de recherche nantais architectures, urbanités (AAU-Crenau)",1,"AAU - Ambiances, Architectures, Urbanités | Centre Nantais de Sociologie",I4210162214 I4210153136,yes
"Doctorant en études urbaines, Équipe DATE – UMR CITERES – Université de Tours, CRENAU – UMR AAU – ENSA Nantes",1,"Université de Tours | École Nationale Supérieure d'Architecture de Nantes | CItés, Territoires, Environnement et Sociétés | AAU - Ambiances, Architectures, Urbanités",I110017253 I4210107693 I4210159382 I4210162214,yes
Doctorant à l'Université de Nantes LAGON-CRGNA et LARGECIA (ENITIAA de Nantes),1,École Nationale d'Ingénieurs des Techniques des Industries Agro-Alimentaires,I4210153104,no
"Doctorante (cotutelle), Université Cheikh Anta Diop de Dakar, Laboratoire de géomorphologie et d'hydrologie, Sénégal, Université Rennes 2, UMR ESO 6590 CNRS, France, adresse courriel :",1,Cheikh Anta Diop University | Centre National de la Recherche Scientifique | Université Rennes 2 | Espaces et Sociétés,I96840727 I1294671590 I3124938446 I4387153532,yes
"Doctorante, Université de Caen Normandie/UMR CNRS 6590 ESO, ATER, Nantes UniversitéUniversité de Caen Normandie/UMR CNRS 6590 ESOMaison de la Recherche en Sciences HumainesEsplanade de la Paix14032 Caen CEDEX",1,Université de Caen Normandie | Centre National de la Recherche Scientifique | Maison de la Recherche en Sciences Humaines | Espaces et Sociétés,I98702875 I1294671590 I4210092013 I4387153532,yes
"Département Automatique Productique et Informatique, IMT Atlantique, CNRS, LS2N, UMR CNRS 6004  Nantes France",1,Centre National de la Recherche Scientifique | Laboratoire des Sciences du Numérique de Nantes | IMT Atlantique,I1294671590 I4210117005 I4210127572,yes
"Département Automatique, Productique et Informatique, IMT Atlantique CNRS, LS2N, UMR CNRS  6004 Nantes France",1,Centre National de la Recherche Scientifique | Laboratoire des Sciences du Numérique de Nantes | IMT Atlantique,I1294671590 I4210117005 I4210127572,yes
"Département Automatique, Productique et Informatique, Laboratory of Digital Sciences of Nantes (LS2N), IMT Atlantique, Nantes, France",1,Laboratoire des Sciences du Numérique de Nantes | IMT Atlantique,I4210117005 I4210127572,yes
"Département Génie Industriel et Maintenance, Institue De Recherche En Énergie Électrique De Nantes Atlantique (IREENA), Nantes, France",1,Institut de Recherche en Energie Electrique de Nantes Atlantique,I4392021119,yes
"Département Informatique, IUT de Nantes, 3 rue du Maréchal Joffre, 44 000, Nantes, France",1,,,no
"Département Laser, Faculté de Pharmacie, Nantes, France",1,,,no
"Département d'Anesthésiologie, Nantes",1,,,no
"Département d'odontologie pédiatrique, faculté de chirurgie dentaire de Nantes, 44042 Nantes cedex 01, France",1,,,no
"Département d'odontologie pédiatrique, faculté de chirurgie dentaire de Nantes, 44042 Nantes cedex 01, France; Service d'odontologie conservatrice et pédiatrique, CHU de Nantes, 44000 Nantes, France; Inserm UMRS 1064, Centre de recherche en transplantation et en immunologie, 44093 Nantes cedex 01, France. Electronic address: brigitte.alliot-licht@univ-nantes.fr",1,Inserm | Centre Hospitalier Universitaire de Nantes,I154526488 I3019204325,no
"Département d'orthopédie dento-faciale, Faculté dentaire de Nantes, CHU de Nantes, 1 place Alexis Ricordeau, 44093 Nantes, France. Electronic address: stephane.renaudin@univ-nantes.fr",1,Centre Hospitalier Universitaire de Nantes,I3019204325,no
"Département de Chirurgie Infantile, Nantes University Hospital, Nantes, France",1,Centre Hospitalier Universitaire de Nantes,I3019204325,no
"Département de Mathématiques , 2, rue de la Houssiniére, Nantes cedex 03, BP 92208, 44322, France E-mail: nicoleau@math.univ-nantes.fr",1,,,no
Département de Mathématiques Université de Nancy I,1,Université de Lorraine,I90183372,no
"Département de Mathématiques, UMR 6629, Faculté des Sciences, 2, rue de la Houssinière,  F‐44322 Nantes Cedex 03, France  E‐mail: anne@math.univ‐nantes.fr",1,Laboratoire de Mathématiques Jean Leray,I4210153365,yes
"Département de Médecine Nucléaire , CHU de Nantes , Nantes ;",1,Centre Hospitalier Universitaire de Nantes,I3019204325,no
"Département de Médecine d'Urgence, Nantes University Hospital, Nantes, France",1,Centre Hospitalier Universitaire de Nantes,I3019204325,no
"Département de Nephrologie, INSERM UMR643, CHU de Nantes, 1 place Alexis-Ricordeau, 44000 Nantes, France",1,Inserm | Centre Hospitalier Universitaire de Nantes,I154526488 I3019204325,no
"Département de Pharmacologie, UER de Médecine, Nantes, France",1,,,no
"Département de bactériologie et d'hygiène hospitalière, CRCINA Inserm 1232, CIC 1413, université Nantes, CHU Nantes, France",1,Inserm | Centre Hospitalier Universitaire de Nantes | Centre de Recherche en Cancérologie et Immunologie Intégrée Nantes Angers | Centre d'Investigation Clinique de Nantes,I154526488 I3019204325 I4210092509 I4210128055,yes
"Département de bactériologie et d’hygiène hospitalière, CRCINA Inserm 1232, CIC 1413, université Nantes, CHU Nantes, France",1,Inserm | Centre Hospitalier Universitaire de Nantes | Centre de Recherche en Cancérologie et Immunologie Intégrée Nantes Angers | Centre d'Investigation Clinique de Nantes,I154526488 I3019204325 I4210092509 I4210128055,yes
"Département de biologie, CHU de Nantes, Nantes, France",1,Centre Hospitalier Universitaire de Nantes,I3019204325,no
"Département de neurologie, CHU de Nantes, 44093 Nantes, France; Inserm, U913, 44093 Nantes, France",1,Inserm | Centre Hospitalier Universitaire de Nantes,I154526488 I3019204325,no
"Département de parodontologie, UIC odontologie, LIOAD U 791, CHU de Nantes, 1, place Alexis-Ricordeau, BP 84215, 44042 Nantes cedex 1, France. Electronic address: assem.soueidan@univ-nantes.fr",1,Centre Hospitalier Universitaire de Nantes | Le Laboratoire d'Ingénierie Ostéo-Articulaire et Dentaire,I3019204325 I4210150746,yes
"Département de pharmacologie, Faculté de médecine, 44035 Nantes Cedex, France",1,,,no
"EA 1156-12, Nantes University Hospital, Nantes, France",1,Centre Hospitalier Universitaire de Nantes,I3019204325,no
"EA 1156-12, Nantes University Hospital, Nantes, France;",1,Centre Hospitalier Universitaire de Nantes,I3019204325,no
EA 2160 MMS UFR Pharmacie 44 000 Nantes France,1,,,no
"EA 2160 MMS UFR Pharmacie 44 000, Nantes, France",1,,,no
"EA 3256 ""Neurobiologie de l'Anxiété et de la Dépression"", Faculté de Médecine, BP 53508, 1 rue Gaston Veil, F44035 Nantes cedex 01, France",1,,,no
"EA 3256 Neurobiologie de l'anxiété et de la dépression, Faculté de médecine, BP 53508, F 44035 Nantes Cedex 1",1,,,no
EA 3826 Thérapeutiques Cliniques et Expérimentales des Infections Nantes University Hospital Nantes France,1,Centre Hospitalier Universitaire de Nantes,I3019204325,no
"EA 4275, biostatistics, pharmacoepidemiology and subjective measures in health, Nantes university hospital, 44093 Nantes, France",1,Centre Hospitalier Universitaire de Nantes,I3019204325,no
"EA 4638 LPPL, University of Angers, France",1,Université d'Angers,I49451733,no
"EA 4638 Psychology Laboratory of the Pays de la Loire, (LPPL), Department of Psychology, University of Angers, Angers, France;",1,Université d'Angers | Laboratoire de Psychologie des Pays de la Loire,I49451733 I4210089331,yes
"EA3822; INSERM ERI 7; Laboratoire de Physiopathologie de la Résorption Osseuse. Faculté de Médecine, 1 rue Gaston Veil. 44035 Nantes cedex 1 France",1,Inserm,I154526488,no
"EA4275-SPHERE “bioStatistics, Pharmacoepidemiology and Human sciEnces Research tEam”, Nantes, France",1,,,no
"EA7463, Centre Atlantique de PHIlosophie (CAPHI), université de Rennes 1, 35000, Rennes, France",1,Université de Rennes | Centre Atlantique de Philosophie | Université Rennes 1,I56067802 I4387152714 I4405258264,yes
"EBSI Team, CEISAM Nantes University, CNRS UMR 6230  Nantes F‐44322 France",1,"Centre National de la Recherche Scientifique | Chimie et Interdisciplinarité, Synthèse, Analyse, Modélisation",I1294671590 I4210138474,yes
"EBSI Team, CEISAM, Nantes University, CNRS UMR 6230, Nantes, F-44322 France",1,"Centre National de la Recherche Scientifique | Chimie et Interdisciplinarité, Synthèse, Analyse, Modélisation",I1294671590 I4210138474,yes
"ECN, LS2N UMR 6004, 1 rue de la Noë, BP 92101, F-44321 Nantes, FRANCE",1,École Centrale de Nantes | Laboratoire des Sciences du Numérique de Nantes,I100445878 I4210117005,yes
"ECN, LS2N, Nantes, France",1,Laboratoire des Sciences du Numérique de Nantes,I4210117005,yes
"ECN-LS2N, Nantes, France",1,Laboratoire des Sciences du Numérique de Nantes,I4210117005,yes
"EM INSERM 9903, Research Center on Materials of Biological Interest, 1 Place Alexis Ricordeau, 44042 Nantes Cedex 1, France, tel: +33 240 412 916; fax: +33 240 083 712",1,Inserm,I154526488,no
"EMI 99 03, Dental Surgery Faculty, INSERM Research Center on Materials of Biological Interest, Place A. Ricordeau, 44042 Nantes Cedex, France",1,Inserm,I154526488,no
"ENT Department, University Hospital, Nantes, France",1,Centre Hospitalier Universitaire de Nantes,I3019204325,no
"EP CNRS 1593, Développement et Physiologie des Structures Contractiles, Faculté des Sciences et des Techniques, 2, rue de la Houssinière, 44322 Nantes",1,Centre National de la Recherche Scientifique,I1294671590,no
"EPUN, rue christian Pauc 44306 Nantes Cedex 3, France. e-mail: safwan.elassad@univ-nantes.fr",1,,,no
"ESEO High School of Engineering, IREENA Lab EA 4642, Angers, France",1,École Supérieure d'Électronique de l'Ouest | Institut de Recherche en Energie Electrique de Nantes Atlantique,I4210149659 I4392021119,yes
"ESEO School of Engineering IREENA Lab EA 4642, 10 Bd Jean Jeanneteau, Angers, France",1,École Supérieure d'Électronique de l'Ouest,I4210149659,no
"ESEO School of Engineering,Ireena Lab UR 4642,Angers,France",1,École Supérieure d'Électronique de l'Ouest,I4210149659,no
"ESEO Tech - IREENA Lab EA 4642, Ecole Supérieure d'Electronique de l'Ouest, Angers, France",1,École Supérieure d'Électronique de l'Ouest | Institut de Recherche en Energie Electrique de Nantes Atlantique,I4210149659 I4392021119,yes
"ESEO Tech - IREENA Lab EA 4642, Ecole Supérieure d’Electronique de l’Ouest, Angers, France",1,École Supérieure d'Électronique de l'Ouest | Institut de Recherche en Energie Electrique de Nantes Atlantique,I4210149659 I4392021119,yes
"ESEO Tech - IREENA Lab EA 4642, Université d'Angers, Angers, France",1,Université d'Angers | École Supérieure d'Électronique de l'Ouest | Institut de Recherche en Energie Electrique de Nantes Atlantique,I49451733 I4210149659 I4392021119,yes
"ESEO Tech - IREENA Lab EA 4642, Université d’Angers, Angers, France",1,Université d'Angers | École Supérieure d'Électronique de l'Ouest | Institut de Recherche en Energie Electrique de Nantes Atlantique,I49451733 I4210149659 I4392021119,yes
"ESEO, 10 Bd Jeanneteau 49100 Angers IREENA Lab UR 4642, France Saint-Joseph University of Beirut",1,Saint Joseph University | École Supérieure d'Électronique de l'Ouest | Institut de Recherche en Energie Electrique de Nantes Atlantique,I184679254 I4210149659 I4392021119,yes
"ESEO,IREENA Lab UR 4642,Angers,France",1,École Supérieure d'Électronique de l'Ouest,I4210149659,no
"ESEO-IREENA EA 4642, 10 Bd Jeanneteau, 49100 Angers, France",1,École Supérieure d'Électronique de l'Ouest,I4210149659,no
"ESEO-IREENA EA 4642, Angers, France",1,École Supérieure d'Électronique de l'Ouest,I4210149659,no
"ESEO-IREENA UR 4642, 10 Bd Jeanneteau, 49100 Angers, France",1,École Supérieure d'Électronique de l'Ouest | Institut de Recherche en Energie Electrique de Nantes Atlantique,I4210149659 I4392021119,yes
"Ecole Cent Nantes, LS2N, CNRS, UMR 6004, Nantes, France",1,Centre National de la Recherche Scientifique | Laboratoire des Sciences du Numérique de Nantes,I1294671590 I4210117005,yes
"Ecole Centrale Nantes, CNRS, LS2N",1,École Centrale de Nantes | Centre National de la Recherche Scientifique | Laboratoire des Sciences du Numérique de Nantes,I100445878 I1294671590 I4210117005,yes
"Ecole Centrale Nantes, ECN,Laboratoire des Sciences du Numerique de Nantes (LS2N),Nantes,France",1,École Centrale de Nantes | Laboratoire des Sciences du Numérique de Nantes,I100445878 I4210117005,yes
"Ecole Centrale Nantes, LS2N UMR CNRS 6004, Nantes, France",1,École Centrale de Nantes | Centre National de la Recherche Scientifique | Laboratoire des Sciences du Numérique de Nantes,I100445878 I1294671590 I4210117005,yes
"Ecole Centrale Nantes, LS2N, CNRS UMR 6004, Nantes, France",1,École Centrale de Nantes | Centre National de la Recherche Scientifique | Laboratoire des Sciences du Numérique de Nantes,I100445878 I1294671590 I4210117005,yes
"Ecole Centrale Nantes, LS2N, UMR CNRS 6004, 1 rue de la Noe, BP 92101, 44321 Cedex 3, Nantes, France",1,École Centrale de Nantes | Centre National de la Recherche Scientifique | Laboratoire des Sciences du Numérique de Nantes,I100445878 I1294671590 I4210117005,yes
"Ecole Centrale Nantes, LS2N, UMR CNRS 6004, 1 rue de la Noë, BP 92101, 44321 Nantes Cedex 3, France",1,École Centrale de Nantes | Centre National de la Recherche Scientifique | Laboratoire des Sciences du Numérique de Nantes,I100445878 I1294671590 I4210117005,yes
"Ecole Centrale Nantes,LS2N UMR 6004 CNRS,France",1,École Centrale de Nantes | Centre National de la Recherche Scientifique | Laboratoire des Sciences du Numérique de Nantes,I100445878 I1294671590 I4210117005,yes
"Ecole Centrale Nantes,Laboratoire Des Sciences du Num&#x00E9;rique de Nantes (LS2N),Nantes,France,44000",1,École Centrale de Nantes | Laboratoire des Sciences du Numérique de Nantes,I100445878 I4210117005,yes
"Ecole Centrale Nantes-LS2N 1, rue de la Noë, Nantes Cedex 3, France",1,École Centrale de Nantes | Laboratoire des Sciences du Numérique de Nantes,I100445878 I4210117005,yes
"Ecole Centrale Nantes-LS2N Laboratoire,Nantes,France,44000",1,École Centrale de Nantes | Laboratoire des Sciences du Numérique de Nantes,I100445878 I4210117005,yes
"Ecole Centrale Nantes-LS2N-CNRS, 44300 Nantes, France",1,École Centrale de Nantes | Centre National de la Recherche Scientifique | Laboratoire des Sciences du Numérique de Nantes,I100445878 I1294671590 I4210117005,yes
"Ecole Centrale Nantes—LS2N (Laboratoire des Sciences du Numérique de Nantes), 1 Rue de la Noë, CEDEX 3, 44000 Nantes, France",1,École Centrale de Nantes | Laboratoire des Sciences du Numérique de Nantes,I100445878 I4210117005,yes
Ecole Centrale de Nantes - LS2N,1,École Centrale de Nantes | Laboratoire des Sciences du Numérique de Nantes,I100445878 I4210117005,yes
"Ecole Centrale de Nantes - LS2N,France",1,École Centrale de Nantes | Laboratoire des Sciences du Numérique de Nantes,I100445878 I4210117005,yes
"Ecole Centrale de Nantes in Laboratoire des Sciences du Numériques de Nantes, Nantes, France",1,École Centrale de Nantes | Laboratoire des Sciences du Numérique de Nantes,I100445878 I4210117005,yes
"Ecole Centrale de Nantes – LS2N, UMR CNRS 6597, 1 rue de la Noë, Nantes, France",1,École Centrale de Nantes | Centre National de la Recherche Scientifique | Laboratoire des Sciences du Numérique de Nantes,I100445878 I1294671590 I4210117005,yes
"Ecole Centrale de Nantes, LS2N CNRS, 44300 Nantes, France",1,École Centrale de Nantes | Centre National de la Recherche Scientifique | Laboratoire des Sciences du Numérique de Nantes,I100445878 I1294671590 I4210117005,yes
"Ecole Centrale de Nantes, LS2N Laboratory, CNRS, France",1,École Centrale de Nantes | Centre National de la Recherche Scientifique | Laboratoire des Sciences du Numérique de Nantes,I100445878 I1294671590 I4210117005,yes
"Ecole Centrale de Nantes, LS2N UMR CNRS 6004, 1 Rue de la Noë, 44300 Nantes, France",1,École Centrale de Nantes | Centre National de la Recherche Scientifique | Laboratoire des Sciences du Numérique de Nantes,I100445878 I1294671590 I4210117005,yes
"Ecole Centrale de Nantes, LS2N UMR CNRS 6004, 44200 Nantes, France",1,École Centrale de Nantes | Centre National de la Recherche Scientifique | Laboratoire des Sciences du Numérique de Nantes,I100445878 I1294671590 I4210117005,yes
"Ecole Centrale de Nantes, LS2N, 44300, Nantes, France",1,École Centrale de Nantes | Laboratoire des Sciences du Numérique de Nantes,I100445878 I4210117005,yes
"Ecole Centrale de Nantes, LS2N, UMR CNRS 6004, 1 rue de la Noe, BP 92101, CEDEX 3, 44321 Nantes, France",1,École Centrale de Nantes | Centre National de la Recherche Scientifique | Laboratoire des Sciences du Numérique de Nantes,I100445878 I1294671590 I4210117005,yes
"Ecole Centrale de Nantes, Laboratoire des Sciences du Numérique de Nantes (LS2N), 1 Rue de la Noë, 44321 Nantes, France",1,École Centrale de Nantes | Laboratoire des Sciences du Numérique de Nantes,I100445878 I4210117005,yes
"Ecole Centrale de Nantes, Laboratory LS2N, Nantes, France",1,École Centrale de Nantes | Laboratoire des Sciences du Numérique de Nantes,I100445878 I4210117005,yes
"Ecole Centrale de Nantes, Nantes Universit&#x00E9;,LS2N Laboratory,Nantes,France,44300",1,École Centrale de Nantes | Laboratoire des Sciences du Numérique de Nantes,I100445878 I4210117005,yes
"Ecole Centrale de Nantes, Nantes Universit&#x00E9;,Robotics LS2N UMR CNRS 6004,Dept. of Automatic Control,Nantes,France",1,École Centrale de Nantes | Centre National de la Recherche Scientifique | Laboratoire des Sciences du Numérique de Nantes,I100445878 I1294671590 I4210117005,yes
"Ecole Centrale de Nantes,LS2N, UMR CNRS,Nantes,France,6004",1,École Centrale de Nantes | Centre National de la Recherche Scientifique | Laboratoire des Sciences du Numérique de Nantes,I100445878 I1294671590 I4210117005,yes
"Ecole Centrale de NantesEcole Centrale de Nantes,Laboratoire des Sciences du Num&#x00E9;rique de Nantes (LS2N),France",1,École Centrale de Nantes | Laboratoire des Sciences du Numérique de Nantes,I100445878 I4210117005,yes
"Ecole Centrale de Nantes—Laboratoire des Sciences du Numérique de Nantes (LS2N), F-44000 Nantes, France",1,École Centrale de Nantes | Laboratoire des Sciences du Numérique de Nantes,I100445878 I4210117005,yes
"Ecole Nat. des Sci. Geographiques (ENSG), Ecole Polytech. Univ. of Nantes, Nantes, France",1,,,no
"Ecole Polytechnique de l'Université de Nantes, Division SETRA, IRCCyN, UMR CNRS 6597, 44306 Nantes France",1,Centre National de la Recherche Scientifique | Institut de recherche en communications et cybernétique de Nantes,I1294671590 I4405278184,yes
"Ecole Polytechnique de l'Université de Nantes-Laboratoire de Thermocinétique, UMR CNRS 6607 Rue Christian Pauc, 44306 Nantes, France",1,Centre National de la Recherche Scientifique | Laboratoire de Thermique et Energie de Nantes,I1294671590 I4210109587,yes
"Ecole Polytechnique de l'Université de Nantes—Laboratoire de Thermocinétique, Rue Christian Pauc, 44306 Nantes, France",1,Laboratoire de Thermique et Energie de Nantes,I4210109587,yes
"Ecole Polytechnique de l'Université de Nantes, Institut de Recherche en Electrotechnique et Electronique de Nantes Atlantique (IREENA), Nantes, France",1,Institut de Recherche en Energie Electrique de Nantes Atlantique,I4392021119,yes
"Ecole Polytechnique de l'Université de Nantes, Institut de Recherche en Electrotechnique et Electronique de Nantes Atlantique (IREENA), Rue Christian Pauc, BP 50609, 44306, Nantes, Cedex 3, France",1,Institut de Recherche en Energie Electrique de Nantes Atlantique,I4392021119,yes
"Ecole Polytechnique de l'Université de Nantes‐Laboratoire de Thermocinétique, UMR CNRS 6607 Rue Christian Pauc, 44306 Nantes, France",1,Centre National de la Recherche Scientifique | Laboratoire de Thermique et Energie de Nantes,I1294671590 I4210109587,yes
"Ecole Polytechnique de l'Université de Nantes—Laboratoire de Thermocinétique, Rue Christian Pauc, 44306 Nantes, France",1,Laboratoire de Thermique et Energie de Nantes,I4210109587,yes
"Ecole Polytechnique de l'université de Nantes, LTN-UMR CNRS6607, Rue Christian Pauc, BP 50609, 44306 Nantes Cdx 03, France",1,Centre National de la Recherche Scientifique | Laboratoire de Thermique et Energie de Nantes,I1294671590 I4210109587,yes
"Ecole Polytechnique de l’Universite´ de Nantes, Nantes, France; Khorramshahr University of Marine Sciences and Technology, Iran",1,Khorramshahr University of Marine Science and Technology,I4210139445,no
"Ecole Polytechnique de l’Universite´ de Nantes, Nantes; PSA Peugeot Citroe¨n, Ve´lizy Villacoublay, France",1,PSA Peugeot Citroën (France),I268709337,no
"Ecole Polytechnique de l’Université de Nantes Thin Films and Nanosynthesis Laboratory, Materials Program, Mechanical and Aerospace Engineering Department, , Buffalo, New York 14260 USA and Départment Science des Matériaux, , 44306 Nantes, Cedex 03, France",1,École Polytechnique,I142476485,no
"Ecole Polytechnique de l’Université de Nantes, Laboratoire de Thermocinétique––UMR CNRS 6607, Rue Christian Pauc, La Chantrerie––BP 90604, 44306 Nantes Cedex 3, France",1,Centre National de la Recherche Scientifique | Laboratoire de Thermique et Energie de Nantes,I1294671590 I4210109587,yes
"Ecole Sup&#x00E9;rieure d&#x2019;Electronique de l&#x2019;Ouest,ESEO Tech - IREENA Lab,Angers,France",1,École Supérieure d'Électronique de l'Ouest,I4210149659,no
Ecole Supérieure des Mines de Nantes - Université Européenne de Rennes 2 (France),1,Université Rennes 2,I3124938446,no
Ecole des Mines de Nantes - Université Paris Ouest La défense,1,École nationale supérieure des Mines de Nantes,I4405265706,no
Ecole des Mines de Nantes - Université Paris Ouest Nanterre La défense,1,Université Paris Nanterre | École nationale supérieure des Mines de Nantes,I40434647 I4405265706,no
Ecole des Mines de Nantes - Université de Rennes 2,1,Université Rennes 2 | École nationale supérieure des Mines de Nantes,I3124938446 I4405265706,no
"Ecole des Mines de Nantes, CNRS, GEPEA, UMR 6144, LUNAM University, 4 Rue Alfred Kastler, B.P. 20722, 44307, Nantes Cedex 3, France",1,Centre National de la Recherche Scientifique | Laboratoire de Génie des Procédés – Environnement – Agro-alimentaire | École nationale supérieure des Mines de Nantes,I1294671590 I4210148006 I4405265706,yes
"Ecole polytechnique de l’Universite de Nantes, CNRS-UMR 6607 Laboratoire de Thermocinetique, B.P. 50609, Rue Christian Pauc, 44306 Nantes Cedex 3, France, Tel.: +33-2-4068-3139",1,Centre National de la Recherche Scientifique | Laboratoire de Thermique et Energie de Nantes,I1294671590 I4210109587,yes
"Ecole polytechnique de l’Universite de Nantes, IRCCyN Lab, France",1,,,no
"Effimune SA/INSERM UMR1064 , Nantes ,",1,Inserm,I154526488,no
Email: lionel.prouteau@univ-nantes.fr http://www.univ-nantes.fr/prouteau-l,1,,,no
"Emergency Department , Nantes University Hospital , Nantes , France, MiHAR Laboratory ,",1,Centre Hospitalier Universitaire de Nantes,I3019204325,no
Emergency Department Nantes University Hospital Nantes France,1,Centre Hospitalier Universitaire de Nantes,I3019204325,no
Emergency Department University hospital Nantes F‐44093 France,1,Centre Hospitalier Universitaire de Nantes,I3019204325,no
"Emergency Department, CHU Nantes, Nantes, France. eric.batard@univ-nantes.fr",1,Centre Hospitalier Universitaire de Nantes,I3019204325,no
"Emergency Department, Nantes University Hospital",1,Centre Hospitalier Universitaire de Nantes,I3019204325,no
"Emergency Department, Nantes University Hospital, 1 Place Alexis-Ricordeau, 44000, Nantes, France",1,Centre Hospitalier Universitaire de Nantes,I3019204325,no
"Emergency Department, Nantes University Hospital, 44000, Nantes, France. emmanuel.montassier@chu-nantes.fr",1,Centre Hospitalier Universitaire de Nantes,I3019204325,no
"Emergency Department, Nantes University Hospital, Nantes",1,Centre Hospitalier Universitaire de Nantes,I3019204325,no
"Emergency Department, Nantes University Hospital, Nantes, France 1",1,Centre Hospitalier Universitaire de Nantes,I3019204325,no
"Emergency Department, Nantes University Hospital, Nantes, Francia",1,Centre Hospitalier Universitaire de Nantes,I3019204325,no
"Emergency Department, University Hospital,  44093, Nantes, France",1,Centre Hospitalier Universitaire de Nantes,I3019204325,no
"Emergency Department, University Hospital, 44093, Nantes, France",1,Centre Hospitalier Universitaire de Nantes,I3019204325,no
"Emergency Department, University hospital, F 44093 Nantes, France",1,Centre Hospitalier Universitaire de Nantes,I3019204325,no
"Emergency Department, University hospital, Nantes, F-44093 France",1,Centre Hospitalier Universitaire de Nantes,I3019204325,no
"Emergency Medicine, Nantes University Hospital, Nantes, France",1,Centre Hospitalier Universitaire de Nantes,I3019204325,no
"Emergency department, Nantes University Hospital , Nantes 44000 , France",1,Centre Hospitalier Universitaire de Nantes,I3019204325,no
"Emergency department, Nantes university hospital, Hôtel-Dieu, 9, quai Moncousu, 44093 Nantes cedex, France",1,Centre Hospitalier Universitaire de Nantes,I3019204325,no
"Emergency-SAMU, Nantes University Hospital, Nantes, France;",1,Centre Hospitalier Universitaire de Nantes,I3019204325,no
"Emeric Scharbarg, Eric Le Carpentier and Claude H. Moog are with LS2N, UMR 6004 CNRS, Nantes, France",1,Centre National de la Recherche Scientifique | Laboratoire des Sciences du Numérique de Nantes,I1294671590 I4210117005,yes
"Endocrinology (A.M.) Departments, University Hospital, 44093 Nantes, France",1,Centre Hospitalier Universitaire de Nantes,I3019204325,no
"Endocrinology (B.C., A.M.) Departments, University Hospital, 44093 Nantes, France",1,Centre Hospitalier Universitaire de Nantes,I3019204325,no
Endocrinology Department Nantes University Hospital  Nantes France,1,Centre Hospitalier Universitaire de Nantes,I3019204325,no
"Endocrinology Department, Nantes University Hospital , Nantes F-44000  ",1,Centre Hospitalier Universitaire de Nantes,I3019204325,no
"Endocrinology Department, Nantes University Hospital , Nantes, France",1,Centre Hospitalier Universitaire de Nantes,I3019204325,no
Endocrinology Nantes University Hospital Nantes France,1,Centre Hospitalier Universitaire de Nantes,I3019204325,no
"Endocrinology and Metabolic Diseases, Nantes University Hospital, Nantes, France",1,Centre Hospitalier Universitaire de Nantes,I3019204325,no
"Endocrinology and Nutrition Department, University Hospital Center of Nantes, 44093, Nantes Cedex, France",1,Centre Hospitalier Universitaire de Nantes,I3019204325,no
"Endocrinology, Nantes University Hospital, Nantes, France",1,Centre Hospitalier Universitaire de Nantes,I3019204325,no
"Engineer, Clinical Pharmacology Department, Nantes University Hospital, France",1,Centre Hospitalier Universitaire de Nantes,I3019204325,no
"Ensea Cergy,LS2N UMR 6004 CNRS, Ecole Centrale Nantes and QUARTZ EA 7393,France",1,École Centrale de Nantes | Centre National de la Recherche Scientifique | Laboratoire des Sciences du Numérique de Nantes | Laboratoire Quartz,I100445878 I1294671590 I4210117005 I4387153943,yes
"Epidemiology and Infection Control Department, Nantes University Hospital , Nantes, France",1,Centre Hospitalier Universitaire de Nantes,I3019204325,no
"Equipe ATIP-Avenir INSERM, UNIV Nantes, CHU Nantes, Nantes, 44000, France",1,Inserm | Centre Hospitalier Universitaire de Nantes,I154526488 I3019204325,no
"Equipe INSERM Matériaux d'intérêt Biologique, Faculté de Chirurgie Dentaire, Nantes, France",1,Inserm,I154526488,no
"Equipe INSERM Matériaux d'intérêt Biologique, Faculté de Chirurgie Dentaire, Nantes, France. gauthier@vet-nantes.fr",1,Inserm,I154526488,no
"Equipe Mixte INSERM 99-03 Matériaux d'Intérêt Biologique, Faculté de Chirurgie Dentaire, BP 84215-44042 Nantes Cedex 1, France",1,Inserm,I154526488,no
"Equipe labellisée Ligue Nationale contre le Cancer 2008, Institut de Recherche thérapeutique de l'Université de Nantes, 44007 Nantes Cedex1, France",1,La Ligue Contre le Cancer,I4210095243,no
"Espaces et Sociétés (ESO), Université Rennes 2, Rennes, France",1,Université Rennes 2 | Espaces et Sociétés,I3124938446 I4387153532,yes
"Etablissement Français du Sang, 44011 Nantes, France; LabEx IGO “Immunotherapy, Graft, Oncology”, F-44000 Nantes, France; LabEx Transplantex, Université de Strasbourg, 67000 Strasbourg, France; Université de Nantes, INSERM U1232 CNRS, CRCINA, F-44000 Nantes, France",1,Université de Strasbourg | Inserm | Centre de Recherche en Cancérologie et Immunologie Intégrée Nantes Angers | Établissement Français du Sang,I68947357 I154526488 I4210092509 I4210128919,yes
"FHU Precicare, Nantes University Hospital, Nantes, France",1,Centre Hospitalier Universitaire de Nantes,I3019204325,no
"FHU Precicare, Nantes University Hospital, Nantes, France. pierre.bourgoin@chu-nantes.fr",1,Centre Hospitalier Universitaire de Nantes,I3019204325,no
"FR CNRS 34 73 , 2 rue de la Houssinière , BP 92208 , 44322 Nantes , France",1,Centre National de la Recherche Scientifique,I1294671590,no
"FRE-CNRS No. 2230 Biocatalyse, Faculté des Sciences et des Techniques 2, rue de la Houssinière, BP 92208, 44322 Nantes Cedex 03, France",1,Centre National de la Recherche Scientifique,I1294671590,no
"FRE-CNRS n (degree). 2230 Biocatalyze, Faculté des Sciences et des Techniques, 2, rue de la Houssinière, BP 92208, 44322 Nantes, France. Charles.Tellier@chimbio.univ-nantes.fr",1,Centre National de la Recherche Scientifique,I1294671590,no
"Fabrice Odobel, Laboratoire CEISAM, UMR CNRS 6230 – Bât. 4 Faculté des Sciences et des Techniques de Nantes, BP 92208 2, rue de la Houssinière 44322 Nantes cedex 03, France",1,"Centre National de la Recherche Scientifique | Chimie et Interdisciplinarité, Synthèse, Analyse, Modélisation",I1294671590 I4210138474,yes
"Fabrice Odobel, Laboratoire CEISAM, UMR CNRS 6230 – Bât. 4 Faculté des Sciences et des Techniques de Nantes, BP 92208 2, rue de la Houssinière 44322 Nantes cedex 03, France",1,"Centre National de la Recherche Scientifique | Chimie et Interdisciplinarité, Synthèse, Analyse, Modélisation",I1294671590 I4210138474,yes
"Faculty of Medicine, INSERM University, Nantes, France",1,Inserm,I154526488,no
"Faculté de Chirurgie Dentaire de Nantes, 44000",1,,,no
"Faculté de Chirurgie Dentaire, 1 place Alexis Ricordeau, 44042, Nantes Cedex 1, France. serena.lopez-cazaux@univ-nantes.fr",1,,,no
"Faculté de Médecine, Chaire d'Anatomie, 1, bd G Veil, F 44035, Nantes Cedex, France",1,,,no
"Faculté de médecine de l'université de Rennes et Centre Atlantique de PHIlosophie (CAPHI) (EA 7463),université de Rennes, 2, avenue du Professeur Léon Bernard, Rennes, France",1,Université de Rennes | Centre Atlantique de Philosophie,I56067802 I4387152714,yes
"Faculté de psychologie laboratoire de psychologie des Pays de la Loire, Chemin de la Censive-du-Tertre, BP 811227, Nantes cedex, France",1,Laboratoire de Psychologie des Pays de la Loire,I4210089331,yes
"Faculté des Sciences et Techniques de Nantes UMR CNRS 6230 - CEISAM, Equipe EBSI, BP 92208, 2 Rue de la Houssinière, 44322 Nantes Cedex 3, France",1,"Centre National de la Recherche Scientifique | Chimie et Interdisciplinarité, Synthèse, Analyse, Modélisation",I1294671590 I4210138474,yes
"Faculté des Sciences et des Techniques UFIP, UMR 6286 of CNRS  Nantes France",1,Centre National de la Recherche Scientifique | Unité en Sciences Biologiques et Biotechnologies de Nantes,I1294671590 I4387154840,yes
"Faculté des Sciences et des Techniques de Nantes,
        Centre François Viète d'épistémologie et d'histoire des sciences et des techniques EA 1161, 2 rue de la Houssinière, BP 92 208, Nantes, 44322, France",1,Centre François Viète,I4387153064,yes
"Faculté des Sciences et des Techniques de Nantes,
        Centre François Viète d’épistémologie et d’histoire des sciences et des techniques EA 1161, 2 rue de la Houssinière, BP 92 208, Nantes, 44322, France",1,Centre François Viète,I4387153064,yes
"Faculté des Sciences et des Techniques de Nantes, Centre François Viète d'Histoire des sciences et des Techniques EA 1161, 2 rue de la Houssinière, BP 92 208, 44322, Nantes, France",1,Centre François Viète,I4387153064,yes
"Faculté des Sciences et des Techniques de Nantes, Centre François Viète d’Histoire des sciences et des Techniques EA 1161, 2 rue de la Houssinière, BP 92 208, 44322, Nantes, France",1,Centre François Viète,I4387153064,yes
"Faculté des Sciences et des Techniques, 2 rue de la Houssinière, BP 32229, 44322, Nantes Cedex 3, France",1,,,no
"Faculté des Sciences et des Techniques, EP CNRS 1593, Nantes Cedex 03, 44322, France",1,Centre National de la Recherche Scientifique,I1294671590,no
"Faculté des sciences et des Techniques, Centre François Viète, 2 rue de la Houssinière, BP 92208, 44322 Cedex, Nantes, France",1,Centre François Viète,I4387153064,yes
"Faculté des sciences et des techniques de Nantes, Centre François Viète d'histoire des sciences et des techniques, 2, Rue de La Houssinière - BP 92 208, 44 322, Nantes, France",1,Centre François Viète,I4387153064,yes
"Faculté des sciences et des techniques de Nantes, Centre François Viète d’histoire des sciences et des techniques, 2, Rue de La Houssinière - BP 92 208, 44 322, Nantes, France",1,Centre François Viète,I4387153064,yes
"Fac~rlte' des Sciences de Nantes , B.P. 1044 , 44 037 , Nantes Cedex , France",1,,,no
"Federative Pelvic Pain Centre, Nantes University Hospital, 44000 Nantes, France; Department of Urology, Nantes University Hospital, 44000 Nantes, France",1,Centre Hospitalier Universitaire de Nantes,I3019204325,no
"Forensic Department, CHU de Nantes, Nantes University, 44000 Nantes, France",1,Centre Hospitalier Universitaire de Nantes,I3019204325,no
"Forensic Department, Nantes University Hospital, 44093 Nantes, France",1,Centre Hospitalier Universitaire de Nantes,I3019204325,no
"Forensic Medicine Department, Nantes University Hospital, Nantes, France",1,Centre Hospitalier Universitaire de Nantes,I3019204325,no
"Forensic Medicine Department, University Hospital of Nantes, Nantes, France",1,Centre Hospitalier Universitaire de Nantes,I3019204325,no
Formatrice en sciences à l'Inspé de Nantes,1,,,no
"Formerly at LINA CNRS FRE 2729, École Polytechnique de l'Université de Nantes, France. Department of Statistics, The University of Auckland, Private Bag 92019, Auckland 1142, New Zealand",1,University of Auckland | Centre National de la Recherche Scientifique,I154130895 I1294671590,no
"Fort ( University Hospital Nantes (France)) , Maude Espagnacq ,",1,,,no
"France Saint-Joseph University of Beirut,ESEO, 10 Bd Jeanneteau 49100 Angers IREENA Lab UR 4642",1,Saint Joseph University | École Supérieure d'Électronique de l'Ouest | Institut de Recherche en Energie Electrique de Nantes Atlantique,I184679254 I4210149659 I4392021119,yes
"France Saint-Joseph University of Beirut,IREENA Lab UR 4642",1,Saint Joseph University | Institut de Recherche en Energie Electrique de Nantes Atlantique,I184679254 I4392021119,yes
"French Institute of Health and Medical Research, Universités de Nantes et de Tours, INSERM UMR 1246 SPHERE, Nantes, France",1,Inserm | methodS in Patient-centered outcomes and HEalth ResEarch,I154526488 I4392021239,yes
"From Centre Hospitalier Régional Universitaire (CHRU) de Tours, Médecine Intensive Réanimation, INSERM Centre d’Investigation Clinique (CIC) 1415, Clinical Research in Intensive Care and Sepsis–Trial Group for Global Evaluation and Research in Sepsis (CRICS_TRIGGERSep) French Clinical Research Infrastructure Network (F-CRIN) Research Network (S.E., E.M., D.G., C.S.G.), INSERM, Research Center for Respiratory Diseases (S.E., F.B., N.H.-V., R.R.), the University of Tours (S.E., N.H.-V., R.R.), CHRU de Tours, Réanimation Chirurgicale (M.F.), CHRU de Tours, Pharmacie (R.R.), and CHRU de Tours, INSERM CIC 1415 and Université de Tours et Nantes, Methods in Patient-Centered Outcomes and Health Research, INSERM 1246 (E.T.), Tours, Centre Hospitalier et Universitaire (CHU) d’Orléans, Médecine Intensive Réanimation, Orléans (F.B., M.-A.N., D.B.), Médecine Intensive-Réanimation, Hôpitaux Universitaires de Strasbourg, Nouvel Hôpital Civil and INSERM, Unité Mixte de Recherche (UMR) 1260, Regenerati",1,Inserm | Centre Hospitalier Universitaire de Tours | French Clinical Research Infrastructure Network,I154526488 I4210095477 I4210167250,no
"From INSERM U 437-30, Nantes Cedex 01, U.S.A",1,Inserm,I154526488,no
"From INSERM U-533, Faculté des Sciences, 44322 Nantes Cedex 3, France",1,Inserm,I154526488,no
"From Sorbonne Université (A.E., A.M., R.V., B.B., Y.W., J.-C.L., S.M., A.H., I.A., G.T., V.N., Q.W., M.V., S.L., S.M., C.G., E.R.), INSERM, CNRS, Paris Brain Institute; APHP Hôpital de La Pitié Salpêtrière (A.M., V.N., M.V., S.L., E.R.), Assistance Publique des Hôpitaux de Paris, Sorbonne Université, France; Center for Magnetic Resonance Research (I.A.), University of Minnesota, Minneapolis; University of Nantes (P.D.), CHU Nantes, CIC 1314; Hôpital Robert-Debré (D.G.), Paris; INM (A.R.), Université",1,Sorbonne Université | University of Minnesota | Inserm | Centre National de la Recherche Scientifique | Pitié-Salpêtrière Hospital | Institut du Cerveau,I39804081 I130238516 I154526488 I1294671590 I4210121705 I4210152724,no
"From Université de Tours, INSERM, Center for the Study of Respiratory Diseases Unité 1100, Médecine Intensive–Réanimation and INSERM Centre d’Investigation Clinique 1415, Centre Hospitalier Universitaire (CHU) (P.-F.D.), Délégation à la Recherche Clinique et à l’Innovation, CHU (M.L., C.C.), Pharmacie à Usage Interne, CHU (H.B.), Centre Régional de Pharmacovigilance et d’Information sur le Médicament, Service de Pharmacosurveillance, CHU (C.L.), Université de Tours, Université de Nantes, INSERM SPHERE Unité 1246 (B.G.), and INSERM Centre d’Investigation Clinique 1415, CHU (B.G., A.L.G.), Tours, INSERM, Unité Mixte de Recherche 1260, Regenerative Nanomedicine, Université de Strasbourg, Faculté de Médecine, and Médecine Intensive–Réanimation Nouvel Hôpital Civil (F.M.), Médecine Intensive Réanimation, Hôpital de Hautepierre (J.-E.H.), Hôpitaux Universitaires de Strasbourg, Strasbourg, the Lipness Team, INSERM Lipids, Nutrition, Cancer-Unité Mixte de Recherche 1231 and LabEx LipSTIC, INSE",1,Université de Tours | Inserm | Centre Hospitalier Universitaire de Tours,I110017253 I154526488 I4210095477,no
"From the Broad Center for Mendelian Genomics, Program in Medical and Population Genetics, Broad Institute of Massachusetts Institute of Technology and Harvard, Cambridge (V.S.G., M.C.O., J.K.G., K.V.G., E.E., B.W., F.A., D.G.M., A.O.-L.), and the Department of Neurology, Brigham and Women’s Hospital (V.S.G.), the Division of Genetics and Genomics, Boston Children’s Hospital (V.S.G., A.O.-L.), and Harvard Medical School (V.S.G., A.O.-L.), Boston — all in Massachusetts; L’institut du Thorax (K.R., B.I., S.B., B.C.), Service de Radiopediatrie (A.P.), and Service de Génétique Médicale (B.I., S.B., B.C.), Nantes Université, Centre Hospitalier Universitaire (CHU) de Nantes, Centre National de la Recherche Scientifique (CNRS), INSERM, Nantes, and Institut Neuromyogène, Laboratoire Physiopathologie et Génétique du Neurone et du Muscle, CNRS, INSERM (N.C., D.S.), and Service de Génétique, Hospices Civils de Lyon (N.C., P.M., D.S.), Lyon — all in France; the Departments of Neurology (E.Y., K.-M",1,Massachusetts Institute of Technology | Broad Institute | Harvard University | Brigham and Women's Hospital | Boston Children's Hospital | Centre National de la Recherche Scientifique | Institut du Thorax | Laboratoire Physiopathologie et Génétique du Neurone et du Muscle,I63966007 I107606265 I136199984 I1283280774 I1288882113 I1294671590 I4210144168 I4387154458,yes
"From the Department of Clinical and Experimental Cardiology, Heart Center, Academic Medical Center, Amsterdam, The Netherlands (C.C.V., S.P., R.T., E.M.L., I.M., L.B., A.A.M.W., R.C., A.O.V., C.A.R., C.R.B.); Department of Medicine, Cardiovascular Genetics Center, Montreal Heart Institute, Canada (R.T.); Université de Montréal, Canada (R.T.); Department of Medical Biology, Academic Medical Center, Amsterdam, The Netherlands (B.d.J., R.W., B.J.B., A.O.V.); INSERM, CNRS, Université de Nantes,",1,Université de Montréal | Montreal Heart Institute | Amsterdam UMC Location University of Amsterdam,I70931966 I2800290161 I2802928900,no
"From the Department of Neurology (R.D.); Clinical Research Department (J.G.), Rothschild Foundation Hospital, Paris; Department of Neurology (J.C.), University Hospital of Toulouse; Department of Neurology (B.A.), Pôle de Neurosciences Cliniques, APHM, Aix Marseille University, Hôpital de la Timone; Department of Neurology (A.R.), University Hospital of Bordeaux; Centre de référence des maladies inflammatoires rares du cerveau et de la moelle (MIRCEM) (E.M., C.G.), Department of Neurology, AP-HP, Pitié-Salpêtrière Hospital, Paris; Centre de référence des maladies inflammatoires rares du cerveau et de la moelle (MIRCEM) (J.P., L.B., R.M.), Department of Neurology, sclérose en plaques, pathologies de la myéline et neuro-inflammation, Hôpital Neurologique Pierre Wertheimer; Department of Neurology (D.A.L.), CR2TI-Inserm U1064, CIC1314, Nantes Université, University Hospital of Nantes; Department of Neurology (L. Michel), INSERM UMR 1236, Université de Rennes 1, University Hospital of Renn",1,"Université de Bordeaux | Aix-Marseille Université | Université de Rennes | Centre Hospitalier Universitaire de Bordeaux | Assistance Publique – Hôpitaux de Paris | Pitié-Salpêtrière Hospital | Hôpital de la Timone | Microenvironment and B-cells: Immunopathology, Cell, Differentiation and Cancer",I15057530 I21491767 I56067802 I3018323443 I4210097159 I4210121705 I4210162909 I4387154398,no
"From the Department of Pediatric Anesthesiology, University Hospital, Nantes, France",1,Centre Hospitalier Universitaire de Nantes,I3019204325,no
"From the Hematology Laboratory, INSERM U463, and the Department of Clinical Hematology, University Hospital, Nantes, France",1,Inserm | Centre Hospitalier Universitaire de Nantes,I154526488 I3019204325,no
"From the Laboratory and Clinical Department of Hematology, University Hospital, Nantes, France; Clinical Department of Hematology, University Hospital, Lille, France; Department of Internal Medicine, University Hospital, Rennes, France; and INSERM U463, Nantes, France",1,Inserm | Centre Hospitalier Universitaire de Nantes,I154526488 I3019204325,no
"From the Stroke Center and Department of Neurology (J.F., U.F.), University Hospital Basel and University of Basel; University Institute of Diagnostic and Interventional Neuroradiology (J.K., J.G.), and Department of Neurology (T.R.M., U.F.), Inselspital, Bern University Hospital and University of Bern; CTU Bern (L.B.), University of Bern, Switzerland; Department of Neurology (D.S.), Helsinki University Hospital, University of Helsinki, Finland; Department of Neuroradiology (O.F.E.), Hospices Civils de Lyon; Department of Diagnostic and Therapeutic Neuroradiology (J.-F.A.), Centre Hospitalier Universitaire de Toulouse; Department of Diagnostic and Interventional Neuroradiology (H.D.), Centre Hospitalier Universitaire de Nantes, Nantes Université; Interventional and Diagnostic Neuroradiology (G.M.), CHU Bordeaux, University of Bordeaux; Department of Radiology (C.P.), CHU Rouen; Stroke Unit (S.R.), Department of Neurology, CHRU-Nancy, Université de Lorraine, France; Stroke Unit (M.R.),",1,University of Basel | University of Bern | University of Helsinki | Helsinki University Hospital | University Hospital of Bern | University Hospital of Basel | Université de Lorraine,I1850255 I118564535 I133731052 I2800394112 I2801112126 I2802542264 I90183372,no
"From the University Hospital, Nantes, France",1,Centre Hospitalier Universitaire de Nantes,I3019204325,no
"Functional Rehabilitation Department, Nantes University Hospital, Nantes F-44093, France",1,Centre Hospitalier Universitaire de Nantes,I3019204325,no
"GDR3697 Micronit, CNRS, Nantes, France. david.chiron@univ-nantes.fr",1,Centre National de la Recherche Scientifique,I1294671590,no
"GE44- LR2EP, IUT de Nantes, 3, rue du Maréchal Joffre, 44041, Nantes Cedex 01, France",1,,,no
"GE44/LRTI, CRTT, Bd de l'Université, BP 406, 44602 Saint-Nazaire, France. E-mail: mouloud.feliachi@univ-nantes.fr",1,,,no
"GEPEA Nantes Université Oniris , CNRS, GEPEA, UMR 6144  Nantes France",1,Centre National de la Recherche Scientifique | Laboratoire de Génie des Procédés – Environnement – Agro-alimentaire | Oniris,I1294671590 I4210148006 I4210157468,yes
"GEPEA UMR CNRS 6144, 37 boulevard de l'Université, 44602 Saint-Nazaire, France. Electronic address: luc.marchal@univ-nantes.fr",1,Centre National de la Recherche Scientifique | Laboratoire de Génie des Procédés – Environnement – Agro-alimentaire,I1294671590 I4210148006,yes
"GEPEA UMR CNRS 6144, CRTT, 37 bvd de l'Université, BP 406, 44602 St-Nazaire Cedex, France E-mail: anthony.masse@univ-nantes.fr; pascal.jaouen@univ-nantes.fr",1,Centre National de la Recherche Scientifique | Laboratoire de Génie des Procédés – Environnement – Agro-alimentaire,I1294671590 I4210148006,yes
"GEPEA, UMR CNRS 6144, Laboratoire commun de l’Université de Nantes, l’Ecole des Mines de Nantes et l’ENITIAA de Nantes, Centre de Recherche et de Transfert de Technologie, Boulevard de l’Université, BP 406, F-44602 Saint-Nazaire Cedex, France",1,Centre National de la Recherche Scientifique | Laboratoire de Génie des Procédés – Environnement – Agro-alimentaire | École Nationale d'Ingénieurs des Techniques des Industries Agro-Alimentaires | École nationale supérieure des Mines de Nantes,I1294671590 I4210148006 I4210153104 I4405265706,yes
"GEPEA-UMR 6144 CNRS, ONIRIS, 44322 Nantes, France; CNRS, Nantes, 44307 Nantes, France",1,Centre National de la Recherche Scientifique | Laboratoire de Génie des Procédés – Environnement – Agro-alimentaire | Oniris,I1294671590 I4210148006 I4210157468,yes
"GL, EPSE, FSTN, 2 rue de la Houssinière, BP 92208, 44322, Nantes Cedex 3, France",1,,,no
"GSCM, Faculté des Sciences Rabat, 4, Av Ibn Battouta B.P. 1014 RP, -Rabat-Morocco, rougui@lina.univ-nantes.fr",1,,,no
"Gastroenterology Department, Nantes University Hospital, Nantes, France",1,Centre Hospitalier Universitaire de Nantes,I3019204325,no
"Gastroenterology Unit, University of Geneva, Nantes, France",1,,,no
Gastroenterology and digestive Oncology Department Nantes University Hospital  Nantes France,1,Centre Hospitalier Universitaire de Nantes,I3019204325,no
"Gastroenterology and hepatology unit, Nantes university hospital, Nantes, France",1,Centre Hospitalier Universitaire de Nantes,I3019204325,no
"Gastropediatrics Department, Nantes University Hospital Center, Nantes, France",1,Centre Hospitalier Universitaire de Nantes,I3019204325,no
"GeM Institute, École Centrale Nantes, Université LUNAM, 1 rue de la Noë, BP. 92101, 44321 Nantes Cedex 3, France",1,École Centrale de Nantes | Institut de Recherche en Génie Civil et Mécanique,I100445878 I4210137520,yes
GeM ‐ Research Institute of Civil Engineering and Mechanics ‐ UMR CNRS 6183University of Nantes Nantes France,1,Centre National de la Recherche Scientifique | Institut de Recherche en Génie Civil et Mécanique,I1294671590 I4210137520,yes
"GeM, UMR 6183, 2 Chemin de la Houssiniere, Nantes, 44322, France",1,Institut de Recherche en Génie Civil et Mécanique,I4210137520,yes
"GeM, UMR CNRS 6183, Nantes University, 58 Rue Michel Ange, 44600, Saint, Nazaire, France",1,Centre National de la Recherche Scientifique | Institut de Recherche en Génie Civil et Mécanique,I1294671590 I4210137520,yes
General Medicine Department Faculty of Medicine INSERM U892‐CNRS U6299‐CRCNA Nantes France,1,Inserm | Centre National de la Recherche Scientifique | Centre de Recherche en Cancérologie et Immunologie Intégrée Nantes Angers,I154526488 I1294671590 I4210092509,yes
"General Pediatrics Department, University Hospital Centre Nantes, Nantes, France",1,Centre Hospitalier Universitaire de Nantes,I3019204325,no
Genetic Department Nantes University Hospital  Nantes France,1,Centre Hospitalier Universitaire de Nantes,I3019204325,no
"Genetic Laboratory, University HospitalBP 1005, 44035 Nantes and 12 rue Guepin, 44000 Nantes, France",1,,,no
"Genetic Unit, Nantes University Hospital, Nantes, France",1,Centre Hospitalier Universitaire de Nantes,I3019204325,no
"Genetics Department, Nantes University, CHU de Nantes , 44000 Nantes ,",1,Centre Hospitalier Universitaire de Nantes,I3019204325,no
"Genetics Department, University Hospital Center  Nantes France",1,Centre Hospitalier Universitaire de Nantes,I3019204325,no
Genetics Service Nantes University Hospital Center  Nantes France,1,Centre Hospitalier Universitaire de Nantes,I3019204325,no
"Geriatric Department, Nantes University Hospital, Nantes, France",1,Centre Hospitalier Universitaire de Nantes,I3019204325,no
"Geriatric Department, Nantes University Hospital, Nantes, France 7",1,Centre Hospitalier Universitaire de Nantes,I3019204325,no
"Geriatric Medical Department at the Nantes University Hospital, Nantes, France",1,Centre Hospitalier Universitaire de Nantes,I3019204325,no
"Geriatric Medical Department, Nantes University Hospital, Nantes, France",1,Centre Hospitalier Universitaire de Nantes,I3019204325,no
"Gerontologic Department, Nantes University Hospital, Nantes, France",1,Centre Hospitalier Universitaire de Nantes,I3019204325,no
"Graduate School of Architecture, UMR CNRS AAU, Nantes, France",1,"Centre National de la Recherche Scientifique | AAU - Ambiances, Architectures, Urbanités",I1294671590 I4210162214,yes
"Grenoble, University Hospitals Nantes, France",1,,,no
"Groupe Phoceen d'Etude des Requins (GPER) , 118 rue de Rouet 13008 , Marseille , France Nantes University ,",1,,,no
"Groupe Vaccination-Prévention de La Société de Pathologie Infectieuse de Langue Française (SPILF), France; Infectious Diseases Department, Centre for Prevention of Infectious and Transmissible Diseases, CHU Nantes and INSERM UIC 1413 Nantes University, Nantes, France",1,Inserm | Centre Hospitalier Universitaire de Nantes | Société de Pathologie Infectieuse de Langue Française,I154526488 I3019204325 I4405273125,no
"Gynaecology and Obstetrics Department, Nantes University Hospital, France; NUN University INRAE, UMR 1280, PhAN, Nantes, France",1,"Centre Hospitalier Universitaire de Nantes | Institut National de Recherche pour l'Agriculture, l'Alimentation et l'Environnement | PhysioPathologie des Adaptations Nutritionnelles",I3019204325 I4210088668 I4210162532,yes
"Gynaecology and Obstetrics Department, Nantes University Hospital, France; NUN University INRAE, UMR 1280, PhAN, Nantes, France. Electronic address: norbert.winer@chu-nantes.fr",1,"Centre Hospitalier Universitaire de Nantes | Institut National de Recherche pour l'Agriculture, l'Alimentation et l'Environnement | PhysioPathologie des Adaptations Nutritionnelles",I3019204325 I4210088668 I4210162532,yes
"Géolittomer, UMR -6554 CNRS, Nantes, France",1,Centre National de la Recherche Scientifique,I1294671590,no
"Géosciences – Rennes, CNRS – UMR 6118, Université Rennes 1, Campus de Beaulieu, 35042 Rennes cedex, France (E‐mail: stephane.pochat@univ‐nantes.fr)",1,Université de Rennes | Centre National de la Recherche Scientifique | Géosciences Rennes | Université Rennes 1,I56067802 I1294671590 I4210096833 I4405258264,no
"Haematology Biology Department, Nantes University Hospital, 44093 Nantes, France",1,Centre Hospitalier Universitaire de Nantes,I3019204325,no
"Haematology Biology, Nantes University Hospital, France",1,Centre Hospitalier Universitaire de Nantes,I3019204325,no
"Haematology Biology, Nantes University Hospital, Nantes, France",1,Centre Hospitalier Universitaire de Nantes,I3019204325,no
"Haematology Clinic, Nantes University Hospital, Nantes, France",1,Centre Hospitalier Universitaire de Nantes,I3019204325,no
Haematology Department UMR 892 University Hospital Nantes France,1,Centre Hospitalier Universitaire de Nantes,I3019204325,no
Haematology Department University Hospital Nantes France,1,Centre Hospitalier Universitaire de Nantes,I3019204325,no
"Haematology Department, Nantes University Hospital, 44093 Nantes, France",1,Centre Hospitalier Universitaire de Nantes,I3019204325,no
"Haematology Department, Nantes University Hospital, Nantes, France",1,Centre Hospitalier Universitaire de Nantes,I3019204325,no
"Haematology Department, University Hospital, Nantes, France; and",1,Centre Hospitalier Universitaire de Nantes,I3019204325,no
Haematology Laboratory University Hospital Nantes France,1,Centre Hospitalier Universitaire de Nantes,I3019204325,no
Haematology Laboratory University Hospital of Nantes Nantes France,1,Centre Hospitalier Universitaire de Nantes,I3019204325,no
"Haematology department, Hôtel-Dieu, Nantes University Hospital, 1, place Alexis-Ricordeau, 44093 Nantes cedex 1, France",1,Centre Hospitalier Universitaire de Nantes,I3019204325,no
"Haemostasis Clinical Center, Nantes University Hospital, Nantes, France",1,Centre Hospitalier Universitaire de Nantes,I3019204325,no
"Head and Neck Surgery Department, University Hospital-Nantes, Nantes, France",1,Centre Hospitalier Universitaire de Nantes,I3019204325,no
"Head of clinical research and Innovation, Nantes university Hospital, Nantes, France",1,Centre Hospitalier Universitaire de Nantes,I3019204325,no
Hematology Biology Department Nantes University Hospital Nantes France,1,Centre Hospitalier Universitaire de Nantes,I3019204325,no
Hematology Biology Department Nantes University Hospital and CRCINA  Nantes France,1,Centre Hospitalier Universitaire de Nantes | Centre de Recherche en Cancérologie et Immunologie Intégrée Nantes Angers,I3019204325 I4210092509,yes
Hematology Biology Nantes University Hospital  France,1,Centre Hospitalier Universitaire de Nantes,I3019204325,no
Hematology Biology Nantes University Hospital &amp; CRCINA  Nantes France,1,Centre de Recherche en Cancérologie et Immunologie Intégrée Nantes Angers,I4210092509,yes
Hematology Biology Nantes University Hospital &amp; CRCINA Nantes France,1,Centre de Recherche en Cancérologie et Immunologie Intégrée Nantes Angers,I4210092509,yes
"Hematology Biology Nantes University Hospital, CRCINA  Nantes France",1,Centre Hospitalier Universitaire de Nantes | Centre de Recherche en Cancérologie et Immunologie Intégrée Nantes Angers,I3019204325 I4210092509,yes
"Hematology Biology Nantes University Hospital, CRCINA Inserm 1232  Nantes France",1,Inserm | Centre Hospitalier Universitaire de Nantes | Centre de Recherche en Cancérologie et Immunologie Intégrée Nantes Angers,I154526488 I3019204325 I4210092509,yes
"Hematology Biology Nantes University Hospital, CRCINA Nantes France",1,Centre Hospitalier Universitaire de Nantes | Centre de Recherche en Cancérologie et Immunologie Intégrée Nantes Angers,I3019204325 I4210092509,yes
"Hematology Biology Nantes University Hospital, Inserm 1232, CRCINA  Nantes France",1,Inserm | Centre de Recherche en Cancérologie et Immunologie Intégrée Nantes Angers,I154526488 I4210092509,yes
Hematology Biology University Hospital of Nantes Nantes France,1,Centre Hospitalier Universitaire de Nantes,I3019204325,no
"Hematology Biology, CHU Nantes, Nantes Université Univ Angers, INSERM, CNRS, CRCI2NA  Nantes France",1,Université d'Angers | Inserm | Centre National de la Recherche Scientifique | Centre Hospitalier Universitaire de Nantes | Centre de Recherche en Cancérologie et Immunologie Intégrée Nantes Angers,I49451733 I154526488 I1294671590 I3019204325 I4210092509,yes
"Hematology Biology, Nantes University Hospital & CRCINA, Nantes, France",1,Centre Hospitalier Universitaire de Nantes | Centre de Recherche en Cancérologie et Immunologie Intégrée Nantes Angers,I3019204325 I4210092509,yes
"Hematology Biology, Nantes University Hospital and CRCINA, 44000 Nantes, France",1,Centre Hospitalier Universitaire de Nantes | Centre de Recherche en Cancérologie et Immunologie Intégrée Nantes Angers,I3019204325 I4210092509,yes
"Hematology Biology, Nantes University Hospital, 44000 Nantes, France",1,Centre Hospitalier Universitaire de Nantes,I3019204325,no
"Hematology Biology, Nantes University Hospital, Inserm 1232, CRCINA, Nantes, France",1,Inserm | Centre Hospitalier Universitaire de Nantes | Centre de Recherche en Cancérologie et Immunologie Intégrée Nantes Angers,I154526488 I3019204325 I4210092509,yes
"Hematology Biology, Nantes University Hospital, NANTES, France",1,Centre Hospitalier Universitaire de Nantes,I3019204325,no
"Hematology Biology, Nantes University Hospital, Nantes",1,Centre Hospitalier Universitaire de Nantes,I3019204325,no
"Hematology Biology, Nantes University Hospital, Nantes, France; CRCINA, Inserm, Nantes, France. Electronic address: mariechristine.bene@chu-nantes.fr",1,Inserm | Centre Hospitalier Universitaire de Nantes | Centre de Recherche en Cancérologie et Immunologie Intégrée Nantes Angers,I154526488 I3019204325 I4210092509,yes
"Hematology Biology, Nantes University Hospital, Nantes, France; and",1,Centre Hospitalier Universitaire de Nantes,I3019204325,no
"Hematology Biology, University Hospital Centre Nantes, Nantes, France",1,Centre Hospitalier Universitaire de Nantes,I3019204325,no
Hematology Clinic Nantes University Hospital Nantes France,1,Centre Hospitalier Universitaire de Nantes,I3019204325,no
Hematology Department Nantes University Hospital Nantes,1,Centre Hospitalier Universitaire de Nantes,I3019204325,no
Hematology Department University Hospital Nantes France,1,Centre Hospitalier Universitaire de Nantes,I3019204325,no
Hematology Department University Hospital of Nantes  Nantes France,1,Centre Hospitalier Universitaire de Nantes,I3019204325,no
"Hematology Department, Nantes Hospital and University Center (CHU), Nantes, France; INSERM UMR 938 and Pierre et Marie Curie University, Paris, France",1,Inserm | Centre Hospitalier Universitaire de Nantes | Université Pierre-et-Marie-Curie,I154526488 I3019204325 I4405264447,no
"Hematology Department, Nantes University Hospital",1,Centre Hospitalier Universitaire de Nantes,I3019204325,no
"Hematology Department, Nantes University Hospital  Nantes France",1,Centre Hospitalier Universitaire de Nantes,I3019204325,no
"Hematology Department, Nantes University Hospital, 44093 Nantes, France",1,Centre Hospitalier Universitaire de Nantes,I3019204325,no
"Hematology Department, Nantes University Hospital, F-44000 Nantes, France",1,Centre Hospitalier Universitaire de Nantes,I3019204325,no
"Hematology Department, Nantes University Hospital, Nantes",1,Centre Hospitalier Universitaire de Nantes,I3019204325,no
"Hematology Department, Nantes University Hospital, Nantes, France;",1,Centre Hospitalier Universitaire de Nantes,I3019204325,no
"Hematology Department, University Hospital of Nantes, France",1,Centre Hospitalier Universitaire de Nantes,I3019204325,no
"Hematology Laboratory , University Hospital , Nantes ;",1,Centre Hospitalier Universitaire de Nantes,I3019204325,no
Hematology Laboratory Nantes University Hospital  Nantes France,1,Centre Hospitalier Universitaire de Nantes,I3019204325,no
Hematology University Hospital  Nantes France,1,Centre Hospitalier Universitaire de Nantes,I3019204325,no
"Hematology-Cytology Department, Nantes University Hospital, Nantes, France",1,Centre Hospitalier Universitaire de Nantes,I3019204325,no
"Hematology/Biology Department, Nantes University Hospital, Nantes, France",1,Centre Hospitalier Universitaire de Nantes,I3019204325,no
"Histopathology Laboratory A, Nantes University Hospital, Nantes, France",1,Centre Hospitalier Universitaire de Nantes,I3019204325,no
"Hospital Hygiene Department Nantes University Hospital, France; UR 1155 – Nantes University, IICiMed, Institut de Recherche en Santé 2  Nantes France",1,Cibles et Médicaments des Infections et de l'Immunité,I4387930219,yes
"Hospital Hygiene Department Nantes University Hospital, France; UR 1155 – Nantes University, IICiMed, Institut de Recherche en Santé 2 Nantes France",1,Cibles et Médicaments des Infections et de l'Immunité,I4387930219,yes
"Hospital Hygiene Department, Nantes University Hospital, F-44000, Nantes, France",1,Centre Hospitalier Universitaire de Nantes,I3019204325,no
"Hospital and University Centre-Nantes, Nantes 44007, France;",1,Centre Hospitalier Universitaire de Nantes,I3019204325,no
"Hôtel-Dieu,F-44093 Nantes, France E-mail: Yann.Pereon@nantes.inserm.fr",1,Inserm,I154526488,no
"Hygiene Department, Nantes University Hospital, Nantes, France",1,Centre Hospitalier Universitaire de Nantes,I3019204325,no
"Hôtel-Dieu university hospital, infectious and tropical disease department, 44000 Nantes, France; COREVIH Pays de la Loire, Nantes university hospital, 44000 Nantes, France",1,Centre Hospitalier Universitaire de Nantes,I3019204325,no
I . S.T. P.M. BP 1049 44037 Nantes Cedex,1,,,no
"I.M.J.R.-CNRS, 2, rue de la Houssinière, BP 32229, 44322 Nantes Cedex 3, France",1,Centre National de la Recherche Scientifique,I1294671590,no
"I.M.J.R.-CNRS, 2, rue de la Houssinière, BP 32229, 44322, Nantes Cedex 3, France",1,Centre National de la Recherche Scientifique,I1294671590,no
"I.M.N., UMR CNRS 0110, BP 32229, 44322 NANTES Cedex 3, France",1,Centre National de la Recherche Scientifique | Institut des Matériaux Jean Rouxel,I1294671590 I4210091049,yes
"I.U.F.M., Nantes",1,,,no
IAS Nantes,1,,,no
"IDBC-A2COM, Nantes, France; INSERM UMR 1246 - SPHERE, Nantes, France",1,Inserm | methodS in Patient-centered outcomes and HEalth ResEarch,I154526488 I4392021239,yes
"IDRAC Nantes, Nantes, France",1,,,no
"IECM Unit, ENVN/INRA/University, Nantes, France",1,,,no
"IECM, EA4644 Nantes University, ONIRIS, USC1383 INRA, Nantes, France",1,Oniris,I4210157468,no
"IEM , Nantes",1,,,no
IEMN Nantes,1,École nationale supérieure des Mines de Nantes,I4405265706,no
"IEMN-IAE de Nantes, France",1,,,no
"IETR (Inst. d'Electron. et de Telecommun. de Rennes) Lab., LUNAM Univ., Nantes, France",1,Institut d'Électronique et des Technologies du numéRique,I4210100151,yes
"IETR , Ecole polytechnique de l'Université de Nantes , BP 50609 , 44306 Nantes , France",1,,,no
"IETR LUNAM Universite Ecole Polytechnique de l'universite de Nantes Rue Christian Pauc, BP, 50609 Nantes 44306 France",1,,,no
"IETR LUNAM University, Nantes, France",1,,,no
"IETR Lab., LUNAM Univ. of Nantes, Nantes, France",1,Université Nantes Angers Le Mans,I234216984,no
"IETR Laboratory, Institut d'Electronique et de Télécommunications de Rennes, IETR UMR CNRS 6164 Ecole Polytechnique de l'Université de Nantes  Nantes France",1,Centre National de la Recherche Scientifique | Institut d'Électronique et des Technologies du numéRique,I1294671590 I4210100151,yes
"IETR Laboratory, LUNAM University polytech Nantes, Nantes, France",1,,,no
"IETR Laboratory, Polytech Nantes, LUNAM Université, France",1,,,no
"IETR Laboratory, UMR CNRS 6164, Polytech Nantes, LUNAM Université, Nantes, France",1,Centre National de la Recherche Scientifique | Institut d'Électronique et des Technologies du numéRique,I1294671590 I4210100151,yes
IETR UMR 6164Polytech NantesUniversity of NantesNantes44306France,1,Institut d'Électronique et des Technologies du numéRique,I4210100151,yes
"IETR UMR CNRS 6164 ; Image team - site of Nantes , Nantes , France",1,Centre National de la Recherche Scientifique | Institut d'Électronique et des Technologies du numéRique,I1294671590 I4210100151,yes
"IETR UMR CNRS 6164, BP 92208, 2 Rue de la houssinière, 44322 Nantes cedex 3, France",1,Centre National de la Recherche Scientifique | Institut d'Électronique et des Technologies du numéRique,I1294671590 I4210100151,yes
"IETR UMR CNRS 6164; Image team -site of Nantes, France",1,Centre National de la Recherche Scientifique | Institut d'Électronique et des Technologies du numéRique,I1294671590 I4210100151,yes
"IETR, Ecole polytechnique de l'Université de Nantes, BP 50609, 44306 Nantes, France",1,Institut d'Électronique et des Technologies du numéRique,I4210100151,yes
"IETR, IUT de Nantes, Nantes, France",1,,,no
"IETR, LUNAM Universite, Ecole Polytechnique de l'universite de Nantes, Rue Christian Pauc, BP 50609, Nantes 44306, France",1,,,no
"IETR, LUNAM University Polytech Nantes Nantes, France",1,,,no
"IETR, LUNAM Université, Nantes, France",1,Institut d'Électronique et des Technologies du numéRique,I4210100151,yes
"IETR, Polytech'Nantes, LUNAM Université, France",1,Institut d'Électronique et des Technologies du numéRique,I4210100151,yes
"IETR, Polytech’Nantes, LUNAM Université, France",1,Institut d'Électronique et des Technologies du numéRique,I4210100151,yes
"IETR, UMR CNRS 6164, Nantes, France",1,Centre National de la Recherche Scientifique | Institut d'Électronique et des Technologies du numéRique,I1294671590 I4210100151,yes
"IETR, UMR CNRS 6164, Nantes,France",1,Centre National de la Recherche Scientifique | Institut d'Électronique et des Technologies du numéRique,I1294671590 I4210100151,yes
"IETR, UMR CNRS 6164,Nantes,France",1,Centre National de la Recherche Scientifique | Institut d'Électronique et des Technologies du numéRique,I1294671590 I4210100151,yes
"IETR, UMR CNRS,Nantes,France,6164",1,Centre National de la Recherche Scientifique,I1294671590,no
"IETR-IUT Nantes, Nantes, France",1,,,no
"IETR-UMR CNRS 6164, l'Universite de Nantes/Polytech Nantes, 44300 Nantes, France",1,Centre National de la Recherche Scientifique | Institut d'Électronique et des Technologies du numéRique,I1294671590 I4210100151,yes
"IETR-UMR CNRS 6164, l’Universite de Nantes/Polytech Nantes, 44300 Nantes, France",1,Centre National de la Recherche Scientifique | Institut d'Électronique et des Technologies du numéRique,I1294671590 I4210100151,yes
"IETR-UMR CNRS 6164, l’Universite de Nantes/Polytech Nantes, Nantes, Pays de la Loire, France",1,Centre National de la Recherche Scientifique | Institut d'Électronique et des Technologies du numéRique,I1294671590 I4210100151,yes
"IETR—UMR CNRS 6164, l’Université de Nantes/Polytech Nantes, 44300 Nantes, France",1,Centre National de la Recherche Scientifique | Institut d'Électronique et des Technologies du numéRique,I1294671590 I4210100151,yes
"IFSTTAR 2 LUNAM Université, , site de Nantes, GPEM/MAST, route de Bouaye CS 4, 44344 Bouguenais, France",1,Université Nantes Angers Le Mans,I234216984,no
"IFSTTAR Nantes LUNAM Université, Route de Bouaye, 44344 Bouguenais, France",1,,,no
"IFSTTAR-Nantes, UBL University, CS 4, 44340, Bouguenais Cedex, France",1,,,no
"IHP Nantes, Nantes, France",1,,,no
"IHU Cesti, Nantes, France",1,,,no
"IHU Liryc, Electrophysiology and Heart Modelling Institute, INSERM 1045, University of Bordeaux, Pessac, France; Pediatric Intensive Care Unit, Nantes University Hospital, Nantes, France; Department of Anesthesiology, Nantes University Hospital, Nantes, France. Electronic address: pierre.bourgoin@chu-nantes.fr",1,Université de Bordeaux | Inserm | Centre Hospitalier Universitaire de Nantes | Electrophysiology and Heart Modeling Institute | Centre de Recherche Cardio-Thoracique de Bordeaux,I15057530 I154526488 I3019204325 I4210086115 I4210153807,no
"IICiMed EA 1155, University of Sciences, 9 Rue Bias, 44035, Nantes, France",1,Cibles et Médicaments des Infections et de l'Immunité,I4387930219,yes
"IMAD, Department of Digestive Surgery, Nantes University Hospital, Nantes, France",1,Centre Hospitalier Universitaire de Nantes,I3019204325,no
"IMJR , UMR 6502 , CNRS-Univ. Nantes , 2 rue de la Houssinière , 44322 Nantes - France",1,Centre National de la Recherche Scientifique | Institut des Matériaux Jean Rouxel,I1294671590 I4210091049,yes
"IMJR, UMR 6502, CNRS-Univ. Nantes, 2 rue de la Houssinière, 44322 Nantes - France",1,Centre National de la Recherche Scientifique | Institut des Matériaux Jean Rouxel,I1294671590 I4210091049,yes
"IMN, CNRS UMR6502, 2 rue de la Houssiniere, BP 32229, 44322 Nantes, France",1,Centre National de la Recherche Scientifique | Institut des Matériaux Jean Rouxel,I1294671590 I4210091049,yes
"IMN, LUNAM Université, Nantes, France",1,Institut des Matériaux Jean Rouxel,I4210091049,yes
"IMN-UMR 6502, Universit&#x00E9; de Nantes, CNRS, 2 rue de la Houssini&#x00E8;re, BP 32229, 44322 Cedex 3, France",1,Centre National de la Recherche Scientifique | Institut des Matériaux Jean Rouxel,I1294671590 I4210091049,yes
"IMT Atlantique &#x0026; LS2N (CNRS),France",1,Centre National de la Recherche Scientifique | Laboratoire des Sciences du Numérique de Nantes | IMT Atlantique,I1294671590 I4210117005 I4210127572,yes
"IMT Atlantique &#x0026; LS2N (CNRS),Nantes,France",1,Centre National de la Recherche Scientifique | Laboratoire des Sciences du Numérique de Nantes | IMT Atlantique,I1294671590 I4210117005 I4210127572,yes
"IMT Atlantique - CNRS / LS2N, F-44000 Nantes, France",1,Centre National de la Recherche Scientifique | Laboratoire des Sciences du Numérique de Nantes | IMT Atlantique,I1294671590 I4210117005 I4210127572,yes
"IMT Atlantique - Inria - LS2N, Nantes, France",1,Laboratoire des Sciences du Numérique de Nantes | IMT Atlantique,I4210117005 I4210127572,yes
"IMT Atlantique Bretagne-Pays de la Loire &amp; Laboratoire des Sciences du Numerique de Nantes, Nantes, France",1,Laboratoire des Sciences du Numérique de Nantes | IMT Atlantique,I4210117005 I4210127572,yes
IMT Atlantique Inria LS2N,1,Laboratoire des Sciences du Numérique de Nantes | IMT Atlantique,I4210117005 I4210127572,yes
"IMT Atlantique LS2N, UMR CNRS 6004,Nantes,France,F-44307",1,Centre National de la Recherche Scientifique | Laboratoire des Sciences du Numérique de Nantes | IMT Atlantique,I1294671590 I4210117005 I4210127572,yes
"IMT Atlantique and LS2N CNRS Research Lab,Nantes,France",1,Centre National de la Recherche Scientifique | Laboratoire des Sciences du Numérique de Nantes | IMT Atlantique,I1294671590 I4210117005 I4210127572,yes
"IMT Atlantique and LS2N, France",1,Laboratoire des Sciences du Numérique de Nantes | IMT Atlantique,I4210117005 I4210127572,yes
"IMT Atlantique – Inria – LS2N, 4, rue Alfred Kastler, Nantes, 44307, France",1,Laboratoire des Sciences du Numérique de Nantes | IMT Atlantique,I4210117005 I4210127572,yes
"IMT Atlantique,  LS2N‐CNRS,  44307, Nantes,  France",1,Centre National de la Recherche Scientifique | Laboratoire des Sciences du Numérique de Nantes | IMT Atlantique,I1294671590 I4210117005 I4210127572,yes
"IMT Atlantique, CNRS, INRIA, LS2N, UMR 6004, Nantes, France",1,Centre National de la Recherche Scientifique | Institut national de recherche en sciences et technologies du numérique | Laboratoire des Sciences du Numérique de Nantes | IMT Atlantique,I1294671590 I1326498283 I4210117005 I4210127572,yes
"IMT Atlantique, CNRS, LS2N, UMR 6004, Nantes, France",1,Centre National de la Recherche Scientifique | Laboratoire des Sciences du Numérique de Nantes | IMT Atlantique,I1294671590 I4210117005 I4210127572,yes
"IMT Atlantique, France / ICAM, France / LS2N, France",1,Laboratoire des Sciences du Numérique de Nantes | IMT Atlantique,I4210117005 I4210127572,yes
"IMT Atlantique, France / LS2N, France",1,Laboratoire des Sciences du Numérique de Nantes | IMT Atlantique,I4210117005 I4210127572,yes
"IMT Atlantique, INRIA, LS2N, UMR CNRS 6004, 44307, Nantes, France",1,Centre National de la Recherche Scientifique | Institut national de recherche en sciences et technologies du numérique | Laboratoire des Sciences du Numérique de Nantes | IMT Atlantique,I1294671590 I1326498283 I4210117005 I4210127572,yes
"IMT Atlantique, INRIA, LS2N, UMR CNRS 6004, INRIA, F-44307 Nantes, FR",1,Centre National de la Recherche Scientifique | Institut national de recherche en sciences et technologies du numérique | Laboratoire des Sciences du Numérique de Nantes | IMT Atlantique,I1294671590 I1326498283 I4210117005 I4210127572,yes
"IMT Atlantique, INRIA, LS2N, UMR CNRS 6004, INRIA, F-44307 Nantes, FR SCI Institute, University of Utah, Salt Lake City, USA",1,University of Utah | Centre National de la Recherche Scientifique | Institut national de recherche en sciences et technologies du numérique | Laboratoire des Sciences du Numérique de Nantes | IMT Atlantique,I223532165 I1294671590 I1326498283 I4210117005 I4210127572,yes
"IMT Atlantique, INRIA, LS2N,UMR CNRS 6004,Nantes,France,F-44307",1,Centre National de la Recherche Scientifique | Institut national de recherche en sciences et technologies du numérique | Laboratoire des Sciences du Numérique de Nantes | IMT Atlantique,I1294671590 I1326498283 I4210117005 I4210127572,yes
"IMT Atlantique, Inria, CNRS, UMR6004 LS2N,France",1,Centre National de la Recherche Scientifique | Laboratoire des Sciences du Numérique de Nantes | IMT Atlantique,I1294671590 I4210117005 I4210127572,yes
"IMT Atlantique, Inria, LS2N, UBL, F-44307 Nantes, France",1,Laboratoire des Sciences du Numérique de Nantes | IMT Atlantique,I4210117005 I4210127572,yes
"IMT Atlantique, Inria, LS2N, UBL, France",1,Laboratoire des Sciences du Numérique de Nantes | IMT Atlantique,I4210117005 I4210127572,yes
"IMT Atlantique, Inria, LS2N, UMR CNRS,France,6004",1,Centre National de la Recherche Scientifique | Laboratoire des Sciences du Numérique de Nantes | IMT Atlantique,I1294671590 I4210117005 I4210127572,yes
"IMT Atlantique, Inria,LS2N,Department of Automation, Production and Computer Sciences,Nantes,France",1,Laboratoire des Sciences du Numérique de Nantes | IMT Atlantique,I4210117005 I4210127572,yes
"IMT Atlantique, LS2N - CNRS, La Chantrerie",1,Centre National de la Recherche Scientifique | Laboratoire des Sciences du Numérique de Nantes | IMT Atlantique,I1294671590 I4210117005 I4210127572,yes
"IMT Atlantique, LS2N – CNRS, La Chantrerie",1,Centre National de la Recherche Scientifique | Laboratoire des Sciences du Numérique de Nantes | IMT Atlantique,I1294671590 I4210117005 I4210127572,yes
"IMT Atlantique, LS2N – UMR CNRS 6004, Nantes, France",1,Centre National de la Recherche Scientifique | Laboratoire des Sciences du Numérique de Nantes | IMT Atlantique,I1294671590 I4210117005 I4210127572,yes
"IMT Atlantique, LS2N, Brest, France",1,IMT Atlantique,I4210127572,no
"IMT Atlantique, LS2N, CNRS, La Chantrerie, 4, rue Alfred Kastler, B.P. 20722, 44307, Nantes Cedex 3, France",1,Centre National de la Recherche Scientifique | Laboratoire des Sciences du Numérique de Nantes | IMT Atlantique,I1294671590 I4210117005 I4210127572,yes
"IMT Atlantique, LS2N, La Chantrerie, 4 Rue Alfred Kastler, 44307, Nantes, France",1,Laboratoire des Sciences du Numérique de Nantes | IMT Atlantique,I4210117005 I4210127572,yes
"IMT Atlantique, LS2N, La Chantrerie, 4 rue Alfred Kastler, Nantes 44307, France",1,Laboratoire des Sciences du Numérique de Nantes | IMT Atlantique,I4210117005 I4210127572,yes
"IMT Atlantique, LS2N, UMR CNRS 6004",1,Centre National de la Recherche Scientifique | Laboratoire des Sciences du Numérique de Nantes | IMT Atlantique,I1294671590 I4210117005 I4210127572,yes
"IMT Atlantique, LS2N, UMR CNRS 6004, 4 Rue Alfred Kastler, Nantes, F-44000, France",1,Centre National de la Recherche Scientifique | Laboratoire des Sciences du Numérique de Nantes | IMT Atlantique,I1294671590 I4210117005 I4210127572,yes
"IMT Atlantique, LS2N, UMR CNRS 6004, 4 rue Alfred Kastler, CS 20722, 44307 Nantes Cedex 3, France",1,Centre National de la Recherche Scientifique | Laboratoire des Sciences du Numérique de Nantes | IMT Atlantique,I1294671590 I4210117005 I4210127572,yes
"IMT Atlantique, LS2N, UMR CNRS 6004, F-44300 Nantes, France",1,Centre National de la Recherche Scientifique | Laboratoire des Sciences du Numérique de Nantes | IMT Atlantique,I1294671590 I4210117005 I4210127572,yes
"IMT Atlantique, LS2N, UMR CNRS 6004, Nantes, France and IMT Atlantique, Lab-STICC, UMR CNRS 6285, Brest, France",1,Centre National de la Recherche Scientifique | Laboratoire des Sciences du Numérique de Nantes | Laboratoire des Sciences et Techniques de l’Information de la Communication et de la Connaissance | IMT Atlantique,I1294671590 I4210117005 I4210123702 I4210127572,yes
"IMT Atlantique, LS2N, UMR CNRS, 44307 Nantes, France",1,Centre National de la Recherche Scientifique | Laboratoire des Sciences du Numérique de Nantes | IMT Atlantique,I1294671590 I4210117005 I4210127572,yes
"IMT Atlantique, LS2N, UMR CNRS,Nantes,France,6004",1,Centre National de la Recherche Scientifique | Laboratoire des Sciences du Numérique de Nantes | IMT Atlantique,I1294671590 I4210117005 I4210127572,yes
"IMT Atlantique, LS2N, UMR CRNS 6004, F-44307 Nantes, France",1,Laboratoire des Sciences du Numérique de Nantes | IMT Atlantique,I4210117005 I4210127572,yes
"IMT Atlantique, LS2N, UMR-CNRS 6004, La Chantrerie, Nantes, France",1,Centre National de la Recherche Scientifique | Laboratoire des Sciences du Numérique de Nantes | IMT Atlantique,I1294671590 I4210117005 I4210127572,yes
"IMT Atlantique, LS2N,4 Rue Alfred Kastler, Nantes 44300, France",1,Laboratoire des Sciences du Numérique de Nantes | IMT Atlantique,I4210117005 I4210127572,yes
"IMT Atlantique, LS2N,Computer Science Department,Nantes,France",1,Laboratoire des Sciences du Numérique de Nantes | IMT Atlantique,I4210117005 I4210127572,yes
"IMT Atlantique, LS2N-CNRS, France",1,Centre National de la Recherche Scientifique | Laboratoire des Sciences du Numérique de Nantes | IMT Atlantique,I1294671590 I4210117005 I4210127572,yes
"IMT Atlantique, LS2N-CNRS, La Chantrerie, 4 Rue Alfred Kastler, B.P. 20722, 44307 Nantes, France",1,Centre National de la Recherche Scientifique | Laboratoire des Sciences du Numérique de Nantes | IMT Atlantique,I1294671590 I4210117005 I4210127572,yes
"IMT Atlantique, LS2N-CNRS, La Chantrerie, 4 rue Alfred Kastler – B.P. 20722, 44307 Nantes, France",1,Centre National de la Recherche Scientifique | Laboratoire des Sciences du Numérique de Nantes | IMT Atlantique,I1294671590 I4210117005 I4210127572,yes
"IMT Atlantique, LS2N-CNRS, La Chantrerie, 4 rue Alfred Kastler, 44300, Nantes, France",1,Centre National de la Recherche Scientifique | Laboratoire des Sciences du Numérique de Nantes | IMT Atlantique,I1294671590 I4210117005 I4210127572,yes
"IMT Atlantique, LS2N-CNRS, La Chantrerie, 4, rue Alfred Kastler - B.P. 20722, F-44307 Nantes Cedex 3, France",1,Centre National de la Recherche Scientifique | Laboratoire des Sciences du Numérique de Nantes | IMT Atlantique,I1294671590 I4210117005 I4210127572,yes
"IMT Atlantique, LS2N-CNRS, Nantes Cedex 3, France",1,Centre National de la Recherche Scientifique | Laboratoire des Sciences du Numérique de Nantes | IMT Atlantique,I1294671590 I4210117005 I4210127572,yes
"IMT Atlantique, LS2N—CNRS, La Chantrerie, Nantes, France",1,Centre National de la Recherche Scientifique | Laboratoire des Sciences du Numérique de Nantes | IMT Atlantique,I1294671590 I4210117005 I4210127572,yes
"IMT Atlantique, Laboratoire LS2N, UMR CNRS, 6004, Nantes, France",1,Centre National de la Recherche Scientifique | Laboratoire des Sciences du Numérique de Nantes | IMT Atlantique,I1294671590 I4210117005 I4210127572,yes
"IMT Atlantique, Nantes University, École Centrale Nantes, CNRS, INRIA, LS2N, UMR 6004, 44000 Nantes, France",1,École Centrale de Nantes | Centre National de la Recherche Scientifique | Laboratoire des Sciences du Numérique de Nantes | IMT Atlantique,I100445878 I1294671590 I4210117005 I4210127572,yes
"IMT Atlantique, Stack, Inria, LS2N, Nantes, France",1,Laboratoire des Sciences du Numérique de Nantes | IMT Atlantique,I4210117005 I4210127572,yes
"IMT Atlantique,Inria, LS2N, UMR 6004,Nantes,France,F-44000",1,Laboratoire des Sciences du Numérique de Nantes | IMT Atlantique,I4210117005 I4210127572,yes
"IMT Atlantique,LS2N, UMR 6004,Nantes,France,44000",1,Laboratoire des Sciences du Numérique de Nantes | IMT Atlantique,I4210117005 I4210127572,yes
"IMT Atlantique,LS2N, UMR-CNRS 6004 La Chantrerie,Nantes,France,44300",1,Centre National de la Recherche Scientifique | Laboratoire des Sciences du Numérique de Nantes | IMT Atlantique,I1294671590 I4210117005 I4210127572,yes
"IMT Atlantique,LS2N, UMR-CNRS 6004,Nantes,France,44300",1,Centre National de la Recherche Scientifique | Laboratoire des Sciences du Numérique de Nantes | IMT Atlantique,I1294671590 I4210117005 I4210127572,yes
"IMT Atlantique,LS2N-CNRS,Nantes Cedex 3,France,F-44307",1,Centre National de la Recherche Scientifique | Laboratoire des Sciences du Numérique de Nantes | IMT Atlantique,I1294671590 I4210117005 I4210127572,yes
"IMT-Atlantique - LS2N, UMR CNRS 6004, 44300, Nantes, France",1,Centre National de la Recherche Scientifique | Laboratoire des Sciences du Numérique de Nantes | IMT Atlantique,I1294671590 I4210117005 I4210127572,yes
"IMT-Atlantique - LS2N, UMR CNRS 6004, Nantes, 44300 France",1,Centre National de la Recherche Scientifique | Laboratoire des Sciences du Numérique de Nantes | IMT Atlantique,I1294671590 I4210117005 I4210127572,yes
"IMT-Atlantique, Inria/LS2N, Nantes, France",1,Laboratoire des Sciences du Numérique de Nantes | IMT Atlantique,I4210117005 I4210127572,yes
"IMT-Atlantique, LS2N UMR CNRS 6004 Nantes, France",1,Centre National de la Recherche Scientifique | Laboratoire des Sciences du Numérique de Nantes | IMT Atlantique,I1294671590 I4210117005 I4210127572,yes
"IMT-Atlantique, LS2N UMR-CNRS 6004, Nantes, France",1,Centre National de la Recherche Scientifique | Laboratoire des Sciences du Numérique de Nantes | IMT Atlantique,I1294671590 I4210117005 I4210127572,yes
"IMTAtlantique, LS2N-CNRS, Nantes, France",1,Centre National de la Recherche Scientifique | Laboratoire des Sciences du Numérique de Nantes | IMT Atlantique,I1294671590 I4210117005 I4210127572,yes
"IMT‐Atlantique, LS2N UMR CNRS 6004 Nantes France",1,Centre National de la Recherche Scientifique | Laboratoire des Sciences du Numérique de Nantes | IMT Atlantique,I1294671590 I4210117005 I4210127572,yes
"IN2P3 (cnrs), Ecole des Mines de Nantes, SUBATECH, Univ. de Nantes, 44307, Nantes, France",1,Laboratoire de Physique Subatomique et des Technologies Associées | Institut National de Physique Nucléaire et de Physique des Particules | École nationale supérieure des Mines de Nantes,I4210109007 I4210133362 I4405265706,yes
"INCIT, UMR1302 INSERM; Nantes, France",1,Inserm | Immunologie et Nouveaux Concepts en Immunothérapie,I154526488 I4392021193,yes
"INRA USC1383, IECM, Nantes, France; LUNAM Université, Oniris, EA4644, Nantes, France",1,Oniris,I4210157468,no
"INRA, Nantes, F-44307, France; LUNAM Université, ONIRIS, UMR1014 SECALIM, Nantes, F-44307, France",1,SECurité des ALIments et Microbiologie | Oniris,I4210126125 I4210157468,no
"INRA, Nantes, F-44307, France; LUNAM Université, Oniris, UMR 1014 SECALIM, Nantes, F-44307, France",1,SECurité des ALIments et Microbiologie | Oniris,I4210126125 I4210157468,no
"INRA, Nantes, France; LUNAM Université, Oniris, UMR_A0703 PanTHER, Nantes, France",1,Oniris,I4210157468,no
"INRA, UMR 1014 Secalim, F-44307 Nantes, France; LUNAM Université, Oniris, F-44307 Nantes, France",1,Oniris,I4210157468,no
"INRA, UMR 1014 Secalim, Nantes, F-44307, France; LUNAM Université, Oniris, Nantes, F-44307, France",1,Oniris,I4210157468,no
"INRA, UMR 1280, Physiologie des Adaptations Nutritionnelles, CRNH, CHU, Nantes, France. Martine.Champ@univ-nantes.fr",1,Centre Hospitalier Universitaire de Nantes | PhysioPathologie des Adaptations Nutritionnelles,I3019204325 I4210162532,yes
"INRA, UMR1014 Secalim, Nantes, F-44307, France; LUNAM Université, Oniris, Nantes F-44307, France",1,Oniris,I4210157468,no
"INRA, UMR1014 Secalim, Nantes, F-44307, France; LUNAM Université, Oniris, Nantes, F-44307, France",1,Oniris,I4210157468,no
"INRA, UMR1300 Biology, Epidemiology and Risk Analysis in Animal Health, Nantes, France; LUNAM Université, Oniris, UMR BioEpAR, Nantes, France; UMR CNRS 6553-Université de Rennes 1-ECOBIO, Rennes, France",1,"Université de Rennes | Ecosystèmes, Biodiversité, Evolution | Oniris",I56067802 I4210087209 I4210157468,no
"INRAE UR BIA 44316 Nantes; Université de Reims CHampagne-Ardenne, INRAE, FARE, UMR A614 51097 Reims",1,"Université de Reims Champagne-Ardenne | Fractionnation of AgroResources and Environment | Institut National de Recherche pour l'Agriculture, l'Alimentation et l'Environnement",I96226040 I4210086276 I4210088668,no
"INRAe UMR1280 PhAN, Physiopathology of Nutritional Adaptations, CHU Hôtel Dieu, IMAD, CRNH Ouest University of Nantes  Nantes Cedex France",1,"PhysioPathologie des Adaptations Nutritionnelles | Institut National de Recherche pour l'Agriculture, l'Alimentation et l'Environnement",I4210162532 I4210088668,yes
"INRAe UMR1280 PhAN, Physiopathology of Nutritional Adaptations, CHU Hôtel Dieu, IMAD, CRNH Ouest University of Nantes Nantes Cedex France",1,"PhysioPathologie des Adaptations Nutritionnelles | Institut National de Recherche pour l'Agriculture, l'Alimentation et l'Environnement",I4210162532 I4210088668,yes
"INRIA Ecole polytechnique de l'université de Nantes, cedex - France",1,Institut national de recherche en sciences et technologies du numérique,I1326498283,no
"INRIA, LS2N, UMR CNRS 6004, IMT Atlantique, F-44307 Nantes, France",1,Centre National de la Recherche Scientifique | Institut national de recherche en sciences et technologies du numérique | Laboratoire des Sciences du Numérique de Nantes | IMT Atlantique,I1294671590 I1326498283 I4210117005 I4210127572,yes
INSERM  U892 Nantes France,1,Inserm,I154526488,no
INSERM  U913 Nantes F‐44093 France,1,Inserm,I154526488,no
"INSERM (U211), Institut de Biologie, Nantes, France",1,Inserm,I154526488,no
"INSERM , U892 , Nantes , France ;",1,Inserm,I154526488,no
"INSERM , U892, F-44007 Nantes Cedex 1,",1,Inserm,I154526488,no
"INSERM , U892, Nantes F-44007,",1,Inserm,I154526488,no
"INSERM , UMR 892 , Nantes , France",1,Inserm,I154526488,no
"INSERM , UMR 892 , Nantes , France;",1,Inserm,I154526488,no
"INSERM , UMR 957 , LUNAM Université , Laboratoire de Physiopathologie de la Résorption Osseuse et Thérapie des Tumeurs Osseuses Primitives EA3822 , Nantes , France",1,Inserm,I154526488,no
"INSERM , UMR 957 , Nantes , France",1,Inserm,I154526488,no
"INSERM , UMR-S 1064 , Nantes , France",1,Inserm,I154526488,no
"INSERM , UMR892, Nantes , France",1,Inserm,I154526488,no
"INSERM , Unité 601, Nantes,",1,Inserm,I154526488,no
"INSERM , Unité 643, Nantes,",1,Inserm,I154526488,no
"INSERM , Unité 892, Nantes,",1,Inserm,I154526488,no
"INSERM 1232, CRCINA, Université Nantes-Angers, Nantes, France",1,Inserm | Centre de Recherche en Cancérologie et Immunologie Intégrée Nantes Angers,I154526488 I4210092509,yes
"INSERM 1246 -SPHERE , Universities of Tours and Nantes ,",1,Inserm | methodS in Patient-centered outcomes and HEalth ResEarch,I154526488 I4392021239,yes
"INSERM 1246 ‑ SPHERE, Universities of Tours and Nantes, 37000, Tours, France",1,Université de Tours | Inserm | methodS in Patient-centered outcomes and HEalth ResEarch,I110017253 I154526488 I4392021239,yes
"INSERM 1246-SPHERE, Tours and Nantes Universities, Tours, France",1,Inserm | methodS in Patient-centered outcomes and HEalth ResEarch,I154526488 I4392021239,yes
"INSERM 1246-SPHERE, University of Tours, Tours, France",1,Université de Tours | Inserm,I110017253 I154526488,no
"INSERM 90-11, Institut de Biologie, Nantes, France",1,Inserm,I154526488,no
"INSERM 948 University Nantes , Nantes , France",1,Inserm,I154526488,no
"INSERM CIC 004; Nantes University Hospital, Department of Neonatalogy, Nantes, France. sophie.denizot@chu-nantes.fr",1,Inserm | Centre Hospitalier Universitaire de Nantes | Centre d'Investigation Clinique de Nantes,I154526488 I3019204325 I4210128055,no
"INSERM CIC 1413, Nantes University Hospital, Nantes, France; Pediatric Emergency Care Unit, Nantes University Hospital, Nantes, France",1,Inserm | Centre Hospitalier Universitaire de Nantes | Centre d'Investigation Clinique de Nantes,I154526488 I3019204325 I4210128055,no
"INSERM CIC-00-04 Biothérapies Hépatiques, CHU Hôtel-Dieu, 44035 Nantes Cedex, France. tuan.nguyen@univ-nantes.fr",1,Inserm | Centre Hospitalier Universitaire de Nantes | Centre d'Investigation Clinique de Nantes,I154526488 I3019204325 I4210128055,no
"INSERM CIC004, University Hospital, Nantes 44093, France",1,Inserm | Centre d'Investigation Clinique de Nantes,I154526488 I4210128055,no
"INSERM CIC1413, Nantes University Hospital and Inserm",1,Inserm | Centre d'Investigation Clinique de Nantes,I154526488 I4210128055,no
"INSERM CIC1413, Nantes University Hospital, Nantes, France; INSERM UMR1153, Epidemiology and Biostatistics Sorbonne Paris Cité Centre (CRESS), Obstetrical, Perinatal and Pediatric Epidemiology Research Team (EPOPé), Université de Paris, Paris, France; Pediatric Emergency Care Unit, Nantes University Hospital, Nantes, France",1,Inserm | Université Paris Cité | Sorbonne Paris Cité | Centre d'Investigation Clinique de Nantes | Centre de Recherche Épidémiologie et Statistique,I154526488 I204730241 I4210091437 I4210128055 I4387154308,no
"INSERM CJF 90.11, Faculty of Medicine, Nantes, France",1,Inserm,I154526488,no
"INSERM CJF 94-04 , Faculte! de Me! decine , 1 rue Gaston Veil , 44035 Nantes , France",1,Inserm,I154526488,no
INSERM CR1064 Nantes France,1,Inserm,I154526488,no
"INSERM CR1064, 44000, Nantes, France",1,Inserm,I154526488,no
"INSERM CR1064, F-44000, Nantes, France",1,Inserm,I154526488,no
"INSERM E 99-03, Laboratoire des Matériaux d'Intérêt Biologique, 1 place Alexis Ricordeau, 44042 Nantes Cedex, France",1,Inserm,I154526488,no
"INSERM E 99-03, Laboratoire des Tissus Calcifiés, Faculté de Chirurgie Dentaire, 1 place Alexis Ricordeau, 44042 Nantes, France. xavier.bourges@sante.univ-nantes.fr",1,Inserm,I154526488,no
"INSERM EA 1413, Infectious Diseases Department, Nantes University Hospital, Nantes, France",1,Inserm | Centre Hospitalier Universitaire de Nantes,I154526488 I3019204325,no
"INSERM EA 1413, Infectious Diseases Department, Nantes University Hospital, Nantes, France, chu-nantes.fr",1,Inserm | Centre Hospitalier Universitaire de Nantes,I154526488 I3019204325,no
"INSERM EM 9903 , Research Center on Materials of Biological Interest Faculty of Dental Surgery , Place Alexis Ricordeau , 44042 Nantes Cedex , France",1,Inserm,I154526488,no
"INSERM EM 9903 , Research Center on Materials of Biological Interest Faculty of Dental Surgery Place Alexis Ricordeau , 44042 Nantes Cedex , France",1,Inserm,I154526488,no
"INSERM EM 9903 Research Center on Material of Biological Interest, Dental Faculty-Nantes Hospital and University, Nantes, France",1,Inserm,I154526488,no
"INSERM EM 9903, Matériaux d'intérêt biologique, Faculté de chirurgie dentaire, 1, place A. Ricordeau, BP 84215, 44042 Nantes Cedex 01, France. omalard@sante.univ-nantes.fr",1,Inserm,I154526488,no
"INSERM EM 9903, Research Center on Materials of Biological Interest Faculty of Dental Surgery, Place Alexis Ricordeau, 44042 Nantes Cedex, France",1,Inserm,I154526488,no
"INSERM EM 9903, Research Center on Materials of Biological Interest Faculty of Dental Surgery, Place Alexis Ricordeau, 44042 Nantes Cedex, France. guy.daculsi@sante.univ-nantes.fr",1,Inserm,I154526488,no
"INSERM EM 9903, Research Center on Materials with Biological Interest, School of Dental Surgery, 1 place Alexis Ricordeau, 44042 Nantes cedex 1, France",1,Inserm,I154526488,no
"INSERM EM 9903, School of Dental Surgery, Nantes, France",1,Inserm,I154526488,no
"INSERM EM9903, School of Dental Surgery, 1 Place Alexis Ricordeau, 44042, Cedex 1 Nantes, France",1,Inserm,I154526488,no
"INSERM EMI 99-03, Research Center on Materials of Biological Interests, Nantes, France",1,Inserm,I154526488,no
"INSERM EMI 99-03, Research Center on Materials of Biological Interests, Nantes, France. david.magne@sante.univ-nantes.fr",1,Inserm,I154526488,no
"INSERM EMI 9903, School of Dental Surgery, 1 Place Alexis Ricordeau, 44042 Nantes Cedex 1, France",1,Inserm,I154526488,no
"INSERM ERI 7 Nantes, France",1,Inserm,I154526488,no
"INSERM ERI 7-EA 3822, Physiopathologie de la Résorption Osseuse et Thérapie des Tumeurs Osseuses Primitives, Faculté de Médecine, 1 Rue Gaston Veil, 44035 Nantes Cedex 1, France. sandrine.theoleyre@univ-nantes.fr",1,Inserm,I154526488,no
"INSERM Nantes UMS 016-UMS CNRS 3556, 8 quai Moncousu, 44007 Nantes, France",1,Inserm | Centre National de la Recherche Scientifique,I154526488 I1294671590,no
INSERM Nantes UMS 016‐UMS CNRS 3556  8 quai Moncousu 44007 Nantes France,1,Inserm | Centre National de la Recherche Scientifique,I154526488 I1294671590,no
"INSERM Nantes University, 1, place A.-Ricordeau, 44042 Nantes, France",1,Inserm,I154526488,no
"INSERM Nantes University, Dental Faculty, place A. Ricordeau 44042 Nantes France;",1,Inserm,I154526488,no
"INSERM Research Center on Materials of Biological Interest, UFR de Odontologie, Dental Faculty, Nantes, France",1,Inserm,I154526488,no
INSERM U 1232  Nantes France,1,Inserm,I154526488,no
"INSERM U 21/, Facult#{233} de M#{233}decine, I rue Gaston Veil, 44035 Nantes, France",1,Inserm,I154526488,no
"INSERM U 211, Centre de Biologie et Physicochimie cellulaires, Faculté des Sciences , 44072 Nantes Cedex ,",1,Inserm,I154526488,no
"INSERM U 225, Faculté Chirurgie Dentaire, Nantes, France",1,Inserm,I154526488,no
"INSERM U 437, Nantes Cedex, France",1,Inserm,I154526488,no
"INSERM U 437-30, Nantes, France",1,Inserm,I154526488,no
"INSERM U 463, Nantes,France",1,Inserm,I154526488,no
"INSERM U 539, Faculté de Médecine, Nantes, France",1,Inserm,I154526488,no
"INSERM U 539, Hôtel-Dieu, BP 1005, 44035 Nantes. anne-catherine.aube@sante.univ-nantes.fr",1,Inserm,I154526488,no
"INSERM U 539, Place Alexis Ricordeau, Nantes, France CIC-INSERM, Place Alexis Ricordeau, Nantes, France. michel.neunlist@sante.univ-nantes.fr",1,Inserm | Centre d'Investigation Clinique de Nantes,I154526488 I4210128055,no
"INSERM U 601, quai Moncousu, Nantes, 44035, France. coutur@nantes.inserm.fr",1,Inserm,I154526488,no
"INSERM U 948, CHU Nantes, Nantes cedex, 44020, France",1,Inserm | Centre Hospitalier Universitaire de Nantes,I154526488 I3019204325,no
"INSERM U 948, CHU Nantes, Nantes, France",1,Inserm | Centre Hospitalier Universitaire de Nantes,I154526488 I3019204325,no
"INSERM U, Nantes, France",1,Inserm,I154526488,no
"INSERM U-533, Faculté des Sciences, 44322 Nantes Cedex 3, France",1,Inserm,I154526488,no
"INSERM U. 211, Institut de Biologie, Nantes, France",1,Inserm,I154526488,no
"INSERM U. 225, UER d'Odontologie, Nantes, France",1,Inserm,I154526488,no
"INSERM U.211, Faculté de Médecine et de Pharmacie, Nantes, France",1,Inserm,I154526488,no
"INSERM U.211, Institut de Biologie-CHR, Nantes, France",1,Inserm,I154526488,no
"INSERM U.2111, 44035 Nantes, France",1,Inserm,I154526488,no
"INSERM U.419, Institut de biologie, Nantes, France",1,Inserm,I154526488,no
"INSERM U.463, Institut de Biologie, 9 Quai Moncousu, F-44035, Nantes Cedex 1, France",1,Inserm,I154526488,no
"INSERM U.892, Centre de Recherche en Cancérologie de Nantes-Angers, Institut de Recherche en Santé de l'Université de Nantes, Nantes, France",1,Inserm | Centre de Recherche en Cancérologie et Immunologie Intégrée Nantes Angers,I154526488 I4210092509,yes
"INSERM U1042, Grenoble, France ; Université de Lyon, Saint-Etienne, France ; MIP, Nantes, France",1,Inserm | Université de Lyon,I154526488 I203339264,no
INSERM U1064  Nantes France,1,Inserm,I154526488,no
"INSERM U1064 , Nantes , France",1,Inserm,I154526488,no
"INSERM U1064 , Nantes, France, Nantes,",1,Inserm,I154526488,no
"INSERM U1064 CRTI, Nantes, France",1,Inserm,I154526488,no
"INSERM U1064, 44093, Nantes, France",1,Inserm,I154526488,no
"INSERM U1064, 44093, Nantes, France, Ludmilla.Leberre@univ-nantes.fr",1,Inserm,I154526488,no
"INSERM U1064, CHU de Nantes, Nantes 44093, France; Platform Rat Transgenesis Immunophenomic, CNRS UMS3556, Nantes 44093, France",1,Inserm | Centre National de la Recherche Scientifique | Centre Hospitalier Universitaire de Nantes,I154526488 I1294671590 I3019204325,no
"INSERM U1064, CR2TI–Center for Research in Transplantation and Translational Immunology, Nantes, France; Department of Neurology, CHU de Nantes, Nantes, France; Service de Neurologie CHU Nantes et CR2TI-Inserm U1064, Hôpital Nord Laennec, Nantes Cedex 1, France",1,Inserm | Centre Hospitalier Universitaire de Nantes | Center for Research in Transplantation and Translational Immunology,I154526488 I3019204325 I4392021198,yes
"INSERM U1064, ITUN, 44093, Nantes, France. fink1kd@cmich.edu",1,Inserm | Institut de Transplantation Urologie en Nephrologie,I154526488 I4210112643,no
"INSERM U1064, Nantes, France. akalergis@bio.puc.cl",1,Inserm,I154526488,no
"INSERM U1087 , Nantes ,",1,Inserm,I154526488,no
"INSERM U1232, IRS-UN, Nantes, France; Pathology Department, CHU Nantes, Nantes, France",1,Inserm | Centre Hospitalier Universitaire de Nantes,I154526488 I3019204325,no
INSERM U1235  Nantes France,1,Inserm,I154526488,no
INSERM U1235 Nantes University  Nantes France,1,Inserm,I154526488,no
"INSERM U1235, F-44000, Nantes, France",1,Inserm,I154526488,no
"INSERM U1246 SPHERE ""methodS in Patient‐centered outcomes and HEalth ResEarch"" Nantes and Tours University  Nantes France",1,Inserm | methodS in Patient-centered outcomes and HEalth ResEarch,I154526488 I4392021239,yes
"INSERM U1246 SPHERE 'methodS in Patient-centered outcomes and HEalth ResEarch' Nantes and Tours University, France",1,Inserm | methodS in Patient-centered outcomes and HEalth ResEarch,I154526488 I4392021239,yes
"INSERM U1246 SPHERE “methods in Patient-Centered Outcomes and Health Research”, Nantes and Tours University, Nantes, France",1,Inserm | methodS in Patient-centered outcomes and HEalth ResEarch,I154526488 I4392021239,yes
"INSERM U1246 SPHERE, Universities of Nantes and Tours, 37044 Tours, France",1,Inserm | methodS in Patient-centered outcomes and HEalth ResEarch,I154526488 I4392021239,yes
"INSERM U21 1, Institut de Biologie, 44035 Nantes, France",1,Inserm,I154526488,no
"INSERM U211 , Nantes ,",1,Inserm,I154526488,no
"INSERM U211 Plateau Technique, Nantes, France",1,Inserm,I154526488,no
"INSERM U211 Unité de recherche sur les effecteurs lymphocytaires T, Plateau technique, CHU Hôtel-Dieu, Nantes",1,Inserm | Centre Hospitalier Universitaire de Nantes,I154526488 I3019204325,no
"INSERM U211 and CHR Nantes, Institut de Biologie, France",1,Inserm,I154526488,no
"INSERM U211, Biology Institute , Nantes ,",1,Inserm,I154526488,no
"INSERM U211, Biology Institute, Nantes, France",1,Inserm,I154526488,no
"INSERM U211, Faculté de medecine, Nantes, France",1,Inserm,I154526488,no
"INSERM U211, Institut de Biologie , Nantes ,",1,Inserm,I154526488,no
"INSERM U211, Institut de Biologie, 44035 Nantes, France",1,Inserm,I154526488,no
"INSERM U211, Institut de Biologie, 9 Quai Moncousu, 44035 NANTES Cedex 01, France",1,Inserm,I154526488,no
"INSERM U211, Institut de Biologie, Nantes, Cedex 01, France",1,Inserm,I154526488,no
"INSERM U211, Institut de Biologie-CHR, 44035 Nantes Cedex 01, France",1,Inserm,I154526488,no
"INSERM U211, Institut de biologie, Nantes, France",1,Inserm,I154526488,no
"INSERM U211, Institute of Biology , Nantes ,",1,Inserm,I154526488,no
"INSERM U211, Institute of Biology , Nantes,",1,Inserm,I154526488,no
"INSERM U211, Nantes University Hospital, 1 r. G. Veil, 44035 Nantes Cedex, France",1,Inserm,I154526488,no
"INSERM U211, Plateau Technique CHU , Nantes,",1,Inserm | Centre Hospitalier Universitaire de Nantes,I154526488 I3019204325,no
"INSERM U211, U.E.R. de Médecine, CHU de Nantes , 44035 Nantes Cédex ,",1,Inserm | Centre Hospitalier Universitaire de Nantes,I154526488 I3019204325,no
"INSERM U419 , Institut de Biologie , Nantes , France",1,Inserm,I154526488,no
"INSERM U419, Institut de Biologie, 44035 Nantes, France",1,Inserm,I154526488,no
"INSERM U419, Institut de Biologie, 44093 Nantes cedex 01, France",1,Inserm,I154526488,no
"INSERM U419, Institut de Biologie, 9 Quai Moncosu, 44035, Nantes, France",1,Inserm,I154526488,no
"INSERM U419, Institut de Biologie, 9 Quai Moncousu, 44093 Nantes Cedex 01, France",1,Inserm,I154526488,no
"INSERM U419, Institut de Biologie, 9 Quai Moncousu, 44093, Nantes Cedex, France",1,Inserm,I154526488,no
"INSERM U419, Institut de Biologie, 9 quai Moncousu 44035 Nantes, France. Fax: (33) 02.40.08.40.82",1,Inserm,I154526488,no
"INSERM U419, Institut de biologie, Nantes, France",1,Inserm,I154526488,no
"INSERM U419. Institut de Biologie, Nantes, France",1,Inserm,I154526488,no
"INSERM U437, ITERT-CHU, Nantes, France",1,Inserm | Centre Hospitalier Universitaire de Nantes,I154526488 I3019204325,no
"INSERM U463 , Institut de Biologie , Nantes , France",1,Inserm,I154526488,no
"INSERM U463 , Institute de Biologie-CHR , 44093 nantes Cedex 1 , France",1,Inserm,I154526488,no
"INSERM U463 , Nantes , France and",1,Inserm,I154526488,no
"INSERM U463 and Faculty of Sciences of Nantes, France",1,Inserm,I154526488,no
"INSERM U463, 9 quai Moncousu 44 093 Nantes cedex I France",1,Inserm,I154526488,no
"INSERM U463, 9 quai Moncousu 44 093 Nantes cedex I France. sbarille@nantes.inserm.fr",1,Inserm,I154526488,no
"INSERM U463, Institut de Biologie Nantes France",1,Inserm,I154526488,no
"INSERM U463, Institut de Biologie des Hôpitaux de Nantes, 9 Quai Moncousu, 44093, Nantes Cedex, France",1,Inserm,I154526488,no
"INSERM U463, Institut de Biologie et Faculté des Sciences, Nantes, France",1,Inserm,I154526488,no
"INSERM U463, Institut de Biologie et Faculté des Sciences, Nantes, France",1,Inserm,I154526488,no
"INSERM U463, Institut de Biologie, Nantes;",1,Inserm,I154526488,no
"INSERM U463, Institut de biologie, 9 quai Moncousu 44093, Nantes cedex 01, France. sbarille@nantes.inserm.fr",1,Inserm,I154526488,no
"INSERM U463, Institut de biologie, and Departement d'Hématologie, CHU Nantes, Nantes, France",1,Inserm | Centre Hospitalier Universitaire de Nantes,I154526488 I3019204325,no
"INSERM U533, Faculté de Médecine, Nantes, F-44035 France",1,Inserm,I154526488,no
"INSERM U533, Hotel-Dieu, 44035 Nantes Cedex, France. gilles.guihard@nantes.inserm.fr",1,Inserm,I154526488,no
"INSERM U533, Laboratoire de Physiopathologie, H pital H tel-Dieu, Nantes, France",1,Inserm,I154526488,no
"INSERM U539 , Nantes , France",1,Inserm,I154526488,no
"INSERM U539 , School of Medicine , Nantes ,",1,Inserm,I154526488,no
INSERM U539 Faculte de Medecine 1 Rue Gaston Veil Nantes 44035 France,1,Inserm,I154526488,no
INSERM U539 Faculte de Medecine Nantes 44035 France,1,Inserm,I154526488,no
"INSERM U539, Faculté de Médecine de Nantes, France",1,Inserm,I154526488,no
"INSERM U539, Faculté de Médecine, Nantes Cedex, France;",1,Inserm,I154526488,no
"INSERM U539, Faculté de Médecine, Nantes, France",1,Inserm,I154526488,no
"INSERM U539, Hôtel Dieu, Nantes, France. Khadija.Ouguerram@sante.univ-nantes.fr",1,Inserm,I154526488,no
"INSERM U539, Nantes, France. ajarry@univ-nantes.fr",1,Inserm,I154526488,no
"INSERM U539, University Hospital 1 place Alexis Ricordeau Nantes France",1,Inserm | Centre Hospitalier Universitaire de Nantes,I154526488 I3019204325,no
"INSERM U601, 44093 Nantes, France. nlabar@nantes.inserm.fr",1,Inserm,I154526488,no
"INSERM U601, E5, Institut de Biologie, 9 quai Moncousu, 44035 Nantes Cedex",1,Inserm,I154526488,no
"INSERM U601, F-44000 Nantes, France",1,Inserm,I154526488,no
"INSERM U601, Nantes Cedex,",1,Inserm,I154526488,no
"INSERM U601, Nantes cedex, France",1,Inserm,I154526488,no
"INSERM U601-University, Nantes, France",1,Inserm,I154526488,no
"INSERM U643, F44093, Nantes, France",1,Inserm,I154526488,no
"INSERM U643, ITERT, Nantes Cedex, France",1,Inserm,I154526488,no
"INSERM U643, IUN, Centaure Network, Nantes, France",1,Inserm,I154526488,no
"INSERM U643, Nantes F-44000, France",1,Inserm,I154526488,no
"INSERM U643, Nantes F44093, France. Ludmilla.Leberre@univ-nantes.fr",1,Inserm,I154526488,no
"INSERM U643, et ITERT, Nantes, France",1,Inserm,I154526488,no
"INSERM U643/ITERT, Nantes, France",1,Inserm,I154526488,no
"INSERM U649, 44000 Nantes, France",1,Inserm,I154526488,no
"INSERM U892 , Nantes ,",1,Inserm,I154526488,no
"INSERM U892 , Nantes , France; and",1,Inserm,I154526488,no
INSERM U892 CRCNA Nantes France,1,Inserm | Centre de Recherche en Cancérologie et Immunologie Intégrée Nantes Angers,I154526488 I4210092509,yes
"INSERM U892, 8 Quai Moncousu, BP 70721, 44007, Nantes Cedex 1, France",1,Inserm,I154526488,no
"INSERM U892, Centre de Recherche en Cancérologie de Nantes-Angers, Institut de Recherche en Santé de l'Université de Nantes, Nantes, France",1,Inserm | Centre de Recherche en Cancérologie et Immunologie Intégrée Nantes Angers,I154526488 I4210092509,yes
"INSERM U892, IRT-UN, 8 quai Moncousu, 44007, Nantes Cedex, France. delphine.loussouarn@chu-nantes.fr",1,Inserm,I154526488,no
"INSERM U892, Institut de Biologie, 9 quai Moncousu, 44035, Nantes Cedex, France",1,Inserm,I154526488,no
"INSERM U892, Institut de Biologie, 9 quai Moncousu, 44093 Nantes Cedex 01, France",1,Inserm,I154526488,no
"INSERM U892, Institut de Biologie, Nantes, France",1,Inserm,I154526488,no
"INSERM U892, Nantes Cedex 1, France",1,Inserm,I154526488,no
"INSERM U892, Nantes University Hospital, Nantes, France",1,Inserm,I154526488,no
"INSERM U892, Nantes, France ; CNRS, UMR 6299, Nantes, France",1,Inserm | Centre National de la Recherche Scientifique | Centre de Recherche en Cancérologie et Immunologie Intégrée Nantes Angers,I154526488 I1294671590 I4210092509,yes
"INSERM U913, CHU Nantes, Nantes, France",1,Inserm | Centre Hospitalier Universitaire de Nantes,I154526488 I3019204325,no
INSERM U915 Nantes France,1,Inserm,I154526488,no
"INSERM U915, Faculté de médecine, 4 rue Gaston Veil, Nantes cedex 1, France",1,Inserm,I154526488,no
INSERM U948  Nantes France,1,Inserm,I154526488,no
"INSERM U957, Nantes, France;",1,Inserm,I154526488,no
"INSERM U957,Laboratoire de Physiopathologie de Résorption Osseuse et Thérapie des Tumeurs Osseuses Primitives, Faculté de Médecine 1, rue Gaston Veil, Nantes, F-44035 Cedex 1, France",1,Inserm,I154526488,no
"INSERM UE1413, CHU de Nantes, Service de Maladies Infectieuses, Nantes, France",1,Inserm | Centre Hospitalier Universitaire de Nantes,I154526488 I3019204325,no
"INSERM UIC 1413 Nantes University, Nantes, France",1,Inserm,I154526488,no
INSERM UIC 143 Nantes University Nantes France,1,Inserm,I154526488,no
INSERM UMR 1064 CHU Nantes ITUN Nantes France,1,Inserm | Centre Hospitalier Universitaire de Nantes | Institut de Transplantation Urologie en Nephrologie,I154526488 I3019204325 I4210112643,no
"INSERM UMR 1064, CHU Hôtel-Dieu, 30 Bvd Jean Monnet, 44093, Nantes, France. David.Laplaud@univ-nantes.fr",1,Inserm | Centre Hospitalier Universitaire de Nantes,I154526488 I3019204325,no
"INSERM UMR 1064, CHU Hôtel-Dieu, 30 Bvd Jean Monnet, 44093, Nantes, France. Marion.Salou@univ-nantes.fr",1,Inserm | Centre Hospitalier Universitaire de Nantes,I154526488 I3019204325,no
"INSERM UMR 1064, CHU Hôtel-Dieu, 30 Bvd Jean Monnet, 44093, Nantes, France. Sophie.Brouard@univ-nantes.fr",1,Inserm,I154526488,no
"INSERM UMR 1064, Center for Research in Transplantation and Immunology, Nantes, France. laurent.tesson@univ-nantes.fr",1,Inserm | Center for Research in Transplantation and Translational Immunology,I154526488 I4392021198,yes
"INSERM UMR 1064, Center for Research in Transplantation and Immunology, Nantes, France; SFR Bonamy, GenoCellEdit Platform, CNRS UMS3556, Nantes, France",1,Inserm | Centre National de la Recherche Scientifique | Center for Research in Transplantation and Translational Immunology | Structure Fédérative de Recherche Bonamy,I154526488 I1294671590 I4392021198 I4400009061,yes
"INSERM UMR 1064, ITERT, Nantes, France. thomas.freour@chu-nantes.fr",1,Inserm,I154526488,no
"INSERM UMR 1064-Center for Research in Transplantation and Immunology CHU de Nantes. 30, boulevard Nantes France",1,Inserm | Centre Hospitalier Universitaire de Nantes,I154526488 I3019204325,no
"INSERM UMR 1064-ITUN, CHU de Nantes, 44093, Nantes, France",1,Inserm | Centre Hospitalier Universitaire de Nantes,I154526488 I3019204325,no
"INSERM UMR 1064-ITUN, CHU de Nantes, 44093, Nantes, France. severine.menoret@univ-nantes.fr",1,Inserm | Centre Hospitalier Universitaire de Nantes,I154526488 I3019204325,no
"INSERM UMR 1064-ITUN, CHU de Nantes, Nantes F44093, France;",1,Inserm | Centre Hospitalier Universitaire de Nantes,I154526488 I3019204325,no
"INSERM UMR 1064-ITUN, CHU de Nantes, Nantes F44093, France; Platform Rat Transgenesis, Nantes F44093, France;",1,Inserm | Centre Hospitalier Universitaire de Nantes,I154526488 I3019204325,no
"INSERM UMR 1064-ITUN; CHU de Nantes, Nantes, 44093, France",1,Inserm | Centre Hospitalier Universitaire de Nantes,I154526488 I3019204325,no
INSERM UMR 1064; Nantes University Hospital; Nantes France,1,Inserm,I154526488,no
"INSERM UMR 1089, Nantes University Hospital, 44007 Nantes, France",1,Inserm,I154526488,no
"INSERM UMR 1229-RMES, “Regenerative Medicine and Skeleton,” Team STEP “Skeletal Physiopathology and Joint Regenerative Medicine,” Nantes University Hospital, Nantes, France",1,Inserm,I154526488,no
"INSERM UMR 1229‐RMES, Regenerative Medicine and Skeleton, Team STEP Skeletal physiopathology and joint regenerative medicine Nantes University Hospital Nantes France",1,Inserm,I154526488,no
INSERM UMR 1238 Nantes France,1,Inserm,I154526488,no
"INSERM UMR 1238 University of Medicine Nantes, Nantes, France",1,Inserm,I154526488,no
"INSERM UMR 1246 - SPHERE, Nantes University, Tours University, France",1,Université de Tours | Inserm | methodS in Patient-centered outcomes and HEalth ResEarch,I110017253 I154526488 I4392021239,yes
"INSERM UMR 1246 -SPHERE, France",1,Inserm,I154526488,no
"INSERM UMR 1246 SPHERE (Methods in Patients-Centered Outcomes and HEalth Research), Nantes and Tours Universities, 44000 Nantes, France",1,Inserm | methodS in Patient-centered outcomes and HEalth ResEarch,I154526488 I4392021239,yes
"INSERM UMR 1246 SPHERE (Methods in Patients-centered Outcomes and HEalth Research), Nantes and Tours Universities",1,Inserm | methodS in Patient-centered outcomes and HEalth ResEarch,I154526488 I4392021239,yes
"INSERM UMR 1246 SPHERE (Methods in Patients-centered Outcomes and HEalth Research), Nantes and Tours Universities, France",1,Inserm | methodS in Patient-centered outcomes and HEalth ResEarch,I154526488 I4392021239,yes
"INSERM UMR 1246 SPHERE (methodS in Patients-centered outcomes and HEalth Research), Nantes and Tours Universities, Nantes, France",1,Inserm | methodS in Patient-centered outcomes and HEalth ResEarch,I154526488 I4392021239,yes
"INSERM UMR 1246 SPHERE (methodS in Patients-centered outcomes and HEalth Research), Universités de Nantes et Tours",1,Inserm | methodS in Patient-centered outcomes and HEalth ResEarch,I154526488 I4392021239,yes
INSERM UMR 1246 SPHERE Methods in Patients‐Centered Outcomes and Health Research Nantes and Tours University Nantes France,1,Inserm | methodS in Patient-centered outcomes and HEalth ResEarch,I154526488 I4392021239,yes
"INSERM UMR 1246 SPHERE, Tours, Centre-Val de Loire, France",1,Inserm,I154526488,no
"INSERM UMR 1246 SPHERE: Methods in Patient-centered Outcomes and Health Research, Nantes, France",1,Inserm | methodS in Patient-centered outcomes and HEalth ResEarch,I154526488 I4392021239,yes
"INSERM UMR 1246 À SPHERE, Nantes, France",1,Inserm,I154526488,no
"INSERM UMR 1246 ‐ SPHERE Nantes University, Tours University Nantes France",1,Université de Tours | Inserm | methodS in Patient-centered outcomes and HEalth ResEarch,I110017253 I154526488 I4392021239,yes
"INSERM UMR 1246 – SPHERE, Nantes University, Tours University, France",1,Université de Tours | Inserm | methodS in Patient-centered outcomes and HEalth ResEarch,I110017253 I154526488 I4392021239,yes
"INSERM UMR 1246, Nantes, France",1,Inserm | methodS in Patient-centered outcomes and HEalth ResEarch,I154526488 I4392021239,yes
"INSERM UMR 1246, SPHERE, Methods in Patient- Centered Outcomes and Health Research, Nantes and Tours Universities, Nantes, France",1,Inserm | methodS in Patient-centered outcomes and HEalth ResEarch,I154526488 I4392021239,yes
"INSERM UMR 1246, SPHERE, Methods in Patient- Centered Outcomes and Health Research, Nantes and Tours Universities, Nantes, France. marie.bronnec@chu-nantes.fr",1,Inserm | methodS in Patient-centered outcomes and HEalth ResEarch,I154526488 I4392021239,yes
"INSERM UMR 1246, SPHERE, Methods in Patient- Centred Outcomes and Health Research, Nantes and Tours Universities, Nantes, France; CHU Nantes, Public Health Department, Methodology and Biostatistics Unit, Nantes, France",1,Inserm | Centre Hospitalier Universitaire de Nantes | methodS in Patient-centered outcomes and HEalth ResEarch,I154526488 I3019204325 I4392021239,yes
"INSERM UMR 1246, SPHERE, Methods in Patient-Centered Outcomes and Health Research, Nantes and Tours University",1,Inserm | methodS in Patient-centered outcomes and HEalth ResEarch,I154526488 I4392021239,yes
"INSERM UMR 1246, SPHERE, Methods in Patient-Centered Outcomes and Health Research, Nantes and Tours University, Nantes and Tours, France",1,Université de Tours | Inserm | methodS in Patient-centered outcomes and HEalth ResEarch,I110017253 I154526488 I4392021239,yes
"INSERM UMR 1246, SPHERE, Methods in Patient-Centred Outcomes and Health Research, Nantes and Tours University, Nantes, France",1,Inserm | methodS in Patient-centered outcomes and HEalth ResEarch,I154526488 I4392021239,yes
"INSERM UMR 1246, SPHERE, Methods in Patients-Centered Outcomes and Health Research, Nantes and Tours University, France",1,Inserm | methodS in Patient-centered outcomes and HEalth ResEarch,I154526488 I4392021239,yes
"INSERM UMR 1246, SPHERE, Methods in Patients‐centered outcomes and Health Research Nantes and Tours University  Nantes France",1,Inserm | methodS in Patient-centered outcomes and HEalth ResEarch,I154526488 I4392021239,yes
"INSERM UMR 1246, SPHERE, Methods in Patient‐Centered Outcomes and Health Research Nantes and Tours University, Nantes and Tours  France",1,Inserm | methodS in Patient-centered outcomes and HEalth ResEarch,I154526488 I4392021239,yes
"INSERM UMR 1246-SPHERE, University Nantes and Tours, Tours, Nantes, France",1,Inserm | methodS in Patient-centered outcomes and HEalth ResEarch,I154526488 I4392021239,yes
"INSERM UMR 1246–SPHERE Nantes University, Tours University  Nantes France",1,Inserm | methodS in Patient-centered outcomes and HEalth ResEarch,I154526488 I4392021239,yes
"INSERM UMR 1307, CNRS UMR 6075, Angers University, CRCI2NA, Nantes, France",1,Inserm | Centre National de la Recherche Scientifique | Centre de Recherche en Cancérologie et Immunologie Intégrée Nantes Angers,I154526488 I1294671590 I4210092509,yes
"INSERM UMR 601, 9 Quai Moncousu, Nantes F-44000, France. Lisa.Oliver@univ-nantes.fr",1,Inserm,I154526488,no
"INSERM UMR 601, Institute of Biology, Nantes, France. r-bataille@nantes.fnclcc.fr",1,Inserm,I154526488,no
"INSERM UMR 643, 44093, Nantes, France",1,Inserm,I154526488,no
"INSERM UMR 643, Nantes cedex 1, France",1,Inserm,I154526488,no
"INSERM UMR 643, Nantes, France. Laurent.Lescaudron@univ-nantes.fr",1,Inserm,I154526488,no
"INSERM UMR 643, Nantes, France;",1,Inserm,I154526488,no
"INSERM UMR 643-Center for Research in Transplantation and Immunology INSERM UMR 643, CHU de Nantes. 30, boulevard Jean Monnet. 44093 Nantes France. cgt@univ-nantes.fr",1,Inserm | Centre Hospitalier Universitaire de Nantes | Center for Research in Transplantation and Translational Immunology,I154526488 I3019204325 I4392021198,yes
"INSERM UMR 649, Nantes, France",1,Inserm,I154526488,no
"INSERM UMR 649/GENETHON/Molecular Genetics & Microbiology Department, University of Florida, Nantes, Cedex 01, France",1,Inserm,I154526488,no
"INSERM UMR 892, Institut de Recherche Thérapeutique de l'Université de Nantes, France",1,Inserm,I154526488,no
"INSERM UMR 892, Institut de Recherche Thérapeutique de l'Université de Nantes, Nantes, France",1,Inserm,I154526488,no
"INSERM UMR 892-Cancer Research Center , Universit é de Nantes , Nantes , France;",1,Inserm,I154526488,no
"INSERM UMR 892-Cancer Research Center, Universit é de Nantes, Nantes, France;",1,Inserm,I154526488,no
"INSERM UMR 948, CHU Nantes, 44093, Nantes Cedex, France",1,Inserm | Centre Hospitalier Universitaire de Nantes,I154526488 I3019204325,no
"INSERM UMR 957, Nantes, 44000, France",1,Inserm,I154526488,no
"INSERM UMR 957, Univeriste de Nantes, Nantes, France",1,Inserm,I154526488,no
"INSERM UMR U1229/RMeS, Regenerative Medicine and Skeleton – Nantes University Nantes France",1,Inserm,I154526488,no
"INSERM UMR U1246 SPHERE, Institut de Recherche en Santé 2, Nantes, France;",1,Inserm | methodS in Patient-centered outcomes and HEalth ResEarch,I154526488 I4392021239,yes
"INSERM UMR-1246 , Universities of Nantes and Tours , Tours , France;",1,Inserm | methodS in Patient-centered outcomes and HEalth ResEarch,I154526488 I4392021239,yes
"INSERM UMR-1246, Universities of Nantes and Tours, Tours, France;",1,Inserm | methodS in Patient-centered outcomes and HEalth ResEarch,I154526488 I4392021239,yes
"INSERM UMR-S 957, 1 rue Gaston Veil, 44035, Nantes Cedex 1, France. benlegoff@gmail.com",1,Inserm,I154526488,no
"INSERM UMR1064, ITUN, Nantes, 44000, France. Jerome.martin@univ-nantes.fr",1,Inserm | Institut de Transplantation Urologie en Nephrologie,I154526488 I4210112643,no
"INSERM UMR1064; Nantes, France",1,Inserm,I154526488,no
"INSERM UMR107, CNRS UMR6075, CRCI2NA, Team 12, Nantes, France",1,Inserm | Centre National de la Recherche Scientifique | Centre de Recherche en Cancérologie et Immunologie Intégrée Nantes Angers,I154526488 I1294671590 I4210092509,yes
"INSERM UMR1089, CHU de Nantes 44000, France",1,Inserm | Centre Hospitalier Universitaire de Nantes,I154526488 I3019204325,no
"INSERM UMR1229, Nantes, France",1,Inserm,I154526488,no
INSERM UMR1232 CRCINA IRS‐UN Nantes University Nantes France,1,Inserm,I154526488,no
"INSERM UMR1232 – CNRS UMR6299 – Centre de Recherche en Cancérologie de Nantes-Angers (Equipe 13), Institut de Recherche en Santé de l'Université de Nantes, Nantes, France",1,Inserm | Centre National de la Recherche Scientifique,I154526488 I1294671590,no
"INSERM UMR1232—CNRS UMR6299—Centre de Recherche en Cancérologie de Nantes-Angers (Equipe 13), Institut de Recherche en Santé de l'Université de Nantes, Nantes, France",1,Inserm | Centre National de la Recherche Scientifique,I154526488 I1294671590,no
"INSERM UMR1232—CNRS UMR6299—Centre de Recherche en Cancérologie de Nantes-Angers (Equipe 13), Institut de Recherche en Santé de l’Université de Nantes, Nantes, France",1,Inserm | Centre National de la Recherche Scientifique | Centre de Recherche en Cancérologie et Immunologie Intégrée Nantes Angers,I154526488 I1294671590 I4210092509,yes
INSERM UMR1238 Nantes University Nantes France,1,Inserm,I154526488,no
"INSERM UMR1238, Bone Sarcoma and Remodeling of Calcified Tissue, Nantes, France. benoit.legoff@chu-nantes.fr",1,Inserm,I154526488,no
"INSERM UMR1238, University of Medicine, CHU Nantes, Nantes, France",1,Inserm | Centre Hospitalier Universitaire de Nantes,I154526488 I3019204325,no
"INSERM UMR1246 Sphere, Nantes, France",1,Inserm,I154526488,no
"INSERM UMR1307, CNRS UMR 6075, CRCI2NA, Team 12, 44000, Nantes, France",1,Inserm | Centre National de la Recherche Scientifique | Centre de Recherche en Cancérologie et Immunologie Intégrée Nantes Angers,I154526488 I1294671590 I4210092509,yes
"INSERM UMR1307, CNRS UMR 6075, CRCI2NA, team 12, 44000, Nantes, France",1,Inserm | Centre National de la Recherche Scientifique | Centre de Recherche en Cancérologie et Immunologie Intégrée Nantes Angers,I154526488 I1294671590 I4210092509,yes
"INSERM UMR1307, CNRS UMR6075, CRCI2NA, Team 12, Nantes, France.;",1,Inserm | Centre National de la Recherche Scientifique | Centre de Recherche en Cancérologie et Immunologie Intégrée Nantes Angers,I154526488 I1294671590 I4210092509,yes
"INSERM UMR892 - CNRS UMR6299 - CRCNA (Equipe 13), Institut de Recherche en Santé de l’Université de Nantes, 8 quai Moncousu, BP 70721, Nantes, 44007, France",1,Inserm | Centre National de la Recherche Scientifique | Centre de Recherche en Cancérologie et Immunologie Intégrée Nantes Angers,I154526488 I1294671590 I4210092509,yes
"INSERM UMR892, CNRS UMR6299, Institut de Recherche en Santé de l'Université de Nantes, 8 quai Moncousu, BP70721, 44007 Nantes Cedex1, France",1,Inserm | Centre National de la Recherche Scientifique | Centre de Recherche en Cancérologie et Immunologie Intégrée Nantes Angers,I154526488 I1294671590 I4210092509,yes
"INSERM UMRS 1064, CHU Hotel Dieu, 44093 Nantes Cedex, France. tuan.nguyen@univ-nantes.fr",1,Inserm,I154526488,no
"INSERM UMRS 791, 1 Place Alexis Ricordeau, 44042, Nantes cedex 1, France",1,Inserm,I154526488,no
"INSERM UMRS 892, Institut de Recherche Thérapeutique de l'Université de Nantes (IRT UN), Nantes, France",1,Inserm,I154526488,no
INSERM UMR‐1246 Universities of Nantes and Tours  Tours France,1,Inserm | methodS in Patient-centered outcomes and HEalth ResEarch,I154526488 I4392021239,yes
"INSERM UMR‐1246, Universities of Nantes and Tours  Tours France",1,Inserm | methodS in Patient-centered outcomes and HEalth ResEarch,I154526488 I4392021239,yes
"INSERM Unit 1102, Nantes, France",1,Inserm,I154526488,no
"INSERM Unit 1229, Regenerative Medicine and Skeleton  Nantes France",1,Inserm,I154526488,no
"INSERM Unit 1229, Regenerative Medicine and Skeleton Nantes France",1,Inserm,I154526488,no
"INSERM Unit 211 , Nantes ,",1,Inserm,I154526488,no
"INSERM Unit 211 and Faculty of Sciences of Nantes ,",1,Inserm,I154526488,no
"INSERM Unit 211 and Faculty of Sciences of Nantes, France",1,Inserm,I154526488,no
"INSERM Unit 211, Biology Institute , Nantes,",1,Inserm,I154526488,no
"INSERM Unit 211, Biology Institute, Nantes, France",1,Inserm,I154526488,no
"INSERM Unit 211, Institute of Biology , Nantes ,",1,Inserm,I154526488,no
"INSERM Unit 211, Institute of Biology , Nantes,",1,Inserm,I154526488,no
"INSERM Unit 419, Biology Institute , Nantes,",1,Inserm,I154526488,no
"INSERM Unit 419, Biology Institute, Nantes, France",1,Inserm,I154526488,no
"INSERM Unit 463 and Faculté des Sciences de Nantes ,",1,Inserm,I154526488,no
"INSERM Unit 463 and Faculté des Sciences de Nantes, France",1,Inserm,I154526488,no
"INSERM Unit 601, Nantes, France",1,Inserm,I154526488,no
"INSERM Unité 463, Institut de Biologie , Nantes ,",1,Inserm,I154526488,no
"INSERM Unité 437, Nantes, France",1,Inserm,I154526488,no
"INSERM Unité 463, Nantes, France",1,Inserm,I154526488,no
"INSERM Unité 913, 1 rue Gaston Veil, Nantes, F-44035, France. arnaud.boureille@chu-nantes.fr",1,Inserm,I154526488,no
"INSERM Unité 913, 1 rue Gaston Veil, Nantes, F-44035, France. damien.masson@chu-nantes.fr",1,Inserm,I154526488,no
"INSERM Unité 913, 1 rue Gaston Veil, Nantes, F-44035, France. helene.boudin@univ-nantes.fr",1,Inserm,I154526488,no
"INSERM Unité 913, 1 rue Gaston Veil, Nantes, F-44035, France. kalyane.bach@chu-nantes.fr",1,Inserm,I154526488,no
"INSERM Unité 913, 1 rue Gaston Veil, Nantes, F-44035, France. malvyne.derkinderen@univ-nantes.fr",1,Inserm,I154526488,no
"INSERM Unité 913, 1 rue Gaston Veil, Nantes, F-44035, France. marc.denis@chu-nantes.fr",1,Inserm,I154526488,no
"INSERM Unité 913, 1 rue Gaston Veil, Nantes, F-44035, France. michel.neunlist@univ-nantes.fr",1,Inserm,I154526488,no
"INSERM Unité Mixte de Recherche 1064 , 44093 Nantes,",1,Inserm,I154526488,no
INSERM Unité Mixte de Recherche 892 Nantes France,1,Inserm,I154526488,no
INSERM Univ Nantes IMAD TENS Nantes France,1,Inserm | The Enteric Nervous System in Gut and Brain Disorders,I154526488 I4210108033,yes
"INSERM team 10 UMR 892, CRCNA, Nantes, France",1,Inserm | Centre de Recherche en Cancérologie et Immunologie Intégrée Nantes Angers,I154526488 I4210092509,yes
INSERM – UN UMR 957 Faculté de Médecine de Nantes  1 rue Gaston Veil Nantes cedex France,1,Inserm,I154526488,no
"INSERM – Unité 211 – Nantes, France",1,Inserm,I154526488,no
"INSERM, CIC 0004, CRTI-INSERM UMR U1064, Nantes, France. david.laplaud@univ-nantes.fr",1,Inserm | Centre d'Investigation Clinique de Nantes,I154526488 I4210128055,no
"INSERM, CNRS, Immunology and New Concepts in Immunotherapy, UMR 1302/EMR6001 Nantes University  Nantes France",1,Inserm | Centre National de la Recherche Scientifique | Immunologie et Nouveaux Concepts en Immunothérapie,I154526488 I1294671590 I4392021193,yes
"INSERM, CNRS, Nantes University Hospital, Nantes, France",1,Inserm | Centre National de la Recherche Scientifique,I154526488 I1294671590,no
"INSERM, CNRS,Nantes Universit&#x00E9;, Laboratoire CRCI2NA,Nantes,France",1,Inserm | Centre National de la Recherche Scientifique | Centre de Recherche en Cancérologie et Immunologie Intégrée Nantes Angers,I154526488 I1294671590 I4210092509,yes
"INSERM, CRCINA, Nantes, France. elvire.pons@chu-nantes.fr",1,Inserm | Centre de Recherche en Cancérologie et Immunologie Intégrée Nantes Angers,I154526488 I4210092509,yes
"INSERM, Clinical Research Department University Hospital of Nantes  Nantes France",1,Inserm | Centre Hospitalier Universitaire de Nantes,I154526488 I3019204325,no
"INSERM, EMI 0338 (Biostatistique), Université Victor Segalen, Bordeaux, France, E-mail: lepeule@vet-nantes.fr",1,Inserm | Université Bordeaux Segalen,I154526488 I4405256745,no
"INSERM, ERI 7, Nantes, 44035, France. laurence.duplomb@univ-nantes.fr",1,Inserm,I154526488,no
"INSERM, ERI 7, Nantes, F-44035 France;",1,Inserm,I154526488,no
"INSERM, ERI 7, Nantes, France. celine.chipoy@univ-nantes.fr",1,Inserm,I154526488,no
"INSERM, ERI, Laboratoire de Physiopathologie de la Résorption Osseuse et Thérapie des Tumeurs Osseuses Primitives, Nantes, France. frederic.blanchard@univ-nantes.fr",1,Inserm,I154526488,no
"INSERM, Eri 7, Nantes F-44035, France. dominique.heymann@univ-nantes.fr",1,Inserm,I154526488,no
"INSERM, Faculté de Médecine, Nantes, France",1,Inserm,I154526488,no
"INSERM, French National Scientific and Medical Research Institute, U892, Nantes, France; Oncodermatology Unit, Nantes University Hospital Center (CHU)",1,Inserm | Centre Hospitalier Universitaire de Nantes,I154526488 I3019204325,no
"INSERM, Institut de Recherche Thérapeutique de l'Université de Nantes, France",1,Inserm,I154526488,no
"INSERM, Institut de Recherche Thérapeutique de l'Université de Nantes, France",1,Inserm,I154526488,no
"INSERM, Institut de Recherche thérapeutique de l'Université de Nantes, Nantes, France",1,Inserm,I154526488,no
"INSERM, MethodS in Patients‐Centered Outcomes and HEalth Research, SPHERE, Nantes and Tours University Hospitals Nantes University, Tours University  Nantes France",1,Inserm | methodS in Patient-centered outcomes and HEalth ResEarch,I154526488 I4392021239,yes
"INSERM, Nantes University Hospital, NANTES, France",1,Inserm,I154526488,no
"INSERM, SPHERE U1246, University of Tours, Nantes, France",1,Université de Tours | Inserm | methodS in Patient-centered outcomes and HEalth ResEarch,I110017253 I154526488 I4392021239,yes
"INSERM, SPHERE, U1246, Nantes University, Tours University, France",1,"Université de Tours | Inserm | Sciences, Philosophie, Histoire | methodS in Patient-centered outcomes and HEalth ResEarch",I110017253 I154526488 I4210150713 I4392021239,yes
"INSERM, SPHERE, UMR 1246, Université de Tours et Nantes, Nantes, France",1,Université de Tours | Inserm | methodS in Patient-centered outcomes and HEalth ResEarch,I110017253 I154526488 I4392021239,yes
"INSERM, SPHERE, UMR1246, Université de Tours et Nantes, Tours, France",1,Université de Tours | Inserm | methodS in Patient-centered outcomes and HEalth ResEarch,I110017253 I154526488 I4392021239,yes
"INSERM, U 643, Nantes, Cedex 1, France",1,Inserm,I154526488,no
"INSERM, U, Nantes, France",1,Inserm,I154526488,no
"INSERM, U, Nantes, France. laurianne.van-landeghem@univ-nantes.fr",1,Inserm,I154526488,no
"INSERM, U1064, ITUN, CHU HôtelDieu, 30 Boulevard Jean Monnet, NANTES, France. Maria-Cristina.Cuturi@univ-nantes.fr",1,Inserm,I154526488,no
"INSERM, U1232, CRCINA, Nantes, France",1,Inserm | Centre de Recherche en Cancérologie et Immunologie Intégrée Nantes Angers,I154526488 I4210092509,yes
"INSERM, U1235, Nantes F-44035, France",1,Inserm,I154526488,no
"INSERM, U1235, Nantes, France, nicolas.chapelle@chu-nantes.fr",1,Inserm,I154526488,no
"INSERM, U1246, SPHERE, Tours, France",1,Inserm,I154526488,no
"INSERM, U533, Nantes F-44035, France",1,Inserm,I154526488,no
"INSERM, U533, Nantes, F-4400 France",1,Inserm,I154526488,no
"INSERM, U533, Nantes, F-44000, France",1,Inserm,I154526488,no
"INSERM, U601, Quai Moncousu, 44035 Nantes, France. ccurtet@nantes.inserm.fr",1,Inserm,I154526488,no
"INSERM, U643, 30 Bd Jean Monnet, 44093, Nantes cedex 01, Nantes, France",1,Inserm,I154526488,no
"INSERM, U643, 30 Bd Jean Monnet, 44093, Nantes cedex 01, Nantes, France. sremy@nantes.inserm.fr",1,Inserm,I154526488,no
"INSERM, U643, Nantes F44000, France. Sophie.Brouard@univ-nantes.fr",1,Inserm,I154526488,no
"INSERM, U643, Nantes, 44093 France",1,Inserm,I154526488,no
"INSERM, U643, Nantes, Cedex, France. xavier.leveque@univ-nantes.fr",1,Inserm,I154526488,no
"INSERM, U643, Nantes, F44000 France; Tel: +33 240084653; Fax: +33 240087411",1,Inserm,I154526488,no
"INSERM, U643, Nantes, France. sophie.brouard@univ-nantes.fr",1,Inserm,I154526488,no
"INSERM, U791, LIOAD, Nantes F-44042, France. Electronic address: elise.verron@univ-nantes.fr",1,Inserm | Le Laboratoire d'Ingénierie Ostéo-Articulaire et Dentaire,I154526488 I4210150746,yes
"INSERM, U791, LIOAD, Nantes, F-44042 France",1,Inserm | Le Laboratoire d'Ingénierie Ostéo-Articulaire et Dentaire,I154526488 I4210150746,yes
"INSERM, U892, Equipe Cytokine/Récepteur, Nantes, France. bouchaud-g@univ-nantes.fr",1,Inserm,I154526488,no
"INSERM, U892, Institut de Recherche Thérapeutique de l'Université de Nantes, France",1,Inserm,I154526488,no
"INSERM, U892, Nantes, F-44007, France",1,Inserm,I154526488,no
"INSERM, U892, Nantes, F-44007, France. jotereau@nantes.inserm.fr",1,Inserm,I154526488,no
"INSERM, U892, Nantes, France, Univ Nantes, Nantes, France, CNRS, UMR 6299, Nantes, France",1,Inserm | Centre National de la Recherche Scientifique | Centre de Recherche en Cancérologie et Immunologie Intégrée Nantes Angers,I154526488 I1294671590 I4210092509,yes
"INSERM, U892, Nantes, France. Electronic address: david.chiron@univ-nantes.fr",1,Inserm,I154526488,no
"INSERM, U892, Nantes, France. david.chiron@etu.univ-nantes.fr",1,Inserm,I154526488,no
"INSERM, U913  Nantes F‐44093 France",1,Inserm,I154526488,no
"INSERM, U913, 1, Place Alexis Ricordeau - 3HNB, Nantes F-44093, France",1,Inserm,I154526488,no
"INSERM, U913, Nantes, France. michel.neunlist@univ-nantes.fr",1,Inserm,I154526488,no
"INSERM, U913, Nantes, France;",1,Inserm,I154526488,no
"INSERM, U915, Nantes F-44000, France. bertrand.cariou@univ-nantes.fr",1,Inserm,I154526488,no
"INSERM, U915, Nantes F-44000, France. philippe.costet@univ-nantes.fr",1,Inserm,I154526488,no
"INSERM, U915, Nantes, F-44000 France. daniel.baron@nantes.inserm.fr",1,Inserm,I154526488,no
"INSERM, U915, Nantes, F-44000 France. philippe.costet@univ-nantes.fr",1,Inserm,I154526488,no
"INSERM, UMR 1064 (D.A.L.), Nantes, France",1,Inserm,I154526488,no
"INSERM, UMR 1064 , Nantes, F44093,",1,Inserm,I154526488,no
"INSERM, UMR 1064, CHU de Nantes, ITUN, 30 Bd Jean Monnet Nantes F-44093, France",1,Inserm | Centre Hospitalier Universitaire de Nantes | Institut de Transplantation Urologie en Nephrologie,I154526488 I3019204325 I4210112643,no
"INSERM, UMR 1064, CHU de Nantes, ITUN, 30 Bd Jean Monnet, Nantes, F-44093, France",1,Inserm | Centre Hospitalier Universitaire de Nantes | Institut de Transplantation Urologie en Nephrologie,I154526488 I3019204325 I4210112643,no
"INSERM, UMR 1064, Center for Research in Transplantation and Immunology , 44093 Nantes ,",1,Inserm | Center for Research in Transplantation and Translational Immunology,I154526488 I4392021198,yes
"INSERM, UMR 1064, ITUN, CHU Nantes, Nantes, France; UNIV Nantes, Nantes, France",1,Inserm | Centre Hospitalier Universitaire de Nantes,I154526488 I3019204325,no
"INSERM, UMR 1064, Nantes F-44093, France; CHU de Nantes, ITUN, Nantes F-44093, France",1,Inserm | Centre Hospitalier Universitaire de Nantes | Institut de Transplantation Urologie en Nephrologie,I154526488 I3019204325 I4210112643,no
"INSERM, UMR 1064, Nantes F-44093, France; CHU de Nantes, ITUN, Nantes F-44093, France; CIC biothérapie, Nantes F-44035, France",1,Inserm | Centre Hospitalier Universitaire de Nantes | Institut de Transplantation Urologie en Nephrologie | Centre d'Investigation Clinique de Nantes,I154526488 I3019204325 I4210112643 I4210128055,no
"INSERM, UMR 1064, Nantes F-44093, France; Nantes Hospital, Department of Neurology, Nantes, France",1,Inserm | Centre Hospitalier Universitaire de Nantes,I154526488 I3019204325,no
"INSERM, UMR 1064, Nantes F-44093, France; Nantes Hospital, Department of Neurology, Nantes, France; INSERM 015, Centre d'Investigation Clinique, Nantes, France. Electronic address: David.laplaud@univ-nantes.fr",1,Inserm | Centre Hospitalier Universitaire de Nantes | Centre d'Investigation Clinique de Nantes,I154526488 I3019204325 I4210128055,no
"INSERM, UMR 1064, Nantes F-44093, France; Nantes Hospital, ITUN, Nantes F-44093, France",1,Inserm | Institut de Transplantation Urologie en Nephrologie,I154526488 I4210112643,no
"INSERM, UMR 1064, Nantes, F-44093, France; CHU Nord Laennec, Service de Neurologie, Nantes, F-44093, France; INSERM, CIC 004, Nantes, F-44093, France",1,Inserm | Centre d'Investigation Clinique de Nantes,I154526488 I4210128055,no
"INSERM, UMR 1064, Nantes, F-44093, France; CHU de Nantes, ITUN, Nantes, F-44093, France",1,Inserm | Centre Hospitalier Universitaire de Nantes | Institut de Transplantation Urologie en Nephrologie,I154526488 I3019204325 I4210112643,no
"INSERM, UMR 1087, F-44000, Nantes, France. bertrand.cariou@univ-nantes.fr",1,Inserm,I154526488,no
"INSERM, UMR 1229, RMeS, CHU Nantes, PHU4 OTONN, UNIV Nantes , Nantes , France",1,Inserm | Centre Hospitalier Universitaire de Nantes,I154526488 I3019204325,no
"INSERM, UMR 1246‐SPHERE, MethodS in Patients‐Centered Outcomes and HEalth ResEarch  Nantes France",1,Inserm | methodS in Patient-centered outcomes and HEalth ResEarch,I154526488 I4392021239,yes
"INSERM, UMR 1246—SPHERE, MethodS in Patients-Centered Outcomes and HEalth ResEarch, Nantes and Tours, France",1,Inserm | methodS in Patient-centered outcomes and HEalth ResEarch,I154526488 I4392021239,yes
"INSERM, UMR 643, Nantes F44093, France",1,Inserm,I154526488,no
"INSERM, UMR 957, Nantes, F-44035 Nantes, France",1,Inserm,I154526488,no
"INSERM, UMR 957, Nantes, F-44035Nantes, France",1,Inserm,I154526488,no
"INSERM, UMR U913, Nantes, F-44000, France. michel.neunlist@univ-nantes.fr",1,Inserm,I154526488,no
"INSERM, UMR U913, Nantes, F-44000, France. philippe.aubert@univ-nantes.fr",1,Inserm,I154526488,no
"INSERM, UMR, Ligue Team 2012, Nantes, France",1,Inserm,I154526488,no
"INSERM, UMR-S 1064, Nantes, France",1,Inserm,I154526488,no
"INSERM, UMR-S 1064, and Department of Nephrology and Immunology, CHU de Nantes, Nantes, France. Electronic address: fadi.fakhouri@univ-nantes.fr",1,Inserm | Centre Hospitalier Universitaire de Nantes,I154526488 I3019204325,no
"INSERM, UMR-S 957, Nantes, F-44035 France",1,Inserm,I154526488,no
"INSERM, UMR1064, Nantes, France. Beatrice.Charreau@univ-nantes.fr",1,Inserm,I154526488,no
"INSERM, UMR1087 1 , , Nantes F-44000 , France",1,Inserm,I154526488,no
"INSERM, UMR1235  Nantes France",1,Inserm,I154526488,no
"INSERM, UMR634, Nantes, France",1,Inserm,I154526488,no
"INSERM, UMR892, CRCNA, Institut de Recherche thérapeutique de l'Université de Nantes, 44007 Nantes Cedex1, France",1,Inserm | Centre de Recherche en Cancérologie et Immunologie Intégrée Nantes Angers,I154526488 I4210092509,yes
"INSERM, UMR892, CRCNA, Institut de Recherche thérapeutique de l'Université de Nantes, 44007 Nantes Cedex1, France",1,Inserm | Centre de Recherche en Cancérologie et Immunologie Intégrée Nantes Angers,I154526488 I4210092509,yes
"INSERM, UMR892, Institut de Recherche Thérapeutique de l’Université de Nantes, 8 quai Moncousu, BP 70721, 44007 Nantes Cedex 1, France",1,Inserm,I154526488,no
"INSERM, UMR957, Equipe LIGUE 2012, Nantes, F-44035, France. dominique.heymann@univ-nantes.fr",1,Inserm,I154526488,no
"INSERM, UMR957, Equipe LIGUE 2012, Nantes, F-44035, France. regis.brion@univ-nantes.fr",1,Inserm,I154526488,no
"INSERM, UMRS 1064, CHU Hotel Dieu, 44093 Nantes, France. tuan.nguyen@univ-nantes.fr",1,Inserm | Centre Hospitalier Universitaire de Nantes,I154526488 I3019204325,no
"INSERM, UMRS 1229, Laboratory Regenerative Medicine and Skeleton (RMeS) , Nantes 44000 ,",1,Inserm,I154526488,no
"INSERM, UMRS 1229, Laboratory Regenerative Medicine and Skeleton (RMeS), 1 Place Alexis Ricordeau, Nantes, France",1,Inserm,I154526488,no
"INSERM, UMRS 1229, Regenerative Medicine and Skeleton (RMeS), ONIRIS, Nantes, France",1,Inserm | Oniris,I154526488 I4210157468,no
"INSERM, UMRS 791, LIOAD, Nantes Cedex 1, France",1,Inserm | Le Laboratoire d'Ingénierie Ostéo-Articulaire et Dentaire,I154526488 I4210150746,yes
"INSERM, UMR_S892 Nantes, France",1,Inserm,I154526488,no
"INSERM, Unit U-211, F-44035 Nantes, Fr",1,Inserm,I154526488,no
"INSERM, Unité 1064 , 44000 Nantes ,",1,Inserm,I154526488,no
"INSERM, Unité 437, CHU de Nantes, 30 bd Jean Monnet, 44093 Nantes, France. vpaille@nantes.inserm.fr",1,Inserm | Centre Hospitalier Universitaire de Nantes,I154526488 I3019204325,no
"INSERM, Unité Mixte de Recherche 1064 , Nantes F-44093,",1,Inserm,I154526488,no
"INSERM, Unité Mixte de Recherche 1087 , Nantes F-44093,",1,Inserm,I154526488,no
"INSERM, Unité Mixte de Recherche 892 , F-44007 Nantes ,",1,Inserm,I154526488,no
"INSERM, Unité Mixte de Recherche 892, Centre de Recherche en Cancérologie Nantes Angers, Institut de Recherche en Santé de l'Université de Nantes  Nantes France",1,Inserm | Centre de Recherche en Cancérologie et Immunologie Intégrée Nantes Angers,I154526488 I4210092509,yes
"INSERM, Unité mixte de Recherche (UMR) 1229Regenerative Medicine and Skeleton (RMeS)Nantes-Atlantic National College of Veterinary Medicine, Food Science and Engineering, ONIRISUniversité de NantesNantesFrance",1,Inserm | Oniris,I154526488 I4210157468,no
"INSERM, University Hospital of Nantes",1,Inserm,I154526488,no
"INSERM, University Hospital of Nantes, Nantes, France",1,Inserm,I154526488,no
"INSERM-U533, Ouest Génopole, faculté de médecine, 1, rue Gaston Veil, BP 53508, 44035 Nantes 1",1,Inserm,I154526488,no
"INSERM-U533, Ouest Génopole, faculté de médecine, 1, rue Gaston Veil, BP 53508, 44035 Nantes 1. jean.leger@nantes.inserm.fr",1,Inserm,I154526488,no
"INSERM; UMRS 791-LIOAD, Skeletal Tissue Engineering and Physiopathology (STEP) Group, UFR Odontology; Nantes France",1,Inserm | Le Laboratoire d'Ingénierie Ostéo-Articulaire et Dentaire,I154526488 I4210150746,yes
"INSERM_UMR1229 - CHU Nantes, Nantes, France",1,Inserm | Centre Hospitalier Universitaire de Nantes,I154526488 I3019204325,no
"INSERM_UMR1229, Nantes, France",1,Inserm,I154526488,no
"INSERM 1246-SPHERE, CHRU de Tours, 2, boulevard Tonnellé, 37044 Tours cedex 9, France",1,Inserm | Centre Hospitalier Universitaire de Tours,I154526488 I4210095477,no
"INST BIOL,INSERM U463,F-44035 NANTES 01,FRANCE",1,Inserm,I154526488,no
"INST BIOL,INSERM,U211,9 QUAI MONCOUSU,F-44035 NANTES 01,FRANCE. UNIV NANTES,FAC SCI & TECH,F-44035 NANTES,FRANCE. SWISS INST EXPTL CANC RES,CH-1066 EPALINGES,SWITZERLAND",1,Inserm,I154526488,no
"IRCCyN (Institut de Recherche en Communication et en Cybernétique de Nantes), LUNAM Université and CNRS, Nantes, France",1,Centre National de la Recherche Scientifique | Institut de recherche en communications et cybernétique de Nantes,I1294671590 I4405278184,yes
"IRCCyN : UMR n° 6597 CNRS , Division SETRA Ecole Polytechnique de l'Université de Nantes—IRESTE , Rue Christian Pauc, La Chantrerie, BP 60601, 44306, NANTES Cedex 3, France",1,Centre National de la Recherche Scientifique | Institut de recherche en communications et cybernétique de Nantes,I1294671590 I4405278184,yes
"IRCCyN CNRS UMR 6597 — École polytechnique de l’université de Nantes, La Chantrerie, BP50609, 44306, Nantes Cedex",1,Centre National de la Recherche Scientifique | Institut de recherche en communications et cybernétique de Nantes,I1294671590 I4405278184,yes
"IRCCyN CNRS UMR 6597, LUNAM University, Nantes, France",1,Centre National de la Recherche Scientifique | Institut de recherche en communications et cybernétique de Nantes,I1294671590 I4405278184,yes
"IRCCyN CNRS UMR 6597, Lunam University, Nantes, France",1,Centre National de la Recherche Scientifique | Institut de recherche en communications et cybernétique de Nantes,I1294671590 I4405278184,yes
"IRCCyN Lab., LUNAM Univ., Nantes, France",1,Institut de recherche en communications et cybernétique de Nantes,I4405278184,yes
"IRCCyN SETRA, Ecole Polytechnique de l'université de Nantes, Nantes, France",1,,,no
"IRCCyN UMR 6597 CNRS, Ecole Polytechnique de l'Universite de Nantes, rue Christian Pauc, La Chantrerie, 44306 Nantes, France",1,Centre National de la Recherche Scientifique | Institut de recherche en communications et cybernétique de Nantes,I1294671590 I4405278184,yes
"IRCCyN UMR CNRS 6597, Images & Video Communications Team, Ecole Polytechnique de l''Universite de Nantes, Nantes, France",1,Centre National de la Recherche Scientifique | Institut de recherche en communications et cybernétique de Nantes,I1294671590 I4405278184,yes
"IRCCyN UMR no 6597 CNRS, Ecole Polytechnique de l''Universite de Nantes, Nantes, France",1,Centre National de la Recherche Scientifique | Institut de recherche en communications et cybernétique de Nantes,I1294671590 I4405278184,yes
"IRCCyN UMR n°6597 CNRS, Ecole Poly technique de 1'Universite de Nantes, Nantes cedex, FRANCE",1,Centre National de la Recherche Scientifique | Institut de recherche en communications et cybernétique de Nantes,I1294671590 I4405278184,yes
"IRCCyN, CNRS UMR 6597, Polytech Nantes, LUNAM Université, Nantes, France",1,Centre National de la Recherche Scientifique | Institut de recherche en communications et cybernétique de Nantes,I1294671590 I4405278184,yes
"IRCCyN, CNRS, LUNAM University, Nantes, France",1,Centre National de la Recherche Scientifique,I1294671590,no
"IRCCyN, L'UNAM Univ., Nantes, France",1,Université Nantes Angers Le Mans,I234216984,no
"IRCCyN, LUNAM Université, Nantes Cedex 03, FRANCE",1,Institut de recherche en communications et cybernétique de Nantes,I4405278184,yes
"IRCCyN, LUNAM Université, Nantes Cedex 03, France",1,Institut de recherche en communications et cybernétique de Nantes,I4405278184,yes
"IRCCyN, UMR 6597, Ecole Polytechnique de l''Universite de Nantes, Nantes, France",1,Institut de recherche en communications et cybernétique de Nantes,I4405278184,yes
"IRCCyN-IVC, UMR n 6597 CNRS, Encole Polytechnique de 1'Université de Nantes, Nantes, France",1,Centre National de la Recherche Scientifique | Institut de recherche en communications et cybernétique de Nantes,I1294671590 I4405278184,yes
"IRCCyN-IVC, UMR n°6597 CNRS, Ecole Polytechnique de l'Universite de Nantes Rue Christian Pauc, la Chantrerie, BP50609, 44306 Nantes, France. Mail: abdelhakim.saadane@univ-nantes.fr",1,Centre National de la Recherche Scientifique | Institut de recherche en communications et cybernétique de Nantes,I1294671590 I4405278184,yes
"IRCCyN-IVC, UMR n°6597 CNRS, Ecole Polytechnique de l'Universite de Nantes Rue Christian Pauc, la Chantrerie, BP50609, 44306 Nantes, France. Mail: remi.barland@univ-nantes.fr",1,Centre National de la Recherche Scientifique | Institut de recherche en communications et cybernétique de Nantes,I1294671590 I4405278184,yes
"IRCCyN-IVC, UMR n∘ 6597 CNRS, Ecole Polytechnique de l'Université de Nantes, Rue Christian Pauc, La Chantrerie, Nantes, BP50609, 44306, France",1,Centre National de la Recherche Scientifique | Institut de recherche en communications et cybernétique de Nantes,I1294671590 I4405278184,yes
"IRCCyN-IVC, UMR n∘ 6597 CNRS, Ecole Polytechnique de l’Université de Nantes, Rue Christian Pauc, La Chantrerie, Nantes, BP50609, 44306, France",1,Centre National de la Recherche Scientifique | Institut de recherche en communications et cybernétique de Nantes,I1294671590 I4405278184,yes
"IRCCyN-SETRA, Ecole Polytechnique de l''Université de Nantes, Nantes, France",1,,,no
"IRCCyN/IVC-UMR CNRS 6597, Ecole polytechnique de l'université de Nantes, Nantes, France",1,Centre National de la Recherche Scientifique | Institut de recherche en communications et cybernétique de Nantes,I1294671590 I4405278184,yes
"IRCCyN: UMR 6597 CNRS Division Setra, Ecole Polytechinque de l'Universite de Nantes ERESTE, Nantes, France",1,Centre National de la Recherche Scientifique | Institut de recherche en communications et cybernétique de Nantes,I1294671590 I4405278184,yes
"IRCyN, IUT de Nantes - Dépt OGP, La Chantrerie, BP 60601, 44306 Nantes Cedex 03, France",1,,,no
"IREENA (Institut de Recherche en Electrotechnique et Electronique de Nantes Atlantique) Bd. De l¿Université, BP 406, 44602, Saint Nazaire Cedex, France",1,Institut de Recherche en Energie Electrique de Nantes Atlantique,I4392021119,yes
"IREENA -Ecole polytechnique de l'Université de Nantes, Rue Christian Pauc, B.P 50609, 44306, Nantes, France",1,Institut de Recherche en Energie Electrique de Nantes Atlantique,I4392021119,yes
"IREENA -équipe Radar Ecole Polytechnique de l'Université de Nantes 1 rue C. PAUC 44306 Nantes Cedex 03 , France",1,Institut de Recherche en Energie Electrique de Nantes Atlantique,I4392021119,yes
"IREENA -équipe Radar Ecole Polytechnique de l'Université de Nantes 1 rue C. PAUC 44306 Nantes Cedex 03, France",1,Institut de Recherche en Energie Electrique de Nantes Atlantique,I4392021119,yes
"IREENA 37 Boulevard de l'Université, Bp 406, 44602 Saint‐Nazaire Nantes France",1,Institut de Recherche en Energie Electrique de Nantes Atlantique,I4392021119,yes
"IREENA Ecole Polytechnique de l'Université de Nantes, BP, 50609, Nantes, France",1,Institut de Recherche en Energie Electrique de Nantes Atlantique,I4392021119,yes
"IREENA Institute of Research in Electric Power Nantes University, 44600 France",1,Institut de Recherche en Energie Electrique de Nantes Atlantique,I4392021119,yes
"IREENA Lab EA 4642, ESEO School of Engineering, Angers, France",1,École Supérieure d'Électronique de l'Ouest | Institut de Recherche en Energie Electrique de Nantes Atlantique,I4210149659 I4392021119,yes
"IREENA Lab UR 4642, ESEO, Angers, France",1,École Supérieure d'Électronique de l'Ouest,I4210149659,no
"IREENA Laboratory, University of Msila, Saint-Nazaire, France",1,Institut de Recherche en Energie Electrique de Nantes Atlantique,I4392021119,yes
"IREENA Polytech'Nantes, Nantes Univ., France",1,Institut de Recherche en Energie Electrique de Nantes Atlantique,I4392021119,yes
"IREENA, 37 Boulevard de l'Université, BP 406, 44602, Saint-Nazaire, Nantes, France",1,Institut de Recherche en Energie Electrique de Nantes Atlantique,I4392021119,yes
"IREENA, 37 Boulevard de l'Université, P. O. B. 406, 44602 Saint-Nazaire, Nantes, France",1,Institut de Recherche en Energie Electrique de Nantes Atlantique,I4392021119,yes
"IREENA, 37 Boulevard de l’Université, BP 406, 44602, Saint-Nazaire, Nantes, France",1,Institut de Recherche en Energie Electrique de Nantes Atlantique,I4392021119,yes
"IREENA, 37 boulevard de 1'univcrsité - BP406, Saint-Nazaire Cedex, France",1,Institut de Recherche en Energie Electrique de Nantes Atlantique,I4392021119,yes
"IREENA, Boulevard de L'iniversite 37, BP-406, 44602, Saint-Nazaire Cedex, France",1,Institut de Recherche en Energie Electrique de Nantes Atlantique,I4392021119,yes
"IREENA, Boulevard de L’iniversite 37, BP-406, 44602, Saint-Nazaire Cedex, France",1,Institut de Recherche en Energie Electrique de Nantes Atlantique,I4392021119,yes
"IREENA, Ecole Polytechnique de 1'université de Nantes, Nantes, France",1,Institut de Recherche en Energie Electrique de Nantes Atlantique,I4392021119,yes
"IREENA, Ecole Polytechnique de l'Université de Nantes–BP 50609, 44306 cedex Nantes, France",1,Institut de Recherche en Energie Electrique de Nantes Atlantique,I4392021119,yes
"IREENA, Ecole polytechnique de l'Université de Nantes, BP 50609, 44306 Nantes, France",1,Institut de Recherche en Energie Electrique de Nantes Atlantique,I4392021119,yes
"IREENA, Institut de Recherche en Energie Electrique de Nantes Atlantique, Department of Electrical Engineering, Nantes University, UR 4642, F-44600 Saint-Nasaire, France",1,Institut de Recherche en Energie Electrique de Nantes Atlantique,I4392021119,yes
"IREENA, Nantes University, CRTT 37 Bd de l’Université, 44600 Saint-Nazaire, France",1,Institut de Recherche en Energie Electrique de Nantes Atlantique,I4392021119,yes
"IREENA, Nantes University, CRTT 37 Bd de l’Université, CEDEX, 44600 Saint-Nazaire, France",1,Institut de Recherche en Energie Electrique de Nantes Atlantique,I4392021119,yes
"IREENA, Saint Nazaire, Polytech'Nantes, FRANCE",1,Institut de Recherche en Energie Electrique de Nantes Atlantique,I4392021119,yes
"IREENA, Saint Nazaire, Polytech'Nantes, France",1,Institut de Recherche en Energie Electrique de Nantes Atlantique,I4392021119,yes
"IREENA, l'Universite de Nantes/Polytech Nantes, 44602 Nantes, France",1,Institut de Recherche en Energie Electrique de Nantes Atlantique,I4392021119,yes
"IREENA, l'Université de Nantes 37 Bd de l'Université, BP 406 44602 Saint-Nazaire cedex, France",1,Institut de Recherche en Energie Electrique de Nantes Atlantique,I4392021119,yes
"IREENA, l’Universite de Nantes/Polytech Nantes, 44602 Nantes, France",1,Institut de Recherche en Energie Electrique de Nantes Atlantique,I4392021119,yes
"IREENA, École Polytechnique de l’Université de Nantes, Rue Christian Pauc, B.P. 50609, 44306 Nantes, Cedex 3, France",1,Institut de Recherche en Energie Electrique de Nantes Atlantique,I4392021119,yes
"IRIN, 2, rue de la Houssinière, BP 92 208, 44322 Nantes Cedex 3, France e-mail: {philippe, dominique}.  martin@irin.univ-nantes.fr, , FR",1,,,no
"IRIN-Univeristé de, Nantes, France",1,,,no
"IRSTV FR CNRS 2488 , Institut de recherche en sciences et techniques de la ville , LUNAM université , CNRS 1, rue de la Noë , BP 92101 , F-44321 Nantes cedex 03 , France",1,Université Nantes Angers Le Mans | Centre National de la Recherche Scientifique,I234216984 I1294671590,no
"IRT Jules Verne, LS2N, Nantes, France",1,IRT Jules Verne | Laboratoire des Sciences du Numérique de Nantes,I4210096006 I4210117005,yes
"ISOMer, GDR 1117 du CNRS, SMAB, Two Rue de la Houssinière, Service d'Ecotoxicologie, BP 92208, 44322 Nantes Cedex 3, France. jean-claude.amiard@isomer.univ-nantes.fr",1,Centre National de la Recherche Scientifique | Institut Des Substances et Organismes de la Mer,I1294671590 I4392021232,yes
"ISOmer, URA CNRS 1356 (Laboratoire de Biologie Marine), Faculté des Sciences et des Techniques, 2, rue de la Houssiniere, 44072, Nantes Cedex 03, France",1,Centre National de la Recherche Scientifique | Institut Des Substances et Organismes de la Mer,I1294671590 I4392021232,yes
"ISOmer-EP 61 CNRS (Laboratoire de Biologie Marine), Faculté des Sciences et des Techniques, 2, rue de la Houssiniere, F-44072, Nantes Cedex 03, France",1,Centre National de la Recherche Scientifique | Institut Des Substances et Organismes de la Mer,I1294671590 I4392021232,yes
"ISPA, Bordeaux Sciences Agro, INRA, 33140, Villenave d'Ornon, France; LPG, UMR 6112 CNRS-Université de Nantes, BP 92208, 44322, Nantes, Cedex 3, France",1,École Nationale Supérieure des Sciences Agronomiques de Bordeaux-Aquitaine | Laboratoire de Planétologie et Géosciences | Université de Nantes,I4210091158 I4210146808 I4405260337,yes
"IT Department, Nantes University Hospital, Nantes, France",1,Centre Hospitalier Universitaire de Nantes,I3019204325,no
"IT Department, Nantes University Hospital, Nantes, France 4",1,Centre Hospitalier Universitaire de Nantes,I3019204325,no
"IT department, Nantes University Hospital, Nantes, France",1,Centre Hospitalier Universitaire de Nantes,I3019204325,no
"ITERT INSERM U 437, Nantes, France",1,Inserm,I154526488,no
"ITERT, UMR643, INSERM, Nantes, France",1,Inserm,I154526488,no
"ITERT-INSERM U437, Nantes, France;",1,Inserm,I154526488,no
"ITERT-INSERM U437, Nantes-France",1,Inserm,I154526488,no
"ITERT-INSERM U643 , CHU de Nantes , 30 Boulevard Jean Monnet , 44093 Nantes , France",1,Inserm | Centre Hospitalier Universitaire de Nantes,I154526488 I3019204325,no
"ITERT-INSERM U643, CHU de Nantes, 30 Boulevard Jean Monnet, 44093 Nantes, France",1,Inserm | Centre Hospitalier Universitaire de Nantes,I154526488 I3019204325,no
"ITERT-INSERM U643, Nantes, France",1,Inserm,I154526488,no
"ITUN and Inserm U1064, Nantes University, CHU Nantes, Nantes, France",1,Inserm | Centre Hospitalier Universitaire de Nantes | Institut de Transplantation Urologie en Nephrologie,I154526488 I3019204325 I4210112643,no
"ITUN and Inserm U1064, Nantes University, CHU Nantes, Nantes, France. aurelie.meurette@chu-nantes.fr",1,Inserm | Centre Hospitalier Universitaire de Nantes | Institut de Transplantation Urologie en Nephrologie,I154526488 I3019204325 I4210112643,no
"ITUN and Inserm U1064, Nantes University, CHU Nantes, Nantes, France. magali.giral@chu-nantes.fr",1,Inserm | Centre Hospitalier Universitaire de Nantes | Institut de Transplantation Urologie en Nephrologie,I154526488 I3019204325 I4210112643,no
"ITUN, CHU Nantes, Nantes, France. laurent.david@univ-nantes.fr",1,Centre Hospitalier Universitaire de Nantes | Institut de Transplantation Urologie en Nephrologie,I3019204325 I4210112643,no
"ITUN, CHU de Nantes, INSERM, UMR 1064, Nantes, France. magali.giral@chu-nantes.fr",1,Inserm | Centre Hospitalier Universitaire de Nantes | Institut de Transplantation Urologie en Nephrologie,I154526488 I3019204325 I4210112643,no
"ITUN, Department of Nephrology and Immunology, INSERM UMR S-1064, Nantes, France",1,Inserm | Institut de Transplantation Urologie en Nephrologie,I154526488 I4210112643,no
"ITUN, INSERM UMR1064 - CRTI, Nantes Cedex 1, France;",1,Inserm | Institut de Transplantation Urologie en Nephrologie,I154526488 I4210112643,no
"ITUN, Inserm UMRS 1064, Center for Research in Transplantation and Immunology, Nantes, France. Laura.Carretero-Iglesia@univ-nantes.fr",1,Inserm | Institut de Transplantation Urologie en Nephrologie | Center for Research in Transplantation and Translational Immunology,I154526488 I4210112643 I4392021198,yes
"ITUN, Inserm UMRS 1064, Center for Research in Transplantation and Immunology, Nantes, France. Maria-Cristina.Cuturi@univ-nantes.fr",1,Inserm | Institut de Transplantation Urologie en Nephrologie | Center for Research in Transplantation and Translational Immunology,I154526488 I4210112643 I4392021198,yes
"ITUN, Inserm, Nantes, France",1,Inserm | Institut de Transplantation Urologie en Nephrologie,I154526488 I4210112643,no
"ITUN, Nantes University Hospital, Nantes, France",1,Centre Hospitalier Universitaire de Nantes | Institut de Transplantation Urologie en Nephrologie,I3019204325 I4210112643,no
"ITUN, U643, Department of Nephrology and Immunology, CHU de Nantes, 44000 Nantes, France",1,Centre Hospitalier Universitaire de Nantes | Institut de Transplantation Urologie en Nephrologie,I3019204325 I4210112643,no
"IUT Nantes, Nantes, France",1,,,no
"IUT de Nantes Dép. OGP - LNGI, Rue Christian Pauc La Chantrerie, BP 60601, 44306, Nantes Cedex 03",1,,,no
"IUT de Nantes, 2 avenue du Pr J. Rouxel, 44475 Carquefou, France",1,,,no
"IUT de Nantes, 2 avenue du Pr J. Rouxel, 44475, Carquefou, France",1,,,no
"IUT de Nantes, La Chantrerie, LNGI, Nantes, France",1,,,no
"IUT of Nantes, Nantes, France",1,,,no
"Icam Ouest, Nantes Universit&#x00E9;,CNRS, IETR, UMR 6164,Nantes,France,F-44000",1,Centre National de la Recherche Scientifique,I1294671590,no
"Ico Gauducheau, service de médicine nucléaire et Crcina de l’université de Nantes, Inserm Umr1232, Cnrs-Erl6001, Saint-Herblain, France",1,Inserm | Centre National de la Recherche Scientifique,I154526488 I1294671590,no
"Image & Video Communications Team, IRCCyN UMR CNRS 6597, École Polytechnique de l'Université de Nantes, La Chantrerie, BP 50609, 44306 CEDEX 3, France",1,Centre National de la Recherche Scientifique | Institut de recherche en communications et cybernétique de Nantes,I1294671590 I4405278184,yes
"Image and Video Communication Team, IRCCyN UMR CNRS 6597, Ecole Polytechnique de l'Université de Nantes, La Chantrerie, Nantes, BP 50609, 44306 Cedex 3",1,Centre National de la Recherche Scientifique | Institut de recherche en communications et cybernétique de Nantes,I1294671590 I4405278184,yes
"Images Video Communications Team, UMR CNRS 6597, IRCCyN, Ecole Polytechnique de lE28099Université de Nantes, Nantes, France",1,Centre National de la Recherche Scientifique | Institut de recherche en communications et cybernétique de Nantes,I1294671590 I4405278184,yes
"Immuno-Endocrinology Unit, ENVN/INRA/University, 44307 Nantes, France",1,,,no
"Immuno-endocrinology Unit 707, University, F-44000, Nantes, France",1,,,no
"Immuno-endocrinology Unit, ENVN/INRA/University, Nantes, France",1,,,no
"Immunology Biology, University Hospital Centre Nantes, Nantes, France",1,Centre Hospitalier Universitaire de Nantes,I3019204325,no
"Immunology Department, University Hospitals , Nantes ,",1,Centre Hospitalier Universitaire de Nantes,I3019204325,no
"Immunology Laboratory, University Hospital of Nantes, France",1,Centre Hospitalier Universitaire de Nantes,I3019204325,no
"Immunology, University Hospital, Nantes, France",1,Centre Hospitalier Universitaire de Nantes,I3019204325,no
Immuno‐Dermatology Laboratory Nantes University Hospital  Nantes France,1,Centre Hospitalier Universitaire de Nantes,I3019204325,no
Immuno‐Dermatology Laboratory Nantes University Hospital Nantes France,1,Centre Hospitalier Universitaire de Nantes,I3019204325,no
"Inborn Errors of Metabolism, Pediatric Intensive Care Unit University Hospital of Nantes Nantes 44093 France",1,Centre Hospitalier Universitaire de Nantes,I3019204325,no
"Infectious Disease Department, Nantes University Hospital , Nantes ,",1,Centre Hospitalier Universitaire de Nantes,I3019204325,no
"Infectious Disease Department, Nantes University Hospital, 1 Place Alexis Ricordeau, 44095 Nantes, France",1,Centre Hospitalier Universitaire de Nantes,I3019204325,no
"Infectious Disease Department, Nantes University Hospital, 44000, Nantes, France",1,Centre Hospitalier Universitaire de Nantes,I3019204325,no
"Infectious Disease Department, Nantes University Hospital, Nantes, France 8",1,Centre Hospitalier Universitaire de Nantes,I3019204325,no
"Infectious Disease Department, Nantes University Hospital, Nantes, France;",1,Centre Hospitalier Universitaire de Nantes,I3019204325,no
Infectious Diseases Department INSERM CIC1413 Nantes University Hospital  Nantes France,1,Inserm | Centre Hospitalier Universitaire de Nantes | Centre d'Investigation Clinique de Nantes,I154526488 I3019204325 I4210128055,no
"Infectious Diseases Department INSERM EA1413, CHU Nantes  Nantes France",1,Inserm | Centre Hospitalier Universitaire de Nantes,I154526488 I3019204325,no
"Infectious Diseases Department, CHU Hotel Dieu, University Hospital, Nantes, France; UIC 1413, INSERM, Nantes, France",1,Inserm | Centre Hospitalier Universitaire de Nantes,I154526488 I3019204325,no
"Infectious Diseases Department, Centre for Prevention of Infectious and Transmissible Diseases, CHU Nantes and INSERM UIC 113 Nantes University, Nantes, France",1,Inserm | Centre Hospitalier Universitaire de Nantes,I154526488 I3019204325,no
"Infectious Diseases Department, INSERM EA1413 , CHU de Nantes, Nantes , France",1,Inserm | Centre Hospitalier Universitaire de Nantes,I154526488 I3019204325,no
"Infectious Diseases Department, Nantes University Hospital",1,Centre Hospitalier Universitaire de Nantes,I3019204325,no
"Infectious Diseases Department, Nantes University Hospital, 1 Place Alexis-Ricordeau, 44000, Nantes, France",1,Centre Hospitalier Universitaire de Nantes,I3019204325,no
"Infectious Diseases Department, Nantes University Hospital, 44000 Nantes, France",1,Centre Hospitalier Universitaire de Nantes,I3019204325,no
"Infectious Diseases Department, Nantes University Hospital, CIC UIC 1413 INSERM, CHU Nantes, France; Nantes study group member of CRIOGO (Centre de Référence des Infections Ostéo-articulaires du Grand Ouest), Nantes, France",1,Inserm | Centre Hospitalier Universitaire de Nantes | Centre d'Investigation Clinique de Nantes,I154526488 I3019204325 I4210128055,no
"Infectious Diseases Department, Nantes University Hospital, INSERM CIC1413 , Nantes ,",1,Inserm | Centre Hospitalier Universitaire de Nantes | Centre d'Investigation Clinique de Nantes,I154526488 I3019204325 I4210128055,no
"Infectious Diseases Department, Nantes University Hospital, INSERM CIC1413, Nantes, France",1,Inserm | Centre Hospitalier Universitaire de Nantes | Centre d'Investigation Clinique de Nantes,I154526488 I3019204325 I4210128055,no
"Infectious Diseases Department, Nantes University Hospital, Nantes, France and",1,Centre Hospitalier Universitaire de Nantes,I3019204325,no
"Infectious Diseases Department, Nantes University Hospital, Nantes, France. Electronic address: david.boutoille@chu-nantes.fr",1,Centre Hospitalier Universitaire de Nantes,I3019204325,no
"Infectious Diseases Department,Nantes University Hospital,Nantes,France",1,Centre Hospitalier Universitaire de Nantes,I3019204325,no
"Infectious Diseases Unit, Nantes University Hospital, France",1,Centre Hospitalier Universitaire de Nantes,I3019204325,no
"Infectious Diseases Unit, Nantes University Hospital, Nantes, France",1,Centre Hospitalier Universitaire de Nantes,I3019204325,no
"Infectious Diseases Unit,Nantes University Hospital,France",1,Centre Hospitalier Universitaire de Nantes,I3019204325,no
"Infectious Diseases, Nantes University Hospital, Inserm CIC, Nantes, France",1,Inserm | Centre Hospitalier Universitaire de Nantes | Centre d'Investigation Clinique de Nantes,I154526488 I3019204325 I4210128055,no
"Infectious and Tropical Diseases, Nantes University Hospital, Nantes, France",1,Centre Hospitalier Universitaire de Nantes,I3019204325,no
"Infectious disease department, Nantes university hospital, 1, place Alexis Ricordeau, Nantes, France",1,Centre Hospitalier Universitaire de Nantes,I3019204325,no
"Infirmier, Ph.Dc, Cadre supérieur de santé formateur, IFCS de Nantes, Université du Havre, ED 558 Histoire, Patrimoine, Langage, UMR 6266, labo. IDEES-CNRS, membre de RésIdoc",1,Université Le Havre Normandie | Centre National de la Recherche Scientifique | Identités et Différenciation de l'Environnement des Espaces et des Sociétés,I141576021 I1294671590 I4210155900,no
"Inria, (LS2N CNRS), France",1,Centre National de la Recherche Scientifique | Institut national de recherche en sciences et technologies du numérique | Laboratoire des Sciences du Numérique de Nantes,I1294671590 I1326498283 I4210117005,yes
"Inria, LS2N, UBL, IMT Atlantique, Nantes, France",1,Laboratoire des Sciences du Numérique de Nantes | IMT Atlantique,I4210117005 I4210127572,yes
"Inria, LS2N, UFR Sciences et Techniques, 2, rue de la Houssinière, BP 92208, 44322, Nantes Cedex 3, France",1,Laboratoire des Sciences du Numérique de Nantes,I4210117005,yes
"Inria, LS2N, UMR 6004, IMT Atlantique, Nantes, France",1,Laboratoire des Sciences du Numérique de Nantes | IMT Atlantique,I4210117005 I4210127572,yes
"Inria,LS2N Laboratory IMT Atlantique,Nantes,France",1,Laboratoire des Sciences du Numérique de Nantes | IMT Atlantique,I4210117005 I4210127572,yes
Inserm  Nantes France,1,Inserm,I154526488,no
"Inserm , U1229 , Regenerative Medicine and Skeleton Research , RMeS , 1 , place Alexis Ricordeau , 44042 Nantes Cedex 1 , France",1,Inserm,I154526488,no
"Inserm 1246-SPHERE, CHRU de Tours, service de dermatologie, unité de dermatologie pédiatrique, 37000",1,Inserm | Centre Hospitalier Universitaire de Tours,I154526488 I4210095477,no
"Inserm 1246-SPHERE, université de Tours",1,Université de Tours | Inserm,I110017253 I154526488,no
"Inserm 1246-SPHERE, universités de Tours et de Nantes, Nantes et Tours, France",1,Inserm | methodS in Patient-centered outcomes and HEalth ResEarch,I154526488 I4392021239,yes
"Inserm 791, Nantes, France",1,Inserm,I154526488,no
"Inserm 892 Nantes University Hospital, Nantes, France",1,Inserm,I154526488,no
"Inserm 99 03, Centre de recherche sur les matériaux d'intérêt biologique, faculté de chirurgie dentaire, 1, place Alexis-Ricordeau, 44042 Nantes, France. Francois.bodic@sante.univ-nantes.fr",1,Inserm,I154526488,no
"Inserm CIC 1413, Nantes University Hospital, Nantes, France; Pediatric Emergency Care Unit, Nantes University Hospital, Nantes, France",1,Inserm | Centre Hospitalier Universitaire de Nantes | Centre d'Investigation Clinique de Nantes,I154526488 I3019204325 I4210128055,no
"Inserm CIC1413, Nantes University Hospital, 44093 Nantes, France; Inserm UMR 1181 Biostatistics, Biomathematics, Pharmacoepidemiology and Infectious Diseases (B2PHI), Versailles Saint-Quentin University, 78000 Villejuif, France",1,Inserm | Université de Versailles Saint-Quentin-en-Yvelines | Centre Hospitalier Universitaire de Nantes | Centre d'Investigation Clinique de Nantes,I154526488 I195731000 I3019204325 I4210128055,no
"Inserm SPHERE U1246, Tours",1,Inserm,I154526488,no
"Inserm U 437, Nantes, France",1,Inserm,I154526488,no
"Inserm U. 892, Centre de Recherche en Cancérologie de Nantes-Angers, Institut de Recherche en Santé de l'Université de Nantes, 8 quai Moncousu, F-44007 Nantes cedex 1, France",1,Inserm | Centre de Recherche en Cancérologie et Immunologie Intégrée Nantes Angers,I154526488 I4210092509,yes
"Inserm U. 892, Centre de Recherche en Cancérologie de Nantes-Angers, Institut de Recherche en Santé de l’Université de Nantes, 8 quai Moncousu, F-44007 Nantes cedex 1, France",1,Inserm | Centre de Recherche en Cancérologie et Immunologie Intégrée Nantes Angers,I154526488 I4210092509,yes
"Inserm U.463,, Institut de Biologie/CHR,, 9, quai Moncousu,, 44093 Nantes Cedex 1,, France",1,Inserm,I154526488,no
"Inserm U1229 Regenerative Med. and Skeleton, Nantes, France",1,Inserm,I154526488,no
"Inserm U1235, Nantes  France",1,Inserm,I154526488,no
"Inserm U1307, Nantes, France",1,Inserm,I154526488,no
"Inserm U211, Nantes",1,Inserm,I154526488,no
"Inserm U419, Institut de Biologie, Nantes, France;",1,Inserm,I154526488,no
"Inserm U463, Institut de Biologie, Nantes, France. cpellat@nantes.inserm.fr",1,Inserm,I154526488,no
"Inserm U533, Nantes, France",1,Inserm,I154526488,no
Inserm U539 nantes France,1,Inserm,I154526488,no
"Inserm U601, Institut de Biologie, Nantes Cedex, France. marie.mougin@nantes.inserm.fr",1,Inserm,I154526488,no
"Inserm U643, Nantes, F44093 France. Bernard.Vanhove@univ-nantes.fr",1,Inserm,I154526488,no
"Inserm U892, CIC Biothérapie Inserm 0503, Nantes, France; Immuno-Dermatology Laboratory, University Hospital Hôtel-Dieu, Nantes, France",1,Inserm | Centre d'Investigation Clinique de Nantes,I154526488 I4210128055,no
"Inserm U892, Centre de Recherche en Cancérologie de Nantes-Angers, Institut de Recherche en Santé de l'Université de Nantes, Nantes, Loire-Atlantique, F-44007, France",1,Inserm | Centre de Recherche en Cancérologie et Immunologie Intégrée Nantes Angers,I154526488 I4210092509,yes
"Inserm U892, Centre de Recherche en Cancérologie de Nantes-Angers, Institut de Recherche en Santé de l’Université de Nantes, Nantes, France",1,Inserm | Centre de Recherche en Cancérologie et Immunologie Intégrée Nantes Angers,I154526488 I4210092509,yes
"Inserm U892, Centre de recherche en cancérologie Nantes-Angers, Institut de recherche thérapeutique de l’Université de Nantes, 8, quai Moncousu, BP 70721, 44007 Nantes Cedex 1, France",1,Inserm | Centre de Recherche en Cancérologie et Immunologie Intégrée Nantes Angers,I154526488 I4210092509,yes
"Inserm U892, Department of Dermato-Oncology Nantes University Hospital, 1 Place Alexis-Ricordeau, 44093 Nantes, France",1,Inserm | Centre Hospitalier Universitaire de Nantes,I154526488 I3019204325,no
"Inserm U892,, Department of Dermato-Oncology
Nantes University Hospital,
1 place Alexis-Ricordeau,
44093 Nantes, France, Private statistical consultant,
Nantes, France",1,Inserm | Centre Hospitalier Universitaire de Nantes,I154526488 I3019204325,no
Inserm U913 Nantes F‐44093 France,1,Inserm,I154526488,no
Inserm U913 – Nantes (France),1,Inserm,I154526488,no
"Inserm U913, Nantes, France University Nantes, Nantes, France CHU Nantes, Department of Neurology, Institut des Maladies de l'Appareil Digestif, Nantes, France",1,Inserm | Centre Hospitalier Universitaire de Nantes,I154526488 I3019204325,no
"Inserm U913, Nantes, France University Nantes, Nantes, France CHU Nantes, Department of Neurology, Nantes, France",1,Inserm | Centre Hospitalier Universitaire de Nantes,I154526488 I3019204325,no
"Inserm U913, Nantes, France University Nantes, Nantes, France CHU Nantes, Department of Neurology, Nantes, France Inserm CIC 00-04, Nantes, France",1,Inserm | Centre Hospitalier Universitaire de Nantes | Centre d'Investigation Clinique de Nantes,I154526488 I3019204325 I4210128055,no
"Inserm U913, Nantes, France University Nantes, Nantes, France Inserm CIC 00-04, Nantes, France CHU Nantes, Department of Neurology, Institut des Maladies de l'Appareil Digestif, Nantes, France",1,Inserm | Centre Hospitalier Universitaire de Nantes | Centre d'Investigation Clinique de Nantes,I154526488 I3019204325 I4210128055,no
"Inserm U957 , Faculty of Medicine , Nantes , France;",1,Inserm,I154526488,no
"Inserm UIC 1413, CHU de Nantes, 44000 Nantes, France; Service de virologie, CHU de Nantes, 44000 Nantes, France",1,Inserm | Centre Hospitalier Universitaire de Nantes,I154526488 I3019204325,no
"Inserm UMR 1087/CNRS UMR 6291, Nantes, France",1,Inserm | Centre National de la Recherche Scientifique | Institut du Thorax,I154526488 I1294671590 I4210144168,yes
"Inserm UMR 1238 Phy-Os, Nantes, France",1,Inserm,I154526488,no
"Inserm UMR 1238, Physos, faculté de médecine de Nantes, rue G. Veil, 44000 Nantes, France",1,Inserm,I154526488,no
"Inserm UMR 1246, Nantes and Tours Universities, 44200 Nantes, France",1,Inserm | methodS in Patient-centered outcomes and HEalth ResEarch,I154526488 I4392021239,yes
"Inserm UMR 1246, SPHERE, Methods in Patients-centered outcomes and Health Research, Nantes and Tours University, Nantes, France",1,Inserm | methodS in Patient-centered outcomes and HEalth ResEarch,I154526488 I4392021239,yes
"Inserm UMR 1246, SPHERE, Methods in Patients-centered outcomes and Health Research, Nantes and Tours University, Nantes, France. alexandra.jobert@chu-nantes.fr",1,Inserm | methodS in Patient-centered outcomes and HEalth ResEarch,I154526488 I4392021239,yes
"Inserm UMR 1246, Sphère, Methods in Patients-centered outcomes and Health Research, Nantes and Tours University, 22, boulevard Benoni-Goullin, 44200 Nantes, Fance",1,Inserm | methodS in Patient-centered outcomes and HEalth ResEarch,I154526488 I4392021239,yes
"Inserm UMR 1302, Nantes, France",1,Inserm,I154526488,no
"Inserm UMR 1307, CNRS UMR 6075, Angers University, CRCI2NA, Nantes - France, Nantes, France",1,Inserm | Centre National de la Recherche Scientifique | Centre de Recherche en Cancérologie et Immunologie Intégrée Nantes Angers,I154526488 I1294671590 I4210092509,yes
"Inserm UMR 1307, CNRS UMR 6075, Angers University, CRCI2NA, Nantes - France, Nantes, France;",1,Inserm | Centre National de la Recherche Scientifique | Centre de Recherche en Cancérologie et Immunologie Intégrée Nantes Angers,I154526488 I1294671590 I4210092509,yes
"Inserm UMR 419, IFR 26, Nantes, France",1,Inserm,I154526488,no
"Inserm UMR 601, Equipe 4, Institut de Biologie, 9 Quai Moncousu, 44035 Nantes cédex, France. daniel.pouliquen@univ-nantes.fr",1,Inserm,I154526488,no
"Inserm UMR U1229/RMeS, Regenerative Medicine and Skeleton–Nantes University, ONIRIS, Nantes, 44042, France",1,Inserm | Oniris,I154526488 I4210157468,no
"Inserm UMR1064 - ITUN, 44000, Nantes, France",1,Inserm | Institut de Transplantation Urologie en Nephrologie,I154526488 I4210112643,no
"Inserm UMR1064-Itun, Chu Nantes, Nantes, France",1,Inserm,I154526488,no
"Inserm UMR1246 SPHERE, Universities of Nantes and Tours, CHU de Tours-Bretonneau, 2 Boulevard Tonnellé, 37044 Tours, France",1,Inserm | methodS in Patient-centered outcomes and HEalth ResEarch,I154526488 I4392021239,yes
Inserm UMR1280 Nantes France,1,Inserm | PhysioPathologie des Adaptations Nutritionnelles,I154526488 I4210162532,yes
"Inserm UMR1307, CNRS UMR6075, CRCI²NA, Team 12, NANTES, France",1,Inserm | Centre National de la Recherche Scientifique | Centre de Recherche en Cancérologie et Immunologie Intégrée Nantes Angers,I154526488 I1294671590 I4210092509,yes
"Inserm UMR463, Institut de Biologie, 44093 Nantes cedex 01, France. cpellat@nantes.inserm.fr",1,Inserm,I154526488,no
"Inserm UMR643, faculté de médecine de Nantes, rue Gaston-Veïl, 44000 Nantes, France",1,Inserm,I154526488,no
Inserm UMR89/CNRS UMR6299 Centre de Recherche en Cancérologie Nantes‐Angers Institut de Recherche en Santé de L'Université de Nantes Nantes France,1,Inserm | Centre National de la Recherche Scientifique | Centre de Recherche en Cancérologie et Immunologie Intégrée Nantes Angers,I154526488 I1294671590 I4210092509,yes
"Inserm UMR892/CNRS UMR6299, Centre de Recherche en Cancérologie Nantes-Angers, Institut de Recherche en Santé de l'Université de Nantes, Nantes, France",1,Inserm | Centre National de la Recherche Scientifique | Centre de Recherche en Cancérologie et Immunologie Intégrée Nantes Angers,I154526488 I1294671590 I4210092509,yes
"Inserm UMR892/CNRS UMR6299/Univ Nantes, Nantes, France",1,Inserm | Centre National de la Recherche Scientifique | Centre de Recherche en Cancérologie et Immunologie Intégrée Nantes Angers,I154526488 I1294671590 I4210092509,yes
"Inserm UMR915, IRT-UN, 8 Quai Moncousu, BP 70721, 44007 Nantes cedex 1, France. gervaise.loirand@univ-nantes.fr",1,Inserm,I154526488,no
"Inserm Unit 892 , Institut de Recherche Thérapeutique , Nantes , France,",1,Inserm,I154526488,no
"Inserm, CHU de Nantes, France",1,Inserm | Centre Hospitalier Universitaire de Nantes,I154526488 I3019204325,no
"Inserm, CIC-04, Nantes F-44093, France; CHU Nantes, Department of Neurology, Nantes F-44093, France. Electronic address: derkinderenp@yahoo.fr",1,Inserm | Centre Hospitalier Universitaire de Nantes | Centre d'Investigation Clinique de Nantes,I154526488 I3019204325 I4210128055,no
"Inserm, CNRS, Nantes, France",1,Inserm | Centre National de la Recherche Scientifique,I154526488 I1294671590,no
"Inserm, Centre de Recherche en Transplantation et Immunologie, UMR 1064, F-44000, Nantes, France. ianegon@nantes.inserm.fr",1,Inserm | Center for Research in Transplantation and Translational Immunology,I154526488 I4392021198,yes
"Inserm, EM 9903, Nantes, France. damien.lenihouannen@univ-nantes.fr",1,Inserm,I154526488,no
"Inserm, Reference Centre for cardiomyopathies, CIC 1413, Thorax Institute, CHU de Nantes, Nantes University, 44000 Nantes, France",1,Inserm | Centre Hospitalier Universitaire de Nantes | Institut du Thorax,I154526488 I3019204325 I4210144168,yes
"Inserm, TENS, The Enteric Nervous System in Gut and Brain Disorders, IMAD, Université deNantes, 44035 Nantes, France",1,Inserm | The Enteric Nervous System in Gut and Brain Disorders,I154526488 I4210108033,yes
"Inserm, U1229 Regenerative Medicine and Skeleton  Nantes France",1,Inserm,I154526488,no
"Inserm, U1235 Nantes France",1,Inserm,I154526488,no
"Inserm, U1235, 1 rue Gaston Veil, F-44035, Nantes, France. pascal.derkinderen@chu-nantes.fr",1,Inserm,I154526488,no
"Inserm, U1235, 44035, Nantes, France. laurene.leclair@chu-nantes.fr",1,Inserm,I154526488,no
"Inserm, U539 Nantes France",1,Inserm,I154526488,no
"Inserm, U601, Equipe Apoptose et progression tumorale, F-44000, Nantes, France. daniel.pouliquen@univ-nantes.fr",1,Inserm,I154526488,no
"Inserm, U892  Nantes France",1,Inserm,I154526488,no
"Inserm, U892, Univ Nantes, CNRS, UMR 6299, Nantes, F-44000, France",1,Inserm | Centre National de la Recherche Scientifique | Centre de Recherche en Cancérologie et Immunologie Intégrée Nantes Angers,I154526488 I1294671590 I4210092509,yes
"Inserm, U892; CNRS, UMR 6299; Nantes University, Nantes 44007, France Centre Hospitalier Universitaire de Nantes, Nantes, France",1,Inserm | Centre National de la Recherche Scientifique | Centre Hospitalier Universitaire de Nantes | Centre de Recherche en Cancérologie et Immunologie Intégrée Nantes Angers,I154526488 I1294671590 I3019204325 I4210092509,yes
"Inserm, U913 Nantes, France",1,Inserm,I154526488,no
"Inserm, U913, Nantes F-44093, France; Inserm, CIC-04, Nantes F-44093, France; CHU Nantes, Department of Neurology, F-44093, France",1,Inserm | Centre Hospitalier Universitaire de Nantes | Centre d'Investigation Clinique de Nantes,I154526488 I3019204325 I4210128055,no
"Inserm, U913, Nantes, France University Nantes, Nantes, France CHU Nantes, Institut des Maladies de l'Appareil Digestif, Nantes, France",1,Inserm | Centre Hospitalier Universitaire de Nantes,I154526488 I3019204325,no
"Inserm, UMR 1229, RMeS, Regenerative Medicine and Skeleton, faculty of dentistry, Nantes, France; Maxillofacial Surgery and Stomatology Department, Nantes University Hospital, Nantes Cedex 1, France",1,Inserm | Centre Hospitalier Universitaire de Nantes,I154526488 I3019204325,no
"Inserm, UMR 1246, SPHERE, Nantes, France",1,Inserm | methodS in Patient-centered outcomes and HEalth ResEarch,I154526488 I4392021239,yes
"Inserm, UMR 1246–SPHERE, Nantes, France",1,Inserm,I154526488,no
"Inserm, UMR 892, Nantes F-44007, France. dominique.tripodi@chu-nantes.fr",1,Inserm,I154526488,no
"Inserm, UMR-1246-SPHERE, Nantes, France",1,Inserm,I154526488,no
"Inserm, UMR892, Institut de Recherche Thérapeutique de l'Université de Nantes, Equipe 10 labellisée Ligue Nationale contre le Cancer 2008, 8 quai Moncousu, Nantes, BP70721 F-44007, France",1,Inserm,I154526488,no
"Inserm, UMR892, Institut de Recherche Thérapeutique de l’Université de Nantes, Equipe 10 labellisée Ligue Nationale contre le Cancer 2008, 8 quai Moncousu, Nantes, BP70721 F-44007, France",1,Inserm,I154526488,no
"Inserm, UMR957, Nantes, F-44093, France",1,Inserm,I154526488,no
"Inserm, Unité Mixte de Recherche_S892, Institut de Recherche Thérapeutique de l'Université de Nantes, Nantes, France;",1,Inserm,I154526488,no
Inserm1232 CRCINA  Nantes France,1,Centre de Recherche en Cancérologie et Immunologie Intégrée Nantes Angers,I4210092509,yes
"Inst. Mater. Nantes, CNRS, 44072 Nantes, Fr",1,Centre National de la Recherche Scientifique,I1294671590,no
"Inst. d'Electron. et de Telecommun. de Rennes (IETR) Lab., LUNAM Univ. of Nantes, Nantes, France",1,Institut d'Électronique et des Technologies du numéRique,I4210100151,yes
"Inst. d'Electron. et des Telecommun. de Rennes (IETR) Lab., LUNAM Univ., Nantes, France",1,Institut d'Électronique et des Technologies du numéRique,I4210100151,yes
"Inst. de Rech. en Commun. et Cybernetique de Nantes (IRCCyN), LUNAM Univ., Nantes, France",1,Université Nantes Angers Le Mans | Institut de recherche en communications et cybernétique de Nantes,I234216984 I4405278184,yes
"Inst. de Rech. en Electron. et Telecommun. de Rennes (IETR), Polytech Nantes LUNAM Univ.-Univ. de Nantes, Nantes, France",1,Institut d'Électronique et des Technologies du numéRique,I4210100151,yes
"Inst. de Rech. en Energie Electr. de Nantes Atlantique (IREENA), Univ. of Nantes Angers Le Mans (LUNAM), St. Nazaire, France",1,Université Nantes Angers Le Mans | Institut de Recherche en Energie Electrique de Nantes Atlantique,I234216984 I4392021119,yes
Institue De Recherche En Énergie Électrique De Nantes Atlantique (IREENA),1,Institut de Recherche en Energie Electrique de Nantes Atlantique,I4392021119,yes
"Institue de Recherche en Énergie Électrique de Nantes Atlantique (IREENA), 44000, Nantes, France",1,Institut de Recherche en Energie Electrique de Nantes Atlantique,I4392021119,yes
"Institue de Recherche en Énergie Électrique de Nantes Atlantique (IREENA), Nantes 44000, France",1,Institut de Recherche en Energie Electrique de Nantes Atlantique,I4392021119,yes
"Institue de recherche en é nergie é lectrique de Nantes atlantique (IREENA), Nantes 44000, France",1,Institut de Recherche en Energie Electrique de Nantes Atlantique,I4392021119,yes
"Institue de recherche en énergie électrique de Nantes atlantique (IREENA), Nantes, France",1,Institut de Recherche en Energie Electrique de Nantes Atlantique,I4392021119,yes
"Institut Catholique d’Arts de Métirers (Icam), UMR 6004 Laboratoire des Sciences, du Numérique de Nantes, , 44321 Nantes , France ,",1,Laboratoire des Sciences du Numérique de Nantes,I4210117005,yes
"Institut Catholique d’Arts et Métiers (ICAM) , Laboratoire des Sciences du Numérique de Nantes (LS2N), UMR CNRS 6004, 44321 Nantes , France",1,Centre National de la Recherche Scientifique | Institut Catholique d'Arts et Métiers | Laboratoire des Sciences du Numérique de Nantes,I1294671590 I3131982239 I4210117005,yes
"Institut Cochin, INSERM U1016, CNRS UMR 8104, Université de Paris; Service de Médecine Interne, Centre de Compétence Maladies Systémiques Autoimmunes Rares, CHU de Nantes, Nantes, France",1,Inserm | Université Paris Cité | Centre National de la Recherche Scientifique | Centre Hospitalier Universitaire de Nantes | Institut Cochin,I154526488 I204730241 I1294671590 I3019204325 I4210141964,no
Institut DE Recherche en Santé DE l'Université DE Nantes (IRS‐UN) INSERM U892‐CNRS 6299 Nantes France,1,Inserm | Centre National de la Recherche Scientifique,I154526488 I1294671590,no
"Institut Mines Telecom Atlantique, LS2N/Inria, 4 Rue Alfred Kastler, Nantes, France",1,Laboratoire des Sciences du Numérique de Nantes,I4210117005,yes
"Institut Mines Telecom Atlantique,LS2N Lab,Nantes,France,44307",1,Laboratoire des Sciences du Numérique de Nantes,I4210117005,yes
"Institut Mines-Télécom Atlantique, LS2N UMR CNRS 6004 (Labora-toire des Sciences du Numérique de Nantes), Nantes, France",1,Centre National de la Recherche Scientifique | Laboratoire des Sciences du Numérique de Nantes,I1294671590 I4210117005,yes
"Institut Mines-Télécom Atlantique, Laboratoire des Sciences du Numérique de Nantes, La Chantrerie, 44300 Nantes, France",1,Institut Mines-Télécom | Laboratoire des Sciences du Numérique de Nantes,I205703379 I4210117005,yes
"Institut National de Recherche Agronomique (Inra-Université de Nantes UMR EDRA) , BP 71627, Nantes Cedex 03, 44 316, France E-mail: chevassu@nantes.inra.fr",1,Université de Nantes,I4405260337,yes
"Institut National de la Recherche Agronomique (INRA)–University of NantesUnité Mixte de Recherche (UMR) 1280, Physiology of Nutritional AdaptationsInstitut des Maladies de l'Appareil Digestif (IMAD)Centre de Recherche en Nutrition Humaine (CRNH)NantesFrance",1,PhysioPathologie des Adaptations Nutritionnelles | Institut National de la Recherche Agronomique,I4210162532 I4387154544,yes
"Institut National de la Santé Et de la Recherche Médicale (INSERM), 30 Bd Jean Monnet, 44093, Nantes, Cedex 01, France. caroline.ballet@univ-nantes.fr",1,Inserm,I154526488,no
"Institut National de la Santé Et de la Recherche Médicale (INSERM), 30 Bd Jean Monnet, 44093, Nantes, Cedex 01, France. joanna.ashton-chess@univ-nantes.fr",1,Inserm,I154526488,no
"Institut National de la Santé Et de la Recherche Médicale (INSERM), 30 Bd Jean Monnet, 44093, Nantes, Cedex 01, France. sophie.brouard@univ-nantes.fr",1,Inserm,I154526488,no
"Institut National de la Santé et de la Recherche Médicale (INSERM) U437, 44093 Nantes Cedex 01, France. ianegon@nantes.inserm.fr",1,Inserm,I154526488,no
"Institut National de la Santé et de la Recherche Médicale (INSERM) Unité Mixte de Recherche (UMR) 948, Nantes, France. Virginie.pichard@univ-nantes.fr",1,Inserm,I154526488,no
Institut National de la Santé et de la Recherche Médicale (INSERM)Physiopathologie de la Résorption Osseuse et Thérapie des Tumeurs Osseuses PrimitivesUniversité de NantesNantesFrance,1,Inserm,I154526488,no
"Institut National de la Santé et de la Recherche Médicale INSERM U643, Nantes, France. faouzi.braza@etu.univ-nantes.fr",1,Inserm,I154526488,no
"Institut National de la Santé et de la Recherche Médicale UMR892/CNRS UMR6299, Centre de Recherche en Cancérologie Nantes-Angers, Institut de Recherche en Santé de l'Université de Nantes, Nantes, France",1,Inserm | Centre National de la Recherche Scientifique | Centre de Recherche en Cancérologie et Immunologie Intégrée Nantes Angers,I154526488 I1294671590 I4210092509,yes
"Institut Universitaire de France (IUF),Nantes Universit&#x00E9; Ecole Centrale Nantes, CNRS, LS2N, UMR 6004,Nantes,France,F-44000",1,École Centrale de Nantes | Institut Universitaire de France | Centre National de la Recherche Scientifique | Laboratoire des Sciences du Numérique de Nantes,I100445878 I185839726 I1294671590 I4210117005,yes
"Institut d&#x2019;Electronique et des Technologies num&#x00E9;Riques (IETR) Laboratory, UMR CNRS 6164, Nantes Universit&#x00E9;, Polytech Nantes, Nantes, France",1,Centre National de la Recherche Scientifique | Institut d'Électronique et des Technologies du numéRique,I1294671590 I4210100151,yes
"Institut d'Electronique et Télécommunications de Rennes (IETR)LUNAM Université – Université de NantesUMR CNRS 6164, Rue Christian Pauc BP 50609Nantes44306France",1,Centre National de la Recherche Scientifique | Institut d'Électronique et des Technologies du numéRique,I1294671590 I4210100151,yes
"Institut d'Electronique et de Telecommunications de Rennes (IETR)UMR, École Polytechnique de l'Université de Nantes, Nantes, France",1,Institut d'Électronique et des Technologies du numéRique,I4210100151,yes
"Institut d'Electronique et de Télécommunications de Rennes (IETR) Laboratory, L'Université de Nantes Angers Le Mans (L'UNAM), UMR CNRS 6164, Polytech Nantes, La Chantrerie, Rue C. Pauc, BP 50609, 44306 Nantes Cedex 3, France",1,Université Nantes Angers Le Mans | Centre National de la Recherche Scientifique | Institut d'Électronique et des Technologies du numéRique,I234216984 I1294671590 I4210100151,yes
"Institut d'Electronique et des Technologies du numéRique (IETR), Polytech Nantes, Graduate School of Engineering of Nantes University, Nantes, France",1,Institut d'Électronique et des Technologies du numéRique,I4210100151,yes
"Institut de Biologie, INSERM U419, 44035 Nantes, France",1,Inserm,I154526488,no
"Institut de Biologie, INSERM U419, 9 quai Moncousu, Nantes, Cédex 03, 44035, France",1,Inserm,I154526488,no
"Institut de Biologie, INSERM U463 and Faculté des Sciences de Nantes, France",1,Inserm,I154526488,no
"Institut de Biologie, INSERM U463 and Faculté des Sciences de Nantes, Nantes, France",1,Inserm,I154526488,no
"Institut de Biologie, INSERM U463, 9 quai Moncousu, Nantes cedex 01, 44093, France",1,Inserm,I154526488,no
"Institut de Biologie, INSERM, U419, Nantes (France); and",1,Inserm,I154526488,no
"Institut de Biologie, INSERM, U419, Nantes, France",1,Inserm,I154526488,no
"Institut de Biologie, Institut National de la Santé et de la Recherche Médicale, Unité 463, and Faculté des Sciences et Techniques de Nantes, Nantes, France",1,Inserm,I154526488,no
"Institut de Physique de Nantes, 2, Rue de la Houssinière, 44072 NantesCédex, France",1,,,no
"Institut de Physique de Nantes, 2, rue de la Houssinière 44072 Nantes Cedex, France",1,,,no
"Institut de Physique de Nantes, B. P. 1044, 44037 Nantes, France",1,,,no
"Institut de Physique de Nantes, B. P. 1044, 44072 Nantes, France",1,,,no
"Institut de Physique de Nantes, B. P. 1044,44037-Nantes Cédex, France",1,,,no
"Institut de Physique de Nantes, B.P. 1044, 44037 Nantes, France",1,,,no
"Institut de Physique de Nantes, B.P. 1044, 44037-Nantes, France",1,,,no
"Institut de Physique de Nantes, B.P. 1044, Nantes Cedex, France",1,,,no
"Institut de Recherche Thérapeutique de l'Université de Nantes, CRCNA INSERM UMR892, France",1,Inserm | Centre de Recherche en Cancérologie et Immunologie Intégrée Nantes Angers,I154526488 I4210092509,yes
"Institut de Recherche Thérapeutique de l'Université de Nantes, INSERM U892, Centre de Recherche en Cancérologie Nantes-Angers, Equipe Apoptose et Progression Tumorale, 8 quai moncousu, BP7021, 44007, Nantes, France",1,Inserm | Centre de Recherche en Cancérologie et Immunologie Intégrée Nantes Angers,I154526488 I4210092509,yes
"Institut de Recherche Thérapeutique de l'Université de Nantes, INSERM, U892",1,Inserm,I154526488,no
"Institut de Recherche Thérapeutique de l'Université de Nantes, INSERM, U892, France. beatrice.clemenceau@nantes.inserm.fr",1,Inserm,I154526488,no
"Institut de Recherche Thérapeutique de l’Université de Nantes, CRCNA INSERM UMR892, France",1,Inserm | Centre de Recherche en Cancérologie et Immunologie Intégrée Nantes Angers,I154526488 I4210092509,yes
"Institut de Recherche en Commun. et Cybern. de Nantes, Ecole polytechnique de l'universite de Nantes, France",1,,,no
"Institut de Recherche en Communications et Cybernétique de Nantes (IRCCyN) UMR CNRS, Éecole Polytechnique De l''Université de Nantes, Nantes, France",1,Centre National de la Recherche Scientifique | Institut de recherche en communications et cybernétique de Nantes,I1294671590 I4405278184,yes
"Institut de Recherche en Communications et Cybernétique de Nantes UMR CNRS 6597, 1 rue de la Noë, Nantes Cedex 03, B.P. 92101 44321 France, Tel.: +3 2 40 37 69 12; fax: +33 2 40 37 69 30",1,Centre National de la Recherche Scientifique | Institut de recherche en communications et cybernétique de Nantes,I1294671590 I4405278184,yes
"Institut de Recherche en Communications et Cybernétique de Nantes, BP92101, 44321 Nantes Cedex 03 FRANCE. E-mail: mebarki@iut-nantes.univ-nantes",1,Institut de recherche en communications et cybernétique de Nantes,I4405278184,yes
"Institut de Recherche en Communications et Cybernétique de Nantes, U.M.R. CNRS 6597, 1, rue de la Noë, B.P. 92101, 44321, Nantes Cedex 3, France",1,Centre National de la Recherche Scientifique | Institut de recherche en communications et cybernétique de Nantes,I1294671590 I4405278184,yes
"Institut de Recherche en Cyberntéique de Nantes, UMR CNRS 6597, Nantes, France",1,Centre National de la Recherche Scientifique | Institut de recherche en communications et cybernétique de Nantes,I1294671590 I4405278184,yes
"Institut de Recherche en Cybernétique de Nantes UMR CNRS 6597, École Centrale de Nantes/Université de Nanles/École des Mines de Nantes, 1, rue de la Noë, B.P. 92101, 44321 NANTES Cedex 03, France",1,École Centrale de Nantes | Centre National de la Recherche Scientifique | École nationale supérieure des Mines de Nantes | Institut de recherche en communications et cybernétique de Nantes,I100445878 I1294671590 I4405265706 I4405278184,yes
"Institut de Recherche en Electrotechnique et Electronique de Nantes Atlantique (IREENA), 37, Bd de l'Université, BP 406, F-44602 Saint-Nazaire cedex, France",1,Institut de Recherche en Energie Electrique de Nantes Atlantique,I4392021119,yes
"Institut de Recherche en Electrotechnique et Electronique de Nantes Atlantique, CRTT 37, Bd de l'université, BP 406, 44602 Saint-Nazaire Cedex (France)",1,Institut de Recherche en Energie Electrique de Nantes Atlantique,I4392021119,yes
"Institut de Recherche en Electrotechnique et Electronique de Nantes Atlantique, Ecole Polytechnique de l'Université de Nantes, Nantes, France",1,Institut de Recherche en Energie Electrique de Nantes Atlantique,I4392021119,yes
"Institut de Recherche en Electrotechnique et Electronique de Nantes Atlantique, Radar Team, Ecole Polytechnique de l’Université de Nantes, Rue Christian Pauc, La Chantrerie, BP 50609, 44306 Nantes Cedex 3, France",1,Institut de Recherche en Energie Electrique de Nantes Atlantique,I4392021119,yes
"Institut de Recherche en Energie Electrique de Nantes Atlantique (IREENA), 44000 Nantes, France",1,Institut de Recherche en Energie Electrique de Nantes Atlantique,I4392021119,yes
"Institut de Recherche en Energie Electrique de Nantes Atlantique (IREENA), UR, 4642, Nantes Universit&#x00E9;, Saint Nazaire, France",1,Institut de Recherche en Energie Electrique de Nantes Atlantique,I4392021119,yes
"Institut de Recherche en Energie Electrique de Nantes Atlantique, IREENA, Nantes University, UR 4642, 37 Bd de l’Université, 44600 Saint-Nazaire, France",1,Institut de Recherche en Energie Electrique de Nantes Atlantique,I4392021119,yes
"Institut de Recherche en Energie Electrique de Nantes Atlantiques Saint-Nazaire, Saint-Nazaire, France",1,Institut de Recherche en Energie Electrique de Nantes Atlantique,I4392021119,yes
"Institut de Recherche en Energie et Electrique de Nantes Atlantique (IREENA), 44 602, Saint Nazaire Cedex, France",1,Institut de Recherche en Energie Electrique de Nantes Atlantique,I4392021119,yes
"Institut de Recherche en Génie Civil et Mécanique (GeM), LUNAM Université, Nantes cedex 3, France",1,Institut de Recherche en Génie Civil et Mécanique,I4210137520,yes
"Institut de Recherche en Génie Civil et Mécanique (GeM), LUNAM Université, Nantes, France",1,Institut de Recherche en Génie Civil et Mécanique,I4210137520,yes
"Institut de Recherche en Informatique de Nantes (IRIN), 2, rue de la Houssinire, B.P. 92208, 44322, Nantes cedex 3",1,,,no
"Institut de Recherche en Informatique de Nantes 2 , chemin de la Houssinière -BP 92208 44322 Nantes Cedex 3 , France",1,,,no
"Institut de Recherche en Santé 2, UMR 1246 SPHERE “methodS in Patients-centered outcomes and HEalth ResEarch”, 22, boulevard Benoni Goullin, 44200 Nantes, France",1,methodS in Patient-centered outcomes and HEalth ResEarch,I4392021239,yes
"Institut de Recherche en Santé de l'Université de Nantes INSERM U892 – CNRS 6299 CRCNA Team 13: Nuclear Oncology Research Group: Engineering of Recognition, Nantes, France",1,Inserm | Centre National de la Recherche Scientifique | Centre de Recherche en Cancérologie et Immunologie Intégrée Nantes Angers,I154526488 I1294671590 I4210092509,yes
"Institut de Recherche en Santé de l'Université de Nantes, INSERM U892, CNRS, 6299-CRCNA, 8 quai Moncousu, BP 70721, 44007, Nantes Cedex 1, France",1,Inserm | Centre National de la Recherche Scientifique | Centre de Recherche en Cancérologie et Immunologie Intégrée Nantes Angers,I154526488 I1294671590 I4210092509,yes
"Institut de Recherche en Santé de l'Université de Nantes, INSERM U892, CNRS, 6299-CRCNA, 8 quai Moncousu, BP 70721, 44007, Nantes Cedex 1, France. frederic.pecorari@univ-nantes.fr",1,Inserm | Centre National de la Recherche Scientifique | Centre de Recherche en Cancérologie et Immunologie Intégrée Nantes Angers,I154526488 I1294671590 I4210092509,yes
"Institut de Recherche en Énergie Électrique de Nantes Atlantique, IREENA, Nantes University, Saint-Nazaire, France",1,Institut de Recherche en Energie Electrique de Nantes Atlantique,I4392021119,yes
"Institut de Recherche en Énergie Électrique de Nantes Atlantiques (IREENA), 37 Blvd de l’Université, Saint-Nazaire, France",1,Institut de Recherche en Energie Electrique de Nantes Atlantique,I4392021119,yes
"Institut de Recherches en Informatique de Nantes (IRIN), IUT de Nantes, 3 rue Joffre, F-44041, Nantes, France",1,,,no
"Institut de Transplantation –Urologie – Néphrologie, Centre Hospitalier Universitaire, Nantes, France",1,Centre Hospitalier Universitaire de Nantes | Institut de Transplantation Urologie en Nephrologie,I3019204325 I4210112643,no
"Institut de recherche en Cyberne´tique de Nantes U.M.R. CNRS 6597, 1 rue la Noe¨, BP 92101 44321 NANTES-FRANCE",1,Centre National de la Recherche Scientifique | Institut de recherche en communications et cybernétique de Nantes,I1294671590 I4405278184,yes
"Institut de recherche en communication et cybernétique de Nantes (IRCCyN), Équipe Image et vidéocommunication ¿ UMR CNRS 6597, Polytech'Nantes, rue Christian Pauc, La Chantrerie, BP 50609, 44306 Nantes, Cedex 3, France. mathieu.carnec@univ-nantes.fr",1,Centre National de la Recherche Scientifique | Institut de recherche en communications et cybernétique de Nantes,I1294671590 I4405278184,yes
"Institut de recherche en informatique de Nantes (IRIN), 2, rue de la Houssinière, B.P. 92208, 44322 Nantes",1,,,no
Institut des Matériaux Jean Rouxel (IMN) UMR 6502 Université de Nantes CNRS Nantes Cedex France,1,Centre National de la Recherche Scientifique | Institut des Matériaux Jean Rouxel | Université de Nantes,I1294671590 I4210091049 I4405260337,yes
"Institut des Matériaux Jean Rouxel (IMN), UMR‐6502 CNRS Université de Nantes  Nantes France",1,Centre National de la Recherche Scientifique | Institut des Matériaux Jean Rouxel | Université de Nantes,I1294671590 I4210091049 I4405260337,yes
"Institut des Matériaux Jean Rouxel (IMN), Université de Nantesn CNRS, 2 Rue de la Houssinière, BP32229, 44322 Nantes Cedex 3, France",1,Centre National de la Recherche Scientifique | Institut des Matériaux Jean Rouxel,I1294671590 I4210091049,yes
"Institut des Matériaux Jean Rouxel (IMN)‐UMR 6502 Université de Nantes, CNRS Nantes Cedex 3 France",1,Centre National de la Recherche Scientifique | Institut des Matériaux Jean Rouxel | Université de Nantes,I1294671590 I4210091049 I4405260337,yes
Institut des Matériaux Jean Rouxel – Sciences University of Nantes  Nantes 44100 France,1,Institut des Matériaux Jean Rouxel,I4210091049,yes
"Institut des Matériaux Jean Rouxel, CNRS-Ecole Polytechnique de l'Université de Nantes, UMR 6502, 2 rue de la Houssinière, BP 32229, Nantes Cedex 3, 44322, France",1,Centre National de la Recherche Scientifique | Institut des Matériaux Jean Rouxel,I1294671590 I4210091049,yes
"Institut des Matériaux Jean Rouxel, CNRS-Université de Nantes, UMR6502, Nantes, France",1,Centre National de la Recherche Scientifique | Institut des Matériaux Jean Rouxel | Université de Nantes,I1294671590 I4210091049 I4405260337,yes
"Institut des Matériaux Jean Rouxel, Ecole Polytechnique de l'Université de Nantes, CNRS UMR 6502, 2 rue de la Houssinière, BP 32229, 44322 Nantes cédex 03, France",1,Centre National de la Recherche Scientifique | Institut des Matériaux Jean Rouxel,I1294671590 I4210091049,yes
"Institut des Matériaux Jean Rouxel, Nantes cedex, France",1,Institut des Matériaux Jean Rouxel,I4210091049,yes
"Institut des Matériaux Jean Rouxel, UMR 6502 CNRS-Université Nantes 2 rue de la Houssinière,44322 Nantes cdx3,France",1,Centre National de la Recherche Scientifique | Institut des Matériaux Jean Rouxel,I1294671590 I4210091049,yes
"Institut des Matériaux Jean Rouxel, UMR 6502 CNRSUniversité de Nantes, BP 32229, 44322 Nantes Cedex 3, France, RHODIA, Centre de Recherches d'Aubervilliers, 52 rue de la Haie-Coq, 93308 Aubervilliers cedex, France, and Department of Chemistry, North Carolina State University, Raleigh, North Carolina 27695-8204",1,North Carolina State University | Centre National de la Recherche Scientifique | Institut des Matériaux Jean Rouxel | Center for Infection and Immunity of Lille,I137902535 I1294671590 I4210091049 I4210098529,yes
"Institut des Matériaux Jean Rouxel, UMR CNRS 6502, Ecole Polytechnique de l'Université de Nantes BP 32229, 44322 Nantes Cedex 3, France",1,Centre National de la Recherche Scientifique | Institut des Matériaux Jean Rouxel,I1294671590 I4210091049,yes
"Institut des Matériaux Jean Rouxel, UMR CNRS-Université de Nantes no. 6502, 2 rue de la Houssinière",1,Centre National de la Recherche Scientifique | Institut des Matériaux Jean Rouxel | Université de Nantes,I1294671590 I4210091049 I4405260337,yes
"Institut des Matériaux Jean Rouxel, University of Nantes CNRS, UMR6502, F-44322 Nantes, France",1,Centre National de la Recherche Scientifique | Institut des Matériaux Jean Rouxel,I1294671590 I4210091049,yes
"Institut des Substances et Organismes de La Mer, ISOMer, UR 2160, Nantes University, Nantes, France",1,Institut Des Substances et Organismes de la Mer,I4392021232,yes
"Institut des mat eriaux Jean Rouxel (IMN), Universit e de Nantes-CNRS, 2 rue de la Houssinie `re, 44322 Nantes, France",1,Centre National de la Recherche Scientifique | Institut des Matériaux Jean Rouxel,I1294671590 I4210091049,yes
Institut d’Electronique et Télécommunications de Rennes (IETR)LUNAM Université – Université de NantesUMR CNRS 6164NantesFrance,1,Centre National de la Recherche Scientifique | Institut d'Électronique et des Technologies du numéRique,I1294671590 I4210100151,yes
"Institut d’Electronique et de Telecommunications de Rennes (IETR)UMR, École Polytechnique de l’Université de Nantes, Nantes, France",1,Institut d'Électronique et des Technologies du numéRique,I4210100151,yes
"Institute National de la Santé et de la Recherche Médicale U463, Institut de Biologie, Nantes, France. cpellat@nantes.inserm.fr",1,Inserm,I154526488,no
"Institute des Matériaux Jean Rouxel, Univ. of Nantes, CNRS (France)",1,Centre National de la Recherche Scientifique | Institut des Matériaux Jean Rouxel,I1294671590 I4210091049,yes
"Institute for Research on Urban Sciences and Techniques - IRSTV FR CNRS 2488, LUNAM Université, CNRS, BP 92104, 44321 , Nantes Cedex 03, France",1,Université Nantes Angers Le Mans | Centre National de la Recherche Scientifique,I234216984 I1294671590,no
"Institute for Research on Urban Sciences and Techniques - IRSTV FR CNRS 2488, LUNAM Université, CNRS, BP 92104, 44321 , Nantes Cedex 03, France",1,Université Nantes Angers Le Mans | Centre National de la Recherche Scientifique,I234216984 I1294671590,no
"Institute of Biology, INSERM Unit 419, 9 Quai Moncousu, 44093, Nantes, France. gregoire@nantes.inserm.fr",1,Inserm,I154526488,no
"Institute of Civil and Mechanical Research (GeM), UMR-CNRS 6183, Nantes Atlantic University, 2 rue de la Houssinière, B.P. 92208 44322 Nantes Cedex 03, France",1,Centre National de la Recherche Scientifique | Institut de Recherche en Génie Civil et Mécanique,I1294671590 I4210137520,yes
"Institute of Digestive Diseases, Nantes University Hospital, Nantes, France",1,Centre Hospitalier Universitaire de Nantes,I3019204325,no
"Institute of Materials of Nantes, Nantes, 44072, France",1,Institut des Matériaux Jean Rouxel,I4210091049,yes
"Institute of Theoretical Physics, University of Wroclaw, SUBATECH UMR 6457 (IMT Atlantique, Universit´e de Nantes, IN2P3/CNRS), Extreme Matter Institute EMMI, GSI",1,University of Wrocław | Centre National de la Recherche Scientifique | Laboratoire de Physique Subatomique et des Technologies Associées | IMT Atlantique | Institut National de Physique Nucléaire et de Physique des Particules,I219388962 I1294671590 I4210109007 I4210127572 I4210133362,yes
"Intensive Care Department, Nantes University Hospital, Nantes, France",1,Centre Hospitalier Universitaire de Nantes,I3019204325,no
"Intensive Care Unit,  University Hospital Nantes, France, , , , , , FR",1,Centre Hospitalier Universitaire de Nantes,I3019204325,no
"Intensive Care Unit, Anesthesia and Critical Care Department, Nantes University Hospital, F-44000 Nantes, France",1,Centre Hospitalier Universitaire de Nantes,I3019204325,no
"Intensive Care Unit, Anesthesia and Critical Care Department, Nantes University Hospital, Nantes, France",1,Centre Hospitalier Universitaire de Nantes,I3019204325,no
"Intensive Care Unit, Anesthesia and Critical Care Department, Nantes University Hospital, Nantes, France; Thérapeutiques Cliniques et Expérimentales des Infections, EA 3826 Nantes, France",1,Centre Hospitalier Universitaire de Nantes,I3019204325,no
"Intensive Care Unit, University Hospital, Nantes, France",1,Centre Hospitalier Universitaire de Nantes,I3019204325,no
Internal Medicine Department Nantes University Hospital  Nantes France,1,Centre Hospitalier Universitaire de Nantes,I3019204325,no
"Internal Medicine Department, Nantes University Hospital , Nantes ,",1,Centre Hospitalier Universitaire de Nantes,I3019204325,no
"Internal Medicine Department, Nantes University Hospital , Nantes,",1,Centre Hospitalier Universitaire de Nantes,I3019204325,no
"Internal Medicine Department, University Hospital Center of Nantes, Nantes, France",1,Centre Hospitalier Universitaire de Nantes,I3019204325,no
"Internal Medicine Department, University Hospital, Nantes, France",1,Centre Hospitalier Universitaire de Nantes,I3019204325,no
"Internal Medicine Unit, Nantes University Hospital, 44093 Nantes, France",1,Centre Hospitalier Universitaire de Nantes,I3019204325,no
"Internal Medicine Unit, Nantes University Hospital, 44093, CHU, Nantes, France",1,Centre Hospitalier Universitaire de Nantes,I3019204325,no
"Internal Medicine Unit, Nantes University HospitalNantes, France",1,Centre Hospitalier Universitaire de Nantes,I3019204325,no
"Internal medicine, Nantes University Hospital, Nantes",1,Centre Hospitalier Universitaire de Nantes,I3019204325,no
"Interventional and Diagnostic Neuroradiology Department (L.D., R.B.), Nantes University Hospital, Nantes, France",1,Centre Hospitalier Universitaire de Nantes,I3019204325,no
"Isotopic Fractionation in Metabolism Group, LAIEM, CNRS UMR6006, Faculté des Sciences et des Techniques, 2 rue de la Houssinière, 44322 Nantes, France",1,Centre National de la Recherche Scientifique,I1294671590,no
"Itun Inserm S1064, Nantes, France",1,Inserm,I154526488,no
"JPL 1Human Nutrition Research Center, CHU Nantes CRI INSERM 95-08, and 2CHU Bordeaux, France",1,Inserm | Centre Hospitalier Universitaire de Bordeaux | Centre Hospitalier Universitaire de Nantes,I154526488 I3018323443 I3019204325,no
"Jean-Philippe Tonneau est docteur en sociologie de l'Université de Nantes, affilié au CENS et post-doctorant à SAGE (Université de Strasbourg). Parmi ses récentes publications : « ""L'avocat militant"" au prisme des traces politique et professionnelle », Encyclo. Revue de l'École doctorale, 7, 2017",1,"Université de Strasbourg | Sociétés, Acteurs, Gouvernement en Europe | Centre Nantais de Sociologie | Université de Nantes",I68947357 I4210091016 I4210153136 I4405260337,yes
"Jeffrey Post,2 Alain Barreau,1 and Mikhail Ostroumov3 1Université de Nantes, Nantes Atlantique Universités, CNRS, Institut des Matériaux Jean Rouxel (I.M.N.), UMR 6502, 2 rue de la Houssinière, B.P. 32229, Nantes, F-44000 France",1,Centre National de la Recherche Scientifique | Institut des Matériaux Jean Rouxel,I1294671590 I4210091049,yes
"Joxean FERNÁNDEZ - Josean.Fernandez@univ-nantes.fr - est maître de conférences d’espagnol à l’Université de Nantes, spécialiste de l’histoire de la Guerre Civile au Pays basque et du cinéma, thèmes sur lesquels porte sa thèse. Il a entre autre publié : « El final de las viejas glorias : entre el fuego y las ascuas » (Nosferatu n° 48 et 49, 2005), « Cinéma et Guerre Civile au Pays Basque : le cas de « La pelota vasca : la piel contra la piedra » (2006), « La memoria cinematográfica de dos nacionalistas vascos durante la Guerra Civil : Esteban Urkiaga y Jesus de Galíndez » (2008). Journaliste spécialisé dans le 7e Art (Festival de San Sebastián), il est également coréalisateur du documentaire « A las puertas de París » sur les émigrées espagnoles à Paris dans les années soixante et animateur du Festival de Cinéma espagnol de Nantes",1,Université de Nantes,I4405260337,yes
"L'Institut de Recherche en Communications et Cybernétique de Nantes, CNRS, Univ. of Nantes (France)",1,Centre National de la Recherche Scientifique | Université de Nantes | Institut de recherche en communications et cybernétique de Nantes,I1294671590 I4405260337 I4405278184,yes
L'Institut du Thorax INSERMCNRSUniversité de Nantes France,1,Institut du Thorax,I4210144168,yes
"L'UNAM University, Nantes, France",1,Université Nantes Angers Le Mans,I234216984,no
"L'UNAM Université IREENA – CRTT – 37 Bd de l'université, BP 406–44602 St-Nazaire cedex France",1,Université Nantes Angers Le Mans | Institut de Recherche en Energie Electrique de Nantes Atlantique,I234216984 I4392021119,yes
"L'UNAM Université, École des Mines de Nantes CNRS, GEPEA  UMR 6144, La Chantrerie, 4 rue Alfred Kastler, B.P. 20722 44307 Nantes Cedex 3 France",1,Université Nantes Angers Le Mans | Centre National de la Recherche Scientifique | Laboratoire de Génie des Procédés – Environnement – Agro-alimentaire | École nationale supérieure des Mines de Nantes,I234216984 I1294671590 I4210148006 I4405265706,yes
"L'UNAM Université, École des Mines de Nantes, CNRS, GEPEA, UMR 6144, La Chantrerie, 4 rue Alfred Kastler, B.P. 20722, 44307 Nantes Cedex 3, France. Electronic address: eric.dumont@mines-nantes.fr",1,Université Nantes Angers Le Mans | Centre National de la Recherche Scientifique | Laboratoire de Génie des Procédés – Environnement – Agro-alimentaire | École nationale supérieure des Mines de Nantes,I234216984 I1294671590 I4210148006 I4405265706,yes
"L'UNAM, LAMP, EA 3825, Faculté des Sciences et Techniques, 2 rue de la Houssinière, BP 92208, Nantes F-44000, France",1,Université Nantes Angers Le Mans,I234216984,no
"L'Université de Nantes Angers Le Mans (L'UNAM Université), and Groupe d'Etude des Interactions Hôte-Pathogène (B.L., P.L., C.G., J.-P.S.-A., J.-P.B., B.D.), Service Commun de l'Animalerie Hospitalo-Universitaire (P.L.), and Plateforme d'Ingénierie et d'Analyses Moléculaires (F.F.), Université d'Angers, Angers, France",1,Université d'Angers | Université Nantes Angers Le Mans | Université de Nantes,I49451733 I234216984 I4405260337,yes
"L'Université de Nantes, Angers, Le Mans, IFSTTAR, MACS, F-44340, Bouguenais, France",1,,,no
L'enseignement des faits religieux » à l'Université de Nantes et à l'Université de Bordeaux (France,1,,,no
"L'institut du Thorax, INSERM, CNRS, Universitéde Nantes, 44007 Nantes, France",1,Inserm | Centre National de la Recherche Scientifique | Institut du Thorax,I154526488 I1294671590 I4210144168,yes
"L.R.I.I. Nantes, 3, rue de Maréchal Joffre, 44041 Nantes Cedex 01, France",1,,,no
"LAMP Faculté des Sciences et des Techniques 2 rue de la Houssinière BP 92208 44322 Nantes Cedex 03, France",1,,,no
"LAN (U.A. CNRS 823), Ecole Centrale de Nantes, Universitéde Nantes, 1 rue de la noë, 44072 Nantes Cedex 03, France",1,École Centrale de Nantes | Centre National de la Recherche Scientifique,I100445878 I1294671590,yes
"LEM, IEMN-IAE de Nantes, Nantes",1,,,no
"LEMNA Research Center , Nantes University , IUT Saint Nazaire , France",1,Laboratoire d'Economie et de Management de Nantes Atlantique,I4390039323,yes
LEMNAUniversité de Nantes et Reims,1,Laboratoire d'Economie et de Management de Nantes Atlantique,I4390039323,yes
"LINA & CNRS FRE 2729, 2, rue de la Houssinière, BP 92208, 44322, Nantes Cedex 03, France",1,Centre National de la Recherche Scientifique | Laboratoire d'informatique de Nantes Atlantique,I1294671590 I4210165258,yes
"LINA (CNRS -UMR 6241) 2 rue de la Houssinière BP 92208 , F-44322 Nantes cedex 3",1,Centre National de la Recherche Scientifique | Laboratoire d'informatique de Nantes Atlantique,I1294671590 I4210165258,yes
"LINA (FRE 2729 CNRS), Polytechnic School of Nantes University, Nantes, France",1,Centre National de la Recherche Scientifique | Laboratoire d'informatique de Nantes Atlantique,I1294671590 I4210165258,yes
"LINA (UMR CNRS 6241) – Nantes University Polytech’Nantes, Rue Christian Pauc, BP 50609, 44306 Nantes Cedex 3, France",1,Centre National de la Recherche Scientifique | Laboratoire d'informatique de Nantes Atlantique,I1294671590 I4210165258,yes
"LINA (UMR CNRS 6241), DUKe Research Team, Ecole Polytechnique de l'Université de Nantes, Nantes 44300, France",1,Centre National de la Recherche Scientifique | Laboratoire d'informatique de Nantes Atlantique,I1294671590 I4210165258,yes
"LINA (UMR CNRS 6241), DUKe Research Team, Ecole Polytechnique de l’Université de Nantes, Nantes 44300, France",1,Centre National de la Recherche Scientifique | Laboratoire d'informatique de Nantes Atlantique,I1294671590 I4210165258,yes
"LINA , 2 rue de la Houssiniere , BP 92208 , 44322 Nantes Cedex 03 , France",1,Laboratoire d'informatique de Nantes Atlantique,I4210165258,yes
"LINA - PolytechNantes, France, mouaddib@univ-nantes.fr",1,Laboratoire d'informatique de Nantes Atlantique,I4210165258,yes
"LINA 2 rue de la Houssinière, BP92208, 44322 Nantes Cedex 03 France",1,Laboratoire d'informatique de Nantes Atlantique,I4210165258,yes
"LINA 2, rue de la Houssinière BP 92 208 44322 Nantes Cedex 3 , France",1,Laboratoire d'informatique de Nantes Atlantique,I4210165258,yes
"LINA 2, rue de la Houssinière bp 92208 44322 Nantes Cedex 3 France",1,Laboratoire d'informatique de Nantes Atlantique,I4210165258,yes
"LINA CNRS 2729 – Polytechnic School of Nantes University, La Chantrerie, BP 50609, 44306 cedex 3, Nantes, France",1,Centre National de la Recherche Scientifique,I1294671590,no
"LINA CNRS 2729, Polytechnic School of Nantes University, Nantes, France#TAB#",1,Centre National de la Recherche Scientifique,I1294671590,no
"LINA CNRS 6241 - COD Team - Polytech'Nantes, Site Ecole Polytechnique de l'université de Nantes, Rue Christian Pauc, 44306, Nantes, France",1,Centre National de la Recherche Scientifique | Laboratoire d'informatique de Nantes Atlantique,I1294671590 I4210165258,yes
"LINA CNRS 6241 - COD Team - Polytech’Nantes, Site Ecole Polytechnique de l’université de Nantes, Rue Christian Pauc, 44306, Nantes, France",1,Centre National de la Recherche Scientifique | Laboratoire d'informatique de Nantes Atlantique,I1294671590 I4210165258,yes
"LINA CNRS FRE 2729, Site Ecole Polytechnique de l'Université de Nantes, rue Christian Pauc, 44306 Nantes, France",1,Centre National de la Recherche Scientifique,I1294671590,no
"LINA CNRS FRE 2729, Site École Polytechnique de l’Université de Nantes, Rue Christian Pauc, 44306 Nantes, France",1,Centre National de la Recherche Scientifique,I1294671590,no
"LINA CNRS FRE 2729, Site école polytechnique de l'université de Nantes, Rue Christian Pauc, 44306 Nantes, France",1,Centre National de la Recherche Scientifique,I1294671590,no
"LINA CNRS FRE 2729, Site école polytechnique de l’Université de Nantes, Rue Christian Pauc, 44306 Nantes, France",1,Centre National de la Recherche Scientifique | Laboratoire d'informatique de Nantes Atlantique,I1294671590 I4210165258,yes
"LINA CNRS FRE 2729, Site école polytechnique de l’université de Nantes, Rue Christian Pauc, 44306, Nantes, France",1,Centre National de la Recherche Scientifique,I1294671590,no
"LINA Ecole polytechnique de l’Université de Nantes, rue Christian Pauc, BP 50609, F-44306, Nantes Cedex 3",1,,,no
"LINA Laboratory, 2 rue de la Houssinière BP 92208, 44322 Nantes Cedex 3, France",1,Laboratoire d'informatique de Nantes Atlantique,I4210165258,yes
"LINA, Faculté des Sciences et des Techniques, 2, rue de la Houssiniére, F-44322 Nantes Cedex 03, France",1,Laboratoire d'informatique de Nantes Atlantique,I4210165258,yes
"LINA, UMR CNRS 6241, Ecole Polytechnique de l'Université de Nantes, BP 50609, Nantes, France",1,Centre National de la Recherche Scientifique,I1294671590,no
"LINA-CNRS, 2 chemin de la Houssinière, BP 92208, 44322, Nantes Cedex 3, France",1,Centre National de la Recherche Scientifique | Laboratoire d'informatique de Nantes Atlantique,I1294671590 I4210165258,yes
LIOADUniversité de Nantes Inserm UMR791 BP84215 Nantes France,1,Inserm | Le Laboratoire d'Ingénierie Ostéo-Articulaire et Dentaire,I154526488 I4210150746,yes
LITIORAL SERVICE IFREMER Centre de Nantes B. P. 1049 STA TIONILABORA TOIRE : DEL / NANTES 44037 NANTES CEDEX,1,Ifremer,I154202486,no
LLING UMR 6310 Nantes University/CNRS,1,Centre National de la Recherche Scientifique | Laboratoire de Linguistique de Nantes,I1294671590 I4387152679,yes
"LMJL - UMR6629, Nantes University, CNRS",1,Centre National de la Recherche Scientifique | Laboratoire de Mathématiques Jean Leray,I1294671590 I4210153365,yes
"LMJL, CNRS, Nantes Univ",1,Centre National de la Recherche Scientifique | Laboratoire de Mathématiques Jean Leray,I1294671590 I4210153365,yes
"LPCM, IMN-CNRS-Nantes University, Nantes, France",1,Centre National de la Recherche Scientifique | Institut des Matériaux Jean Rouxel,I1294671590 I4210091049,yes
"LPG (Lab. Planétologie et de Géosciences), UMR 6112 CNRS, Nantes University, 2 rue de la Houssinière, BP 92208, 44322, Nantes Cedex 3, France",1,Centre National de la Recherche Scientifique | Laboratoire de Planétologie et Géosciences,I1294671590 I4210146808,yes
"LPG (Lab. Planétologie et de Géosciences), UMR 6112 CNRS, Nantes University, Nantes Cedex 3, France",1,Centre National de la Recherche Scientifique | Laboratoire de Planétologie et Géosciences,I1294671590 I4210146808,yes
"LPG (Laboratoire Planétologie et Géosciences), University of Angers, Angers, France",1,Université d'Angers,I49451733,no
"LPG (Planetology and Geosciences Laboratory), University of Angers, 2 Boulevard Lavoisier, CEDEX 01, 49045 Angers, France",1,Université d'Angers,I49451733,no
"LPG , CNRS , Univ Nantes , FR ,",1,Centre National de la Recherche Scientifique | Laboratoire de Planétologie et Géosciences,I1294671590 I4210146808,yes
"LPG - Le Mans, UFR Sciences et Techniques, Université du Maine, Le Mans, France",1,Le Mans Université,I4210108471,no
LPG - Nantes,1,Laboratoire de Planétologie et Géosciences,I4210146808,yes
"LPG - Universit&#x00E9; de Nantes, Universit&#x00E9; d&#x0027;Angers, CNRS, Nantes Cedex 3, France",1,Centre National de la Recherche Scientifique | Laboratoire de Planétologie et Géosciences,I1294671590 I4210146808,yes
LPG CNRS UMR 6112 Nantes University Nantes France,1,Centre National de la Recherche Scientifique | Laboratoire de Planétologie et Géosciences,I1294671590 I4210146808,yes
"LPG Nantes, Nantes, France",1,Laboratoire de Planétologie et Géosciences,I4210146808,yes
"LPG Nantes, UMR CNRS 6112, Univ. Nantes  Nantes France",1,Centre National de la Recherche Scientifique | Laboratoire de Planétologie et Géosciences,I1294671590 I4210146808,yes
"LPG Nantes, UMR6112 CNRS, 44322 Université Nantes, France",1,Centre National de la Recherche Scientifique | Laboratoire de Planétologie et Géosciences,I1294671590 I4210146808,yes
"LPG Nantes, Univ. de Nantes, Nantes, France",1,Laboratoire de Planétologie et Géosciences,I4210146808,yes
"LPG Nantes, Univeristy of Nantes, CNRS UMR-6112, France",1,Centre National de la Recherche Scientifique | Laboratoire de Planétologie et Géosciences,I1294671590 I4210146808,yes
"LPG UMR 6112, Le Mans University, 72085, Geosciences Le MansLe Mans, France",1,Le Mans Université | Laboratoire de Planétologie et Géosciences,I4210108471 I4210146808,yes
"LPG UMR CNRS 6112, University of Angers, UFR Sciences, Angers, France",1,Université d'Angers | Centre National de la Recherche Scientifique | Laboratoire de Planétologie et Géosciences,I49451733 I1294671590 I4210146808,yes
"LPG UMR-CNRS 6112, UNIV Nantes, 2 rue de la Houssinière - BP 92208, 44322, Nantes Cedex 03, France",1,Centre National de la Recherche Scientifique | Laboratoire de Planétologie et Géosciences,I1294671590 I4210146808,yes
"LPG – Le Mans, UFR Sciences Et Techniques, Université du Maine, 72089, Le Mans Cedex 9, France",1,Le Mans Université,I4210108471,no
"LPG&#x2014;Universit&#x00E9; de Nantes, Universit&#x00E9; d&#x0027;Angers, CNRS UMR 6112, Nantes, France",1,Centre National de la Recherche Scientifique | Laboratoire de Planétologie et Géosciences,I1294671590 I4210146808,yes
"LPG, CNRS UMR 6112",1,Centre National de la Recherche Scientifique | Laboratoire de Planétologie et Géosciences,I1294671590 I4210146808,yes
"LPG, CNRS, UMR 6112, Nantes University, Nantes, France",1,Centre National de la Recherche Scientifique | Laboratoire de Planétologie et Géosciences,I1294671590 I4210146808,yes
"LPG, CNRS-Univ. Nantes, France",1,Centre National de la Recherche Scientifique | Laboratoire de Planétologie et Géosciences,I1294671590 I4210146808,yes
"LPG, Univ. Nantes UMR-CNRS 6112, 2 rue de la Houssinière, 44322 Nantes, France",1,Centre National de la Recherche Scientifique | Laboratoire de Planétologie et Géosciences,I1294671590 I4210146808,yes
"LPG, Univ. Nantes, F-44322 Nantes Cedex 3, France",1,Laboratoire de Planétologie et Géosciences,I4210146808,yes
"LPG-BIAF UMR 6112, Univerité d'Angers, CNRS, UFR Sciences, 2 bd Lavoisier 49045, Angers Cedex 01, France",1,Université d'Angers | Centre National de la Recherche Scientifique | Laboratoire de Planétologie et Géosciences,I49451733 I1294671590 I4210146808,yes
"LPG-BIAF UMR-CNRS 6112, UNIV Angers, CNRS, 2 bd Lavoisier, 49045 Angers Cedex 01, France",1,Université d'Angers | Centre National de la Recherche Scientifique | Laboratoire de Planétologie et Géosciences,I49451733 I1294671590 I4210146808,yes
"LPG-BIAF UMR-CNRS 6112, UNIV Angers, UNIV Nantes, CNRS, Angers, France",1,Université d'Angers | Centre National de la Recherche Scientifique | Laboratoire de Planétologie et Géosciences,I49451733 I1294671590 I4210146808,yes
"LPG-BIAF UMR-CNRS 6112, UNIV Angers, UNIV Nantes, CNRS, UFR Sciences, 2 bd Lavoisier 49045, Angers Cedex 01, France",1,Centre National de la Recherche Scientifique | Laboratoire de Planétologie et Géosciences,I1294671590 I4210146808,yes
"LPG-BIAF UMR-CNRS 6112, Univ Angers, Univ Nantes, CNRS, UFR Sciences, 2 Bd Lavoisier, F-49045, Angers, France",1,Université d'Angers | Centre National de la Recherche Scientifique | Laboratoire de Planétologie et Géosciences,I49451733 I1294671590 I4210146808,yes
"LPG-BIAF, Bio-Indicateurs Actuels et Fossiles, UMR CNRS 6112, Université d'Angers, 2 Boulevard Lavoisier, 49045 Angers Cedex, France",1,Université d'Angers | Centre National de la Recherche Scientifique | Laboratoire de Planétologie et Géosciences,I49451733 I1294671590 I4210146808,yes
"LPG-BIAF, UMR 6112 CNRS, Université d’Angers, Angers, France",1,Université d'Angers | Centre National de la Recherche Scientifique,I49451733 I1294671590,no
"LPG-BIAF, UMR 6112 CNRS-Université d’Angers, 49045, Angers, Cedex, France",1,Université d'Angers | Centre National de la Recherche Scientifique | Laboratoire de Planétologie et Géosciences,I49451733 I1294671590 I4210146808,yes
"LPG-BIAF, UMR-CNRS 6112; University of Angers, France",1,Université d'Angers | Centre National de la Recherche Scientifique | Laboratoire de Planétologie et Géosciences,I49451733 I1294671590 I4210146808,yes
LPG-CNRS-Univ Nantes,1,Centre National de la Recherche Scientifique | Laboratoire de Planétologie et Géosciences,I1294671590 I4210146808,yes
"LPG-NANTES, UMR 6112 CNRS, 44322, Nantes, France. thierry.lebeau@univ-nantes.fr",1,Centre National de la Recherche Scientifique | Laboratoire de Planétologie et Géosciences,I1294671590 I4210146808,yes
"LPG-Nantes, CNRS/Université Nantes, 44322 Nantes, France",1,Centre National de la Recherche Scientifique | Laboratoire de Planétologie et Géosciences,I1294671590 I4210146808,yes
LPGN CNRS UMR6112 Université Nantes  Nantes France,1,Centre National de la Recherche Scientifique | Laboratoire de Planétologie et Géosciences,I1294671590 I4210146808,yes
LPGN Laboratoire de Planétologie et Géodynamique de Nantes  Nantes France,1,Laboratoire de Planétologie et Géosciences,I4210146808,yes
LPGN Laboratoire de Plan�tologie et G�odynamique de Nantes,1,Laboratoire de Planétologie et Géosciences,I4210146808,yes
"LPGN, CNRS, UMR6112 Université Nantes  Nantes France",1,Centre National de la Recherche Scientifique | Laboratoire de Planétologie et Géosciences,I1294671590 I4210146808,yes
"LPGN, CNRS, UMR6112 Université Nantes Nantes France",1,Centre National de la Recherche Scientifique | Laboratoire de Planétologie et Géosciences,I1294671590 I4210146808,yes
"LPGN, CNRS, UMR6112, Université Nantes, 44322 Nantes, France",1,Centre National de la Recherche Scientifique | Laboratoire de Planétologie et Géosciences,I1294671590 I4210146808,yes
"LPGN, CNRS-Univ-Nantes, Nantes, France",1,Centre National de la Recherche Scientifique | Laboratoire de Planétologie et Géosciences,I1294671590 I4210146808,yes
LPG‐BIAF UMR‐CNRS 6112 Université d'Angers UFR Sciences  Angers Cedex France,1,Université d'Angers | Centre National de la Recherche Scientifique | Laboratoire de Planétologie et Géosciences,I49451733 I1294671590 I4210146808,yes
"LPG‐BIAF, UMR‐CNRS 6112, University of Angers  Angers France",1,Université d'Angers | Centre National de la Recherche Scientifique | Laboratoire de Planétologie et Géosciences,I49451733 I1294671590 I4210146808,yes
"LPPL SFR Confluence, University of Angers, 2 Bd. Lavoisier, Angers, France, --- Select a Country ---",1,Université d'Angers | Laboratoire de Psychologie des Pays de la Loire,I49451733 I4210089331,yes
"LPPL SFR Confluence, University of Angers,Angers,France",1,Université d'Angers,I49451733,no
"LPPL, EA 4638, UNIV Angers, Angers, France",1,Université d'Angers,I49451733,no
"LPPL, EA 4638, University Angers, 49100, France",1,Université d'Angers,I49451733,no
"LPPL, EA 4638, University Angers, Angers",1,Université d'Angers,I49451733,no
"LPPL, SFR CONFLUENCES. UFR LLSH, 11bd Lavoisier, F-49000 Angers, France,",1,,,no
"LPPL, SFR Confluences, F-49000, Angers, France",1,,,no
"LPPL, UPRES EA 4638, Laboratoire de Psychologie des Pays-de-la-Loire, Chemin de la Censive-du-Tertre, BP 81227, 44312 Nantes Cedex 3, France",1,Laboratoire de Psychologie des Pays de la Loire,I4210089331,yes
"LPPL, UPRES EA 4638, Université d’Angers , Angers Cedex 01, France",1,Université d'Angers,I49451733,no
"LPPL, UR 4638, F-44000 Nantes, France",1,Laboratoire de Psychologie des Pays de la Loire,I4210089331,yes
"LPRO, Inserm U957, 1, rue Gaston Veil, F-44035 Nantes, France. sandrine.lavenus@univ-nantes.fr",1,Inserm,I154526488,no
"LS2N & Centrale Nantes, France",1,École Centrale de Nantes | Laboratoire des Sciences du Numérique de Nantes,I100445878 I4210117005,yes
LS2N (Laboratoire des Sciences du Numérique de Nantes),1,Laboratoire des Sciences du Numérique de Nantes,I4210117005,yes
"LS2N (Laboratoire des Sciences du Numérique de Nantes), 44300 Nantes, France",1,Laboratoire des Sciences du Numérique de Nantes,I4210117005,yes
LS2N (Laboratoire des sciences du numérique de Nantes) Ecole Centrale Nantes Nantes Cedex 3 France,1,École Centrale de Nantes | Laboratoire des Sciences du Numérique de Nantes,I100445878 I4210117005,yes
"LS2N (UMR 6004), IMT-Atlantique, 4 rue Alfred Kastler,Nantes,France,44307",1,Laboratoire des Sciences du Numérique de Nantes | IMT Atlantique,I4210117005 I4210127572,yes
"LS2N (UMR 6004), IMT-Atlantique,Nantes,France,44307",1,Laboratoire des Sciences du Numérique de Nantes | IMT Atlantique,I4210117005 I4210127572,yes
"LS2N (UMR CNRS 6004), &#x00C9;cole Centrale de Nantes,France",1,École Centrale de Nantes | Centre National de la Recherche Scientifique | Laboratoire des Sciences du Numérique de Nantes,I100445878 I1294671590 I4210117005,yes
LS2N - Ecole Centrale de Nantes,1,École Centrale de Nantes | Laboratoire des Sciences du Numérique de Nantes,I100445878 I4210117005,yes
"LS2N - Nantes University, CNRS UMR CNRS 6004, 44322, Nantes Cedex, France",1,Centre National de la Recherche Scientifique | Laboratoire des Sciences du Numérique de Nantes,I1294671590 I4210117005,yes
"LS2N - UMR6004, 3iL Ingénieurs, Limoges, France",1,Institut d'ingénierie informatique de Limoges,I4405258539,no
"LS2N - UMR6004, IMT Atlantique, Nantes, France",1,Laboratoire des Sciences du Numérique de Nantes | IMT Atlantique,I4210117005 I4210127572,yes
LS2N - équipe SIMS,1,Laboratoire des Sciences du Numérique de Nantes,I4210117005,yes
"LS2N - équipe SIMS, CRCI2NA / Eq 2",1,Centre de Recherche en Cancérologie et Immunologie Intégrée Nantes Angers | Laboratoire des Sciences du Numérique de Nantes,I4210092509 I4210117005,yes
"LS2N -Laboratory of digital sciences of Nantes, UMR CNRS 6004, BP 92208, Nantes",1,Centre National de la Recherche Scientifique | Laboratoire des Sciences du Numérique de Nantes,I1294671590 I4210117005,yes
"LS2N -Laboratory of digital sciences of Nantes, UMR CNRS 6004, BP 92208,Nantes,44322",1,Centre National de la Recherche Scientifique | Laboratoire des Sciences du Numérique de Nantes,I1294671590 I4210117005,yes
"LS2N CNRS UMR no 6004, Centrale Nantes, 1 rue de la Noë, CEDEX 3, 44321 Nantes, France",1,École Centrale de Nantes | Centre National de la Recherche Scientifique | Laboratoire des Sciences du Numérique de Nantes,I100445878 I1294671590 I4210117005,yes
"LS2N Ecole Centrale Nantes, Nantes, France",1,École Centrale de Nantes | Laboratoire des Sciences du Numérique de Nantes,I100445878 I4210117005,yes
"LS2N Lab, CNRS, ECN, Nantes, France",1,École Centrale de Nantes | Centre National de la Recherche Scientifique | Laboratoire des Sciences du Numérique de Nantes,I100445878 I1294671590 I4210117005,yes
"LS2N Laboratory, Inria, IMT Atlantique, Nantes, France",1,Laboratoire des Sciences du Numérique de Nantes | IMT Atlantique,I4210117005 I4210127572,yes
"LS2N UFR Sciences et Techniques , 2 rue de la Houssinière , BP 92208 44322 Nantes Cedex 3 France",1,Laboratoire des Sciences du Numérique de Nantes,I4210117005,yes
"LS2N UMR 6004, 1 rue de la Noë, BP 92101, 44321, Nantes, France",1,Laboratoire des Sciences du Numérique de Nantes,I4210117005,yes
"LS2N UMR 6004, Ecole Centrale de Nantes",1,École Centrale de Nantes | Laboratoire des Sciences du Numérique de Nantes,I100445878 I4210117005,yes
"LS2N UMR 6004, Ecole Centrale de Nantes Nantes, France",1,École Centrale de Nantes | Laboratoire des Sciences du Numérique de Nantes,I100445878 I4210117005,yes
LS2N UMR CNRS 6004  Nantes France,1,Centre National de la Recherche Scientifique | Laboratoire des Sciences du Numérique de Nantes,I1294671590 I4210117005,yes
"LS2N UMR CNRS 6004 (Laboratoire des Sciences du Numérique de Nantes), Institut Mines-Télécom Atlantique, Nantes, France",1,Centre National de la Recherche Scientifique | Laboratoire des Sciences du Numérique de Nantes,I1294671590 I4210117005,yes
"LS2N UMR CNRS 6004, Ecole Centrale de Nantes (France)",1,École Centrale de Nantes | Centre National de la Recherche Scientifique | Laboratoire des Sciences du Numérique de Nantes,I100445878 I1294671590 I4210117005,yes
"LS2N UMR CNRS 6004, Ecole Centrale de Nantes, France",1,École Centrale de Nantes | Centre National de la Recherche Scientifique | Laboratoire des Sciences du Numérique de Nantes,I100445878 I1294671590 I4210117005,yes
"LS2N UMR CNRS 6004, Ecole Centrale de Nantes;  Quartz EA 7393, ENSEA (France)",1,École Centrale de Nantes | Centre National de la Recherche Scientifique | Laboratoire des Sciences du Numérique de Nantes | Laboratoire Quartz,I100445878 I1294671590 I4210117005 I4387153943,yes
"LS2N UMR CNRS 6004, Ecole Centrale de Nantes; LCCPS, ENSAM Université Hassan II de Casablanca (Morocco)",1,University of Hassan II Casablanca | École Centrale de Nantes | Centre National de la Recherche Scientifique | Laboratoire des Sciences du Numérique de Nantes,I99297268 I100445878 I1294671590 I4210117005,yes
"LS2N UMR CNRS 6004, IMT Atlantique, Nantes, 44300, France",1,Centre National de la Recherche Scientifique | Laboratoire des Sciences du Numérique de Nantes | IMT Atlantique,I1294671590 I4210117005 I4210127572,yes
"LS2N UMR CNRS 6004, IMT Atlantique, Nantes, France",1,Centre National de la Recherche Scientifique | Laboratoire des Sciences du Numérique de Nantes | IMT Atlantique,I1294671590 I4210117005 I4210127572,yes
"LS2N UMR CNRS 6004, NU-ECN, Nantes, France",1,École Centrale de Nantes | Centre National de la Recherche Scientifique | Laboratoire des Sciences du Numérique de Nantes,I100445878 I1294671590 I4210117005,yes
"LS2N UMR6004 CNRS Univ. of Nantes, Nantes, Loire-Atlantique, France",1,Centre National de la Recherche Scientifique | Laboratoire des Sciences du Numérique de Nantes,I1294671590 I4210117005,yes
LS2N Univ. Nantes,1,Laboratoire des Sciences du Numérique de Nantes,I4210117005,yes
"LS2N Universit&#x00E9; de Nantes-Ecole Centrale de Nantes,Nantes,France",1,École Centrale de Nantes | Laboratoire des Sciences du Numérique de Nantes,I100445878 I4210117005,yes
LS2N and CNRS,1,Centre National de la Recherche Scientifique | Laboratoire des Sciences du Numérique de Nantes,I1294671590 I4210117005,yes
LS2N and ECN,1,École Centrale de Nantes | Laboratoire des Sciences du Numérique de Nantes,I100445878 I4210117005,yes
"LS2N at Institut Catholique d'Arts et Métiers, France",1,Institut Catholique d'Arts et Métiers | Laboratoire des Sciences du Numérique de Nantes | Institut Catholique d'Arts et Métiers,I3131982239 I4210117005 I4210150621,yes
"LS2N at Institut Catholique d’Arts et Métiers, France",1,Institut Catholique d'Arts et Métiers | Laboratoire des Sciences du Numérique de Nantes | Institut Catholique d'Arts et Métiers,I3131982239 I4210117005 I4210150621,yes
"LS2N at the Centre National de la Recherche Scientifique (CNRS), Nantes, France",1,Centre National de la Recherche Scientifique | Laboratoire des Sciences du Numérique de Nantes,I1294671590 I4210117005,yes
"LS2N at the Centre National de la Recherche Scientifique, Nantes, France",1,Centre National de la Recherche Scientifique | Laboratoire des Sciences du Numérique de Nantes,I1294671590 I4210117005,yes
"LS2N laboratory at Ecole Centrale Nantes, UMR CNRS, 6004, Nantes, France",1,École Centrale de Nantes | Centre National de la Recherche Scientifique | Laboratoire des Sciences du Numérique de Nantes,I100445878 I1294671590 I4210117005,yes
"LS2N, 1 rue de la Noë, Nantes, France",1,Laboratoire des Sciences du Numérique de Nantes,I4210117005,yes
"LS2N, CNRS UMR 600, F321 Nantes Cedex 3, France",1,Centre National de la Recherche Scientifique | Laboratoire des Sciences du Numérique de Nantes,I1294671590 I4210117005,yes
"LS2N, CNRS, Centrale Nantes",1,École Centrale de Nantes | Centre National de la Recherche Scientifique | Laboratoire des Sciences du Numérique de Nantes,I100445878 I1294671590 I4210117005,yes
"LS2N, CNRS, Centrale Nantes, France",1,École Centrale de Nantes | Centre National de la Recherche Scientifique | Laboratoire des Sciences du Numérique de Nantes,I100445878 I1294671590 I4210117005,yes
"LS2N, CNRS, UMR 6004, Ecole Centrale de Nantes, France",1,École Centrale de Nantes | Centre National de la Recherche Scientifique | Laboratoire des Sciences du Numérique de Nantes,I100445878 I1294671590 I4210117005,yes
"LS2N, CNRS,LS2N,Nantes,France",1,Centre National de la Recherche Scientifique | Laboratoire des Sciences du Numérique de Nantes,I1294671590 I4210117005,yes
"LS2N, CNRS,Nantes,France",1,Centre National de la Recherche Scientifique | Laboratoire des Sciences du Numérique de Nantes,I1294671590 I4210117005,yes
"LS2N, CNRS,Nantes,France,F-44321",1,Centre National de la Recherche Scientifique | Laboratoire des Sciences du Numérique de Nantes,I1294671590 I4210117005,yes
"LS2N, Centrale Nantes, 1 Rue de la Noë, 44300 Nantes, France",1,École Centrale de Nantes | Laboratoire des Sciences du Numérique de Nantes,I100445878 I4210117005,yes
"LS2N, Centre National de la Recherche Sci-entifique (CNRS),Nantes,France,44322",1,Centre National de la Recherche Scientifique | Laboratoire des Sciences du Numérique de Nantes,I1294671590 I4210117005,yes
"LS2N, Ecole Centrale de Nantes (ECN),Nantes,France",1,École Centrale de Nantes | Laboratoire des Sciences du Numérique de Nantes,I100445878 I4210117005,yes
"LS2N, Ecole Centrale de Nantes (ECN),Nantes,France,44300",1,École Centrale de Nantes | Laboratoire des Sciences du Numérique de Nantes,I100445878 I4210117005,yes
"LS2N, Ecole Centrale de Nantes, UMR CNRS 6004, 44321 Nantes, France",1,École Centrale de Nantes | Centre National de la Recherche Scientifique | Laboratoire des Sciences du Numérique de Nantes,I100445878 I1294671590 I4210117005,yes
"LS2N, Ecole Polytechnique de l'Université de Nantes, 44300, Nantes, France",1,Laboratoire des Sciences du Numérique de Nantes,I4210117005,yes
"LS2N, GALLINETTE",1,GALLINETTE: Gallinette : vers une nouvelle génération d'assistant à la preuve,I4405258968,yes
"LS2N, ICAM Nantes, France",1,Laboratoire des Sciences du Numérique de Nantes,I4210117005,yes
"LS2N, ICAM, IMT Atlantique, Nantes, France",1,Laboratoire des Sciences du Numérique de Nantes | IMT Atlantique,I4210117005 I4210127572,yes
"LS2N, ICAM, LORIA Nantes, France",1,Laboratoire des Sciences du Numérique de Nantes,I4210117005,yes
"LS2N, IMT Atlantique, France and Lab-STICC, France",1,Laboratoire des Sciences du Numérique de Nantes | IMT Atlantique,I4210117005 I4210127572,yes
"LS2N, LS2N - équipe OGRE",1,Laboratoire des Sciences du Numérique de Nantes,I4210117005,yes
"LS2N, Laboratoire des Sciences du Numérique de Nantes, Centrale Nantes and CNRS, Nantes, France",1,École Centrale de Nantes | Centre National de la Recherche Scientifique | Laboratoire des Sciences du Numérique de Nantes,I100445878 I1294671590 I4210117005,yes
"LS2N, Laboratoire des Sciences du Numérique de Nantes, Centrale Nantes and CNRS,Nantes,France,44321",1,École Centrale de Nantes | Centre National de la Recherche Scientifique | Laboratoire des Sciences du Numérique de Nantes,I100445878 I1294671590 I4210117005,yes
"LS2N, Laboratoire des Sciences du Numérique de Nantes, UMR 6004, Nantes, France",1,Laboratoire des Sciences du Numérique de Nantes,I4210117005,yes
"LS2N, Laboratoire des Sciences du Numérique de Nantes, École Centrale de Nantes, Nantes, France",1,École Centrale de Nantes | Laboratoire des Sciences du Numérique de Nantes,I100445878 I4210117005,yes
"LS2N, UMR 6004 CNRS, École Centrale de Nantes 5 , 1 rue de la Noë, 44300 Nantes, France",1,École Centrale de Nantes | Centre National de la Recherche Scientifique | Laboratoire des Sciences du Numérique de Nantes,I100445878 I1294671590 I4210117005,yes
"LS2N, UMR 6004 CNRS, École Centrale de Nantes 7 , 1 rue de la Noë, 44300 Nantes, France",1,École Centrale de Nantes | Centre National de la Recherche Scientifique | Laboratoire des Sciences du Numérique de Nantes,I100445878 I1294671590 I4210117005,yes
"LS2N, UMR 6004 CNRS, École Centrale de Nantes, 44321 Nantes, France",1,École Centrale de Nantes | Centre National de la Recherche Scientifique | Laboratoire des Sciences du Numérique de Nantes,I100445878 I1294671590 I4210117005,yes
"LS2N, UMR 6004 CNRS, École Centrale de Nantes, Nantes, France",1,École Centrale de Nantes | Centre National de la Recherche Scientifique | Laboratoire des Sciences du Numérique de Nantes,I100445878 I1294671590 I4210117005,yes
"LS2N, UMR 6004 Ecole Centrale de Nantes,Nantes,France,44321",1,École Centrale de Nantes | Laboratoire des Sciences du Numérique de Nantes,I100445878 I4210117005,yes
"LS2N, UMR 6004, CNRS, Ecole Centrale de Nantes, Nantes, France",1,École Centrale de Nantes | Centre National de la Recherche Scientifique | Laboratoire des Sciences du Numérique de Nantes,I100445878 I1294671590 I4210117005,yes
"LS2N, UMR 6004, Centrale Nantes, Nantes, France",1,École Centrale de Nantes | Laboratoire des Sciences du Numérique de Nantes,I100445878 I4210117005,yes
"LS2N, UMR 6004, IMT Atlantique, France",1,Laboratoire des Sciences du Numérique de Nantes | IMT Atlantique,I4210117005 I4210127572,yes
"LS2N, UMR 6004, IMT Atlantique, France and Lab-STICC, UMR CNRS 6285, IMT Atlantique, France",1,Centre National de la Recherche Scientifique | Laboratoire des Sciences du Numérique de Nantes | Laboratoire des Sciences et Techniques de l’Information de la Communication et de la Connaissance | IMT Atlantique,I1294671590 I4210117005 I4210123702 I4210127572,yes
"LS2N, UMR CNRS",1,Centre National de la Recherche Scientifique | Laboratoire des Sciences du Numérique de Nantes,I1294671590 I4210117005,yes
"LS2N, UMR CNRS 6004",1,Centre National de la Recherche Scientifique | Laboratoire des Sciences du Numérique de Nantes,I1294671590 I4210117005,yes
"LS2N, UMR CNRS 6004, 1 rue de la Noë, 44300, Nantes, France",1,Centre National de la Recherche Scientifique | Laboratoire des Sciences du Numérique de Nantes,I1294671590 I4210117005,yes
"LS2N, UMR CNRS 6004, 44321 Nantes, France",1,Centre National de la Recherche Scientifique | Laboratoire des Sciences du Numérique de Nantes,I1294671590 I4210117005,yes
"LS2N, UMR CNRS 6004, Ecole Centrale de Nantes, F-44321 Nantes, France",1,École Centrale de Nantes | Centre National de la Recherche Scientifique | Laboratoire des Sciences du Numérique de Nantes,I100445878 I1294671590 I4210117005,yes
"LS2N, UMR CNRS 6004, Ecole Centrale de Nantes, France",1,École Centrale de Nantes | Centre National de la Recherche Scientifique | Laboratoire des Sciences du Numérique de Nantes,I100445878 I1294671590 I4210117005,yes
"LS2N, UMR CNRS 6004, IMT Atlantique, Nantes, France",1,Centre National de la Recherche Scientifique | Laboratoire des Sciences du Numérique de Nantes | IMT Atlantique,I1294671590 I4210117005 I4210127572,yes
"LS2N, UMR CNRS 6004, IMT Atlantique, Nantes, France and Lab-STICC, UMR CNRS 6285, IMT Atlantique, Brest, France",1,Centre National de la Recherche Scientifique | Laboratoire des Sciences du Numérique de Nantes | Laboratoire des Sciences et Techniques de l’Information de la Communication et de la Connaissance | IMT Atlantique,I1294671590 I4210117005 I4210123702 I4210127572,yes
"LS2N, UMR CNRS, Ecole Centrale de Nantes, Nantes, France",1,École Centrale de Nantes | Centre National de la Recherche Scientifique | Laboratoire des Sciences du Numérique de Nantes,I100445878 I1294671590 I4210117005,yes
"LS2N, Université de Rennes 2, France",1,Université Rennes 2,I3124938446,no
"LS2N, École Centrale Nantes, CNRS, Nantes, France",1,École Centrale de Nantes | Centre National de la Recherche Scientifique | Laboratoire des Sciences du Numérique de Nantes,I100445878 I1294671590 I4210117005,yes
"LS2N, École Centrale de Nantes & CNRS UMR 6004, Nantes, France",1,École Centrale de Nantes | Centre National de la Recherche Scientifique | Laboratoire des Sciences du Numérique de Nantes,I100445878 I1294671590 I4210117005,yes
"LS2N, École Centrale de Nantes – CNRS, Nantes, France",1,École Centrale de Nantes | Centre National de la Recherche Scientifique | Laboratoire des Sciences du Numérique de Nantes,I100445878 I1294671590 I4210117005,yes
"LS2N, École Centrale de Nantes, CNRS UMR 6004, 44000, Nantes, France",1,École Centrale de Nantes | Centre National de la Recherche Scientifique | Laboratoire des Sciences du Numérique de Nantes,I100445878 I1294671590 I4210117005,yes
"LS2N-CNRS Lab, IMT Atlantique, Nantes, France",1,Centre National de la Recherche Scientifique | Laboratoire des Sciences du Numérique de Nantes | IMT Atlantique,I1294671590 I4210117005 I4210127572,yes
"LS2N-CNRS, Ecole central de Nantes, Nantes, France",1,École Centrale de Nantes | Centre National de la Recherche Scientifique | Laboratoire des Sciences du Numérique de Nantes,I100445878 I1294671590 I4210117005,yes
"LS2N-CNRS, La Chantrerie,IMT Atlantique,Nantes,France,44307",1,Centre National de la Recherche Scientifique | Laboratoire des Sciences du Numérique de Nantes | IMT Atlantique,I1294671590 I4210117005 I4210127572,yes
"LS2N-CNRS,IMT Atlantique,Nantes cedex 3,France,F-44307",1,Centre National de la Recherche Scientifique | Laboratoire des Sciences du Numérique de Nantes | IMT Atlantique,I1294671590 I4210117005 I4210127572,yes
"LS2N-CNRS,IMT Atlantique,Nantes,France,44307",1,Centre National de la Recherche Scientifique | Laboratoire des Sciences du Numérique de Nantes | IMT Atlantique,I1294671590 I4210117005 I4210127572,yes
LS2N-ECN UMR 6004,1,Laboratoire des Sciences du Numérique de Nantes,I4210117005,yes
"LS2N-ECN UMR 6004, 1 Rue de la Noë, BP 92101, F-44321 Nantes, France",1,École Centrale de Nantes | Laboratoire des Sciences du Numérique de Nantes,I100445878 I4210117005,yes
"LS2N-ECN UMR 6004, 1 rue de la Noë, 44321, Nantes, France",1,École Centrale de Nantes | Laboratoire des Sciences du Numérique de Nantes,I100445878 I4210117005,yes
"LS2N-ECN UMR 6004, 1 rue de la Noë, BP 92101, F-44321 Nantes, France",1,École Centrale de Nantes | Laboratoire des Sciences du Numérique de Nantes,I100445878 I4210117005,yes
"LS2N-ECN, UMR 6004, 1, rue de la Noë, BP 92101, 44321, Nantes, France",1,École Centrale de Nantes | Laboratoire des Sciences du Numérique de Nantes,I100445878 I4210117005,yes
"LS2N-Nantes University, CNRS UMR 6004, Nantes Cedex, France",1,Centre National de la Recherche Scientifique | Laboratoire des Sciences du Numérique de Nantes,I1294671590 I4210117005,yes
"LS2N-UMR 6004-CNRS, Centrale Nantes, Nantes, France",1,École Centrale de Nantes | Centre National de la Recherche Scientifique | Laboratoire des Sciences du Numérique de Nantes,I100445878 I1294671590 I4210117005,yes
"LS2N-UMR 6004-CNRS, Centrale Nantes,1 Rue de la No&#x00EB;, Nantes, France",1,École Centrale de Nantes | Centre National de la Recherche Scientifique | Laboratoire des Sciences du Numérique de Nantes,I100445878 I1294671590 I4210117005,yes
"LS2N-UMR 6004-CNRS, Centrale Nantes,1 Rue de la No&#x00EB;,Nantes,France,44300",1,École Centrale de Nantes | Centre National de la Recherche Scientifique | Laboratoire des Sciences du Numérique de Nantes,I100445878 I1294671590 I4210117005,yes
"LS2N-UMR 6004-CNRS, Nantes, France",1,Centre National de la Recherche Scientifique | Laboratoire des Sciences du Numérique de Nantes,I1294671590 I4210117005,yes
"LS2N-UMR CNRS 6004, 44300 Nantes, France",1,Centre National de la Recherche Scientifique | Laboratoire des Sciences du Numérique de Nantes,I1294671590 I4210117005,yes
"LS2N-UMR CNRS 6004, Nantes, France",1,Centre National de la Recherche Scientifique | Laboratoire des Sciences du Numérique de Nantes,I1294671590 I4210117005,yes
"LS2N/Polytech, Université, France",1,Laboratoire des Sciences du Numérique de Nantes,I4210117005,yes
"LS2N–CNRS, IMT Atlantique  Nantes 44300 France",1,Centre National de la Recherche Scientifique | Laboratoire des Sciences du Numérique de Nantes | IMT Atlantique,I1294671590 I4210117005 I4210127572,yes
"LSN, UNIV Nantes, CNRS, Nantes, France",1,Centre National de la Recherche Scientifique,I1294671590,no
"LSO-CNRS, Faculté des Sciences et Techniques, 2 rue de Ia Houssinière, 44072 Nantes cedex 03, France",1,Centre National de la Recherche Scientifique,I1294671590,no
"LTN, Ecole Polytechnique de l’Université de Nantes, UMR CNRS 6607, France",1,Centre National de la Recherche Scientifique | Laboratoire de Thermique et Energie de Nantes,I1294671590 I4210109587,yes
"LTN, UMR 6607, Ecole Polytechnique de l’Université de Nantes",1,Laboratoire de Thermique et Energie de Nantes,I4210109587,yes
"LTN-UMR-CNRS 6607 École Polytechnique de l'Université de Nantes, rue Christian Pauc, 44306 Nantes, France",1,Centre National de la Recherche Scientifique | Laboratoire de Thermique et Energie de Nantes,I1294671590 I4210109587,yes
"LTN-UMR-CNRS 6607, École Polytechnique de l'Université de Nantes, rue Christian Pauc, 44306 Nantes, France",1,Centre National de la Recherche Scientifique | Laboratoire de Thermique et Energie de Nantes,I1294671590 I4210109587,yes
"LTeN, Univ Nantes, UMR CNRS 6607",1,Centre National de la Recherche Scientifique,I1294671590,no
"LUMAN Université, CRTT 37 Boulevard de l'Université BP406, 44600 St-Nazaire cedex, France",1,,,no
"LUNAM , IETR , UMR CNRS 6164 - Polytech Nantes , Nantes , France",1,Centre National de la Recherche Scientifique | Institut d'Électronique et des Technologies du numéRique,I1294671590 I4210100151,yes
"LUNAM Univ, IRSTV FR CNRS 2488, Nantes, France",1,Centre National de la Recherche Scientifique,I1294671590,no
"LUNAM Univcrsité, IRCCyN UMR CNRS 6597, Polytech Nantes, FRANCE",1,Centre National de la Recherche Scientifique | Institut de recherche en communications et cybernétique de Nantes,I1294671590 I4405278184,yes
"LUNAM Universit&#x00E9;, Universit&#x00E9; de Nantes, IRCCyN UMR CNRS 6597, Polytech Nantes, rue Christian Pauc BP 50609 44306 Nantes, France",1,Université Nantes Angers Le Mans | Centre National de la Recherche Scientifique | Institut de recherche en communications et cybernétique de Nantes,I234216984 I1294671590 I4405278184,yes
"LUNAM Universit&#x00E9;, Universit&#x00E9; de Nantes, IRCCyN UMR CNRS 6597, Polytech Nantes, rue Christian Pauc BP 50609, 44306 Nantes, France",1,Université Nantes Angers Le Mans | Centre National de la Recherche Scientifique | Institut de recherche en communications et cybernétique de Nantes,I234216984 I1294671590 I4405278184,yes
"LUNAM Universite, CNRS, IRCCyN, UMR 6597, Nantes, FRANCE",1,Centre National de la Recherche Scientifique | Institut de recherche en communications et cybernétique de Nantes,I1294671590 I4405278184,yes
"LUNAM Universite, IRCCyN UMR CNRS, Nantes, France",1,Centre National de la Recherche Scientifique,I1294671590,no
"LUNAM Universite, Institut de Recherche en Communication et Cybernetique de Nantes, Nantes, France",1,Université Nantes Angers Le Mans | Institut de recherche en communications et cybernétique de Nantes,I234216984 I4405278184,yes
"LUNAM Universite, Mines Nantes, IRCCyN UMR CNRS 6597 (Institut de Recherche en Communication et Cybernetique de Nantes), 44307 Nantes, France",1,Université Nantes Angers Le Mans | Centre National de la Recherche Scientifique | École nationale supérieure des Mines de Nantes | Institut de recherche en communications et cybernétique de Nantes,I234216984 I1294671590 I4405265706 I4405278184,yes
"LUNAM Universite, Nantes, France",1,Université Nantes Angers Le Mans,I234216984,no
"LUNAM Université, CNRS, IRCCyN (Institut de Recherche en Communications et Cybernétique de Nantes), Nantes, France",1,Centre National de la Recherche Scientifique | Institut de recherche en communications et cybernétique de Nantes,I1294671590 I4405278184,yes
"LUNAM Université, IUT de Nantes, CNRS, GEPEA, UMR 6144, OPERP ERT1086, 2 avenue du Professeur Jean Rouxel, BP 539, 44475 Carquefou Cedex, France",1,Centre National de la Recherche Scientifique | Laboratoire de Génie des Procédés – Environnement – Agro-alimentaire,I1294671590 I4210148006,yes
"LUNAM Université, ONIRIS, UPSP 5304, Atlanpôle - La Chantrerie, BP40706, Nantes, F-44307, France",1,Université Nantes Angers Le Mans | Oniris,I234216984 I4210157468,no
"LUNAM University - IRCCyN CNRS UMR 6597, Nantes, France",1,Centre National de la Recherche Scientifique | Institut de recherche en communications et cybernétique de Nantes,I1294671590 I4405278184,yes
"LUNAM University IETR (UMR CNRS 6164) 2 rue de la Houssinière, Nantes F-44322, France",1,Centre National de la Recherche Scientifique,I1294671590,no
"LUNAM University of Nantes - IETR, Polytech Nantes, rue C. Pauc, 44306 Nantes, France",1,,,no
"LUNAM University, AMaROC Research Unit, Oniris, Nantes Atlantic College of Veterinary Medicine, Food Science and Engineering, Nantes Cedex 3, France; Translational and Experimental Medicine, Sanofi Oncology, Vitry-sur-Seine, France; INSERM, Institut de Recherche Thérapeutique de l'Université de Nantes, Nantes Cedex 1, France; Integrated Center for Oncology ICO, Institut de Cancérologie de l'Ouest, Site René Gauducheau, Saint Herblain, France",1,Inserm | Institut de Cancérologie de l'Ouest | Oniris,I154526488 I4210106090 I4210157468,no
"LUNAM University, EcoleCentrale Nantes, GeM UMR CNRS, 6183, Nantes, France",1,École Centrale de Nantes | Centre National de la Recherche Scientifique | Institut de Recherche en Génie Civil et Mécanique,I100445878 I1294671590 I4210137520,yes
"LUNAM University, INSERM, UMR 1064 ITUN, Nantes, France",1,Inserm,I154526488,no
"LUNAM University, IRCCyN UMR CNRS 6597 Polytech Nantes, Nantes, Cedex 3, France",1,Centre National de la Recherche Scientifique | Institut de recherche en communications et cybernétique de Nantes,I1294671590 I4405278184,yes
"LUNAM University, LTN CNRS UMR, 6607, Nantes, France",1,Centre National de la Recherche Scientifique | Laboratoire de Thermique et Energie de Nantes,I1294671590 I4210109587,yes
"LUNAM University, LTN CNRS UMR, Nantes, France",1,Centre National de la Recherche Scientifique | Laboratoire de Thermique et Energie de Nantes,I1294671590 I4210109587,yes
"LUNAM University, ONIRIS, Nantes Cedex, France; CNRS, Nantes, France",1,Centre National de la Recherche Scientifique | Oniris,I1294671590 I4210157468,no
"LUNAM University, Oniris, INSERM UMR_S 791, LIOAD, Atlanpôle La Chantrerie, BP 40706, 44307 Nantes, France",1,Inserm | Oniris,I154526488 I4210157468,no
"LUNAM University, Poly tech Nantes, Nantes, France",1,,,no
"LUNAM Université , LTN , UMR-CNRS 6607 , rue Christian Pauc , 44306 Nantes , France,",1,Centre National de la Recherche Scientifique | Laboratoire de Thermique et Energie de Nantes,I1294671590 I4210109587,yes
"LUNAM Université IETR UMR CNRS 6164  BP 50609, 44306 Nantes Cedex 3 Polytech Nantes France",1,Centre National de la Recherche Scientifique | Institut d'Électronique et des Technologies du numéRique,I1294671590 I4210100151,yes
LUNAM Université IFSTTAR Centre de Nantes  44344 Bouguenais France,1,,,no
"LUNAM Université Laboratoire de Biologie et Pathologie Végétales, UFR Sciences et Techniques, Nantes, France",1,Université Nantes Angers Le Mans,I234216984,no
"LUNAM Université Nantes Angers Le Mans, UMR 6144 GEPEA CNRS, 44602, Saint-Nazaire, France",1,Université Nantes Angers Le Mans | Centre National de la Recherche Scientifique | Laboratoire de Génie des Procédés – Environnement – Agro-alimentaire,I234216984 I1294671590 I4210148006,yes
"LUNAM Université – IFSTTAR, centre de Nantes - 44344 Bouguenais, France",1,,,no
"LUNAM Université, 2, rue de la Houssinière, F-44322, Nantes Cedex, France",1,Université Nantes Angers Le Mans,I234216984,no
"LUNAM Université, CERMA UMR CNRS 1563, Nantes, France",1,"Centre National de la Recherche Scientifique | AAU - Ambiances, Architectures, Urbanités",I1294671590 I4210162214,yes
"LUNAM Université, CNRS , IRCCyN (Institut de Recherche en Communications et Cybernétique de Nantes), 1 rue de la Noë, BP92101, France",1,Centre National de la Recherche Scientifique | Institut de recherche en communications et cybernétique de Nantes,I1294671590 I4405278184,yes
"LUNAM Université, CNRS IRCCyN UMR CNRS 6597  1 Rue de la Noë F‐44321 Nantes FRANCE",1,Centre National de la Recherche Scientifique | Institut de recherche en communications et cybernétique de Nantes,I1294671590 I4405278184,yes
"LUNAM Université, CNRS, CERMA UMR CNRS 1563,  6, quai François Mitterrand, Nantes, BP 16202, 44262, Nantes Cedex 2, France",1,"Centre National de la Recherche Scientifique | AAU - Ambiances, Architectures, Urbanités",I1294671590 I4210162214,yes
"LUNAM Université, CNRS, GEPEA, UMR 6144, CRTT, 37, Boulevard de l'Université, 44606 St Nazaire Cedex, France; Structure Fédérative IBSM, INRA Nantes-Angers, Rue de la Géraudière, BP 71627, 44316 Nantes Cedex 3, France. Electronic address: eric.leroy@univ-nantes.fr",1,Centre National de la Recherche Scientifique | Laboratoire de Génie des Procédés – Environnement – Agro-alimentaire,I1294671590 I4210148006,yes
"LUNAM Université, CNRS, GEPEA, UMR 6144, CRTT, 37, Boulevard de l'Université, 44606 St Nazaire Cedex, France; Structure Fédérative IBSM, INRA Nantes-Angers, Rue de la Géraudière, BP 71627, 44316 Nantes Cedex 3. France. Electronic address: eric.leroy@univ-nantes.fr",1,Centre National de la Recherche Scientifique | Laboratoire de Génie des Procédés – Environnement – Agro-alimentaire,I1294671590 I4210148006,yes
"LUNAM Université, CNRS, GEPEA, UMR 6144, CRTT, 37, Boulevard de l'Université, 44606 St Nazaire Cedex, France; UR1268 Biopolymères Interactions Assemblages, INRA, F-44300 Nantes, France; Structure Fédérative IBSM, INRA Nantes-Angers, Rue de la Géraudière, BP 71627, 44316 Nantes Cedex 3, France. Electronic address: gildas.coativy@univ-nantes.fr",1,Centre National de la Recherche Scientifique | Biopolymères Interactions Assemblages | Laboratoire de Génie des Procédés – Environnement – Agro-alimentaire,I1294671590 I4210099947 I4210148006,yes
"LUNAM Université, CNRS, GEPEA, UMR 6144, CRTT, 37, Boulevard de l'Université, 44606 St. Nazaire Cedex, France. Electronic address: eric.leroy@univ-nantes.fr",1,Centre National de la Recherche Scientifique | Laboratoire de Génie des Procédés – Environnement – Agro-alimentaire,I1294671590 I4210148006,yes
"LUNAM Université, CNRS, IRCCyN (Institut de Recherche en Communications et Cybernétique de Nantes), Nantes Cedex 3, France",1,Centre National de la Recherche Scientifique | Institut de recherche en communications et cybernétique de Nantes,I1294671590 I4405278184,yes
"LUNAM Université, CNRS, IRCCyN UMR CNRS 6597, 1 Rue de la Noe, 44321 , Nantes, France",1,Centre National de la Recherche Scientifique | Institut de recherche en communications et cybernétique de Nantes,I1294671590 I4405278184,yes
"LUNAM Université, CNRS, IRCCyN UMR CNRS 6597, 1 Rue de la Noe, 44321 , Nantes, France",1,Centre National de la Recherche Scientifique | Institut de recherche en communications et cybernétique de Nantes,I1294671590 I4405278184,yes
"LUNAM Université, CNRS, IRCCyN UMR CNRS 6597, 1 Rue de la Noe, F-44321 Nantes, France",1,Centre National de la Recherche Scientifique | Institut de recherche en communications et cybernétique de Nantes,I1294671590 I4405278184,yes
"LUNAM Université, CRTT, GEPEA CNRS-UMR 6144, 37, Boulevard de l’université, BP 406, Saint-Nazaire, 44602, France",1,Centre National de la Recherche Scientifique | Laboratoire de Génie des Procédés – Environnement – Agro-alimentaire,I1294671590 I4210148006,yes
"LUNAM Université, EMN, CNRS, GEPEA UMR 6144, 4 rue Alfred Kastler La Chanterie, BP 20722, 44307 Nantes, Cedex 3, France",1,Centre National de la Recherche Scientifique | Laboratoire de Génie des Procédés – Environnement – Agro-alimentaire,I1294671590 I4210148006,yes
"LUNAM Université, Ecole des Mines de Nantes, CNRS, GEPEA, Nantes, France",1,Centre National de la Recherche Scientifique | Laboratoire de Génie des Procédés – Environnement – Agro-alimentaire | École nationale supérieure des Mines de Nantes,I1294671590 I4210148006 I4405265706,yes
"LUNAM Université, GeM, UMR CNRS 6183, Nantes Cédex 3, France",1,Centre National de la Recherche Scientifique | Institut de Recherche en Génie Civil et Mécanique,I1294671590 I4210137520,yes
"LUNAM Université, IETR UMR 6164, UFR Sciences Nantes, 2 rue de la Houssinière, 44322 Nantes, France",1,Institut d'Électronique et des Technologies du numéRique,I4210100151,yes
"LUNAM Université, IFSTTAR, Centre de Nantes, Route de Bouaye, CS4, 44 344 Bouguenais, France",1,Université Nantes Angers Le Mans,I234216984,no
"LUNAM Université, IRCCyN (UMR CNRS 6597) BP 92101, 1 rue de la Noë, 44321 Nantes Cedex 3, France",1,Centre National de la Recherche Scientifique | Institut de recherche en communications et cybernétique de Nantes,I1294671590 I4405278184,yes
"LUNAM Université, IRCCyN UMR CNRS 6597 Institut de Recherche en Communications et Cybernétique de Nantes 1 rue de la Noë - 44321 - Nantes, FRANCE",1,Centre National de la Recherche Scientifique | Institut de recherche en communications et cybernétique de Nantes,I1294671590 I4405278184,yes
"LUNAM Université, IRCCyN UMR CNRS 6597, 3 Rue de la Noë, BP 92101, 44321 Nantes cedex 03, France",1,Centre National de la Recherche Scientifique | Institut de recherche en communications et cybernétique de Nantes,I1294671590 I4405278184,yes
"LUNAM Université, IRCCyN UMR CNRS, Nantes Cedex 3, France",1,Centre National de la Recherche Scientifique,I1294671590,no
"LUNAM Université, IRCCyN UMR CNRS, Nantes, Cedex 3, France",1,Centre National de la Recherche Scientifique,I1294671590,no
"LUNAM Université, IRCCyN, 1 rue de la Noë, BP 92101, 44321 Nantes cedex 3, France",1,Université Nantes Angers Le Mans,I234216984,no
"LUNAM Université, IRCCyN, CNRS UMR 6597, Nantes, France",1,Centre National de la Recherche Scientifique | Institut de recherche en communications et cybernétique de Nantes,I1294671590 I4405278184,yes
"LUNAM Université, IRCCyN, CNRS, Nantes, France",1,Centre National de la Recherche Scientifique,I1294671590,no
"LUNAM Université, IRCCyN, Nantes, France",1,Institut de recherche en communications et cybernétique de Nantes,I4405278184,yes
"LUNAM Université, IRCCyN, UMR 6597, 1 rue de la Noë, F 44321 Nantes, France",1,Institut de recherche en communications et cybernétique de Nantes,I4405278184,yes
"LUNAM Université, IREENA, CRTT, 37 Bd de l'Université, BP 406, 44602 Saint-Nazaire cedex, France",1,Institut de Recherche en Energie Electrique de Nantes Atlantique,I4392021119,yes
"LUNAM Université, IREENA, CRTT, BP 406, 37 Bd de l'Université, 44602 Saint-Nazaire cedex, France",1,Institut de Recherche en Energie Electrique de Nantes Atlantique,I4392021119,yes
"LUNAM Université, IRSTV, F-44321 Nantes, France",1,,,no
"LUNAM Université, IRSTV, FR CNRS 2488, Nantes, France",1,Centre National de la Recherche Scientifique,I1294671590,no
"LUNAM Université, IUT de Nantes, CNRS, GEPEA  France",1,Centre National de la Recherche Scientifique | Laboratoire de Génie des Procédés – Environnement – Agro-alimentaire,I1294671590 I4210148006,yes
"LUNAM Université, IUT de Nantes, CNRS, GEPEA, UMR 6144, BP 539, 44475 Carquefou Cedex, France",1,Centre National de la Recherche Scientifique | Laboratoire de Génie des Procédés – Environnement – Agro-alimentaire,I1294671590 I4210148006,yes
"LUNAM Université, IUT de Nantes, CNRS, GEPEA, UMR 6144, OPERP 2 Avenue du professeur Jean ROUXEL, BP 539 Carquefou 44475 France",1,Centre National de la Recherche Scientifique | Laboratoire de Génie des Procédés – Environnement – Agro-alimentaire,I1294671590 I4210148006,yes
"LUNAM Université, LTN UMR CNRS 6607, B.P. 50609, 1 rue Christian Pauc, 44306 Nantes Cedex 3, France",1,Centre National de la Recherche Scientifique | Laboratoire de Thermique et Energie de Nantes,I1294671590 I4210109587,yes
"LUNAM Université, LTN, UMR-CNRS 6607, Rue Christian Pauc, 44306 Nantes France",1,Centre National de la Recherche Scientifique | Laboratoire de Thermique et Energie de Nantes,I1294671590 I4210109587,yes
"LUNAM Université, LTN, UMR-CNRS 6607, rue Christian Pauc, 44306 Nantes, France,",1,Centre National de la Recherche Scientifique | Laboratoire de Thermique et Energie de Nantes,I1294671590 I4210109587,yes
"LUNAM Université, MMS, EA2160, Faculté de pharmacie, 9, rue Bias BP53508, 44035 Nantes Cedex 1, France",1,Université Nantes Angers Le Mans,I234216984,no
"LUNAM Université, Mines Nantes, IRCCyN UMR CNRS 6597 (Institut de Recherche en Communication et Cybernétique de Nantes), 44307 Nantes, France",1,Université Nantes Angers Le Mans | Centre National de la Recherche Scientifique | École nationale supérieure des Mines de Nantes | Institut de recherche en communications et cybernétique de Nantes,I234216984 I1294671590 I4405265706 I4405278184,yes
"LUNAM Université, Nantes,  France",1,Université Nantes Angers Le Mans,I234216984,no
"LUNAM Université, Nantes, F-44 200, France",1,Université Nantes Angers Le Mans,I234216984,no
"LUNAM Université, ONIRIS, Univ Nantes, UMR1014 Secalim, Nantes, F-44307, France",1,Oniris,I4210157468,no
"LUNAM Université, ONIRIS, Univ Nantes, UMR1014 Secalim, Nantes, France",1,Oniris,I4210157468,no
"LUNAM Université, Oniris - Atlanpole-La Chantrerie, BP 40706, 44307, Nantes, France",1,Oniris,I4210157468,no
"LUNAM Université, Oniris, BP 40706, F-44307 Nantes Cedex 03, France",1,Oniris,I4210157468,no
"LUNAM Université, Oniris, Biotechnologie Pathologie Reproduction/RSB, Atlanpole La Chantrerie, BP 40706, Nantes F-44307, France",1,Université Nantes Angers Le Mans | Oniris,I234216984 I4210157468,no
"LUNAM Université, Oniris, EA 4644 IECM, Nantes, France",1,Oniris,I4210157468,no
"LUNAM Université, Oniris, EA 4644 IECM, Nantes, France; INRA, Nantes, France",1,Oniris,I4210157468,no
"LUNAM Université, Oniris, Nantes F-44307, France; INRA, UMR1014 Secalim, Nantes F-44307, France",1,Oniris,I4210157468,no
"LUNAM Université, Oniris, Nantes, 44307, France",1,Oniris,I4210157468,no
"LUNAM Université, Oniris, UMR 1014 SECALIM, Nantes, F-44307, France; INRA, Nantes, F-44307, France",1,SECurité des ALIments et Microbiologie | Oniris,I4210126125 I4210157468,no
"LUNAM Université, Oniris, UMR 1300 BioEpAR, Nantes, F-44307, France",1,Oniris,I4210157468,no
"LUNAM Université, Oniris, UMR 6144 GEPEA, Nantes, F-44307, France; CNRS, Nantes, F-44322, France",1,Centre National de la Recherche Scientifique | Laboratoire de Génie des Procédés – Environnement – Agro-alimentaire | Oniris,I1294671590 I4210148006 I4210157468,yes
"LUNAM Université, Oniris, UMR BioEpAR, CS 40706, F-44307, Nantes, France",1,Oniris,I4210157468,no
"LUNAM Université, Oniris, UMR BioEpAR, CS 40706, Nantes, F-44307, France",1,Oniris,I4210157468,no
"LUNAM Université, Oniris, UMR BioEpAR, Site de la Chantrerie, Atlanpôle BP 40706, 44307 Nantes, France; INRA, UMR1300, F-44307 Nantes, France",1,"Oniris | Biologie, Epidémiologie et Analyse de Risque en Santé Animale",I4210157468 I4387155944,no
"LUNAM Université, Oniris, UMR1014 Secalim, BP 82225, Nantes F-44307, France",1,Oniris,I4210157468,no
"LUNAM Université, Oniris, UMR1BioEpAR, 44307, Nantes, France",1,Oniris,I4210157468,no
"LUNAM Université, Oniris, UMR1BioEpAR, site de la Chantrerie, Atlanpôle BP 40706, 44307 Nantes, France",1,Oniris,I4210157468,no
"LUNAM Université, Oniris, UMR1BioEpAR, site de la Chantrerie, Atlanpôle, BP 40706, 44307 Nantes, France",1,Oniris,I4210157468,no
"LUNAM Université, Oniris, Univ Nantes, F-44307, France",1,Oniris,I4210157468,no
"LUNAM Université, Oniris, Univ Nantes, UMR1014 Secalim, Nantes, F-44307, France",1,Oniris,I4210157468,no
"LUNAM Université, Polytech Nantes, Nantes Cedex 3, France",1,,,no
"LUNAM Université, Polytech Nantes, Nantes, France",1,,,no
"LUNAM Université, Polytech-Nantes, IREENA, Bd de l’Universite, St Nazaire, France",1,Institut de Recherche en Energie Electrique de Nantes Atlantique,I4392021119,yes
"LUNAM Université, UMR 6164, Nantes, FRANCE",1,Université Nantes Angers Le Mans | Institut d'Électronique et des Technologies du numéRique,I234216984 I4210100151,yes
"LUNAM Université, École des Mines de Nantes, 4 rue Alfred Kastler, 44307 Nantes, France",1,Université Nantes Angers Le Mans | École nationale supérieure des Mines de Nantes,I234216984 I4405265706,no
"LUNAM Université, École des Mines de Nantes, IRCCyN UMR CNRS 6597 (Institut de Recherche en Communication et en Cybernétique de Nantes), 4 rue Alfred Kastler - La Chantrerie, BP20722; F - 44307 NANTES Cedex 3, France",1,Université Nantes Angers Le Mans | Centre National de la Recherche Scientifique | École nationale supérieure des Mines de Nantes | Institut de recherche en communications et cybernétique de Nantes,I234216984 I1294671590 I4405265706 I4405278184,yes
LUNAM Université; CNRS; IRCCyN UMR CNRS 6597; 1 Rue de la Noë Nantes F-44321 France,1,Centre National de la Recherche Scientifique | Institut de recherche en communications et cybernétique de Nantes,I1294671590 I4405278184,yes
"LUNAM université, 44000 Nantes, France",1,Université Nantes Angers Le Mans,I234216984,no
"LUNAM université, IFSTTAR – Nantes site, CS4, 44344 Bouguenais, France",1,"Institut Français des Sciences et Technologies des Transports, de l'Aménagement et des Réseaux",I4387153441,no
"LUNAM université, Ifsttar Centre de Nantes CS4, Bouguenais, France",1,,,no
"LUNAM université, Institut de Recherche en Communication et Cybernétique de Nantes, UMR-CNRS 6597, 1 rue de la Noë, 44321 Nantes cedex 03, France",1,Université Nantes Angers Le Mans | Centre National de la Recherche Scientifique | Institut de recherche en communications et cybernétique de Nantes,I234216984 I1294671590 I4405278184,yes
"LUNAM université, Oniris, Department of Medical Imaging, Centre de Recherche et d'Investigation Préclinique, F-44307, Nantes, France",1,Université Nantes Angers Le Mans | Oniris,I234216984 I4210157468,no
"LUNAM université,19bis, rue La-Nouë-Bras-de-Fer, 44200 Nantes, France",1,Université Nantes Angers Le Mans,I234216984,no
"LUNAM, GEPEA Laboratory UMR CNRS 6144, 37 bd de l'Université, 44600 Saint-Nazaire, France. luc.marchal@univ-nantes.fr",1,Centre National de la Recherche Scientifique | Laboratoire de Génie des Procédés – Environnement – Agro-alimentaire,I1294671590 I4210148006,yes
"LUNAM, Laboratoire de Psychologie des Pays de la Loire (EA 4638), Université d'Angers, Angers Cedex 1, France",1,Université d'Angers | Laboratoire de Psychologie des Pays de la Loire,I49451733 I4210089331,yes
"LUNAM, Laboratoire de Psychologie des Pays de la Loire (EA 4638), Université d'Angers, Angers, France",1,Université d'Angers | Laboratoire de Psychologie des Pays de la Loire,I49451733 I4210089331,yes
"LUNAM, Nantes, France",1,,,no
"LUNAM, Universit#233; de Nantes, CNRS, GEPEA, UMR6144, Ecole des Mines de Nantes, 4 rue Alfred Kastler BP20722 44307 Nantes, France",1,Université Nantes Angers Le Mans | Centre National de la Recherche Scientifique | Laboratoire de Génie des Procédés – Environnement – Agro-alimentaire | École nationale supérieure des Mines de Nantes,I234216984 I1294671590 I4210148006 I4405265706,yes
"Lab IRCCyN UMR CNRS 6597, École polytechnique de l'université de Nantes, Rue Christian Pauc, 44306 Nantes Cedex 3, France",1,Centre National de la Recherche Scientifique | Institut de recherche en communications et cybernétique de Nantes,I1294671590 I4405278184,yes
"Lab Inserm, UMR 1064 CR2TI | Team 6, Nantes, France. karim.asehnoune@chu-nantes.fr",1,Inserm | Center for Research in Transplantation and Translational Immunology,I154526488 I4392021198,yes
"Lab. Automatique de Nantes , U.A. CNRS , ECN/Univ. de Nantes 1 rue de la Noë , Nantes , France",1,École Centrale de Nantes | Centre National de la Recherche Scientifique,I100445878 I1294671590,yes
"Lab. de Thermocinétique, UMR CNRS 6607, Ecole Polytechnique de l'Université de Nantes, Nantes Cedex 3, France",1,Centre National de la Recherche Scientifique | Laboratoire de Thermique et Energie de Nantes,I1294671590 I4210109587,yes
"Lab. des Sci. du Numerique de Nantes, Nantes, France",1,Laboratoire des Sciences du Numérique de Nantes,I4210117005,yes
"Labex IGO, Nantes, France. sophie.brouard@univ-nantes.fr",1,,,no
"Laboratoir d'Oncogenese Immunohematologique, U211 INSERM, Nantes, France",1,Inserm,I154526488,no
"Laboratoire CEISAM, UMR 6230 CNRS, Faculté des Sciences et des Techniques de Nantes, 2, rue de la Houssinière, BP 92208, 44322 Nantes Cedex 3, France",1,"Centre National de la Recherche Scientifique | Chimie et Interdisciplinarité, Synthèse, Analyse, Modélisation",I1294671590 I4210138474,yes
"Laboratoire CEISAM, UMR 6230 CNRS, Faculté des Sciences et des Techniques de Nantes, 2, rue de la Houssinière, BP 92208, 44322 Nantes Cedex 3, France. Christian.Laurence@univ-nantes.fr",1,"Centre National de la Recherche Scientifique | Chimie et Interdisciplinarité, Synthèse, Analyse, Modélisation",I1294671590 I4210138474,yes
"Laboratoire CEISAM, UMR CNRS 6230, Faculté des Sciences et des Techniques de Nantes, Nantes cedex 03, France",1,"Centre National de la Recherche Scientifique | Chimie et Interdisciplinarité, Synthèse, Analyse, Modélisation",I1294671590 I4210138474,yes
Laboratoire CNRS ESO (Espaces et Sociétés),1,Centre National de la Recherche Scientifique | Espaces et Sociétés,I1294671590 I4387153532,yes
"Laboratoire De Planétologie Et Géodynamique, Bâtiment 4, 2 Chemin de la Houssinière, 44300 Nantes, France",1,Laboratoire de Planétologie et Géosciences,I4210146808,yes
"Laboratoire De Planétologie Et Géosciences, 2 Chem. de la Houssinière Bâtiment 4, 44300 Nantes, France",1,Laboratoire de Planétologie et Géosciences,I4210146808,yes
"Laboratoire Des Sciences Du Numérique de Nantes UMR CNRS 6004, France Ecole Centrale de NantesUniversité de Nantes, 1 Rue de La Noë, BP 92101, 44321, Nantes, France",1,École Centrale de Nantes | Centre National de la Recherche Scientifique | Laboratoire des Sciences du Numérique de Nantes,I100445878 I1294671590 I4210117005,yes
"Laboratoire Des Sciences du Num&#x00E9;rique de Nantes (LS2N),&#x00C9;cole Centrale de Nantes,Nantes,France",1,École Centrale de Nantes | Laboratoire des Sciences du Numérique de Nantes,I100445878 I4210117005,yes
"Laboratoire GEPEA, UMR CNRS 6144 Université – IUT de Nantes (site de Carquefou)  Nantes 44475 France",1,Centre National de la Recherche Scientifique | Laboratoire de Génie des Procédés – Environnement – Agro-alimentaire,I1294671590 I4210148006,yes
"Laboratoire Géolittomer, CNRS – UMR LETG 6554Université de Nantesclaire.portal@univ-nantes.fr",1,"Centre National de la Recherche Scientifique | Littoral, Environnement, Télédétection, Géomatique",I1294671590 I4387153176,yes
"Laboratoire INSERM U1235 , Nantes",1,Inserm,I154526488,no
"Laboratoire IRCCY/UMR CNRS, Ecole Polytechnique de, Bole Polytechnique de l'Université de Nantes, Nantes, France",1,Centre National de la Recherche Scientifique,I1294671590,no
"Laboratoire IRCCyN, Team Image & Video Communications CNRS UMR 6795, École polytechnique de l'Université de Nantes La Chantrerie Rue Christian Pauc, BP 50609, F-44306 cedex 3, Nantes",1,Centre National de la Recherche Scientifique | Institut de recherche en communications et cybernétique de Nantes,I1294671590 I4405278184,yes
"Laboratoire IRCCyN, Équipe Image & Vidéo Communications, CNRS UMR 6597, École polytechnique de l’Université de Nantes, La Chantrerie Rue Christian Pauc, Nantes cedex3, France",1,Centre National de la Recherche Scientifique | Institut de recherche en communications et cybernétique de Nantes,I1294671590 I4405278184,yes
"Laboratoire IRCCyN/SETRA UMR CNRS 6597, École Polytechnique de l''université de Nantes, Nantes, France",1,Centre National de la Recherche Scientifique | Institut de recherche en communications et cybernétique de Nantes,I1294671590 I4405278184,yes
"Laboratoire IRCCyN/SETRA UMR CNRS6597, BP50609, 44306 Nantes Cedex 3 - France. frederic.launay@polytech.univ-nantes.fr",1,Centre National de la Recherche Scientifique | Institut de recherche en communications et cybernétique de Nantes,I1294671590 I4405278184,yes
"Laboratoire IRCCyN/UMR CNRS, Ecole Polytechnique de l''Universite de Nantes, Nantes, France",1,Centre National de la Recherche Scientifique,I1294671590,no
"Laboratoire IRCCyN/UMR CNRS, Eeole Polytechnique de l'Université de Nantes, Nantes Cedex 03, France",1,Centre National de la Recherche Scientifique,I1294671590,no
"Laboratoire IREENA-IUT, , , France",1,Institut de Recherche en Energie Electrique de Nantes Atlantique,I4392021119,yes
"Laboratoire IREENA-IUT, CRTT, Saint Nazaire, France",1,Institut de Recherche en Energie Electrique de Nantes Atlantique,I4392021119,yes
"Laboratoire IREENA/Ecole Polytechnique de l'Université de Nantes, Rue Christian Pauc, BP 50609, 44306 Cedex 3, France",1,Institut de Recherche en Energie Electrique de Nantes Atlantique,I4392021119,yes
"Laboratoire LINA UMR CNRS 6241, UFR de Sciences et Techniques, 2 rue de la Houssinière, BP 92208, 44322, Nantes Cedex 03, France",1,Centre National de la Recherche Scientifique | Laboratoire d'informatique de Nantes Atlantique,I1294671590 I4210165258,yes
"Laboratoire LINA UMR CNRS 6241, UFR de Sciences et Techniques, 2 rue de la Houssiniêre, BP 92208, 44322 Nantes Cedex 03, France",1,Centre National de la Recherche Scientifique | Laboratoire d'informatique de Nantes Atlantique,I1294671590 I4210165258,yes
"Laboratoire LINA UMR CNRS 6241, UFR de Sciences et Techniques, Nantes Cedex 03, France",1,Centre National de la Recherche Scientifique | Laboratoire d'informatique de Nantes Atlantique,I1294671590 I4210165258,yes
"Laboratoire LPPL, Chemin de la Censive du Tertre, BP 81227, 44312 Nantes Cedex 3, France",1,Laboratoire de Psychologie des Pays de la Loire,I4210089331,yes
"Laboratoire Phy-Os INSERM UMR 1238, Faculté de Médecine, 1, rue Gaston Veil, 44000 Nantes, France",1,Inserm,I154526488,no
Laboratoire Planétologie et Géodynamique de Nantes,1,Laboratoire de Planétologie et Géosciences,I4210146808,yes
Laboratoire Planétologie et Géosciences (LPG) UMR6112 CNRS Nantes Université  Nantes France,1,Centre National de la Recherche Scientifique | Laboratoire de Planétologie et Géosciences,I1294671590 I4210146808,yes
"Laboratoire SUBATECH, UMR Université, Nantes Cedex 03, France",1,Laboratoire de Physique Subatomique et des Technologies Associées,I4210109007,yes
"Laboratoire SUBATECH, École des Mines de Nantes, IN2P3-CNRS et Université, 44 307 Nantes cedex 03, France, , , , , , FR",1,Centre National de la Recherche Scientifique | Laboratoire de Physique Subatomique et des Technologies Associées | Institut National de Physique Nucléaire et de Physique des Particules | École nationale supérieure des Mines de Nantes,I1294671590 I4210109007 I4210133362 I4405265706,yes
"Laboratoire Thermocinétique de l’école Polytechnique de l’Université de Nantes, Nantes Cedex 3, France",1,Laboratoire de Thermique et Energie de Nantes,I4210109587,yes
"Laboratoire UPRES EA 3826 «Thérapeutiques cliniques et expérimentales des infections». University hospital of Nantes, 22 boulevard Benoni-Goullin, Nantes 44200, France",1,Centre Hospitalier Universitaire de Nantes,I3019204325,no
"Laboratoire US2B, Unité en Sciences Biologiques et Biotechnologies, UMR CNRS 6286, UFR Sciences et Techniques, 2, rue de la Houssinière, 44322 Nantes, France",1,Centre National de la Recherche Scientifique | Unité en Sciences Biologiques et Biotechnologies de Nantes,I1294671590 I4387154840,yes
"Laboratoire d&#x2019;Ing&#x00E9;nierie des Syst&#x00E8;mes Physiques et Num&#x00E9;riques,Lille,France",1,,,no
"Laboratoire d'Analyse Isotopique et Electrochimique de Métabolismes, CNRS ESA 6006, Faculté des Sciences, 2 rue de la Houssinière, 44322 Nantes cedex 3, France, , , , , , FR",1,Centre National de la Recherche Scientifique,I1294671590,no
"Laboratoire d'Anatomie de la Faculté de Médecine de Nantes, 1, rue Gaston Veil, 44035, Nantes Cedex 01, France. stephane.ploteau@chu-nantes.fr",1,,,no
"Laboratoire d'Ecologie et des Paléoenvironnements Atlantiques, Faculté des Sciences, UMR 6566 CNRS, 2, rue de la Houssinière, B. P. 92208, F-44322 Nantes Cedex 3, France; e-mail: GeminaEcol@svt.univ-nantes.fr, , , , , , FR",1,"Centre National de la Recherche Scientifique | Centre de Recherche en Archéologie, Archéosciences, Histoire",I1294671590 I4387153012,yes
"Laboratoire d'Histologie et d'Embryologie, Faculté mixte de Médecine et de Pharmacie, 1, rue Gaston-Veil, 44 -Nantes",1,,,no
"Laboratoire d'Hématologie, Inserm U211, Nantes, France",1,Inserm,I154526488,no
"Laboratoire d'Informatique Nantes Atlantique (LINA) École Polytechnique de l'Université de Nantes - Département Informatique, La Chantrerie, rue Christian Pauc BP 50609 44306 Nantes Cedex 3, France",1,Laboratoire d'informatique de Nantes Atlantique,I4210165258,yes
"Laboratoire d'Informatique de Nantes Atlantique (LINA) UMR 6241, Ecole Polytechnique de l'Université de Nantes, France",1,Laboratoire d'informatique de Nantes Atlantique,I4210165258,yes
"Laboratoire d'Informatique de Nantes Atlantique (UMR-CNRS 6241), 2 rue de la Houssiniere, BP 92208, 44322 Nantes Cedex 3, France Email: francky.trichet@univ-nantes.fr",1,Centre National de la Recherche Scientifique | Laboratoire d'informatique de Nantes Atlantique,I1294671590 I4210165258,yes
"Laboratoire d'Ingénierie des Systèmes Automatisés, LISA, 62, avenue Notre-Dame du Lac, 49000, Angers, France. E-mail: muriel.gapaillard@iut-nantes.univ-nantes.fr",1,,,no
"Laboratoire d'Oncogénèse Immunohématologique, INSERM U211, Nantes, France",1,Inserm,I154526488,no
"Laboratoire d'Oncogénèse Immunohématologique, Inserm U211, Nantes, France",1,Inserm,I154526488,no
"Laboratoire d'antibiologie, Faculté de Médecine, 1, rue Gaston-Veil, 44035, Nantes, France",1,,,no
"Laboratoire dE28099Automatique de Nantes, Ecole Centrale de Nantes, Universitée de Nuntes, Nantes, France",1,École Centrale de Nantes,I100445878,yes
"Laboratoire de Bactériologie Université de Médecine, Nantes, France",1,,,no
"Laboratoire de Biochimie Médicale, Nantes, France; Faculté de Médecine - Pharmacie, U 211 INSERM, Nantes, France",1,Inserm,I154526488,no
Laboratoire de Biochimie Nantes University Hospital  Nantes France,1,Centre Hospitalier Universitaire de Nantes,I3019204325,no
"Laboratoire de Biochimie Spécialisée, Institut de Biologie, Nantes, France. mdenis@sante.univ-nantes.fr",1,,,no
"Laboratoire de Biochimie, Nantes University Hospital, Nantes, France",1,Centre Hospitalier Universitaire de Nantes,I3019204325,no
"Laboratoire de Biochimie, Unité de Biotechnologie, Biocatalyse et Biorégulation, CNRS-UMR 6204, Faculté des Sciences et Techniques, 2 rue de la Houssinière, BP 92208, F44322, Nantes Cedex 3, France",1,Centre National de la Recherche Scientifique,I1294671590,no
"Laboratoire de Biochimie, Unité de Biotechnologie, Biocatalyse et Biorégulation, CNRS-UMR 6204, Faculté des Sciences et Techniques, 2 rue de la Houssinière, BP 92208F44322, Nantes Cedex 3, France",1,Centre National de la Recherche Scientifique,I1294671590,no
"Laboratoire de Biologie Marine, Faculté des Sciences et Techniques, CNRS-EP 61, ISOMer, 2 Rue de la Houssinière BP 92208, 44322 Nantes Cedex 03, France",1,Centre National de la Recherche Scientifique | Institut Des Substances et Organismes de la Mer,I1294671590 I4392021232,yes
"Laboratoire de Biologie Marine, Faculté des Sciences et Techniques, CNRS-EP 61, ISOmer, 2 Rue de la Houssinière BP 92208, 44322 Nantes Cedex 03, France",1,Centre National de la Recherche Scientifique | Institut Des Substances et Organismes de la Mer,I1294671590 I4392021232,yes
"Laboratoire de Biologie Marine, Faculté des Sciences et Techniques, CNRS-EP 61, ISOmer, 2 Rue de la Houssinière BP 92208, 44322 Nantes Cedex 03, France
, , , , , , FR",1,Centre National de la Recherche Scientifique | Institut Des Substances et Organismes de la Mer,I1294671590 I4392021232,yes
"Laboratoire de Biologie, INSERM U 211, Faculté de Médecine, 44035 Nantes Cedex, France",1,Inserm,I154526488,no
"Laboratoire de Biotechnologie, Biocatalyse et Biorégulation (U3B) – UMR CNRS 6204, Faculté des Sciences et des Techniques, 2 Rue de la Houssinière, 44322 Nantes Cedex 3, France",1,Centre National de la Recherche Scientifique,I1294671590,no
"Laboratoire de Chimie des Solides, Institut des Matériaux de Nantes, CNRS Universitéde Nantes, 2 rue de la Houssini`ere,",1,Centre National de la Recherche Scientifique | Institut des Matériaux Jean Rouxel,I1294671590 I4210091049,yes
"Laboratoire de Chimie du Solide, Institut des Matériaux Jean Rouxel, UMR-CNRS, Ecole Polytechnique de l’Université de Nantes, 44322 Nantes Cedex 3, France",1,Centre National de la Recherche Scientifique | Institut des Matériaux Jean Rouxel,I1294671590 I4210091049,yes
"Laboratoire de Geologie Structurale , BP 1044 , 44037 NANTES CEDEX",1,,,no
"Laboratoire de Génie Civil, Institut Universitaire de Technologie, BP 420, F-44606 Saint-Nazaire Cedex, France e-mail: gallois@iutsn.univ-nantes.fr, Fax: +33-2-40-17-81-60, FR",1,Instituts Universitaires de Technologie,I4210127465,no
Laboratoire de Géodynamique et Planétologie,1,Laboratoire de Planétologie et Géosciences,I4210146808,yes
"Laboratoire de Géologie UFR Sciences et Technique, CNRS, UMR6112, Université du Mans, Avenue O. Messiaen, 72000 Le Mans, France",1,Centre National de la Recherche Scientifique | Le Mans Université | Laboratoire de Planétologie et Géosciences,I1294671590 I4210108471 I4210146808,yes
"Laboratoire de Géophysique et Planétologie, Facultè des Sciences, 2 rue de la Houssinière, 44072, Nantes, Francef1E-mail: grasset@chimie.univ-nantes.frf1",1,Laboratoire de Planétologie et Géosciences,I4210146808,yes
"Laboratoire de Linguistique de Nantes, CNRS/Nantes Universit´",1,Centre National de la Recherche Scientifique | Laboratoire de Linguistique de Nantes,I1294671590 I4387152679,yes
"Laboratoire de Mathématiques Jean Leray, UMR6629 CNRS/Université de Nantes 2 rue de la Houssinière, France",1,Centre National de la Recherche Scientifique | Laboratoire de Mathématiques Jean Leray | Université de Nantes,I1294671590 I4210153365 I4405260337,yes
"Laboratoire de Parasitologie-Mycologie, Département de Mycologie Médicale, Hôpitaux Universitaires de Nantes, Universités Nantes Atlantique, EA1155-IICiMed, Institut de Recherche en Santé 2, Nantes, France",1,Centre Hospitalier Universitaire de Nantes | Cibles et Médicaments des Infections et de l'Immunité,I3019204325 I4387930219,yes
"Laboratoire de Parasitologie-Mycologie, Institut de Biologie, CHU Nantes, Nantes, France. florent.morio@univ-nantes.fr",1,Centre Hospitalier Universitaire de Nantes,I3019204325,no
"Laboratoire de Parasitologie-Mycologie, Nantes University Hospital, Nantes, 44000, France",1,Centre Hospitalier Universitaire de Nantes,I3019204325,no
"Laboratoire de Pharmacologie, UFR de médecine de Nantes, 9, quai Moncousu, 44093 Nantes cedex 01, France. ylenorm@sante.uni-nantes.fr",1,,,no
"Laboratoire de Physiologie Générale , CNRS UMR 6018 , Faculté des Sciences et des Techniques de Nantes , 2 rue de la Houssinière , 44322 Nantes , France",1,Centre National de la Recherche Scientifique,I1294671590,no
"Laboratoire de Physiologie Générale, CNRS EP1593, Faculté des Sciences et des Techniques, 2 Rue de la Houssinière, BP 92208, F-44322 Nantes cedex 3, France, , , , ,",1,Centre National de la Recherche Scientifique,I1294671590,no
"Laboratoire de Physiologie Générale, CNRS EP1593, Faculté des Sciences et des Techniques, Nantes, France",1,Centre National de la Recherche Scientifique,I1294671590,no
"Laboratoire de Physiologie Générale, Centre National de la Recherche Scientifique CNRS UMR 6018, Faculté des Sciences et Techniques, 2 rue de la Houssinière, 44322 Nantes cedex 03, France. Claude.Leoty@svt.univ-nantes.fr",1,Centre National de la Recherche Scientifique,I1294671590,no
"Laboratoire de Physiologie Générale, EP CNRS 1593, Faculté des Sciences et des Techniques, Nantes, France",1,Centre National de la Recherche Scientifique,I1294671590,no
"Laboratoire de Physiologie U.E.R. de Médecine, Nantes, France",1,,,no
"Laboratoire de Physiologie, U.E.R. de Médecine et Unité de Recherche C.N.R.S., Nantes, France",1,Centre National de la Recherche Scientifique,I1294671590,no
"Laboratoire de Physiologie, U.E.R. de Médecine, Nantes et Unité CNRS, France",1,Centre National de la Recherche Scientifique,I1294671590,no
"Laboratoire de Physiologie, UER de Médecine et Unité de Recherche CNRS 1340, Nantes, France",1,Centre National de la Recherche Scientifique,I1294671590,no
"Laboratoire de Physiologie--U.E.R. de Médecine, Nantes, France",1,,,no
"Laboratoire de Physiologie-U.E.R. de Médecine, Nantes, France",1,,,no
"Laboratoire de Physiopathologie de La Résorption Osseuse, INSERM-UN UMR 957, Nantes, France",1,Inserm,I154526488,no
"Laboratoire de Physiopathologie de la Résorption Osseuse, Inserm UMR S 1238, Nantes, France",1,Inserm,I154526488,no
"Laboratoire de Physiopathologie et Pharmacologie Cellulaires et Moléculaires, INSERM CJF 96-01, CHU de Nantes, Nantes, France",1,Inserm | Centre Hospitalier Universitaire de Nantes,I154526488 I3019204325,no
"Laboratoire de Physiopathologie et Pharmacologie Cellulaires et Moléculaires, INSERM CJF 96-01, CHU de Nantes, 44322 Nantes, France. chantal.gauthier@sante.univ-nantes.fr",1,Inserm | Centre Hospitalier Universitaire de Nantes,I154526488 I3019204325,no
"Laboratoire de Physiopathologie et de Pharmacologie Cellulaires et Moléculaires, INSERM U533, Faculté de Médecine , 1 Rue Gaston Veil, BP 53508, 44035, Nantes, Cedex 1 ,",1,Inserm,I154526488,no
"Laboratoire de Physique Cristalline , I.P.C.M. (UMR - CNRS 110), 2, rue de la Houssinière, 44072, NANTES, CEDEX, 03, (France)",1,Centre National de la Recherche Scientifique,I1294671590,no
"Laboratoire de Physique Cristalline, I.P.C.M. (UMR - CNRS 110), 2, rue de la Houssinière, 44072, NANTES, CEDEX, 03, (France)",1,Centre National de la Recherche Scientifique,I1294671590,no
"Laboratoire de Physique Cristalline, IMN, 2, rue de la Houssinière, 44072 Nantes Cedex 03, France",1,Institut des Matériaux Jean Rouxel,I4210091049,yes
"Laboratoire de Physique Cristalline, Institut des Matériaux Jean Rouxel, Ecole Polytechnique de l’Université de Nantes, 44072 Nantes Cedex, France",1,Institut des Matériaux Jean Rouxel,I4210091049,yes
"Laboratoire de Physique Cristalline,, Faculté des Sciences et Techniques, CNRS-UMR 110, IMN 2 Rue de la Houssinière BP 92208, 44322 Nantes Cedex 03, France
, , , , , , FR",1,Centre National de la Recherche Scientifique,I1294671590,no
"Laboratoire de Physique Nucléaire de Nantes, 2, rue de la Houssinière, 44072, Nantes, France",1,,,no
"Laboratoire de Physique Nucléaire, IN2P3/CNRS et Université de Nantes, F-44072 Nantes Cedex 03, France",1,Centre National de la Recherche Scientifique | Institut National de Physique Nucléaire et de Physique des Particules | Université de Nantes,I1294671590 I4210133362 I4405260337,yes
"Laboratoire de Plan étologie et G éodynamique de Nantes, UMR-CNRS 6112, Universit é de Nantes, Nantes, France",1,Centre National de la Recherche Scientifique | Laboratoire de Planétologie et Géosciences,I1294671590 I4210146808,yes
"Laboratoire de Plan´etologie et G´eodynamique, CNRS, UMR 6112, Universit´e de Nantes, Nantes, France",1,Centre National de la Recherche Scientifique | Laboratoire de Planétologie et Géosciences,I1294671590 I4210146808,yes
"Laboratoire de Planétologie de Nantes, CNRS, Nantes, France",1,Centre National de la Recherche Scientifique | Laboratoire de Planétologie et Géosciences,I1294671590 I4210146808,yes
"Laboratoire de Planétologie et Géodynamique (LPG) CNRS, UMR 6112, Nantes, France",1,Centre National de la Recherche Scientifique | Laboratoire de Planétologie et Géosciences,I1294671590 I4210146808,yes
"Laboratoire de Planétologie et Géodynamique (LPG), CNRS, Nantes, France",1,Centre National de la Recherche Scientifique | Laboratoire de Planétologie et Géosciences,I1294671590 I4210146808,yes
"Laboratoire de Planétologie et Géodynamique (LPG), Nantes, France",1,Laboratoire de Planétologie et Géosciences,I4210146808,yes
"Laboratoire de Planétologie et Géodynamique (UMR6112), Le Mans Université, Le Mans, France (loic.bouat@univ-lemans.fr)",1,Le Mans Université,I4210108471,no
"Laboratoire de Planétologie et Géodynamique Bio-Indicateur Actuels et Fossiles, LPG-BIAF, CNRS - UMR 6112, Université d'Angers UFR Sciences, CNRS, 2 Boulevard Lavoisier, 49000 Angers, France",1,Université d'Angers | Centre National de la Recherche Scientifique | Laboratoire de Planétologie et Géosciences,I49451733 I1294671590 I4210146808,yes
"Laboratoire de Planétologie et Géodynamique CNRS, Univ Nantes, Univ Angers  Nantes France",1,Université d'Angers | Centre National de la Recherche Scientifique | Laboratoire de Planétologie et Géosciences,I49451733 I1294671590 I4210146808,yes
"Laboratoire de Planétologie et Géodynamique UMR 6112, CNRS, Nantes, France",1,Centre National de la Recherche Scientifique | Laboratoire de Planétologie et Géosciences,I1294671590 I4210146808,yes
Laboratoire de Planétologie et Géodynamique UMR6112 Univ. Nantes Univ. Angers CNRS  Nantes Cedex 3 France,1,Centre National de la Recherche Scientifique | Laboratoire de Planétologie et Géosciences,I1294671590 I4210146808,yes
"Laboratoire de Planétologie et Géodynamique UMR6112‐CNRS, Univ. Nantes, Univ. Angers  Nantes France",1,Centre National de la Recherche Scientifique | Laboratoire de Planétologie et Géosciences,I1294671590 I4210146808,yes
"Laboratoire de Planétologie et Géodynamique de Nantes UMR-CNRS 6112, 2 rue de la Houssinière, BP 92208, 44322 Nantes Cedex 3, France",1,Centre National de la Recherche Scientifique | Laboratoire de Planétologie et Géosciences,I1294671590 I4210146808,yes
Laboratoire de Planétologie et Géodynamique de Nantes – UMR6112 – France,1,Laboratoire de Planétologie et Géosciences,I4210146808,yes
"Laboratoire de Planétologie et Géodynamique de Nantes, F-44300 Nantes, France",1,Laboratoire de Planétologie et Géosciences,I4210146808,yes
Laboratoire de Planétologie et Géodynamique – UMR CNRS 6112 – Le Mans Université (stephane.al_reda@univ-lemans.fr),1,Centre National de la Recherche Scientifique | Le Mans Université,I1294671590 I4210108471,no
"Laboratoire de Planétologie et Géodynamique, CNRS UMR 6112, 2 rue de la Houssinière, 44322, Nantes Cedex 3, France",1,Centre National de la Recherche Scientifique | Laboratoire de Planétologie et Géosciences,I1294671590 I4210146808,yes
"Laboratoire de Planétologie et Géodynamique, CNRS, Nantes, France",1,Centre National de la Recherche Scientifique | Laboratoire de Planétologie et Géosciences,I1294671590 I4210146808,yes
"Laboratoire de Planétologie et Géodynamique, LPG Nantes, Nantes, France",1,Laboratoire de Planétologie et Géosciences,I4210146808,yes
"Laboratoire de Planétologie et Géodynamique, UMR 6112, CNRS - Département de Géosciences, Le Mans Université, Le Mans, France",1,Centre National de la Recherche Scientifique | Le Mans Université | Laboratoire de Planétologie et Géosciences,I1294671590 I4210108471 I4210146808,yes
"Laboratoire de Planétologie et Géodynamique, UMR 6112, Nantes University, CNRS, Nantes, France",1,Centre National de la Recherche Scientifique | Laboratoire de Planétologie et Géosciences,I1294671590 I4210146808,yes
"Laboratoire de Planétologie et Géodynamique, UMR 6112, Univ. Nantes, Univ. Angers, CNRS, Nantes, France",1,Centre National de la Recherche Scientifique | Laboratoire de Planétologie et Géosciences,I1294671590 I4210146808,yes
"Laboratoire de Planétologie et Géodynamique, UMR CNRS 6112, Nantes, France",1,Centre National de la Recherche Scientifique | Laboratoire de Planétologie et Géosciences,I1294671590 I4210146808,yes
"Laboratoire de Planétologie et Géodynamique, UMR CNRS Universitéde Nantes  Nantes France",1,Centre National de la Recherche Scientifique | Laboratoire de Planétologie et Géosciences,I1294671590 I4210146808,yes
"Laboratoire de Planétologie et Géodynamique, UMR, CNRS 6112, 2 rue de la Houssinière, 44322, Nantes, Cedex 3, France",1,Centre National de la Recherche Scientifique | Laboratoire de Planétologie et Géosciences,I1294671590 I4210146808,yes
"Laboratoire de Planétologie et Géodynamique, UMR6112, CNRS Le Mans Université  Le Mans France",1,Centre National de la Recherche Scientifique | Le Mans Université | Laboratoire de Planétologie et Géosciences,I1294671590 I4210108471 I4210146808,yes
"Laboratoire de Planétologie et Géodynamique, UMR6112, Univ. Nantes, Univ. Angers, CNRS, 2 rue de la Houssinière - BP 92208, 44322, Nantes Cedex 3, France",1,Centre National de la Recherche Scientifique | Laboratoire de Planétologie et Géosciences,I1294671590 I4210146808,yes
"Laboratoire de Planétologie et Géodynamique, UMR6112-CNRS, Univ. Nantes, 2 rue de la Houssinière, BP 92208, 44322 Nantes Cedex 3, France",1,Centre National de la Recherche Scientifique | Laboratoire de Planétologie et Géosciences,I1294671590 I4210146808,yes
"Laboratoire de Planétologie et Géodynamique, Univ. Nantes, Univ. Angers, CNRS, UMR 6112, F-44000 Nantes, France",1,Centre National de la Recherche Scientifique | Laboratoire de Planétologie et Géosciences,I1294671590 I4210146808,yes
"Laboratoire de Planétologie et Géophysique, Nantes, France",1,Laboratoire de Planétologie et Géosciences,I4210146808,yes
"Laboratoire de Planétologie et Géosciences (CNRS), Nantes, France",1,Centre National de la Recherche Scientifique | Laboratoire de Planétologie et Géosciences,I1294671590 I4210146808,yes
"Laboratoire de Planétologie et Géosciences (LPG), Nantes, France",1,Laboratoire de Planétologie et Géosciences,I4210146808,yes
"Laboratoire de Planétologie et Géosciences (LPG), UMR 6112",1,Laboratoire de Planétologie et Géosciences,I4210146808,yes
Laboratoire de Planétologie et Géosciences CNRS University d’Angers Nantes Université Le Mans Université  Angers France,1,Université Nantes Angers Le Mans | Centre National de la Recherche Scientifique | Le Mans Université | Laboratoire de Planétologie et Géosciences,I234216984 I1294671590 I4210108471 I4210146808,yes
Laboratoire de Planétologie et Géosciences LPG UMR 6112 CNRS Le Mans Université Univ Angers Nantes Université  Le Mans France,1,Université Nantes Angers Le Mans | Centre National de la Recherche Scientifique | Le Mans Université | Laboratoire de Planétologie et Géosciences,I234216984 I1294671590 I4210108471 I4210146808,yes
Laboratoire de Planétologie et Géosciences LPG UMR 6112 CNRS Le Mans Université University Angers Nantes Université  Le Mans France,1,Université Nantes Angers Le Mans | Centre National de la Recherche Scientifique | Le Mans Université | Laboratoire de Planétologie et Géosciences,I234216984 I1294671590 I4210108471 I4210146808,yes
Laboratoire de Planétologie et Géosciences LPG UMR 6112 CNRS University of Angers Nantes University Le Mans University  Angers France,1,Université d'Angers | Université Nantes Angers Le Mans | Centre National de la Recherche Scientifique | Le Mans Université | Laboratoire de Planétologie et Géosciences,I49451733 I234216984 I1294671590 I4210108471 I4210146808,yes
"Laboratoire de Planétologie et Géosciences LPG UMR 6112 CNRS, Université d’Angers",1,Université d'Angers | Centre National de la Recherche Scientifique | Laboratoire de Planétologie et Géosciences,I49451733 I1294671590 I4210146808,yes
Laboratoire de Planétologie et Géosciences LPG UMR 6112 Université D’Angers Nantes Université Le Mans Université CNRS  Angers France,1,Université d'Angers | Université Nantes Angers Le Mans | Centre National de la Recherche Scientifique | Le Mans Université | Laboratoire de Planétologie et Géosciences,I49451733 I234216984 I1294671590 I4210108471 I4210146808,yes
Laboratoire de Planétologie et Géosciences Le Mans Université  Le Mans France,1,Le Mans Université,I4210108471,no
Laboratoire de Planétologie et Géosciences Nantes Université CNRS LPG UMR 6112  Nantes France,1,Centre National de la Recherche Scientifique | Laboratoire de Planétologie et Géosciences,I1294671590 I4210146808,yes
Laboratoire de Planétologie et Géosciences Université d'Angers Nantes Université Le Mans Université CNRS  Angers France,1,Université d'Angers | Université Nantes Angers Le Mans | Centre National de la Recherche Scientifique | Le Mans Université | Laboratoire de Planétologie et Géosciences,I49451733 I234216984 I1294671590 I4210108471 I4210146808,yes
"Laboratoire de Planétologie et Géosciences, LPG UMR 6112 Nantes Université CNRS France",1,Centre National de la Recherche Scientifique | Laboratoire de Planétologie et Géosciences,I1294671590 I4210146808,yes
"Laboratoire de Planétologie et Géosciences, LPG UMR 6112, CNRS Le Mans Université, Univ Angers, Nantes Université  Le Mans France",1,Université Nantes Angers Le Mans | Centre National de la Recherche Scientifique | Le Mans Université | Laboratoire de Planétologie et Géosciences,I234216984 I1294671590 I4210108471 I4210146808,yes
"Laboratoire de Planétologie et Géosciences, Nantes, France",1,Laboratoire de Planétologie et Géosciences,I4210146808,yes
"Laboratoire de Planétologie et Géosciences, Université d'Angers, Nantes Université Le Mans Université, CNRS UMR 6112  Angers France",1,Université d'Angers | Université Nantes Angers Le Mans | Centre National de la Recherche Scientifique | Le Mans Université | Laboratoire de Planétologie et Géosciences,I49451733 I234216984 I1294671590 I4210108471 I4210146808,yes
"Laboratoire de Planétologie et de Géodynamique (LPG), UMR 6112 – CNRS, Le Mans Université, 72085 Le Mans, France",1,Centre National de la Recherche Scientifique | Le Mans Université | Laboratoire de Planétologie et Géosciences,I1294671590 I4210108471 I4210146808,yes
Laboratoire de Planétologie et de Géodynamique CNRS Le Mans Université Le Mans France,1,Centre National de la Recherche Scientifique | Le Mans Université,I1294671590 I4210108471,no
"Laboratoire de Planétologie et de Géosciences (LPG) UMR 6112, 2 rue de la Houssinière - BP 92208, 44322 Nantes Cedex 3, France",1,Laboratoire de Planétologie et Géosciences,I4210146808,yes
"Laboratoire de Planétologie et de Géosciences, UMR 6112, Nantes, France",1,Laboratoire de Planétologie et Géosciences,I4210146808,yes
"Laboratoire de Psychologie des Pays de La Loire, Angers University, Angers, France",1,Université d'Angers | Laboratoire de Psychologie des Pays de la Loire,I49451733 I4210089331,yes
"Laboratoire de Psychologie des Pays de la Loire (EA4638), Université d’Angers, Angers, France",1,Université d'Angers | Laboratoire de Psychologie des Pays de la Loire,I49451733 I4210089331,yes
Laboratoire de Psychologie des Pays de la Loire (LPPL - EA 4638),1,Laboratoire de Psychologie des Pays de la Loire,I4210089331,yes
"Laboratoire de Psychologie des Pays de la Loire (LPPL EA 4638), SFR Confluences, Maison de la Recherche Germaine Tillion, Université d’Angers, 5 bis Boulevard Lavoisier, CEDEX 01, 49045 Angers, France",1,Université d'Angers | Laboratoire de Psychologie des Pays de la Loire,I49451733 I4210089331,yes
"Laboratoire de Psychologie des Pays de la Loire (LPPL – EA 4638), Universités d'Angers et Nantes, Nantes, France",1,Laboratoire de Psychologie des Pays de la Loire,I4210089331,yes
"Laboratoire de Psychologie des Pays de la Loire (LPPL), EA 4638 49100 Angers France",1,Laboratoire de Psychologie des Pays de la Loire,I4210089331,yes
"Laboratoire de Psychologie des Pays de la Loire (LPPL), EA 4638, Angers, France",1,Laboratoire de Psychologie des Pays de la Loire,I4210089331,yes
"Laboratoire de Psychologie des Pays de la Loire (LPPL, EA 4638), SFR Confluences, Univ Angers-Univ Nantes, University of Angers, Angers, France",1,Université d'Angers | Laboratoire de Psychologie des Pays de la Loire,I49451733 I4210089331,yes
"Laboratoire de Psychologie des Pays de la Loire (LPPL-EA4638), Université d'Angers, Angers 49045, France",1,Université d'Angers | Laboratoire de Psychologie des Pays de la Loire,I49451733 I4210089331,yes
"Laboratoire de Psychologie des Pays de la Loire (LPPL-EA4638), Université d'Angers, Angers, France",1,Université d'Angers | Laboratoire de Psychologie des Pays de la Loire,I49451733 I4210089331,yes
"Laboratoire de Psychologie des Pays de la Loire (LUNAM) UPRES EA 4638, University of Angers, Angers, France",1,Université d'Angers | Laboratoire de Psychologie des Pays de la Loire,I49451733 I4210089331,yes
Laboratoire de Psychologie des Pays de la Loire LPPL EA 4638 SFR Confluences UNIV Angers Nantes Université Angers France,1,Université d'Angers | Laboratoire de Psychologie des Pays de la Loire,I49451733 I4210089331,yes
"Laboratoire de Psychologie des Pays de la Loire UPRES EA 4638, SFR Confluences, Université d'Angers - Maison de la recherche Germaine Tillion, Angers, France",1,Université d'Angers | Laboratoire de Psychologie des Pays de la Loire,I49451733 I4210089331,yes
"Laboratoire de Psychologie des Pays de la Loire UPRES EA 4638, SFR Confluences, Université d’Angers - Maison de la recherche Germaine Tillion, Angers, France",1,Université d'Angers | Laboratoire de Psychologie des Pays de la Loire,I49451733 I4210089331,yes
"Laboratoire de Psychologie des Pays de la Loire, LPPL",1,Laboratoire de Psychologie des Pays de la Loire,I4210089331,yes
"Laboratoire de Psychologie des Pays de la Loire, LPPL EA 4638, SFR Confluences, UNIV Angers,",1,Université d'Angers | Laboratoire de Psychologie des Pays de la Loire,I49451733 I4210089331,yes
"Laboratoire de Psychologie des Pays de la Loire, LPPL EA 4638, SFR Confluences, UNIV Angers, Maison de la recherche Germaine Tillion, 5 bis Boulevard Lavoisier, CEDEX 01, F-49045 Angers, France",1,Université d'Angers | Laboratoire de Psychologie des Pays de la Loire,I49451733 I4210089331,yes
"Laboratoire de Psychologie des Pays de la Loire, LPPL EA 4638, SFR Confluences, University Angers and University Nantes, France",1,Université d'Angers | Laboratoire de Psychologie des Pays de la Loire,I49451733 I4210089331,yes
"Laboratoire de Psychologie des Pays de la Loire, LPPL EA 4638, SFR Confluences, University of Angers, 44312 Angers, France",1,Université d'Angers | Laboratoire de Psychologie des Pays de la Loire,I49451733 I4210089331,yes
"Laboratoire de Psychologie des Pays de la Loire, Nantes University, LPPL, Nantes, France",1,Laboratoire de Psychologie des Pays de la Loire,I4210089331,yes
"Laboratoire de Psychologie des Pays de la Loire, Université d’Angers, LPPL EA 4638, 49000 Angers, France",1,Université d'Angers | Laboratoire de Psychologie des Pays de la Loire,I49451733 I4210089331,yes
"Laboratoire de Psychologie, LPPL EA4638, Université d'Angers, Maison des sciences humaines, 5, bis boulevard Lavoisier, 49045 Angers cedex 01, France",1,Université d'Angers | Laboratoire de Psychologie des Pays de la Loire,I49451733 I4210089331,yes
"Laboratoire de Recherche sur les Materiaux d'Intérêt Biologique INSERM 99-03, Faculté de Chirurgie Dentaire, Nantes, France",1,Inserm,I154526488,no
"Laboratoire de Recherche sur les Materiaux d'Intéret Biologique CNRS-INSERM, Faculté de Chirurgie Dentaire, Nantes, France",1,Inserm | Centre National de la Recherche Scientifique,I154526488 I1294671590,no
"Laboratoire de Recherche sur les Matériaux d'intérêt biologique, Equipe INSERM, Faculté de Chirurgie Dentaire, Nantes, France",1,Inserm,I154526488,no
"Laboratoire de Recherche sur les Matériaux d'Intérêt Biologique INSERM 99-03 , Faculté de Chirurgie Dentaire , Nantes , France",1,Inserm,I154526488,no
"Laboratoire de Recherche sur les Matériaux d'Intérêt Biologique INSERM 99-03, Faculté de Chirurgie Dentaire, 1 Place Alexis Ricordeau, 44042 Nantes Cedex 01, France. ibrahim.khairoun@sante.univ-nantes.fr",1,Inserm,I154526488,no
"Laboratoire de Recherche sur les Matériaux d'intérêt biologique, Equipe INSERM Faculté de Chirurgie Dentaire, Nantes, France",1,Inserm,I154526488,no
"Laboratoire de Recherche sur les Matériaux d'intérêt biologique, Equipe INSERM, Faculté de Chirurgie Dentaire, Nantes, France",1,Inserm,I154526488,no
"Laboratoire de Synthèse Organique, CNRS UMR 6513, Faculté des Sciences et des Techniques de Nantes, BP 92208, 2 rue de la Houssinière, 44322 Nantes Cedex 3, France; Fax (33) 2.40.74.50.00; E-mail: villiera@chimie.univ-nantes.fr",1,Centre National de la Recherche Scientifique,I1294671590,no
"Laboratoire de Synthèse Organique, UMR 6513 CNRS Faculté des Sciences et des Techniques de Nantes, B.P. 92208 2, rue de la Houssinière, 44322 Nantes, France. odobel@chimie.univ-nantes.fr",1,Centre National de la Recherche Scientifique,I1294671590,no
"Laboratoire de Synthèse Organique, UMR 6513 du CNRS, Faculté des Sciences et des Techniques de Nantes, 2 rue de la Houssinière, 44072 Nantes Cedex 03 - France, Fax: (33)02.40.74.50.00; E-mail: quintard@chimie.univ-nantes.fr",1,Centre National de la Recherche Scientifique,I1294671590,no
"Laboratoire de Synthèse Organique, UMR 6513 du CNRS, Faculté des Sciences et des Techniques de Nantes, 2, rue de la Houssinière, BP 92208, 44322 Nantes Cedex 3, France; Fax (33).2.51.12.54.12; E-mail: quintard@chimie.univ-nantes.fr",1,Centre National de la Recherche Scientifique,I1294671590,no
"Laboratoire de Synthèse Organique, UMR CNRS 6513, Faculté des Sciences et Techniques, 2, rue de la Houssinière, BP 92208 - F44322 Nantes Cedex 03, France; Fax +33(2)51 12 54 12; E-mail: villiera@chimie.univ-nantes.fr",1,Centre National de la Recherche Scientifique,I1294671590,no
"Laboratoire de Synthèse Organique, Univ. Nantes-CNRS, 2 rue de la Houssinière, 44322 Nantes, France",1,Centre National de la Recherche Scientifique,I1294671590,no
"Laboratoire de Thermocinetique de Nantes, CNRS UMR 6607, Rue Christian Pauc, École Polytechnique de l’Université_de Nantes, 44300 Nantes, France",1,Centre National de la Recherche Scientifique | Laboratoire de Thermique et Energie de Nantes,I1294671590 I4210109587,yes
"Laboratoire de Thermocinétique (UMR CNRS 6607), École Polytechnique de l'Université de Nantes, rue Ch. Pauc, BP 50607, 44306 Nantes cedex 3, France",1,Centre National de la Recherche Scientifique | Laboratoire de Thermique et Energie de Nantes,I1294671590 I4210109587,yes
"Laboratoire de Thermocinétique , Ecole Polytechnique de l'Université de Nantes ,  France",1,Laboratoire de Thermique et Energie de Nantes,I4210109587,yes
"Laboratoire de Thermocinétique UMR CNRS 6607, Ecole Polytechnique de l’Université de Nantes, La Chantrerie, BP 50609, F-44306 NANTES Cedex 03, France",1,Centre National de la Recherche Scientifique | Laboratoire de Thermique et Energie de Nantes,I1294671590 I4210109587,yes
"Laboratoire de Thermocinétique de Nantes (LTN), UMR CNRS 6607, Ecole Polytechnique de l'Université de Nantes, 44306 Nantes, France",1,Centre National de la Recherche Scientifique | Laboratoire de Thermique et Energie de Nantes,I1294671590 I4210109587,yes
"Laboratoire de Thermocinétique de Nantes (LTN), UMR CNRS 6607, Ecole Polytechnique de l'Université de Nantes, 44306, Nantes, France",1,Centre National de la Recherche Scientifique | Laboratoire de Thermique et Energie de Nantes,I1294671590 I4210109587,yes
"Laboratoire de Thermocinétique de Nantes (LTN), UMR CNRS 6607, Ecole Polytechnique de l'Université de Nantes, UNAM, Rue Christian Pauc, BP 50609, Nantes, 44306, Cedex 03, France",1,Centre National de la Recherche Scientifique | Laboratoire de Thermique et Energie de Nantes,I1294671590 I4210109587,yes
"Laboratoire de Thermocinétique de Nantes (LTN), UMR CNRS 6607, Ecole Polytechnique de l’Université de Nantes, 44306, Nantes, France",1,Centre National de la Recherche Scientifique | Laboratoire de Thermique et Energie de Nantes,I1294671590 I4210109587,yes
"Laboratoire de Thermocinétique de Nantes (LTN), UMR CNRS 6607, Ecole Polytechnique de l’Université de Nantes, France",1,Centre National de la Recherche Scientifique | Laboratoire de Thermique et Energie de Nantes,I1294671590 I4210109587,yes
"Laboratoire de Thermocinétique de Nantes (LTN), UMR CNRS 6607, Ecole Polytechnique de l’Université de Nantes, UNAM, Rue Christian Pauc, BP 50609, Nantes, 44306, Cedex 03, France",1,Centre National de la Recherche Scientifique | Laboratoire de Thermique et Energie de Nantes,I1294671590 I4210109587,yes
"Laboratoire de Thermocinétique de Nantes (LTN), UMR CNRS 6607, École Polytechnique de l’Université de Nantes, France",1,Centre National de la Recherche Scientifique | Laboratoire de Thermique et Energie de Nantes,I1294671590 I4210109587,yes
"Laboratoire de Thermocinétique de Nantes, CNRS UMR 6607, Ecole Polytechnique de I’Université de Nantes, France",1,Centre National de la Recherche Scientifique | Laboratoire de Thermique et Energie de Nantes,I1294671590 I4210109587,yes
"Laboratoire de Thermocinétique de Nantes, CNRS-UMR 6607, Ecole Polytechnique de l’Université de Nantes, Nantes, France",1,Centre National de la Recherche Scientifique | Laboratoire de Thermique et Energie de Nantes,I1294671590 I4210109587,yes
"Laboratoire de Thermocinétique de Nantes, LTN, UMR 6607, Ecole Polytechnique de l’Université de Nantes, site de la Chantrerie, rue Christian Pauc BP 50609, F-44306 Nantes, Cedex 3, France",1,Laboratoire de Thermique et Energie de Nantes,I4210109587,yes
"Laboratoire de Thermocinétique de Nantes, UMR CNRS 6607 Ecole Polytechnique de l'Université de Nantes, La Chantrerie Rue Christian Pauc, 44306 Nantes Cedex 03, France",1,Centre National de la Recherche Scientifique | Laboratoire de Thermique et Energie de Nantes,I1294671590 I4210109587,yes
"Laboratoire de Thermocinétique de Nantes, UMR CNRS 6607 Ecole Polytechnique de l'Université de Nantes, La Chantrerie Rue Christian Pauc, 44306 Nantes Cedex 03, France,",1,Centre National de la Recherche Scientifique | Laboratoire de Thermique et Energie de Nantes,I1294671590 I4210109587,yes
"Laboratoire de Thermocinétique de Nantes, UMR CNRS 6607, Ecole Polytechnique de l’Université de Nantes, Nantes Atlantique Universités, La Chantrerie, Rue Christian Pauc, BP 50609 44306 Nantes, Cedex 03, France",1,Centre National de la Recherche Scientifique | Laboratoire de Thermique et Energie de Nantes,I1294671590 I4210109587,yes
"Laboratoire de Thermocinétique de l’École Polytechnique de l’Université de Nantes, UMR CNRS 6607 Rue Christian Pauc, BP 50609 44306 Nantes cedex, France",1,Centre National de la Recherche Scientifique | Laboratoire de Thermique et Energie de Nantes,I1294671590 I4210109587,yes
"Laboratoire de Thermocinétique de l’École Polytechnique de l’Université de Nantes, UMR CNRS 6607, Nantes cedex, France",1,Centre National de la Recherche Scientifique | Laboratoire de Thermique et Energie de Nantes,I1294671590 I4210109587,yes
"Laboratoire de Thermocinétique, CNRS UMR 660 7, École polytechnique de l'Université de Nantes, La Chantrerie, BP 50609, Nantes, F-44306, France",1,Centre National de la Recherche Scientifique | Laboratoire de Thermique et Energie de Nantes,I1294671590 I4210109587,yes
"Laboratoire de Thermocinétique, CNRS-UMR 6607 Ecole Polytechnique de l’Université de Nantes, Rue Christian Pauc, BP 50609, F-44306 Nantes Cedex 3, France",1,Centre National de la Recherche Scientifique | Laboratoire de Thermique et Energie de Nantes,I1294671590 I4210109587,yes
"Laboratoire de Thermocinétique, CNRS-UMR 6607, Ecole Polytechnique de l’Université de Nantes, BP 50609, F-44306 Nantes, France",1,Centre National de la Recherche Scientifique | Laboratoire de Thermique et Energie de Nantes,I1294671590 I4210109587,yes
"Laboratoire de Thermocinétique, Ecole Polytechnique de l'Université de Nantes, 44306 Nantes Cedex 03, France",1,Laboratoire de Thermique et Energie de Nantes,I4210109587,yes
"Laboratoire de Thermocinétique, UMR 660 CNRS-Ecole Polytechnique de l'Université de Nantes, BP 50609, Nantes 44306, France",1,Centre National de la Recherche Scientifique | Laboratoire de Thermique et Energie de Nantes,I1294671590 I4210109587,yes
"Laboratoire de Thermocinétique, UMR CNRS 6607 Ecole Polytechnique de l'Université de Nantes  Nantes France",1,Centre National de la Recherche Scientifique | Laboratoire de Thermique et Energie de Nantes,I1294671590 I4210109587,yes
"Laboratoire de Thermocinétique, UMR CNRS 6607 Ecole Polytechnique de l'Université de Nantes rue C. Pauc  BP50609 44306 Nantes cedex 03 France",1,Centre National de la Recherche Scientifique | Laboratoire de Thermique et Energie de Nantes,I1294671590 I4210109587,yes
"Laboratoire de Thermocinétique, UMR CNRS 6607, Ecole Polytechnique de l'Université de Nantes, 3 rue Christian Pauc, 44300 Nantes, France",1,Centre National de la Recherche Scientifique | Laboratoire de Thermique et Energie de Nantes,I1294671590 I4210109587,yes
"Laboratoire de Thermocinétique, UMR CNRS 6607, Ecole Polytechnique de l'Université de Nantes, BP 90604, 44306 Nantes, France",1,Centre National de la Recherche Scientifique | Laboratoire de Thermique et Energie de Nantes,I1294671590 I4210109587,yes
"Laboratoire de Thermocinétique, UMR CNRS 6607, Ecole Polytechnique de l'Université de Nantes, rue Christian Pauc, 44300 Nantes, France",1,Centre National de la Recherche Scientifique | Laboratoire de Thermique et Energie de Nantes,I1294671590 I4210109587,yes
"Laboratoire de Thermocinétique, UMR CNRS 6607, Ecole Polytechnique de l’Université de Nantes, BP 50609, 44306 Nantes, France",1,Centre National de la Recherche Scientifique | Laboratoire de Thermique et Energie de Nantes,I1294671590 I4210109587,yes
"Laboratoire de Thermocinétique, UMR CNRS 6607, Ecole Polytechnique de l’Université de Nantes, BP50609, 44306 Nantes cedex3, France",1,Centre National de la Recherche Scientifique | Laboratoire de Thermique et Energie de Nantes,I1294671590 I4210109587,yes
"Laboratoire de Thermocinétique, UMR CNRS 6607, Ecole Polytechnique de l’Université de Nantes, BP50609, 44306 Nantes, France",1,Centre National de la Recherche Scientifique | Laboratoire de Thermique et Energie de Nantes,I1294671590 I4210109587,yes
"Laboratoire de Thermocinétique, UMR CNRS 6607, École Polytechnique de l'Université de Nantes, Nantes cedex 03, France",1,Centre National de la Recherche Scientifique | Laboratoire de Thermique et Energie de Nantes,I1294671590 I4210109587,yes
"Laboratoire de Thermocinétique, UMR CNRS6607, Ecole Polytechnique de l'Université de Nantes rue C. Pauc – BP50609 – 44306 Nantes Cedex 03, France",1,Centre National de la Recherche Scientifique | Laboratoire de Thermique et Energie de Nantes,I1294671590 I4210109587,yes
"Laboratoire de Thermocinétique, UMR CNRS6607, Ecole Polytechnique de l’Université de Nantes, Nantes Cedex 03, France",1,Centre National de la Recherche Scientifique | Laboratoire de Thermique et Energie de Nantes,I1294671590 I4210109587,yes
"Laboratoire de Thermocinétique, UMR-CNRS 6607 École Polytechnique de l'Université de Nantes, Rue Christian Pauc, BP 50609, 44306 Nantes cedex 3, France",1,Centre National de la Recherche Scientifique | Laboratoire de Thermique et Energie de Nantes,I1294671590 I4210109587,yes
"Laboratoire de Thermocinétique, École polytechnique de l'Université de Nantesrue Christian Pauc, La Chantrerie, BP 50609, 44306 Nantes Cedex 3, France",1,Laboratoire de Thermique et Energie de Nantes,I4210109587,yes
"Laboratoire de Thermocinétique-U.M.R. CNRS no 6607, Ecole Polytechnique de l’Université de Nantes, B.P. 50509, 44306, Nantes Cedex 03, France",1,Centre National de la Recherche Scientifique | Laboratoire de Thermique et Energie de Nantes,I1294671590 I4210109587,yes
Laboratoire de Thermocinétique. UMR CNRS6607. Ecole Polytechnique de l'Université de Nantes rue C Nantes Cedex 03 France,1,Centre National de la Recherche Scientifique | Laboratoire de Thermique et Energie de Nantes,I1294671590 I4210109587,yes
"Laboratoire de Thérapie Génique, CHU Hôtel-Dieu, Nantes, France. moullier@sante-univ-nantes.fr",1,Centre Hospitalier Universitaire de Nantes | Gene Therapy Laboratory,I3019204325 I4210090250,yes
"Laboratoire de Virologie, Institut de Biologie des Hopitaux de Nantes, Nantes, FRANCE. bmimbert@sante.univ-nantes.fr",1,,,no
"Laboratoire de Virologie, Institut de Biologie, CHRU de Nantes, France. sbi@sante.univ-nantes.fr",1,Centre Hospitalier Universitaire de Nantes,I3019204325,no
Laboratoire de biochimie spécialisée Inserm U913 University Hospital of Nantes Nantes France,1,Inserm,I154526488,no
"Laboratoire de médecine légale, U.E.R. de Médecine, 1, rue Gaston-Veil 44035 Nantes, France. Olivier.Rodat@sante.univ-nantes.fr",1,,,no
"Laboratoire de physique cristalline, IMN, 2, rue de la Houssinière, 44070 Nantes Cedex 03, France",1,Institut des Matériaux Jean Rouxel,I4210091049,yes
"Laboratoire de physique cristalline, IMN, 2, rue de la Houssinière, 44072 Nantes Cedex 03, France",1,Institut des Matériaux Jean Rouxel,I4210091049,yes
"Laboratoire de planetologie et geodynamique, LPG, CNRS",1,Centre National de la Recherche Scientifique | Laboratoire de Planétologie et Géosciences,I1294671590 I4210146808,yes
"Laboratoire de planétologie et géodynamique, UMR-CNRS 6112, Nantes University, University of Angers, France",1,Université d'Angers | Centre National de la Recherche Scientifique | Laboratoire de Planétologie et Géosciences,I49451733 I1294671590 I4210146808,yes
"Laboratoire de psychologie des Pays de la Loire (EA 4638), Université d'Angers, Angers, France",1,Université d'Angers | Laboratoire de Psychologie des Pays de la Loire,I49451733 I4210089331,yes
"Laboratoire de psychologie des Pays de la Loire, LPPL, EA 4638 Univ. Nantes Nantes France",1,Laboratoire de Psychologie des Pays de la Loire,I4210089331,yes
"Laboratoire de psychologie des Pays de la Loire, LPPL, Univ Nantes, Nantes, France",1,Laboratoire de Psychologie des Pays de la Loire,I4210089331,yes
"Laboratoire de psychologie des Pays-de-la-Loire (LPPL), UPRES EA 4638, université d’Angers, France",1,Université d'Angers | Laboratoire de Psychologie des Pays de la Loire,I49451733 I4210089331,yes
"Laboratoire de psychologie, LPPL EA4638, université d’Angers, Angers, France",1,Université d'Angers | Laboratoire de Psychologie des Pays de la Loire,I49451733 I4210089331,yes
"Laboratoire de robotique, Département de génie mécanique, Laboratoire des Sciences du, Numérique de Nantes, Université Laval, UMR 6004, Québec, QC, Canada",1,Université Laval | Laboratoire des Sciences du Numérique de Nantes,I43406934 I4210117005,yes
"Laboratoire de thermocinétique, UMR CNRS 6607, École polytechnique de l'Université de Nantes, rue C. Pauc, BP50609, 44306 Nantes cedex 3, France",1,Centre National de la Recherche Scientifique | Laboratoire de Thermique et Energie de Nantes,I1294671590 I4210109587,yes
"Laboratoire de toxicologie, Faculté de pharmacie, Nantes, France",1,,,no
"Laboratoire des Explorations Fonctionnelles, Nantes University Hospital, Nantes, France",1,Centre Hospitalier Universitaire de Nantes,I3019204325,no
"Laboratoire des Plasmas et des Couches Minces, Institut des Matériaux J. Rouxel, UMR 6502-CNRS, Ecole Polytechnique de l'Université de Nantes, 44322 Nantes Cedex 3, France",1,Centre National de la Recherche Scientifique | Institut des Matériaux Jean Rouxel,I1294671590 I4210091049,yes
"Laboratoire des Plasmas et des Couches Minces, Institut des Matériaux J. Rouxel, UMR 6502-CNRS, Ecole Polytechnique de l'Université de Nantes, Nantes Cedex 3 44322, France",1,Centre National de la Recherche Scientifique | Institut des Matériaux Jean Rouxel,I1294671590 I4210091049,yes
"Laboratoire des Plasmas et des Couches Minces, Institut des Matériaux de Nantes, UMR 6502-CNRS-Univ de Nantes, France",1,Centre National de la Recherche Scientifique | Institut des Matériaux Jean Rouxel,I1294671590 I4210091049,yes
"Laboratoire des Sciences Du Numerique de Nantes (LS2N), 2 Chemin de La Houssinière, Nantes, France",1,Laboratoire des Sciences du Numérique de Nantes,I4210117005,yes
Laboratoire des Sciences du Num&#x00E9;rique de Nantes (LS2N) Ecole Centrale de Nantes,1,École Centrale de Nantes | Laboratoire des Sciences du Numérique de Nantes,I100445878 I4210117005,yes
"Laboratoire des Sciences du Num&#x00E9;rique de Nantes (LS2N), &#x00C8;cole Centrale de Nantes, France",1,École Centrale de Nantes | Laboratoire des Sciences du Numérique de Nantes,I100445878 I4210117005,yes
"Laboratoire des Sciences du Num&#x00E9;rique de Nantes (LS2N), Centre National de la Recherche Scientifique (CNRS), Nantes, France",1,Centre National de la Recherche Scientifique | Laboratoire des Sciences du Numérique de Nantes,I1294671590 I4210117005,yes
"Laboratoire des Sciences du Num&#x00E9;rique de Nantes (LS2N), The Centre National de la Recherche Scientifique (CNRS), Nantes, France",1,Centre National de la Recherche Scientifique | Laboratoire des Sciences du Numérique de Nantes,I1294671590 I4210117005,yes
"Laboratoire des Sciences du Num&#x00E9;rique, Centre National de la Recherche Scientifique, Nantes, France",1,Centre National de la Recherche Scientifique | Laboratoire des Sciences du Numérique de Nantes,I1294671590 I4210117005,yes
"Laboratoire des Sciences du Numerique de Nantes (LS2N), Ecole Centrale de Nantes (ECN) and E-COBOT, France",1,École Centrale de Nantes | Laboratoire des Sciences du Numérique de Nantes,I100445878 I4210117005,yes
"Laboratoire des Sciences du Numerique de Nantes, UMR CNRS no 6004, 1 rue de la Noë, 44321, Nantes, France",1,Centre National de la Recherche Scientifique | Laboratoire des Sciences du Numérique de Nantes,I1294671590 I4210117005,yes
"Laboratoire des Sciences du Numériquc de Nantes LS2N, UMR CNRS 6004 Ecole Centrale de Nantes, Nantes, France",1,École Centrale de Nantes | Centre National de la Recherche Scientifique | Laboratoire des Sciences du Numérique de Nantes,I100445878 I1294671590 I4210117005,yes
"Laboratoire des Sciences du Numérique (LS2N), Centre National de la Recherche Scientifique (CNRS), 1, Rue de la Noë, Nantes, 44300, France",1,Centre National de la Recherche Scientifique | Laboratoire des Sciences du Numérique de Nantes,I1294671590 I4210117005,yes
"Laboratoire des Sciences du Numérique (LS2N), École Centrale de Nantes, France",1,École Centrale de Nantes | Laboratoire des Sciences du Numérique de Nantes,I100445878 I4210117005,yes
"Laboratoire des Sciences du Numérique de Nantes (ECN and CNRS), 1 rue de la Noë, BP 92101, 44321 Nantes Cedex 3, France",1,École Centrale de Nantes | Centre National de la Recherche Scientifique | Laboratoire des Sciences du Numérique de Nantes,I100445878 I1294671590 I4210117005,yes
"Laboratoire des Sciences du Numérique de Nantes (LS2N UMR CNRS 6004), CNRS & Centrale Nantes, Nantes, France",1,École Centrale de Nantes | Centre National de la Recherche Scientifique | Laboratoire des Sciences du Numérique de Nantes,I100445878 I1294671590 I4210117005,yes
"Laboratoire des Sciences du Numérique de Nantes (LS2N UMR CNRS 6004), IMT-Atlantique, Nantes, France",1,Centre National de la Recherche Scientifique | Laboratoire des Sciences du Numérique de Nantes | IMT Atlantique,I1294671590 I4210117005 I4210127572,yes
"Laboratoire des Sciences du Numérique de Nantes (LS2N) UMR CNRS, 6004 ,",1,Centre National de la Recherche Scientifique | Laboratoire des Sciences du Numérique de Nantes,I1294671590 I4210117005,yes
"Laboratoire des Sciences du Numérique de Nantes (LS2N), CNRS UMR 6004, Nantes, France",1,Centre National de la Recherche Scientifique | Laboratoire des Sciences du Numérique de Nantes,I1294671590 I4210117005,yes
"Laboratoire des Sciences du Numérique de Nantes (LS2N), Centre National de la Recherche Scientifique (CNRS), Nantes, France",1,Centre National de la Recherche Scientifique | Laboratoire des Sciences du Numérique de Nantes,I1294671590 I4210117005,yes
"Laboratoire des Sciences du Numérique de Nantes (LS2N), ECN, UMR CNRS 6004, 44321, Nantes, France",1,École Centrale de Nantes | Centre National de la Recherche Scientifique | Laboratoire des Sciences du Numérique de Nantes,I100445878 I1294671590 I4210117005,yes
"Laboratoire des Sciences du Numérique de Nantes (LS2N), Ecole Centrale de Nantes, 1 Rue de la Noë, 44300 Nantes, France",1,École Centrale de Nantes | Laboratoire des Sciences du Numérique de Nantes,I100445878 I4210117005,yes
"Laboratoire des Sciences du Numérique de Nantes (LS2N), Nantes, 44321, France",1,Laboratoire des Sciences du Numérique de Nantes,I4210117005,yes
"Laboratoire des Sciences du Numérique de Nantes (LS2N), UMR 6004, Centre National de la Recherche Scientifique (CNRS), Nantes, France",1,Centre National de la Recherche Scientifique | Laboratoire des Sciences du Numérique de Nantes,I1294671590 I4210117005,yes
"Laboratoire des Sciences du Numérique de Nantes (LS2N), UMR CNRS 6004, 1 rue de la Noe, 44300 Nantes, France",1,Centre National de la Recherche Scientifique | Laboratoire des Sciences du Numérique de Nantes,I1294671590 I4210117005,yes
"Laboratoire des Sciences du Numérique de Nantes (LS2N), UMR CNRS 6004, 1 rue de la Noe, 44321, Nantes, France, --- Select a Country ---",1,Centre National de la Recherche Scientifique | Laboratoire des Sciences du Numérique de Nantes,I1294671590 I4210117005,yes
"Laboratoire des Sciences du Numérique de Nantes (LS2N), UMR CNRS 6004, 1 rue de la Noe, 44321, Nantes, France, Centre National de la Recherche Scientifique (CNRS), France, --- Select a Country ---",1,Centre National de la Recherche Scientifique | Laboratoire des Sciences du Numérique de Nantes,I1294671590 I4210117005,yes
"Laboratoire des Sciences du Numérique de Nantes (LS2N), UMR CNRS 6004, 1 rue de la Noe, 44321, Nantes, France, IMT Atlantique Nantes, 4 rue Alfred-Kastler, 44307, Nantes, France, --- Select a Country ---",1,Centre National de la Recherche Scientifique | Laboratoire des Sciences du Numérique de Nantes | IMT Atlantique,I1294671590 I4210117005 I4210127572,yes
"Laboratoire des Sciences du Numérique de Nantes (LS2N), UMR CNRS 6004, 1 rue de la Noë, 44321, Nantes, France",1,Centre National de la Recherche Scientifique | Laboratoire des Sciences du Numérique de Nantes,I1294671590 I4210117005,yes
"Laboratoire des Sciences du Numérique de Nantes (LS2N), UMR CNRS 6004, 44300, Nantes, France",1,Centre National de la Recherche Scientifique | Laboratoire des Sciences du Numérique de Nantes,I1294671590 I4210117005,yes
"Laboratoire des Sciences du Numérique de Nantes (LS2N), UMR CNRS 6004, Centre national de la Recherche Scientifique (CNRS), Nantes, France",1,Centre National de la Recherche Scientifique | Laboratoire des Sciences du Numérique de Nantes,I1294671590 I4210117005,yes
"Laboratoire des Sciences du Numérique de Nantes (LS2N), UMR CNRS 6004, Ecole Centrale de Nantes, 1 Rue de la Noë, 44321 Nantes, France",1,École Centrale de Nantes | Centre National de la Recherche Scientifique | Laboratoire des Sciences du Numérique de Nantes,I100445878 I1294671590 I4210117005,yes
"Laboratoire des Sciences du Numérique de Nantes (LS2N), UMR CNRS 6004, École Centrale de Nantes, 1 Rue de la Noe, Nantes, France",1,École Centrale de Nantes | Centre National de la Recherche Scientifique | Laboratoire des Sciences du Numérique de Nantes,I100445878 I1294671590 I4210117005,yes
"Laboratoire des Sciences du Numérique de Nantes (LS2N), Unité Mixte de Recherche Centre national de la recherche scientifique 6004, Ecole Centrale de Nantes 2 Nantes, F-44321, France",1,École Centrale de Nantes | Centre National de la Recherche Scientifique | Laboratoire des Sciences du Numérique de Nantes,I100445878 I1294671590 I4210117005,yes
"Laboratoire des Sciences du Numérique de Nantes (LS2N-UMR CNRS 6004), Ecole Centrale de Nantes, 44321 Nantes, France",1,École Centrale de Nantes | Centre National de la Recherche Scientifique | Laboratoire des Sciences du Numérique de Nantes,I100445878 I1294671590 I4210117005,yes
"Laboratoire des Sciences du Numérique de Nantes - Centrale Nantes, Nantes, France",1,École Centrale de Nantes | Laboratoire des Sciences du Numérique de Nantes,I100445878 I4210117005,yes
"Laboratoire des Sciences du Numérique de Nantes 1 Rue de la Noë, 44300 Nantes, France",1,Laboratoire des Sciences du Numérique de Nantes,I4210117005,yes
"Laboratoire des Sciences du Numérique de Nantes École Centrale Nantes, CNRS, LS2N, UMR 6004, , 1 rue de la Noe, 44321 Nantes , France",1,École Centrale de Nantes | Centre National de la Recherche Scientifique | Laboratoire des Sciences du Numérique de Nantes,I100445878 I1294671590 I4210117005,yes
"Laboratoire des Sciences du Numérique de Nantes – CNRS, Ecole Centrale de Nantes, 1 rue de la Noë, 44321, Nantes, France",1,École Centrale de Nantes | Centre National de la Recherche Scientifique | Laboratoire des Sciences du Numérique de Nantes,I100445878 I1294671590 I4210117005,yes
"Laboratoire des Sciences du Numérique de Nantes, 44321 Nantes, France",1,Laboratoire des Sciences du Numérique de Nantes,I4210117005,yes
"Laboratoire des Sciences du Numérique de Nantes, Ecole Centrale de Nantes (LS2N), 1, Rue de la Noë, Nantes, 44300, France",1,École Centrale de Nantes | Laboratoire des Sciences du Numérique de Nantes,I100445878 I4210117005,yes
"Laboratoire des Sciences du Numérique de Nantes, Ecole Centrale de Nantes, 1 Rue de la Noë, F-44300 Nantes, France",1,École Centrale de Nantes | Laboratoire des Sciences du Numérique de Nantes,I100445878 I4210117005,yes
"Laboratoire des Sciences du Numérique de Nantes, Ecole Centrale de Nantes, Nantes, France",1,École Centrale de Nantes | Laboratoire des Sciences du Numérique de Nantes,I100445878 I4210117005,yes
"Laboratoire des Sciences du Numérique de Nantes, IMT Atlantique, 44307 Nantes, France",1,Laboratoire des Sciences du Numérique de Nantes | IMT Atlantique,I4210117005 I4210127572,yes
"Laboratoire des Sciences du Numérique de Nantes, Nantes University, CNRS, Nantes, France",1,Centre National de la Recherche Scientifique | Laboratoire des Sciences du Numérique de Nantes,I1294671590 I4210117005,yes
"Laboratoire des Sciences du Numérique de Nantes, Nantes University-Ecole Centrale de Nantes-LS2N, UMR 6004 CNRS, 44307 Nantes, France",1,École Centrale de Nantes | Centre National de la Recherche Scientifique | Laboratoire des Sciences du Numérique de Nantes,I100445878 I1294671590 I4210117005,yes
"Laboratoire des Sciences du Numérique de Nantes, UMR 6004 Nantes, France",1,Laboratoire des Sciences du Numérique de Nantes,I4210117005,yes
"Laboratoire des Sciences du Numérique de Nantes, UMR CNRS 6004, 1, rue de la Noë, Nantes, France",1,Centre National de la Recherche Scientifique | Laboratoire des Sciences du Numérique de Nantes,I1294671590 I4210117005,yes
"Laboratoire des Sciences du Numérique de Nantes, École Centrale de Nantes, 1 rue de la Noë, 44321 Nantes, France",1,École Centrale de Nantes | Laboratoire des Sciences du Numérique de Nantes,I100445878 I4210117005,yes
"Laboratoire des Sciences du, Numérique de Nantes, CNRS, UMR CNRS, 6004, 1, rue de la Noë, Nantes 44321, France",1,Centre National de la Recherche Scientifique | Laboratoire des Sciences du Numérique de Nantes,I1294671590 I4210117005,yes
"Laboratoire des Sciences, du Numérique de Nantes, CNRS (UMR 6004), Nantes 44321, France",1,Centre National de la Recherche Scientifique | Laboratoire des Sciences du Numérique de Nantes,I1294671590 I4210117005,yes
"Laboratoire des sciences du numérique de Nantes (LS2N), 1 Rue de la Noë, Nantes, 44300, France",1,Laboratoire des Sciences du Numérique de Nantes,I4210117005,yes
"Laboratoire des sciences du numérique de Nantes (LS2N), ECN, UMR 6004, 44321, Nantes, France",1,École Centrale de Nantes | Laboratoire des Sciences du Numérique de Nantes,I100445878 I4210117005,yes
"Laboratoire des sciences du numérique de Nantes, Nantes, France",1,Laboratoire des Sciences du Numérique de Nantes,I4210117005,yes
"Laboratoire des sciences du numérique, Université, France",1,,,no
"Laboratoire d’Anatomie, Faculté de Médecine, 1 rue Gaston-Veil, F-44035, Nantes cedex",1,,,no
"Laboratoire d’Explorations Fonctionnelles, CHU Nantes , Nantes ,",1,Centre Hospitalier Universitaire de Nantes,I3019204325,no
"Laboratoire d’Explorations Fonctionnelles, CHU Nantes , Nantes , France",1,Centre Hospitalier Universitaire de Nantes,I3019204325,no
"Laboratoire d’Immunologie , Nantes,",1,,,no
"Laboratoire d’Étude des Résidus et Contaminants dans les aliments (LABERCA), ONIRIS, École nationale vétérinaire, agroalimentaire et de l’alimentation Nantes-Atlantique, LUNAM Université, Nantes, France",1,Université Nantes Angers Le Mans | Laboratoire D'étude des Résidus et Contaminants Dans les Aliments | Oniris,I234216984 I4210092027 I4210157468,no
"Laboratory ""Movement, Interactions, Performance"", UNIV Nantes, CHU Nantes, Nantes, 44000, France",1,"Centre Hospitalier Universitaire de Nantes | Laboratoire Motricité, Interactions, Performance",I3019204325 I4392021216,yes
Laboratory Movement – Interactions – Performance University of Nantes Nantes France,1,"Laboratoire Motricité, Interactions, Performance",I4392021216,yes
"Laboratory Regenerative Medicine and Skeleton (RMeS) INSERM, UMRS 1229 , , Nantes ,",1,Inserm,I154526488,no
"Laboratory Regenerative Medicine and Skeleton (RMeS), UMRS 1229, INSERM, Nantes, France",1,Inserm,I154526488,no
"Laboratory Regenerative Medicine and Skeleton - Inserm 1229, 1 Place Alexis Ricordeau, 44100, Nantes, France",1,Inserm,I154526488,no
"Laboratory Regenerative Medicine and Skeleton - Inserm 1229, 1 Place Alexis Ricordeau, 44100, Nantes, France. anne-gaelle.chaux@univ-nantes.fr",1,Inserm,I154526488,no
"Laboratory af Toxicology , Facuily of Medicine , University of Nanres , I rue Gasron Veil , 44035 Nantes Cedex , France",1,,,no
"Laboratory of Bacteriology, Nantes University Hospital, R44093, Nantes, France",1,Centre Hospitalier Universitaire de Nantes,I3019204325,no
"Laboratory of Digital Sciences of Nantes (LS2N), Ecole Centrale de Nantes, Nantes, France",1,École Centrale de Nantes | Laboratoire des Sciences du Numérique de Nantes,I100445878 I4210117005,yes
"Laboratory of Digital Sciences of Nantes (LS2N), Ecole Centrale of Nantes, Nantes, France",1,École Centrale de Nantes | Laboratoire des Sciences du Numérique de Nantes,I100445878 I4210117005,yes
"Laboratory of Digital Sciences of Nantes (LS2N, UMR CNRS 6004), Centrale Nantes, Nantes, France",1,École Centrale de Nantes | Centre National de la Recherche Scientifique | Laboratoire des Sciences du Numérique de Nantes,I100445878 I1294671590 I4210117005,yes
"Laboratory of Experimental Cardiology, URA CNRS 1340, Laënnec Hospital, BP 1005, F-44035 Nantes Cedex 01, France and Faculty of Sciences and Techniques, F-44072 Nantes Cedex 03, France",1,Centre National de la Recherche Scientifique,I1294671590,no
"Laboratory of Forensic Medicine, Faculty of Medicine, 1 Rue Gaston Veil, 44035 Nantes Cedex, France; Unit of Forensic Medicine, Chu de Nantes, 1 Place Alexis Ricordeau, 44093 Nantes Cedex 1, France. Electronic address: renaud.clement@univ-nantes.fr",1,Centre Hospitalier Universitaire de Nantes,I3019204325,no
"Laboratory of Immuno-Dermatology, INSERM U463, Nantes, France",1,Inserm,I154526488,no
"Laboratory of Immuno-Dermatology, Nantes University Hospital/CHU de Nantes, 44093, Nantes, France",1,Centre Hospitalier Universitaire de Nantes,I3019204325,no
"Laboratory of Immunology, Nantes University Hospital, 44093, CHU, Nantes, France",1,Centre Hospitalier Universitaire de Nantes,I3019204325,no
"Laboratory of Immunology, University Hospital, Nantes",1,Centre Hospitalier Universitaire de Nantes,I3019204325,no
"Laboratory of Marine Biology, U. E. R. Sciences de la Nature, 2, rue de la Houssiniere, F-44072 Nantes cedex, France",1,,,no
"Laboratory of Marine Biology, U. E. R. Sciences de la Nature, 2, rue de la Houssiniere, F‐44072 Nantes cedex, France",1,,,no
"Laboratory of Microbiology, Nantes University Hospital, Nantes, France",1,Centre Hospitalier Universitaire de Nantes,I3019204325,no
"Laboratory of Parasitology and Medical Mycology, Nantes University Hospital , 44000 Nantes , France",1,Centre Hospitalier Universitaire de Nantes,I3019204325,no
Laboratory of Planetology and Geodynamics,1,Laboratoire de Planétologie et Géosciences,I4210146808,yes
"Laboratory of Planetology and Geodynamics (LPG), Nantes, France",1,Laboratoire de Planétologie et Géosciences,I4210146808,yes
"Laboratory of Planetology and Geodynamics of Nantes, UMR 6112 CNRS, Faculty of Sciences and Technology of Nantes, BP 92208, 44322 Nantes Cedex 3, France",1,Centre National de la Recherche Scientifique | Laboratoire de Planétologie et Géosciences,I1294671590 I4210146808,yes
"Laboratory of Planetology and Geodynamics of Nantes, UMR 6112 CNRS, Faculty of Sciences and Technology of Nantes, Nantes, France",1,Centre National de la Recherche Scientifique | Laboratoire de Planétologie et Géosciences,I1294671590 I4210146808,yes
"Laboratory of Planetology and Geosciences (LPG) Le Mans University, CNRS  Le Mans France",1,Centre National de la Recherche Scientifique | Le Mans Université,I1294671590 I4210108471,no
"Laboratory of Planetology and Geosciences (LPG) UMR6112 University of Angers, CNRS  Angers France",1,Université d'Angers | Centre National de la Recherche Scientifique | Laboratoire de Planétologie et Géosciences,I49451733 I1294671590 I4210146808,yes
"Laboratory of Psychology LPPL (EA 4638), University of Angers, Angers, France",1,Université d'Angers,I49451733,no
"Laboratory of Psychology, LPPL EA4638, University of Angers,  49045, Angers, France",1,Université d'Angers,I49451733,no
"Laboratory of Recent and Fossil Bio-Indicators (LPG-BIAF), UMR CNRS 6112, University Angers, 2 Boulevard Lavoisier, CEDEX 01, 49045 Angers, France",1,Université d'Angers | Centre National de la Recherche Scientifique,I49451733 I1294671590,no
"Laboratory of hemostasis, Nantes University Hospital, Nantes, France",1,Centre Hospitalier Universitaire de Nantes,I3019204325,no
"Laboratory of microbiology and hospital hygiene, Nantes University Hospital, 44000 Nantes, France; Department of hospital hygiene, Nantes University Hospital, 44000 Nantes, France",1,Centre Hospitalier Universitaire de Nantes,I3019204325,no
Laboratory of pharmacology and toxicology Nantes University Hospital France,1,Centre Hospitalier Universitaire de Nantes,I3019204325,no
"Labsticc and LS2N CNRS Research Lab,IMT Atlantique,Nantes,France",1,Centre National de la Recherche Scientifique | Laboratoire des Sciences du Numérique de Nantes | IMT Atlantique,I1294671590 I4210117005 I4210127572,yes
"Latin American Studies, Spanish, and International Relations, Sciences Po Rennes, France. Associated researcher with UMR CNRS 6590 ESO, Spaces and Societies, France; and Galician Institute for International Analysis and Documentation (IGADI) Baiona Spain",1,Centre National de la Recherche Scientifique | Sciences Po Rennes | Espaces et Sociétés,I1294671590 I4387153410 I4387153532,yes
Laure.pineau-defois@univ-nantes.fr,1,,,no
"Law and Social Change Laboratory, UMR-CNRS 6297-Nantes University, Nantes, France",1,Centre National de la Recherche Scientifique | Droit et changement social,I1294671590 I4210100746,yes
"Le Laboratoire des Sciences du Numérique de Nantes (LS2N), 1 rue de la Noe, 44321 Nantes, France",1,Laboratoire des Sciences du Numérique de Nantes,I4210117005,yes
"Le Mans University, Geosciences Le Mans, LPG UMR 6112, 72085, Le Mans, France",1,Le Mans Université | Laboratoire de Planétologie et Géosciences,I4210108471 I4210146808,yes
"Le Mans Université, CNRS, UMR 6590 Espaces et Sociétés, 72000 Le Mans",1,Centre National de la Recherche Scientifique | Le Mans Université,I1294671590 I4210108471,no
"Le Mans Université, Géosciences Le Mans - LPG UMR 6112, 72085, Le Mans, France",1,Le Mans Université | Laboratoire de Planétologie et Géosciences,I4210108471 I4210146808,yes
"Le Mans Université, LPG UMR 6112, Avenue Olivier Messiaen, 72085 Le Mans, France",1,Le Mans Université | Laboratoire de Planétologie et Géosciences,I4210108471 I4210146808,yes
"Le Mans Université, Laboratoire Espaces et Sociétés (UMR CNRS 6950)",1,Centre National de la Recherche Scientifique | Le Mans Université,I1294671590 I4210108471,no
"Le Mans Université, UMR 6112 CNRS, Laboratoire de Planétologie et Géodynamique, Le Mans, France",1,Centre National de la Recherche Scientifique | Le Mans Université,I1294671590 I4210108471,no
"Learning Disabilities Reference Center, Nantes University Hospital , Nantes Cedex 1 , France",1,Centre Hospitalier Universitaire de Nantes,I3019204325,no
"Learning Disabilities Reference Center, Nantes University Hospital, France",1,Centre Hospitalier Universitaire de Nantes,I3019204325,no
"Learning Disabilities Reference Center, Nantes University Hospital, Nantes, France",1,Centre Hospitalier Universitaire de Nantes,I3019204325,no
"Lina, École Polytechnique de l'Université de Nantes, La Chantrerie, BP 50609, 44306, Nantes Cédex, France",1,,,no
"Lina, École Polytechnique de l’Université de Nantes, La Chantrerie, BP 50609, 44306, Nantes Cédex, France",1,,,no
Lunam Université – Faculté des Sciences – UMR LPGN 6112 CNRS – BP 92208 – 44322 Nantes cedex 3,1,Centre National de la Recherche Scientifique | Laboratoire de Planétologie et Géosciences,I1294671590 I4210146808,yes
Lunam Université – IFSTTAR Centre de Nantes – CS4 – 44344 Bouguenais cedex,1,,,no
"Lunam Université, GeM, CNRS UMR 6183, 2 Rue de la Houssinière BP 92208, F-44322 Nantes CEDEX 3, France",1,Centre National de la Recherche Scientifique | Institut de Recherche en Génie Civil et Mécanique,I1294671590 I4210137520,yes
"Lunam université, 44200 Nantes, France",1,,,no
"L’UNAM Université, École des Mines de Nantes, CNRS, GEPEA, UMR 6144, La Chantrerie, 4 rue Alfred Kastler, B.P. 20722, 44307 Nantes Cedex 3, France",1,Université Nantes Angers Le Mans | Centre National de la Recherche Scientifique | Laboratoire de Génie des Procédés – Environnement – Agro-alimentaire | École nationale supérieure des Mines de Nantes,I234216984 I1294671590 I4210148006 I4405265706,yes
"L’UNAM université, Nantes, France",1,Université Nantes Angers Le Mans,I234216984,no
L’Université Ibn Tofail de Kénitra (Maroc) — L’Université de Nantes (France),1,Université Ibn-Tofail,I3121676899,no
"MAST-MIT, Campus Nantes, Université Gustave Eiffel, All. des Ponts et Chaussées, 44340 Bouguenais, France",1,Université Gustave Eiffel,I4210154111,no
"MCF Univ. Nantes, ESPE de l’académie de Nantes, CREN",1,Centre de Recherche en Éducation de Nantes,I4387152322,yes
"MCF, IUFM des Pays-de-La-LoireUniversité de Nantes-CREN",1,Centre de Recherche en Éducation de Nantes | Université de Nantes,I4387152322 I4405260337,yes
"MCU-PH Service Néphrologie-Hypertension Artérielle, Dialyses, Transplantation Rénale INSERM U1246 SPHERE, Nantes, France",1,Inserm | methodS in Patient-centered outcomes and HEalth ResEarch,I154526488 I4392021239,yes
"MG-Tech Angers, École Centrale de Nantes , Laboratoire des Sciences du Numérique de Nantes (LS2N), UMR CNRS 6004, 44321 Nantes , France",1,École Centrale de Nantes | Centre National de la Recherche Scientifique | Laboratoire des Sciences du Numérique de Nantes,I100445878 I1294671590 I4210117005,yes
"MOLTECH-Anjou, CNRS, UMR 6200, 2 rue de la Houssinière, BP 92208, 44000, Nantes, France",1,Centre National de la Recherche Scientifique | Institut des Sciences et Technologies Moléculaires d'Angers,I1294671590 I4210137122,no
"Maitre de conférences à l’Université de Nantes, Membre de l’Institut Droit et Santé, Inserm UMR S 1145",1,Inserm | Institut Droit et Santé,I154526488 I4387152995,no
"Maitre de conférences, CRENUniversité de Nantes et Espé",1,Centre de Recherche en Éducation de Nantes,I4387152322,yes
"Maternity Unit, Nantes University Hospital, Nantes, France",1,Centre Hospitalier Universitaire de Nantes,I3019204325,no
"Maxillo-facial surgery department, Nantes University Hospital, 1, place Alexis-Ricordeau, 44093 Nantes cedex 1, France",1,Centre Hospitalier Universitaire de Nantes,I3019204325,no
"Maxillofacial and Stomatology department, Nantes University Hospital, Nantes, France",1,Centre Hospitalier Universitaire de Nantes,I3019204325,no
"Maxillofacial surgery unit, Nantes University Hospital, Nantes, France",1,Centre Hospitalier Universitaire de Nantes,I3019204325,no
Maître de Conférences de latinUniversité de Nantesfrederic. le-blay@univ-nantes.fr,1,,,no
Maître de ConférencesCRGNA – Université de NantesEcole Polytechnique de l’Université de Nantes,1,Université de Nantes,I4405260337,yes
Maître de ConférencesLaboratoire d’Économie et de Management de Nantes-AtlantiqueUniversité de Nantes (France),1,Laboratoire d'Economie et de Management de Nantes Atlantique | Université de Nantes,I4390039323 I4405260337,yes
Maître de conférences HDR - Université de Perpignan Via Domitia - Membre du CDED (EA 4216) et de l'IRDP (EA 1166) - Directeur du DU Propriété intellectuelle proposé à distance par l'Université de Nantes,1,Université de Perpignan,I151295451,no
"Maître de conférences HDR Université de CorseMembre de l’IEJUC, du CRDI de l’ICH Nantes et de l’IRDP EA1166",1,,,no
Maître de conférences en droit publicUniversité de NantesDCS (UMR CNRS 6297),1,Centre National de la Recherche Scientifique,I1294671590,no
"Maître de conférences en droit à l’Université de Nantes, membre de l’Institut Droit et Santé, Inserm UMR_S 1145, Faculté de droit, d’économie et de gestion, Université Paris Cité",1,Inserm | Université Paris Cité | Institut Droit et Santé,I154526488 I204730241 I4387152995,no
Maître de conférences en sciences de l’éducation et de la formationUniversité de Nantes/InspéCREN EA2661,1,Centre de Recherche en Éducation de Nantes,I4387152322,yes
Maître de conférences en sciences de l’éducationUniversité de Nantes - EspéCren - EA 2661,1,Centre de Recherche en Éducation de Nantes,I4387152322,yes
"Maître de conférences à l'Université de Grenoble III, chargé de recherche au CRHISMASS",1,,,no
"Maître de conférences à l’Université de Grenoble III, chargé de recherche au CRHISMASS",1,,,no
"Maître de conférences à l’Université de Nantes, Laboratoire Droit et Changement Social (UMR CNRS 6297)",1,Centre National de la Recherche Scientifique | Droit et changement social,I1294671590 I4210100746,yes
"Mechanism and Regulation of DNA Repair, US2B Faculty of Science and Technology 2, rue de la Houssinière - BP 92208 44322 Nantes Cedex 3, France",1,Unité en Sciences Biologiques et Biotechnologies de Nantes,I4387154840,yes
"Medical Biology Department, Nantes University Hospital , Nantes , France",1,Centre Hospitalier Universitaire de Nantes,I3019204325,no
Medical Evaluation and Epidemiology Department Nantes University Hospital  44000 Nantes France,1,Centre Hospitalier Universitaire de Nantes,I3019204325,no
"Medical Evaluation and Epidemiology Department, Nantes University Hospital, 44000 Nantes, France",1,Centre Hospitalier Universitaire de Nantes,I3019204325,no
Medical Genetics Department Nantes University Hospital Center Nantes France,1,Centre Hospitalier Universitaire de Nantes,I3019204325,no
Medical Genetics Department Nantes University Hospital Nantes France,1,Centre Hospitalier Universitaire de Nantes,I3019204325,no
"Medical Genetics Department, Nantes University Hospital Center, Nantes, France",1,Centre Hospitalier Universitaire de Nantes,I3019204325,no
"Medical Genetics Department, Nantes University Hospital, Nantes, France",1,Centre Hospitalier Universitaire de Nantes,I3019204325,no
"Medical Genetics Unit, Nantes Hospital and University, Nantes, 44000, France",1,Centre Hospitalier Universitaire de Nantes,I3019204325,no
"Medical ICU, University Hospital of Nantes, Nantes, France",1,Centre Hospitalier Universitaire de Nantes,I3019204325,no
Medical Imaging Unit Nantes University Hospital Nantes France,1,Centre Hospitalier Universitaire de Nantes,I3019204325,no
"Medical Imaging Unit, Nantes University Hospital, Nantes, France",1,Centre Hospitalier Universitaire de Nantes,I3019204325,no
"Medical Intensive Care Department, Nantes University Hospital, 1 place Alexis-Ricordeau, 44093, Nantes Cedex 1, France",1,Centre Hospitalier Universitaire de Nantes,I3019204325,no
"Medical Intensive Care Department, Nantes University Hospital, Nantes, France",1,Centre Hospitalier Universitaire de Nantes,I3019204325,no
"Medical Intensive Care Unit, Nantes University Hospital, 44000, Nantes, France",1,Centre Hospitalier Universitaire de Nantes,I3019204325,no
"Medical Intensive Care Unit, Nantes University Hospital, France",1,Centre Hospitalier Universitaire de Nantes,I3019204325,no
"Medical Intensive Care Unit, Nantes University Hospital, Nantes",1,Centre Hospitalier Universitaire de Nantes,I3019204325,no
"Medical Intensive Care Unit, Nantes University Hospital, Nantes,  France",1,Centre Hospitalier Universitaire de Nantes,I3019204325,no
"Medical Intensive Care Unit, Nantes University Hospital, Nantes, France 6",1,Centre Hospitalier Universitaire de Nantes,I3019204325,no
"Medical Intensive Care Unit, Nantes University Hospital, Nantes, France. jean.reignier@chu-nantes.fr",1,Centre Hospitalier Universitaire de Nantes,I3019204325,no
"Medical Intensive Care Unit, Nantes university Hospital Center, Nantes, France",1,Centre Hospitalier Universitaire de Nantes,I3019204325,no
"Medical Intensive Care, Nantes University Hospital, Nantes, France",1,Centre Hospitalier Universitaire de Nantes,I3019204325,no
"Medical Oncology Department, Nantes University Hospital, 44000, Nantes, France",1,Centre Hospitalier Universitaire de Nantes,I3019204325,no
"Medical Oncology Department, Nantes University Hospital, Nantes, France",1,Centre Hospitalier Universitaire de Nantes,I3019204325,no
"Medical Oncology Unit, University Hospital, Nantes University Hospital, 44000 Nantes, France",1,Centre Hospitalier Universitaire de Nantes,I3019204325,no
"Medical-Surgical Intensive Care, Nantes University Hospital, Nantes, France",1,Centre Hospitalier Universitaire de Nantes,I3019204325,no
Memory Research Resource Center of Nantes CHU de Nantes Nantes France,1,Centre Hospitalier Universitaire de Nantes,I3019204325,no
"Methodology and Biostatistic Department, Research Promotion Department, University Hospital of Nantes, 44093 Nantes, France",1,Centre Hospitalier Universitaire de Nantes,I3019204325,no
"Methodology and Biostatistics Platform, Nantes University Hospital, 44000 Nantes, France",1,Centre Hospitalier Universitaire de Nantes,I3019204325,no
"Methodology and Biostatistics Unit, CHU Nantes, Nantes, France. veronique.sebille@univ-nantes.fr",1,Centre Hospitalier Universitaire de Nantes,I3019204325,no
"Methodology and Biostatistics Unit, CHU of Nantes, Nantes, France",1,Centre Hospitalier Universitaire de Nantes,I3019204325,no
"Methodology and Biostatistics Unit, CHU of Nantes, Nantes, France. veronique.sebille@univ-nantes.fr",1,Centre Hospitalier Universitaire de Nantes,I3019204325,no
"Methodology and Biostatistics Unit, Nantes University Hospital, Nantes, France. jean-benoit.hardouin@univ-nantes.fr",1,Centre Hospitalier Universitaire de Nantes,I3019204325,no
"Methods in Patients-Centered Outcomes and HEalth Research (SPHERE) Inserm UMR 1246, Nantes and Tours University, Nantes, F-44000, France",1,Inserm | methodS in Patient-centered outcomes and HEalth ResEarch,I154526488 I4392021239,yes
"MicroPicell imaging facility, Structure Fédérative de Recherche Santé François Bonamy - FED 4203/UMS Inserm 016/CNRS 3556, Nantes, France",1,Inserm | Centre National de la Recherche Scientifique | Structure Fédérative de Recherche Bonamy,I154526488 I1294671590 I4400009061,yes
"MicroPicell imaging facility, Structure Fédérative de Recherche Santé François Bonamy-FED 4203/UMS Inserm 016/CNRS 3556, Nantes, France",1,Inserm | Centre National de la Recherche Scientifique | Structure Fédérative de Recherche Bonamy,I154526488 I1294671590 I4400009061,yes
"Microbiologie, CHU de Nantes, Nantes, France. Electronic address: Didier.Lepelletier@univ-nantes.fr",1,Centre Hospitalier Universitaire de Nantes,I3019204325,no
"Microbiology Department, Nantes University Hospital , Nantes ,",1,Centre Hospitalier Universitaire de Nantes,I3019204325,no
"Microbiology Department, Nantes University Hospital, 1 Place Alexis-Ricordeau, 44000, Nantes, France",1,Centre Hospitalier Universitaire de Nantes,I3019204325,no
"Microbiology Department, Nantes University Hospital, Nantes, France",1,Centre Hospitalier Universitaire de Nantes,I3019204325,no
"Microbiology Unit, Nantes University Hospital, Nantes, France",1,Centre Hospitalier Universitaire de Nantes,I3019204325,no
"Motion Analysis Laboratory, Physical Medicine and Rehabilitation, University Hospital of Nantes, Nantes, France. Electronic address: brigitte.perrouinverbe@chu-nantes.fr",1,Centre Hospitalier Universitaire de Nantes,I3019204325,no
"Motion Analysis Laboratory, University Hospital of Nantes, Nantes, France",1,Centre Hospitalier Universitaire de Nantes,I3019204325,no
"Motion analysis laboratory, physical medicine and rehabilitation, university hospital of Nantes, 44000 Nantes, France",1,Centre Hospitalier Universitaire de Nantes,I3019204325,no
Multidisciplinary Center for Prenatal Diagnosis CHU de Nantes  Nantes France,1,Centre Hospitalier Universitaire de Nantes,I3019204325,no
"Multidisciplinary Pain Center, University Hospital, F-44000 Nantes, France",1,Centre Hospitalier Universitaire de Nantes,I3019204325,no
"Multidisciplinary Pain, Palliative and Support Care Center, Nantes University Hospital, Nantes Cedex 1, France",1,Centre Hospitalier Universitaire de Nantes,I3019204325,no
"Multimodality Medical Imaging Department, Nantes University Hospital, Nantes, France",1,Centre Hospitalier Universitaire de Nantes,I3019204325,no
"Musculoskeletal Department, Nantes University Hospital, Nantes, France",1,Centre Hospitalier Universitaire de Nantes,I3019204325,no
"Médecine Intensive Réanimation, INSERM CIC 1415, CRICS-TriGGERSep Network, CHRU de Tours and MethodS in Patient-centered Outcomes and Health ResEarch (SPHERE), INSERM UMR 1246, Université de Tours, France",1,Université de Tours | Inserm | Centre Hospitalier Universitaire de Tours | Clinical Investigation Center Plurithematic Tours | methodS in Patient-centered outcomes and HEalth ResEarch,I110017253 I154526488 I4210095477 I4210100476 I4392021239,yes
"Médecine Intensive Réanimation, INSERM CIC 1415, CRICS-TriGGERSep Network, CHRU de Tours and methodS in Patient-Centered Outcomes and Health ResEarch (SPHERE), Université de Tours, INSERM UMR 1246, Tours, France",1,Université de Tours | Inserm | Centre Hospitalier Universitaire de Tours | Clinical Investigation Center Plurithematic Tours | methodS in Patient-centered outcomes and HEalth ResEarch,I110017253 I154526488 I4210095477 I4210100476 I4392021239,yes
"Médecine Intensive Réanimation, INSERM CIC 1415, CRICS-TriGGERSep Network, CHRU de Tours and methodS in Patient-centered outcomes and health ResEarch (SPHERE), INSERM UMR 1246, Université de Tours, France",1,Université de Tours | Inserm | Centre Hospitalier Universitaire de Tours | Clinical Investigation Center Plurithematic Tours | methodS in Patient-centered outcomes and HEalth ResEarch,I110017253 I154526488 I4210095477 I4210100476 I4392021239,yes
"Médecine Intensive Réanimation, University Hospital Center, Nantes, France; Paris Cardiovascular Research Center, INSERM U970, Paris, France; AfterROSC Network, Cochin University Hospital Center, Paris, France. Electronic address: jeanbaptiste.lascarrou@chu-nantes.fr",1,Inserm | Centre Hospitalier Universitaire de Nantes | Hôpital Cochin | Paris Cardiovascular Research Center,I154526488 I3019204325 I4210092774 I4210131199,no
"NUN, INRA, CHU Nantes, UMR 1280, PhAN, IMAD, CRNH-O, F-44000 Nantes, France; CRNH-O Mass Spectrometry Core Facility, F-44000 Nantes, France. Electronic address: Mikael.Croyal@univ-nantes.fr",1,Centre Hospitalier Universitaire de Nantes | PhysioPathologie des Adaptations Nutritionnelles,I3019204325 I4210162532,yes
"NUN, INRA, CHU Nantes, UMR 1280, PhAN, IMAD, CRNH-O, IRS-UN-Spectrométrie de Masse-8, quai Moncousu, 44000, Nantes, France. mikael.croyal@univ-nantes.fr",1,Centre Hospitalier Universitaire de Nantes | PhysioPathologie des Adaptations Nutritionnelles,I3019204325 I4210162532,yes
Nantes 'Department of Dermatology University Hospital France,1,Centre Hospitalier Universitaire de Nantes,I3019204325,no
"Nantes ,",1,,,no
"Nantes , France , in 1987 ",1,,,no
"Nantes , France,",1,,,no
Nantes .. ,1,,,no
"Nantes Atlantique Univ., Nantes",1,,,no
"Nantes Atlantique Universités, INSERM UMR 791, LIOAD, BP 84215, 44042 Nantes, France",1,Inserm | Le Laboratoire d'Ingénierie Ostéo-Articulaire et Dentaire,I154526488 I4210150746,yes
"Nantes Burn Center Plastic, reconstructive and esthetic surgery Department University Hospital Center of Nantes, 1 Place Alexis Ricordeau, Nantes 44000, France",1,Centre Hospitalier Universitaire de Nantes,I3019204325,no
"Nantes Burn Center Plastic, reconstructive and esthetic surgery Department University Hospital Center of Nantes, 1 Place Alexis Ricordeau, Nantes 44000, France; INSERM, UMRS 1229, Laboratory Regenerative Medicine and Skeleton (RMeS), 1 Place Alexis Ricordeau, Nantes 44000, France",1,Inserm | Centre Hospitalier Universitaire de Nantes,I154526488 I3019204325,no
Nantes Cedex,1,,,no
"Nantes Cedex 3, 44312, Nantes, France",1,,,no
"Nantes Educational Research Center, CREN, Le Mans University  Nantes France",1,Le Mans Université | Centre de Recherche en Éducation de Nantes,I4210108471 I4387152322,yes
"Nantes Faculty of Medicine, PHY-OS Laboratory INSERM UMR 1238, Nantes, France",1,Inserm,I154526488,no
"Nantes Hospital University , France",1,Centre Hospitalier Universitaire de Nantes,I3019204325,no
"Nantes Hospital University, France",1,Centre Hospitalier Universitaire de Nantes,I3019204325,no
"Nantes Hospital University, Nantes, France",1,Centre Hospitalier Universitaire de Nantes,I3019204325,no
Nantes II,1,,,no
"Nantes Laboratory of Digital Sciences (LS2N), &#x00C9;cole Centrale de Nantes and CNRS UMR 6004, Nantes, France",1,École Centrale de Nantes | Centre National de la Recherche Scientifique | Laboratoire des Sciences du Numérique de Nantes,I100445878 I1294671590 I4210117005,yes
"Nantes Univ - ECN, CHU Nantes",1,École Centrale de Nantes | Centre Hospitalier Universitaire de Nantes,I100445878 I3019204325,yes
"Nantes Univ, CNRS, IETR UMR 6164, F-44000 Nantes, France; UR1268 BIA, INRAE, F-44316 Nantes, France",1,Centre National de la Recherche Scientifique | Institut d'Électronique et des Technologies du numéRique,I1294671590 I4210100151,yes
"Nantes Univ, CNRS, MOLTECH-Anjou, 2 Rue de la Houssinière, F-44000, Nantes, France",1,Centre National de la Recherche Scientifique | Institut des Sciences et Technologies Moléculaires d'Angers,I1294671590 I4210137122,no
"Nantes Univ, Univ Angers, Laboratoire de psychologie des Pays de la Loire, LPPL, UR 4638, F-44000, Nantes, France",1,Laboratoire de Psychologie des Pays de la Loire,I4210089331,yes
"Nantes Univ. , CHU Nantes , PHU",1,Centre Hospitalier Universitaire de Nantes,I3019204325,no
"Nantes Univ. Hosp., PHU4 OTONN, Nantes, France",1,Centre Hospitalier Universitaire de Nantes,I3019204325,no
"Nantes Univ., Angers Univ., CNRS, LPG, UMR 6112, F-44000 Nantes, France",1,Centre National de la Recherche Scientifique | Laboratoire de Planétologie et Géosciences,I1294671590 I4210146808,yes
"Nantes Univ., INSERM UMR1064 ; CHU Nantes, Plateforme Transversale d’Allergologie, Clinique dermatologique, Nantes, France",1,Inserm | Centre Hospitalier Universitaire de Nantes,I154526488 I3019204325,no
"Nantes Universit ́e,  ́Ecole Centrale Nantes, CNRS, LHEEA, UMR 6598, F-44000 Nantes, France",1,"École Centrale de Nantes | Centre National de la Recherche Scientifique | Laboratoire de Recherche Hydrodynamique, Energétique et Environnement Atmosphérique",I100445878 I1294671590 I4210153154,yes
"Nantes Universit&#x00E9;, &#x00C9;cole Centrale Nantes LS2N-PACCE, UMR 6004, Nantes, France",1,École Centrale de Nantes | Laboratoire des Sciences du Numérique de Nantes,I100445878 I4210117005,yes
"Nantes Universit&#x00E9;, &#x00C9;cole Centrale Nantes, AAU-CRENAU, UMR 1563 and LS2N-PACCE, UMR 6004, Nantes, France",1,"École Centrale de Nantes | Laboratoire des Sciences du Numérique de Nantes | AAU - Ambiances, Architectures, Urbanités",I100445878 I4210117005 I4210162214,yes
"Nantes Universit&#x00E9;, &#x00C9;cole Centrale Nantes, LS2N-PACCE, UMR 6004, Nantes, France",1,École Centrale de Nantes | Laboratoire des Sciences du Numérique de Nantes,I100445878 I4210117005,yes
"Nantes Universit&#x00E9;, &#x00C9;cole Centrale de Nantes, CNRS, LS2N, UMR 6004,Nantes,France,F-44000",1,École Centrale de Nantes | Centre National de la Recherche Scientifique | Laboratoire des Sciences du Numérique de Nantes,I100445878 I1294671590 I4210117005,yes
"Nantes Universit&#x00E9;, CNRS, IETR UMR 6164,eWAVES Team,Nantes,France,F-4400",1,Centre National de la Recherche Scientifique | Institut d'Électronique et des Technologies du numéRique,I1294671590 I4210100151,yes
"Nantes Universit&#x00E9;, Centrale Nantes,LS2N, CNRS UMR 6004,Nantes,France",1,École Centrale de Nantes | Centre National de la Recherche Scientifique | Laboratoire des Sciences du Numérique de Nantes,I100445878 I1294671590 I4210117005,yes
"Nantes Universit&#x00E9;, Ecole Centrale Nantes CNRS, LS2N UMR 6004,Nantes,France",1,École Centrale de Nantes | Centre National de la Recherche Scientifique | Laboratoire des Sciences du Numérique de Nantes,I100445878 I1294671590 I4210117005,yes
"Nantes Universit&#x00E9;, Ecole Centrale Nantes, CNRS, LS2N, France",1,École Centrale de Nantes | Centre National de la Recherche Scientifique | Laboratoire des Sciences du Numérique de Nantes,I100445878 I1294671590 I4210117005,yes
"Nantes Universit&#x00E9;, Ecole Centrale Nantes,CNRS, LS2N,Nantes,France,F-44000",1,École Centrale de Nantes | Centre National de la Recherche Scientifique | Laboratoire des Sciences du Numérique de Nantes,I100445878 I1294671590 I4210117005,yes
"Nantes Universit&#x00E9;, Polytech Nantes CNRS, LS2N, UMR 6004,Nantes,France",1,Centre National de la Recherche Scientifique | Laboratoire des Sciences du Numérique de Nantes,I1294671590 I4210117005,yes
"Nantes Universit&#x00E9;,&#x00C9;cole Centrale Nantes CNRS, LS2N, UMR 6004,Nantes,France,F-4400",1,École Centrale de Nantes | Centre National de la Recherche Scientifique | Laboratoire des Sciences du Numérique de Nantes,I100445878 I1294671590 I4210117005,yes
"Nantes Universit&#x00E9;,&#x00C9;cole Centrale Nantes, CNRS, LS2N, UMR 6004,Nantes,France,44321",1,École Centrale de Nantes | Centre National de la Recherche Scientifique | Laboratoire des Sciences du Numérique de Nantes,I100445878 I1294671590 I4210117005,yes
"Nantes Universit&#x00E9;,CHU Nantes,Nantes,France",1,Centre Hospitalier Universitaire de Nantes,I3019204325,no
"Nantes Universit&#x00E9;,Centrale Nantes, LS2N UMR CNRS 6004,NANTES Cedex 3,44321",1,Centre National de la Recherche Scientifique | Laboratoire des Sciences du Numérique de Nantes,I1294671590 I4210117005,yes
"Nantes Universit&#x00E9;,Dept. of Automatic Control and Robotics LS2N UMR CNRS 6004 Ecole Centrale de Nantes,Nantes,France",1,École Centrale de Nantes | Centre National de la Recherche Scientifique | Laboratoire des Sciences du Numérique de Nantes,I100445878 I1294671590 I4210117005,yes
"Nantes Universit&#x00E9;,Ecole Centrale Nantes CNRS, LS2N, UMR 6004,Nantes,France,F-4400",1,École Centrale de Nantes | Centre National de la Recherche Scientifique | Laboratoire des Sciences du Numérique de Nantes,I100445878 I1294671590 I4210117005,yes
"Nantes Universit&#x00E9;,Ecole Centrale Nantes, CNRS, LS2N, UMR 6004, IUF, Nantes,France",1,École Centrale de Nantes | Centre National de la Recherche Scientifique | Laboratoire des Sciences du Numérique de Nantes,I100445878 I1294671590 I4210117005,yes
"Nantes Universit&#x00E9;,Ecole Centrale Nantes, CNRS, LS2N, UMR 6004,Nantes,France,44000",1,École Centrale de Nantes | Centre National de la Recherche Scientifique | Laboratoire des Sciences du Numérique de Nantes,I100445878 I1294671590 I4210117005,yes
"Nantes Universit&#x00E9;,Ecole Centrale Nantes, LS2N, UMR,Nantes,France,6004",1,École Centrale de Nantes | Laboratoire des Sciences du Numérique de Nantes,I100445878 I4210117005,yes
"Nantes Universit&#x00E9;,Institut de Recherche en Energie Electrique de Nantes Atlantique (IREENA),Saint Nazaire,France,44600",1,Institut de Recherche en Energie Electrique de Nantes Atlantique,I4392021119,yes
"Nantes Universit&#x00E9;,Institut de Recherche en Energie Electrique de Nantes Atlantique, IREENA, UR 4642,Saint-Nazaire,France,F-44600",1,Institut de Recherche en Energie Electrique de Nantes Atlantique,I4392021119,yes
"Nantes Universit&#x00E9;-Ecole Centrale de Nantes, LS2N, UMR CNRS, France",1,École Centrale de Nantes | Centre National de la Recherche Scientifique | Laboratoire des Sciences du Numérique de Nantes,I100445878 I1294671590 I4210117005,yes
"Nantes Universit&#x00E9;-Ecole Centrale de Nantes-LS2N,UMR 6004 CNRS,Nantes,France",1,École Centrale de Nantes | Centre National de la Recherche Scientifique | Laboratoire des Sciences du Numérique de Nantes,I100445878 I1294671590 I4210117005,yes
"Nantes Universit, Institut des Substances et Organismes de la Mer, ISOMER, UR 2160, F-44000 Nantes, France",1,Institut Des Substances et Organismes de la Mer,I4392021232,yes
"Nantes Universit, Univ Angers, Le Mans Universit, CNRS, Laboratoire de Plantologie et Gosciences, LPG UMR 6112, 44000 Nantes, France",1,Université Nantes Angers Le Mans | Centre National de la Recherche Scientifique | Le Mans Université | Laboratoire de Planétologie et Géosciences,I234216984 I1294671590 I4210108471 I4210146808,yes
"Nantes Universite Institut de Recherche en Énergie Électrique de Nantes Atlantique, IREENA, UR 4642, , Nantes,",1,Institut de Recherche en Energie Electrique de Nantes Atlantique,I4392021119,yes
"Nantes UniversitéCNRS, CEISAM UMR 6230 , ,",1,"Centre National de la Recherche Scientifique | Chimie et Interdisciplinarité, Synthèse, Analyse, Modélisation",I1294671590 I4210138474,yes
"Nantes Universitu00e9, Univ Angers, Le Mans Universitu00e9, CNRS, Laboratoire de Planu00e9tologie et Gu00e9osciences (LPG), UMR 6112, 44000 Nantes, France",1,Centre National de la Recherche Scientifique | Laboratoire de Planétologie et Géosciences,I1294671590 I4210146808,yes
"Nantes Universitu00e9, Univ Angers, Le Mans Universitu00e9, CNRS, Laboratoire de Planu00e9tologie et Gu00e9osciences (LPG), UMR 6112, 44000 Nantes, France2Aix-Marseille Universitu00e9, CNRS UMR 7345, Physique des Interactions Ioniques et Molu00e9culaires (PIIM), 13013 Marseille, France",1,Université d'Angers | Université Nantes Angers Le Mans | Centre National de la Recherche Scientifique | Le Mans Université | Laboratoire de Planétologie et Géosciences | Physique des interactions ioniques et moléculaires,I49451733 I234216984 I1294671590 I4210108471 I4210146808 I4210155062,yes
"Nantes University (LEMNA), Nantes, France",1,Laboratoire d'Economie et de Management de Nantes Atlantique,I4390039323,yes
"Nantes University , Law and Social Change (UMR CNRS 6297) , France",1,Centre National de la Recherche Scientifique,I1294671590,no
Nantes University -Erasmus + WANASEA project,1,,,no
"Nantes University CHU Nantes, Movement‐interaction‐Performance  Nantes France",1,"Centre Hospitalier Universitaire de Nantes | Laboratoire Motricité, Interactions, Performance",I3019204325 I4392021216,yes
"Nantes University Center Hospital , Nantes , France",1,Centre Hospitalier Universitaire de Nantes,I3019204325,no
"Nantes University Center Hospital, Nantes, France",1,Centre Hospitalier Universitaire de Nantes,I3019204325,no
"Nantes University Hospital (CHU) Nantes, F-44000 Nantes, France",1,Centre Hospitalier Universitaire de Nantes,I3019204325,no
"Nantes University Hospital , Clinical Pharmacy Unit , 1 rue Gaston Veil , Nantes , France",1,Centre Hospitalier Universitaire de Nantes,I3019204325,no
"Nantes University Hospital , Nantes ,",1,Centre Hospitalier Universitaire de Nantes,I3019204325,no
"Nantes University Hospital , Nuclear Medicine Department , Nantes , France;",1,Centre Hospitalier Universitaire de Nantes,I3019204325,no
"Nantes University Hospital - Nuclear Medicine Department, Nantes, France",1,Centre Hospitalier Universitaire de Nantes,I3019204325,no
"Nantes University Hospital Center , Nantes , France",1,Centre Hospitalier Universitaire de Nantes,I3019204325,no
"Nantes University Hospital Center, 8 quai Moncousu, 44000 Nantes, France",1,Centre Hospitalier Universitaire de Nantes,I3019204325,no
"Nantes University Hospital Center, Nantes, FR",1,Centre Hospitalier Universitaire de Nantes,I3019204325,no
Nantes University Hospital Centre  Nantes France,1,Centre Hospitalier Universitaire de Nantes,I3019204325,no
Nantes University Hospital Clinical Haematology  Nantes France,1,Centre Hospitalier Universitaire de Nantes,I3019204325,no
Nantes University Hospital Department of Hematology  Nantes France,1,Centre Hospitalier Universitaire de Nantes,I3019204325,no
Nantes University Hospital Department of Pediatric Nantes Cedex 1 France,1,Centre Hospitalier Universitaire de Nantes,I3019204325,no
"Nantes University Hospital Department of Public Health, Nantes, France",1,Centre Hospitalier Universitaire de Nantes,I3019204325,no
"Nantes University Hospital Department of neuroradiology, , Nantes,",1,Centre Hospitalier Universitaire de Nantes,I3019204325,no
Nantes University Hospital Hematology  Nantes France,1,Centre Hospitalier Universitaire de Nantes,I3019204325,no
Nantes University Hospital Hematology Biology &amp; CIRCNA  Nantes France,1,Centre de Recherche en Cancérologie et Immunologie Intégrée Nantes Angers,I4210092509,yes
Nantes University Hospital Hematology Clinic  Nantes France,1,Centre Hospitalier Universitaire de Nantes,I3019204325,no
"Nantes University Hospital Internal medicine department, , Nantes,",1,Centre Hospitalier Universitaire de Nantes,I3019204325,no
Nantes University Hospital Nuclear Medicine  Nantes France,1,Centre Hospitalier Universitaire de Nantes,I3019204325,no
"Nantes University Hospital Otolaryngology, Head and Neck Surgery Department, ,",1,Centre Hospitalier Universitaire de Nantes,I3019204325,no
Nantes University Hospital and EA1155 IICiMed Nantes University Nantes France,1,Cibles et Médicaments des Infections et de l'Immunité,I4387930219,yes
"Nantes University Hospital, 1 Pl. Alexis-Ricordeau, 44000, Nantes, France",1,Centre Hospitalier Universitaire de Nantes,I3019204325,no
"Nantes University Hospital, 1 Place Alexis Ricordeau, 44100, Nantes, France",1,Centre Hospitalier Universitaire de Nantes,I3019204325,no
"Nantes University Hospital, 1 Place Alexis Ricordeau, 44100, Nantes, France. anne-gaelle.chaux@univ-nantes.fr",1,Centre Hospitalier Universitaire de Nantes,I3019204325,no
"Nantes University Hospital, 1 Rue Gaston Veil, Nantes, 44035, France",1,Centre Hospitalier Universitaire de Nantes,I3019204325,no
"Nantes University Hospital, 1 place Alexis Ricordeau, 44000 Nantes, France",1,Centre Hospitalier Universitaire de Nantes,I3019204325,no
"Nantes University Hospital, 1 place Alexis Ricordeau, 44093, Nantes, France",1,Centre Hospitalier Universitaire de Nantes,I3019204325,no
"Nantes University Hospital, 1, quai de Tourville, BP 13522, 44035 Nantes, cedex 1, France,",1,Centre Hospitalier Universitaire de Nantes,I3019204325,no
"Nantes University Hospital, 44007 Nantes, France",1,Centre Hospitalier Universitaire de Nantes,I3019204325,no
"Nantes University Hospital, 44093, Nantes, France",1,Centre Hospitalier Universitaire de Nantes,I3019204325,no
"Nantes University Hospital, 44903 Nantes, France",1,Centre Hospitalier Universitaire de Nantes,I3019204325,no
"Nantes University Hospital, Bacteriology and Infection Control, Nantes, France",1,Centre Hospitalier Universitaire de Nantes,I3019204325,no
"Nantes University Hospital, Biometric Platform,
Nantes, France",1,Centre Hospitalier Universitaire de Nantes,I3019204325,no
"Nantes University Hospital, Biostatistics Department, 1 Place Alexis Ricordeau, 44093 Nantes, France",1,Centre Hospitalier Universitaire de Nantes,I3019204325,no
"Nantes University Hospital, Boichemistry, Nantes, France",1,Centre Hospitalier Universitaire de Nantes,I3019204325,no
"Nantes University Hospital, CRCI2NA,Nantes,France",1,Centre Hospitalier Universitaire de Nantes | Centre de Recherche en Cancérologie et Immunologie Intégrée Nantes Angers,I3019204325 I4210092509,yes
"Nantes University Hospital, Center for Bleeding Disorders, Nantes, France",1,Centre Hospitalier Universitaire de Nantes,I3019204325,no
"Nantes University Hospital, Clinical Haematology, Nantes, France",1,Centre Hospitalier Universitaire de Nantes,I3019204325,no
"Nantes University Hospital, Clinical Hematology, Nantes, France",1,Centre Hospitalier Universitaire de Nantes,I3019204325,no
"Nantes University Hospital, Clinical Pharmacy Unit, 1, rue Gaston Veil, Nantes, France",1,Centre Hospitalier Universitaire de Nantes,I3019204325,no
"Nantes University Hospital, Department of Cardiology, Nantes, France",1,Centre Hospitalier Universitaire de Nantes,I3019204325,no
"Nantes University Hospital, Department of Dermatology, 44000 Nantes, France",1,Centre Hospitalier Universitaire de Nantes,I3019204325,no
"Nantes University Hospital, Department of Digestive Surgery , Nantes , France",1,Centre Hospitalier Universitaire de Nantes,I3019204325,no
"Nantes University Hospital, Department of Digestive Surgery , Nantes, France",1,Centre Hospitalier Universitaire de Nantes,I3019204325,no
"Nantes University Hospital, Department of Endoscopy and Gastroenterology, Nantes, France",1,Centre Hospitalier Universitaire de Nantes,I3019204325,no
"Nantes University Hospital, Department of Gastroenterology , Nantes,",1,Centre Hospitalier Universitaire de Nantes,I3019204325,no
"Nantes University Hospital, Department of Gastroenterology , Nantes, France",1,Centre Hospitalier Universitaire de Nantes,I3019204325,no
"Nantes University Hospital, Department of Genetics, Nantes",1,Centre Hospitalier Universitaire de Nantes,I3019204325,no
"Nantes University Hospital, Department of Geriatrics, France",1,Centre Hospitalier Universitaire de Nantes,I3019204325,no
"Nantes University Hospital, Department of Hematology, Nantes, France",1,Centre Hospitalier Universitaire de Nantes,I3019204325,no
"Nantes University Hospital, Department of Hemostasis, Nantes, France",1,Centre Hospitalier Universitaire de Nantes,I3019204325,no
"Nantes University Hospital, Department of Neonatalogy, Nantes, France",1,Centre Hospitalier Universitaire de Nantes,I3019204325,no
"Nantes University Hospital, Department of Ophthalmology, Nantes, France; Normandie University, Inserm, PANTHER UMR 1234, Rouen, France. Electronic address: arnaud.gaulier@chu-nantes.fr",1,Inserm | Centre Hospitalier Universitaire de Nantes,I154526488 I3019204325,no
"Nantes University Hospital, Department of Oral and Maxillofacial Surgery, 1 place Alexis Ricordeau, 44093 Nantes, France",1,Centre Hospitalier Universitaire de Nantes,I3019204325,no
"Nantes University Hospital, Department of Oral and Maxillofacial Surgery, 1 place Alexis Ricordeau, 44093 Nantes, France#TAB#",1,Centre Hospitalier Universitaire de Nantes,I3019204325,no
"Nantes University Hospital, Department of Pediatric Surgery, Nantes, France",1,Centre Hospitalier Universitaire de Nantes,I3019204325,no
"Nantes University Hospital, Department of Pediatrics, Nantes, France",1,Centre Hospitalier Universitaire de Nantes,I3019204325,no
"Nantes University Hospital, Department of Reproductive Medicine and Biology, Nantes F-44000, France",1,Centre Hospitalier Universitaire de Nantes,I3019204325,no
"Nantes University Hospital, Department of Thoracic and Cardiovascular Surgery, Nantes, France",1,Centre Hospitalier Universitaire de Nantes,I3019204325,no
"Nantes University Hospital, Department of gastroenterology , Nantes,",1,Centre Hospitalier Universitaire de Nantes,I3019204325,no
"Nantes University Hospital, Departments of Neurology, Nantes, France",1,Centre Hospitalier Universitaire de Nantes,I3019204325,no
"Nantes University Hospital, Gastroenteroogy, Nantes, France",1,Centre Hospitalier Universitaire de Nantes,I3019204325,no
"Nantes University Hospital, Haemostasis Clinical Center, Nantes, France",1,Centre Hospitalier Universitaire de Nantes,I3019204325,no
"Nantes University Hospital, Hematology Biology and INSERM CRCI2NA, Nantes, France",1,Inserm | Centre de Recherche en Cancérologie et Immunologie Intégrée Nantes Angers,I154526488 I4210092509,yes
"Nantes University Hospital, INSERM, Nantes, France",1,Inserm,I154526488,no
"Nantes University Hospital, INSERM-U913, Institut des Maladies de l'Appareil Digestif (IMAD), Nantes,",1,Inserm | Centre Hospitalier Universitaire de Nantes,I154526488 I3019204325,no
"Nantes University Hospital, Infectious Disease Department, 1, rue Gaston Veil, Nantes, France",1,Centre Hospitalier Universitaire de Nantes,I3019204325,no
"Nantes University Hospital, Infectious Diseases, Nantes, France",1,Centre Hospitalier Universitaire de Nantes,I3019204325,no
"Nantes University Hospital, Infectious and Tropical Diseases, Nantes, France",1,Centre Hospitalier Universitaire de Nantes,I3019204325,no
"Nantes University Hospital, Inserm, CRTI, Inserm UMR 1064, 44000, Nantes, France",1,Inserm,I154526488,no
"Nantes University Hospital, Inserm, CRTI, Inserm UMR 1064, Nantes, France",1,Inserm,I154526488,no
"Nantes University Hospital, NANTES, FRANCE",1,Centre Hospitalier Universitaire de Nantes,I3019204325,no
"Nantes University Hospital, Nantes (FR)",1,Centre Hospitalier Universitaire de Nantes,I3019204325,no
"Nantes University Hospital, Nantes University Hospital, Nantes, France",1,Centre Hospitalier Universitaire de Nantes,I3019204325,no
"Nantes University Hospital, Nantes University Hospital, Orthopaedic Surgery, Nantes, France",1,Centre Hospitalier Universitaire de Nantes,I3019204325,no
"Nantes University Hospital, Nantes, 44035, France",1,Centre Hospitalier Universitaire de Nantes,I3019204325,no
"Nantes University Hospital, Nantes, France,",1,Centre Hospitalier Universitaire de Nantes,I3019204325,no
"Nantes University Hospital, Nantes, France. Electronic address: arnaudgaulier@hotmail.fr",1,Centre Hospitalier Universitaire de Nantes,I3019204325,no
"Nantes University Hospital, Nantes, France. Yohann.Foucher@univ-nantes.fr",1,Centre Hospitalier Universitaire de Nantes,I3019204325,no
"Nantes University Hospital, Nantes, France. yohann.foucher@univ-nantes.fr",1,Centre Hospitalier Universitaire de Nantes,I3019204325,no
"Nantes University Hospital, Nantes-Roscoff National Cystic Fibrosis Reference Centre, Nantes, France",1,Centre Hospitalier Universitaire de Nantes,I3019204325,no
"Nantes University Hospital, Nantes/FR",1,Centre Hospitalier Universitaire de Nantes,I3019204325,no
"Nantes University Hospital, Nuclear Medicine Department, Nantes, France;",1,Centre Hospitalier Universitaire de Nantes,I3019204325,no
"Nantes University Hospital, Nuclear medicine department , Nantes ,",1,Centre Hospitalier Universitaire de Nantes,I3019204325,no
"Nantes University Hospital, Obstetrics and Gynecology, Nantes, France",1,Centre Hospitalier Universitaire de Nantes,I3019204325,no
"Nantes University Hospital, Oncology, Nantes, France",1,Centre Hospitalier Universitaire de Nantes,I3019204325,no
"Nantes University Hospital, Pathology  Nantes France",1,Centre Hospitalier Universitaire de Nantes,I3019204325,no
"Nantes University Hospital, Pathology department, Nantes, France",1,Centre Hospitalier Universitaire de Nantes,I3019204325,no
"Nantes University Hospital, Pediatric and Congenital Cardiology Department , Nantes ,",1,Centre Hospitalier Universitaire de Nantes,I3019204325,no
"Nantes University Hospital, Pediatrics, Nantes, France",1,Centre Hospitalier Universitaire de Nantes,I3019204325,no
"Nantes University Hospital, Radiology Unit, France",1,Centre Hospitalier Universitaire de Nantes,I3019204325,no
"Nantes University Hospital, Regional Center for Infection Prevention and Control, Nantes, France",1,Centre Hospitalier Universitaire de Nantes,I3019204325,no
"Nantes University Hospital, Reproductive Medicine, Nantes , France",1,Centre Hospitalier Universitaire de Nantes,I3019204325,no
"Nantes University Hospital, Respiratory Diseases Department - CRISALIS / F-CRIN INSERM Network, Nantes, France",1,Inserm,I154526488,no
"Nantes University Hospital, Rheumatology Department, place Alexis-Ricordeau, 44093 Nantes cedex 01, France",1,Centre Hospitalier Universitaire de Nantes,I3019204325,no
"Nantes University Hospital, Rheumatology, NANTES, France",1,Centre Hospitalier Universitaire de Nantes,I3019204325,no
"Nantes University Hospital, Skin Cancer Unit, INSERM 892, 1 place Alexis Ricordeau, 44093 Nantes Cedex, France",1,Inserm | Centre Hospitalier Universitaire de Nantes,I154526488 I3019204325,no
"Nantes University Hospital, clinical hematology, nantes, France",1,Centre Hospitalier Universitaire de Nantes,I3019204325,no
"Nantes University Hospital,CRCI2NA,Nantes,France",1,Centre de Recherche en Cancérologie et Immunologie Intégrée Nantes Angers,I4210092509,yes
"Nantes University Hospital,Nantes, France",1,Centre Hospitalier Universitaire de Nantes,I3019204325,no
"Nantes University Hospital-Nuclear Medicine Department, 9 Quai Moncousu, 44093 Nantes, France",1,Centre Hospitalier Universitaire de Nantes,I3019204325,no
"Nantes University Hospitals, Nantes, France",1,Centre Hospitalier Universitaire de Nantes,I3019204325,no
"Nantes University INRAE UMR 1280 PhAN, CHU Nantes, CRNH Ouest, F-44000 Nantes, France",1,"Institut National de Recherche pour l'Agriculture, l'Alimentation et l'Environnement | PhysioPathologie des Adaptations Nutritionnelles",I4210088668 I4210162532,yes
"Nantes University INRAE UMR 1280 PhAN, CHU Nantes, CRNH Ouest, F-44000 Nantes, France, Nantes, France",1,"Institut National de Recherche pour l'Agriculture, l'Alimentation et l'Environnement | PhysioPathologie des Adaptations Nutritionnelles",I4210088668 I4210162532,yes
"Nantes University INRAe, UMR 1280 PhAN, CHU Nantes, CRNH Ouest, IMAD, 44000, Nantes, France. veronique.ferchaud-roucher@univ-nantes.fr",1,"Centre Hospitalier Universitaire de Nantes | PhysioPathologie des Adaptations Nutritionnelles | Institut National de Recherche pour l'Agriculture, l'Alimentation et l'Environnement",I3019204325 I4210162532 I4210088668,yes
Nantes University ISOMer UR 2160,1,Institut Des Substances et Organismes de la Mer,I4392021232,yes
"Nantes University Institut National de la Santé et de la Recherche Médicale CIC004, Nantes, France; and",1,Inserm,I154526488,no
"Nantes University Medical School, INSERM U1238, NANTES, France",1,Inserm,I154526488,no
"Nantes University Teaching Hospital, Gastroenterology , Nantes,",1,Centre Hospitalier Universitaire de Nantes,I3019204325,no
"Nantes University Univ Angers, INSERM, Immunology and New Concepts in ImmunoTherapy, INCIT  Nantes France",1,Inserm | Immunologie et Nouveaux Concepts en Immunothérapie,I154526488 I4392021193,yes
"Nantes University Univ Angers, INSERM, Immunology and New Concepts in ImmunoTherapy, INCIT, UMR 1302  Nantes France",1,Inserm | Immunologie et Nouveaux Concepts en Immunothérapie,I154526488 I4392021193,yes
"Nantes University Université Angers, INSERM, Immunology and New Concepts in ImmunoTherapy, INCIT, UMR 1302 Nantes France",1,Inserm | Immunologie et Nouveaux Concepts en Immunothérapie,I154526488 I4392021193,yes
"Nantes University hospital, Nantes, Nantes, France",1,Centre Hospitalier Universitaire de Nantes,I3019204325,no
"Nantes University, CHU Nantes, Pharmacy, F-44000 Nantes, France; Université Paris Cité, Inserm, ECEVE, F-75010 Paris, France. Electronic address: sonia.protlabarthe@chu-nantes.fr",1,Inserm | Université Paris Cité | Centre Hospitalier Universitaire de Nantes | Evaluation et recherche en services et politiques en santé pour les populations vulnérables,I154526488 I204730241 I3019204325 I4210110362,no
"Nantes University, CHU Nantes, Pharmacy, F-44000, France; Paris Cité University, Inserm, ECEVE, F-75010, Paris, France",1,Inserm | Université Paris Cité | Centre Hospitalier Universitaire de Nantes | Evaluation et recherche en services et politiques en santé pour les populations vulnérables,I154526488 I204730241 I3019204325 I4210110362,no
"Nantes University, CHU Nantes, UR MIP EA 4334, Nantes, France",1,"Centre Hospitalier Universitaire de Nantes | Laboratoire Motricité, Interactions, Performance",I3019204325 I4392021216,yes
"Nantes University, CHU de Nantes, Genetics department, 44000 Nantes, France",1,Centre Hospitalier Universitaire de Nantes,I3019204325,no
"Nantes University, CNRS, CEISAM UMR 6230  Nantes France",1,"Centre National de la Recherche Scientifique | Chimie et Interdisciplinarité, Synthèse, Analyse, Modélisation",I1294671590 I4210138474,yes
"Nantes University, CNRS, IETR UMR 6164, Nantes, France",1,Centre National de la Recherche Scientifique,I1294671590,no
"Nantes University, CNRS, US2B, UMR 6286, Nantes, France, 44300",1,Centre National de la Recherche Scientifique | Unité en Sciences Biologiques et Biotechnologies de Nantes,I1294671590 I4387154840,yes
"Nantes University, Ecole Centrale Nantes, CNRS, LS2N, UMR 6004, 44000, Nantes, France",1,École Centrale de Nantes | Centre National de la Recherche Scientifique | Laboratoire des Sciences du Numérique de Nantes,I100445878 I1294671590 I4210117005,yes
"Nantes University, Ecole Centrale Nantes, CNRS, LS2N, UNR 6004, F-44000, Nantes, France",1,École Centrale de Nantes | Centre National de la Recherche Scientifique | Laboratoire des Sciences du Numérique de Nantes,I100445878 I1294671590 I4210117005,yes
"Nantes University, INRAE, UMR 1280, PhAN, Nantes, F-44000, France",1,"Institut National de Recherche pour l'Agriculture, l'Alimentation et l'Environnement | PhysioPathologie des Adaptations Nutritionnelles",I4210088668 I4210162532,yes
"Nantes University, INSERM, CNRS, Immunology and New Concepts in ImmunoTherapy, INCIT  Nantes France",1,Inserm | Centre National de la Recherche Scientifique | Immunologie et Nouveaux Concepts en Immunothérapie,I154526488 I1294671590 I4392021193,yes
"Nantes University, Institut des Substances et Organismes de La Mer, ISOMer, UR 2160, F-44000 Nantes, France",1,Institut Des Substances et Organismes de la Mer,I4392021232,yes
"Nantes University, Institut des Substances et Organismes de La Mer, ISOMer, UR 2160, F-44000, Nantes, France",1,Institut Des Substances et Organismes de la Mer,I4392021232,yes
"Nantes University, Laboratoire de Psychologie des Pays de la Loire, LPPL, EA 4638, F-44000, Nantes, France",1,Laboratoire de Psychologie des Pays de la Loire,I4210089331,yes
"Nantes University, Nantes University Hospital (CHU Nantes)",1,Centre Hospitalier Universitaire de Nantes,I3019204325,no
"Nantes University, Nantes University Hospital (CHU Nantes), Department of Pathology, Nantes, France. Electronic address: louise.rolland@chu-nantes.fr",1,Centre Hospitalier Universitaire de Nantes,I3019204325,no
"Nantes University, Nantes University Hospital, Movement-Interactions-Performance, Nantes, France",1,"Centre Hospitalier Universitaire de Nantes | Laboratoire Motricité, Interactions, Performance",I3019204325 I4392021216,yes
"Nantes University, Observatoire des sciences de l'Univers Nantes Atlantique, CNRS, Nantes, France (eric.beucler@univ-nantes.fr)",1,Centre National de la Recherche Scientifique | Observatoire des Sciences de l'Univers Nantes Atlantique,I1294671590 I4387153462,yes
"Nantes University, Oniris, CHU Nantes, Inserm, Regenerative Medicine and Skeleton, RMeS, UMR 1229 Nantes France",1,Inserm | Centre Hospitalier Universitaire de Nantes | Oniris,I154526488 I3019204325 I4210157468,no
"Nantes University, Oniris, CHU Nantes, Inserm, Regenerative Medicine and Skeleton, RMeS, UMR 1229, Nantes, France. Electronic address: anne.camus@univ-nantes.fr",1,Inserm | Centre Hospitalier Universitaire de Nantes | Oniris,I154526488 I3019204325 I4210157468,no
"Nantes University, UMR 6112 CNRS",1,Centre National de la Recherche Scientifique | Laboratoire de Planétologie et Géosciences,I1294671590 I4210146808,yes
"Nantes University, Univ Angers, INSERM, Immunology and New Concepts in ImmunoTherapy, INCIT, UMR 1302  Nantes France",1,Inserm | Immunologie et Nouveaux Concepts en Immunothérapie,I154526488 I4392021193,yes
"Nantes University, Université Angers, INSERM, Immunology and New Concepts in ImmunoTherapy, INCIT , UMR 1302, Nantes ,",1,Inserm | Immunologie et Nouveaux Concepts en Immunothérapie,I154526488 I4392021193,yes
"Nantes University, École Centrale Nantes, CNRS, LS2N, UMR 6004, 1 Rue de la Noë, 44321 Nantes, France",1,École Centrale de Nantes | Centre National de la Recherche Scientifique | Laboratoire des Sciences du Numérique de Nantes,I100445878 I1294671590 I4210117005,yes
"Nantes University, École Centrale Nantes, CNRS, LS2N, UMR 6004, F-44000 Nantes, France",1,École Centrale de Nantes | Centre National de la Recherche Scientifique | Laboratoire des Sciences du Numérique de Nantes,I100445878 I1294671590 I4210117005,yes
"Nantes University,CNRS, IETR, UMR 6164,Nantes,France,F-44000",1,Centre National de la Recherche Scientifique,I1294671590,no
Nantes Université Ce document vous est offert par Institut Français de Recherche pour l'Exploitation de la Mer (Ifremer) Référence électronique,1,Ifremer,I154202486,no
"Nantes Université IMT Atlantique, CNRS/IN2P3, SUBATECH France",1,Centre National de la Recherche Scientifique | Laboratoire de Physique Subatomique et des Technologies Associées | IMT Atlantique | Institut National de Physique Nucléaire et de Physique des Particules,I1294671590 I4210109007 I4210127572 I4210133362,yes
"Nantes Université Institut des Substances et Organismes de la Mer, ISOMer, UR2160  Nantes France",1,Institut Des Substances et Organismes de la Mer,I4392021232,yes
"Nantes Université Oniris, Univ Angers, CHU Nantes, Inserm, Regenerative Medicine and Skeleton RMeS, UMR 1229  F‐44000 Nantes France",1,Université d'Angers | Inserm | Centre Hospitalier Universitaire de Nantes | Oniris | RMeS - Regenerative Medicine and Skeleton,I49451733 I154526488 I3019204325 I4210157468 I4387152865,no
"Nantes Université, CNRS, UMR6230, CEISAM",1,"Centre National de la Recherche Scientifique | Chimie et Interdisciplinarité, Synthèse, Analyse, Modélisation",I1294671590 I4210138474,yes
"Nantes UniversitéFaculté de Médecine Et Service Des Urgences, CHU de Nantes, 44035, Nantes cedex 01, France",1,Centre Hospitalier Universitaire de Nantes,I3019204325,no
"Nantes UniversitéInserm, CHU Nantes, Center for Research in Transplantation and Translational Immunology, UMR 1064, Nantes, France",1,Inserm | Centre Hospitalier Universitaire de Nantes | Center for Research in Transplantation and Translational Immunology,I154526488 I3019204325 I4392021198,yes
"Nantes UniversitéInserm, CHU Nantes, Center for Research in Transplantation and Translational Immunology, UMR 1064, Nantes, France. antoine.roquilly@univ-nantes.fr",1,Inserm | Centre Hospitalier Universitaire de Nantes | Center for Research in Transplantation and Translational Immunology,I154526488 I3019204325 I4392021198,yes
"Nantes UniversitéOniris, GEPEA, UMR 6144, F‐44600, Saint‐Nazaire, France",1,Laboratoire de Génie des Procédés – Environnement – Agro-alimentaire,I4210148006,yes
"Nantes cedex 3, France",1,,,no
"Nantes de université, CHU de Nantes, Inserm, MethodS in Patients-centered outcomes and HEalth Research, SPHERE, 44000 Nantes, France",1,Inserm | Centre Hospitalier Universitaire de Nantes | methodS in Patient-centered outcomes and HEalth ResEarch,I154526488 I3019204325 I4392021239,yes
"Nantes universitary hospital, haemotology department , Nantes,",1,Centre Hospitalier Universitaire de Nantes,I3019204325,no
"Nantes universitary hospital, haemotology department, Nantes, France",1,Centre Hospitalier Universitaire de Nantes,I3019204325,no
"Nantes university Hospital, Nantes, France;",1,Centre Hospitalier Universitaire de Nantes,I3019204325,no
"Nantes university hospital, Department of Geriatrics, France",1,Centre Hospitalier Universitaire de Nantes,I3019204325,no
"Nantes university, CHU de Nantes",1,Centre Hospitalier Universitaire de Nantes,I3019204325,no
"Nantes, Laboratoire de Planétologie et Géodynamique , UMR 6112, France (aurorecollet@live.fr)",1,Laboratoire de Planétologie et Géosciences,I4210146808,yes
"Nantes,IETR, UMR CNRS 6164,France",1,Centre National de la Recherche Scientifique | Institut d'Électronique et des Technologies du numéRique,I1294671590 I4210100151,yes
"NantesUniversity Hospital, Nantes, N/A",1,Centre Hospitalier Universitaire de Nantes,I3019204325,no
"Nathalie SCHIEB-BIENFAIT, diplômée de l’EDHEC, de l’Université Paris Dauphine, docteur en Sciences de Gestion, est Maître de Conférences HDR (habilitée à diriger des recherches) à l’IAE de l’Université de Nantes. Elle est chercheure au sein du LEMNA (laboratoire d’économie et de management Nantes Atlantique) et associée au LABEX Entreprendre (Université Montpellier). Ses recherches portent sur les dynamiques entrepreneuriales et les processus d’innovation. Elle a codirigé avec Sandrine Emin (Université d’Angers) et Caroline Chapain (Université de Birmingham) un numéro spécial de la Revue de l’Entrepreneuriat (vol.18, n°1, 2018) sur l’entrepreneuriat culturel et créatif, et avec Sandrine Emin l’ouvrage Scènes locales, clusters culturels et quartiers créatifs, les ressorts et enjeux territoriaux du développement culturel paru aux Presses Universitaires de Rennes. Elle est membre du bureau de l’Académie de l’Innovation et de l’Entrepreneuriat et rédactrice adjointe et membre du comité de rédaction de la Revue de l’Entrepreneuriat. Elle dirige le Master 2 Management et administration des Entreprises (MBA) en formation continue de l’IAE de Nantes",1,Laboratoire d'Economie et de Management de Nantes Atlantique,I4390039323,yes
"National Institute for Health and Medical Research, INSERM U1302 Team 2, INCIT, Team 2, Nantes, France. morgane.angibaud@univ-nantes.fr",1,Inserm | Immunologie et Nouveaux Concepts en Immunothérapie,I154526488 I4392021193,yes
Neonatal Intensive Care Unit Nantes University Hospital Nantes France,1,Centre Hospitalier Universitaire de Nantes,I3019204325,no
Neonatal Medicine Nantes University Hospital Nantes France,1,Centre Hospitalier Universitaire de Nantes,I3019204325,no
"Neonatology, Nantes University Hospital, Nantes, France",1,Centre Hospitalier Universitaire de Nantes,I3019204325,no
"Nephrology & Pediatrics (G.K.-R.), University Hospital, 44093 Nantes, France",1,Centre Hospitalier Universitaire de Nantes,I3019204325,no
Nephrology Department Nantes University Hospital  Nantes France,1,Centre Hospitalier Universitaire de Nantes,I3019204325,no
"Nephrology Department, Nantes University Hospital, France",1,Centre Hospitalier Universitaire de Nantes,I3019204325,no
"Nephrology Department, Nantes University Hospital, Nantes, France 2",1,Centre Hospitalier Universitaire de Nantes,I3019204325,no
"Nephrology Department, University Hospital, Nantes, France;",1,Centre Hospitalier Universitaire de Nantes,I3019204325,no
"Nephrology and Histopathology Units, Nantes University Hospital, 30 bd Jean Monnet, 44000, Nantes, France. Tel/fax/email(33)240087410/240087411/[email protected]",1,Centre Hospitalier Universitaire de Nantes,I3019204325,no
"Nephrology and Histopathology Units, Nantes University Hospital, 30 bd Jean Monnet, 44000, Nantes, France. Tel/fax/email(33)240087410/240087411/[email protected]rm.fr",1,Centre Hospitalier Universitaire de Nantes,I3019204325,no
Nephrology and Immunology Department University Hospital of Nantes  Nantes France,1,Centre Hospitalier Universitaire de Nantes,I3019204325,no
"Nephrology, Nantes University Hospital, CR2TI ITUN, Nantes, UK",1,Institut de Transplantation Urologie en Nephrologie | Center for Research in Transplantation and Translational Immunology,I4210112643 I4392021198,yes
"Nephrology, Nantes University Hospital, Nantes Cedex 01, France",1,Centre Hospitalier Universitaire de Nantes,I3019204325,no
"Nephrology-Clinical Immunology Department Nantes University Hospital, France",1,Centre Hospitalier Universitaire de Nantes,I3019204325,no
"Nephrology–Clinical Immunology Department, Nantes University Hospital, Nantes, France",1,Centre Hospitalier Universitaire de Nantes,I3019204325,no
"Network of Experimental Histology, Univ Montpellier, BioCampus, CNRS, UMS3426, Montpellier, France; Department of Medical Genetics, CHU Nantes, Nantes, France",1,Université de Montpellier | Centre National de la Recherche Scientifique | Centre Hospitalier Universitaire de Nantes | BioCampus Montpellier,I19894307 I1294671590 I3019204325 I4402554039,no
"Neurofibromatosis Clinic and Reference Center for Learning Disabilities, Nantes University Hospital, 44000 Nantes, France",1,Centre Hospitalier Universitaire de Nantes,I3019204325,no
"Neurofibromatosis Clinic, Nantes University Hospital, Nantes, France. arnaud.roy@univ-angers.fr",1,Centre Hospitalier Universitaire de Nantes,I3019204325,no
"Neurological Physical and Rehabilitation Medicine Department, University Hospital of Nantes, Nantes, France",1,Centre Hospitalier Universitaire de Nantes,I3019204325,no
Neurology Department Nantes University Hospital  Nantes France,1,Centre Hospitalier Universitaire de Nantes,I3019204325,no
Neurology Department Nantes University Hospital Nantes France,1,Centre Hospitalier Universitaire de Nantes,I3019204325,no
Neurology Department University Hospital Nantes  Nantes France,1,Centre Hospitalier Universitaire de Nantes,I3019204325,no
Neurology Department University Hospital of Nantes Nantes France,1,Centre Hospitalier Universitaire de Nantes,I3019204325,no
"Neurology Department University Hospital of Nantes, INSERM, CIC 1413  Nantes France",1,Inserm | Centre Hospitalier Universitaire de Nantes | Centre d'Investigation Clinique de Nantes,I154526488 I3019204325 I4210128055,no
"Neurology Department, Nantes University Hospital, France (S.d.G.)",1,Centre Hospitalier Universitaire de Nantes,I3019204325,no
"Neurology Department, University Hospital Centre Nantes, Nantes, France",1,Centre Hospitalier Universitaire de Nantes,I3019204325,no
"Neurology and Neurophysiology Department, Nantes University Hospital, Nantes, France",1,Centre Hospitalier Universitaire de Nantes,I3019204325,no
"Neurology, Nantes University Hospital, France. (B.G.)",1,Centre Hospitalier Universitaire de Nantes,I3019204325,no
"Neurometabolism department, Nantes University Hospital, Nantes, France",1,Centre Hospitalier Universitaire de Nantes,I3019204325,no
"Neuroradiology Department (R.B.), Nantes University Hospital, Nantes, France",1,Centre Hospitalier Universitaire de Nantes,I3019204325,no
Neuroradiology Department Nantes University Hospital  Nantes France,1,Centre Hospitalier Universitaire de Nantes,I3019204325,no
"Neuroradiology Department, Nantes University Hospital, France (V.L.)",1,Centre Hospitalier Universitaire de Nantes,I3019204325,no
"Neuroradiology department, university hospital, 44093 Nantes, France",1,Centre Hospitalier Universitaire de Nantes,I3019204325,no
"Neuroradiology, Nantes University Hospital, France. (H.D.)",1,Centre Hospitalier Universitaire de Nantes,I3019204325,no
"Neuroradiology, Nantes University Hospital, Nantes, France",1,Centre Hospitalier Universitaire de Nantes,I3019204325,no
"Neuroradiology, Nantes University Hospital, Nantes, France 11",1,Centre Hospitalier Universitaire de Nantes,I3019204325,no
"Neuroradiology, University Hospital Centre Nantes , Nantes ,",1,Centre Hospitalier Universitaire de Nantes,I3019204325,no
"Neurosurgery Department, Nantes University Hospital, 44000, Nantes, France",1,Centre Hospitalier Universitaire de Nantes,I3019204325,no
"Neurosurgery Department, Nantes University Hospital, Nantes, France",1,Centre Hospitalier Universitaire de Nantes,I3019204325,no
"Neurosurgery Department, University Hospital, 44093 Nantes cedex 1, France",1,Centre Hospitalier Universitaire de Nantes,I3019204325,no
"Neurosurgery and Neurotraumatology Department, Nantes University Hospital, Nantes, France; Pain, Neuromodulation, and Quality of Life, INSERM EA3826, Nantes, France",1,Inserm | Centre Hospitalier Universitaire de Nantes,I154526488 I3019204325,no
"Neurosurgery department, Nantes University Hospital, Nantes, France",1,Centre Hospitalier Universitaire de Nantes,I3019204325,no
Now at the Laboratorie du Planétologie et Géosciences  Nantes France,1,Laboratoire de Planétologie et Géosciences,I4210146808,yes
Nuclear Medicine Department University Hospital  44000 Nantes France,1,Centre Hospitalier Universitaire de Nantes,I3019204325,no
"Nuclear Medicine Department, Hôtel-Dieu, CHU de Nantes, 1, place Alexis-Ricordeau, 44093 Nantes cedex 1, France; CRCNA, Inserm UMR 892, Nantes cedex 1, France",1,Inserm | Centre Hospitalier Universitaire de Nantes | Centre de Recherche en Cancérologie et Immunologie Intégrée Nantes Angers,I154526488 I3019204325 I4210092509,yes
"Nuclear Medicine Department, Nantes University Hospital",1,Centre Hospitalier Universitaire de Nantes,I3019204325,no
"Nuclear Medicine Department, Nantes University Hospital and CRCINA INSERM UMR 1232, Nantes, France",1,Inserm,I154526488,no
"Nuclear Medicine Department, Nantes University Hospital, 1, Place Alexis Ricordeau, 44000, Nantes, France",1,Centre Hospitalier Universitaire de Nantes,I3019204325,no
"Nuclear Medicine Department, Nantes University Hospital, 1, Place Alexis Ricordeau, Nantes, 44000, France",1,Centre Hospitalier Universitaire de Nantes,I3019204325,no
"Nuclear Medicine Department, Nantes University Hospital, 44093 Nantes, France",1,Centre Hospitalier Universitaire de Nantes,I3019204325,no
"Nuclear Medicine Department, Nantes University Hospital, France",1,Centre Hospitalier Universitaire de Nantes,I3019204325,no
"Nuclear Medicine Department, Nantes University Hospital, Nantes, France; clement.bailly@chu-nantes.fr",1,Centre Hospitalier Universitaire de Nantes,I3019204325,no
"Nuclear Medicine Department, University Hospital , Nantes , France",1,Centre Hospitalier Universitaire de Nantes,I3019204325,no
"Nuclear Medicine Department, University Hospital , Nantes , France ; CRCNA, INSERM U892, CNRS UMR 6299 , Nantes , France",1,Inserm | Centre National de la Recherche Scientifique | Centre de Recherche en Cancérologie et Immunologie Intégrée Nantes Angers,I154526488 I1294671590 I4210092509,yes
"Nuclear Medicine Department, University Hospital, 44093 Nantes, France. thomas.carlier@chu-nantes.fr",1,Centre Hospitalier Universitaire de Nantes,I3019204325,no
"Nuclear Medicine Department, University Hospital, 44093, Nantes, France",1,Centre Hospitalier Universitaire de Nantes,I3019204325,no
"Nuclear Medicine Department, University Hospital, Nantes, France CRCNA, Inserm U892, CNRS UMR 6299, Nantes, France",1,Inserm | Centre National de la Recherche Scientifique | Centre de Recherche en Cancérologie et Immunologie Intégrée Nantes Angers,I154526488 I1294671590 I4210092509,yes
"Nuclear Medicine Department, University Hospital, Nantes, France CRCNA, Inserm U892, CNRS UMR 6299, Nantes, France caroline.milin@chu-nantes.fr",1,Inserm | Centre National de la Recherche Scientifique | Centre Hospitalier Universitaire de Nantes | Centre de Recherche en Cancérologie et Immunologie Intégrée Nantes Angers,I154526488 I1294671590 I3019204325 I4210092509,yes
"Nuclear Medicine Department, Université Nantes, CHU Nantes, Nantes, France",1,Centre Hospitalier Universitaire de Nantes,I3019204325,no
"Nuclear Medicine Dept, University Hospital, Nantes, France",1,Centre Hospitalier Universitaire de Nantes,I3019204325,no
"Nuclear Medicine department, Nantes University Hospital, Nantes, France",1,Centre Hospitalier Universitaire de Nantes,I3019204325,no
"Nuclear Medicine/Hematology Department, Nantes University Hospital, F-44000 Nantes, France",1,Centre Hospitalier Universitaire de Nantes,I3019204325,no
"Nuclear Physics Laboratory of Nantes , 44072 Nantes , France",1,,,no
"Nuclear Physics Laboratory of Nantes, F-44072 Nantes, France",1,,,no
"Nuclear medicine department, Hôtel-Dieu, Nantes University Hospital, 1, place Alexis-Ricordeau, 44093 Nantes cedex 1, France",1,Centre Hospitalier Universitaire de Nantes,I3019204325,no
"Nutrition Support Team, IMAD, University Medical Center of Nantes, Nantes 44000, France",1,,,no
"Nutrition and Endocrinology Unit, LUNAM Université, Oniris , Nantes,",1,Oniris,I4210157468,no
"Né à Newcastle-upon-Tyne en 1943, David Banks a étudié la philosophie à l'Université de Cambridge et la linguistique anglaise à l'Université de Nantes où il a obtenu son doctorat avant de soutenir son HDR à l'Université de Bordeaux 2. Il est professeur de linguistique anglaise à l'Université de Bretagne Occidentale, directeur de l'ERLA (Equipe de Recherche en Linguistique Appliquée) et Président de l'AFLSF (Association Française de la Linguistique Systémique Fonctionnelle). Il est auteur ou responsable de 20 ouvrages et a publié plus de 70 articles, publications parmi lesquelles on peut citer",1,University of Cambridge | Université de Bretagne Occidentale,I241749 I161929037,no
"Néphrologie pédiatrique, C.H.U Nantes, Nantes, France; INSERM U643, Nantes, France",1,Inserm | Centre Hospitalier Universitaire de Nantes,I154526488 I3019204325,no
"OGD2 Pharma, Institut de Recherche en Santé de l'Université de Nantes, Nantes, France",1,Université de Nantes,I4405260337,yes
"OGD2 Pharma, Institut de Recherche en Santé de l’Université de Nantes, Nantes, France",1,Université de Nantes,I4405260337,yes
"ONIRIS, Ecole nationale vétérinaire, agroalimentaire et de l'alimentation Nantes-Atlantique, Laboratoire d'Etude des Résidus et Contaminants dans les Aliments (LABERCA), Atlanpole-La Chantrerie, Nantes, Université Nantes Angers Le Mans, France",1,Université Nantes Angers Le Mans | Laboratoire D'étude des Résidus et Contaminants Dans les Aliments | Oniris,I234216984 I4210092027 I4210157468,no
"ORTHOPUS Assistive Technology Manufacturer , LS2N, UMR 6004, Nantes 44000, France ; , Nantes 44200, France",1,Laboratoire des Sciences du Numérique de Nantes,I4210117005,yes
"Obstetrical, Perinatal and Pediatric Epidemiology Research Team, Epidemiology and Statistics Research Center, Université de Paris, INSERM, Paris, France; INSERM CIC 1413, Nantes University Hospital, Nantes, France; Department of Pediatric Emergency Care, Nantes University Hospital, Nantes, France; French Pediatric Society (SFP) and General pediatric Group, Nantes, France; Pediatric Infectious Disease Group (GPIP), Créteil, France",1,Inserm | Université Paris Cité | Centre Hospitalier Universitaire de Nantes | Centre d'Investigation Clinique de Nantes,I154526488 I204730241 I3019204325 I4210128055,no
"Obstetrical, Perinatal and Pediatric Epidemiology Research team, Centre of Research in Epidemiology and StatisticS, Université Paris Cité, INSERM, F-75014 Paris, France; Inserm CIC 1413, Nantes University Hospital, F-44000 Nantes, France; Department of General Pediatrics, Nantes University Hospital, F-44000 Nantes, France",1,Inserm | Université Paris Cité | Centre Hospitalier Universitaire de Nantes | Centre d'Investigation Clinique de Nantes | Centre de Recherche Épidémiologie et Statistique,I154526488 I204730241 I3019204325 I4210128055 I4387154308,no
Occupational Health Department Nantes University Hospital  44000 Nantes France,1,Centre Hospitalier Universitaire de Nantes,I3019204325,no
"Occupational Health Department, Nantes University Hospital, 44000 Nantes, France",1,Centre Hospitalier Universitaire de Nantes,I3019204325,no
"Octopize &amp; Nantes Universit&#x00E9;, Centrale Nantes,LS2N, CNRS UMR 6004,Nantes,France",1,École Centrale de Nantes | Centre National de la Recherche Scientifique | Laboratoire des Sciences du Numérique de Nantes,I100445878 I1294671590 I4210117005,yes
"Onco-dermatology Department, Nantes University Hospital, France; French National Institute of Health and Medical Research (INSERM U892)/National Center for Scientific Research (CNRS U6299)-team 2, France. Electronic address: akhammari@chu-nantes.fr",1,Inserm | Centre National de la Recherche Scientifique | Centre Hospitalier Universitaire de Nantes,I154526488 I1294671590 I3019204325,no
"Onco-dermatology Department, Nantes University Hospital, France; French National Institute of Health and Medical Research (INSERM U892)/National Center for Scientific Research (CNRS U6299)-team 2, France. Electronic address: gaelle.quereux@chu-nantes.fr",1,Inserm | Centre National de la Recherche Scientifique | Centre Hospitalier Universitaire de Nantes,I154526488 I1294671590 I3019204325,no
"Oncogenese Immunohematologique Inserm U211, Institut de Biologie, Nantes, France",1,Inserm,I154526488,no
"Oncology Research Department, Inserm U601, 44093 Nantes Cedex 1, France",1,Inserm,I154526488,no
"Oncology and New Concept in Oncology Department, Centre de Recherche en Cancérologie et Immunologie Nantes-Angers (CRCiNA), Unité U1232, Institut de Recherche en Santé de l'Université de Nantes, Nantes, France",1,Centre de Recherche en Cancérologie et Immunologie Intégrée Nantes Angers,I4210092509,yes
"Oncopediatrics Department, Nantes University Hospital, France",1,Centre Hospitalier Universitaire de Nantes,I3019204325,no
"Oncopediatrics department, Nantes University Hospital, Nantes, France",1,Centre Hospitalier Universitaire de Nantes,I3019204325,no
Onco‐Dermatology Department CHU Nantes CRCINA University Nantes Nantes France,1,Centre Hospitalier Universitaire de Nantes | Centre de Recherche en Cancérologie et Immunologie Intégrée Nantes Angers,I3019204325 I4210092509,yes
"Oniris, AMaROC, LUNAM University, Nantes, France",1,Oniris,I4210157468,no
"Oniris, GPA, BP 82225, 44322 Nantes Cedex 3, France; LUNAM Université Nantes Angers Le Mans, UMR 6144 GEPEA CNRS, 44307 Nantes, France; SFR 4204, Ingénierie des Biopolymères pour la Structuration de Matrices et des Matériaux (IBSM), 44316 Nantes, France",1,Université Nantes Angers Le Mans | Centre National de la Recherche Scientifique | Laboratoire de Génie des Procédés – Environnement – Agro-alimentaire | Oniris,I234216984 I1294671590 I4210148006 I4210157468,yes
"Oniris, LUNAM Université, UMR BioEpAR, F-44307, Nantes, France",1,Oniris,I4210157468,no
"Oniris, Laboratoire d'Etude des Résidus et Contaminants dans les Aliments (LABERCA), LUNAM Université, Nantes, France",1,Université Nantes Angers Le Mans | Laboratoire D'étude des Résidus et Contaminants Dans les Aliments | Oniris,I234216984 I4210092027 I4210157468,no
"Oniris, Nantes Veterinary college, 44307, Nantes cedex 03, France; CRTI, UMR 1064, INSERM, UNIV Nantes, Nantes, France. Electronic address: lamia.briand-amirat@oniris-nantes.fr",1,Inserm | Oniris,I154526488 I4210157468,no
"Ophthalmology Department, Nantes University Hospital, Nantes, France",1,Centre Hospitalier Universitaire de Nantes,I3019204325,no
"Ophthalmology Department, Nantes University, CHU de Nantes, Nantes, France. Electronic address: Joas.leroux@chu-nantes.fr",1,Centre Hospitalier Universitaire de Nantes,I3019204325,no
"Ophthalmology Department, University Hospital Centre (CHU) de Nantes, Nantes, France; UMR 6597 CNRS, Image and Video Communication Team, Institute for Research into Communications and Cybernetics of Nantes, Polytech Nantes, Nantes, France",1,Centre National de la Recherche Scientifique | Centre Hospitalier Universitaire de Nantes | Institut de recherche en communications et cybernétique de Nantes,I1294671590 I3019204325 I4405278184,yes
Ophthalmology Service Nantes University Hospital Center Nantes France,1,Centre Hospitalier Universitaire de Nantes,I3019204325,no
Ophthalmology University Hospital Nantes France,1,Centre Hospitalier Universitaire de Nantes,I3019204325,no
"Ophthalmology department, Nantes University, CHU de Nantes, Nantes, 44000, France",1,Centre Hospitalier Universitaire de Nantes,I3019204325,no
"Ophthalmology service, Nantes university medical center, 1, place Alexis-Ricordeau, 44000 Nantes, France",1,Centre Hospitalier Universitaire de Nantes,I3019204325,no
"Oral and maxillofacial surgery, Nantes university hospital, 1, place Alexis-Ricordeau, 44093 Nantes cedex 1, France",1,Centre Hospitalier Universitaire de Nantes,I3019204325,no
"Orthopaedic surgery Department, Nantes University Hospital, 44093 Nantes, France",1,Centre Hospitalier Universitaire de Nantes,I3019204325,no
"Orthopedia Department, Nantes University Hospital, Nantes, France",1,Centre Hospitalier Universitaire de Nantes,I3019204325,no
"Orthopedic Surgery Department, Nantes University Hospital, Nantes, France",1,Centre Hospitalier Universitaire de Nantes,I3019204325,no
"Orthopedic and Traumatology Surgery Department, CHU Nantes Nantes University  Nantes France",1,Centre Hospitalier Universitaire de Nantes,I3019204325,no
"Orthopedics and Trauma Department, University Hospital Hôtel-Dieu, CHU de Nantes, 1, place Alexis-Ricordeau, 44093 Nantes Cedex 1, France; Inserm UMR 1238, Bone sarcomas and remodeling of calcified tissues, faculté de médecine, 1, rue Gaston-Veil, 44035 Nantes cedex 1, France",1,Inserm | Centre Hospitalier Universitaire de Nantes,I154526488 I3019204325,no
"Orthopedics and Trauma Department, University Hospital Hôtel-Dieu, CHU de Nantes, 1, place Alexis-Ricordeau, 44093 Nantes Cedex 1, France; Inserm UMR 1238, Bone sarcomas and remodeling of calcified tissues, faculté de médecine, 1, rue Gaston-Veil, 44035 Nantes cedex 1, France. Electronic address: vincent.crenn@chu-nantes.fr",1,Inserm | Centre Hospitalier Universitaire de Nantes,I154526488 I3019204325,no
"Orthopedics and Traumatology Department, Nantes University Hospital, 44093 Nantes, France",1,Centre Hospitalier Universitaire de Nantes,I3019204325,no
PHY‐OS Laboratory INSERM UMR 1238 Nantes University of Medicine  Nantes France,1,Inserm,I154526488,no
"PHY‐OS Laboratory INSERM UMR 1238 Nantes University of Medicine, Nantes, France, and University of Glasgow College of Medical Veterinary and Life Sciences  Glasgow UK",1,University of Glasgow | Inserm,I7882870 I154526488,no
"PIMESP, Nantes University Hospital, Nantes Cedex",1,Centre Hospitalier Universitaire de Nantes,I3019204325,no
"PRES UNAM, INSERM UMR 791, LIOAD, BP 84215, Nantes, France",1,Inserm | Le Laboratoire d'Ingénierie Ostéo-Articulaire et Dentaire,I154526488 I4210150746,yes
"PRES UNAM, INSERM UMR, LIOAD, Nantes, France",1,Inserm | Le Laboratoire d'Ingénierie Ostéo-Articulaire et Dentaire,I154526488 I4210150746,yes
"PROFESSEUR À L’UNIVERSITÉ DE NANTES CHEMIN DE LA COURSIVE DU TERTRE, BP 81227,44312 NANTES CEDEX 3",1,,,no
PU-PH : Faculté de Chirurgie Dentaire de Nantes. philippe.lesclous@univ-nantes.fr,1,,,no
"Paediatric Department, Nantes University Hospital , Nantes 44000 ,",1,Centre Hospitalier Universitaire de Nantes,I3019204325,no
"Paediatric Haematology Department, Nantes University Hospital, 7 quai Moncousu, 44093, Nantes Cedex 1, France",1,Centre Hospitalier Universitaire de Nantes,I3019204325,no
Paediatric Intensive Care Unit Nantes University Hospital  Nantes France,1,Centre Hospitalier Universitaire de Nantes,I3019204325,no
"Paediatric Intensive Care Unit, University Hospital of Nantes, Nantes, France",1,Centre Hospitalier Universitaire de Nantes,I3019204325,no
Paediatric Oncology Department University Hospital Center of Nantes  Nantes France,1,Centre Hospitalier Universitaire de Nantes,I3019204325,no
"Paediatric Oncology Department, University Hospital Center of Nantes, Nantes, France",1,Centre Hospitalier Universitaire de Nantes,I3019204325,no
Paediatric Oncology Nantes University Hospital Nantes France,1,Centre Hospitalier Universitaire de Nantes,I3019204325,no
"Paediatric Oncology and Haematology Department, Nantes University Hospital, 7 quai Moncousu, 44093, Nantes Cedex 1, France",1,Centre Hospitalier Universitaire de Nantes,I3019204325,no
"Paediatric Surgery Department, University Hospital, Nantes, France",1,Centre Hospitalier Universitaire de Nantes,I3019204325,no
"Parasitology and Medical Mycology Laboratory, Nantes University Hospital, 44000 Nantes, France",1,Centre Hospitalier Universitaire de Nantes,I3019204325,no
Parasitology and Mycology Laboratory Institute of Biology University Hospital of Nantes Nantes France,1,Centre Hospitalier Universitaire de Nantes,I3019204325,no
Pathology Department Nantes University Hospital Nantes France,1,Centre Hospitalier Universitaire de Nantes,I3019204325,no
"Pathology Department, Nantes University Hospital , Nantes ,",1,Centre Hospitalier Universitaire de Nantes,I3019204325,no
"Pathology Department, Nantes University Hospital, 44000, Nantes, France",1,Centre Hospitalier Universitaire de Nantes,I3019204325,no
"Pathology Department, Nantes University Hospital, France",1,Centre Hospitalier Universitaire de Nantes,I3019204325,no
"Pathology Service, Nantes University Hospital, Nantes, France;",1,Centre Hospitalier Universitaire de Nantes,I3019204325,no
Pathology University Hospital  Nantes France,1,Centre Hospitalier Universitaire de Nantes,I3019204325,no
"Patrick Le Callet, Nantes Universit é, École Centrale Nantes, CNRS, LS2N, UMR 6004, F-44000 Nantes, France,",1,École Centrale de Nantes | Centre National de la Recherche Scientifique | Laboratoire des Sciences du Numérique de Nantes,I100445878 I1294671590 I4210117005,yes
"Paul Boucher, Université de Nantes. Équipe de recherche Analyse linguistique et pratiques langagières",1,Université de Nantes,I4405260337,yes
"Pays de la Loire Psychology Laboratory (LPPL EA4638), University of Angers, Angers, France",1,Université d'Angers | Laboratoire de Psychologie des Pays de la Loire,I49451733 I4210089331,yes
"Pays de la Loire Psychology Laboratory (LPPL), SFR Confluences, Universities of Angers & Nantes, Angers, France",1,Laboratoire de Psychologie des Pays de la Loire,I4210089331,yes
"Pays de la Loire Psychology Laboratory, EA 4638, Nantes, France",1,Laboratoire de Psychologie des Pays de la Loire,I4210089331,yes
"Pediatric Department, Nantes University Hospital, Boulevard Jean Monnet, 44093, Nantes, France",1,Centre Hospitalier Universitaire de Nantes,I3019204325,no
"Pediatric Department, Nantes University Hospital, CIC 1413, INSERM, 44000 Nantes, France",1,Inserm | Centre Hospitalier Universitaire de Nantes | Centre d'Investigation Clinique de Nantes,I154526488 I3019204325 I4210128055,no
"Pediatric Department, Nantes University Hospital, Nantes, France. Electronic address: nail.benallegue@univ-nantes.fr",1,Centre Hospitalier Universitaire de Nantes,I3019204325,no
"Pediatric Department, Nantes University Hospital, Nantes, France;",1,Centre Hospitalier Universitaire de Nantes,I3019204325,no
"Pediatric Department, University Hospital of Nantes, Nantes, France. joss.bernard@gmail.com",1,Centre Hospitalier Universitaire de Nantes,I3019204325,no
Pediatric Diabetology University Hospital  Nantes France,1,Centre Hospitalier Universitaire de Nantes,I3019204325,no
"Pediatric Emergency Care Unit, Nantes University Hospital  Nantes France",1,Centre Hospitalier Universitaire de Nantes,I3019204325,no
"Pediatric Emergency Department, Nantes University Hospital, Nantes, France",1,Centre Hospitalier Universitaire de Nantes,I3019204325,no
"Pediatric Emergency Department, University Hospital Centre Nantes, F-44000 Nantes, France",1,Centre Hospitalier Universitaire de Nantes,I3019204325,no
"Pediatric Endocrine Unit, Nantes University Hospital, Nantes, France",1,Centre Hospitalier Universitaire de Nantes,I3019204325,no
"Pediatric Endocrinology Department, Nantes University Hospital, Nantes Cedex, France",1,Centre Hospitalier Universitaire de Nantes,I3019204325,no
"Pediatric Endocrinology Department, Nantes University Hospital, Nantes, France",1,Centre Hospitalier Universitaire de Nantes,I3019204325,no
Pediatric Gastroenterology Nantes University Hospital  Nantes France,1,Centre Hospitalier Universitaire de Nantes,I3019204325,no
"Pediatric Gastroenterology, Nantes University Hospital, Nantes, France",1,Centre Hospitalier Universitaire de Nantes,I3019204325,no
Pediatric Hematology Unit University Hospital of Nantes Nantes France,1,Centre Hospitalier Universitaire de Nantes,I3019204325,no
"Pediatric Hematology Unit, Nantes University Hospital, Nantes",1,Centre Hospitalier Universitaire de Nantes,I3019204325,no
"Pediatric Hematology Unit, Nantes University Hospital, Nantes, France",1,Centre Hospitalier Universitaire de Nantes,I3019204325,no
Pediatric Hematology and Oncology Department Nantes University Hospital  Nantes France,1,Centre Hospitalier Universitaire de Nantes,I3019204325,no
"Pediatric Hematology and Oncology Department Nantes University Hospital, Inserm, CIC 1413  Nantes France",1,Inserm | Centre Hospitalier Universitaire de Nantes | Centre d'Investigation Clinique de Nantes,I154526488 I3019204325 I4210128055,no
Pediatric Hematology and Oncology Department University Hospital of Nantes Nantes France,1,Centre Hospitalier Universitaire de Nantes,I3019204325,no
"Pediatric Intensive Care Department, Nantes University Hospital, Nantes Hospital, Nantes, France",1,Centre Hospitalier Universitaire de Nantes,I3019204325,no
Pediatric Intensive Care Unit Nantes University Hospital Nantes France,1,Centre Hospitalier Universitaire de Nantes,I3019204325,no
Pediatric Intensive Care Unit University Hospital  Nantes France,1,Centre Hospitalier Universitaire de Nantes,I3019204325,no
"Pediatric Intensive Care Unit, CIC-FEA, Nantes University Hospital, Nantes, France",1,Centre Hospitalier Universitaire de Nantes | Centre d'Investigation Clinique de Nantes,I3019204325 I4210128055,no
"Pediatric Intensive Care Unit, Nantes University Hospital, 9, Quai-Moncousu, 44093 Nantes cedex 1, France",1,Centre Hospitalier Universitaire de Nantes,I3019204325,no
"Pediatric Intensive Care Unit, Nantes University Hospital, 9, Quai-Moncousu, 44093 Nantes cedex 1, France; Pediatric Intensive Care Unit, Saint-Étienne University Hospital, 42100 Saint-Étienne, France; Pediatric Intensive Care Unit, Montpellier University Hospital, 34090 Montpellier, France; Pediatric Intensive Care Unit, Antoine-Béclère University Hospital, AP-HP, 92140 Clamart, France; Department of Pediatric Medicine, HFME Lyon, 69677 Bron, France; Inserm CIC1413, Nantes University Hospital, 44093 Nantes, France",1,Inserm | Centre Hospitalier Universitaire de Nantes | Centre Hospitalier Universitaire de Montpellier | Assistance Publique – Hôpitaux de Paris | Centre Hospitalier Universitaire de Saint-Étienne,I154526488 I3019204325 I4210093292 I4210097159 I4210157006,no
"Pediatric Intensive Care Unit, Nantes University Hospital, 9, Quai-Moncousu, 44093 Nantes cedex 1, France; Pediatric Intensive Care Unit, Saint-Étienne University Hospital, 42100 Saint-Étienne, France; Pediatric Intensive Care Unit, Montpellier University Hospital, 34090 Montpellier, France; Pediatric Intensive Care Unit, Antoine-Béclère University Hospital, AP-HP, 92140 Clamart, France; Department of Pediatric Medicine, HFME Lyon, 69677 Bron, France; Inserm CIC1413, Nantes University Hospital, 44093 Nantes, France. Electronic address: karine.levieux@chu-nantes.fr",1,Inserm | Centre Hospitalier Universitaire de Nantes | Centre Hospitalier Universitaire de Montpellier | Assistance Publique – Hôpitaux de Paris,I154526488 I3019204325 I4210093292 I4210097159,no
"Pediatric Intensive Care Unit, Nantes University Hospital, Nantes, France,",1,Centre Hospitalier Universitaire de Nantes,I3019204325,no
"Pediatric Intensive Care and Onco-Hematology Units, Nantes University Hospital, Nantes, France",1,Centre Hospitalier Universitaire de Nantes,I3019204325,no
"Pediatric Intensive Care, Nantes University Hospital, Nantes, France",1,Centre Hospitalier Universitaire de Nantes,I3019204325,no
"Pediatric Medicine Department, Nantes University Hospital , 44000 Nantes ,",1,Centre Hospitalier Universitaire de Nantes,I3019204325,no
"Pediatric Nephrology Department, Nantes University Hospital, Nantes, France",1,Centre Hospitalier Universitaire de Nantes,I3019204325,no
"Pediatric Oncohematology Department, Nantes University Hospital, Nantes, France",1,Centre Hospitalier Universitaire de Nantes,I3019204325,no
"Pediatric Oncology Department, Nantes University Hospital, Nantes, France",1,Centre Hospitalier Universitaire de Nantes,I3019204325,no
Pediatric Oncology Immunology Hematology Unit Nantes University Hospital  Nantes France,1,Centre Hospitalier Universitaire de Nantes,I3019204325,no
"Pediatric Oncology and Haematology Unit, Nantes University Hospital, Nantes, France",1,Centre Hospitalier Universitaire de Nantes,I3019204325,no
"Pediatric Oncology and hematology department, Nantes University Hospital, Nantes, France",1,Centre Hospitalier Universitaire de Nantes,I3019204325,no
"Pediatric Oncology, CHU Nantes, Nantes Université Univ Angers, INSERM, CNRS, CRCI2NA Nantes France",1,Université d'Angers | Inserm | Centre National de la Recherche Scientifique | Centre Hospitalier Universitaire de Nantes | Centre de Recherche en Cancérologie et Immunologie Intégrée Nantes Angers,I49451733 I154526488 I1294671590 I3019204325 I4210092509,yes
Pediatric Oncology‐Hematology and Immunology Department Nantes University Hospital  Nantes France,1,Centre Hospitalier Universitaire de Nantes,I3019204325,no
"Pediatric Orthopedic Department, Nantes University Hospital, France",1,Centre Hospitalier Universitaire de Nantes,I3019204325,no
Pediatric Radiology University Hospital of Nantes  Nantes France,1,Centre Hospitalier Universitaire de Nantes,I3019204325,no
Pediatric Surgery Department Nantes University Hospital Nantes France,1,Centre Hospitalier Universitaire de Nantes,I3019204325,no
Pediatric Surgery Department University Hospital Nantes,1,Centre Hospitalier Universitaire de Nantes,I3019204325,no
"Pediatric Surgery Department, NANTES University Children Hospital, Nantes, France",1,,,no
"Pediatric Surgery Department, University Hospital, 44093 Nantes, France",1,Centre Hospitalier Universitaire de Nantes,I3019204325,no
"Pediatric Surgery Department, University Hospital, Nantes, France",1,Centre Hospitalier Universitaire de Nantes,I3019204325,no
"Pediatric Surgery and Urology Department, Nantes University Hospital, Nantes, France",1,Centre Hospitalier Universitaire de Nantes,I3019204325,no
"Pediatric Unit for Learning Disabilities, Nantes University Hospital, Nantes, France",1,Centre Hospitalier Universitaire de Nantes,I3019204325,no
"Pediatric Urology Department, Nantes University Hospital, Nantes, France",1,Centre Hospitalier Universitaire de Nantes,I3019204325,no
"Pediatric and Congenital Cardiology Department, M3C Regional Reference Center, Nantes University Hospital , 8-30 boulevard Jean Monnet, Nantes 44093 ,",1,Centre Hospitalier Universitaire de Nantes,I3019204325,no
"Pediatric and Neonatal Intensive Care Unit, Nantes University Hospital, Nantes, France",1,Centre Hospitalier Universitaire de Nantes,I3019204325,no
"Pediatric and neonatal intensive care unit, Nantes University Hospital, 44000 Nantes, France",1,Centre Hospitalier Universitaire de Nantes,I3019204325,no
"Pediatric cardiology unit, Nantes University, CHU of Nantes, Nantes, France",1,Centre Hospitalier Universitaire de Nantes,I3019204325,no
"Pediatric cardiology, Department of pediatrics, University hospital, Nantes, France",1,Centre Hospitalier Universitaire de Nantes,I3019204325,no
"Pediatric department, Nantes University Hospital, Nantes, France",1,Centre Hospitalier Universitaire de Nantes,I3019204325,no
"Pediatric genetic unit, Nantes university hospital, 44093 Nantes, France",1,Centre Hospitalier Universitaire de Nantes,I3019204325,no
"Pediatric hematology and oncology unit, Nantes University Hospital, 44000 Nantes, France",1,Centre Hospitalier Universitaire de Nantes,I3019204325,no
"Pediatric intensive care, Department of pediatrics, University Hospital, Nantes, France",1,Centre Hospitalier Universitaire de Nantes,I3019204325,no
Pediatrics Emergency Department University Hospital Nantes Nantes France,1,Centre Hospitalier Universitaire de Nantes,I3019204325,no
"Phamacology Department, Nantes University Hospital, Nantes cedex, France",1,Centre Hospitalier Universitaire de Nantes,I3019204325,no
"Pharmacie, Nantes University Hospital, Nantes, France",1,Centre Hospitalier Universitaire de Nantes,I3019204325,no
"Pharmacology Department Nantes University Hospital, Institute of Biology, Hôtel Dieu  9, Quai Moncousu 44093 Nantes Cedex 01 France",1,Centre Hospitalier Universitaire de Nantes,I3019204325,no
Pharmacology Department University Hospital Nantes  Nantes France,1,Centre Hospitalier Universitaire de Nantes,I3019204325,no
"Pharmacology Department – Addictovigilance, Nantes University Hospital, Nantes, France",1,Centre Hospitalier Universitaire de Nantes,I3019204325,no
"Pharmacology Department, Nantes University Hospital, 9, quai Moncousu., 44093 Nantes cedex 1, France",1,Centre Hospitalier Universitaire de Nantes,I3019204325,no
"Pharmacology Department, Nantes University Hospital, Nantes, France",1,Centre Hospitalier Universitaire de Nantes,I3019204325,no
"Pharmacology and Toxicology Department, Nantes University Hospital, Nantes, France, and Inserm UMRS 1144, University of Paris, France;",1,Inserm | Université Paris Cité | Centre Hospitalier Universitaire de Nantes | Optimisation Thérapeutique en Neuropsychopharmacologie,I154526488 I204730241 I3019204325 I4387154652,no
"Pharmacology and Toxicology Department, University Hospital of Nantes, 9 Quai Moncousu, 44093 Nantes cedex, France. Electronic address: catherine.ganiere@chu-nantes.fr",1,Centre Hospitalier Universitaire de Nantes,I3019204325,no
"Pharmacology and Toxicology Unit, Nantes University Hospital, Nantes, France",1,Centre Hospitalier Universitaire de Nantes,I3019204325,no
"Pharmacology and toxicology department, Nantes university hospital, 44000 Nantes, France",1,Centre Hospitalier Universitaire de Nantes,I3019204325,no
"Pharmacology and toxicology department, Nantes university hospital, Nantes, France",1,Centre Hospitalier Universitaire de Nantes,I3019204325,no
"Pharmacology department, Universitary Hospital Nantes, Nantes, France; Addiction psychiatry, Universitary Hospital Nantes, Nantes, France",1,Centre Hospitalier Universitaire de Nantes,I3019204325,no
"Pharmacology department, Universitary Hospital Nantes, Nantes, France; EA 4275, Faculté de médecine Nantes, Nantes, France",1,Centre Hospitalier Universitaire de Nantes,I3019204325,no
"Pharmacology, CHR Nantes, Nantes, France",1,,,no
"Pharmacology-Toxicology department, Nantes University Hospital, Nantes, France",1,Centre Hospitalier Universitaire de Nantes,I3019204325,no
"Pharmacovigilance, Research Board, Nantes University Hospital, Nantes, France",1,Centre Hospitalier Universitaire de Nantes,I3019204325,no
"Pharmacy , Nantes University Hospital , Nantes ,",1,Centre Hospitalier Universitaire de Nantes,I3019204325,no
"Pharmacy Department, Nantes University Hospital, F-44093 Nantes, France",1,Centre Hospitalier Universitaire de Nantes,I3019204325,no
"Pharmacy Department, PHU7, Nantes University Hospital, Nantes, France",1,Centre Hospitalier Universitaire de Nantes,I3019204325,no
"Pharmacy Department,Nantes University Hospital,Nantes,France",1,Centre Hospitalier Universitaire de Nantes,I3019204325,no
"Pharmacy Unit, Nantes University Hospital, France",1,Centre Hospitalier Universitaire de Nantes,I3019204325,no
"Pharmacy department, Nantes University Hospital, 44000 Nantes, France",1,Centre Hospitalier Universitaire de Nantes,I3019204325,no
"Pharmacy department, Nantes University Hospital, 44000 Nantes, France. Electronic address: delphineboden@gmail.com",1,Centre Hospitalier Universitaire de Nantes,I3019204325,no
"Pharmacy department, Nantes University Hospital, Nantes, France",1,Centre Hospitalier Universitaire de Nantes,I3019204325,no
"Pharmacy, Nantes University Hospital, Nantes CEDEX, Pays de la Loire, France",1,Centre Hospitalier Universitaire de Nantes,I3019204325,no
"Pharmacy, Nantes University Hospital, Nantes, France",1,Centre Hospitalier Universitaire de Nantes,I3019204325,no
"Philippe Deboudt est professeur des universités en géographie à l’Université de Lille Sciences et Technologies. En 2010, il a soutenu à l’Université de Nantes une Habilitation à Diriger des Recherches intitulée « Contribution à une géographie sociale de la nature littorale ». Ses recherches portent sur l’environnement, les risques naturels, la Gestion Intégrée des Zones Côtières et les inégalités environnementales. Philippe Deboudt est directeur-adjoint du laboratoire Territoires, Villes, Environnement & Société - TVES (EA 4477), directeur de publication de la revue Territoire en Mouvement et est directeur des études d’une licence professionnelle en aménagement du territoire et urbanisme",1,"Territoires, Villes, Environnement & Société",I4210154078,no
"Phy-os, Inserm UMR 1238, Nantes",1,Inserm,I154526488,no
Physical Medicine and Rehabilitation Center University Hospital of Nantes Nantes France,1,Centre Hospitalier Universitaire de Nantes,I3019204325,no
Physical and Rehabilitation Medicine Department Nantes University Hospital Nantes France,1,Centre Hospitalier Universitaire de Nantes,I3019204325,no
"Physical medicine and rehabilitation center, university hospital of Nantes, CHU Nantes, Nantes, France; Service de médecine du sport, university hospital of Nantes, CHU Nantes, Nantes, France; Inserm UMR U1229/RMeS, regenerative medicine and skeleton - Nantes university, Nantes, France",1,Inserm | Centre Hospitalier Universitaire de Nantes,I154526488 I3019204325,no
"Physos, Inserm UMR 1238, Faculté de Médecine de Nantes, Rue G. Veil, 44000 Nantes, France",1,Inserm,I154526488,no
"Pierre Poupin , INSERM CIC 1415, , Tours University Hospital, , Tours, , France, , INSERM, SPHERE U1246, , Tours University, Nantes University, , Tours, , France,",1,Inserm | Centre Hospitalier Universitaire de Tours | Clinical Investigation Center Plurithematic Tours,I154526488 I4210095477 I4210100476,no
"Plastic Reconstructive, and Aesthetic Surgery Department, CHU Nantes Nantes University  Nantes France",1,Centre Hospitalier Universitaire de Nantes,I3019204325,no
"Plastic Surgeon, Nantes University Hospital, Nantes, France",1,Centre Hospitalier Universitaire de Nantes,I3019204325,no
"Plastic Surgery, Nantes University, CHU Nantes, Nantes, France",1,Centre Hospitalier Universitaire de Nantes,I3019204325,no
"Plastic and Reconstructive Surgery Department, Adult and pediatric burn unit, Nantes University Hospital, 1 place Alexis Ricordeau, 44000, Nantes, France",1,Centre Hospitalier Universitaire de Nantes,I3019204325,no
"Plateforme de Biométrie, CHU de Nantes, 44000, Nantes, France",1,Centre Hospitalier Universitaire de Nantes,I3019204325,no
"Plateforme de Biométrie, Direction de la Recherche, Département Promotion, CHU Nantes, Nantes, France",1,Centre Hospitalier Universitaire de Nantes,I3019204325,no
"Plateforme de Méthodologie Et de Biostatistique, Direction de La Recherche Et de L'Innovation, CHU de Nantes, Nantes, France",1,Centre Hospitalier Universitaire de Nantes,I3019204325,no
"Plateforme de Méthodologie et Biostatistique, CHU Nantes, Nantes Cedex, France",1,Centre Hospitalier Universitaire de Nantes,I3019204325,no
"Plateforme de Méthodologie et Biostatistique, CHU Nantes, Nantes, France. veronique.sebille@univ-nantes.fr",1,Centre Hospitalier Universitaire de Nantes,I3019204325,no
"Plateforme de Méthodologie et Biostatistique, CHU nantes , Nantes F-44000 ,",1,Centre Hospitalier Universitaire de Nantes,I3019204325,no
"Plateforme de Spectrométrie de Masse, CRNH Nantes, CHU de Nantes, Nantes F-44093, France",1,Centre Hospitalier Universitaire de Nantes,I3019204325,no
"Plateforme de méthodologie et biostatistique, CHU de Nantes, Nantes, France",1,Centre Hospitalier Universitaire de Nantes,I3019204325,no
"Plateforme transversale d’allergologie, CHU de Nantes, 44000 Nantes, France",1,Centre Hospitalier Universitaire de Nantes,I3019204325,no
"Platform GenoCellEdit, INSERM UMR 1064-CRTI, F44093, Nantes, France",1,Inserm,I154526488,no
"Platform Rat Transgenesis Immunophenomic, SFR François Bonamy, CNRS UMS3556 Nantes, 44093, Nantes, France. severine.menoret@univ-nantes.fr",1,Centre National de la Recherche Scientifique | Structure Fédérative de Recherche Bonamy,I1294671590 I4400009061,yes
"Platform Transgenic Rats and ImmunoPhenomics, INSERM UMR 1064-CRTI, F44093, Nantes, France. ignacio.anegon@univ-nantes.fr",1,Inserm,I154526488,no
"Platform Transgenic Rats and ImmunoPhenomics, INSERM UMR 1064-CRTI, F44093, Nantes, France. severine.remy@univ-nantes.fr",1,Inserm,I154526488,no
"Pneumology Intensive Care Unit, Nantes University Hospital, Nantes Cedex, France",1,Centre Hospitalier Universitaire de Nantes,I3019204325,no
"Pneumology, University Hospital Centre Nantes, Nantes,
                    France",1,Centre Hospitalier Universitaire de Nantes,I3019204325,no
"Polytechnic School of Nantes University, LINA (CNRS UMR 6241), Nantes Cedex 3, France",1,Centre National de la Recherche Scientifique | Laboratoire d'informatique de Nantes Atlantique,I1294671590 I4210165258,yes
"Polytech׳Nantes, IREENA, CRTT, 37 Boulevard de l׳Université, BP 406 44602 Saint-Nazaire Cedex, France. Electronic address: mohamed-fouad.benkhoris@univ-nantes.fr",1,Institut de Recherche en Energie Electrique de Nantes Atlantique,I4392021119,yes
"Polytech׳Nantes, IREENA, CRTT, 37 Boulevard de l׳Université, BP 406 44602 Saint-Nazaire Cedex, France. Electronic address: mourad.ait-ahmed@univ-nantes.fr",1,Institut de Recherche en Energie Electrique de Nantes Atlantique,I4392021119,yes
"Post-doctorant, Centre François Viète d’histoire des sciences et des techniques, UFR des sciences et des techniques de Nantes, 2, rue de la Houssinière, BP 92 208 - 44322 Nantes, et membre associé Laboratoire LETG-Nantes Géolittomer, UMR 6554, CNRS, Institut de géographie régionale de l’Université de Nantes, Campus Tertre, BP 81227 - 44312, Nantes cedex 3, France, courriel :",1,"Centre National de la Recherche Scientifique | Centre François Viète | Littoral, Environnement, Télédétection, Géomatique",I1294671590 I4387153064 I4387153176,yes
"Practitioner, Clinical Pharmacology Department, Nantes University Hospital, France",1,Centre Hospitalier Universitaire de Nantes,I3019204325,no
"Prag à l’Université de NantesToulouse, PLH-ELH (EA 4601)sebastien.cazalas@univ-nantes.fr6, rue de Coulmiers44000 Nantes",1,,,no
"Present address: FRE 2230, CNRS and Universite de NantesF44322NantesFrance",1,Centre National de la Recherche Scientifique,I1294671590,no
"Present addresses: Laboratoire de Biocatalyse – CNRS FRE2230 2, rue de la Houssinière, BP92208, 44322 Nantes cedex 3, France;",1,Centre National de la Recherche Scientifique,I1294671590,no
"Production Department, São Paulo State University, Guaratinguetá, Brazil;IRCCyN UMR CNRS 6597, LUNAM Université, Nantes, France",1,Universidade Estadual Paulista (Unesp) | Centre National de la Recherche Scientifique | Institut de recherche en communications et cybernétique de Nantes,I879563668 I1294671590 I4405278184,yes
"Production and Computer Sciences, IMT Atlantique, LS2N, CNRS, UMR 6004,Department of Automation,Nantes,France,F-44000",1,Centre National de la Recherche Scientifique | Laboratoire des Sciences du Numérique de Nantes | IMT Atlantique,I1294671590 I4210117005 I4210127572,yes
"Professeur de droit public à l'Université de NantesCRUARAP, CNRS UPRES A n° 6029",1,Centre National de la Recherche Scientifique,I1294671590,no
"Professeur de droit public à l’Université de NantesCRUARAP, CNRS UPRES A n° 6029",1,Centre National de la Recherche Scientifique,I1294671590,no
Professeur de droit publicUniversité de NantesDCS UMR 6297,1,Droit et changement social,I4210100746,yes
"Professeur des Universités, Polytech Nantes, LEMNA (EA 4272)",1,Laboratoire d'Economie et de Management de Nantes Atlantique,I4390039323,yes
Professeur des UniversitésLEMNA (EA 4272) – IAE de Nantes,1,,,no
Professeur à l' IAE de Nantes,1,,,no
"Professeur émérite , IAE de Nantes",1,,,no
"Professeur émérite de géographie et d’aménagement urbain, université d’Angers, membre du laboratoire Espaces et sociétés (ESO, UMR 6590, université d’Angers/CNRS)",1,Université d'Angers | Centre National de la Recherche Scientifique | Espaces et Sociétés,I49451733 I1294671590 I4387153532,yes
"Professeur émérite, Centre de recherches en éducation de Nantes (CREN), Nantes",1,Centre de Recherche en Éducation de Nantes,I4387152322,yes
"Professeur émérite, Université Paris-Sud., Présidente de la SIP, pédopsychiatre, CHU de Nantes, CNP Les âges premiers, 1, rue Marmontel, 44000 Nantes, Présidente de l’API, pédopsychiatre, CH Saint-Égrève",1,Université Paris-Sud | Centre Hospitalier Universitaire de Nantes,I102197404 I3019204325,no
ProfesseurInstitut d'Économie et de Management de Nantes – IAEUniversité de Nantes(France),1,,,no
ProfesseurInstitut d’Économie et de Management de Nantes – IAEUniversité de Nantes(France),1,,,no
"Professeure des universités, Université Rennes 2, UMR ESO 6590 CNRS, France, adresse courriel :",1,Centre National de la Recherche Scientifique | Université Rennes 2 | Espaces et Sociétés,I1294671590 I3124938446 I4387153532,yes
"Professor of Dermatology, University Hospital of Nantes, Nantes, France",1,Centre Hospitalier Universitaire de Nantes,I3019204325,no
"Professor, Research Institute in Civil Engineering and Mechanics, LUNAM Univ., Univ. of Nantes–IUT Saint-Nazaire, GeM, CNRS UMR 6183 Nantes, France",1,Université Nantes Angers Le Mans | Centre National de la Recherche Scientifique | Institut de Recherche en Génie Civil et Mécanique,I234216984 I1294671590 I4210137520,yes
"Promotion Department, Research Division, Nantes University Hospital, 53 Chaussée de la Madeleine, 44000, Nantes, France",1,Centre Hospitalier Universitaire de Nantes,I3019204325,no
"Psychanalyste, Paris Maître de conférences à l’université de Nantes",1,,,no
"Psychiatrist, University Department of Psychiatry, Nantes, France",1,,,no
"Psychiatry and Mental Health Department, Nantes University Hospital, INSERM, MethodS in Patients Centered Outcomes and HEalth ResEarch, SPHERE, Nantes, France",1,Inserm | methodS in Patient-centered outcomes and HEalth ResEarch,I154526488 I4392021239,yes
"Psychiatry and Mental Health Department, Nantes University Hospital, INSERM, MethodS in Patients centered outcomes and HEalth ResEarch, SPHERE, F-44000 Nantes, France",1,Inserm | methodS in Patient-centered outcomes and HEalth ResEarch,I154526488 I4392021239,yes
"Psychiatry and addictology department, Nantes university hospital, 44093 Nantes, France",1,Centre Hospitalier Universitaire de Nantes,I3019204325,no
"Psychiatry and addictology department, Nantes university hospital, 44093 Nantes, France; EA 4275, biostatistics, pharmacoepidemiology and subjective measures in health, Nantes university hospital, 44093 Nantes, France",1,Centre Hospitalier Universitaire de Nantes,I3019204325,no
"Psychologue clinicien, Centre fédératif Douleur, soins de support, Éthique clinique au CHU de Nantes, Chargé d’enseignement à l’Université de Nantes, France",1,Centre Hospitalier Universitaire de Nantes | Université de Nantes,I3019204325 I4405260337,yes
"Public Health Department, CHU Nantes-Nantes University, Nantes, France",1,Centre Hospitalier Universitaire de Nantes,I3019204325,no
"Public Health Department, Nantes University Hospital, 44000 Nantes, France",1,Centre Hospitalier Universitaire de Nantes,I3019204325,no
"Public Health Department, Nantes University Hospital, Nantes, France",1,Centre Hospitalier Universitaire de Nantes,I3019204325,no
"Public Health Department, PHU11, Nantes University Hospital, Nantes, France",1,Centre Hospitalier Universitaire de Nantes,I3019204325,no
"Public Health Department, University Hospital of Nantes, Nantes F-44093, France",1,Centre Hospitalier Universitaire de Nantes,I3019204325,no
"Public Health Department, University Hospital of Nantes, Nantes, F-44093, France",1,Centre Hospitalier Universitaire de Nantes,I3019204325,no
Public Health Department; PHU11; Nantes University Hospital; Nantes France,1,Centre Hospitalier Universitaire de Nantes,I3019204325,no
"Public Health Unit, University Hospital of Nantes, Nantes,  France chu-nantes.fr",1,Centre Hospitalier Universitaire de Nantes,I3019204325,no
"Public Health, Data Clinic, INSERM CIC 1413 Nantes University Hospital Nantes France",1,Inserm | Centre d'Investigation Clinique de Nantes,I154526488 I4210128055,no
"Pulmonary Department, Nantes University Hospital, Nantes, France",1,Centre Hospitalier Universitaire de Nantes,I3019204325,no
"Pulmonary Intensive Care Unit, Nantes University Hospital, Nantes, France",1,Centre Hospitalier Universitaire de Nantes,I3019204325,no
"Pulmonology Department, Nantes University Hospital, Nantes,  France",1,Centre Hospitalier Universitaire de Nantes,I3019204325,no
"Pulmonology Department, Nantes University Hospital, Nantes, France",1,Centre Hospitalier Universitaire de Nantes,I3019204325,no
"Pulmonology and Lung Transplant Department, Nantes University Hospital, Nantes, France",1,Centre Hospitalier Universitaire de Nantes,I3019204325,no
"Pôle de recherche et d'enseignement supérieur de l'Université de Nantes-Angers-Le Mans, Centre Hospitalier Universitaire Angers service des Maladies du Sang et Inserm U 892, Angers, France",1,Inserm | Université Nantes Angers Le Mans | Centre Hospitalier Universitaire d'Angers,I154526488 I234216984 I4210112910,no
"Quality Department, Nantes University Hospital, Nantes, France",1,Centre Hospitalier Universitaire de Nantes,I3019204325,no
"Quartz EA 7393, ENSEA, LS2N CNRS 6004, France",1,École Nationale Supérieure de l'Électronique et de ses Applications | Laboratoire des Sciences du Numérique de Nantes | Laboratoire Quartz,I86175216 I4210117005 I4387153943,yes
"Quartz EA 7393, ENSEA, in secondment at CNRS LS2N",1,École Nationale Supérieure de l'Électronique et de ses Applications | Centre National de la Recherche Scientifique | Laboratoire des Sciences du Numérique de Nantes | Laboratoire Quartz,I86175216 I1294671590 I4210117005 I4387153943,yes
"Quartz EA 7393, in secondment at CNRS LS2N",1,Centre National de la Recherche Scientifique | Laboratoire des Sciences du Numérique de Nantes | Laboratoire Quartz,I1294671590 I4210117005 I4387153943,yes
"RMeS UMR1229, Inserm, Nantes",1,Inserm,I154526488,no
"RMeS, Inserm UMR 1229, Nantes",1,Inserm,I154526488,no
"RMeS-regenerative medicine and skeleton research centre, Inserm UMR 1229, Nantes, France",1,Inserm,I154526488,no
"Radiology Department, Nantes University Hospital",1,Centre Hospitalier Universitaire de Nantes,I3019204325,no
"Radiology Unit, Hôtel-Dieu, Nantes University Hospital, Place Alexis Ricordeau, 44093 Nantes-Cedex 01, France",1,Centre Hospitalier Universitaire de Nantes,I3019204325,no
"Radiology department, Hôtel-Dieu, Nantes University Hospital, 1, place Alexis-Ricordeau, 44093 Nantes cedex 1, France",1,Centre Hospitalier Universitaire de Nantes,I3019204325,no
"Radiopharmacy Unit, Department of Pharmacy, Nantes University Hospital, Nantes, France",1,Centre Hospitalier Universitaire de Nantes,I3019204325,no
Reference Centre for Learning Disabilities University Hospital of Nantes  Nantes France,1,Centre Hospitalier Universitaire de Nantes,I3019204325,no
"Referent in Antibiotherapy, Nantes University Hospital, 44093, Nantes cedex 1, France",1,Centre Hospitalier Universitaire de Nantes,I3019204325,no
Referral Centre for Neuromuscular Diseases AOC University Hospital of Nantes Nantes France,1,,,no
"Regenerative Medicine and Skeleton, RMeS, Oniris, CHU Nantes, INSERM, UMR 1229",1,Inserm | Centre Hospitalier Universitaire de Nantes | Oniris,I154526488 I3019204325 I4210157468,no
"Regional Center for Infection Prevention and Control, Nantes University Hospital, Region of Pays de la Loire, Nantes, France",1,Centre Hospitalier Universitaire de Nantes,I3019204325,no
"Regional Center for Infection Prevention and Control, Region of Pays de la Loire, Nantes University Hospital, France",1,Centre Hospitalier Universitaire de Nantes,I3019204325,no
"Regional Institute of Sport Medicine, Nantes University Hospital, 44093, Nantes, France",1,Centre Hospitalier Universitaire de Nantes,I3019204325,no
"Regional Pharmacovigilance Center, Nantes University Hospital, 44000 Nantes, France",1,Centre Hospitalier Universitaire de Nantes,I3019204325,no
"Regional Pharmacovigilance Center, Nantes University Hospital, 44000 Nantes, France. Electronic address: emmanuel.gachiniard@chu-nantes.fr",1,Centre Hospitalier Universitaire de Nantes,I3019204325,no
"Regional Pharmacovigilance Center, Nantes University Hospital, 44093 Nantes, France",1,Centre Hospitalier Universitaire de Nantes,I3019204325,no
"Renal Transplantation Department, CHU Nantes Nantes University  Nantes France",1,Centre Hospitalier Universitaire de Nantes,I3019204325,no
"Renaud Hétier est Professeur à l'UCO (Angers), collaborateur scientifique au CREN (Nantes) et membre associé au LISEC (Université de Haute Alsace). Ancien professeur des Écoles, ancien formateur, il est docteur en sciences de l'éducation de l'Université Lyon 2 et habilité à diriger les recherches de l'Université de Nantes. Il développe une réflexion sur l'attention, la présence et la médiation en éducation, et s'intéresse aux conditions de l'éducation en Anthropocène. Il est notamment l'auteur de Cultiver l'attention et le care en éducation. À la source des contes merveilleux (PURH, 2020), Créer un espace éducatif avec les contes merveilleux ou comment penser le conflit (Chronique Sociale, 2017), L'éducation, entre présence et médiation (L'Harmattan, 2017).Renaud Hétier is a Professor at UCO (Angers), a scientific collaborator at CREN (Nantes) and an associate member of LISEC (Université de Haute Alsace). He is former teacher of schools, a former trainer and he holds a doctorate in educational sciences from the University of Lyon 2 and a professorial thesis from the University of Nantes. He develops a reflection on attention, presence and mediation in education, and is interested in the conditions of education in Anthropocene. He is the author of Cultiver l'attention and le care en éducation. À la source des contes merveilleux (PURH, 2020), Créer un espace éducatif avec les contes merveilleux ou comment penser le conflit (Chronique Sociale, 2017), L'éducation, entre présence et médiation (L'Harmattan, 2017)",1,Université catholique de l'ouest | Université de Haute-Alsace | Laboratoire Interuniversitaire des Sciences de l'Education et de la Communication,I32956416 I2800745255 I4387154247,no
"Rennes University, CReAAH UMR CNRS 6566, Campus Beaulieu, 263 Avenue du maréchal Leclerc, CS 74205, 35042 Rennes, France",1,"Centre National de la Recherche Scientifique | Centre de Recherche en Archéologie, Archéosciences, Histoire",I1294671590 I4387153012,yes
"Reproductive Medicine Unit, Nantes University Hospital, Nantes, France",1,Centre Hospitalier Universitaire de Nantes,I3019204325,no
"Research Center on Autonomy and Longevity, Department of Geriatric Medicine and Memory Clinic, University Hospital, Laboratoire de Psychologie des Pays de la Loire, LPPL EA 4638, SFR Confluences, University of Angers, 44312 Angers, France",1,Université d'Angers | Laboratoire de Psychologie des Pays de la Loire,I49451733 I4210089331,yes
"Research Center on Materials of Biological Interest, INSERM EMI 99-03, Nantes, France. david.magne@sante.univ-nantes.fr",1,Inserm,I154526488,no
"Research Institute in Civil and Mechanical Engineering, Ecole Centrale Nantes–Univ. of Nantes–CNRS UMR 6183 2 , 1 rue de la Noë, BP92101, Nantes44321 cedex 3, France (Corresponding author), e-mail: christophe.dano@ec-nantes.fr",1,École Centrale de Nantes | Centre National de la Recherche Scientifique | Institut de Recherche en Génie Civil et Mécanique,I100445878 I1294671590 I4210137520,yes
"Research Institute of Civil Engineering and Mechanics (GeM), UMR-CNRS 6183, Nantes Atlantic University, 2 rue de la Houssinière, B.P. 92208, 44322 Nantes Cedex 03, France",1,Centre National de la Recherche Scientifique | Institut de Recherche en Génie Civil et Mécanique,I1294671590 I4210137520,yes
"Research Laboratory LS2N, Nantes, France",1,Laboratoire des Sciences du Numérique de Nantes,I4210117005,yes
"Research Unit UMR INSERM 1246 SPHERE, Universités de Nantes et Tours, 44035 Nantes, France",1,Inserm | methodS in Patient-centered outcomes and HEalth ResEarch,I154526488 I4392021239,yes
"Research Unit on the Effects of T Lymphocytes, INSERM U211, Institute of Biology , Nantes ,",1,Inserm,I154526488,no
"Respiratory Medicine Dpt, Nantes University Hospital, Nantes,  France",1,Centre Hospitalier Universitaire de Nantes,I3019204325,no
"Respiratory Medicine Dpt, Nantes University Hospital, Nantes, France",1,Centre Hospitalier Universitaire de Nantes,I3019204325,no
"Resuscitation Section, Nantes University Hospital Center, Nantes, France",1,Centre Hospitalier Universitaire de Nantes,I3019204325,no
Rheumatology Department University Nantes Hospital  Nantes France,1,Centre Hospitalier Universitaire de Nantes,I3019204325,no
"Rheumatology Department, Nantes University Hospital",1,Centre Hospitalier Universitaire de Nantes,I3019204325,no
"Rheumatology Department, Nantes University Hospital, 1 place Alexis Ricordeau, 44000, Nantes, France",1,Centre Hospitalier Universitaire de Nantes,I3019204325,no
"Rheumatology Department, Nantes University Hospital, 1 place Alexis Ricordeau, Nantes, France",1,Centre Hospitalier Universitaire de Nantes,I3019204325,no
"Rheumatology Department, Nantes University Hospital, 44000 Nantes, France",1,Centre Hospitalier Universitaire de Nantes,I3019204325,no
"Rheumatology Department, Nantes University Hospital, 44093 Nantes, France",1,Centre Hospitalier Universitaire de Nantes,I3019204325,no
"Rheumatology Department, Nantes University Hospital, 44093 Nantes, France; Inserm UMR 1238 Laboratory, Phy-Os, 44093 Nantes, France",1,Inserm | Centre Hospitalier Universitaire de Nantes,I154526488 I3019204325,no
"Rheumatology Department, Nantes University Hospital, 44093 Nantes, France; Inserm UMR 1238 Laboratory, Phy-Os, 44093 Nantes, France. Electronic address: aurelie.najm@gmail.com",1,Inserm | Centre Hospitalier Universitaire de Nantes,I154526488 I3019204325,no
"Rheumatology Department, Nantes University Hospital, 44093, Nantes, France",1,Centre Hospitalier Universitaire de Nantes,I3019204325,no
"Rheumatology Department, Nantes University Hospital, 44093, Nantes, France. christelle.darrieutort@univ-nantes.fr",1,Centre Hospitalier Universitaire de Nantes,I3019204325,no
"Rheumatology Department, Nantes University Hospital, Nantes, France; INSERM UMR 1238, Nantes Faculty of Medicine, France. Electronic address: aurelie.najm@chu-nantes.fr",1,Inserm | Centre Hospitalier Universitaire de Nantes,I154526488 I3019204325,no
"Rheumatology Department, Nantes University Hospital, Nantes, France; Regenerative Medicine and Skeleton, RMeS, UMR 1229, Nantes University, Oniris, Centre hospitalo-Universitaire Nantes, INSERM, Nantes, France",1,Inserm | Centre Hospitalier Universitaire de Nantes | Oniris,I154526488 I3019204325 I4210157468,no
"Rheumatology Department, Nantes University Hospital, Nantes, Frankreich",1,Centre Hospitalier Universitaire de Nantes,I3019204325,no
Rheumatology Nantes University Hospital and,1,Centre Hospitalier Universitaire de Nantes,I3019204325,no
"Rheumatology Nantes University Hospital and Nantes University of Medicine INSERM UMR1238, Nantes, France",1,Inserm,I154526488,no
"Rheumatology Unit , Nantes University Hospital , Nantes , France",1,Centre Hospitalier Universitaire de Nantes,I3019204325,no
"Rheumatology Unit, Hôtel-Dieu, Nantes University Hospital, 1 Place Alexis Ricordeau, 44095, Nantes, France",1,Centre Hospitalier Universitaire de Nantes,I3019204325,no
"Rheumatology Unit, Hôtel-Dieu, Nantes University Hospital, 1 place Alexis Ricordeau, 44093, Nantes Cedex 1, France",1,Centre Hospitalier Universitaire de Nantes,I3019204325,no
"Rheumatology Unit, Nantes University Hospital Nantes",1,Centre Hospitalier Universitaire de Nantes,I3019204325,no
"Rheumatology Unit, Nantes University Hospital, 44093 Nantes, France",1,Centre Hospitalier Universitaire de Nantes,I3019204325,no
"Rheumatology Unit, Nantes University Hospital, 44093, CHU, Nantes, France",1,Centre Hospitalier Universitaire de Nantes,I3019204325,no
"Rheumatology Unit, Nantes University Hospital, 44093, Nantes, France",1,Centre Hospitalier Universitaire de Nantes,I3019204325,no
"Rheumatology Unit, Nantes University Hospital, CHU Nantes, 44093 Nantes Cedex 01, France",1,Centre Hospitalier Universitaire de Nantes,I3019204325,no
"Rheumatology Unit, Nantes University Hospital, France",1,Centre Hospitalier Universitaire de Nantes,I3019204325,no
"Rheumatology Unit, Nantes University Hospital, Place Alexis Ricordeau, 44093 Nantes, France",1,Centre Hospitalier Universitaire de Nantes,I3019204325,no
"Rheumatology department, Nantes University Hospital, 44093 Nantes, France",1,Centre Hospitalier Universitaire de Nantes,I3019204325,no
"Rheumatology department, Nantes University Hospital, Nantes, France",1,Centre Hospitalier Universitaire de Nantes,I3019204325,no
"Rheumatology, Nantes University Hospital, Nantes, France;",1,Centre Hospitalier Universitaire de Nantes,I3019204325,no
"Rhumatologie, RMeS UMR1229, Inserm, Nantes, France",1,Inserm,I154526488,no
"RoMas, IUT NANTES",1,,,no
"Réseau de soins palliatifs et d’accompagnement, CHU de Nantes — Université Rennes 2 — Laboratoire de psychopathologie et clinique psychanalytique (EA 4050), Nantes, France",1,Centre Hospitalier Universitaire de Nantes | Université Rennes 2,I3019204325 I3124938446,no
"SAMU 44, Department of Emergency Medicine, University Hospital of Nantes, Nantes, France",1,Centre Hospitalier Universitaire de Nantes,I3019204325,no
"SFR Confluences, Maison de la recherche Germaine-Tillion, Laboratoire de psychologie des Pays de la Loire (LPPL), EA 4638, 5 bis, boulevard Lavoisier, 49045 Angers cedex 01, France",1,Laboratoire de Psychologie des Pays de la Loire,I4210089331,yes
"SFR-SANTE, MicroPiCell core facility, INSERM, CNRS, UNIV Nantes, CHU Nantes, Nantes, France",1,Inserm | Centre National de la Recherche Scientifique | Centre Hospitalier Universitaire de Nantes | Structure Fédérative de Recherche Bonamy,I154526488 I1294671590 I3019204325 I4400009061,yes
"SFR-SANTE, iPSC Core Facility, INSERM, CNRS, UNIV Nantes, CHU Nantes, Nantes, France",1,Inserm | Centre National de la Recherche Scientifique | Centre Hospitalier Universitaire de Nantes | Structure Fédérative de Recherche Bonamy,I154526488 I1294671590 I3019204325 I4400009061,yes
"SFR-SANTE, iPSC core facility, INSERM, CNRS, UNIV Nantes, CHU Nantes, Nantes, France. laurent.david@univ-nantes.fr",1,Inserm | Centre National de la Recherche Scientifique | Centre Hospitalier Universitaire de Nantes | Structure Fédérative de Recherche Bonamy,I154526488 I1294671590 I3019204325 I4400009061,yes
"SFR-SANTE, iPSC core facility, UNIV Nantes, INSERM, CNRS, CHU, Nantes, Nantes, France",1,Inserm | Centre National de la Recherche Scientifique | Centre Hospitalier Universitaire de Nantes | Structure Fédérative de Recherche Bonamy,I154526488 I1294671590 I3019204325 I4400009061,yes
"SFR-Santé, INSERM UMS016, CNRS UMS 3556, FED 4202, UNIV Nantes, CHU, Nantes, France",1,Inserm | Centre National de la Recherche Scientifique | Centre Hospitalier Universitaire de Nantes | Structure Fédérative de Recherche Bonamy,I154526488 I1294671590 I3019204325 I4400009061,yes
"SFR-Santé, INSERM, CNRS, UNIV Nantes, CHU Nantes, Nantes, France, Nantes, France",1,Inserm | Centre National de la Recherche Scientifique | Centre Hospitalier Universitaire de Nantes | Structure Fédérative de Recherche Bonamy,I154526488 I1294671590 I3019204325 I4400009061,yes
"SFR-Santé, Inserm, CNRS, UNIV Nantes, CHU Nantes, Nantes, France",1,Inserm | Centre National de la Recherche Scientifique | Centre Hospitalier Universitaire de Nantes | Structure Fédérative de Recherche Bonamy,I154526488 I1294671590 I3019204325 I4400009061,yes
"SIRIC ILIAD INCa-DGOS-Inserm_12558, Nantes, France. registre4485@chu-nantes.fr",1,Inserm,I154526488,no
"SIRIC ILIAD, Nantes University Hospital, F-44093, Nantes, France",1,,,no
"SPHERE -INSERM 1246 . University of Tours and Nantes ,",1,Université de Tours | Inserm | methodS in Patient-centered outcomes and HEalth ResEarch,I110017253 I154526488 I4392021239,yes
SPHERE INSERM1246 University of Tours and Nantes Tours France,1,Université de Tours | Inserm | methodS in Patient-centered outcomes and HEalth ResEarch,I110017253 I154526488 I4392021239,yes
"SPHERE, INSERM UMR 1246 Nantes University, Tours University  France",1,Université de Tours | Inserm | methodS in Patient-centered outcomes and HEalth ResEarch,I110017253 I154526488 I4392021239,yes
"SPHERE, Tours, France",1,"Sciences, Philosophie, Histoire",I4210150713,no
"SPHERE, UMR INSERM 1246, Institut de recherche en santé 2, 22 boulevard Benoni-Goullin,44200 Nantes,",1,Inserm | methodS in Patient-centered outcomes and HEalth ResEarch,I154526488 I4392021239,yes
"SPIN Unit, Public Health Department Nantes University Hospital  Nantes France",1,Centre Hospitalier Universitaire de Nantes,I3019204325,no
"STACK Research Group - IMT-Atlantique, Inria, LS2N, Nantes, France",1,Laboratoire des Sciences du Numérique de Nantes | IMT Atlantique | STACK: Pile logicielle pour les infrastructures massivement géo distribuées,I4210117005 I4210127572 I4405260529,yes
"STACK Team, ADEME, LS2N, IMT Atlantique,Nantes,France",1,Laboratoire des Sciences du Numérique de Nantes | IMT Atlantique,I4210117005 I4210127572,yes
"STACK Team, Inria, LS2N, IMT Atlantique,Nantes,France",1,Laboratoire des Sciences du Numérique de Nantes | IMT Atlantique,I4210117005 I4210127572,yes
"STACK team; IMT Atlantique, Inria, LS2N, Nantes, France",1,Laboratoire des Sciences du Numérique de Nantes | IMT Atlantique,I4210117005 I4210127572,yes
"SUBATECH & ARRONAX, Nantes, France. Electronic address: huclier@univ-nantes.fr",1,Laboratoire de Physique Subatomique et des Technologies Associées,I4210109007,yes
"SUBATECH (CNRS/in2p3, Univ. of Nantes, EMN) 4, rue A. Kastler, 44307 Nantes, France",1,Centre National de la Recherche Scientifique | Laboratoire de Physique Subatomique et des Technologies Associées | Institut National de Physique Nucléaire et de Physique des Particules,I1294671590 I4210109007 I4210133362,yes
"SUBATECH (Ecole des Mines de Nantes, CNRS-IN2P3, Universitéde Nantes) BP 20722, 44307 Nantes, France",1,Centre National de la Recherche Scientifique | Laboratoire de Physique Subatomique et des Technologies Associées | Institut National de Physique Nucléaire et de Physique des Particules | École nationale supérieure des Mines de Nantes,I1294671590 I4210109007 I4210133362 I4405265706,yes
"SUBATECH , Universit e de Nantes / Ecole des Mines de Nantes / IN2P3/CNRS 44070 Nantes , France",1,Centre National de la Recherche Scientifique | Laboratoire de Physique Subatomique et des Technologies Associées | Institut National de Physique Nucléaire et de Physique des Particules | École nationale supérieure des Mines de Nantes,I1294671590 I4210109007 I4210133362 I4405265706,yes
"SUBATECH Laboratory, UMR 6457, Mines-Nantes, University of NantesCNRS-IN2P3, B.P. 20722, F-44307 Nantes Cedex 3, FranceE-mail:",1,Centre National de la Recherche Scientifique | Laboratoire de Physique Subatomique et des Technologies Associées | Institut National de Physique Nucléaire et de Physique des Particules | École nationale supérieure des Mines de Nantes,I1294671590 I4210109007 I4210133362 I4405265706,yes
"SUBATECH UMR 6457, Universitéde Nantes, Ecole des Mines, IN2P3/CNRS, 4 Rue Alfred Kastler, BP 20722, Nantes Cedex 03 44307, France",1,Centre National de la Recherche Scientifique | Laboratoire de Physique Subatomique et des Technologies Associées | Institut National de Physique Nucléaire et de Physique des Particules | École nationale supérieure des Mines de Nantes,I1294671590 I4210109007 I4210133362 I4405265706,yes
"SUBATECH University of Nantes  IN2P3/CNRS, IMT Atlantique France",1,Centre National de la Recherche Scientifique | Laboratoire de Physique Subatomique et des Technologies Associées | IMT Atlantique | Institut National de Physique Nucléaire et de Physique des Particules,I1294671590 I4210109007 I4210127572 I4210133362,yes
"SUBATECH, CNRS-Université, 44072, Nantes, France",1,Centre National de la Recherche Scientifique | Laboratoire de Physique Subatomique et des Technologies Associées,I1294671590 I4210109007,yes
"SUBATECH, CNRS/IN2P3, Univ. de Nantes, EMN, 44307 Nantes, France",1,Centre National de la Recherche Scientifique | Laboratoire de Physique Subatomique et des Technologies Associées | Institut National de Physique Nucléaire et de Physique des Particules,I1294671590 I4210109007 I4210133362,yes
"SUBATECH, EMN-IN2P3/CNRS-Université F-44307, Nantes, France",1,Centre National de la Recherche Scientifique | Laboratoire de Physique Subatomique et des Technologies Associées | Institut National de Physique Nucléaire et de Physique des Particules,I1294671590 I4210109007 I4210133362,yes
"SUBATECH, IMT Atlantique, Universitéde Nantes, CNRS-IN2P3, Nantes, France",1,Centre National de la Recherche Scientifique | Laboratoire de Physique Subatomique et des Technologies Associées | IMT Atlantique | Institut National de Physique Nucléaire et de Physique des Particules,I1294671590 I4210109007 I4210127572 I4210133362,yes
"SUBATECH, Laboratoire de Physique Subatomique et des Technologies Associées, UMR Universitéde Nantes, IN2P3/CNRS, Ecole des Mines de Nantes, 4 Rue Alfred Kastler, F-44070 Nantes Cedex 03, France",1,Centre National de la Recherche Scientifique | Laboratoire de Physique Subatomique et des Technologies Associées | Institut National de Physique Nucléaire et de Physique des Particules | École nationale supérieure des Mines de Nantes,I1294671590 I4210109007 I4210133362 I4405265706,yes
"SUBATECH, UMR 6457, Universit?e de Nantes, Ecole des Mines de Nantes, IN2P3/CRNS. 4 rue Alfred Kastler, 44307 Nantes cedex 3, France",1,Laboratoire de Physique Subatomique et des Technologies Associées | Institut National de Physique Nucléaire et de Physique des Particules | École nationale supérieure des Mines de Nantes,I4210109007 I4210133362 I4405265706,yes
"SUBATECH, UMR Universitéde Nantes, IN2P3/CNRS, Ecole des Mines de Nantes Ecole des Mines de Nantes, 4, rue A. Kastler, 44307 Nantes, France",1,Centre National de la Recherche Scientifique | Laboratoire de Physique Subatomique et des Technologies Associées | Institut National de Physique Nucléaire et de Physique des Particules | École nationale supérieure des Mines de Nantes,I1294671590 I4210109007 I4210133362 I4405265706,yes
"SUBATECH, Univ. de Nantes -- IN2P3/CNRS-- EMN, Nantes, France",1,Centre National de la Recherche Scientifique | Laboratoire de Physique Subatomique et des Technologies Associées | Institut National de Physique Nucléaire et de Physique des Particules,I1294671590 I4210109007 I4210133362,yes
"SUBATECH, Univ. de Nantes, IMT, IN2P3/CNRS, Nantes, France",1,Centre National de la Recherche Scientifique | Laboratoire de Physique Subatomique et des Technologies Associées | Institut National de Physique Nucléaire et de Physique des Particules,I1294671590 I4210109007 I4210133362,yes
"SUBATECH,11Unité Mixte de Recherche 6457 de l'Ecole des Mines de Nantes, du CNRS/IN2P3 et de l'Université de Nantes. B.P. 20722, 44307 Nantes cedex 3, France",1,Centre National de la Recherche Scientifique | Laboratoire de Physique Subatomique et des Technologies Associées | Institut National de Physique Nucléaire et de Physique des Particules,I1294671590 I4210109007 I4210133362,yes
"Samu 44 and Emergency Department, University Hospital, 44000 Nantes, France",1,Centre Hospitalier Universitaire de Nantes,I3019204325,no
"School of Computing Science, University of Glasgow, Glasgow, United Kingdom and IMT Atlantique, LS2N, UMR CNRS 6004, Nantes, France",1,University of Glasgow | Laboratoire des Sciences du Numérique de Nantes | IMT Atlantique,I7882870 I4210117005 I4210127572,yes
Sebastien.Gouin{at}univ-nantes.fr,1,,,no
Section of Methodology and Biostatistics University Hospital of Nantes  Nantes France,1,Centre Hospitalier Universitaire de Nantes,I3019204325,no
"Segula Technologies, Naval and Energy Engineering Research and Innovation Unit and Ecole Centrale Nantes, AAU-CRENAU, UMR 1563 and LS2N-PACCE, UMR 6004, France",1,"École Centrale de Nantes | Laboratoire des Sciences du Numérique de Nantes | AAU - Ambiances, Architectures, Urbanités",I100445878 I4210117005 I4210162214,yes
"Service Archéologie de Loire-Atlantique, UMR 6566, 35700 Rennes, France",1,"Centre de Recherche en Archéologie, Archéosciences, Histoire",I4387153012,yes
"Service Hématologie, Nantes University Hospital, F-44000 Nantes, France",1,Centre Hospitalier Universitaire de Nantes,I3019204325,no
"Service archéologie du département de Loire-Atlantique, CReAAH (UMR 6566), Nantes-Rennes",1,"Centre de Recherche en Archéologie, Archéosciences, Histoire",I4387153012,yes
"Service d'Ecotoxicologie, CNRS GDR 1117, ISOMer, SMAB, 2 Rue de la Houssinière, BP 92208, 44322 Nantes Cedex 3, France",1,Centre National de la Recherche Scientifique | Institut Des Substances et Organismes de la Mer,I1294671590 I4392021232,yes
"Service d'Ecotoxicologie, CNRS GDR 1117, ISOMer, SMAB, 2, rue de la Houssinière, BP 92208, 44322 Nantes Cedex 3, France. alain.geffard@univ-reims.fr",1,Centre National de la Recherche Scientifique | Institut Des Substances et Organismes de la Mer,I1294671590 I4392021232,yes
"Service d'Ecotoxicologie, CNRS GDR 1117, ISOMer, SMAB, 2, rue de la Houssinière, BP 92208, 44322 Nantes Cédex 3, France",1,Centre National de la Recherche Scientifique | Institut Des Substances et Organismes de la Mer,I1294671590 I4392021232,yes
"Service d'Ecotoxicologie, CNRS/GDR1117, ISOMer, SMAB, 2 rue de la Houssinière, BP 92208, 44322 Nantes, France",1,Centre National de la Recherche Scientifique | Institut Des Substances et Organismes de la Mer,I1294671590 I4392021232,yes
"Service d'Ecotoxicologie, URA 690 CNRS, Faculté de Pharmacie, 1 rue Gaston Veil, 44035 Nantes Cedex, France",1,Centre National de la Recherche Scientifique,I1294671590,no
"Service d'Histologie-Embryologie, Faculté de médecine de Nantes, 1 Rue Gaston Veil, 44035, Nantes, France",1,,,no
"Service d'Hépato-Gastroentérologie, Nantes University Hospital, 1 Place Alexis-Ricordeau, Nantes F-44093, France",1,Centre Hospitalier Universitaire de Nantes,I3019204325,no
"Service d'accueil des urgences pédiatriques, Nantes University Hospital, Nantes, France",1,Centre Hospitalier Universitaire de Nantes,I3019204325,no
"Service d'anatomie et cytologie pathologiques, Nantes University Hospital, 1 place Alexis Ricordeau, Nantes 44093, France",1,Centre Hospitalier Universitaire de Nantes,I3019204325,no
"Service d'urologie, université et hôpital de Nantes, Nantes, France",1,Centre Hospitalier Universitaire de Nantes,I3019204325,no
"Service de Bactériologie et des contrôles Microbiologiques, CHU Nantes, INSERM INCIT UMR 1302, F-44000 Nantes, France",1,Inserm | Centre Hospitalier Universitaire de Nantes | Immunologie et Nouveaux Concepts en Immunothérapie,I154526488 I3019204325 I4392021193,yes
Service de Dermatologie Centre de Référence des Maladies Rares – MAGEC Centre Hospitalier Universitaire de Tours Université de Tours SPHERE‐INSERM 1246 Tours France,1,Université de Tours | Inserm | Centre Hospitalier Universitaire de Tours,I110017253 I154526488 I4210095477,no
"Service de Dermatologie, Nantes University Hospital, Nantes, France",1,Centre Hospitalier Universitaire de Nantes,I3019204325,no
"Service de Médecine Intensive Réanimation, Nantes University Hospital, Nantes, France",1,Centre Hospitalier Universitaire de Nantes,I3019204325,no
"Service de Médecine et Biologie du Développement et de la Reproduction, CHU de Nantes, Nantes, France; INSERM UMR1064, Nantes, France",1,Inserm | Centre Hospitalier Universitaire de Nantes,I154526488 I3019204325,no
"Service de Neurologie, CHU Nantes, Nantes, France. david.laplaud@univ-nantes.fr",1,Centre Hospitalier Universitaire de Nantes,I3019204325,no
"Service de Neurologie, CHU de Nantes, Nantes, France. David.Laplaud@univ-nantes.fr",1,Centre Hospitalier Universitaire de Nantes,I3019204325,no
"Service de Néonatologie, CIC 004, INSERM, Nantes University Hospital, Nantes, France",1,Inserm | Centre Hospitalier Universitaire de Nantes | Centre d'Investigation Clinique de Nantes,I154526488 I3019204325 I4210128055,no
"Service de Néonatologie, University hospital of Nantes.44035 Nantes cedex 01, FRANCE",1,Centre Hospitalier Universitaire de Nantes,I3019204325,no
"Service de Néphrologie, Hôpital Bretonneau CHRU Tours and Université de Tours et Nantes SPHERE–INSERM 1246  Tours France",1,Université de Tours | Inserm | Centre Hospitalier Universitaire de Tours | methodS in Patient-centered outcomes and HEalth ResEarch,I110017253 I154526488 I4210095477 I4392021239,yes
"Service de Néphrologie, Hôpital Bretonneau, CHRU Tours, Université de Tours et Nantes, SPHERE-INSERM, Tours, France",1,Université de Tours | Inserm | Centre Hospitalier Universitaire de Tours | methodS in Patient-centered outcomes and HEalth ResEarch,I110017253 I154526488 I4210095477 I4392021239,yes
"Service de Néphrologie, Hôpital Bretonneau, CHRU Tours, Université de Tours et Nantes, SPHERE‐ INSERM 1246  Tours France",1,Université de Tours | Inserm | Centre Hospitalier Universitaire de Tours | methodS in Patient-centered outcomes and HEalth ResEarch,I110017253 I154526488 I4210095477 I4392021239,yes
"Service de Néphrologie-Hypertension, Dialyses, Transplantation Rénale, Hôpital Bretonneau, INSERM U1246 SPHERE, Tours University-Nantes University, Tours, France",1,Université de Tours | Inserm | Hôpital Bretonneau | methodS in Patient-centered outcomes and HEalth ResEarch,I110017253 I154526488 I4210100159 I4392021239,yes
"Service de Santé Publique Et Environnementale, Nantes University Hospital, Nantes, France",1,Centre Hospitalier Universitaire de Nantes,I3019204325,no
"Service de Virologie, CHU de Nantes, and UPRES-EA4271, Nantes University",1,Centre Hospitalier Universitaire de Nantes,I3019204325,no
"Service de Virologie, CHU de Nantes, and UPRES‐EA4271, PRES L'UNAM Nantes University",1,Université Nantes Angers Le Mans | Centre Hospitalier Universitaire de Nantes,I234216984 I3019204325,no
"Service de dermatologie, Unité de dermatologie pédiatrique, Université de Tours et Nantes, INSERM 1246 SPHERE - CHRU Tours, 2 Boulevard Tonnellé, 37044 Tours, France",1,Université de Tours | Inserm | Centre Hospitalier Universitaire de Tours | methodS in Patient-centered outcomes and HEalth ResEarch,I110017253 I154526488 I4210095477 I4392021239,yes
"Service de maladies infectieuses et tropicales, CHU de Nantes, 44000 Nantes, France; Inserm UIC 1413, CHU de Nantes, 44000 Nantes, France",1,Inserm | Centre Hospitalier Universitaire de Nantes,I154526488 I3019204325,no
"Service de médecine nucléaire, CHU Nantes, Nantes, France; INSERM UM R892, Nantes, France",1,Inserm | Centre Hospitalier Universitaire de Nantes,I154526488 I3019204325,no
"Service de médecine vasculaire, CHU de Nantes, 44000 Nantes, France. anne-sophie.boureau@etu.univ-nantes.fr",1,Centre Hospitalier Universitaire de Nantes,I3019204325,no
"Service de néphrologie et d'immunologie clinique, CHU de Nantes, France; CRTI, ITUN, Université de Médecine de Nantes, France. Electronic address: lucile.figueres@gmail.com",1,Centre Hospitalier Universitaire de Nantes | Institut de Transplantation Urologie en Nephrologie,I3019204325 I4210112643,no
"Service de pharmacologie clinique, addictovigilance, CHU de Nantes, 44000 Nantes, France; Inserm UMR1246, universités de Nantes et Tours, 44200 Nantes, France",1,Inserm | Centre Hospitalier Universitaire de Nantes | methodS in Patient-centered outcomes and HEalth ResEarch,I154526488 I3019204325 I4392021239,yes
"Service de pharmacologie clinique, addictovigilance, CHU de Nantes, 44000 Nantes, France; Inserm UMR1246, universités de Nantes et Tours, 44200 Nantes, France. Electronic address: Caroline.vigneau@chu-nantes.fr",1,Inserm | Centre Hospitalier Universitaire de Nantes | methodS in Patient-centered outcomes and HEalth ResEarch,I154526488 I3019204325 I4392021239,yes
"Service de pharmacologie, UFR de Médecine et des Techniques Médicales, Nantes, France",1,,,no
"Service de rhumatologie, Nantes University Hospital, place Alexis-Ricordeau, 44093 Nantes cedex 01, France",1,Centre Hospitalier Universitaire de Nantes,I3019204325,no
"Service des Urgences, Nantes University Hospital, Nantes, France",1,Centre Hospitalier Universitaire de Nantes,I3019204325,no
"Service d’Hépato-Gastroentérologie, Nantes University Hospital, 1 Place Alexis-Ricordeau, Nantes F-44093, France",1,Centre Hospitalier Universitaire de Nantes,I3019204325,no
"Service d’addictologie et de psychiatrie de liaison, CHU de Nantes, France; Inserm UMR 1246, Universités de Nantes et Tours, France",1,Inserm | Centre Hospitalier Universitaire de Nantes | methodS in Patient-centered outcomes and HEalth ResEarch,I154526488 I3019204325 I4392021239,yes
"Service d’ophtalmologie, CHU de Nantes, 44093 Nantes, France",1,Centre Hospitalier Universitaire de Nantes,I3019204325,no
"Skin Cancer Unit, INSERM, 892, Nantes University Hospital, Nantes Cedex, France",1,Inserm | Centre Hospitalier Universitaire de Nantes,I154526488 I3019204325,no
"Skin Cancer Unit, Nantes University Hospital, INSERM 892, 1 Place Alexis Ricordeau, 44093, Nantes Cedex, France",1,Inserm | Centre Hospitalier Universitaire de Nantes,I154526488 I3019204325,no
"Sociologue, doctorant à l'Université de Nantes, chercheur au Centre nantais de sociologie (CENS), UMR 6025",1,Centre Nantais de Sociologie,I4210153136,yes
"Sociologue, doctorant à l’Université de Nantes, chercheur au Centre nantais de sociologie (CENS), UMR 6025",1,Centre Nantais de Sociologie,I4210153136,yes
"Specialized Pediatric Department, Nantes University Hospital, Nantes, France",1,Centre Hospitalier Universitaire de Nantes,I3019204325,no
"Specialized pediatrics unit, gastroenterology, Nantes University Hospital, 44000 Nantes, France",1,Centre Hospitalier Universitaire de Nantes,I3019204325,no
"Sponsor Department, University Public Hospitals of Nantes, 44093 Nantes, France",1,,,no
Stephane.Carre@univ-nantes.fr,1,,,no
"Stomatology and Maxillo-facial Surgery Unit, Nantes University Hospital, F-44000 Nantes, France",1,Centre Hospitalier Universitaire de Nantes,I3019204325,no
Stomatology and Maxillo‐facial Surgery Unit Nantes University Hospital  Nantes Cedex 1 France,1,Centre Hospitalier Universitaire de Nantes,I3019204325,no
Straße in Nantes ,1,,,no
"Stroke Unit, Department of Neurology, Nantes University Hospital, 44093 Nantes, France",1,Centre Hospitalier Universitaire de Nantes,I3019204325,no
"Stroke Unit, Department of Neurology, Nantes University Hospital, 44093 Nantes, France. Electronic address: benoit.guillon@chu-nantes.fr",1,Centre Hospitalier Universitaire de Nantes,I3019204325,no
"Stroke Unit, Department of Neurology, Nantes University Hospital, Nantes, France",1,Centre Hospitalier Universitaire de Nantes,I3019204325,no
"Stroke Unit, Department of Neurology, Nantes University Hospital, Nantes, France. Electronic address: benoit.guillon@chu-nantes.fr",1,Centre Hospitalier Universitaire de Nantes,I3019204325,no
"Structure Fédérative de Recherche en Santé François Bonamy (SFR-Santé), INSERM, CNRS, CHU Nantes, Nantes, France",1,Inserm | Centre National de la Recherche Scientifique | Centre Hospitalier Universitaire de Nantes | Structure Fédérative de Recherche Bonamy,I154526488 I1294671590 I3019204325 I4400009061,yes
"Stéphane Tirard, Centre François Viète d’épistémologie et d’histoire des sciences et des techniques (UR 1161), UFR des sciences et des techniques de Nantes, 2, rue de la Houssinière, BP 92208, 44322 Nantes Cedex 3",1,Centre François Viète,I4387153064,yes
"Subatech Laboratory, UMR: IN2P3/CNRS-Université-IMT, 44 Nantes, France",1,Centre National de la Recherche Scientifique | Institut National de Physique Nucléaire et de Physique des Particules,I1294671590 I4210133362,no
"Subatech Laboratory, UMR: IN2P3/CNRS-Université-IMT, 44307 Nantes, France",1,Centre National de la Recherche Scientifique | Institut National de Physique Nucléaire et de Physique des Particules,I1294671590 I4210133362,no
"Subatech Laboratory, UMR: IN2P3/CNRS-Université-IMT, 44 Nantes, France",1,Centre National de la Recherche Scientifique | Institut National de Physique Nucléaire et de Physique des Particules,I1294671590 I4210133362,no
"Subatech, CNRS/IN2P3, Univ-Nantes, EMN, Nantes (France)",1,Centre National de la Recherche Scientifique | Laboratoire de Physique Subatomique et des Technologies Associées | Institut National de Physique Nucléaire et de Physique des Particules,I1294671590 I4210109007 I4210133362,yes
"Subatech, IMTA-IN2P3/CNRS-Université, 44307 Nantes, France",1,Centre National de la Recherche Scientifique | Laboratoire de Physique Subatomique et des Technologies Associées | Institut National de Physique Nucléaire et de Physique des Particules,I1294671590 I4210109007 I4210133362,yes
"Subatech, UMR 6457 (Ecole des Mines de Nantes, IN2P3/CNRS Universitéde Nantes),France",1,Centre National de la Recherche Scientifique | Laboratoire de Physique Subatomique et des Technologies Associées | Institut National de Physique Nucléaire et de Physique des Particules | École nationale supérieure des Mines de Nantes,I1294671590 I4210109007 I4210133362 I4405265706,yes
"Surgery Unit, Nantes University Hospital, Nantes, France",1,Centre Hospitalier Universitaire de Nantes,I3019204325,no
"Surgical Intensive Care Unit, Nantes University Hospital, Nantes, France",1,Centre Hospitalier Universitaire de Nantes,I3019204325,no
"Swann Marx is with LS2N, &#x00C9;cole Centrale de Nantes &#x0026; CNRS UMR 6004,Nantes,France",1,Centre National de la Recherche Scientifique | Laboratoire des Sciences du Numérique de Nantes,I1294671590 I4210117005,yes
"TASC (LS2N) IMT Atlantique, FR – 44307, Nantes, France",1,Laboratoire des Sciences du Numérique de Nantes | IMT Atlantique,I4210117005 I4210127572,yes
"TASC (LS2N-CNRS) IMT Atlantique,Nantes,France,44307",1,Centre National de la Recherche Scientifique | Laboratoire des Sciences du Numérique de Nantes | IMT Atlantique,I1294671590 I4210117005 I4210127572,yes
"TASC (LS2N-CNRS), IMT Atlantique, 4 rue Alfred Kastler, 44307, Nantes, France",1,Centre National de la Recherche Scientifique | Laboratoire des Sciences du Numérique de Nantes | IMT Atlantique,I1294671590 I4210117005 I4210127572,yes
"TASC (LS2N-CNRS), IMT Atlantique, France, GREYC, University of Caen Normandy, France",1,Université de Caen Normandie | Centre National de la Recherche Scientifique | Laboratoire des Sciences du Numérique de Nantes | IMT Atlantique | GREYC,I98702875 I1294671590 I4210117005 I4210127572 I4210139483,yes
"TASC - DAPI, IMT-Atlantique, LS2N - CNRS, 44307, Nantes, France",1,Centre National de la Recherche Scientifique | Laboratoire des Sciences du Numérique de Nantes | IMT Atlantique,I1294671590 I4210117005 I4210127572,yes
"Team 10, Inserm  Nantes France",1,Inserm,I154526488,no
"Team 12 'Targeted Therapies and Tumor Escape in Colorectal Cancer', CRCINA - Institut de Recherche en Santé de l'Université de Nantes-Angers - Centre de Lutte contre le Cancer Paul Papin, 15 rue André Boquel, Angers, 49055, France",1,Centre de Recherche en Cancérologie et Immunologie Intégrée Nantes Angers,I4210092509,yes
"Team 8 ""Stress adaptation and tumor escape"", CRCINA - Institut de Recherche en Santé de l'Université de Nantes-Angers - IRT, BP 70721, 8 quai Moncousu, Nantes, 44007, France",1,Centre de Recherche en Cancérologie et Immunologie Intégrée Nantes Angers,I4210092509,yes
"Team PETRY, CRCI2NA, Nantes University, INSERM, CNRS, Université d'Angers, Nantes, France",1,Université d'Angers | Inserm | Centre National de la Recherche Scientifique | Centre de Recherche en Cancérologie et Immunologie Intégrée Nantes Angers,I49451733 I154526488 I1294671590 I4210092509,yes
"Team SOAP, CRCI2NA Nantes University, INSERM, CNRS France",1,Inserm | Centre National de la Recherche Scientifique | Centre de Recherche en Cancérologie et Immunologie Intégrée Nantes Angers,I154526488 I1294671590 I4210092509,yes
"Team SOAP, CRCI2NA, Nantes University, INSERM, CNRS, Université d'Angers, Nantes, France",1,Université d'Angers | Inserm | Centre National de la Recherche Scientifique | Centre de Recherche en Cancérologie et Immunologie Intégrée Nantes Angers,I49451733 I154526488 I1294671590 I4210092509,yes
"Team SOAP, CRCI2NA, Nantes University, INSERM, CNRS, Université d'Angers, Nantes, France. nicolas.bidere@inserm.fr",1,Université d'Angers | Inserm | Centre National de la Recherche Scientifique | Centre de Recherche en Cancérologie et Immunologie Intégrée Nantes Angers,I49451733 I154526488 I1294671590 I4210092509,yes
"Team SOAP, CRCI<sup>2</sup>NA Nantes University, INSERM, CNRS  France",1,Inserm | Centre National de la Recherche Scientifique | Centre de Recherche en Cancérologie et Immunologie Intégrée Nantes Angers,I154526488 I1294671590 I4210092509,yes
"Team SOAP, CRCINA, Nantes University, INSERM, CNRS, Université d'Angers, Nantes, France",1,Université d'Angers | Inserm | Centre National de la Recherche Scientifique | Centre de Recherche en Cancérologie et Immunologie Intégrée Nantes Angers,I49451733 I154526488 I1294671590 I4210092509,yes
"Technician, Clinical Pharmacology Department, Nantes University Hospital, France",1,Centre Hospitalier Universitaire de Nantes,I3019204325,no
"The C.H.U., Nantes, France",1,Centre Hospitalier Universitaire de Nantes,I3019204325,no
"Thermofluids and Complex Flows Research Group, Laboratoire de Thermocinétique CNRS UMR 6607, École Polytechnique de l’Université de Nantes, rue Christian Pauc, B.P. 50609, Nantes Cedex 3, 44306, France",1,Centre National de la Recherche Scientifique | Laboratoire de Thermique et Energie de Nantes,I1294671590 I4210109587,yes
"Thermofluids and Complex Flows Research Group, Laboratoire de Thermocinétique, CNRS UMR 6607, École Polytechnique de l’Université de Nantes, Rue Christian Pauc, B.P. 50609, F-44306 Nantes, Cedex 3, France",1,Centre National de la Recherche Scientifique | Laboratoire de Thermique et Energie de Nantes,I1294671590 I4210109587,yes
"Thermofluids and Complex Flows Research Group, Laboratoire de Thermocinétique, CNRS-UMR 6607, Ecole Polytechnique de l'Université de Nantes, Rue Christan Pauc, BP 50609, F-44306, Nantes Cedex 3, France",1,Centre National de la Recherche Scientifique | Laboratoire de Thermique et Energie de Nantes,I1294671590 I4210109587,yes
"Thermofluids, Complex Flows and Energy Research Group – Laboratoire de Thermocinétique, CNRS-UMR 6607, Ecole Polytechnique de l’Université de Nantes, rue C. Pauc, BP 50609, 44 306 Nantes Cedex 3, France",1,Centre National de la Recherche Scientifique | Laboratoire de Thermique et Energie de Nantes,I1294671590 I4210109587,yes
"Thermofluids, Complex Flows and Energy Research Group, Laboratoire de Thermocinétique de Nantes (LTN), CNRS UMR 6607, École Polytechnique de l’Université de Nantes, rue Christian Pauc, B.P. 50609, 44306 Nantes, France",1,Centre National de la Recherche Scientifique | Laboratoire de Thermique et Energie de Nantes,I1294671590 I4210109587,yes
"Thermofluids, Complex Flows and Energy Research Group, Laboratoire de Thermocinétique de Nantes, CNRS UMR 6607, Ecole Polytechnique de l’Université de Nantes; and 2Agence de l’Environnement et de la Maitrise de l’Energie (ADEME), Angers, France",1,Centre National de la Recherche Scientifique | Laboratoire de Thermique et Energie de Nantes | Agence de la transition écologique,I1294671590 I4210109587 I4210155578,yes
"Thermofluids, Complex Flows and Energy Research Group, Laboratoire de Thermocinétique, CNRS UMR 6607, École Polytechnique de l'Université de Nantes, rue Christian Pauc, B.P. 50609, 44306 Nantes, France",1,Centre National de la Recherche Scientifique | Laboratoire de Thermique et Energie de Nantes,I1294671590 I4210109587,yes
"Thermofluids, Complex Flows and Energy Research Group, Laboratoire de Thermocinétique, CNRS UMR 6607, École Polytechnique de l’Université de Nantes, rue Christian Pauc, B.P. 50609, 44306 Nantes, France",1,Centre National de la Recherche Scientifique | Laboratoire de Thermique et Energie de Nantes,I1294671590 I4210109587,yes
"Thermofluids, Complex Flows and Energy Research Group, Laboratoire de Thermocinétique, UMR CNRS 6607, Ecole Polytechnique de l’Université de Nantes, Rue Christian Pauc, B.P. 90604, F-44306 Nantes Cedex 3, France",1,Centre National de la Recherche Scientifique | Laboratoire de Thermique et Energie de Nantes,I1294671590 I4210109587,yes
"Thermofluids, Complex Flows and Energy, Laboratoire de Thermocinétique, UMR CNRS 6607, Ecole Polytechnique de I’Université de Nantes, La Chantrerie, BP 50609, F-44306, Nantes, France",1,Centre National de la Recherche Scientifique | Laboratoire de Thermique et Energie de Nantes,I1294671590 I4210109587,yes
"Thoracic Oncology Department, Nantes University Hospital, 44093 Nantes, France",1,Centre Hospitalier Universitaire de Nantes,I3019204325,no
Thoracic Oncology Unit Nantes University Hospital  Nantes France,1,Centre Hospitalier Universitaire de Nantes,I3019204325,no
"Thoracic Transplantation Unit, Institut du Thorax, Nantes Hospital University, Nantes, France",1,Centre Hospitalier Universitaire de Nantes | Institut du Thorax,I3019204325 I4210144168,yes
"Titulaire d'un master en droit des biotechnologies et éthique, Margo Bernelin a rédigé une thèse intitulée « Les sources du droit de la recherche biomédicale en France et au Royaume-Uni : étude comparative du concept de légitimité » (université Paris-Nanterre et Kent University, R. U., 2017). Depuis, Margo Bernelin a intégré le projet de recherche DataSanté (université de Nantes, ). Les recherches menées par Margo Bernelin portent sur les implications juridiques de la systématisation de la collecte de données dans le domaine de la santé",1,Université de Nantes,I4405260337,yes
"Training and Research Unit ‘Letters, Languages and Human Sciences’, Department of Psychology (LPPL), Maison de la recherche Germaine Tillion, University of Angers",1,Université d'Angers,I49451733,no
"Transgenic Rats Nantes IBiSA-Centre National de Recherche Scientifique, F44093 Nantes, France; ITUN, CHU Nantes, F44000 Nantes, France; INSERM UMR 1064-Center for Research in Transplantation and Immunology, France. Electronic address: severine.menoret@univ-nantes.fr",1,Inserm | Centre National de la Recherche Scientifique | Centre Hospitalier Universitaire de Nantes | Institut de Transplantation Urologie en Nephrologie | Center for Research in Transplantation and Translational Immunology,I154526488 I1294671590 I3019204325 I4210112643 I4392021198,yes
"Tristan Poullaouec est maître de conférences en sociologie à l’Université de Nantes. Il a publié récemment La France d’en bas ? Idées reçues sur les classes populaires (dirigé avec Olivier Masclet et Séverine Misset, 2019)",1,,,no
"U 1089, INSERM Nantes France",1,Inserm,I154526488,no
"U 211 INSERM, Faculté de Médecine, Nantes, France",1,Inserm,I154526488,no
"U 211 INSERM-Faculté des Sciences de Nantes ,",1,Inserm,I154526488,no
"U 957, 1, rue Gaston-Veil, 44000 Nantes, France",1,,,no
"U INSERM 533, UFR de Médecine Physiologie, 1 rue Gaston Veil, BP 53508, 44035 Nantes Cedex 1, France",1,Inserm,I154526488,no
"U-225 INSERM, Faculté de Chirurgie Dentaire, Nantes, France",1,Inserm,I154526488,no
"U. 211, Laboratoire de Recherche INSERM, Faculté de Médecine , 1, Rue Gaston Weil, 44035 Nantes-Cédex ,",1,Inserm,I154526488,no
"U.211 INSERM, Institute of Biology , Nantes ,",1,Inserm,I154526488,no
"U.E.R. des Sciences de la Nature, B. P. 1044, 44 - Nantes",1,,,no
"U.F.R. de Médecine, Nantes, France",1,,,no
"U.F.R. of Pharmacy, EE0106 Nantes, France",1,,,no
"U1064, INSERM, Nantes, France;",1,Inserm,I154526488,no
U1087 INSERM Nantes France,1,Inserm,I154526488,no
"U211 INSERM, Institut de Biologie, Faculté des sciences de Nantes 9 quai Moncousu, 44035 Nantes Cedex 01, France",1,Inserm,I154526488,no
"U211 INSERM, Institut de Biologie, Nantes, France",1,Inserm,I154526488,no
"U225 INSERM, Faculté de Chirurgie Dentaire, Nantes, France",1,Inserm,I154526488,no
"U225 INSERM, Nantes, France",1,Inserm,I154526488,no
"U539, Nantes",1,,,no
"U643, INSERM , Nantes ,",1,Inserm,I154526488,no
"U643, Inserm, Nantes cedex 1/FRANCE",1,Inserm,I154526488,no
"U957-EA3822, Nantes, France",1,,,no
"UA CNRS 1340, Laboratoire de Physiologie Générale, ENV, F-44087, Nantes Cedex 03, France",1,Centre National de la Recherche Scientifique,I1294671590,no
"UBL, CNRS, GEPEA, UMR 6144, CRTT, 37, Boulevard de l'Université, 44606, St Nazaire cedex, France; IBSM, Rue de la Géraudière, BP 71627, 44316 Nantes cedex 3, France. Electronic address: eric.leroy@univ-nantes.fr",1,Centre National de la Recherche Scientifique | Laboratoire de Génie des Procédés – Environnement – Agro-alimentaire,I1294671590 I4210148006,yes
"UER Medicine, U-211 INSERM, Nantes, France",1,Inserm,I154526488,no
"UFIP , FRE-CNRS 3478 , Faculté des Sciences et des Techniques , Nantes , France",1,Centre National de la Recherche Scientifique | Unité en Sciences Biologiques et Biotechnologies de Nantes,I1294671590 I4387154840,yes
"UFIP CNRS FRE 3478, F-44322, Nantes Cedex 03, France",1,Centre National de la Recherche Scientifique | Unité en Sciences Biologiques et Biotechnologies de Nantes,I1294671590 I4387154840,yes
"UFIP UMR-CNRS 6286, Epigénétique: prolifération et différenciation, Faculté des Sciences et des Techniques, 2 rue de la Houssinière, 44322, Nantes, France. Gwenola.Boucher@univ-nantes.fr",1,Centre National de la Recherche Scientifique | Unité en Sciences Biologiques et Biotechnologies de Nantes,I1294671590 I4387154840,yes
"UFIP, UMR 6286 of CNRS, Faculté des Sciences et des Techniques, Nantes, France. Electronic address: yves-henri.sanejouand@univ-nantes.fr",1,Centre National de la Recherche Scientifique | Unité en Sciences Biologiques et Biotechnologies de Nantes,I1294671590 I4387154840,yes
"UFIP, Université des Sciences et Techniques de Nantes, FRE CNRS 3478, Nantes, France",1,Centre National de la Recherche Scientifique | Unité en Sciences Biologiques et Biotechnologies de Nantes,I1294671590 I4387154840,yes
"UFR Odontologie de Nantes , 1 , place Alexis Ricordeau , 44042 NANTES Cedex / France;",1,,,no
"UFR STAPS – Université de BrestAvenue Le Gorgeu – 29 00 BrestUniversité de NantesNantes Atlantique UniversitésLaboratoire « Motricité, Interaction, Performance » (JE 2438)",1,"Laboratoire Motricité, Interactions, Performance",I4392021216,yes
"UFR Sciences et Techniques , 2 rue de la Houssinière -BP 92208 - F-44322 Nantes Cedex , France",1,,,no
"UFR Sciences et Techniques 2, rue de la Houssinière BP 92208 , 44322 Nantes Cedex 3, France",1,,,no
"UFR Sciences et Techniques, 2 rue de la Houssinière, BP 92 208, Nantes Cedex 3, 44 322, France",1,,,no
"UFR de Pharmacie, BP 53508, 1 rue Gaston Veil, Nantes Cedex 1, 44035, France",1,,,no
"UFR de Sciences et Techniques , 2, rue de la Houssinière , BP 92208 , 44322 NANTES CEDEX 3 , France",1,,,no
"UFR de philosophie — Centre Atlantique de Philosophie, Université de Rennes , 35042 Rennes Cedex,",1,Université de Rennes,I56067802,no
"UFR de sociologie, Université de NantesGRASS (UMR 7022 CNRS-Paris-8)59-61 rue Pouchet75849 Paris Cedex 17",1,Centre National de la Recherche Scientifique,I1294671590,no
"UFR des Sciences de Nantes, RMN-Réactivité Chimique, 2 Chemin de la Houssiniére, F-44000, Nantes Cedex 02, France",1,,,no
"UFR odontologie, Nantes",1,,,no
"UFR odontologie, Nantes.
CHU Nantes",1,Centre Hospitalier Universitaire de Nantes,I3019204325,no
"UFR sciences et techniques, 44322, Nantes Cedex, France",1,,,no
"UIC 22 Multidisciplinary Pain, Palliative and Supportive Care Department Nantes University Hospital  Nantes France",1,Centre Hospitalier Universitaire de Nantes,I3019204325,no
"UIC 22 Multidisciplinary Pain, Palliative and Supportive Care Department Nantes University Hospital Nantes France",1,Centre Hospitalier Universitaire de Nantes,I3019204325,no
"UIC22 and EA2826, Multidisciplinary Pain, Palliative and Support Care Center, University Hospital, 44093 Nantes cedex 1, France. Electronic address: julien.nizard@univ-nantes.fr",1,Centre Hospitalier Universitaire de Nantes,I3019204325,no
"UMR - CNRS 6112 LPG, Nantes, France (gael.choblet@univ-nantes.fr)",1,Centre National de la Recherche Scientifique | Laboratoire de Planétologie et Géosciences,I1294671590 I4210146808,yes
"UMR 1064 , ITUN , F-44000 Nantes , France",1,Institut de Transplantation Urologie en Nephrologie,I4210112643,no
"UMR 1064, INSERM , Nantes , France ; CHU de Nantes, ITUN , Nantes , France",1,Inserm | Centre Hospitalier Universitaire de Nantes | Institut de Transplantation Urologie en Nephrologie,I154526488 I3019204325 I4210112643,no
"UMR 1064, INSERM , Nantes , France ; CHU de Nantes, ITUN , Nantes , France ; CIC Biothérapie , Nantes , France ; CHU Nantes, CRB , Nantes , France",1,Inserm | Centre Hospitalier Universitaire de Nantes | Institut de Transplantation Urologie en Nephrologie | Centre d'Investigation Clinique de Nantes,I154526488 I3019204325 I4210112643 I4210128055,no
"UMR 1064, INSERM , Nantes , France ; ITUN, Nantes Hospital , Nantes , France",1,Inserm | Centre Hospitalier Universitaire de Nantes | Institut de Transplantation Urologie en Nephrologie,I154526488 I3019204325 I4210112643,no
"UMR 1064, INSERM, Nantes, France;",1,Inserm,I154526488,no
"UMR 1064-CRTI, Nantes, France",1,,,no
"UMR 1064/ITUN, NANTES, France",1,,,no
"UMR 1064/ITUN, Nantes, France",1,,,no
"UMR 1087 , Nantes , France",1,,,no
"UMR 1087, Nantes, France",1,,,no
"UMR 1246 INSERM SPHERE ""MethodS in Patients-centered outcomes and HEalth ResEarch"", Universities of Nantes and Tours, Bd Benoni-Goullin, 44200, Nantes, France",1,Inserm | methodS in Patient-centered outcomes and HEalth ResEarch,I154526488 I4392021239,yes
"UMR 1246 INSERM SPHERE ""MethodS in Patients‐centered outcomes and HEalth ResEarch"" Universities of Nantes and Tours Nantes France",1,Inserm | methodS in Patient-centered outcomes and HEalth ResEarch,I154526488 I4392021239,yes
"UMR 1246 INSERM SPHERE 'MethodS in Patients-centered outcomes and HEalth ResEarch', Universities of Nantes and Tours, Nantes, France",1,Inserm | methodS in Patient-centered outcomes and HEalth ResEarch,I154526488 I4392021239,yes
"UMR 1246 INSERM SPHERE “MethodS in Patients-centered outcomes and HEalth ResEarch”, Universities of Nantes and Tours, Nantes, France",1,Inserm | methodS in Patient-centered outcomes and HEalth ResEarch,I154526488 I4392021239,yes
"UMR 1246 SPHERE MethodS in Patients-Centered Outcomes and Health Research, Institut de Recherche en Santé 2, France",1,methodS in Patient-centered outcomes and HEalth ResEarch,I4392021239,yes
"UMR 1246 SPHERE MethodS in Patients-Centered Outcomes and Health Research, Institut de Recherche en Santé 2, Nantes, France",1,methodS in Patient-centered outcomes and HEalth ResEarch,I4392021239,yes
"UMR 1246 SPHERE, INSERM, Nantes University and Tours University, Nantes, France",1,Inserm | methodS in Patient-centered outcomes and HEalth ResEarch,I154526488 I4392021239,yes
"UMR 1246, SPHERE, Methods in Patients-centered outcomes and Health Research, Nantes et Tours, France",1,methodS in Patient-centered outcomes and HEalth ResEarch,I4392021239,yes
"UMR 1280, INRAE and Nantes University, CRNH, Nantes, France",1,"Institut National de Recherche pour l'Agriculture, l'Alimentation et l'Environnement | PhysioPathologie des Adaptations Nutritionnelles",I4210088668 I4210162532,yes
"UMR 1302/EMR6001, INCIT, Inserm, Nantes, France",1,Inserm | Immunologie et Nouveaux Concepts en Immunothérapie,I154526488 I4392021193,yes
"UMR 51 36 , Universite",1,,,no
UMR 5114 CNRS - Université,1,Centre National de la Recherche Scientifique | Centre de droit comparé du travail et de la sécurité sociale,I1294671590 I4387152403,no
"UMR 5478 , CNRS Université",1,Centre National de la Recherche Scientifique | Centre de Recherche sur la Langue et les Textes Basques,I1294671590 I4210139124,no
"UMR 6004 CNRS, Universit&#x00E9; de Nantes-LS2N, Nantes",1,Centre National de la Recherche Scientifique | Laboratoire des Sciences du Numérique de Nantes,I1294671590 I4210117005,yes
"UMR 601 INSERM/UN, (Equipe 2), 9 quai Moncousu 44035 Nantes, France. bougras@nantes.inserm.fr",1,Inserm,I154526488,no
"UMR 6112 - LPG, Université d'Angers, Angers, France (maxime.daviray@univ-angers.fr)",1,Université d'Angers | Laboratoire de Planétologie et Géosciences,I49451733 I4210146808,yes
"UMR 6112 -LPG, Université d'Angers, Angers, France",1,Université d'Angers,I49451733,no
"UMR 6112 CNRS, LPG (Lab. Planetologie et de Géosciences), Nantes University, 2 rue de la Houssinière, BP 92208, CEDEX 3, 44322 Nantes, France",1,Centre National de la Recherche Scientifique | Laboratoire de Planétologie et Géosciences,I1294671590 I4210146808,yes
"UMR 6112 LPG BIAF, Univ. Angers, Univ. Nantes, CNRS, Angers, France",1,Université d'Angers | Centre National de la Recherche Scientifique | Laboratoire de Planétologie et Géosciences,I49451733 I1294671590 I4210146808,yes
"UMR 6112 LPG, Laboratory of Planetology and Geosciences, University of Angers, Nantes University, Le Mans University, CNRS, 2 Boulevard de Lavoisier, 49045 Angers, France",1,Université d'Angers | Centre National de la Recherche Scientifique | Le Mans Université | Laboratoire de Planétologie et Géosciences,I49451733 I1294671590 I4210108471 I4210146808,yes
"UMR 6112 LPG, Le Mans Université, Le Mans, France (jimmy.daynac@univ-lemans.fr)",1,Le Mans Université | Laboratoire de Planétologie et Géosciences,I4210108471 I4210146808,yes
"UMR 6112 LPG, University of Angers, Nantes University, Le Mans University, CNRS, 2 Boulevard Lavoisier, 49045 Angers, France",1,Université d'Angers | Centre National de la Recherche Scientifique | Le Mans Université | Laboratoire de Planétologie et Géosciences,I49451733 I1294671590 I4210108471 I4210146808,yes
"UMR 6112 LPG-Angers, CNRS, Université d’Angers, 2 boulevard Lavoisier, Angers 49000, France",1,Université d'Angers | Centre National de la Recherche Scientifique | Laboratoire de Planétologie et Géosciences,I49451733 I1294671590 I4210146808,yes
"UMR 6112 LPG-BIAF Recent and Fossil Bio-Indicators, University of Angers, 2 Boulevard Lavoisier, F-49045 Angers, France",1,Université d'Angers | Laboratoire de Planétologie et Géosciences,I49451733 I4210146808,yes
"UMR 6112 LPG-BIAF, Univ. Angers, Univ. Nantes, CNRS, 2 Bd Lavoisier, F 49000 Angers, France",1,Université d'Angers | Centre National de la Recherche Scientifique | Laboratoire de Planétologie et Géosciences,I49451733 I1294671590 I4210146808,yes
"UMR 6112, Laboratoire de Planktologie, 2 rue de la Houssinière, BP 92208, 44322, Nantes, Cedex 03, France",1,Laboratoire de Planétologie et Géosciences,I4210146808,yes
"UMR 6183, Nantes, France",1,Institut de Recherche en Génie Civil et Mécanique,I4210137520,yes
UMR 6291 CNRS Nantes France,1,Centre National de la Recherche Scientifique | Institut du Thorax,I1294671590 I4210144168,yes
"UMR 6457, Universit e de Nantes, Ecole des Mines de Nantes, IN2P3/CNRS, 4 rue Alfred Kastler, 44307 Nantes cedex 3, France",1,Centre National de la Recherche Scientifique | Laboratoire de Physique Subatomique et des Technologies Associées | Institut National de Physique Nucléaire et de Physique des Particules | École nationale supérieure des Mines de Nantes,I1294671590 I4210109007 I4210133362 I4405265706,yes
"UMR 6566 (CREAAH), Université de Rennes 1, Campus de Beaulieu, bâtiment 24-25, 35042 Rennes, France",1,"Université de Rennes | Centre de Recherche en Archéologie, Archéosciences, Histoire | Université Rennes 1",I56067802 I4387153012 I4405258264,yes
"UMR 6566 CReAAH - Labo Archéosciences, Rennes1, Boulevard du Général Leclerc, 35 042 Rennes Cedex, France",1,"Centre de Recherche en Archéologie, Archéosciences, Histoire",I4387153012,yes
UMR 6566 du CNRS Un'versité de Nantes Laboratoire de Préhistoire BP 81 227 44312 Nantes cedex 3 France,1,"Centre National de la Recherche Scientifique | Centre de Recherche en Archéologie, Archéosciences, Histoire",I1294671590 I4387153012,yes
"UMR 6590 ESO—Espaces et Sociétés, Université de Caen Normandie, F-14000 Caen, France",1,Université de Caen Normandie | Espaces et Sociétés,I98702875 I4387153532,yes
"UMR 7023 , CNRS / Université",1,Centre National de la Recherche Scientifique | Structures Formelles du Langage,I1294671590 I4210094675,no
"UMR 707 IECM Nantes University, F-44307, Nantes, France",1,,,no
UMR 892 INSERM / 6299 CNRS / Univ Nantes/  LabEx IGO,1,Inserm | Centre National de la Recherche Scientifique | Centre de Recherche en Cancérologie et Immunologie Intégrée Nantes Angers,I154526488 I1294671590 I4210092509,yes
"UMR 892, Inserm, Nantes, France",1,Inserm,I154526488,no
"UMR 913, Inserm, Nantes, France. thibaud.lebouvier@univ-nantes.fr",1,Inserm,I154526488,no
"UMR AAU-CRENAU, Graduate School of Architecture Nantes, Nantes, France",1,,,no
"UMR CNRS 6004 Laboratoire des Sciences du Numérique deNantes (LS2N), , Nantes 44321 , France;",1,Centre National de la Recherche Scientifique | Laboratoire des Sciences du Numérique de Nantes,I1294671590 I4210117005,yes
"UMR CNRS 6004, BP 92208,LS2N - Laboratory of digital sciences of Nantes,Nantes,44322",1,Centre National de la Recherche Scientifique | Laboratoire des Sciences du Numérique de Nantes,I1294671590 I4210117005,yes
"UMR CNRS 6112 LPG, Bio-Indicateurs Actuels et Fossiles, Université d'Angers, Angers, France",1,Université d'Angers | Centre National de la Recherche Scientifique | Laboratoire de Planétologie et Géosciences,I49451733 I1294671590 I4210146808,yes
"UMR CNRS 6112 LPG-BIAF Bio-Indicateurs Actuels et Fossiles, Université d'Angers, Angers Cedex 1, France",1,Université d'Angers | Centre National de la Recherche Scientifique | Laboratoire de Planétologie et Géosciences,I49451733 I1294671590 I4210146808,yes
"UMR CNRS 6112 LPG-BIAF, Angers University, 2 Boulevard Lavoisier, 49045, Angers, France",1,Université d'Angers | Centre National de la Recherche Scientifique | Laboratoire de Planétologie et Géosciences,I49451733 I1294671590 I4210146808,yes
"UMR CNRS 6112 LPG-BIAF, Angers University, 2 Boulevard Lavoisier, Angers, 49045 France",1,Université d'Angers | Centre National de la Recherche Scientifique | Laboratoire de Planétologie et Géosciences,I49451733 I1294671590 I4210146808,yes
"UMR CNRS 6112 LPG-BIAF, University of Angers, 2 Bd Lavoisier, 49045 Angers Cedex 1, France",1,Université d'Angers | Centre National de la Recherche Scientifique | Laboratoire de Planétologie et Géosciences,I49451733 I1294671590 I4210146808,yes
"UMR CNRS 6112 LPG-BIAF, University of Angers, 2 Bd Lavoisier, Angers Cedex 1, 49045, France",1,Université d'Angers | Centre National de la Recherche Scientifique | Laboratoire de Planétologie et Géosciences,I49451733 I1294671590 I4210146808,yes
"UMR CNRS 6112 LPG-BIAF, Université D’Angers, Angers Cedex 1, France",1,Université d'Angers | Centre National de la Recherche Scientifique | Laboratoire de Planétologie et Géosciences,I49451733 I1294671590 I4210146808,yes
"UMR CNRS 6112 LPG-BIAF, Université d'Angers, 2 Boulevard Lavoisier, 49045 Angers cedex, France",1,Université d'Angers | Centre National de la Recherche Scientifique | Laboratoire de Planétologie et Géosciences,I49451733 I1294671590 I4210146808,yes
"UMR CNRS 6112 LPG-BIAF, Université d'Angers, Angers Cedex 1, France",1,Université d'Angers | Centre National de la Recherche Scientifique | Laboratoire de Planétologie et Géosciences,I49451733 I1294671590 I4210146808,yes
"UMR CNRS 6112 LPG-BIAF, Université d’Angers, 2 Boulevard Lavoisier, 49045 Angers cedex, France",1,Université d'Angers | Centre National de la Recherche Scientifique | Laboratoire de Planétologie et Géosciences,I49451733 I1294671590 I4210146808,yes
"UMR CNRS 6112 LPG-BIAF, Université d’Angers, 2 Boulevard Lavoisier, CEDEX 01, 49045 Angers, France",1,Université d'Angers | Centre National de la Recherche Scientifique | Laboratoire de Planétologie et Géosciences,I49451733 I1294671590 I4210146808,yes
UMR CNRS 6112 LPG‐BIAF Angers University  Angers France,1,Université d'Angers | Centre National de la Recherche Scientifique | Laboratoire de Planétologie et Géosciences,I49451733 I1294671590 I4210146808,yes
"UMR CNRS 6112 LPG‐BIAF Angers University, 2 Boulevard Lavoisier  Angers 49045 France",1,Université d'Angers | Centre National de la Recherche Scientifique | Laboratoire de Planétologie et Géosciences,I49451733 I1294671590 I4210146808,yes
"UMR CNRS 6112 LPG‐BIAF, Laboratory of Planetology and Geosciences Angers University and Nantes Université  Angers France",1,Université d'Angers | Centre National de la Recherche Scientifique | Laboratoire de Planétologie et Géosciences,I49451733 I1294671590 I4210146808,yes
"UMR CNRS 6112 LPG‐BIAF, Université d'Angers  Angers Cedex 1 France",1,Université d'Angers | Centre National de la Recherche Scientifique | Laboratoire de Planétologie et Géosciences,I49451733 I1294671590 I4210146808,yes
"UMR CNRS 6112, LPG, 2 chemin de la Houssinière, 44322, Nantes, France",1,Centre National de la Recherche Scientifique | Laboratoire de Planétologie et Géosciences,I1294671590 I4210146808,yes
"UMR CNRS 6112, LPG-BIAF, University of Angers, UFR Science, 2 Bd Lavoisier, 49045 Angers Cedex 01, France",1,Université d'Angers | Centre National de la Recherche Scientifique | Laboratoire de Planétologie et Géosciences,I49451733 I1294671590 I4210146808,yes
"UMR CNRS 6112, UFR des Sciences et Techniques, BP 92208, 44322, Nantes Cedex 3, France",1,Centre National de la Recherche Scientifique,I1294671590,no
"UMR CNRS 6204, Faculté des Sciences et des Techniques, Nantes, France",1,Centre National de la Recherche Scientifique,I1294671590,no
"UMR CNRS 6204, Faculté des Sciences et des Techniques, Nantes, France. Josiane.Fontaine-Perus@univ-nantes.fr",1,Centre National de la Recherche Scientifique,I1294671590,no
"UMR CNRS 6241, Ecole Polytechnique de l'Université de Nantes, rue Christian Pauc, BP 50609, 44306, Nantes Cedex 3, France",1,Centre National de la Recherche Scientifique,I1294671590,no
"UMR CNRS 6286 UFIP, Nantes, France",1,Centre National de la Recherche Scientifique | Unité en Sciences Biologiques et Biotechnologies de Nantes,I1294671590 I4387154840,yes
"UMR CNRS 6597, Ecole Polytechnique de l''Université de Nantes, France",1,Centre National de la Recherche Scientifique,I1294671590,no
"UMR CNRS 6597, I. R. Cy. N, Nantes, France",1,Centre National de la Recherche Scientifique | Institut de recherche en communications et cybernétique de Nantes,I1294671590 I4405278184,yes
"UMR CNRS 6607 Ecole Polytechnique de l'Université de Nantes 44306 cedex, France",1,Centre National de la Recherche Scientifique,I1294671590,no
"UMR CNRS 6607, Ecole polytechnique de l’université de Nantes, 44306 Nantes cedex, France",1,Centre National de la Recherche Scientifique,I1294671590,no
"UMR CNRS 7012) , Université/",1,Centre National de la Recherche Scientifique,I1294671590,no
UMR CNRS Ambiances Architectures Urbanités,1,"Centre National de la Recherche Scientifique | AAU - Ambiances, Architectures, Urbanités",I1294671590 I4210162214,yes
"UMR CNRS LPG 6112, 2 rue de la Houssinière, 44322 Nantes, France",1,Centre National de la Recherche Scientifique | Laboratoire de Planétologie et Géosciences,I1294671590 I4210146808,yes
"UMR CNRS n°659 , École polytechnique de l'université de Nantes , Rue Christian Pauc , La Chantrerie , BP50609 , 44306 Nantes , France,",1,Centre National de la Recherche Scientifique,I1294671590,no
"UMR ESO 6590 CNRS-Université Rennes 2, France",1,Centre National de la Recherche Scientifique | Université Rennes 2 | Espaces et Sociétés,I1294671590 I3124938446 I4387153532,yes
"UMR Espaces et Sociétés 6590 CNRS, Le Mans University, Le Mans, France",1,Centre National de la Recherche Scientifique | Le Mans Université | Espaces et Sociétés,I1294671590 I4210108471 I4387153532,yes
"UMR Espaces et Sociétés, Université d'Angers, Angers, France",1,Université d'Angers,I49451733,no
"UMR INSERM 1246 - SPHERE, Nantes, France",1,Inserm | methodS in Patient-centered outcomes and HEalth ResEarch,I154526488 I4392021239,yes
"UMR INSERM 1246 - SPHERE, Université de Tours, Tours",1,Université de Tours | Inserm,I110017253 I154526488,no
"UMR INSERM 1246 SPHERE MethodS in Patient-centered outcomes and HEalth ResEarch, Universités de Nantes et Tours, Institut de recherche en Santé 2, Nantes, France",1,Inserm | methodS in Patient-centered outcomes and HEalth ResEarch,I154526488 I4392021239,yes
"UMR INSERM 892, Nantes University Hospital",1,Inserm,I154526488,no
"UMR INSERM U1087 and CNRS 6291, Nantes, France",1,Inserm | Centre National de la Recherche Scientifique | Institut du Thorax,I154526488 I1294671590 I4210144168,yes
"UMR INSERM U1246 SPHERE (methodS in Patients-centered outcomes and HEalth ResEarch), Université de Tours, Tours, Centre-Val de Loire, France",1,Université de Tours | Inserm | methodS in Patient-centered outcomes and HEalth ResEarch,I110017253 I154526488 I4392021239,yes
"UMR INSERM U1246 SPHERE, Tours University, Tours, France",1,Université de Tours | Inserm,I110017253 I154526488,no
UMR INSERM U1246‐sphere Institut de Recherche en Santé 2  Nantes France,1,Inserm,I154526488,no
UMR Inserm 1235 TENS Nantes University  Nantes France,1,Inserm | The Enteric Nervous System in Gut and Brain Disorders,I154526488 I4210108033,yes
"UMR Inserm 1246 SPHERE, Nantes, France",1,Inserm | methodS in Patient-centered outcomes and HEalth ResEarch,I154526488 I4392021239,yes
"UMR Inserm 1246 Sphere, Nantes, France",1,Inserm,I154526488,no
"UMR Inserm 1246—Methods in Patient-Centered Outcomes and Health Research (SPHERE), Nantes, France",1,Inserm | methodS in Patient-centered outcomes and HEalth ResEarch,I154526488 I4392021239,yes
"UMR Nantes, France",1,,,no
"UMR PhAN 1280 NUN INRAE F-44000 University Nantes, 44035 Nantes, France",1,"Institut National de Recherche pour l'Agriculture, l'Alimentation et l'Environnement | PhysioPathologie des Adaptations Nutritionnelles",I4210088668 I4210162532,yes
"UMR S957 INSERM, Nantes Atlantique University, Nantes, France",1,Inserm,I154526488,no
UMR SPHERE Inserm U1246 Université de Tours Tours France,1,Université de Tours | Inserm,I110017253 I154526488,no
UMR U1246 Sphere,1,,,no
"UMR, CNRS 6112, 2 rue de la Houssinière, 44322 Nantes, Cedex 3, France",1,Centre National de la Recherche Scientifique | Laboratoire de Planétologie et Géosciences,I1294671590 I4210146808,yes
"UMR-892 INSERM, Nantes, France",1,Inserm,I154526488,no
"UMR-CNRS 6204 Biotechnologie, Biocatalyse et Biorégulation, Faculté des Sciences et des Techniques, 2, rue de la Houssinière, B.P. 92208, 44230 Nantes Cedex 3, France",1,Centre National de la Recherche Scientifique,I1294671590,no
"UMR-CNRS 6597IRCCyN, LUNAM Université, Nantes Cedex 3, BP, France",1,Centre National de la Recherche Scientifique | Institut de recherche en communications et cybernétique de Nantes,I1294671590 I4405278184,yes
"UMR-CNRS no. 6286 Biotechnologie, Biocatalyse & Biorégulation (U3B), 2, rue de la Houssinière, BP 92208, 44322 Nantes Cedex 3, France",1,Centre National de la Recherche Scientifique | Unité en Sciences Biologiques et Biotechnologies de Nantes,I1294671590 I4387154840,yes
UMR1235 TENS IMAD Université de NantesNantes,1,The Enteric Nervous System in Gut and Brain Disorders,I4210108033,yes
"UMR6112 LPG-BIAF, Univ. Angers, Univ. Nantes, CNRS, Angers, France",1,Université d'Angers | Centre National de la Recherche Scientifique | Laboratoire de Planétologie et Géosciences,I49451733 I1294671590 I4210146808,yes
UMR6112-LPGN/CNRS,1,Centre National de la Recherche Scientifique | Laboratoire de Planétologie et Géosciences,I1294671590 I4210146808,yes
UMR6291 CNRS Nantes France,1,Centre National de la Recherche Scientifique | Institut du Thorax,I1294671590 I4210144168,yes
"UMR643, INSERM, Nantes 44000, France",1,Inserm,I154526488,no
"UMR6566, CReAAH, CNRS, Rennes",1,"Centre National de la Recherche Scientifique | Centre de Recherche en Archéologie, Archéosciences, Histoire",I1294671590 I4387153012,yes
"UMR892 Inserm, Nantes, France",1,Inserm,I154526488,no
"UMR892, INSERM - Institut de Recherche Thérapeutique de l'Université de Nantes, Nantes, France",1,Inserm,I154526488,no
"UMR892, INSERM-Institut de Recherche Thérapeutique de l'Université de Nantes, Nantes, France",1,Inserm,I154526488,no
"UMR_S 1089, Nantes, France",1,,,no
UMR CNRS 6297 – Nantes Universitéquentin.lohou@univ-nantes.fr,1,Centre National de la Recherche Scientifique | Droit et changement social,I1294671590 I4210100746,yes
UMR‐S 1087 Nantes France,1,,,no
"UNAM, LAMP, EA 3825, Faculté des Sciences et des Techniques, 2 rue de la Houssinière, BP 92208, Nantes, F-44000 France",1,Université Nantes Angers Le Mans,I234216984,no
"UNAM, LAMP, EA Faculté des Sciences et des Techniques, 2 rue de la Houssinière, BP 92208, Nantes, F-44000 France",1,Université Nantes Angers Le Mans,I234216984,no
"UNAM, LAMP, Faculté des Sciences et des Techniques, 2 rue de la Houssinière, BP 92208, Nantes, F-44000 France",1,Université Nantes Angers Le Mans,I234216984,no
"UNAV, Nantes Vascular Access Unit, CHU Nantes, Nantes, France",1,Centre Hospitalier Universitaire de Nantes,I3019204325,no
"UNAV, Nantes Vascular Access Unit, CHU de Nantes, Nantes, France",1,Centre Hospitalier Universitaire de Nantes,I3019204325,no
"UNIV Nantes, CHU Nantes, Nantes, 44000, France",1,Centre Hospitalier Universitaire de Nantes,I3019204325,no
UNIVERSITY DE NANTES URA n°758 DU CNRS,1,Centre National de la Recherche Scientifique,I1294671590,no
UNIVERSITY ERIC MANIRAKIZA NANTES UNIVERSITY,1,,,no
"UPMC, Université Paris 6, UMR 974, Institut de Myologie, F-75013 Paris, France; ONIRIS, Centre de Boisbonne, Nantes F-44307, France. Electronic address: yves.fromes@gmail.com",1,Institut de Myologie | Oniris | Université Pierre-et-Marie-Curie,I4210113666 I4210157468 I4405264447,no
"UR 1155 - Nantes UniversityIICiMed, Institut de Recherche en Santé 2, 44200, Nantes, France. didier.lepelletier@chu-nantes.fr",1,Cibles et Médicaments des Infections et de l'Immunité,I4387930219,yes
UR2160 ISOMER Nantes University  Nantes France,1,Institut Des Substances et Organismes de la Mer,I4392021232,yes
"URA CNRS 1340, Laboratoire de Cardiologie Expérimentale, Hôpital Laënnec, BP 1005, 44035 Nantes Cedex 01, France; Laboratory of Bioenergetics, Cardiology Research Center, 3 Cherepkovskaya St. 15a Moscow, 121552, Russia; Department of Biomedical Sciences and C.N.R., Unit for Muscle Biology and Physiopathology, Univ. Padova, Via Trieste 75, I-35121 Padova, Italy and CJF INSERM 92-11, Laboratory de Cardiologie Cellulaire et Moléculaire, Faculté de Pharmacie, 92296 Châtenay-Malabry, France",1,University of Padua | Inserm | Centre National de la Recherche Scientifique | Hôpital Laennec,I138689650 I154526488 I1294671590 I4210158411,no
"URBIA-Nantes, INRA Centre de Nantes, 60 rue de la Géraudière, Nantes, 44316, France",1,,,no
"US2B, CNRS UMR 6286, Nantes University, Nantes 44300, France",1,Centre National de la Recherche Scientifique | Unité en Sciences Biologiques et Biotechnologies de Nantes,I1294671590 I4387154840,yes
"Ucog Pays de la Loire, Plateau des écoles, 50 route de Saint-Sébastien, 44093 Nantes, France; Service de gériatrie, CHU/Université Nantes, 5 allée de l'Île-Gloriette, 44093 Nantes, France",1,Centre Hospitalier Universitaire de Nantes,I3019204325,no
"Umr, Nantes",1,,,no
"Unit UMR6241 CNRS, Nantes, France",1,Centre National de la Recherche Scientifique,I1294671590,no
"Unit of Methodology and Biostatistics – University Hospital of Nantes, Nantes, France",1,Centre Hospitalier Universitaire de Nantes,I3019204325,no
"Unit of Pediatric Dermatology, Department of Dermatology University of Tours and Nantes, INSERM 1246 SPHERE‐CHRU Tours  Tours France",1,Université de Tours | Inserm | Centre Hospitalier Universitaire de Tours | methodS in Patient-centered outcomes and HEalth ResEarch,I110017253 I154526488 I4210095477 I4392021239,yes
"Unit of Rheumatology, Nantes University Medical School Hospital, BP 1005, F 44035, Nantes cedex, France",1,Centre Hospitalier Universitaire de Nantes,I3019204325,no
"Unit of Skin Cancer, Nantes University Hospital, INSERM 892, Nantes, France",1,Inserm | Centre Hospitalier Universitaire de Nantes,I154526488 I3019204325,no
"Unit of methodology and biostatistics, university hospital of Nantes, Nantes, France",1,Centre Hospitalier Universitaire de Nantes,I3019204325,no
"Unite Rech. Immun., CNRS, Cen. Hosp. Univ. Nantes, F-44093 Nantes, Fr",1,Centre National de la Recherche Scientifique,I1294671590,no
"Unité de Recherches Inserm U. 225, Faculté de Chirurgie Dentaire, Nantes, France",1,Inserm,I154526488,no
"Unité INSERM 1232 -CNRS 6299 , 8 quai Moncousu , BP 70721 , 44007 Nantes Cedex , France",1,Inserm | Centre National de la Recherche Scientifique,I154526488 I1294671590,no
"Unité INSERM 1232 -CNRS 6299, 8 quai Moncousu, BP 70721, 44007 Nantes Cedex, France",1,Inserm | Centre National de la Recherche Scientifique,I154526488 I1294671590,no
"Unité INSERM 211, Faculté de Médecine, 1 Rue Gaston Veil, F-44035, Nantes, France",1,Inserm,I154526488,no
"Unité INSERM 211, Institut de Biologie, Nantes, France",1,Inserm,I154526488,no
"Unité INSERM 225, Faculté de chirurgie dentaire, Nantes",1,Inserm,I154526488,no
"Unité INSERM 419, Institut de Biologie, Nantes, France",1,Inserm,I154526488,no
"Unité INSERM 419, Nantes Cedex 1, France",1,Inserm,I154526488,no
"Unité INSERM 419, Nantes, France",1,Inserm,I154526488,no
"Unité INSERM 437, CHU de Nantes, 30 boulevard Jean-Monet, 44035, Nantes Cedex 01, France",1,Inserm | Centre Hospitalier Universitaire de Nantes,I154526488 I3019204325,no
"Unité INSERM 463 , Nantes , France",1,Inserm,I154526488,no
"Unité INSERM 463, Faculté de Médecine-Pharmacie, Nantes, France",1,Inserm,I154526488,no
"Unité INSERM U211, Centre de Biologie, Faculté des Sciences 2 Rue de la Houssiniére, 44072 Nantes Cedex, France",1,Inserm,I154526488,no
"Unité INSERM U463, Institut de Biologie, 9 Quai Moncousu, 44093 Nantes cedex 1, France e-mail : jotereau@nantes.inserm.fr Tel.: +33-2-40084720; Fax: +33-2-40356697, , , , , , FR",1,Inserm,I154526488,no
"Unité T.I.C.E.M Faculté de Médecine - 1, rue Gaston Veil - 44035 Nantes cedex 01 - Té l . : 00 33 2 40 41 29 92",1,,,no
"Unité de Nutrition et Endocrinologie, Oniris, LUNAM University,Nantes,France",1,Oniris,I4210157468,no
"Unité de Recherche INSERM 225, Faculté de Chirurgie Dentaire, Nantes, France",1,Inserm,I154526488,no
"Unité de Recherches en Biocatalyse (Unité CNRS 2230), Faculté des Sciences et des Techniques, 2, rue de la Houssinière, BP 92208. F-44322 Nantes, France",1,Centre National de la Recherche Scientifique,I1294671590,no
"Unité de Recherches en Biocatalyse (unité CNRS 2230), Faculté des Sciences et des Techniques, 2, rue de la Houssinière, BP 92208, F-44322 Nantes cedex 3, France",1,Centre National de la Recherche Scientifique,I1294671590,no
"Unité de Recherches en Biocatalyse (unité CNRS 2230), Faculté des Sciences et des Techniques, 2, rue de la Houssinière, BP 92208, F-44322 Nantes, France",1,Centre National de la Recherche Scientifique,I1294671590,no
"Unité de Recherches en Biocatalyse (unité CNRS 2230), Faculté des Sciences et des Techniques, 2, rue de la Houssinière, BP, 92208 F-44322 Nantes, France",1,Centre National de la Recherche Scientifique,I1294671590,no
"Unité de Recherches sur la Biocatalyse, FRE-CNRS no. 2230 Faculté des Sciences et des Techniques, 2 rue de la Houssinière, BP 92208, F-44322 Nantes Cedex 03, France. Michel.Dion@chimbio.univ-nantes.fr",1,Centre National de la Recherche Scientifique,I1294671590,no
"Unité de recherche INSERM U225, U.F.R. D'Odontologie, Nantes, France",1,Inserm,I154526488,no
"Unité de stomathérapie, CHU Nantes, 44000, Nantes, France",1,Centre Hospitalier Universitaire de Nantes,I3019204325,no
"Unité transversale d’allergologie, CHU Nantes, Nantes, France",1,Centre Hospitalier Universitaire de Nantes,I3019204325,no
"Univ Angers, CNRS, LPG, Laboratoire de Planétologie et Géosciences, UMR-CNRS 6112, 2 Bd Lavoisier, 49045 Angers Cedex F-49000 Angers, 2 rue de la Houssinière, BP 92208, France",1,Université d'Angers | Centre National de la Recherche Scientifique | Laboratoire de Planétologie et Géosciences,I49451733 I1294671590 I4210146808,yes
"Univ Angers, EA 4638,, LPPL, SFR CONFLUENCES, F-49000 Angers, France",1,Université d'Angers,I49451733,no
"Univ Angers, LPPL EA 4638, SFR Confluences, F-49000 Angers, France",1,Université d'Angers,I49451733,no
"Univ Angers, Univ Nantes, CNRS, LPG UMR-CNRS 6112, UFR Sciences, 2 Bd Lavoisier, F-49045, Angers, France",1,Université d'Angers | Centre National de la Recherche Scientifique | Laboratoire de Planétologie et Géosciences,I49451733 I1294671590 I4210146808,yes
"Univ Angers, Univ Nantes, CNRS, LPG, Laboratoire de Planétologie et Géosciences, UMR-CNRS 6112, 2 Bd Lavoisier, 49045 Angers Cedex F-49000 Angers, 2 rue de la Houssinière, BP 92208, France",1,Université d'Angers | Centre National de la Recherche Scientifique | Laboratoire de Planétologie et Géosciences,I49451733 I1294671590 I4210146808,yes
"Univ Angers, Univ Nantes, Univ Le Mans, CNRS, LPG, Laboratoire de Planétologie et Géosciences, UMR 6112, Angers Cedex, France",1,Université Nantes Angers Le Mans | Centre National de la Recherche Scientifique | Laboratoire de Planétologie et Géosciences,I234216984 I1294671590 I4210146808,yes
"Univ Nantes, CHU Nantes, Pharmacie, F-44000, France",1,Centre Hospitalier Universitaire de Nantes,I3019204325,no
"Univ Nantes, CNRS UMR 6607, Laboratoire Thermique et Energie de Nantes",1,Centre National de la Recherche Scientifique | Laboratoire de Thermique et Energie de Nantes,I1294671590 I4210109587,yes
"Univ Nantes, CNRS, Centrale Nantes, IMTA, Laboratoire des Sciences Numériques de Nantes, Nantes, France",1,École Centrale de Nantes | Centre National de la Recherche Scientifique | Laboratoire des Sciences du Numérique de Nantes,I100445878 I1294671590 I4210117005,yes
"Univ Nantes, CNRS, IETR UMR,Nantes,France,F-44000",1,Centre National de la Recherche Scientifique,I1294671590,no
"Univ Nantes, CNRS, Inserm, CRCINA - UMR 1232, Nantes, France",1,Inserm | Centre National de la Recherche Scientifique | Centre de Recherche en Cancérologie et Immunologie Intégrée Nantes Angers,I154526488 I1294671590 I4210092509,yes
"Univ Nantes, CNRS, LPG, 44322 Nantes, France",1,Centre National de la Recherche Scientifique | Laboratoire de Planétologie et Géosciences,I1294671590 I4210146808,yes
"Univ Nantes, CRCI2NA, UMR INSERM 1307, UMR CNRS 6075, 8 Quai Moncousu, Nantes 44007, France",1,Inserm | Centre National de la Recherche Scientifique | Centre de Recherche en Cancérologie et Immunologie Intégrée Nantes Angers,I154526488 I1294671590 I4210092509,yes
"Univ Nantes, IREENA, EA 1770, Polytech-Nantes, rue C. Pauc, Nantes, F-44000 France",1,Institut de Recherche en Energie Electrique de Nantes Atlantique,I4392021119,yes
"Univ Nantes, Laboratoire de Psychologie des Pays de la Loire (LPPL), EA 4638, F-44000 Nantes, France",1,Laboratoire de Psychologie des Pays de la Loire,I4210089331,yes
"Univ Nantes, Laboratoire de psychologie des Pays de la Loire, LPPL, EA 4638, Nantes, France",1,Laboratoire de Psychologie des Pays de la Loire,I4210089331,yes
"Univ Nantes, Laboratoire de psychologie des Pays de la Loire, LPPL, Nantes, France",1,Laboratoire de Psychologie des Pays de la Loire,I4210089331,yes
"Univ Rennes 2, UMR ESO, 35000, Rennes, France",1,Université Rennes 2 | Espaces et Sociétés,I3124938446 I4387153532,yes
"Univ Rennes, INSA Rennes, Nantes Université, CNRS, IETR-UMR 6164, F-35000 Rennes, France",1,Institut National des Sciences Appliquées de Rennes | Université de Rennes | Centre National de la Recherche Scientifique | Institut d'Électronique et des Technologies du numéRique,I28221208 I56067802 I1294671590 I4210100151,yes
"Univ of Nantes, Nantes, France; Yale Univ, New Haven, CT; US FDA, Rockville, MD",1,Yale University,I32971472,no
"Univ. Angers, Univ. Nantes, Univ. Le Mans CNRS, LPG, Laboratoire de Planétologie et Géosciences, UMR 6112  2 Bd Lavoisier Angers Cedex 49045 France",1,Université Nantes Angers Le Mans | Centre National de la Recherche Scientifique | Laboratoire de Planétologie et Géosciences,I234216984 I1294671590 I4210146808,yes
"Univ. Angers, [CHU Angers], LPPL EA4638, F-49000 Angers, France",1,Université d'Angers | Centre Hospitalier Universitaire d'Angers,I49451733 I4210112910,no
"Univ. Hospital in Nantes and ITX Lab.,Nantes,France",1,Institut du Thorax,I4210144168,yes
"Univ. Hospital in Nantes and ITX,Nantes,France",1,,,no
"Univ. Nantes , CNRS UMR 6183 , GeM , F-44000 Nantes , France",1,Centre National de la Recherche Scientifique | Institut de Recherche en Génie Civil et Mécanique,I1294671590 I4210137520,yes
"Univ. Nantes, CNRS UMR 6183, GeM, F-44000, Nantes, France",1,Centre National de la Recherche Scientifique | Institut de Recherche en Génie Civil et Mécanique,I1294671590 I4210137520,yes
"Univ. Nantes, CNRS, Institut des Matériaux Jean Rouxel, UMR 6502, Faculté des Sciences et des Techniques, 2 rue de la Houssinière, B. P. 92208, 44322 Nantes Cedex 3, France",1,Centre National de la Recherche Scientifique | Institut des Matériaux Jean Rouxel,I1294671590 I4210091049,yes
"Univ. Nantes, IRCCyN UMR CNRS 6597, 44321, Nantes, France",1,Centre National de la Recherche Scientifique | Institut de recherche en communications et cybernétique de Nantes,I1294671590 I4405278184,yes
"Univ. Nantes, Institut des Matériaux Jean Rouxel, UMR n° 6502, 2, rue de la Houssinière - BP 32229 - 44322 Nantes Cedex 03, France",1,Institut des Matériaux Jean Rouxel,I4210091049,yes
"Universidade de Nantes
Centro de Pesquisas em Educação de Nantes",1,Centre de Recherche en Éducation de Nantes,I4387152322,yes
"Universit é, École Centrale Nantes, CNRS, LS2N, UMR 6004, F-44000 Nantes, France",1,École Centrale de Nantes | Centre National de la Recherche Scientifique | Laboratoire des Sciences du Numérique de Nantes,I100445878 I1294671590 I4210117005,yes
"Universit#é de Nantes, INSERM, l’institut du thorax, F-44000 Nantes, France",1,Inserm | Institut du Thorax,I154526488 I4210144168,yes
"Universit&#x00E9; d&#x2019;Angers,ESEO Tech - IREENA Lab,Angers,France",1,Université d'Angers | École Supérieure d'Électronique de l'Ouest,I49451733 I4210149659,no
"Universit&#x00E9; d'Angers, Universit&#x00E9; de Nantes, University Hospital,Nuclear Medicine Department,Nantes,France",1,,,no
"Universit&#x00E9; de Nantes ESEO,Ireena Lab UR 4642,Angers,France",1,École Supérieure d'Électronique de l'Ouest | Institut de Recherche en Energie Electrique de Nantes Atlantique,I4210149659 I4392021119,yes
"Universit&#x00E9; de Nantes,CNRS, LS2N,Nantes,France,F-44000",1,Centre National de la Recherche Scientifique | Laboratoire des Sciences du Numérique de Nantes,I1294671590 I4210117005,yes
"Universite ´, EA1155 -IICiMed, Nantes, France",1,Cibles et Médicaments des Infections et de l'Immunité,I4387930219,yes
"Universitéde Nantes, Nantes Atlantique Universités, CNRS, Institut des Matériaux Jean Rouxel (IMN), 2 rue de la Houssinière, BP 32229, 44322 Nantes Cedex 3, France",1,Centre National de la Recherche Scientifique | Institut des Matériaux Jean Rouxel,I1294671590 I4210091049,yes
Universities of Nantes and Tours INSERM UMR 1246 SPHERE: Methods in Patient‐centered Outcomes and Health Research  Nantes France,1,Inserm | methodS in Patient-centered outcomes and HEalth ResEarch,I154526488 I4392021239,yes
"Universities of Nantes and Tours, INSERM UMR 1246 SPHERE: Methods in Patient-centered Outcomes and Health Research, Nantes, France",1,Inserm | methodS in Patient-centered outcomes and HEalth ResEarch,I154526488 I4392021239,yes
Universities of Tours and Nantes INSERM 1246 – SPHERE 37000 Tours France,1,Inserm | methodS in Patient-centered outcomes and HEalth ResEarch,I154526488 I4392021239,yes
Universities of Tours and Nantes INSERM 1246 – SPHERE Tours France,1,Inserm | methodS in Patient-centered outcomes and HEalth ResEarch,I154526488 I4392021239,yes
"Universities of Tours and Nantes, INSERM 1246-SPHERE 37000 Tours France",1,Inserm | methodS in Patient-centered outcomes and HEalth ResEarch,I154526488 I4392021239,yes
"Universities of Tours and Nantes, INSERM 1246-SPHERE, Tours, France",1,Inserm,I154526488,no
"Universities of Tours et Nantes, INSERM 1246-SPHERE, Nantes, France",1,Inserm | methodS in Patient-centered outcomes and HEalth ResEarch,I154526488 I4392021239,yes
"Universities of Tours et Nantes, INSERM 1246-SPHERE, Nantes, France; Department of Dermatology, Centre Hospitalier Régional Universitaire (CHRU) Tours, Tours, France",1,Inserm | Centre Hospitalier Universitaire de Tours,I154526488 I4210095477,no
"Universities of Tours et Nantes, INSERM 1246-SPHERE, Nantes, France; INSERM CIC 1415, CHRU Tours, Tours, France",1,Inserm | Centre Hospitalier Universitaire de Tours | Clinical Investigation Center Plurithematic Tours | methodS in Patient-centered outcomes and HEalth ResEarch,I154526488 I4210095477 I4210100476 I4392021239,yes
"Universitiés de Tours and Nantes, INSERM 1246-SPHERE, 37000 Tours, France",1,Inserm | methodS in Patient-centered outcomes and HEalth ResEarch,I154526488 I4392021239,yes
"University Angers Nantes Université CHU Angers INSERM CNRS CRCI2NA SFR ICAT, Cedex 9, Angers 49333, France",1,Inserm | Centre National de la Recherche Scientifique | Centre de Recherche en Cancérologie et Immunologie Intégrée Nantes Angers | Centre Hospitalier Universitaire d'Angers,I154526488 I1294671590 I4210092509 I4210112910,yes
"University Center Hospital, Nantes, France",1,Centre Hospitalier Universitaire de Nantes,I3019204325,no
"University Evry Paris-Saclay,IBISC, LS2N, LMEE Labs",1,"Informatique, BioInformatique, Systèmes Complexes",I4210107733,no
"University Hospital (MX., B.C., J.F.C.) 44035 Nantes, France",1,,,no
"University Hospital , Nantes ;",1,Centre Hospitalier Universitaire de Nantes,I3019204325,no
"University Hospital - Biostatistic, Nantes, France",1,Centre Hospitalier Universitaire de Nantes,I3019204325,no
"University Hospital Center of Nantes , Nantes ,",1,Centre Hospitalier Universitaire de Nantes,I3019204325,no
"University Hospital Center of Nantes, Department of General Pediatrics and Pediatric Infectious Diseases, Nantes, France",1,Centre Hospitalier Universitaire de Nantes,I3019204325,no
"University Hospital Center, Neurosurgery, Nantes, France",1,Centre Hospitalier Universitaire de Nantes,I3019204325,no
"University Hospital Nantes, Biometry Department, Nantes, France",1,Centre Hospitalier Universitaire de Nantes,I3019204325,no
"University Hospital Nantes, Laboratory of Virology, Nantes, France",1,Centre Hospitalier Universitaire de Nantes,I3019204325,no
"University Hospital Nantes, Nantes, France. stephane.minvielle@univ-nantes.fr",1,Centre Hospitalier Universitaire de Nantes,I3019204325,no
"University Hospital Nantes, Neurosurgery, Nantes, Frankreich",1,Centre Hospitalier Universitaire de Nantes,I3019204325,no
"University Hospital Nantes, Pediatric Oncology Department, Nantes, France",1,Centre Hospitalier Universitaire de Nantes,I3019204325,no
"University Hospital of Nantes Department of Nephrology and Immunology, , Nantes ,",1,Centre Hospitalier Universitaire de Nantes,I3019204325,no
"University Hospital of Nantes Dermatology Department, , Nantes ,",1,Centre Hospitalier Universitaire de Nantes,I3019204325,no
University Hospital of Nantes Hematology  Nantes France,1,Centre Hospitalier Universitaire de Nantes,I3019204325,no
University Hospital of Nantes Nantes,1,Centre Hospitalier Universitaire de Nantes,I3019204325,no
"University Hospital of Nantes Nord Laennec , Nantes ,",1,Centre Hospitalier Universitaire de Nantes,I3019204325,no
"University Hospital of Nantes Nord Laennec, Cardiology , Nantes ,",1,,,no
"University Hospital of Nantes, Cardiology , Nantes ,",1,Centre Hospitalier Universitaire de Nantes,I3019204325,no
"University Hospital of Nantes, Department of Ophthalmology, INSERM, TARGET, F-44000, Nantes, France. Electronic address: jeanbaptiste.ducloyer@chu-nantes.fr",1,Inserm | Centre Hospitalier Universitaire de Nantes,I154526488 I3019204325,no
"University Hospital of Nantes, Dermatology Department, Nantes, France",1,Centre Hospitalier Universitaire de Nantes,I3019204325,no
"University Hospital of Nantes, INSERM, CIC1413  Nantes France",1,Inserm | Centre d'Investigation Clinique de Nantes,I154526488 I4210128055,no
"University Hospital of Nantes, Infectious diseases , Nantes ,",1,Centre Hospitalier Universitaire de Nantes,I3019204325,no
"University Hospital of Nantes, Nantes 44300, France",1,Centre Hospitalier Universitaire de Nantes,I3019204325,no
"University Hospital of Nantes, Nantes, France (K.A.)",1,Centre Hospitalier Universitaire de Nantes,I3019204325,no
"University Hospital of Nantes, Pediatric Intensive Care Unit, Nantes, France",1,Centre Hospitalier Universitaire de Nantes,I3019204325,no
"University Hospital of Nantes, Unit of Methodology and Biostatistics, 44000, Nantes, France",1,Centre Hospitalier Universitaire de Nantes,I3019204325,no
"University Hospital, ID, Nantes, France",1,Centre Hospitalier Universitaire de Nantes,I3019204325,no
"University Hospital, INSERM U211, Nantes, France",1,Inserm,I154526488,no
"University Hospital, INSERM UMR 1307,CRCI2NA,Nantes,France",1,Inserm | Centre de Recherche en Cancérologie et Immunologie Intégrée Nantes Angers,I154526488 I4210092509,yes
"University Hospital, Infectious Diseases Department, INSERM EA1413, Nantes, France",1,Inserm,I154526488,no
"University Hospital, Infectious Diseases Department, Nantes, F-44093, France",1,Centre Hospitalier Universitaire de Nantes,I3019204325,no
"University Hospital, Nantes University Hospital, Bacteriology, Nantes, France",1,Centre Hospitalier Universitaire de Nantes,I3019204325,no
"University Hospital, Nantes University, CRCI2NA, UMR 1307 Inserm - UMR 6075 CNRS, Nantes, France",1,Inserm | Centre National de la Recherche Scientifique | Centre de Recherche en Cancérologie et Immunologie Intégrée Nantes Angers,I154526488 I1294671590 I4210092509,yes
"University Hospital, Nantes University, CRCI2NA, UMR 1307 Inserm - UMR 6075 CNRS, Nantes, France;",1,Inserm | Centre National de la Recherche Scientifique | Centre de Recherche en Cancérologie et Immunologie Intégrée Nantes Angers,I154526488 I1294671590 I4210092509,yes
"University Nantes, CNRS, UMR 6607, 44306 Nantes, France",1,Centre National de la Recherche Scientifique,I1294671590,no
"University Unit of Pedopsychiatry, Nantes University Hospital, Nantes cedex 1, France",1,Centre Hospitalier Universitaire de Nantes,I3019204325,no
University hospital Nantes,1,Centre Hospitalier Universitaire de Nantes,I3019204325,no
"University hospital of Nantes Department of Internal Medicine, , Nantes ,",1,Centre Hospitalier Universitaire de Nantes,I3019204325,no
"University hospital of Nantes Department of Pathology, , Nantes ,",1,Centre Hospitalier Universitaire de Nantes,I3019204325,no
"University hospital of Nantes, laboratoire UPRES EA 3826 « thérapeutiques cliniques et expérimentales des infections », 22, boulevard Benoni-Goullin, 44200 Nantes, France",1,Centre Hospitalier Universitaire de Nantes,I3019204325,no
University of Angers Nantes Université Inserm CNRS SFR ICAT LabEx IGO CRCI2NA  Angers France,1,Université d'Angers | Inserm | Centre National de la Recherche Scientifique | Centre de Recherche en Cancérologie et Immunologie Intégrée Nantes Angers,I49451733 I154526488 I1294671590 I4210092509,yes
University of Angers Nantes Université Inserm CNRS SFR ICAT LabEx IGO CRCI2NA Angers France,1,Université d'Angers | Inserm | Centre National de la Recherche Scientifique | Centre de Recherche en Cancérologie et Immunologie Intégrée Nantes Angers,I49451733 I154526488 I1294671590 I4210092509,yes
"University of Angers, Laboratoire de Psychologie des Pays de la Loire (LPPL, EA 4638), SFR Confluences, Univ Angers-Univ Nantes, Angers, France",1,Université d'Angers | Laboratoire de Psychologie des Pays de la Loire,I49451733 I4210089331,yes
"University of Angers, Laboratoire de Psychologie des Pays de la Loire (LPPL, EA 4638), SFR Confluences, Univ Angers-Univ Nantes, France",1,Université d'Angers | Laboratoire de Psychologie des Pays de la Loire,I49451733 I4210089331,yes
"University of Angers, Nantes and Le Mans, CNRS, UMR 6112, Laboratoire de Planétologie et Géosciences, F-49000 Angers, France",1,Université d'Angers | Centre National de la Recherche Scientifique | Laboratoire de Planétologie et Géosciences,I49451733 I1294671590 I4210146808,yes
"University of California – SF, Nantes, France",1,"University of California, San Francisco",I180670191,no
"University of Cheikh Anta Diop de Dakar - ESP, Laboratory LER, Senegal Institut de recherche en Energie electrique de Nantes Atlantique, IREENA, Saint Nazaire, France",1,Cheikh Anta Diop University | Institut de Recherche en Energie Electrique de Nantes Atlantique,I96840727 I4392021119,yes
"University of Genova - DIME , Genova GE 16145, Italy ; , LS2N, UMR 6004, 1, rue de la Noe, Nantes 44321, France",1,University of Genoa | Laboratoire des Sciences du Numérique de Nantes,I83816512 I4210117005,yes
"University of Pharmacy, EA 4275, Nantes, France",1,,,no
University of Tours INSERM 1246‐SPHERE Tours France,1,Université de Tours | Inserm,I110017253 I154526488,no
"University of Tours, INSERM 1246-SPHERE, Department of Dermatology, Tours University Hospital, F-37000 Tours, France",1,Université de Tours | Inserm,I110017253 I154526488,no
"University of Tours, Inserm 1246-SPHERE, France",1,Université de Tours | Inserm,I110017253 I154526488,no
"Universit´e d'Angers, Nantes Universit´e, Le Mans Universit´e, CNRS, Laboratoire de Plan´etologie et G´eosciences, LPG UMR 6112, 49000 Angers, France",1,Centre National de la Recherche Scientifique | Laboratoire de Planétologie et Géosciences,I1294671590 I4210146808,yes
"Université Angers, Nantes Univ., Le Mans Univ, CNRS, LPG, Laboratoire de planétologie et géosciences, UMR CNRS 6112, 49000 Angers, France",1,Université d'Angers | Université Nantes Angers Le Mans | Centre National de la Recherche Scientifique | Le Mans Université | Laboratoire de Planétologie et Géosciences,I49451733 I234216984 I1294671590 I4210108471 I4210146808,yes
"Université Catholique de l'Ouest, Centre Nantais de Sociologie (CENS), 23 rue du Recteur Schmitt, F-44312 Nantes cedex 3.Hélène Desfontaines, maître de conférences en sociologie à l'Université catholique de l'Ouest (Angers), est chercheur titulaire au laboratoire Cens de l'Université de Nantes (UMR 6025). Ses travaux portent essentiellement sur le travail et les formes pratiques d'engagement. Parmi ses publications récentes : — « Vulnérabilités des dirigeants, la relation comme solution ? » (avec Paola Duperray), in Benoît Raveleau et Farid Ben Hassel (dir.), Gérer la vulnérabilité et la résilience en milieu professionnel. Un défi à relever ?, Paris : L'Harmattan, 2016",1,Université catholique de l'ouest | Centre Nantais de Sociologie,I32956416 I4210153136,yes
Université Gustave Eiffel - Campus de Nantes: Universite Gustave Eiffel - Campus de Nantes,1,Université Gustave Eiffel,I4210154111,no
"Université LUNAM, IFSTTAR Nantes, Département MAST, Laboratoire SMC Route de Bouaye 44344, CS4 Bouguenais cedex, France",1,Université Nantes Angers Le Mans,I234216984,no
"Université LUNAM, ONIRIS, Nantes, France",1,Oniris,I4210157468,no
"Université Nantes & IRCCyN , UMR CNRS 6597, Nantes, France",1,Centre National de la Recherche Scientifique | Institut de recherche en communications et cybernétique de Nantes,I1294671590 I4405278184,yes
"Université Nantes & IRCCyN, UMR CNRS 6597, Nantes, France",1,Centre National de la Recherche Scientifique | Institut de recherche en communications et cybernétique de Nantes,I1294671590 I4405278184,yes
"Université Nantes 2; UMR 6144; Laboratoire GEPEA, IUT Université Nantes 2, 44475 Carquefou",1,Laboratoire de Génie des Procédés – Environnement – Agro-alimentaire,I4210148006,yes
Université Nantes Laboratoire de psychologie des Pays de la Loire LPPL Nantes France,1,Laboratoire de Psychologie des Pays de la Loire,I4210089331,yes
"Université Nantes, CEISAM, UMR CNRS 6230, 44322 Nantes Cedex 03 (France)",1,"Centre National de la Recherche Scientifique | Chimie et Interdisciplinarité, Synthèse, Analyse, Modélisation",I1294671590 I4210138474,yes
"Université Nantes, CNRS UMR 6183, GeM, Nantes, France",1,Centre National de la Recherche Scientifique | Institut de Recherche en Génie Civil et Mécanique,I1294671590 I4210137520,yes
"Université Nantes-Atlantique, 44300 Nantes, France. Electronic address: ddarmaun@chu-nantes.fr",1,,,no
"Université Paris Cité and Université Sorbonne Paris Nord, Inserm, INRAE (F Blangis, M Bergerat, E Launay, and M Chalumeau), Center for Research in Epidemiology and Statistics (CRESS), F-75004 Paris, France; Inserm CIC 1413 (F Blangis and E Launay), Nantes University Hospital, F-44000 Nantes, France; Department of General Pediatrics (E Launay), Nantes University Hospital, F-44000 Nantes, France",1,"Inserm | Université Paris Cité | Institut National de Recherche pour l'Agriculture, l'Alimentation et l'Environnement | Université Sorbonne Paris Nord | Centre d'Investigation Clinique de Nantes | Centre de Recherche Épidémiologie et Statistique",I154526488 I204730241 I4210088668 I4210091279 I4210128055 I4387154308,no
"Université Paris Cité and Université Sorbonne Paris Nord, Inserm, INRAE, Center for Research in Epidemiology and Statistics (CRESS), Maternité de Port-Royal, 53 avenue de l'Observatoire, F-75004 Paris, France.; Inserm CIC 1413, Nantes University Hospital, F-44000 Nantes, France; Department of General Pediatrics, Nantes University Hospital, F-44000 Nantes, France",1,"Inserm | Université Paris Cité | Institut National de Recherche pour l'Agriculture, l'Alimentation et l'Environnement | Université Sorbonne Paris Nord | Centre d'Investigation Clinique de Nantes | Centre de Recherche Épidémiologie et Statistique",I154526488 I204730241 I4210088668 I4210091279 I4210128055 I4387154308,no
"Université Paris I/CRALMI, UMR 8168 - MASCIPO",1,Mondes Américains,I4210126407,no
Université Paris IV-SorbonneCasa de Velazquezclaire.guiu@univ-nantes.fr,1,Paris-Sorbonne University,I4405264515,no
Université Paris IV-Sorbonneclaire.guiu@univ-nantes.fr,1,Paris-Sorbonne University,I4405264515,no
"Université Paris-Est Créteil, miembro asociado CRHIA, Université Nantes",1,Université Paris-Est Créteil,I197681013,no
"Université Rennes 2, CNRS, Nantes Université, LETG, UMR 6554  Rennes France",1,"Centre National de la Recherche Scientifique | Université Rennes 2 | Littoral, Environnement, Télédétection, Géomatique",I1294671590 I3124938446 I4387153176,yes
"Université Rennes 2, CNRS, UMR 6590 Espaces et Sociétés, 35000 Rennes",1,Centre National de la Recherche Scientifique | Université Rennes 2 | Espaces et Sociétés,I1294671590 I3124938446 I4387153532,yes
"Université Rennes 2, CReAAH-LAHM (UMR 6566)",1,"Université Rennes 2 | Centre de Recherche en Archéologie, Archéosciences, Histoire",I3124938446 I4387153012,yes
"Université d'Angers, CRCI2NA, CHU Nantes",1,Université d'Angers | Centre de Recherche en Cancérologie et Immunologie Intégrée Nantes Angers,I49451733 I4210092509,yes
"Université d'Angers, LPG-BIAF, UMR CNRS 6112, 49045, Angers Cedex, France",1,Université d'Angers | Centre National de la Recherche Scientifique | Laboratoire de Planétologie et Géosciences,I49451733 I1294671590 I4210146808,yes
"Université d'Angers, LPPL (EA4638) Angers - CHU d'Angers, Angers, France",1,Université d'Angers | Centre Hospitalier Universitaire d'Angers,I49451733 I4210112910,no
"Université d'Angers, département de psychologie, EA 4638 « laboratoire de psychologie des Pays de la Loire », 49045 Angers cedex 01, France",1,Université d'Angers | Laboratoire de Psychologie des Pays de la Loire,I49451733 I4210089331,yes
"Université de Lunam, 19 bis rue La Nouë Bras de Fer, 44200 Nantes, France",1,,,no
"Université de Lyon 2 , CoDiRe (Nantes )",1,,,no
"Université de Nantes 2 CEISAM, UMR CNRS 6230, , 2 Rue de la Houssinière, BP 92208, 44322 Nantes Cedex 3, France",1,"Centre National de la Recherche Scientifique | Chimie et Interdisciplinarité, Synthèse, Analyse, Modélisation | Université de Nantes",I1294671590 I4210138474 I4405260337,yes
"Université de Nantes 3 CEISAM, UMR CNRS 6230, , 2 rue de la Houssinière, BP 92208, 44322 Nantes Cedex 3, France",1,"Centre National de la Recherche Scientifique | Chimie et Interdisciplinarité, Synthèse, Analyse, Modélisation | Université de Nantes",I1294671590 I4210138474 I4405260337,yes
"Université de NantesCNRSINSERM, l’institut du thorax Nantes France",1,Institut du Thorax,I4210144168,yes
Université de NantesCNRSInstitut d'Electronique et de Télécommunications de Rennes (IETR)F‐44000NantesFrance,1,Institut d'Électronique et des Technologies du numéRique,I4210100151,yes
"Université de Paris-Sorbonne devant un jury composé de M. Lucien Bély, Professeur à l'Université Paris-Sorbonne (directeur), M. Jean-Pierre Bois, Professeur émérite à l'Université de Nantes (président), M. Géraud Poumarède, Professeur à l'Université Michel de Montaigne -Bordeaux 3,",1,Paris-Sorbonne University,I4405264515,no
"Université de Rennes II8 rue de Belleville, 44100, NANTES, France",1,Université de Rennes,I56067802,no
"Université de Rennes, CAPhi (UR 7463)",1,Université de Rennes,I56067802,no
"Université de Rennes, CNRS, UMR 6118 Géosciences Rennes, UMR 6590 Espaces et Sociétés, 35000 Rennes",1,Université de Rennes | Centre National de la Recherche Scientifique | Géosciences Rennes | Espaces et Sociétés,I56067802 I1294671590 I4210096833 I4387153532,yes
"Université de Rennes, UMR 6590 CNRS ESO Espaces et sociétés",1,Université de Rennes | Centre National de la Recherche Scientifique | Espaces et Sociétés,I56067802 I1294671590 I4387153532,yes
"Université de Tours, INSERM, SPHERE U1246, CHRU, CIC 1415, Tours, France",1,Université de Tours | Inserm,I110017253 I154526488,no
"Université de Tours, UMR INSERM 1246 - SPHERE, Tours, France",1,Université de Tours | Inserm,I110017253 I154526488,no
"Université de Tours, UMR Inserm U 1246 SPHERE, Tours, France",1,Université de Tours | Inserm,I110017253 I154526488,no
"Université de Tours, faculté de médecine, département universitaire de médecine générale, Inserm, SPHERE U1246, 10, boulevard Tonnellé, B.P. 3223, 37044 Tours cedex 1, France",1,Université de Tours | Inserm,I110017253 I154526488,no
"Université de médecine, 1, rue Gaston-Veil, 44000 Nantes, France",1,,,no
"Université d’Angers, LPPL, UPRES EA 4638, 49045, Angers Cedex 01, France",1,Université d'Angers,I49451733,no
"Université d’Angers, UMR CNRS 6112 LPG-BIAF, 2 Boulevard Lavoisier, Angers, France",1,Université d'Angers | Centre National de la Recherche Scientifique | Laboratoire de Planétologie et Géosciences,I49451733 I1294671590 I4210146808,yes
Université d’Angers- Laboratoire Espaces et Sociétés UMR 6590,1,Université d'Angers | Espaces et Sociétés,I49451733 I4387153532,yes
"Université of Nantes, CNRS, CEISAM, UMR 6230, Nantes, France",1,"Centre National de la Recherche Scientifique | Chimie et Interdisciplinarité, Synthèse, Analyse, Modélisation",I1294671590 I4210138474,yes
"Universitéde Nantes — CNRS Institut des Matériaux Jean Rouxel (IMN), Nantes, France",1,Centre National de la Recherche Scientifique | Institut des Matériaux Jean Rouxel,I1294671590 I4210091049,yes
"Universitéde Nantes, GeM, Institute for Research in Civil and Mechanical Engineering, Nantes, CNRS UMR 6183, France",1,Centre National de la Recherche Scientifique | Institut de Recherche en Génie Civil et Mécanique,I1294671590 I4210137520,yes
"Universités de Nantes et Tours, Inserm UMR 1246 SPHERE, 44000 Nantes/Tours, France",1,Inserm | methodS in Patient-centered outcomes and HEalth ResEarch,I154526488 I4392021239,yes
"Universités de Nantes et de Tours, French Institute of Health and Medical Research, INSERM UMR 1246 SPHERE, Nantes, France",1,Inserm | methodS in Patient-centered outcomes and HEalth ResEarch,I154526488 I4392021239,yes
"Universités de Nantes et de Tours, French Institute of Health and Medical Research, INSERM UMR 1246 SPHERE, Nantes, France, benoit.schreck@chu-nantes.fr",1,Inserm | methodS in Patient-centered outcomes and HEalth ResEarch,I154526488 I4392021239,yes
Universités de Paris III et Nantes Groupe TELOS,1,,,no
"Universités de Tours et Nantes, INSERM 1246-SPHERE, 37000 Tours, France",1,Inserm | methodS in Patient-centered outcomes and HEalth ResEarch,I154526488 I4392021239,yes
"Universités de Tours et Nantes, Inserm 1246-SPHERE, CHRU de Tours, service de dermatologie, unité de dermatologie pédiatrique, 37000 Tours, France",1,Inserm | Centre Hospitalier Universitaire de Tours | methodS in Patient-centered outcomes and HEalth ResEarch,I154526488 I4210095477 I4392021239,yes
"Universités de Tours et Nantes, Inserm 1246-SPHERE, France",1,Inserm | methodS in Patient-centered outcomes and HEalth ResEarch,I154526488 I4392021239,yes
"Universités de Tours et Nantes, SPHERE-INSERM 1246, Service de Dermatologie et Unité de Dermatologie Pédiatrique, CHRU de Tours, 37044 Tours Cedex 9, France",1,Inserm | Centre Hospitalier Universitaire de Tours | methodS in Patient-centered outcomes and HEalth ResEarch,I154526488 I4210095477 I4392021239,yes
"Universités de Tours et de Nantes, Inserm 1246-SPHERE, Nantes, France",1,Inserm | methodS in Patient-centered outcomes and HEalth ResEarch,I154526488 I4392021239,yes
"Urgences, CHU Nantes, Univ Nantes",1,Centre Hospitalier Universitaire de Nantes,I3019204325,no
"Urologie, University Hospital of Nantes, Nantes, France",1,Centre Hospitalier Universitaire de Nantes,I3019204325,no
Urology Department Nantes University Hospital  Nantes France,1,Centre Hospitalier Universitaire de Nantes,I3019204325,no
"Urology Department, Nantes University Hospital, 1, place Alexis-Ricordeau, 44000 Nantes, France",1,Centre Hospitalier Universitaire de Nantes,I3019204325,no
"Urology Department, Nantes University Hospital, Nantes",1,Centre Hospitalier Universitaire de Nantes,I3019204325,no
"Urology Department, Nantes University Hospital, Nantes, France;",1,Centre Hospitalier Universitaire de Nantes,I3019204325,no
"Urology Unit, University Hospital of Nantes, Nantes, France",1,Centre Hospitalier Universitaire de Nantes,I3019204325,no
VU Nantes  Nantes France,1,,,no
"Vascular Medicine Department, University Hospital Nantes, 1, Place Alexis Ricordeau, 44093 Nantes, France",1,Centre Hospitalier Universitaire de Nantes,I3019204325,no
"Vascular Surgery Department, Nantes University Hospital, France",1,Centre Hospitalier Universitaire de Nantes,I3019204325,no
"Ville de Nantes, NANTES, France",1,,,no
"Virology Laboratory , Nantes University Hospital Center , Nantes , France",1,Centre Hospitalier Universitaire de Nantes,I3019204325,no
"Virology Laboratory, Institute of Biology of Nantes University Hospital, France. bmimbert@sante.univ-nantes.fr",1,Centre Hospitalier Universitaire de Nantes,I3019204325,no
"Virology Laboratory, Nantes University Hospital Center, 44093 Nantes, France",1,Centre Hospitalier Universitaire de Nantes,I3019204325,no
"Virology Unit, Nantes University Hospital, Nantes, France",1,Centre Hospitalier Universitaire de Nantes,I3019204325,no
"Virology, CHU Hotel Dieu, University Hospital, Nantes, France; UIC 1413, INSERM, Nantes, France",1,Inserm | Centre Hospitalier Universitaire de Nantes,I154526488 I3019204325,no
Virology0020Department Nantes University Hospital  Nantes France,1,Centre Hospitalier Universitaire de Nantes,I3019204325,no
"Work and Health Innovation Research Laboratory, Department of Occupational Medicine and Environmental Health, Nantes University Hospital, F 44093 Nantes, France",1,Centre Hospitalier Universitaire de Nantes,I3019204325,no
"Wright State University, IMT Atlantique, LS2N",1,Wright State University,I19648265,no
"[Institute of Electronics and Telecommunications of Rennes, École Polytechnique de l’Université de Nantes, Nantes, France]",1,Institut d'Électronique et des Technologies du numéRique,I4210100151,yes
"[LINA - PolytechNantes, France, raschia@univ-nantes.fr]",1,,,no
a     Nantes,1,,,no
"a    Ecole Polytechnique de l'Université de Nantes IRESTE, Laboratoire SEI, EP CNRS 2018 Rue C. Pauc, BP 50609, 44306 Nantes Cedex, France",1,Centre National de la Recherche Scientifique,I1294671590,no
"a  LUNAM Université, CNRS, IRCCyN , 1 rue de la Noë, BP92101,  44321 ,  Nantes Cedex 3 ,  France",1,Centre National de la Recherche Scientifique,I1294671590,no
"a  Thermofluids, Complex Flows and Energy Research Group, Ecole polytechnique de l'université de Nantes , Nantes,  France",1,,,no
"aEmergency Department, Nantes University Hospital",1,Centre Hospitalier Universitaire de Nantes,I3019204325,no
"aLaboratoire de Thermocinétique de Nantes (LTN), UMR CNRS 6607, Ecole Polytechnique de l'Université de Nantes, Rue Christian Pauc, 44303 Nantes, France",1,Centre National de la Recherche Scientifique | Laboratoire de Thermique et Energie de Nantes,I1294671590 I4210109587,yes
"aLaboratoire de Thermocinétique de Nantes (LTN), UMR CNRS 6607, Ecole Polytechnique de l’Université de Nantes, Rue Christian Pauc, 44303 Nantes, France",1,Centre National de la Recherche Scientifique | Laboratoire de Thermique et Energie de Nantes,I1294671590 I4210109587,yes
aboratoire des Sciences du Numérique de Nantes (LS2N),1,Laboratoire des Sciences du Numérique de Nantes,I4210117005,yes
agnes.grivaux@univ-nantes.fr,1,,,no
"architecte-urbaniste, doctorante en géographie sociale & urbanismelaboratoire ESO-Nantes - UMR CNRS 6590Université de Nantes - Institut de Géographie et d’Aménagement RégionalJulie.gangneux@gmail.com",1,Centre National de la Recherche Scientifique | Espaces et Sociétés | Université de Nantes,I1294671590 I4387153532 I4405260337,yes
"b  Ecole Polytechnique de l'Université de Nantes , Laboratoire de Thermocinétique,  France",1,Laboratoire de Thermique et Energie de Nantes,I4210109587,yes
"b INSERM U1064 , Nantes , France ",1,Inserm,I154526488,no
b Inserm U1064 CRTI-ITUN Nantes,1,Inserm,I154526488,no
"b Institut des Matériaux Jean Rouxel, 44322 Nantes cedex 3, France",1,Institut des Matériaux Jean Rouxel,I4210091049,yes
"c INSERM U1064 , Nantes , France",1,Inserm,I154526488,no
"chargée de recherche, CNRS, UMR 6297 Droit et changement social à l'Université de Nantes Alexandre Gefen, directeur de recherche, UMR Théorie et histoire des arts et des littératures de la modernité,",1,Centre National de la Recherche Scientifique | Droit et changement social | Université de Nantes,I1294671590 I4210100746 I4405260337,yes
daniel.aranda@univ-nantes.fr,1,,,no
"de Conférences , UFR Sciences Pharmaceutiques et Biologiques de Nantes",1,,,no
des sciences économiques et de gestion de Nantes,1,,,no
"directeur de l'Unité Inserm 437. Itert/Inserm U. 437, CHU de Nantes, 30, boulevard Jean-Monnet, 44035 Nantes Cedex 01, France",1,Inserm | Centre Hospitalier Universitaire de Nantes,I154526488 I3019204325,no
"doctorante au CREN (Centre de recherche en éducation de Nantes -EA 2661) , univer - sité de Nantes",1,Centre de Recherche en Éducation de Nantes,I4387152322,yes
doctorante en cotutelle à l'Université de Nantes (France) et à l'Université Joseph Ki-Zerbo de Ouagadougou (Burkina Faso),1,Université Joseph Ki-Zerbo,I129628643,no
"ducation, Formation – Éducation et Scolarisation) de Paris 8. Ingénieure de recherches, cheffe de projet Formation-Enseignement supérieur au sein de l'I-SITE NExT (Nantes Excellence Trajectory), qui associe l'École centrale-Nantes, l'Université de Nantes, le CHU (Centre hospitalier universitaire) de Nantes et l'INSERM (Institut national de la santé et de la recherche médicale)",1,École Centrale de Nantes | Inserm | Centre Hospitalier Universitaire de Nantes | Université de Nantes,I100445878 I154526488 I3019204325 I4405260337,yes
"eWAVES,IETR UMR CNRS 6164,Nantes,France",1,Centre National de la Recherche Scientifique | Institut d'Électronique et des Technologies du numéRique,I1294671590 I4210100151,yes
"et INSERM UMR1246 SPHERE, Universités de Nantes et Tours, Tours, France",1,Université de Tours | Inserm | methodS in Patient-centered outcomes and HEalth ResEarch,I110017253 I154526488 I4392021239,yes
et Nantes,1,,,no
"formerly INSERM, U643, Nantes, France",1,Inserm,I154526488,no
"formerly, INSERM, U643, Nantes, France",1,Inserm,I154526488,no
georges.letissier@univ-nantes.fr,1,,,no
harold.mouchere@univ-nantes.fr,1,,,no
"herbert hOLL, Maître de Conférences honoraire à l'université de nantes. 6, rue gres-set, F-44000 nAnTES ;",1,,,no
"i Service de toxicologie, Faculté de pharmacie de Nantes",1,,,no
laurent.pourinet@univ-nantes.fr,1,,,no
"marilyne.cornen@univ-nantes.fr, Polytech'Nantes, LGMPA, rue Christian Pauc, Nantes Cedex03, N/A, 44306, France, +33 2 40 68 31 61, +33 2 40 68 31 99",1,,,no
"médecin généraliste, est professeur associé de médecine générale à
l’Université de Nantes et chercheur associé au sein du laboratoire Droit et changement social
(UMR 6297). Ses travaux ont porté notamment sur les usages du système de soins de premier
recours, en particulier par les patients porteurs de plaintes médicalement inexpliquées : « Je suis
malade donc je suis. Douze monographies de patients à forte consommation de soins », Annales
médico-psychologiques, n° 164, 2006",1,Droit et changement social | Université de Nantes,I4210100746 I4405260337,yes
"nicolas.barreau@univ-nantes.fr, Institut des Matériaux Jean Rouxel, 2 rue de la Houssinière, BP 32229, Nantes, 44322, France",1,Institut des Matériaux Jean Rouxel,I4210091049,yes
"professeur des universités , Centre de Recherche en Éducation de Nantes (CREN) , ESPE de Nantes ,",1,Centre de Recherche en Éducation de Nantes,I4387152322,yes
"professeur des universités, Centre de Recherche en Éducation de Nantes (CREN), ESPE de Nantes,",1,Centre de Recherche en Éducation de Nantes,I4387152322,yes
"professeure à l'Université de Nantes et chercheure au Centre de recherche en éducation de Nantes (EA 2661). Elle s'intéresse aux questions relatives à l'autochtonie, aux processus de décolonisation et à la prise en compte des langues et cultures autochtones par l'institution scolaire dans le Pacifique (Nouvelle-Calédonie, Polynésie française, Hawai'i). Elle est l'auteure de Décoloniser l'école ? Hawai'i, Nouvelle-Calédonie. Expériences contemporaines (Presses universitaires de Rennes, 2013).  Natacha Gagné et Marie Salaün ont dirigé ensemble « Indigeneity in Oceania Today: A Conceptual Tool, a Battle Cry and an Experience », numéro spécial de Social Identities, Journal for the Study of Race, Nation and Culture (18 (4), 2012)",1,Centre de Recherche en Éducation de Nantes | Université de Nantes,I4387152322 I4405260337,yes
"quella di Philippe Forest, romanziere e saggista, oltre che studioso di letteratura e Professore all'Université de Nantes. Soprattutto sul Forest romanziere si è concentrato il convegno dedicato all",1,Université de Nantes,I4405260337,yes
"rue de la Houssinière, BP 32229, 44322 Nantes Cedex 3, France",1,,,no
"rue de la houssiniere BP 92208, 44322 Nantes Cedex 03, France",1,,,no
"secondment at CNRS, LS2N, Nantes, France",1,Centre National de la Recherche Scientifique | Laboratoire des Sciences du Numérique de Nantes,I1294671590 I4210117005,yes
"she has been one of the promoters of Hardy studies in France, and was one of the founding members of FATHOM (French Association for Thomas Hardy Studies). Her research bears on the question of space and visual structures in the work of Thomas Hardy, and more globally on visual perception and the relationships between text and image in literary works. She has recently published Far from the Madding Crowd: Thomas Hardy, entre convention et subversion (Paris : CNED, 2010) as well as various articles on Far from the Madding Crowd, in the academic journals Cycnos, Études Anglaises and in the online journal E-Crini (University of Nantes)",1,,,no
"the Departments of Intensive Care Medicine and Cardiology, Nantes University Hospital, Nantes, France",1,Centre Hospitalier Universitaire de Nantes,I3019204325,no
"the Service d'anesthésie-réanimation, CHU de Poitiers (MLM, DF, MD, BD, MB), Université de Poitiers, UFR Médecine-Pharmacie, Poitiers (DF, BD, MB), Inserm U1246, SPHERE, Methods in Patients-Centered Outcomes and Health Research, Nantes (DF) and Inserm U1070, Pôle Biologie Santé, Poitiers, France (MB)",1,Université de Poitiers | Inserm | Centre Hospitalier Universitaire de Poitiers | methodS in Patient-centered outcomes and HEalth ResEarch,I32881790 I154526488 I4210111187 I4392021239,yes
"the Service d’anesthésie-réanimation, CHU de Poitiers (MLM, DF, MD, BD, MB), Université de Poitiers, UFR Médecine-Pharmacie, Poitiers (DF, BD, MB), Inserm U1246, SPHERE, Methods in Patients-Centered Outcomes and Health Research, Nantes (DF) and Inserm U1070, Pôle Biologie Santé, Poitiers, France (MB)",1,Université de Poitiers | Inserm | Centre Hospitalier Universitaire de Poitiers | methodS in Patient-centered outcomes and HEalth ResEarch,I32881790 I154526488 I4210111187 I4392021239,yes
thomas.beugniet@etu.univ-nantes.fr,1,,,no
"to Brigitte Dréno, MD, PhD, Skin Cancer Unit, Nantes University Hospital, INSERM, 892, 1 place Alexis Ricordeau, 44093 Nantes, Cedex, France Tel: +33 240 083 118; fax: +33 240 083 117; e-mail: [email protected]",1,Inserm | Centre Hospitalier Universitaire de Nantes,I154526488 I3019204325,no
"to Dr Julien Segard, MD, University Hospital of Nantes, 1 Place Alexis Ricordeau, Nantes 44000, France Tel: +33 240 084 590",1,Centre Hospitalier Universitaire de Nantes,I3019204325,no
"to Emmanuel Montassier, MD, PhD, Emergency Department, Nantes University Hospital, 1 place A Ricordeau, 44093 Nantes Cedex 1, France Tel/fax: +33 240 412 854",1,Centre Hospitalier Universitaire de Nantes,I3019204325,no
"to Julien Branchereau, Nantes University Hospital: 1 place Alexis Ricordeau 44000 Nantes, France. Tel: +33240083910",1,Centre Hospitalier Universitaire de Nantes,I3019204325,no
"to Professor Brigitte Dréno, MD, PhD, Skin Cancer Unit, Nantes University Hospital, INSERM, U892, 1 Place Alexis Ricordeau 44093, Nantes Cedex, France",1,Inserm | Centre Hospitalier Universitaire de Nantes,I154526488 I3019204325,no
"to Thomas Eugene, MD, Department of Nuclear Medicine, Nantes University Hospital, 1, place Alexis Ricordeau, 44093 Nantes, Cedex 01, France Tel: +33 024 008 4136",1,Centre Hospitalier Universitaire de Nantes,I3019204325,no
"yGEPEA UMR MA 100 Universitea de Nantes CRTT IUT, BP 406, 44602 Saint Nazaire Cedex, France",1,Laboratoire de Génie des Procédés – Environnement – Agro-alimentaire,I4210148006,yes
yanne.lignereux@univ-nantes.fr,1,,,no
"§ INSERM, Unit 913, Nantes, France",1,Inserm,I154526488,no
"§CRCINA, Institut de Recherche en Santé de l’Université de Nantes, 44007 Nantes, France",1,Centre de Recherche en Cancérologie et Immunologie Intégrée Nantes Angers,I4210092509,yes
"« Les antécédents du code de 1806. L’ordonnance de 1667 et l’œuvre des jurisconsultes », in Joël Hautebert et Sylvain Soleil (dir.), Modèles français, enjeux politiques et élaboration des grands textes de procédure en Europe,tome I, Le Code de 1806 et la procédure civile en Europe. Les décrets de 1806 et la procédure du contentieux administratif en Europe, Actes du colloque tenu à Rennes les 9 et 10 novembre 2006, Paris, Éditions juridiques et techniques, 2007, p. 9-31. Membre du laboratoire « Droit et changement social » (Umr-Cnrs 3128), il collabore au Programme européen « Lascaux : droit, aliments, terre » sous la direction de François Collart-Dutilleul (Université de Nantes)",1,,,no
"« Stratèges de pères en fils : la question de la souveraineté nord-coréenne, racine de la crise nucléaire ou clef de l’apaisement », Junior Chercheur, Université de Lyon, doctorant auprès de l’Université de Vienne, France/Autriche",1,Université de Lyon,I203339264,no
"École Centrale Nantes, CNRS, LS2N, UMR 6004",1,École Centrale de Nantes | Centre National de la Recherche Scientifique | Laboratoire des Sciences du Numérique de Nantes,I100445878 I1294671590 I4210117005,yes
"École Centrale Nantes, CNRS, Laboratoire des Sciences du Numérique de Nantes, UMR 6004",1,École Centrale de Nantes | Centre National de la Recherche Scientifique | Laboratoire des Sciences du Numérique de Nantes,I100445878 I1294671590 I4210117005,yes
"École Centrale Nantes, LS2N, UMR 6004, F-44000 Nantes, France",1,École Centrale de Nantes | Laboratoire des Sciences du Numérique de Nantes,I100445878 I4210117005,yes
"École Centrale Nantes, LS2N, UMR6004, F-44000 Nantes, France",1,École Centrale de Nantes | Laboratoire des Sciences du Numérique de Nantes,I100445878 I4210117005,yes
"École Centrale de Nantes - LS2N UMR CNRS 6004, Nantes, France",1,École Centrale de Nantes | Centre National de la Recherche Scientifique | Laboratoire des Sciences du Numérique de Nantes,I100445878 I1294671590 I4210117005,yes
"École Centrale de Nantes - LS2N, UMR 6004 CNRS, 44300, Nantes, France",1,École Centrale de Nantes | Centre National de la Recherche Scientifique | Laboratoire des Sciences du Numérique de Nantes,I100445878 I1294671590 I4210117005,yes
"École Centrale de Nantes - LS2N, UMR CNRS 6004, 44321, Nantes, France",1,École Centrale de Nantes | Centre National de la Recherche Scientifique | Laboratoire des Sciences du Numérique de Nantes,I100445878 I1294671590 I4210117005,yes
"École Centrale de Nantes - LS2N, UMR CNRS 6004, Nantes, 44321 France",1,École Centrale de Nantes | Centre National de la Recherche Scientifique | Laboratoire des Sciences du Numérique de Nantes,I100445878 I1294671590 I4210117005,yes
"École Centrale de Nantes Laboratoire des Sciences du Numérique (LS2N) de Nantes, , UMR CNRS 6004, 44321 Nantes , France",1,École Centrale de Nantes | Centre National de la Recherche Scientifique | Laboratoire des Sciences du Numérique de Nantes,I100445878 I1294671590 I4210117005,yes
"École Centrale de Nantes, CNRS, LS2N, Nantes, France",1,École Centrale de Nantes | Centre National de la Recherche Scientifique | Laboratoire des Sciences du Numérique de Nantes,I100445878 I1294671590 I4210117005,yes
"École Centrale de Nantes, CNRS, Laboratoire des Sciences du Numérique de Nantes (LS2N), Nantes, France",1,École Centrale de Nantes | Centre National de la Recherche Scientifique | Laboratoire des Sciences du Numérique de Nantes,I100445878 I1294671590 I4210117005,yes
"École Centrale de Nantes, LS2N UMR CNRS 6004, 1 rue de la Noë, 44300 Nantes, France",1,École Centrale de Nantes | Centre National de la Recherche Scientifique | Laboratoire des Sciences du Numérique de Nantes,I100445878 I1294671590 I4210117005,yes
"École Centrale de Nantes, LS2N, Nantes, France",1,École Centrale de Nantes | Laboratoire des Sciences du Numérique de Nantes,I100445878 I4210117005,yes
"École Centrale de Nantes, Laboratoire des Sciences du Numérique de Nantes (LS2N), UMR CNRS 6004, 44300, Nantes, France",1,École Centrale de Nantes | Centre National de la Recherche Scientifique | Laboratoire des Sciences du Numérique de Nantes,I100445878 I1294671590 I4210117005,yes
"École Centrale de Nantes, Laboratoire des Sciences du Numérique de Nantes (LS2N), UMR CNRS 6004, 44321 Nantes, France",1,École Centrale de Nantes | Centre National de la Recherche Scientifique | Laboratoire des Sciences du Numérique de Nantes,I100445878 I1294671590 I4210117005,yes
"École Centrale de Nantes, Laboratoire des Sciences du Numérique de Nantes LS2N, UMR CNRS, Nantes, France",1,École Centrale de Nantes | Centre National de la Recherche Scientifique | Laboratoire des Sciences du Numérique de Nantes,I100445878 I1294671590 I4210117005,yes
"École Centrale de Nantes, UMR 6004 Laboratoire des Sciences, du Numérique de Nantes, , 44321 Nantes , France ,",1,École Centrale de Nantes | Laboratoire des Sciences du Numérique de Nantes,I100445878 I4210117005,yes
"École Polytechnique de l'Université de Nantes, Équipe Connaissance et Décision, Laboratoire d'Informatique de Nantes-Atlantique (LINA), UMR 6241",1,Laboratoire d'informatique de Nantes Atlantique,I4210165258,yes
"École Polytechnique de l'Université de Nantes/IREENA, Rue Christian Pauc, 44306, cedex 3, France",1,Institut de Recherche en Energie Electrique de Nantes Atlantique,I4392021119,yes
"École Polytechnique de l’Université de Nantes, Département Électronique et Technologies Numériques, 44306 Nantes, France",1,,,no
"École Polytechnique de l’Université de Nantes, rue Christian Pauc, Nantes, France",1,,,no
"École des Mines de Nantes, IRCCyN UMR CNRS 6597 (Institut de Recherche en Communication et en Cybernétique de Nantes), LUNAM Université, 4 rue Alfred Kastler, La Chantrerie, BP 20722, 44307 , Nantes Cedex 3, France",1,Université Nantes Angers Le Mans | Centre National de la Recherche Scientifique | École nationale supérieure des Mines de Nantes | Institut de recherche en communications et cybernétique de Nantes,I234216984 I1294671590 I4405265706 I4405278184,yes
"École des Mines de Nantes, IRCCyN UMR CNRS 6597 (Institut de Recherche en Communication et en Cybernétique de Nantes), LUNAM Université, 4 rue Alfred Kastler, La Chantrerie, BP 20722, 44307 , Nantes Cedex 3, France",1,Université Nantes Angers Le Mans | Centre National de la Recherche Scientifique | École nationale supérieure des Mines de Nantes | Institut de recherche en communications et cybernétique de Nantes,I234216984 I1294671590 I4405265706 I4405278184,yes
"École des Mines de Nantes, LINA (UMR CNRS 6241), LUNAM Université, 4 rue Alfred Kastler, La Chantrerie, BP20722, 44307 Nantes Cedex 3, France",1,Université Nantes Angers Le Mans | Centre National de la Recherche Scientifique | Laboratoire d'informatique de Nantes Atlantique | École nationale supérieure des Mines de Nantes,I234216984 I1294671590 I4210165258 I4405265706,yes
"École polytechnique de l’Université de Nantes, Nantes, France > LINA CNRS FRE 2729",1,Centre National de la Recherche Scientifique | Laboratoire d'informatique de Nantes Atlantique,I1294671590 I4210165258,yes
"Équipe COnnaissances & Décision Laboratoire d'Informatique de Nantes Atlantique, FRE CNRS 2729, Site École Polytechnique de l'Université de Nantes, Nantes cedex 3, France",1,Centre National de la Recherche Scientifique | Laboratoire d'informatique de Nantes Atlantique,I1294671590 I4210165258,yes
"Équipe COnnaissances & Décision Laboratoire d’Informatique de Nantes Atlantique, FRE CNRS 2729, Site École Polytechnique de l’Université de Nantes, Nantes cedex 3, France",1,Centre National de la Recherche Scientifique | Laboratoire d'informatique de Nantes Atlantique,I1294671590 I4210165258,yes
"Équipe COnnaissances et Décision, Laboratoire d’Informatique de Nantes Atlantique, UMR 6241, Site de l’École Polytechnique de l’Université de Nantes, La Chantrerie, Rue Christian Pauc, BP 50609, 44360 Nantes Cedex 3, France",1,Laboratoire d'informatique de Nantes Atlantique,I4210165258,yes
"Équipe CRDST, UMR 8103, université de Paris I",1,Institut des sciences juridique et philosophique de la Sorbonne,I4387153931,no
"† Biology Institute, Nantes University Hospital Nantes",1,Centre Hospitalier Universitaire de Nantes,I3019204325,no
"† INSERM U539, University Hospital, Nantes, France",1,Inserm,I154526488,no
"†Department of Epidemiology and Biostatistics, University Hospital Center of Nantes, Nantes",1,Centre Hospitalier Universitaire de Nantes,I3019204325,no
"†Service d’Anatomie Pathologique du Centre Hospitalier de l’Université de Nantes, Nantes, France",1,Centre Hospitalier Universitaire de Nantes,I3019204325,no
"‡ Internal Medicine Unit, Nantes University Hospital Nantes, France",1,Centre Hospitalier Universitaire de Nantes,I3019204325,no
